Platform,Type,ID,Text,URL,Parent_Post_URL,Parent_Post_ID,Sentiment,Date,likes,shares,comments_count,views,sentiment_score,total_engagement,engagement_score,author,author_followers
facebook,post,1423658749808707,"PAS-BERSATU putus, tapi mungkin kekal dalam PN",https://www.facebook.com/bhonline/posts/pfbid026WnTpJD9gZcCxm2pW93LNXE3EQmPPxHsD6HJXWFRAzyi9YiPxYaaa7xGHff998Ajl,,,neutral,1780964643,0,0,0,0,0.0,0,0.0,,
facebook,comment,Y29tbWVudDoxNDIzNjU4NzQ5ODA4NzA3XzE2OTQ3NjA4NjUxNDAyMTY=,https://www.bharian.com.my/berita/nasional/2026/06/1569112/pas-bersatu-putus-tapi-mungkin-kekal-dalam-pn,,https://www.facebook.com/bhonline/posts/pfbid026WnTpJD9gZcCxm2pW93LNXE3EQmPPxHsD6HJXWFRAzyi9YiPxYaaa7xGHff998Ajl,pfbid026WnTpJD9gZcCxm2pW93LNXE3EQmPPxHsD6HJXWFRAzyi9YiPxYaaa7xGHff998Ajl,neutral,2026-06-09T00:24:10.000Z,18,0,4,0,0.0,26,,Berita Harian Online,0.0
facebook,comment,Y29tbWVudDoxNDIzNjU4NzQ5ODA4NzA3XzE0ODAwNjMyNzAwNDQ3ODQ=,Ibarat sudah cerai tapi duduk serumah..senang nk ajak bersama kot 😂,,https://www.facebook.com/bhonline/posts/pfbid026WnTpJD9gZcCxm2pW93LNXE3EQmPPxHsD6HJXWFRAzyi9YiPxYaaa7xGHff998Ajl,pfbid026WnTpJD9gZcCxm2pW93LNXE3EQmPPxHsD6HJXWFRAzyi9YiPxYaaa7xGHff998Ajl,neutral,2026-06-09T01:28:55.000Z,132,0,17,0,0.0,166,,Dynasty Tang,0.0
facebook,comment,Y29tbWVudDoxNDIzNjU4NzQ5ODA4NzA3XzEzMjI1NTY2NTU5ODg1MjM=,Macamana tu? Marriage of convenience,,https://www.facebook.com/bhonline/posts/pfbid026WnTpJD9gZcCxm2pW93LNXE3EQmPPxHsD6HJXWFRAzyi9YiPxYaaa7xGHff998Ajl,pfbid026WnTpJD9gZcCxm2pW93LNXE3EQmPPxHsD6HJXWFRAzyi9YiPxYaaa7xGHff998Ajl,neutral,2026-06-09T00:58:22.000Z,41,0,6,0,0.0,53,,Syed Kach AlHabshee,0.0
facebook,comment,Y29tbWVudDoxNDIzNjU4NzQ5ODA4NzA3XzE3Mjk3NzEzMzgwMTk0NTc=,Kalau lagu tu satu kolam 2 spisis....keli dengan patin.,,https://www.facebook.com/bhonline/posts/pfbid026WnTpJD9gZcCxm2pW93LNXE3EQmPPxHsD6HJXWFRAzyi9YiPxYaaa7xGHff998Ajl,pfbid026WnTpJD9gZcCxm2pW93LNXE3EQmPPxHsD6HJXWFRAzyi9YiPxYaaa7xGHff998Ajl,neutral,2026-06-09T02:01:18.000Z,29,0,2,0,0.0,33,,Othman Shaari,0.0
facebook,comment,Y29tbWVudDoxNDIzNjU4NzQ5ODA4NzA3XzEwMDEzMDQ3NzIyODUyMTQ=,Standby super ring dan popcorn..barang laku sekarang.. 😅,,https://www.facebook.com/bhonline/posts/pfbid026WnTpJD9gZcCxm2pW93LNXE3EQmPPxHsD6HJXWFRAzyi9YiPxYaaa7xGHff998Ajl,pfbid026WnTpJD9gZcCxm2pW93LNXE3EQmPPxHsD6HJXWFRAzyi9YiPxYaaa7xGHff998Ajl,neutral,2026-06-09T00:30:14.000Z,39,0,0,0,0.0,39,,Mamat Rambo,0.0
facebook,comment,Y29tbWVudDoxNDIzNjU4NzQ5ODA4NzA3XzEyODM2MzY4MTA0ODY5ODk=,Friend with benefits,,https://www.facebook.com/bhonline/posts/pfbid026WnTpJD9gZcCxm2pW93LNXE3EQmPPxHsD6HJXWFRAzyi9YiPxYaaa7xGHff998Ajl,pfbid026WnTpJD9gZcCxm2pW93LNXE3EQmPPxHsD6HJXWFRAzyi9YiPxYaaa7xGHff998Ajl,neutral,2026-06-09T01:31:32.000Z,0,0,0,0,0.0,0,,Muhd Hanif,0.0
facebook,comment,Y29tbWVudDoxNDIzNjU4NzQ5ODA4NzA3XzgzMjUzNjc4OTY1MTMxMQ==,"Sebab masih dalam iddah. Memang dibolehkan duduk serumah. Mana tau terusik sikit, cinta kembali bertaut.",,https://www.facebook.com/bhonline/posts/pfbid026WnTpJD9gZcCxm2pW93LNXE3EQmPPxHsD6HJXWFRAzyi9YiPxYaaa7xGHff998Ajl,pfbid026WnTpJD9gZcCxm2pW93LNXE3EQmPPxHsD6HJXWFRAzyi9YiPxYaaa7xGHff998Ajl,neutral,2026-06-09T00:25:38.000Z,96,0,2,0,0.0,100,,Mat Frenciouss,0.0
facebook,comment,Y29tbWVudDoxNDIzNjU4NzQ5ODA4NzA3XzE1MTcxMDUzMTk5OTUwNDQ=,"BERCERAI BUKAN BERERTI BERMUSUH, APATAH LAGI MENGABAIKAN...
KITA MASIH PUNYA ""ANAK-ANAK"" YANG PERLUKAN PERHATIAN BERSAMA

Alhamdulillah. Keputusan sudah pun diambil. Tiada lagi teka-teki dan tarik tali.

Sama ada keputusan ini tepat atau tidak, hanya Allah yang Maha Mengetahui. Namun saya menerima keputusan ini dengan hati terbuka kerana setiap pihak berhak menentukan haluan masing-masing.

Perceraian memang sesuatu yang tidak disukai, tetapi ia dibenarkan apabila sudah tiada lagi keserasian dan kesefahaman. Walaupun ini hanyalah ""perceraian politik"", ada hikmah yang boleh diambil daripadanya.

Saya melihat inilah masanya untuk semua parti bergerak secara solo dan berdikari. PAS dengan kekuatannya sendiri, Bersatu dengan kekuatannya sendiri, dan UMNO dengan kekuatannya sendiri. Biarlah rakyat menilai kekuatan sebenar setiap parti tanpa bergantung kepada mana-mana rakan politik. Kadangkala bergerak sendiri lebih baik daripada terus bersama dalam keadaan penuh syak wasangka dan perbezaan yang sukar disatukan.

Bagi PAS pula, setidak-tidaknya perpisahan ini menamatkan tohmahan bahawa parti itu bergantung kepada Bersatu dari sudut kewangan. Hakikatnya PAS sudah lama hidup dengan kekuatan ahlinya sendiri. Dari dahulu hingga sekarang, ""tin Milo PAS"" dan semangat wala'un menjadi antara simbol kemandirian parti. Ada yang menyumbang seringgit, ada yang menyumbang seratus, tetapi semuanya dilakukan dengan semangat perjuangan yang sama.

Namun bergerak solo tidak bermaksud bermusuhan. Bercerai bukan bererti mengabaikan. Dalam sebuah perceraian, anak-anak tetap memerlukan perhatian kedua-dua ibu bapanya. Dalam konteks politik pula, ""anak-anak"" itu ialah agama, bangsa dan negara yang tetap memerlukan perhatian serta tanggungjawab bersama.

Sebab itu saya masih percaya kepada konsep muafakat. Pada pandangan saya, muafakat lebih luas dan lebih ringan daripada kerjasama politik atau gabungan rasmi. Dalam politik, khususnya ketika menghadapi pilihan raya, permuafakatan masih boleh diwujudkan demi mengelakkan perpecahan undi dan demi kepentingan agama, bangsa serta negara.

Masih ada ruang dan masih ada masa. Hari ini mungkin memilih haluan masing-masing, tetapi masa depan adalah urusan Allah. Siapa tahu selepas bermuhasabah dan memperbaiki kelemahan masing-masing, akan terbuka kembali ruang untuk persefahaman yang lebih baik.

Keputusan telah dibuat. Itu perancangan manusia, sedangkan kita tidak mengetahui perancangan Allah. Maka berdoalah agar Allah tidak membolak-balikkan hati kita, mengurniakan petunjuk kepada para pemimpin, dan menetapkan kita di atas jalan yang benar.

Tawakkal dengan keputusan yang telah diambil.

La hawla wa la quwwata illa billah.",,https://www.facebook.com/bhonline/posts/pfbid026WnTpJD9gZcCxm2pW93LNXE3EQmPPxHsD6HJXWFRAzyi9YiPxYaaa7xGHff998Ajl,pfbid026WnTpJD9gZcCxm2pW93LNXE3EQmPPxHsD6HJXWFRAzyi9YiPxYaaa7xGHff998Ajl,neutral,2026-06-09T00:29:06.000Z,41,0,5,0,0.0,51,,فاء كاجي لين,0.0
facebook,comment,Y29tbWVudDoxNDIzNjU4NzQ5ODA4NzA3XzE0MDE1MjE0OTE3MjM4MzE=,"Macam ni pun ada..🤣🤣🤣🤣sebab kalau pakai lambang bulan selain negeri Kelantan,Trg dan Kedah..Ramai takkan mengundi..Elok keluar aja sebab x nak ada kerjasama politik..",,https://www.facebook.com/bhonline/posts/pfbid026WnTpJD9gZcCxm2pW93LNXE3EQmPPxHsD6HJXWFRAzyi9YiPxYaaa7xGHff998Ajl,pfbid026WnTpJD9gZcCxm2pW93LNXE3EQmPPxHsD6HJXWFRAzyi9YiPxYaaa7xGHff998Ajl,neutral,2026-06-09T00:39:29.000Z,33,0,7,0,0.0,47,,Ahmad Hafeez Ahmad Latiffi,0.0
facebook,comment,Y29tbWVudDoxNDIzNjU4NzQ5ODA4NzA3XzM1NjkwNzg0Mzk5MTcwNzM=,still nak guna logo PN? tak yakinke nak guna gambar bulan tu😊,,https://www.facebook.com/bhonline/posts/pfbid026WnTpJD9gZcCxm2pW93LNXE3EQmPPxHsD6HJXWFRAzyi9YiPxYaaa7xGHff998Ajl,pfbid026WnTpJD9gZcCxm2pW93LNXE3EQmPPxHsD6HJXWFRAzyi9YiPxYaaa7xGHff998Ajl,neutral,2026-06-09T00:29:00.000Z,40,0,6,0,0.0,52,,Kokusai Hararu,0.0
facebook,post,1425033013004614,"#BHnasional Dakwa tindakan PAS putus hubungan bukan perkara mengejutkan berikutan sikap angkuh, sombong Muhyiddin, Mohamed Azmin serta pemimpin utama parti",https://www.facebook.com/bhonline/posts/pfbid0Z9fvSTbBqC7w7XQaPcRQ6yHxC4dBepUTd1hKsTqVgbaU4c2uk9ppd39dcoZvWBLil,,,neutral,1781088897,0,0,0,0,0.0,0,0.0,,
facebook,comment,Y29tbWVudDoxNDI1MDMzMDEzMDA0NjE0XzE1NDM5MTA2Mzc0NDI1NzI=,geng ridsect ke? hahahhaha,,https://www.facebook.com/bhonline/posts/pfbid0Z9fvSTbBqC7w7XQaPcRQ6yHxC4dBepUTd1hKsTqVgbaU4c2uk9ppd39dcoZvWBLil,pfbid0Z9fvSTbBqC7w7XQaPcRQ6yHxC4dBepUTd1hKsTqVgbaU4c2uk9ppd39dcoZvWBLil,neutral,2026-06-10T11:02:07.000Z,9,0,0,0,0.0,9,,Syuhaidi Al Aydrus,0.0
facebook,comment,Y29tbWVudDoxNDI1MDMzMDEzMDA0NjE0XzEyNDQwNDU0Mzc2NDc5MjM=,"Aku rasa ppbm xkn keluar.
Mrk akan guna saluran undang2 dan bila smp mhkmh.....ros akan bekukan nama PN sbb terlibat dlm pertelagahan undang2.
Ppbm tak dpt guna.
Pas pun xleh guna.
Aku rasa la.😅😅",,https://www.facebook.com/bhonline/posts/pfbid0Z9fvSTbBqC7w7XQaPcRQ6yHxC4dBepUTd1hKsTqVgbaU4c2uk9ppd39dcoZvWBLil,pfbid0Z9fvSTbBqC7w7XQaPcRQ6yHxC4dBepUTd1hKsTqVgbaU4c2uk9ppd39dcoZvWBLil,neutral,2026-06-10T12:18:18.000Z,10,0,2,0,0.0,14,,Penyokong Harapan,0.0
facebook,comment,Y29tbWVudDoxNDI1MDMzMDEzMDA0NjE0Xzk2OTUxOTY3NTkyMTg1OQ==,Ini pun salah PAS juga gamaknya.. 😂,,https://www.facebook.com/bhonline/posts/pfbid0Z9fvSTbBqC7w7XQaPcRQ6yHxC4dBepUTd1hKsTqVgbaU4c2uk9ppd39dcoZvWBLil,pfbid0Z9fvSTbBqC7w7XQaPcRQ6yHxC4dBepUTd1hKsTqVgbaU4c2uk9ppd39dcoZvWBLil,neutral,2026-06-10T11:16:02.000Z,7,0,0,0,0.0,7,,Mohd Asri Zaidan,0.0
facebook,comment,Y29tbWVudDoxNDI1MDMzMDEzMDA0NjE0XzEwMzI0NzczNjI2Njc4MDA=,Huhuhu apa kata keluar pastu   Masok umno.,,https://www.facebook.com/bhonline/posts/pfbid0Z9fvSTbBqC7w7XQaPcRQ6yHxC4dBepUTd1hKsTqVgbaU4c2uk9ppd39dcoZvWBLil,pfbid0Z9fvSTbBqC7w7XQaPcRQ6yHxC4dBepUTd1hKsTqVgbaU4c2uk9ppd39dcoZvWBLil,neutral,2026-06-10T11:06:08.000Z,8,0,4,0,0.0,16,,Mohd Idris,0.0
facebook,comment,Y29tbWVudDoxNDI1MDMzMDEzMDA0NjE0XzE2ODcyNDU4NzkyMDA1Mjc=,MP Jasin baca Qunut ke td..,,https://www.facebook.com/bhonline/posts/pfbid0Z9fvSTbBqC7w7XQaPcRQ6yHxC4dBepUTd1hKsTqVgbaU4c2uk9ppd39dcoZvWBLil,pfbid0Z9fvSTbBqC7w7XQaPcRQ6yHxC4dBepUTd1hKsTqVgbaU4c2uk9ppd39dcoZvWBLil,neutral,2026-06-10T11:02:49.000Z,10,0,0,0,0.0,10,,Fzz Hfz,0.0
facebook,comment,Y29tbWVudDoxNDI1MDMzMDEzMDA0NjE0XzE4NzEwOTY5MTAyMjUxODQ=,lu semua siapa dlm Bersatu dan PN 😂😂😂,,https://www.facebook.com/bhonline/posts/pfbid0Z9fvSTbBqC7w7XQaPcRQ6yHxC4dBepUTd1hKsTqVgbaU4c2uk9ppd39dcoZvWBLil,pfbid0Z9fvSTbBqC7w7XQaPcRQ6yHxC4dBepUTd1hKsTqVgbaU4c2uk9ppd39dcoZvWBLil,neutral,2026-06-10T15:03:23.000Z,1,0,0,0,0.0,1,,Parti Pribumi Bersatu Malaysia Bahagian Wangsa Maju,0.0
facebook,comment,Y29tbWVudDoxNDI1MDMzMDEzMDA0NjE0XzE2MzUwNzY3MjQ0NTA3MzA=,"Parti perasan suci, bila ada konflik cuma tahu salahkan orang lain. Bukannya nak muhasabah diri. Ego tinggi.",,https://www.facebook.com/bhonline/posts/pfbid0Z9fvSTbBqC7w7XQaPcRQ6yHxC4dBepUTd1hKsTqVgbaU4c2uk9ppd39dcoZvWBLil,pfbid0Z9fvSTbBqC7w7XQaPcRQ6yHxC4dBepUTd1hKsTqVgbaU4c2uk9ppd39dcoZvWBLil,neutral,2026-06-10T12:15:28.000Z,3,0,0,0,0.0,3,,Ujang Shah,0.0
facebook,comment,Y29tbWVudDoxNDI1MDMzMDEzMDA0NjE0XzEwMDM5MzQ4ODUzNTA0NTI=,Bersatu dah jadi Berenam. Ok la tu makin ramai,,https://www.facebook.com/bhonline/posts/pfbid0Z9fvSTbBqC7w7XQaPcRQ6yHxC4dBepUTd1hKsTqVgbaU4c2uk9ppd39dcoZvWBLil,pfbid0Z9fvSTbBqC7w7XQaPcRQ6yHxC4dBepUTd1hKsTqVgbaU4c2uk9ppd39dcoZvWBLil,neutral,2026-06-10T11:07:31.000Z,3,0,0,0,0.0,3,,Khairul Rado,0.0
facebook,comment,Y29tbWVudDoxNDI1MDMzMDEzMDA0NjE0Xzk5MjQ4NTgyNjcxMDQzOQ==,Senang n kmelingkup dgn sendirinya..ahah,,https://www.facebook.com/bhonline/posts/pfbid0Z9fvSTbBqC7w7XQaPcRQ6yHxC4dBepUTd1hKsTqVgbaU4c2uk9ppd39dcoZvWBLil,pfbid0Z9fvSTbBqC7w7XQaPcRQ6yHxC4dBepUTd1hKsTqVgbaU4c2uk9ppd39dcoZvWBLil,neutral,2026-06-10T12:42:22.000Z,1,0,0,0,0.0,1,,Mega Azham Al-Yahya,0.0
facebook,comment,Y29tbWVudDoxNDI1MDMzMDEzMDA0NjE0Xzk4MjU3NzA4Nzg2NTQ2Mg==,"Semoga dipermudahkan segala urusan utk BERSATU segera hancur lebur bagai debu & terkubur tanpa nesan.. 🤚✋ Aamiin YRA.. Mahiaddin, #ApaKauRasaOren..??

😛😝😛

... See more",,https://www.facebook.com/bhonline/posts/pfbid0Z9fvSTbBqC7w7XQaPcRQ6yHxC4dBepUTd1hKsTqVgbaU4c2uk9ppd39dcoZvWBLil,pfbid0Z9fvSTbBqC7w7XQaPcRQ6yHxC4dBepUTd1hKsTqVgbaU4c2uk9ppd39dcoZvWBLil,neutral,2026-06-10T11:01:16.000Z,3,0,1,0,0.0,5,,Andang,0.0
facebook,post,3196535304067727,"HADAM BG MOLRK² EH..

KENAPA PAS PUTUS HUBUNGAN DENGAN BERSATU?

 1. ASAS KERJASAMA: TA'AWUN SIYASI
PAS dan Bersatu bekerjasama dalam Perikatan Nasional atas prinsip Ta'awun Siyasi – saling tolong-menolong dalam perkara kebaikan demi maslahat umat dan rakyat.

 TA'AWUN SIYASI (Saling tolong dalam kebaikan)

 2. MATLAMAT BESAR: PERPADUAN UMMAH
PAS tidak pernah undur dari agenda perpaduan ummah. Banyak berkorban, bersabar dan bertolak ansur demi menyatukan kekuatan Melayu-Islam dan rakyat menolak kezaliman.
 PERPADUAN UMMAH (Kuat
 Bersama Demi Masa Depan)

3. BERSATU JADI PENGHALANG
Bersatu berkeras menyekat kemasukan parti-parti lain ke dalam PN. Pintu perpaduan ditutup, tujuan asal Ta'awun Siyasi semakin jauh.

SEKAT MASUK PARTI LAIN KE DALAM PN

4. SIRI PENGKHIANATAN DAN SERANGAN
Pelbagai tindakan menikam dari belakang dan depan, serangan terhadap tokoh dan dasar PAS, serta permainan politik yang tidak beradab merosakkan kepercayaan dan ukhuwah.

 SERANGAN, FITNAH, TUDUHAN, PERMAINAN POLITIK...

5. PAS PILIH MELANGKAH KE HADAPAN
PAS tidak tinggalkan perpaduan ummah. PAS tinggalkan kerjasama yang menghalang perpaduan. PAS akan terus bersama sesiapa sahaja yang mahu bersama dalam kebaikan dan membina masa depan umat.
 PERPADUAN UMMAH (MATLAMAT KITA BERSAMA)

-Dewan Pemuda PAS Kawasan Marang-",https://www.facebook.com/groups/205006966553924/posts/3196535304067727/,,,neutral,1781138895,0,0,0,0,0.0,0,0.0,,
facebook,post,1523572509810849,'Lagipun pengalaman kerjasama Pas dengan Bersatu sebelum ini memperlihatkan wujudnya pelbagai kesukaran dan kekangan' - Tuan Ibrahim,https://www.facebook.com/sinarharian/posts/pfbid02tCYpodLviN2XaK5bJ4Nq5LDMX83qmdqvw5KBk6wawLUP4Ja1GjCGo9ERRbp9bBVwl,,,neutral,1781082069,0,0,0,0,0.0,0,0.0,,
facebook,comment,Y29tbWVudDoxNTIzNTcyNTA5ODEwODQ5XzI3MDc1NTMwMzI5NzM1ODk=,penyokong pas kata pas kuat sangat.. pergi je la solo guna logo pas... kenapa?? tak berani ke??,,https://www.facebook.com/sinarharian/posts/pfbid02tCYpodLviN2XaK5bJ4Nq5LDMX83qmdqvw5KBk6wawLUP4Ja1GjCGo9ERRbp9bBVwl,pfbid02tCYpodLviN2XaK5bJ4Nq5LDMX83qmdqvw5KBk6wawLUP4Ja1GjCGo9ERRbp9bBVwl,neutral,2026-06-10T09:16:17.000Z,16,0,10,0,0.0,36,,Azman Mat Hussin,0.0
facebook,comment,Y29tbWVudDoxNTIzNTcyNTA5ODEwODQ5XzE1MDY0NzA3ODQzMTA0MzY=,"Menarik bila setiap kesukaran dulu dijadikan justifikasi untuk bergerak sendiri kononnya. Jemput ahli Bersatu ke program PAS?.... Aduh, nampaknya kemesraan dulu hanya sekadar dekorasi. Dan, kini PAS sudah bebas untuk menata pentas sendiri dan drama politik pun terus berulang dengan label untuk kebaikan bersama kononnya. 

Betul-betul tunggang agama.",,https://www.facebook.com/sinarharian/posts/pfbid02tCYpodLviN2XaK5bJ4Nq5LDMX83qmdqvw5KBk6wawLUP4Ja1GjCGo9ERRbp9bBVwl,pfbid02tCYpodLviN2XaK5bJ4Nq5LDMX83qmdqvw5KBk6wawLUP4Ja1GjCGo9ERRbp9bBVwl,neutral,2026-06-10T09:15:02.000Z,4,0,0,0,0.0,4,,Nik Rudy,0.0
facebook,comment,Y29tbWVudDoxNTIzNTcyNTA5ODEwODQ5XzIyMTc3ODAyNjU2NDcxNTY=,"setiap kali nak pru,tiap kali tu la nak tubuh sykt kerjasama 
bila d.lantik jd k,jaan,bkn negara yg d.urus tp masalah dalaman parti yg x pernah settle,gaji jln terus 👍.",,https://www.facebook.com/sinarharian/posts/pfbid02tCYpodLviN2XaK5bJ4Nq5LDMX83qmdqvw5KBk6wawLUP4Ja1GjCGo9ERRbp9bBVwl,pfbid02tCYpodLviN2XaK5bJ4Nq5LDMX83qmdqvw5KBk6wawLUP4Ja1GjCGo9ERRbp9bBVwl,neutral,2026-06-10T09:14:07.000Z,8,0,1,0,0.0,10,,Jamaludin Ahmad,0.0
facebook,comment,Y29tbWVudDoxNTIzNTcyNTA5ODEwODQ5XzM0MDYwODQ0NDYyMDczMjQ=,"Tepat, betul, benar lagi sahih .. setuju dan sokong YB DS TITM 100%. Bersatu satu sen tak berguna.",,https://www.facebook.com/sinarharian/posts/pfbid02tCYpodLviN2XaK5bJ4Nq5LDMX83qmdqvw5KBk6wawLUP4Ja1GjCGo9ERRbp9bBVwl,pfbid02tCYpodLviN2XaK5bJ4Nq5LDMX83qmdqvw5KBk6wawLUP4Ja1GjCGo9ERRbp9bBVwl,neutral,2026-06-10T11:24:05.000Z,3,0,2,0,0.0,7,,Hanisya Abd Hamid,0.0
facebook,comment,Y29tbWVudDoxNTIzNTcyNTA5ODEwODQ5XzE2MjI3MDI1MTg3OTU0OTY=,Adakah begini ciri2 parti ulama'.. Parti Islam ??? Patut la kaum Cina keliru dgn imej umat Islam,,https://www.facebook.com/sinarharian/posts/pfbid02tCYpodLviN2XaK5bJ4Nq5LDMX83qmdqvw5KBk6wawLUP4Ja1GjCGo9ERRbp9bBVwl,pfbid02tCYpodLviN2XaK5bJ4Nq5LDMX83qmdqvw5KBk6wawLUP4Ja1GjCGo9ERRbp9bBVwl,neutral,2026-06-10T09:07:48.000Z,4,0,1,0,0.0,6,,Layar Delima,0.0
facebook,comment,Y29tbWVudDoxNTIzNTcyNTA5ODEwODQ5XzIxMTMxODU0MjI1NjU5ODg=,Setuju terbaik PAS 4All terus istiqamah melangkah maju,,https://www.facebook.com/sinarharian/posts/pfbid02tCYpodLviN2XaK5bJ4Nq5LDMX83qmdqvw5KBk6wawLUP4Ja1GjCGo9ERRbp9bBVwl,pfbid02tCYpodLviN2XaK5bJ4Nq5LDMX83qmdqvw5KBk6wawLUP4Ja1GjCGo9ERRbp9bBVwl,neutral,2026-06-10T11:18:52.000Z,0,0,0,0,0.0,0,,Ikmal Hijaz,0.0
facebook,comment,Y29tbWVudDoxNTIzNTcyNTA5ODEwODQ5XzIxNTAzMDAwODU4MTUyMTA=,Din pagoh tak bagi modai nk baik gan umno pulak.. 🤣😂🤣😂,,https://www.facebook.com/sinarharian/posts/pfbid02tCYpodLviN2XaK5bJ4Nq5LDMX83qmdqvw5KBk6wawLUP4Ja1GjCGo9ERRbp9bBVwl,pfbid02tCYpodLviN2XaK5bJ4Nq5LDMX83qmdqvw5KBk6wawLUP4Ja1GjCGo9ERRbp9bBVwl,neutral,2026-06-10T09:32:18.000Z,5,0,0,0,0.0,5,,Anuar Abdul Abdul,0.0
facebook,comment,Y29tbWVudDoxNTIzNTcyNTA5ODEwODQ5XzE1MTI3MTYxMjM2Mjg1MDg=,belit kuat lebai ni,,https://www.facebook.com/sinarharian/posts/pfbid02tCYpodLviN2XaK5bJ4Nq5LDMX83qmdqvw5KBk6wawLUP4Ja1GjCGo9ERRbp9bBVwl,pfbid02tCYpodLviN2XaK5bJ4Nq5LDMX83qmdqvw5KBk6wawLUP4Ja1GjCGo9ERRbp9bBVwl,neutral,2026-06-10T09:18:26.000Z,0,0,0,0,0.0,0,,Abdkadiralias Abdkadiralias Abdkadiralias,0.0
facebook,comment,Y29tbWVudDoxNTIzNTcyNTA5ODEwODQ5XzI1NzE2MTQ5ODU0NzUwMjM0,Hala tuju bersama Resert,,https://www.facebook.com/sinarharian/posts/pfbid02tCYpodLviN2XaK5bJ4Nq5LDMX83qmdqvw5KBk6wawLUP4Ja1GjCGo9ERRbp9bBVwl,pfbid02tCYpodLviN2XaK5bJ4Nq5LDMX83qmdqvw5KBk6wawLUP4Ja1GjCGo9ERRbp9bBVwl,neutral,2026-06-10T10:34:14.000Z,0,0,0,0,0.0,0,,Che Ramli Awang Lie,0.0
facebook,comment,Y29tbWVudDoxNTIzNTcyNTA5ODEwODQ5Xzk5MzIyOTkyMDIyODk4NQ==,ini yg kita mau...semtiasa ada dalil dan alasan,,https://www.facebook.com/sinarharian/posts/pfbid02tCYpodLviN2XaK5bJ4Nq5LDMX83qmdqvw5KBk6wawLUP4Ja1GjCGo9ERRbp9bBVwl,pfbid02tCYpodLviN2XaK5bJ4Nq5LDMX83qmdqvw5KBk6wawLUP4Ja1GjCGo9ERRbp9bBVwl,neutral,2026-06-11T10:19:10.000Z,0,0,0,0,0.0,0,,Shah Iriwan Salleh,0.0
facebook,post,1544018844057010,"Hubungan kerjasama di antara Pas dan Parti Pribumi Bersatu Malaysia (Bersatu) dijangka berakhir dan ia akan diputuskan menerusi Mesyuarat Ja­watankuasa Pas Pusat yang akan berlangsung hari ini.

Berita klik LINK: https://www.utusan.com.my/berita/2026/06/hubungan-pas-bersatu-putus/

Kami kini di WhatsApp! Ikuti Channel rasmi Utusan Malaysia: https://whatsapp.com/channel/0029VaDc0MU6BIEgvpncIq1w",https://www.facebook.com/UtusanOnline/posts/pfbid02AE39KknwVpdCxSg69Dn6iTqmeeD2FxGUdEp4ggTDTbx8pYjWYRHz14xwysyDHrEal,,,neutral,1780877850,0,0,0,0,0.0,0,0.0,,
facebook,comment,Y29tbWVudDoxNTQ0MDE4ODQ0MDU3MDEwXzE1MzAyMjU1NTg3OTM5NzU=,"Aku terima Keputusan dengan hati yang terbuka , aku  dengar dan aku taat pada pemimpin selagi tak melanggar hukum syarak",,https://www.facebook.com/UtusanOnline/posts/pfbid02AE39KknwVpdCxSg69Dn6iTqmeeD2FxGUdEp4ggTDTbx8pYjWYRHz14xwysyDHrEal,pfbid02AE39KknwVpdCxSg69Dn6iTqmeeD2FxGUdEp4ggTDTbx8pYjWYRHz14xwysyDHrEal,neutral,2026-06-08T00:37:18.000Z,109,0,64,0,0.0,237,,Amar Ariff,0.0
facebook,comment,Y29tbWVudDoxNTQ0MDE4ODQ0MDU3MDEwXzE3MjI5MjY5NzkwNjQ3NDg=,"Bersatu Bersama lagi apa ........
last2 masuk longkang 🤣🤣🤣",,https://www.facebook.com/UtusanOnline/posts/pfbid02AE39KknwVpdCxSg69Dn6iTqmeeD2FxGUdEp4ggTDTbx8pYjWYRHz14xwysyDHrEal,pfbid02AE39KknwVpdCxSg69Dn6iTqmeeD2FxGUdEp4ggTDTbx8pYjWYRHz14xwysyDHrEal,neutral,2026-06-08T02:24:14.000Z,18,0,4,0,0.0,26,,Elly Liza,0.0
facebook,comment,Y29tbWVudDoxNTQ0MDE4ODQ0MDU3MDEwXzI5MjEwODU0MTQ5MTcyNjM=,Kata nak melayu islam bersatu.. Cakap plawok lidah biawok,,https://www.facebook.com/UtusanOnline/posts/pfbid02AE39KknwVpdCxSg69Dn6iTqmeeD2FxGUdEp4ggTDTbx8pYjWYRHz14xwysyDHrEal,pfbid02AE39KknwVpdCxSg69Dn6iTqmeeD2FxGUdEp4ggTDTbx8pYjWYRHz14xwysyDHrEal,neutral,2026-06-08T00:22:40.000Z,106,0,35,0,0.0,176,,Abdul Somad,0.0
facebook,comment,Y29tbWVudDoxNTQ0MDE4ODQ0MDU3MDEwXzkzMzU1Mzg1MzA2MTA1Mg==,Berantakan kifarah kerana mengkhianati umno,,https://www.facebook.com/UtusanOnline/posts/pfbid02AE39KknwVpdCxSg69Dn6iTqmeeD2FxGUdEp4ggTDTbx8pYjWYRHz14xwysyDHrEal,pfbid02AE39KknwVpdCxSg69Dn6iTqmeeD2FxGUdEp4ggTDTbx8pYjWYRHz14xwysyDHrEal,neutral,2026-06-08T00:24:59.000Z,43,0,7,0,0.0,57,,Adzhar Rabu,0.0
facebook,comment,Y29tbWVudDoxNTQ0MDE4ODQ0MDU3MDEwXzQ2MTIwNjI1MjkwMTQxMDE=,Itulah sejarahnya...tiada yg kekal bila bersama tok lebai .🤭😂🤣,,https://www.facebook.com/UtusanOnline/posts/pfbid02AE39KknwVpdCxSg69Dn6iTqmeeD2FxGUdEp4ggTDTbx8pYjWYRHz14xwysyDHrEal,pfbid02AE39KknwVpdCxSg69Dn6iTqmeeD2FxGUdEp4ggTDTbx8pYjWYRHz14xwysyDHrEal,neutral,2026-06-08T00:18:54.000Z,83,0,21,0,0.0,125,,Papui Papai,0.0
facebook,comment,Y29tbWVudDoxNTQ0MDE4ODQ0MDU3MDEwXzE4NTI4MDY2Nzk0Mzg3NjI=,"Ada baiknya PAS, BERSATU dan BN bergabung.",,https://www.facebook.com/UtusanOnline/posts/pfbid02AE39KknwVpdCxSg69Dn6iTqmeeD2FxGUdEp4ggTDTbx8pYjWYRHz14xwysyDHrEal,pfbid02AE39KknwVpdCxSg69Dn6iTqmeeD2FxGUdEp4ggTDTbx8pYjWYRHz14xwysyDHrEal,neutral,2026-06-08T00:58:21.000Z,25,0,80,0,0.0,185,,Shahrom Sharman,0.0
facebook,comment,Y29tbWVudDoxNTQ0MDE4ODQ0MDU3MDEwXzM1Nzg4OTEyMTU1OTgwMTk=,"Apabila madu telah habis
Itulah prinsip PAS.. no money no kwn.",,https://www.facebook.com/UtusanOnline/posts/pfbid02AE39KknwVpdCxSg69Dn6iTqmeeD2FxGUdEp4ggTDTbx8pYjWYRHz14xwysyDHrEal,pfbid02AE39KknwVpdCxSg69Dn6iTqmeeD2FxGUdEp4ggTDTbx8pYjWYRHz14xwysyDHrEal,neutral,2026-06-08T01:45:46.000Z,42,0,1,0,0.0,44,,Abaz DE,0.0
facebook,comment,Y29tbWVudDoxNTQ0MDE4ODQ0MDU3MDEwXzE2NDA0MTAxOTA1OTM2ODI=,"Dah tak boleh ngan bersatu dia pergi pulak pd umno.nak cari dahan utk berpaut,itulah politik sempit.",,https://www.facebook.com/UtusanOnline/posts/pfbid02AE39KknwVpdCxSg69Dn6iTqmeeD2FxGUdEp4ggTDTbx8pYjWYRHz14xwysyDHrEal,pfbid02AE39KknwVpdCxSg69Dn6iTqmeeD2FxGUdEp4ggTDTbx8pYjWYRHz14xwysyDHrEal,neutral,2026-06-08T03:05:32.000Z,17,0,2,0,0.0,21,,Azhar Ramli,0.0
facebook,comment,Y29tbWVudDoxNTQ0MDE4ODQ0MDU3MDEwXzE2NzgwMTIzODY2ODQzMzg=,Pas for all 👍👍,,https://www.facebook.com/UtusanOnline/posts/pfbid02AE39KknwVpdCxSg69Dn6iTqmeeD2FxGUdEp4ggTDTbx8pYjWYRHz14xwysyDHrEal,pfbid02AE39KknwVpdCxSg69Dn6iTqmeeD2FxGUdEp4ggTDTbx8pYjWYRHz14xwysyDHrEal,neutral,2026-06-08T05:59:37.000Z,9,0,2,0,0.0,13,,Azman Aduka,0.0
facebook,comment,Y29tbWVudDoxNTQ0MDE4ODQ0MDU3MDEwXzQ1MjA2MTgyODgyMDg2MTU=,Tak ada satu parti pun boleh bertahan bergabung Ngan pas wehhihi gone gitu bang lobai ooii...,,https://www.facebook.com/UtusanOnline/posts/pfbid02AE39KknwVpdCxSg69Dn6iTqmeeD2FxGUdEp4ggTDTbx8pYjWYRHz14xwysyDHrEal,pfbid02AE39KknwVpdCxSg69Dn6iTqmeeD2FxGUdEp4ggTDTbx8pYjWYRHz14xwysyDHrEal,neutral,2026-06-08T01:23:18.000Z,11,0,0,0,0.0,11,,Ahmad Kelah Merah,0.0
facebook,post,1544018844057010,"Hubungan kerjasama di antara Pas dan Parti Pribumi Bersatu Malaysia (Bersatu) dijangka berakhir dan ia akan diputuskan menerusi Mesyuarat Ja­watankuasa Pas Pusat yang akan berlangsung hari ini.

Berita klik LINK: https://www.utusan.com.my/berita/2026/06/hubungan-pas-bersatu-putus/

Kami kini di WhatsApp! Ikuti Channel rasmi Utusan Malaysia: https://whatsapp.com/channel/0029VaDc0MU6BIEgvpncIq1w",https://www.facebook.com/UtusanOnline/posts/pfbid02AE39KknwVpdCxSg69Dn6iTqmeeD2FxGUdEp4ggTDTbx8pYjWYRHz14xwysyDHrEal,,,neutral,1780877850,0,0,0,0,0.0,0,0.0,,
facebook,comment,Y29tbWVudDoxNTQ0MDE4ODQ0MDU3MDEwXzE1MzAyMjU1NTg3OTM5NzU=,"Aku terima Keputusan dengan hati yang terbuka , aku  dengar dan aku taat pada pemimpin selagi tak melanggar hukum syarak",,https://www.facebook.com/UtusanOnline/posts/pfbid02AE39KknwVpdCxSg69Dn6iTqmeeD2FxGUdEp4ggTDTbx8pYjWYRHz14xwysyDHrEal,pfbid02AE39KknwVpdCxSg69Dn6iTqmeeD2FxGUdEp4ggTDTbx8pYjWYRHz14xwysyDHrEal,neutral,2026-06-08T00:37:18.000Z,109,0,64,0,0.0,237,,Amar Ariff,0.0
facebook,comment,Y29tbWVudDoxNTQ0MDE4ODQ0MDU3MDEwXzE3MjI5MjY5NzkwNjQ3NDg=,"Bersatu Bersama lagi apa ........
last2 masuk longkang 🤣🤣🤣",,https://www.facebook.com/UtusanOnline/posts/pfbid02AE39KknwVpdCxSg69Dn6iTqmeeD2FxGUdEp4ggTDTbx8pYjWYRHz14xwysyDHrEal,pfbid02AE39KknwVpdCxSg69Dn6iTqmeeD2FxGUdEp4ggTDTbx8pYjWYRHz14xwysyDHrEal,neutral,2026-06-08T02:24:14.000Z,18,0,4,0,0.0,26,,Elly Liza,0.0
facebook,comment,Y29tbWVudDoxNTQ0MDE4ODQ0MDU3MDEwXzI5MjEwODU0MTQ5MTcyNjM=,Kata nak melayu islam bersatu.. Cakap plawok lidah biawok,,https://www.facebook.com/UtusanOnline/posts/pfbid02AE39KknwVpdCxSg69Dn6iTqmeeD2FxGUdEp4ggTDTbx8pYjWYRHz14xwysyDHrEal,pfbid02AE39KknwVpdCxSg69Dn6iTqmeeD2FxGUdEp4ggTDTbx8pYjWYRHz14xwysyDHrEal,neutral,2026-06-08T00:22:40.000Z,106,0,35,0,0.0,176,,Abdul Somad,0.0
facebook,comment,Y29tbWVudDoxNTQ0MDE4ODQ0MDU3MDEwXzkzMzU1Mzg1MzA2MTA1Mg==,Berantakan kifarah kerana mengkhianati umno,,https://www.facebook.com/UtusanOnline/posts/pfbid02AE39KknwVpdCxSg69Dn6iTqmeeD2FxGUdEp4ggTDTbx8pYjWYRHz14xwysyDHrEal,pfbid02AE39KknwVpdCxSg69Dn6iTqmeeD2FxGUdEp4ggTDTbx8pYjWYRHz14xwysyDHrEal,neutral,2026-06-08T00:24:59.000Z,43,0,7,0,0.0,57,,Adzhar Rabu,0.0
facebook,comment,Y29tbWVudDoxNTQ0MDE4ODQ0MDU3MDEwXzQ2MTIwNjI1MjkwMTQxMDE=,Itulah sejarahnya...tiada yg kekal bila bersama tok lebai .🤭😂🤣,,https://www.facebook.com/UtusanOnline/posts/pfbid02AE39KknwVpdCxSg69Dn6iTqmeeD2FxGUdEp4ggTDTbx8pYjWYRHz14xwysyDHrEal,pfbid02AE39KknwVpdCxSg69Dn6iTqmeeD2FxGUdEp4ggTDTbx8pYjWYRHz14xwysyDHrEal,neutral,2026-06-08T00:18:54.000Z,83,0,21,0,0.0,125,,Papui Papai,0.0
facebook,comment,Y29tbWVudDoxNTQ0MDE4ODQ0MDU3MDEwXzE4NTI4MDY2Nzk0Mzg3NjI=,"Ada baiknya PAS, BERSATU dan BN bergabung.",,https://www.facebook.com/UtusanOnline/posts/pfbid02AE39KknwVpdCxSg69Dn6iTqmeeD2FxGUdEp4ggTDTbx8pYjWYRHz14xwysyDHrEal,pfbid02AE39KknwVpdCxSg69Dn6iTqmeeD2FxGUdEp4ggTDTbx8pYjWYRHz14xwysyDHrEal,neutral,2026-06-08T00:58:21.000Z,25,0,80,0,0.0,185,,Shahrom Sharman,0.0
facebook,comment,Y29tbWVudDoxNTQ0MDE4ODQ0MDU3MDEwXzM1Nzg4OTEyMTU1OTgwMTk=,"Apabila madu telah habis
Itulah prinsip PAS.. no money no kwn.",,https://www.facebook.com/UtusanOnline/posts/pfbid02AE39KknwVpdCxSg69Dn6iTqmeeD2FxGUdEp4ggTDTbx8pYjWYRHz14xwysyDHrEal,pfbid02AE39KknwVpdCxSg69Dn6iTqmeeD2FxGUdEp4ggTDTbx8pYjWYRHz14xwysyDHrEal,neutral,2026-06-08T01:45:46.000Z,42,0,1,0,0.0,44,,Abaz DE,0.0
facebook,comment,Y29tbWVudDoxNTQ0MDE4ODQ0MDU3MDEwXzE2NDA0MTAxOTA1OTM2ODI=,"Dah tak boleh ngan bersatu dia pergi pulak pd umno.nak cari dahan utk berpaut,itulah politik sempit.",,https://www.facebook.com/UtusanOnline/posts/pfbid02AE39KknwVpdCxSg69Dn6iTqmeeD2FxGUdEp4ggTDTbx8pYjWYRHz14xwysyDHrEal,pfbid02AE39KknwVpdCxSg69Dn6iTqmeeD2FxGUdEp4ggTDTbx8pYjWYRHz14xwysyDHrEal,neutral,2026-06-08T03:05:32.000Z,17,0,2,0,0.0,21,,Azhar Ramli,0.0
facebook,comment,Y29tbWVudDoxNTQ0MDE4ODQ0MDU3MDEwXzE2NzgwMTIzODY2ODQzMzg=,Pas for all 👍👍,,https://www.facebook.com/UtusanOnline/posts/pfbid02AE39KknwVpdCxSg69Dn6iTqmeeD2FxGUdEp4ggTDTbx8pYjWYRHz14xwysyDHrEal,pfbid02AE39KknwVpdCxSg69Dn6iTqmeeD2FxGUdEp4ggTDTbx8pYjWYRHz14xwysyDHrEal,neutral,2026-06-08T05:59:37.000Z,9,0,2,0,0.0,13,,Azman Aduka,0.0
facebook,comment,Y29tbWVudDoxNTQ0MDE4ODQ0MDU3MDEwXzQ1MjA2MTgyODgyMDg2MTU=,Tak ada satu parti pun boleh bertahan bergabung Ngan pas wehhihi gone gitu bang lobai ooii...,,https://www.facebook.com/UtusanOnline/posts/pfbid02AE39KknwVpdCxSg69Dn6iTqmeeD2FxGUdEp4ggTDTbx8pYjWYRHz14xwysyDHrEal,pfbid02AE39KknwVpdCxSg69Dn6iTqmeeD2FxGUdEp4ggTDTbx8pYjWYRHz14xwysyDHrEal,neutral,2026-06-08T01:23:18.000Z,11,0,0,0,0.0,11,,Ahmad Kelah Merah,0.0
facebook,post,4333297090332463,"Adakah anda setuju PAS putus hubungan dengan BERSATU?

A. Setuju
B. Tidak Setuju

Sila komen undian anda",https://www.facebook.com/groups/1458712074457660/posts/4333297090332463/,,,neutral,1780816794,0,0,0,0,0.0,0,0.0,,
facebook,comment,Y29tbWVudDo0MzMzMjk3MDkwMzMyNDYzXzQzMzMzMjI2MjY5OTY1NzY=,"PAS inginkan penyatuan bangsa seagama supaya kekuatan bangsa lebih kuat. Penyatuan berpaksikan Al Qur'an n Hadith. Tapi kalau ada pihak yg x memberi kerjasama baik n sering membawa masaalah, kekuatan akan terhakis.Sekiranya sudah ditimbang berpisah itu lebih baik, biarlah pihak atasan yg buay keputusan.",,https://www.facebook.com/groups/1458712074457660/posts/4333297090332463/,4333297090332463,neutral,2026-06-07T07:36:10.000Z,1,0,1,0,0.0,3,,Bosun Khalit,0.0
facebook,comment,Y29tbWVudDo0MzMzMjk3MDkwMzMyNDYzXzQzMzMzMzY4MTY5OTUxNTc=,So sweet❤️a,,https://www.facebook.com/groups/1458712074457660/posts/4333297090332463/,4333297090332463,neutral,2026-06-07T07:49:01.000Z,0,0,0,0,0.0,0,,Ganu Berkat,0.0
facebook,comment,Y29tbWVudDo0MzMzMjk3MDkwMzMyNDYzXzQzMzMzMzgzMDM2NjE2NzU=,B -Tidak setuju,,https://www.facebook.com/groups/1458712074457660/posts/4333297090332463/,4333297090332463,neutral,2026-06-07T07:50:49.000Z,0,0,0,0,0.0,0,,Amran Yusoff,0.0
facebook,comment,Y29tbWVudDo0MzMzMjk3MDkwMzMyNDYzXzQzMzMzNDAyNjAzMjgxNDY=,AMAT SETUJU,,https://www.facebook.com/groups/1458712074457660/posts/4333297090332463/,4333297090332463,neutral,2026-06-07T07:53:36.000Z,2,0,0,0,0.0,2,,Menantu Tok Megat,0.0
facebook,comment,Y29tbWVudDo0MzMzMjk3MDkwMzMyNDYzXzQzMzMzNDI3MjAzMjc5MDA=,Bg walanon2 memang setuju LA...,,https://www.facebook.com/groups/1458712074457660/posts/4333297090332463/,4333297090332463,neutral,2026-06-07T07:57:00.000Z,0,0,0,0,0.0,0,,Abdul Aziz Abdul Aziz,0.0
facebook,comment,Y29tbWVudDo0MzMzMjk3MDkwMzMyNDYzXzQzMzMzNDQ4MDAzMjc2OTI=,"Bg walanon2 memang setuju LA.
Dulu.
Join PH memang bergelombang LA.dgn kemungkaran.
DAP suka sangat besok DAP bersama BN PKR sembelih babi 🐷 LA,  100 ekor tanda seronok suka..",,https://www.facebook.com/groups/1458712074457660/posts/4333297090332463/,4333297090332463,neutral,2026-06-07T07:59:59.000Z,0,0,0,0,0.0,0,,Abdul Aziz Abdul Aziz,0.0
facebook,comment,Y29tbWVudDo0MzMzMjk3MDkwMzMyNDYzXzQzMzMzNDQ5NzAzMjc2NzU=,"Bg walanon2 memang setuju LA.
Dulu.
Join PH memang bergelombang LA.dgn kemungkaran.
DAP suka sangat besok DAP bersama BN PKR sembelih babi 🐷 LA,  100 ekor tanda seronok suka..",,https://www.facebook.com/groups/1458712074457660/posts/4333297090332463/,4333297090332463,neutral,2026-06-07T08:00:13.000Z,1,0,1,0,0.0,3,,Abdul Aziz Abdul Aziz,0.0
facebook,comment,Y29tbWVudDo0MzMzMjk3MDkwMzMyNDYzXzQzMzMzNDY2MDAzMjc1MTI=,Setuju,,https://www.facebook.com/groups/1458712074457660/posts/4333297090332463/,4333297090332463,neutral,2026-06-07T08:02:27.000Z,0,0,0,0,0.0,0,,Mesran Surip,0.0
facebook,comment,Y29tbWVudDo0MzMzMjk3MDkwMzMyNDYzXzQzMzMzNTIwNDAzMjY5Njg=,Kita semua mesti bergabung...MN,,https://www.facebook.com/groups/1458712074457660/posts/4333297090332463/,4333297090332463,neutral,2026-06-07T08:09:47.000Z,1,0,0,0,0.0,1,,Wan Kamalrudin,0.0
facebook,comment,Y29tbWVudDo0MzMzMjk3MDkwMzMyNDYzXzQzMzMzNjAwMjY5OTI4MzY=,Sya sebagai ahli pas dr. dlm.perut Ibu lagi redha dn walaq kpd pimpinan pas apa sja keputusan...,,https://www.facebook.com/groups/1458712074457660/posts/4333297090332463/,4333297090332463,neutral,2026-06-07T08:20:28.000Z,0,0,0,0,0.0,0,,Jamal Din Komited,0.0
facebook,post,1521595496675217,"Ketetapan itu dibuat selepas parti meneliti kedudukan dan hala tuju kerjasama politik Pas-Bersatu berdasarkan laporan, kajian serta penilaian semasa. - Abdul Hadi",https://www.facebook.com/sinarharian/posts/pfbid08rRcAU8VzL6L2WgywYSaX9qpyBEqX5ddMMgKUDQhEMkcWwGd3VHscDuriy1kjKfKl,,,neutral,1780933716,0,0,0,0,0.0,0,0.0,,
facebook,comment,Y29tbWVudDoxNTIxNTk1NDk2Njc1MjE3XzEyMzEzMTExNjU2MTk5NjI=,PAS dah dapat Teman baru. 🤣 Ramasamy dan Warthamoorty.,,https://www.facebook.com/sinarharian/posts/pfbid08rRcAU8VzL6L2WgywYSaX9qpyBEqX5ddMMgKUDQhEMkcWwGd3VHscDuriy1kjKfKl,pfbid08rRcAU8VzL6L2WgywYSaX9qpyBEqX5ddMMgKUDQhEMkcWwGd3VHscDuriy1kjKfKl,neutral,2026-06-09T00:28:24.000Z,3,0,0,0,0.0,3,,Alan Thai Tour,0.0
facebook,comment,Y29tbWVudDoxNTIxNTk1NDk2Njc1MjE3XzE0OTYwNjg2Nzg5MjE2MjQ=,"PAS Parti Paling Tidak Setia Dalam Gabungan Parti

1) ANGKATAN PERPADUAN UMMAH. Kerjasama Politik antara PAS+S46 ini ditubuhkan pada tahun 1988 utk menjatuhkan BN. Akhirnya Gabungan Bubar.

2) PAKATAN RAKYAT. Kerjasama Politik antara PAS+PH ini ditubuhkan pada tahun 2008 utk menjatuhkan BN. Akhirnya Gabungan Bubar.

3) MUAFAKAT NASIONAL. Kerjasama Politik antara PAS+BN ini ditubuhkan pada tahun 2019 utk menjatuhkan PH. Akhirnya Gabungan Bubar.

4) PERIKATAN NASIONAL. Kerjasama Politik antara PAS+BERSATU ini ditubuhkan pada tahun 2020 utk menjatuhkan BN & PH. Akhirnya Gabungan Putus..

Sampai bila rakyat harus melihat budaya kahwin cerai kahwin cerai, berkawan bermusuh berulang setiap masa? Akhirnya bukan penyatuan yg dicapai sebaliknya ""UMMAH SEMAKIN BERPECAH BELAH MENJADI KELOMPOK² KECIL""",,https://www.facebook.com/sinarharian/posts/pfbid08rRcAU8VzL6L2WgywYSaX9qpyBEqX5ddMMgKUDQhEMkcWwGd3VHscDuriy1kjKfKl,pfbid08rRcAU8VzL6L2WgywYSaX9qpyBEqX5ddMMgKUDQhEMkcWwGd3VHscDuriy1kjKfKl,neutral,2026-06-08T15:50:08.000Z,12,0,6,0,0.0,24,,Abang Jeff,0.0
facebook,comment,Y29tbWVudDoxNTIxNTk1NDk2Njc1MjE3XzE2OTIwMTAwODUzMjIxMjM=,"Sebagai ahli Pas yang digelar 'walaun', aku menerima dgn lapang dada dan hati yang terbuka segala keputusan pucuk pimpinan parti Pas..🫵✊️",,https://www.facebook.com/sinarharian/posts/pfbid08rRcAU8VzL6L2WgywYSaX9qpyBEqX5ddMMgKUDQhEMkcWwGd3VHscDuriy1kjKfKl,pfbid08rRcAU8VzL6L2WgywYSaX9qpyBEqX5ddMMgKUDQhEMkcWwGd3VHscDuriy1kjKfKl,neutral,2026-06-08T15:53:18.000Z,15,0,3,0,0.0,21,,Berhak Bersuara,0.0
facebook,comment,Y29tbWVudDoxNTIxNTk1NDk2Njc1MjE3XzE0NTE0MjA4MDAwODY0NDc=,"Habis madu sepah dibuang,habis duit bersatu dibuang.",,https://www.facebook.com/sinarharian/posts/pfbid08rRcAU8VzL6L2WgywYSaX9qpyBEqX5ddMMgKUDQhEMkcWwGd3VHscDuriy1kjKfKl,pfbid08rRcAU8VzL6L2WgywYSaX9qpyBEqX5ddMMgKUDQhEMkcWwGd3VHscDuriy1kjKfKl,neutral,2026-06-08T16:04:24.000Z,10,0,4,0,0.0,18,,Mohd Zamri,0.0
facebook,comment,Y29tbWVudDoxNTIxNTk1NDk2Njc1MjE3XzI0MjYyMjU1NDc4NzA3OTg=,"Penyatuan ummah konon.. dulu2 Umno dah cakap taknak dan terima Bersatu. tapi kerana aboh midin berduit masatu, sanggup Pas tinggalkan dan khianati Umno masuk PN.. sekarang apa cerita?? baru nampak KEBURUKAN Bersatu??? atau Bersatu dah miskin??? Midin standby lepasni kena kaw2 dengan dalil2 nama binatang... Kahhh.. kahh.. kahhh",,https://www.facebook.com/sinarharian/posts/pfbid08rRcAU8VzL6L2WgywYSaX9qpyBEqX5ddMMgKUDQhEMkcWwGd3VHscDuriy1kjKfKl,pfbid08rRcAU8VzL6L2WgywYSaX9qpyBEqX5ddMMgKUDQhEMkcWwGd3VHscDuriy1kjKfKl,neutral,2026-06-08T16:32:25.000Z,10,0,0,0,0.0,10,,Nor Azman Mohamad,0.0
facebook,comment,Y29tbWVudDoxNTIxNTk1NDk2Njc1MjE3XzMxMDI0NTIzMTMyNzQ1OTE=,Aku dah ckp agenda menyatukan Islam Dan melayu ni sembang politik je....ramai org sedar dah....,,https://www.facebook.com/sinarharian/posts/pfbid08rRcAU8VzL6L2WgywYSaX9qpyBEqX5ddMMgKUDQhEMkcWwGd3VHscDuriy1kjKfKl,pfbid08rRcAU8VzL6L2WgywYSaX9qpyBEqX5ddMMgKUDQhEMkcWwGd3VHscDuriy1kjKfKl,neutral,2026-06-08T23:43:10.000Z,6,0,1,0,0.0,8,,Mohd Khairul Fikri,0.0
facebook,comment,Y29tbWVudDoxNTIxNTk1NDk2Njc1MjE3XzEzNDkwNzI2ODM4NTg1NjA=,Alhamdulillah. Keputusan yang tepat !,,https://www.facebook.com/sinarharian/posts/pfbid08rRcAU8VzL6L2WgywYSaX9qpyBEqX5ddMMgKUDQhEMkcWwGd3VHscDuriy1kjKfKl,pfbid08rRcAU8VzL6L2WgywYSaX9qpyBEqX5ddMMgKUDQhEMkcWwGd3VHscDuriy1kjKfKl,neutral,2026-06-08T16:17:14.000Z,13,0,1,0,0.0,15,,Rosmin Adam,0.0
facebook,comment,Y29tbWVudDoxNTIxNTk1NDk2Njc1MjE3XzI2ODM3NzIzMTI5MjU3NDU5,Tolak Mahiadin dan Azmin talibarut Anwar,,https://www.facebook.com/sinarharian/posts/pfbid08rRcAU8VzL6L2WgywYSaX9qpyBEqX5ddMMgKUDQhEMkcWwGd3VHscDuriy1kjKfKl,pfbid08rRcAU8VzL6L2WgywYSaX9qpyBEqX5ddMMgKUDQhEMkcWwGd3VHscDuriy1kjKfKl,neutral,2026-06-08T15:49:00.000Z,7,0,0,0,0.0,7,,Anon ,0.0
facebook,comment,Y29tbWVudDoxNTIxNTk1NDk2Njc1MjE3XzI4MzY4MjUzMzAwMTMyMzg=,"Setuju dan Sokong 100% diambil kepimpinan PAS Pusat. Keputusan yang tepat lagi bijak. Terbaik dan tahniah diucapkan oleh YB TS DS TGHH Presiden PAS. Sabar ada batasannya. Kami tetap wala', patuh dan taat akan keputusan tepat dan terbaik ini.",,https://www.facebook.com/sinarharian/posts/pfbid08rRcAU8VzL6L2WgywYSaX9qpyBEqX5ddMMgKUDQhEMkcWwGd3VHscDuriy1kjKfKl,pfbid08rRcAU8VzL6L2WgywYSaX9qpyBEqX5ddMMgKUDQhEMkcWwGd3VHscDuriy1kjKfKl,neutral,2026-06-08T16:35:12.000Z,7,0,3,0,0.0,13,,Hanisya Abd Hamid,0.0
facebook,comment,Y29tbWVudDoxNTIxNTk1NDk2Njc1MjE3XzEzNzExNjM4NzE1MzQ4NDc=,"Dengar cerita PAS nk berkerjasama dengan DAP pulak,dok atur perjumpaan dah,janji dana PRU asyuk.mampoih lagu ni",,https://www.facebook.com/sinarharian/posts/pfbid08rRcAU8VzL6L2WgywYSaX9qpyBEqX5ddMMgKUDQhEMkcWwGd3VHscDuriy1kjKfKl,pfbid08rRcAU8VzL6L2WgywYSaX9qpyBEqX5ddMMgKUDQhEMkcWwGd3VHscDuriy1kjKfKl,neutral,2026-06-08T16:37:45.000Z,5,0,3,0,0.0,11,,Azhar Ahmad Azhar Ahmad,0.0
facebook,post,1399036932260640,"PAS putus dengan BERSATU. ini yang ahli PAS buat!

En.Din, YDP PAS Kawasan Pagoh.
Seminggu yang lepas lutut bengkak dan tak boleh berjalan.

Hari ni baru sembuh sikit.
Terus datang ke Bilik Operasi Dun Bukit Pasir-PAS Kawasan Pagoh.
Itu pun masih terhenjut², ngeri & ngilu bengkak lutut masih terasa.

PAS-BERSATU dah muktamad putus.
Kami teruskan bekerja seperti biasa. Kerja lapangan terus dibuat.

Esok mesyuarat PAS Kawasan. Usrah cawangan pun dah di susun.

Rumah ni pun baru je kami bayar sewa.

Kita teruskan bekerja! Tunggu arahan seterus nya.

Kekal tenang, terus istiqomah!
PAS tempat kita berjuang.

#SaminaWaAtoNa 
#IstiqamahHinggaKemenangan
#PASPagoh 
#PAS4all 
#BukitPasirSejahtera",https://www.facebook.com/reel/1316153366696214/,,,neutral,1780979112,0,0,0,0,0.0,0,0.0,,
facebook,post,1498579351950791,"KENAPA PAS PUTUSKAN HUBUNGAN DENGAN BERSATU? 

Mula-mula kena faham dulu.

Kerjasama PAS dengan Bersatu bukan kerjasama kosong. Bukan sebab nak berkawan semata-mata. Bukan juga sebab PAS terikat sampai tak boleh bergerak.

Asas dia ialah Ta’awun Siyasi.

Maksud mudah, kerjasama politik untuk bantu perkara baik. Selagi kerjasama itu bawa manfaat, kukuhkan umat, elak perpecahan dan bantu rakyat, PAS boleh bersama.

Sebab itu PAS sabar lama.

Banyak benda PAS telan.
Banyak benda PAS diam.
Banyak benda PAS cuba selesaikan cara baik.

Sebab matlamat PAS dari awal bukan nak bergaduh. Matlamat PAS ialah perpaduan ummah.

Tapi lama-lama mula ada masalah.

Pertama, apabila ruang perpaduan mula disempitkan.

PAS mahu PN jadi medan besar untuk satukan kekuatan Melayu-Islam dan rakyat yang menolak PH.

Tapi bila ada usaha menyekat kemasukan parti lain ke dalam PN, di situ tujuan asal PN mula lari. 

Kalau pintu perpaduan ditutup, macam mana nak bina perpaduan?

Kedua, Bersatu mula dilihat lebih mahu mengawal daripada membina bersama.

Dalam kerjasama, tak boleh ada satu pihak rasa dia pemilik mutlak. Kena ada hormat. Kena ada adab rakan. Kena ada ruang berbincang.

Ketiga, beberapa tindakan Bersatu terhadap PAS makin menebalkan rasa tidak percaya.

Ada isu di Perlis.
Ada isu kedudukan kepimpinan PN.
Ada serangan terhadap kepimpinan PAS.
Ada label-label yang tidak patut dilemparkan kepada institusi PAS.

Satu dua mungkin boleh bincang.
Tapi kalau berulang kali, orang pun mula hilang percaya. 

Keempat, PAS sudah banyak berkorban untuk jaga hubungan.

PAS bukan jenis cepat melatah. PAS bukan hari ini terasa, esok terus putus. Banyak ruang sudah diberi. Banyak peluang sudah dibuka.

Tapi sabar pun ada sempadan.

Kerjasama politik tidak boleh sampai mengorbankan prinsip. Tidak boleh sampai PAS terpaksa duduk diam ketika agenda perpaduan ummah dihalang.

Akhir sekali, PAS kena pilih jalan yang lebih jelas.

Kalau kerjasama itu masih membantu perpaduan, PAS boleh terus bersama.

Tapi kalau kerjasama itu sudah jadi penghalang kepada perpaduan, maka PAS perlu melangkah ke depan.",https://www.facebook.com/dppkmofficial/posts/pfbid0332RA1XnbyqyuRtuafkC1X6u8GaP2bL8n89nHqNJA2DZnTcchs6un5Pzd3pq6GkZQl,,,neutral,1780975929,0,0,0,0,0.0,0,0.0,,
facebook,comment,Y29tbWVudDoxNDk4NTc5MzUxOTUwNzkxXzE5MTY5NjUzMjk2OTExODc=,"Terima kasih MP Jasin yang membacakan doa Qunut Nazilah dan diaminkan oleh pengikut dalam Perhimpunan Turun Anwar. Doa anda dimakbulkan Allah. Inilah balasan Allah kepada doa yang tak baik yang akhirnya akan berbalik kepada diri sendiri. 

Sabda Rasullulah SAW,
“Barangsiapa yang mendoakan keburukan ke atas sesuatu yang bukan layak baginya, maka keburukan itu akan kembali kepada dirinya sendiri.”
- [HR Abu Dawud, no. 4908]

Antara doa dalam Qunut Nazilah adalah…
اَللَّهُمَّ بَدِّدْ شَمْلَهُمْ وَفَرّقْ جَمْعَهُمْ
“Ya Allah hancurkan kumpulan mereka, Ya Allah pecahkan pakatan mereka..” 

Ambil iktibar dari kejadian ini supaya tidak mengulangi apa yang tidak disukai Allah dan RasulNya.",,https://www.facebook.com/dppkmofficial/posts/pfbid0332RA1XnbyqyuRtuafkC1X6u8GaP2bL8n89nHqNJA2DZnTcchs6un5Pzd3pq6GkZQl,pfbid0332RA1XnbyqyuRtuafkC1X6u8GaP2bL8n89nHqNJA2DZnTcchs6un5Pzd3pq6GkZQl,neutral,2026-06-09T05:20:50.000Z,136,0,24,0,0.0,184,,Lukman,0.0
facebook,comment,Y29tbWVudDoxNDk4NTc5MzUxOTUwNzkxXzEwMjAxMDg1MjAzODU1MDc=,PAS mana pernah salah..kalau salah Hadi akan ada dalil baru untuk membuat yg salah menjadi benar..,,https://www.facebook.com/dppkmofficial/posts/pfbid0332RA1XnbyqyuRtuafkC1X6u8GaP2bL8n89nHqNJA2DZnTcchs6un5Pzd3pq6GkZQl,pfbid0332RA1XnbyqyuRtuafkC1X6u8GaP2bL8n89nHqNJA2DZnTcchs6un5Pzd3pq6GkZQl,neutral,2026-06-09T05:56:09.000Z,81,0,7,0,0.0,95,,Ayung Remang,0.0
facebook,comment,Y29tbWVudDoxNDk4NTc5MzUxOTUwNzkxXzEzNzU5NDg3NjEyNTQyNjI=,Tunggang “ummah” 🤣,,https://www.facebook.com/dppkmofficial/posts/pfbid0332RA1XnbyqyuRtuafkC1X6u8GaP2bL8n89nHqNJA2DZnTcchs6un5Pzd3pq6GkZQl,pfbid0332RA1XnbyqyuRtuafkC1X6u8GaP2bL8n89nHqNJA2DZnTcchs6un5Pzd3pq6GkZQl,neutral,2026-06-09T05:55:07.000Z,64,0,3,0,0.0,70,,Ikhwan Hamdan,0.0
facebook,comment,Y29tbWVudDoxNDk4NTc5MzUxOTUwNzkxXzk4MTQxNzEyNzk3MDA3Mw==,"Ni haaa hakikat nya, kehkehkeh",,https://www.facebook.com/dppkmofficial/posts/pfbid0332RA1XnbyqyuRtuafkC1X6u8GaP2bL8n89nHqNJA2DZnTcchs6un5Pzd3pq6GkZQl,pfbid0332RA1XnbyqyuRtuafkC1X6u8GaP2bL8n89nHqNJA2DZnTcchs6un5Pzd3pq6GkZQl,neutral,2026-06-09T04:35:42.000Z,106,0,78,0,0.0,262,,Azam,0.0
facebook,comment,Y29tbWVudDoxNDk4NTc5MzUxOTUwNzkxXzI0OTYwODc2Mzc1MDUxNzU=,Sekali keluar 5 dalil terus… apa2 pun Terimakasih pada lebai Jasin 😃,,https://www.facebook.com/dppkmofficial/posts/pfbid0332RA1XnbyqyuRtuafkC1X6u8GaP2bL8n89nHqNJA2DZnTcchs6un5Pzd3pq6GkZQl,pfbid0332RA1XnbyqyuRtuafkC1X6u8GaP2bL8n89nHqNJA2DZnTcchs6un5Pzd3pq6GkZQl,neutral,2026-06-09T06:04:55.000Z,38,0,12,0,0.0,62,,Khairul Anuar Che Man,0.0
facebook,comment,Y29tbWVudDoxNDk4NTc5MzUxOTUwNzkxXzMxMjU2Nzc2NzQyOTUzNzA=,Tak habis2 berlaku kemelut. Dari kes menghina para sahabat kepada kes putus hubungan sesama Melayu Islam.,,https://www.facebook.com/dppkmofficial/posts/pfbid0332RA1XnbyqyuRtuafkC1X6u8GaP2bL8n89nHqNJA2DZnTcchs6un5Pzd3pq6GkZQl,pfbid0332RA1XnbyqyuRtuafkC1X6u8GaP2bL8n89nHqNJA2DZnTcchs6un5Pzd3pq6GkZQl,neutral,2026-06-09T05:03:31.000Z,52,0,6,0,0.0,64,,Samsudin Jidin,0.0
facebook,comment,Y29tbWVudDoxNDk4NTc5MzUxOTUwNzkxXzE0MTg4MzAyMDY5MzA4NDE=,Temberang je lah,,https://www.facebook.com/dppkmofficial/posts/pfbid0332RA1XnbyqyuRtuafkC1X6u8GaP2bL8n89nHqNJA2DZnTcchs6un5Pzd3pq6GkZQl,pfbid0332RA1XnbyqyuRtuafkC1X6u8GaP2bL8n89nHqNJA2DZnTcchs6un5Pzd3pq6GkZQl,neutral,2026-06-09T05:35:11.000Z,12,0,0,0,0.0,12,,Nizam Fairul,0.0
facebook,comment,Y29tbWVudDoxNDk4NTc5MzUxOTUwNzkxXzEwMTk3MDE4NDM5NTE3Mjc=,semua org tak elok... hanpa aja yang elok.. terpaling betoi.. yo lah..,,https://www.facebook.com/dppkmofficial/posts/pfbid0332RA1XnbyqyuRtuafkC1X6u8GaP2bL8n89nHqNJA2DZnTcchs6un5Pzd3pq6GkZQl,pfbid0332RA1XnbyqyuRtuafkC1X6u8GaP2bL8n89nHqNJA2DZnTcchs6un5Pzd3pq6GkZQl,neutral,2026-06-09T05:28:57.000Z,23,0,4,0,0.0,31,,Dzul Fazley Ahmad,0.0
facebook,comment,Y29tbWVudDoxNDk4NTc5MzUxOTUwNzkxXzE1Mjk0OTMyNzE4NjQ3NDM=,Cash is King,,https://www.facebook.com/dppkmofficial/posts/pfbid0332RA1XnbyqyuRtuafkC1X6u8GaP2bL8n89nHqNJA2DZnTcchs6un5Pzd3pq6GkZQl,pfbid0332RA1XnbyqyuRtuafkC1X6u8GaP2bL8n89nHqNJA2DZnTcchs6un5Pzd3pq6GkZQl,neutral,2026-06-09T07:09:29.000Z,5,0,3,0,0.0,11,,Sokri Othman,0.0
facebook,comment,Y29tbWVudDoxNDk4NTc5MzUxOTUwNzkxXzk2NTEwMDE5MzE4MzI1OQ==,Yg penting pas tak pernah salah. Sentiasa betul.,,https://www.facebook.com/dppkmofficial/posts/pfbid0332RA1XnbyqyuRtuafkC1X6u8GaP2bL8n89nHqNJA2DZnTcchs6un5Pzd3pq6GkZQl,pfbid0332RA1XnbyqyuRtuafkC1X6u8GaP2bL8n89nHqNJA2DZnTcchs6un5Pzd3pq6GkZQl,neutral,2026-06-09T05:48:55.000Z,12,0,3,0,0.0,18,,Ben Shamsul,0.0
facebook,post,1423349203172995,#BHnasional PAS akan meneroka suatu bentuk persefahaman politik dan kerjasama pilihan raya demi penyatuan ummah bagi menghadapi Pilihan Raya Negeri (PRN) dan Pilihan Raya Umum (PRU) ke-16,https://www.facebook.com/bhonline/posts/pfbid02G1y6qAMhAZwLpSCrgrtyneGXZYFWshNvVJXKuNmroaHMEqKAHQgE9vPZjuNcQ6VDl,,,neutral,1780933700,0,0,0,0,0.0,0,0.0,,
facebook,comment,Y29tbWVudDoxNDIzMzQ5MjAzMTcyOTk1XzIwNDM2NDA5ODk4NjQyMTk=,"PAS Parti Paling Tidak Setia Dalam Gabungan Parti

1) ANGKATAN PERPADUAN UMMAH. Kerjasama Politik antara PAS+S46 ini ditubuhkan pada tahun 1988 utk menjatuhkan BN. Akhirnya Gabungan Bubar.

2) PAKATAN RAKYAT. Kerjasama Politik antara PAS+PH ini ditubuhkan pada tahun 2008 utk menjatuhkan BN. Akhirnya Gabungan Bubar.

3) MUAFAKAT NASIONAL. Kerjasama Politik antara PAS+BN ini ditubuhkan pada tahun 2019 utk menjatuhkan PH. Akhirnya Gabungan Bubar.

4) PERIKATAN NASIONAL. Kerjasama Politik antara PAS+BERSATU ini ditubuhkan pada tahun 2020 utk menjatuhkan BN & PH. Akhirnya Gabungan Putus..

Sampai bila rakyat harus melihat budaya kahwin cerai kahwin cerai, berkawan bermusuh berulang setiap masa? Akhirnya bukan penyatuan yg dicapai sebaliknya ""UMMAH SEMAKIN BERPECAH BELAH MENJADI KELOMPOK² KECIL""",,https://www.facebook.com/bhonline/posts/pfbid02G1y6qAMhAZwLpSCrgrtyneGXZYFWshNvVJXKuNmroaHMEqKAHQgE9vPZjuNcQ6VDl,pfbid02G1y6qAMhAZwLpSCrgrtyneGXZYFWshNvVJXKuNmroaHMEqKAHQgE9vPZjuNcQ6VDl,neutral,2026-06-08T15:52:33.000Z,47,0,22,0,0.0,91,,Eddy Bawang,0.0
facebook,comment,Y29tbWVudDoxNDIzMzQ5MjAzMTcyOTk1XzE1MjM5MzA5NzYwOTAzMDA=,"Politics has a long memory. The Sheraton Move was justified as a path to power and stability, but political realignments often come full circle. If PAS has indeed decided to sever ties with Bersatu, it serves as a reminder that alliances built on expediency can be fragile. In politics, karma often returns as a boomerang.",,https://www.facebook.com/bhonline/posts/pfbid02G1y6qAMhAZwLpSCrgrtyneGXZYFWshNvVJXKuNmroaHMEqKAHQgE9vPZjuNcQ6VDl,pfbid02G1y6qAMhAZwLpSCrgrtyneGXZYFWshNvVJXKuNmroaHMEqKAHQgE9vPZjuNcQ6VDl,neutral,2026-06-08T22:43:15.000Z,5,0,0,0,0.0,5,,Ganabatirau Veraman,0.0
facebook,comment,Y29tbWVudDoxNDIzMzQ5MjAzMTcyOTk1XzI4MjE5MzE4NzgxNzA5OTU=,Tolak Mahiadin dan Azmin talibarut Anwar,,https://www.facebook.com/bhonline/posts/pfbid02G1y6qAMhAZwLpSCrgrtyneGXZYFWshNvVJXKuNmroaHMEqKAHQgE9vPZjuNcQ6VDl,pfbid02G1y6qAMhAZwLpSCrgrtyneGXZYFWshNvVJXKuNmroaHMEqKAHQgE9vPZjuNcQ6VDl,neutral,2026-06-08T15:49:24.000Z,12,0,3,0,0.0,18,,Anon ,0.0
facebook,comment,Y29tbWVudDoxNDIzMzQ5MjAzMTcyOTk1XzExNjQ4MzIxOTI0Nzg5MjE=,Aku tahu dah lama dah tentang PAS dgn bersatu ni... Dua2 tak blh pakai... Masalah air tak selesai jugak KLU PAS menang pun...  Pi mai Tang tu je...  Mereka sibuk rebut kuasa masalah rakyat tak ambil peduli..,,https://www.facebook.com/bhonline/posts/pfbid02G1y6qAMhAZwLpSCrgrtyneGXZYFWshNvVJXKuNmroaHMEqKAHQgE9vPZjuNcQ6VDl,pfbid02G1y6qAMhAZwLpSCrgrtyneGXZYFWshNvVJXKuNmroaHMEqKAHQgE9vPZjuNcQ6VDl,neutral,2026-06-08T18:21:05.000Z,8,0,2,0,0.0,12,,Marco Pollo,0.0
facebook,comment,Y29tbWVudDoxNDIzMzQ5MjAzMTcyOTk1Xzk4NDA4MDIyNzk0MzQ0OQ==,"Semua gabungan melingkup berpecah,..
PN 6 thn dh berderai pecah belah..
1 sahaja Pakatan n gabungan paling stabilsejak 1999 Pakatan 27 thn..
Bermula dengan Barisan Alternatif,tukar nama Pakatan Rakyat n tukar nama Pakatan Harapan dgn gabungan parti utama PKR,DAP,AMANAH..
PAKATAN HARAPAN gabungan paling stabil menerajui Negara Malaysia..",,https://www.facebook.com/bhonline/posts/pfbid02G1y6qAMhAZwLpSCrgrtyneGXZYFWshNvVJXKuNmroaHMEqKAHQgE9vPZjuNcQ6VDl,pfbid02G1y6qAMhAZwLpSCrgrtyneGXZYFWshNvVJXKuNmroaHMEqKAHQgE9vPZjuNcQ6VDl,neutral,2026-06-08T21:44:30.000Z,9,0,1,0,0.0,11,,Chaq Cun,0.0
facebook,comment,Y29tbWVudDoxNDIzMzQ5MjAzMTcyOTk1XzE1NDg5MTI0NzM1OTU0NzA=,"Dia yang putus, pastu sembang pasal penyatuan ummah pulak.",,https://www.facebook.com/bhonline/posts/pfbid02G1y6qAMhAZwLpSCrgrtyneGXZYFWshNvVJXKuNmroaHMEqKAHQgE9vPZjuNcQ6VDl,pfbid02G1y6qAMhAZwLpSCrgrtyneGXZYFWshNvVJXKuNmroaHMEqKAHQgE9vPZjuNcQ6VDl,neutral,2026-06-08T16:14:36.000Z,29,0,0,0,0.0,29,,Azwan Daniel,0.0
facebook,comment,Y29tbWVudDoxNDIzMzQ5MjAzMTcyOTk1Xzk2NjM3OTA5MjY3MTU1MQ==,Sbb pe putus banyak kerja enggan dan tupai tebuk atap ke😄😄,,https://www.facebook.com/bhonline/posts/pfbid02G1y6qAMhAZwLpSCrgrtyneGXZYFWshNvVJXKuNmroaHMEqKAHQgE9vPZjuNcQ6VDl,pfbid02G1y6qAMhAZwLpSCrgrtyneGXZYFWshNvVJXKuNmroaHMEqKAHQgE9vPZjuNcQ6VDl,neutral,2026-06-09T01:17:03.000Z,0,0,0,0,0.0,0,,Anang Amang,0.0
facebook,comment,Y29tbWVudDoxNDIzMzQ5MjAzMTcyOTk1XzIxOTk4NTY5NjQxNzAzODk=,Pas ni hilang arah mna2 parti yg dikawan nya semua melingkup,,https://www.facebook.com/bhonline/posts/pfbid02G1y6qAMhAZwLpSCrgrtyneGXZYFWshNvVJXKuNmroaHMEqKAHQgE9vPZjuNcQ6VDl,pfbid02G1y6qAMhAZwLpSCrgrtyneGXZYFWshNvVJXKuNmroaHMEqKAHQgE9vPZjuNcQ6VDl,neutral,2026-06-08T23:25:55.000Z,9,0,0,0,0.0,9,,Ab Majid Haron,0.0
facebook,comment,Y29tbWVudDoxNDIzMzQ5MjAzMTcyOTk1XzIxNzY5OTQ3MzY0NTM3NDk=,perlis dpt menafaat dulu drpd tindakan sendiri..ha³ 👍,,https://www.facebook.com/bhonline/posts/pfbid02G1y6qAMhAZwLpSCrgrtyneGXZYFWshNvVJXKuNmroaHMEqKAHQgE9vPZjuNcQ6VDl,pfbid02G1y6qAMhAZwLpSCrgrtyneGXZYFWshNvVJXKuNmroaHMEqKAHQgE9vPZjuNcQ6VDl,neutral,2026-06-09T00:29:16.000Z,0,0,0,0,0.0,0,,بودي ابادي,0.0
facebook,comment,Y29tbWVudDoxNDIzMzQ5MjAzMTcyOTk1XzI3MTQ0NzQ3NDA1MTc0NzQ1,BegiItulah Al kisah parti paklebai malang akhir semua parti Islam di sisihkan dia rasa dia lah terpaling melayu Islam ..yg untung sapa haaa?,,https://www.facebook.com/bhonline/posts/pfbid02G1y6qAMhAZwLpSCrgrtyneGXZYFWshNvVJXKuNmroaHMEqKAHQgE9vPZjuNcQ6VDl,pfbid02G1y6qAMhAZwLpSCrgrtyneGXZYFWshNvVJXKuNmroaHMEqKAHQgE9vPZjuNcQ6VDl,neutral,2026-06-08T16:32:53.000Z,11,0,0,0,0.0,11,,Nazri Ahmad,0.0
facebook,post,1423651306476118,#BHnasional Agenda mesyuarat khas malam tadi tak menyentuh atau membincangkan soal kedudukan semasa PAS dalam PN,https://www.facebook.com/bhonline/posts/pfbid02k7pVon2E9h2Gm9tMJz4ipFrxaD1ZC8eCejoaYZ7naZXE31GZigVPyqF9GjuAHwswl,,,neutral,1780963961,0,0,0,0,0.0,0,0.0,,
facebook,comment,Y29tbWVudDoxNDIzNjUxMzA2NDc2MTE4XzE5NDE1MjgyMjM0NjExMDc=,pulak dah...sbb tu aku ckp hadi awang ni nyanyok..putus dgn bersatu..tp dlm PN ada bersatu..jd pas nk apa sebenar nye?yg pelik nye walaun ni punya la tepuk tgn gembira bila pas putus ngan bersatu tp nk buat penyatuan melayu..dah tu bersatu tu bkn melayu ke..yg pg putus kenapa?sbb tu la nk berpolitik jangan tunggang agama dan bangsa.,,https://www.facebook.com/bhonline/posts/pfbid02k7pVon2E9h2Gm9tMJz4ipFrxaD1ZC8eCejoaYZ7naZXE31GZigVPyqF9GjuAHwswl,pfbid02k7pVon2E9h2Gm9tMJz4ipFrxaD1ZC8eCejoaYZ7naZXE31GZigVPyqF9GjuAHwswl,neutral,2026-06-09T00:16:43.000Z,19,0,5,0,0.0,29,,Saddam Afizan,0.0
facebook,comment,Y29tbWVudDoxNDIzNjUxMzA2NDc2MTE4XzI0ODc4NzI2ODQ5Njg5NDQ=,Dah bercerai tapi masih nak duduk serumah 😅,,https://www.facebook.com/bhonline/posts/pfbid02k7pVon2E9h2Gm9tMJz4ipFrxaD1ZC8eCejoaYZ7naZXE31GZigVPyqF9GjuAHwswl,pfbid02k7pVon2E9h2Gm9tMJz4ipFrxaD1ZC8eCejoaYZ7naZXE31GZigVPyqF9GjuAHwswl,neutral,2026-06-09T00:15:54.000Z,24,0,7,0,0.0,38,,Roy Azroy,0.0
facebook,comment,Y29tbWVudDoxNDIzNjUxMzA2NDc2MTE4XzE0NzcwMTAzODM2Mzk5NzY=,"umpama suami istri cerai tapi masih tidur sebilik, begini la gaya lebai2 celup dlm pas🤣🤣🤣",,https://www.facebook.com/bhonline/posts/pfbid02k7pVon2E9h2Gm9tMJz4ipFrxaD1ZC8eCejoaYZ7naZXE31GZigVPyqF9GjuAHwswl,pfbid02k7pVon2E9h2Gm9tMJz4ipFrxaD1ZC8eCejoaYZ7naZXE31GZigVPyqF9GjuAHwswl,neutral,2026-06-09T00:18:02.000Z,12,0,0,0,0.0,12,,Gayatson Son,0.0
facebook,comment,Y29tbWVudDoxNDIzNjUxMzA2NDc2MTE4XzQzMTY1NjYwNjE5OTA1ODQ=,"Kami dengar dan patuh, sirru ala barakatillah",,https://www.facebook.com/bhonline/posts/pfbid02k7pVon2E9h2Gm9tMJz4ipFrxaD1ZC8eCejoaYZ7naZXE31GZigVPyqF9GjuAHwswl,pfbid02k7pVon2E9h2Gm9tMJz4ipFrxaD1ZC8eCejoaYZ7naZXE31GZigVPyqF9GjuAHwswl,neutral,2026-06-09T00:37:06.000Z,8,0,2,0,0.0,12,,PHan Fizs,0.0
facebook,comment,Y29tbWVudDoxNDIzNjUxMzA2NDc2MTE4XzE0MjI3NjI4ODI5NDg2OTY=,The tussle for PN brand ownership has started..,,https://www.facebook.com/bhonline/posts/pfbid02k7pVon2E9h2Gm9tMJz4ipFrxaD1ZC8eCejoaYZ7naZXE31GZigVPyqF9GjuAHwswl,pfbid02k7pVon2E9h2Gm9tMJz4ipFrxaD1ZC8eCejoaYZ7naZXE31GZigVPyqF9GjuAHwswl,neutral,2026-06-09T00:19:21.000Z,3,0,0,0,0.0,3,,Abu Nuhar,0.0
facebook,comment,Y29tbWVudDoxNDIzNjUxMzA2NDc2MTE4XzI1MTEzMDg1MTkzNTU3NDY=,"Pulak dah. Fatwa baru ke ni? Dah tak mahram tapi tak haram walaupun  bersedudukan.... faham faham lah, versi isley terpaling... 🤔",,https://www.facebook.com/bhonline/posts/pfbid02k7pVon2E9h2Gm9tMJz4ipFrxaD1ZC8eCejoaYZ7naZXE31GZigVPyqF9GjuAHwswl,pfbid02k7pVon2E9h2Gm9tMJz4ipFrxaD1ZC8eCejoaYZ7naZXE31GZigVPyqF9GjuAHwswl,neutral,2026-06-09T01:08:46.000Z,4,0,0,0,0.0,4,,Najeeb Mohamad,0.0
facebook,comment,Y29tbWVudDoxNDIzNjUxMzA2NDc2MTE4XzEyMzQ5ODMwNjUyNDI0NzA=,"Apa pun .. kami akar umbi tunggu keputusan muktamad kepimpinan tertinggi PAS. Wala', akur, patuh dan taat.",,https://www.facebook.com/bhonline/posts/pfbid02k7pVon2E9h2Gm9tMJz4ipFrxaD1ZC8eCejoaYZ7naZXE31GZigVPyqF9GjuAHwswl,pfbid02k7pVon2E9h2Gm9tMJz4ipFrxaD1ZC8eCejoaYZ7naZXE31GZigVPyqF9GjuAHwswl,neutral,2026-06-09T02:29:42.000Z,3,0,0,0,0.0,3,,Hanisya Abd Hamid,0.0
facebook,comment,Y29tbWVudDoxNDIzNjUxMzA2NDc2MTE4XzEzMjIwNTM1NDY1NDM4OTU=,Mmg pelik jgak bunyinya... bercerai tapi masih duduk serumah...mungkin nok berebut rmh la tu...huhuhu🤭🤭,,https://www.facebook.com/bhonline/posts/pfbid02k7pVon2E9h2Gm9tMJz4ipFrxaD1ZC8eCejoaYZ7naZXE31GZigVPyqF9GjuAHwswl,pfbid02k7pVon2E9h2Gm9tMJz4ipFrxaD1ZC8eCejoaYZ7naZXE31GZigVPyqF9GjuAHwswl,neutral,2026-06-09T00:47:44.000Z,4,0,1,0,0.0,6,,Irwan J,0.0
facebook,comment,Y29tbWVudDoxNDIzNjUxMzA2NDc2MTE4XzE5NTM0MzUxMzUzMzExOTE=,Cerai tapi masih serumah..mcm jawapan sesetengah selebriti la..walaupun kami dah cerai tp kami masih berkawan baik..kami xbermusuh pun..demi anak2..,,https://www.facebook.com/bhonline/posts/pfbid02k7pVon2E9h2Gm9tMJz4ipFrxaD1ZC8eCejoaYZ7naZXE31GZigVPyqF9GjuAHwswl,pfbid02k7pVon2E9h2Gm9tMJz4ipFrxaD1ZC8eCejoaYZ7naZXE31GZigVPyqF9GjuAHwswl,neutral,2026-06-09T00:39:20.000Z,5,0,3,0,0.0,11,,Deen Razali,0.0
facebook,comment,Y29tbWVudDoxNDIzNjUxMzA2NDc2MTE4XzIxNjEzMTMyOTEzOTIzNjY=,"Bercerai tp masih tidor sebantal? Mahzab apa PN pakai?  
Boleh ke bincang secara harmoni bila jumpa, bila mesyuarat, buat program ????",,https://www.facebook.com/bhonline/posts/pfbid02k7pVon2E9h2Gm9tMJz4ipFrxaD1ZC8eCejoaYZ7naZXE31GZigVPyqF9GjuAHwswl,pfbid02k7pVon2E9h2Gm9tMJz4ipFrxaD1ZC8eCejoaYZ7naZXE31GZigVPyqF9GjuAHwswl,neutral,2026-06-09T00:17:46.000Z,2,0,1,0,0.0,4,,Mohammad Omar,0.0
facebook,post,1522534133248020,Buat masa ini semua parti dalam PN kekal fokus terhadap tanggungjawab yang lebih besar memandangkan PRN Johor dan Negeri Sembilan semakin hampir.,https://www.facebook.com/sinarharian/posts/pfbid0A3LTH7jBx58nrFtaancTcZ78dmwzNvb3UQTertgC4Ybvx4iE9sUKiKkKCh2TXH9Zl,,,neutral,1781004745,0,0,0,0,0.0,0,0.0,,
facebook,comment,Y29tbWVudDoxNTIyNTM0MTMzMjQ4MDIwXzE4Njc0NDIyMDM5MjQwMzU=,"MENYELUSURI FAKTA SEJARAH

Tuduhan bahawa PAS “sukar bekerjasama” dan “suka berpoligami politik” adalah satu kesimpulan yang terlalu mudah, dangkal dan kelihatan bias terhadap PAS. Lebih malang apabila tuduhan sebegini datang daripada seorang ahli akademik yang sepatutnya menilai sejarah secara menyeluruh, bukan memilih fakta yang sesuai dengan naratif tertentu sahaja.

Kalau benar mahu berlaku adil, sejarah hubungan PAS dalam gabungan politik mesti dibaca dengan lengkap. Persoalannya bukan sekadar “kenapa PAS tidak kekal dalam gabungan?”, tetapi mesti ditanya: siapa yang melanggar janji? siapa yang tidak setiakawan? siapa yang membuat keputusan sepihak? siapa yang menekan PAS supaya meninggalkan prinsip Islam?

Dalam banyak episod sejarah, PAS bukan keluar kerana tidak mahu bekerjasama. PAS berpisah apabila rakan gabungan mula mengkhianati semangat tahaluf, tidak menghormati dasar perjuangan Islam, membuat keputusan sendiri tanpa rundingan, atau mahu PAS menjadi penumpang yang hanya menurut arahan parti lain.

Dalam Barisan Nasional 1977, PAS bukan keluar secara suka-suka. Krisis Kelantan dan campur tangan politik ketika itu membawa kepada PAS disingkirkan. PAS membayar harga kerana mempertahankan prinsip dan mandat rakyat Kelantan. Maka amat tidak adil apabila sejarah itu diputar seolah-olah PAS yang tidak pandai berkawan.

Dalam Barisan Alternatif, PAS juga tidak meninggalkan gabungan. Yang keluar ialah DAP kerana tidak boleh menerima pendirian PAS tentang perjuangan Islam. Ini membuktikan masalah sebenar bukan PAS gagal bekerjasama, tetapi ada rakan gabungan yang mahu PAS menggugurkan identiti dan prinsipnya sendiri.

Dalam Angkatan Perpaduan Ummah bersama Semangat 46, PAS bertahan sehingga berlaku tindakan yang mencalarkan kepercayaan politik. Apabila rahsia kerajaan negeri didedahkan, keputusan kerajaan ditentang, dan pemimpin rakan gabungan mula bergerak ke arah UMNO, PAS terpaksa mempertahankan maruah gabungan dan amanah rakyat Kelantan. Itu bukan tidak setia. Itu menjaga prinsip.

Dalam Pakatan Rakyat, sejarah juga jelas. DAP sendiri mengambil pendirian memutuskan hubungan dengan Presiden PAS dan kemudian keadaan pakatan menjadi tidak lagi stabil. PAS dipersalahkan, sedangkan pihak lain yang membuat keputusan keras secara terbuka. Apabila PAS mempertahankan hudud, RUU355 dan prinsip Islam, mereka menuduh PAS ekstrem. Tetapi apabila mereka mempertahankan ideologi sekular dan prinsip parti mereka, mereka panggil itu “prinsip”. Di mana keadilannya?

Dalam hubungan dengan PKR, PAS juga tidak memutuskan hubungan tanpa sebab. Apabila PKR menentang agenda Islam PAS, menyerang pimpinan PAS, bekerjasama dengan pihak yang mahu menjatuhkan kerajaan PAS Kelantan dan melawan calon PAS dalam pilihan raya kecil, maka hubungan tahaluf sudah hilang makna. PAS tidak boleh dipaksa terus bersama dengan pihak yang menikam dari dalam.

Dalam Muafakat Nasional, PAS kekal berpegang kepada gagasan penyatuan ummah yang lebih besar. PAS mahu UMNO dan BERSATU duduk bersama. Tetapi apabila ada pihak yang terlalu yakin mahu menjadi “abang besar”, menolak rakan lain, dan akhirnya membuat keputusan politik sendiri, maka jangan salahkan PAS apabila MN tidak berkembang seperti yang diharapkan.

Di sinilah lemahnya tuduhan “PAS berpoligami politik”. Istilah itu hanya sedap untuk tajuk forum, tetapi lemah dari sudut analisis. PAS bukan parti yang melompat tanpa arah. PAS ialah parti yang bekerjasama selagi prinsip Islam, amanah rakyat dan maruah perjuangan dihormati. Apabila prinsip itu dipijak, PAS memilih untuk tidak menjadi tunggangan.

Musuh PAS memang akan spin cerita. Mereka mahu rakyat percaya bahawa PAS punca semua perpecahan. Mereka tidak mahu rakyat melihat hakikat bahawa banyak gabungan retak kerana rakan PAS sendiri tidak setiakawan, terlalu berkepentingan diri, terlalu bossy, dan tidak mahu menghormati dasar perjuangan Islam PAS.

Inilah lumrah perjuangan Islam. Apabila PAS tegas, mereka kata PAS ekstrem. Apabila PAS bekerjasama, mereka kata PAS oportunis. Apabila PAS berpisah kerana prinsip, mereka kata PAS tidak setia. Apa sahaja PAS buat, musuh akan cari jalan untuk memburukkan PAS.
Namun perjuangan tidak diukur dengan tepukan musuh. Perjuangan diukur dengan istiqamah, kesabaran dan kejujuran mempertahankan prinsip.

Allah SWT mengingatkan bahawa orang beriman pasti diuji dengan gangguan musuh, celaan dan tekanan. Tetapi bagi mereka yang bersabar dan bertakwa, itulah urusan yang besar nilainya di sisi Allah.
Maka PAS tidak perlu takut dengan naratif murahan. Sejarah membuktikan PAS bukan parti yang gagal bekerjasama. PAS cuma tidak mahu bekerjasama dengan cara menjual prinsip Islam, menjadi pak turut, atau tunduk kepada kehendak parti lain yang mahu Islam diketepikan.

PAS boleh bekerjasama.
PAS pernah bekerjasama.
PAS sanggup bekerjasama.
Tetapi PAS tidak akan menggadaikan prinsip perjuangan Islam semata-mata untuk kekal dalam gabungan.
Itulah bezanya parti berprinsip dengan parti yang hidup hanya kerana jawatan dan kuasa.

KREDIT: Zainal Sudin",,https://www.facebook.com/sinarharian/posts/pfbid0A3LTH7jBx58nrFtaancTcZ78dmwzNvb3UQTertgC4Ybvx4iE9sUKiKkKCh2TXH9Zl,pfbid0A3LTH7jBx58nrFtaancTcZ78dmwzNvb3UQTertgC4Ybvx4iE9sUKiKkKCh2TXH9Zl,neutral,2026-06-09T12:01:49.000Z,6,0,0,0,0.0,6,,Jamu Ratu,0.0
facebook,comment,Y29tbWVudDoxNTIyNTM0MTMzMjQ4MDIwXzIwNDAxOTk3ODM1MTk5OTk=,"Politik memang begitu. Hari ini kawan, esok boleh jadi lawan. Hari ini saling puji, esok saling serang.
Sebab itu jangan terlalu taksub kepada mana2 pemimpin atau parti. Kebanyakan ahli politik akan buat apa sahaja demi kuasa dan kedudukan. Bila kepentingan berubah, pendirian juga boleh berubah.
Rakyat pula jangan sampai bergaduh sesama sendiri mempertahankan ahli politik. Mereka sibuk berunding jawatan dan kerusi, sedangkan rakyat masih bergelut dengan kos sara hidup, gaji yg tidak naik, dan harga barang yang semakin mahal.
Bagi sesetengah ahli politik, kuasa adalah keutamaan. Sama ada rakyat kenyang atau lapar esok hari, itu selalunya bukan perkara yang membuat mereka hilang tidur.",,https://www.facebook.com/sinarharian/posts/pfbid0A3LTH7jBx58nrFtaancTcZ78dmwzNvb3UQTertgC4Ybvx4iE9sUKiKkKCh2TXH9Zl,pfbid0A3LTH7jBx58nrFtaancTcZ78dmwzNvb3UQTertgC4Ybvx4iE9sUKiKkKCh2TXH9Zl,neutral,2026-06-09T11:34:25.000Z,5,0,1,0,0.0,7,,Chin Tan,0.0
facebook,comment,Y29tbWVudDoxNTIyNTM0MTMzMjQ4MDIwXzEyODMxNDQ1MjA2NjgxNTU=,Pas sepatutnya nya lebih awal lagi keluar dari PN.,,https://www.facebook.com/sinarharian/posts/pfbid0A3LTH7jBx58nrFtaancTcZ78dmwzNvb3UQTertgC4Ybvx4iE9sUKiKkKCh2TXH9Zl,pfbid0A3LTH7jBx58nrFtaancTcZ78dmwzNvb3UQTertgC4Ybvx4iE9sUKiKkKCh2TXH9Zl,neutral,2026-06-09T11:40:32.000Z,5,0,1,0,0.0,7,,Muhammad Syameer,0.0
facebook,comment,Y29tbWVudDoxNTIyNTM0MTMzMjQ4MDIwXzEzMDkzOTk4NjgwMzQ4MjM=,Gerakan akan jadi Gelakan lepas PRU16,,https://www.facebook.com/sinarharian/posts/pfbid0A3LTH7jBx58nrFtaancTcZ78dmwzNvb3UQTertgC4Ybvx4iE9sUKiKkKCh2TXH9Zl,pfbid0A3LTH7jBx58nrFtaancTcZ78dmwzNvb3UQTertgC4Ybvx4iE9sUKiKkKCh2TXH9Zl,neutral,2026-06-09T12:25:33.000Z,0,0,0,0,0.0,0,,Mat Sri,0.0
facebook,comment,Y29tbWVudDoxNTIyNTM0MTMzMjQ4MDIwXzE5ODY4MDI0MTE5NDA0NTM=,Gerakan kena ada duit baru pas setia,,https://www.facebook.com/sinarharian/posts/pfbid0A3LTH7jBx58nrFtaancTcZ78dmwzNvb3UQTertgC4Ybvx4iE9sUKiKkKCh2TXH9Zl,pfbid0A3LTH7jBx58nrFtaancTcZ78dmwzNvb3UQTertgC4Ybvx4iE9sUKiKkKCh2TXH9Zl,neutral,2026-06-09T11:37:19.000Z,4,0,2,0,0.0,8,,Nik Ahmad Gomo,0.0
facebook,comment,Y29tbWVudDoxNTIyNTM0MTMzMjQ4MDIwXzk5MjA0NDU1NzA3NTE0NQ==,"Seeloknya PAS keluar PN, tengok tanpa PAS brp kerusi agaknya PN blh dpt....",,https://www.facebook.com/sinarharian/posts/pfbid0A3LTH7jBx58nrFtaancTcZ78dmwzNvb3UQTertgC4Ybvx4iE9sUKiKkKCh2TXH9Zl,pfbid0A3LTH7jBx58nrFtaancTcZ78dmwzNvb3UQTertgC4Ybvx4iE9sUKiKkKCh2TXH9Zl,neutral,2026-06-09T12:19:31.000Z,3,0,0,0,0.0,3,,Dyen Mat,0.0
facebook,comment,Y29tbWVudDoxNTIyNTM0MTMzMjQ4MDIwXzQ0MTY4NzU2MDg1NjAzMjE=,Ok je kalo Gerakan x nk cari mkn dgn pas lg..mungkin kerusi exco gerakan akan diisi oleh pas lepas ni.lg pun gerakan hanya ada 1 je kerusi dun di kedah,,https://www.facebook.com/sinarharian/posts/pfbid0A3LTH7jBx58nrFtaancTcZ78dmwzNvb3UQTertgC4Ybvx4iE9sUKiKkKCh2TXH9Zl,pfbid0A3LTH7jBx58nrFtaancTcZ78dmwzNvb3UQTertgC4Ybvx4iE9sUKiKkKCh2TXH9Zl,neutral,2026-06-09T13:23:38.000Z,1,0,0,0,0.0,1,,Zuki Mahadi,0.0
facebook,comment,Y29tbWVudDoxNTIyNTM0MTMzMjQ4MDIwXzEwNTk5OTY1NTMxMjQwOTk=,"Dr Dominic Lau Hoe Chai Gerakan Boleh pilih nak ikut bersatu atau bersama PAS selaku Pengerusi PN ketika ini oleh kerana bersatu sudah mempunyai IPR.
Bersatu hanya tinggal 6 org.
Jalan terbaik Gerakan dan MIPP boleh Bersama PAS dan mempunyai peluang lebih luas demi kelangsungan politik bukan Melayu untuk mengambil tempat bersama dengan Pas.",,https://www.facebook.com/sinarharian/posts/pfbid0A3LTH7jBx58nrFtaancTcZ78dmwzNvb3UQTertgC4Ybvx4iE9sUKiKkKCh2TXH9Zl,pfbid0A3LTH7jBx58nrFtaancTcZ78dmwzNvb3UQTertgC4Ybvx4iE9sUKiKkKCh2TXH9Zl,neutral,2026-06-09T12:24:30.000Z,0,0,1,0,0.0,2,,Apek Garry,0.0
facebook,comment,Y29tbWVudDoxNTIyNTM0MTMzMjQ4MDIwXzE3NzY1MzU5OTk5Nzk0ODI=,Khianat dan x amanah ni is the lowest morality of a man. Lebih kurang x guna satu sen pon  even letak dimana mana pon you got no value for been trust. Manusia paling hina.,,https://www.facebook.com/sinarharian/posts/pfbid0A3LTH7jBx58nrFtaancTcZ78dmwzNvb3UQTertgC4Ybvx4iE9sUKiKkKCh2TXH9Zl,pfbid0A3LTH7jBx58nrFtaancTcZ78dmwzNvb3UQTertgC4Ybvx4iE9sUKiKkKCh2TXH9Zl,neutral,2026-06-10T02:38:47.000Z,0,0,0,0,0.0,0,,Azhairi Mohamad,0.0
facebook,comment,Y29tbWVudDoxNTIyNTM0MTMzMjQ4MDIwXzE1Njk0MzE0MjQ3OTc3NDk=,"PAS DGN BERSATU DAH HANCUR.MACAM MANA RARTI SAMPAH INI NK JADI KRAJAAN.RAKYAT MLAYSIA WAJIB TOLAK PARTI PALING TAK GUNA PAS,BERSATU.PILIH KRAJAAN STABIL PAKATAN HARAPAN",,https://www.facebook.com/sinarharian/posts/pfbid0A3LTH7jBx58nrFtaancTcZ78dmwzNvb3UQTertgC4Ybvx4iE9sUKiKkKCh2TXH9Zl,pfbid0A3LTH7jBx58nrFtaancTcZ78dmwzNvb3UQTertgC4Ybvx4iE9sUKiKkKCh2TXH9Zl,neutral,2026-06-10T02:03:15.000Z,0,0,0,0,0.0,0,,Lang Buana,0.0
facebook,post,27537939292510993,"PUTUS HUBUNGAN DENGAN BERSATU: KEM ULAMA TAK SETUJU KEPUTUSAN KEM TEKNOKRAT DALAM PAS?
9 June 2026

KUALA LUMPUR – Keputusan memutuskan hubungan dengan Parti Pribumi Bersatu Malaysia (Bersatu) malam tadi didakwa tidak mendapat persetujuan sepenuhnya daripada Majlis Syura Ulamak Pas.

Ketua Penerangan Bersatu, Datuk Tun Faisal Ismail Aziz mendakwa, sejak awal lagi pihaknya menerima maklumat mengenai percanggahan pandangan antara kem majlis syura atau kem ulama itu dengan kem teknokrat yang dikaitkan dengan bekas Timbalan Presiden Bersatu, Datuk Seri Hamzah Zainudin.

Menurutnya, difahamkan kem ulama dalam majlis syura berpandangan tidak wajar untuk memutuskan hubungan dengan Bersatu kerana pertelingkahan dengan Bersatu dianggap mudarat kecil berbanding tindakan-tindakan yang membolehkan Pakatan Harapan (PH) dan DAP terus memegang kuasa, yang dianggap sebagai mudarat besar.

“Saya difahamkan oleh rakan-rakan dalam Pas, berkemungkinan Majlis Syura Ulamak Pas tidak mahu bertanggungjawab untuk membuat keputusan memutuskan hubungan dengan Bersatu.

“Disebabkan ini mereka menyerahkan kepada Jawatankuasa Pas Pusat untuk membuat keputusan memutuskan hubungan dengan Bersatu,” katanya dalam satu kenyataan hari ini.

MalaysiaGazette sebelum ini melaporkan, keputusan Pas untuk menghentikan kerjasama dengan Bersatu difahamkan tidak diterima secara sebulat suara.

Menurut sumber, terdapat beberapa ahli Mesyuarat Khas Jawatankuasa Kerja Pas Pusat pada mesyuarat malam tadi menyuarakan pandangan berbeza terhadap keputusan berkenaan. – MalaysiaGazette",https://www.facebook.com/tunfaisalismail.aziz/posts/pfbid0H9AfqNqJq95TYPmUekcKpefGsFVaTdnDkHAAqiAkGeDSBY3qYahR1wkKsQR2oK8yl,,,neutral,1780969738,0,0,0,0,0.0,0,0.0,,
facebook,comment,Y29tbWVudDoyNzUzNzkzOTI5MjUxMDk5M18xNTcyMDgzOTA3OTY2NTcw,"Hmmm rajin komen parti orang pulak.. Biar la mereka bercanggah ke tak ke, jaga bersatu tu jangan sampai bersepai lagi",,https://www.facebook.com/tunfaisalismail.aziz/posts/pfbid0H9AfqNqJq95TYPmUekcKpefGsFVaTdnDkHAAqiAkGeDSBY3qYahR1wkKsQR2oK8yl,pfbid0H9AfqNqJq95TYPmUekcKpefGsFVaTdnDkHAAqiAkGeDSBY3qYahR1wkKsQR2oK8yl,neutral,2026-06-09T01:52:16.000Z,263,0,2,0,0.0,267,,Fauzan Wairon,0.0
facebook,comment,Y29tbWVudDoyNzUzNzkzOTI5MjUxMDk5M18xMDA4NTE3NzE4MjEyNTEx,"La..ketua ceplos hari2 maki Pas, tak sampai 24jam dh gila talak",,https://www.facebook.com/tunfaisalismail.aziz/posts/pfbid0H9AfqNqJq95TYPmUekcKpefGsFVaTdnDkHAAqiAkGeDSBY3qYahR1wkKsQR2oK8yl,pfbid0H9AfqNqJq95TYPmUekcKpefGsFVaTdnDkHAAqiAkGeDSBY3qYahR1wkKsQR2oK8yl,neutral,2026-06-09T01:51:05.000Z,285,0,16,0,0.0,317,,MohdNizam Ibrahim,0.0
facebook,comment,Y29tbWVudDoyNzUzNzkzOTI5MjUxMDk5M18xMzA0MTQ0MzIxMzYyNDIz,Keputusan sudah pon dibuat🤣🤣🤣,,https://www.facebook.com/tunfaisalismail.aziz/posts/pfbid0H9AfqNqJq95TYPmUekcKpefGsFVaTdnDkHAAqiAkGeDSBY3qYahR1wkKsQR2oK8yl,pfbid0H9AfqNqJq95TYPmUekcKpefGsFVaTdnDkHAAqiAkGeDSBY3qYahR1wkKsQR2oK8yl,neutral,2026-06-09T02:37:18.000Z,56,0,0,0,0.0,56,,رزالي بن قاسم,0.0
facebook,comment,Y29tbWVudDoyNzUzNzkzOTI5MjUxMDk5M18xMDMxMTUzNzg5ODYwNDk2,Cara mung menulis pom mmg orang benci mung🤣 . Same sendiri dalam parti bersatu pom gaduh pecat memecat. Tinggal lah 2 3 org je dalam bersatu nanti🤣,,https://www.facebook.com/tunfaisalismail.aziz/posts/pfbid0H9AfqNqJq95TYPmUekcKpefGsFVaTdnDkHAAqiAkGeDSBY3qYahR1wkKsQR2oK8yl,pfbid0H9AfqNqJq95TYPmUekcKpefGsFVaTdnDkHAAqiAkGeDSBY3qYahR1wkKsQR2oK8yl,neutral,2026-06-09T01:54:38.000Z,217,0,3,0,0.0,223,,Mohd Izri,0.0
facebook,comment,Y29tbWVudDoyNzUzNzkzOTI5MjUxMDk5M185MDQ4NTcwMzkzMDQ5Mjg=,berbeza pendapat tiada masalah jika keputusan dibuat dengan suara majoriti,,https://www.facebook.com/tunfaisalismail.aziz/posts/pfbid0H9AfqNqJq95TYPmUekcKpefGsFVaTdnDkHAAqiAkGeDSBY3qYahR1wkKsQR2oK8yl,pfbid0H9AfqNqJq95TYPmUekcKpefGsFVaTdnDkHAAqiAkGeDSBY3qYahR1wkKsQR2oK8yl,neutral,2026-06-09T01:51:34.000Z,141,0,3,0,0.0,147,,Mohd Raffi Khatijan,0.0
facebook,comment,Y29tbWVudDoyNzUzNzkzOTI5MjUxMDk5M18xNjY0Mzk1NDk4MTQ5NzUx,BERSATU hebat ada jentera..dah boleh go on sendiri,,https://www.facebook.com/tunfaisalismail.aziz/posts/pfbid0H9AfqNqJq95TYPmUekcKpefGsFVaTdnDkHAAqiAkGeDSBY3qYahR1wkKsQR2oK8yl,pfbid0H9AfqNqJq95TYPmUekcKpefGsFVaTdnDkHAAqiAkGeDSBY3qYahR1wkKsQR2oK8yl,neutral,2026-06-09T01:55:26.000Z,152,0,7,0,0.0,166,,Ustaz Muhd Muaz,0.0
facebook,comment,Y29tbWVudDoyNzUzNzkzOTI5MjUxMDk5M185ODczMDE0NzA3ODE1OTE=,Meroyan ketua ceplos🤣🤣,,https://www.facebook.com/tunfaisalismail.aziz/posts/pfbid0H9AfqNqJq95TYPmUekcKpefGsFVaTdnDkHAAqiAkGeDSBY3qYahR1wkKsQR2oK8yl,pfbid0H9AfqNqJq95TYPmUekcKpefGsFVaTdnDkHAAqiAkGeDSBY3qYahR1wkKsQR2oK8yl,neutral,2026-06-09T04:45:32.000Z,11,0,0,0,0.0,11,,Hariz Norizam,0.0
facebook,comment,Y29tbWVudDoyNzUzNzkzOTI5MjUxMDk5M185NjU1MDgyOTk3MjM5MDc=,"Cubaan melaga2kan. Ni namanya mengadu domba. Dlm al Quran ada sebut apa jadi pada golongan pengadu domba ni.

Ingat sikit.",,https://www.facebook.com/tunfaisalismail.aziz/posts/pfbid0H9AfqNqJq95TYPmUekcKpefGsFVaTdnDkHAAqiAkGeDSBY3qYahR1wkKsQR2oK8yl,pfbid0H9AfqNqJq95TYPmUekcKpefGsFVaTdnDkHAAqiAkGeDSBY3qYahR1wkKsQR2oK8yl,neutral,2026-06-09T02:07:29.000Z,95,0,2,0,0.0,99,,Mohd Farhan Ainun Naim,0.0
facebook,comment,Y29tbWVudDoyNzUzNzkzOTI5MjUxMDk5M18yMTkwNDE4NDg1MDU3Njky,Dalam mesyuarat memanglah ada yang setuju tak setuju tapi perlulah ikut suara majoriti.,,https://www.facebook.com/tunfaisalismail.aziz/posts/pfbid0H9AfqNqJq95TYPmUekcKpefGsFVaTdnDkHAAqiAkGeDSBY3qYahR1wkKsQR2oK8yl,pfbid0H9AfqNqJq95TYPmUekcKpefGsFVaTdnDkHAAqiAkGeDSBY3qYahR1wkKsQR2oK8yl,neutral,2026-06-09T02:01:29.000Z,85,0,1,0,0.0,87,,Sofuan Saadon,0.0
facebook,comment,Y29tbWVudDoyNzUzNzkzOTI5MjUxMDk5M184NTI4MTA4MzQ1NDkzMjM=,Sabar Dato' Tun.. Bersatu boleh dah gerak jentera parti untuk PRU dan PRN Johor.. Ahli ada hampir sejuta kan?,,https://www.facebook.com/tunfaisalismail.aziz/posts/pfbid0H9AfqNqJq95TYPmUekcKpefGsFVaTdnDkHAAqiAkGeDSBY3qYahR1wkKsQR2oK8yl,pfbid0H9AfqNqJq95TYPmUekcKpefGsFVaTdnDkHAAqiAkGeDSBY3qYahR1wkKsQR2oK8yl,neutral,2026-06-09T02:37:31.000Z,52,0,6,0,0.0,64,,Ardy Sazly,0.0
facebook,post,1545756463887062,"Esok PAS putus dengan Bersatu ke, PAS peluk balik Bersatu ke, peduli apa aku? Biarlah kat diorang...berkecamuk sudah

RJ Rithaudeen",https://www.facebook.com/permalink.php?story_fbid=pfbid033L7KTbhCDeHs73gbhodJQRZMCM2pNfba6kWKzbY4GNeEF2CyhKt9vEsZiTQxLDThl&id=100053581701911,,,neutral,1780820904,0,0,0,0,0.0,0,0.0,,
facebook,comment,Y29tbWVudDoxNTQ1NzU2NDYzODg3MDYyXzk4NDEwNzg2MDkxNjUyMA==,Tak peduli tapi rindu. Tiap hari tulis pasal PAS,,https://www.facebook.com/permalink.php?story_fbid=pfbid033L7KTbhCDeHs73gbhodJQRZMCM2pNfba6kWKzbY4GNeEF2CyhKt9vEsZiTQxLDThl&id=100053581701911,pfbid033L7KTbhCDeHs73gbhodJQRZMCM2pNfba6kWKzbY4GNeEF2CyhKt9vEsZiTQxLDThl,neutral,2026-06-07T08:55:42.000Z,39,0,1,0,0.0,41,,Mat Serai,0.0
facebook,comment,Y29tbWVudDoxNTQ1NzU2NDYzODg3MDYyXzk0NTEyNTI1ODU3NjI4Nw==,Yg hang dok kalut nk post dlm fb pasai pa.kata x peduli tp hang yg pulun ambil peduli.memang manusia 2 alam hang ni,,https://www.facebook.com/permalink.php?story_fbid=pfbid033L7KTbhCDeHs73gbhodJQRZMCM2pNfba6kWKzbY4GNeEF2CyhKt9vEsZiTQxLDThl&id=100053581701911,pfbid033L7KTbhCDeHs73gbhodJQRZMCM2pNfba6kWKzbY4GNeEF2CyhKt9vEsZiTQxLDThl,neutral,2026-06-07T12:42:29.000Z,24,0,0,0,0.0,24,,Mie,0.0
facebook,comment,Y29tbWVudDoxNTQ1NzU2NDYzODg3MDYyXzEyOTY4MDA3NDU5MzcwMjY=,"Yang Tuan sibuk2 , apasal.....",,https://www.facebook.com/permalink.php?story_fbid=pfbid033L7KTbhCDeHs73gbhodJQRZMCM2pNfba6kWKzbY4GNeEF2CyhKt9vEsZiTQxLDThl&id=100053581701911,pfbid033L7KTbhCDeHs73gbhodJQRZMCM2pNfba6kWKzbY4GNeEF2CyhKt9vEsZiTQxLDThl,neutral,2026-06-08T02:03:56.000Z,7,0,2,0,0.0,11,,Juhairi Harun Hairi,0.0
facebook,comment,Y29tbWVudDoxNTQ1NzU2NDYzODg3MDYyXzI0NjUzMjY0OTM5NDc4NTk=,biasa  la tu kan caplos berbayar,,https://www.facebook.com/permalink.php?story_fbid=pfbid033L7KTbhCDeHs73gbhodJQRZMCM2pNfba6kWKzbY4GNeEF2CyhKt9vEsZiTQxLDThl&id=100053581701911,pfbid033L7KTbhCDeHs73gbhodJQRZMCM2pNfba6kWKzbY4GNeEF2CyhKt9vEsZiTQxLDThl,neutral,2026-06-07T10:51:58.000Z,17,0,1,0,0.0,19,,Muhamad Man,0.0
facebook,comment,Y29tbWVudDoxNTQ1NzU2NDYzODg3MDYyXzE3MTU5NzEyNzI5MjU1MzA=,"Aii dia pulak stress. Baik duduk diam diam.
Jgn jd sebab sesama bangsa n agama berpecah.",,https://www.facebook.com/permalink.php?story_fbid=pfbid033L7KTbhCDeHs73gbhodJQRZMCM2pNfba6kWKzbY4GNeEF2CyhKt9vEsZiTQxLDThl&id=100053581701911,pfbid033L7KTbhCDeHs73gbhodJQRZMCM2pNfba6kWKzbY4GNeEF2CyhKt9vEsZiTQxLDThl,neutral,2026-06-08T01:53:57.000Z,7,0,1,0,0.0,9,,Siti Khadijah Abu Bakar,0.0
facebook,comment,Y29tbWVudDoxNTQ1NzU2NDYzODg3MDYyXzEyNjA0MzE4MTk0OTk5NDc=,"Yang kau kalut pasal apa. Kata tak peduli, tapi mcm beruk rindukan pisang. Hari hari menjenguk pokok..",,https://www.facebook.com/permalink.php?story_fbid=pfbid033L7KTbhCDeHs73gbhodJQRZMCM2pNfba6kWKzbY4GNeEF2CyhKt9vEsZiTQxLDThl&id=100053581701911,pfbid033L7KTbhCDeHs73gbhodJQRZMCM2pNfba6kWKzbY4GNeEF2CyhKt9vEsZiTQxLDThl,neutral,2026-06-07T22:41:12.000Z,5,0,0,0,0.0,5,,Ahmad Rusdi,0.0
facebook,comment,Y29tbWVudDoxNTQ1NzU2NDYzODg3MDYyXzg4OTE3ODg0NzUyNjQ4OA==,"Betul dok koden pas jah.
Berst sikit dia ni.",,https://www.facebook.com/permalink.php?story_fbid=pfbid033L7KTbhCDeHs73gbhodJQRZMCM2pNfba6kWKzbY4GNeEF2CyhKt9vEsZiTQxLDThl&id=100053581701911,pfbid033L7KTbhCDeHs73gbhodJQRZMCM2pNfba6kWKzbY4GNeEF2CyhKt9vEsZiTQxLDThl,neutral,2026-06-07T09:45:07.000Z,8,0,0,0,0.0,8,,Abe Pa,0.0
facebook,comment,Y29tbWVudDoxNTQ1NzU2NDYzODg3MDYyXzE0Nzc2OTA2OTY4OTA5NTk=,,,https://www.facebook.com/permalink.php?story_fbid=pfbid033L7KTbhCDeHs73gbhodJQRZMCM2pNfba6kWKzbY4GNeEF2CyhKt9vEsZiTQxLDThl&id=100053581701911,pfbid033L7KTbhCDeHs73gbhodJQRZMCM2pNfba6kWKzbY4GNeEF2CyhKt9vEsZiTQxLDThl,neutral,2026-06-07T09:12:08.000Z,7,0,1,0,0.0,9,,Ismail Abu Hassan,0.0
facebook,comment,Y29tbWVudDoxNTQ1NzU2NDYzODg3MDYyXzI0MjgyNTg5MTQzMzcxMzY=,Yg sedang berkecamuk tu kau😅😅,,https://www.facebook.com/permalink.php?story_fbid=pfbid033L7KTbhCDeHs73gbhodJQRZMCM2pNfba6kWKzbY4GNeEF2CyhKt9vEsZiTQxLDThl&id=100053581701911,pfbid033L7KTbhCDeHs73gbhodJQRZMCM2pNfba6kWKzbY4GNeEF2CyhKt9vEsZiTQxLDThl,neutral,2026-06-07T13:53:33.000Z,11,0,0,0,0.0,11,,Zazali Mohd,0.0
facebook,comment,Y29tbWVudDoxNTQ1NzU2NDYzODg3MDYyXzE5NDgxMjkxMTI1NTcyNjU=,Yg penting kita pilih pas.,,https://www.facebook.com/permalink.php?story_fbid=pfbid033L7KTbhCDeHs73gbhodJQRZMCM2pNfba6kWKzbY4GNeEF2CyhKt9vEsZiTQxLDThl&id=100053581701911,pfbid033L7KTbhCDeHs73gbhodJQRZMCM2pNfba6kWKzbY4GNeEF2CyhKt9vEsZiTQxLDThl,neutral,2026-06-09T00:29:29.000Z,2,0,0,0,0.0,2,,محمد خيرول نظام,0.0
facebook,post,4566671263593845,Pas putus hubungan politik dgn bersatu serta merta.,https://www.facebook.com/groups/3447139192213730/posts/4566671263593845/,,,neutral,1780960694,0,0,0,0,0.0,0,0.0,,
facebook,comment,Y29tbWVudDo0NTY2NjcxMjYzNTkzODQ1XzQ1NjY2NzQxNzY5MjY4ODc=,@semua orang,,https://www.facebook.com/groups/3447139192213730/posts/4566671263593845/,4566671263593845,neutral,2026-06-08T23:22:57.000Z,0,0,0,0,0.0,0,,Sakong Ko,0.0
facebook,comment,Y29tbWVudDo0NTY2NjcxMjYzNTkzODQ1XzQ1NjY2ODE3NjAyNTk0NjI=,PALSU NI,,https://www.facebook.com/groups/3447139192213730/posts/4566671263593845/,4566671263593845,neutral,2026-06-08T23:32:10.000Z,0,0,0,0,0.0,0,,Zainal Amran,0.0
facebook,comment,Y29tbWVudDo0NTY2NjcxMjYzNTkzODQ1XzQ1NjY2ODM2MzY5MjU5NDE=,"Penyatuan Ummah kepala bapak depa .
Bersatu tu bukan Melayu Islam ke???",,https://www.facebook.com/groups/3447139192213730/posts/4566671263593845/,4566671263593845,neutral,2026-06-08T23:35:02.000Z,2,0,3,0,0.0,8,,Nusi Nusiku,0.0
facebook,comment,Y29tbWVudDo0NTY2NjcxMjYzNTkzODQ1XzQ1NjY2OTA5OTAyNTg1Mzk=,alhamdulillah tetap istiqamah,,https://www.facebook.com/groups/3447139192213730/posts/4566671263593845/,4566671263593845,neutral,2026-06-08T23:45:34.000Z,0,0,0,0,0.0,0,,duluwalanon😂😂😂,0.0
facebook,comment,Y29tbWVudDo0NTY2NjcxMjYzNTkzODQ1XzQ1NjY2OTk0NDM1OTEwMjc=,,,https://www.facebook.com/groups/3447139192213730/posts/4566671263593845/,4566671263593845,neutral,2026-06-08T23:58:39.000Z,4,0,2,0,0.0,8,,Mohd Nawi,0.0
facebook,comment,Y29tbWVudDo0NTY2NjcxMjYzNTkzODQ1XzQ1NjY3MDYzNDAyNTcwMDQ=,,,https://www.facebook.com/groups/3447139192213730/posts/4566671263593845/,4566671263593845,neutral,2026-06-09T00:08:48.000Z,0,0,0,0,0.0,0,,Ustaz Adi,0.0
facebook,comment,Y29tbWVudDo0NTY2NjcxMjYzNTkzODQ1XzQ1NjY3MDY1MDY5MjM2NTQ=,,,https://www.facebook.com/groups/3447139192213730/posts/4566671263593845/,4566671263593845,neutral,2026-06-09T00:08:59.000Z,0,0,0,0,0.0,0,,Ustaz Adi,0.0
facebook,comment,Y29tbWVudDo0NTY2NjcxMjYzNTkzODQ1XzQ1NjY3MDY2MzM1OTAzMDg=,,,https://www.facebook.com/groups/3447139192213730/posts/4566671263593845/,4566671263593845,neutral,2026-06-09T00:09:09.000Z,0,0,0,0,0.0,0,,Ustaz Adi,0.0
facebook,comment,Y29tbWVudDo0NTY2NjcxMjYzNTkzODQ1XzQ1NjY3MjUyMjY5MjE3ODI=,"PAS Parti Paling Tidak Setia Dalam Gabungan Parti

1) ANGKATAN PERPADUAN UMMAH. Kerjasama Politik antara PAS+S46 ini ditubuhkan pada tahun 1988 utk menjatuhkan BN. Akhirnya Gabungan Bubar.

2) PAKATAN RAKYAT. Kerjasama Politik antara PAS+PH ini ditubuhkan pada tahun 2008 utk menjatuhkan BN. Akhirnya Gabungan Bubar.

3) MUAFAKAT NASIONAL. Kerjasama Politik antara PAS+BN ini ditubuhkan pada tahun 2019 utk menjatuhkan PH. Akhirnya Gabungan Bubar.

4) PERIKATAN NASIONAL. Kerjasama Politik antara PAS+BERSATU ini ditubuhkan pada tahun 2020 utk menjatuhkan BN & PH. Akhirnya Gabungan Putus..

Sampai bila rakyat harus melihat budaya kahwin cerai kahwin cerai, berkawan bermusuh berulang setiap masa? Akhirnya bukan penyatuan yg dicapai sebaliknya ""UMMAH SEMAKIN BERPECAH BELAH MENJADI KELOMPOK² KECIL""",,https://www.facebook.com/groups/3447139192213730/posts/4566671263593845/,4566671263593845,neutral,2026-06-09T00:35:06.000Z,5,0,8,0,0.0,21,,Hasznan Nan,0.0
facebook,comment,Y29tbWVudDo0NTY2NjcxMjYzNTkzODQ1XzQ1NjY3MjYyMjM1ODgzNDk=,@sorotan,,https://www.facebook.com/groups/3447139192213730/posts/4566671263593845/,4566671263593845,neutral,2026-06-09T00:36:25.000Z,1,0,0,0,0.0,1,,Sai Kong,0.0
facebook,post,1440211201496085,Muktamad! Tiada kerjasama dengan PAS walaupun putus dengan Bersatu: Zahid,https://www.facebook.com/agendadailybaru/posts/pfbid02Yq75L22SR4ptz8MrzpEvUDYfqssSgEwdqgXbcXTCroUauLDYraNqbwStaxm5Goqql,,,neutral,1780995043,0,0,0,0,0.0,0,0.0,,
facebook,post,2246293569244857,Pas putus hubungan kerjasama dgn Bersatu. Umum hadi Awang .,https://www.facebook.com/groups/412063112667921/posts/2246293569244857/,,,neutral,1780957462,0,0,0,0,0.0,0,0.0,,
facebook,post,1400837058756286,"[TERKINI] 
Pas putus hubungan politik dengan Bersatu serta-merta",https://www.facebook.com/upditerengganu/posts/pfbid045o65skGb5kx9CDdnDWTC6e6ChHcWS61Xiu3N1HpMmS3U9mU6v59DNNvRw7Y3BGyl,,,neutral,1780933428,0,0,0,0,0.0,0,0.0,,
facebook,post,27537939292510993,"PUTUS HUBUNGAN DENGAN BERSATU: KEM ULAMA TAK SETUJU KEPUTUSAN KEM TEKNOKRAT DALAM PAS?
9 June 2026

KUALA LUMPUR – Keputusan memutuskan hubungan dengan Parti Pribumi Bersatu Malaysia (Bersatu) malam tadi didakwa tidak mendapat persetujuan sepenuhnya daripada Majlis Syura Ulamak Pas.

Ketua Penerangan Bersatu, Datuk Tun Faisal Ismail Aziz mendakwa, sejak awal lagi pihaknya menerima maklumat mengenai percanggahan pandangan antara kem majlis syura atau kem ulama itu dengan kem teknokrat yang dikaitkan dengan bekas Timbalan Presiden Bersatu, Datuk Seri Hamzah Zainudin.

Menurutnya, difahamkan kem ulama dalam majlis syura berpandangan tidak wajar untuk memutuskan hubungan dengan Bersatu kerana pertelingkahan dengan Bersatu dianggap mudarat kecil berbanding tindakan-tindakan yang membolehkan Pakatan Harapan (PH) dan DAP terus memegang kuasa, yang dianggap sebagai mudarat besar.

“Saya difahamkan oleh rakan-rakan dalam Pas, berkemungkinan Majlis Syura Ulamak Pas tidak mahu bertanggungjawab untuk membuat keputusan memutuskan hubungan dengan Bersatu.

“Disebabkan ini mereka menyerahkan kepada Jawatankuasa Pas Pusat untuk membuat keputusan memutuskan hubungan dengan Bersatu,” katanya dalam satu kenyataan hari ini.

MalaysiaGazette sebelum ini melaporkan, keputusan Pas untuk menghentikan kerjasama dengan Bersatu difahamkan tidak diterima secara sebulat suara.

Menurut sumber, terdapat beberapa ahli Mesyuarat Khas Jawatankuasa Kerja Pas Pusat pada mesyuarat malam tadi menyuarakan pandangan berbeza terhadap keputusan berkenaan. – MalaysiaGazette",https://www.facebook.com/tunfaisalismail.aziz/posts/pfbid0H9AfqNqJq95TYPmUekcKpefGsFVaTdnDkHAAqiAkGeDSBY3qYahR1wkKsQR2oK8yl,,,neutral,1780969738,0,0,0,0,0.0,0,0.0,,
facebook,comment,Y29tbWVudDoyNzUzNzkzOTI5MjUxMDk5M18xNTcyMDgzOTA3OTY2NTcw,"Hmmm rajin komen parti orang pulak.. Biar la mereka bercanggah ke tak ke, jaga bersatu tu jangan sampai bersepai lagi",,https://www.facebook.com/tunfaisalismail.aziz/posts/pfbid0H9AfqNqJq95TYPmUekcKpefGsFVaTdnDkHAAqiAkGeDSBY3qYahR1wkKsQR2oK8yl,pfbid0H9AfqNqJq95TYPmUekcKpefGsFVaTdnDkHAAqiAkGeDSBY3qYahR1wkKsQR2oK8yl,neutral,2026-06-09T01:52:16.000Z,263,0,2,0,0.0,267,,Fauzan Wairon,0.0
facebook,comment,Y29tbWVudDoyNzUzNzkzOTI5MjUxMDk5M18xMDA4NTE3NzE4MjEyNTEx,"La..ketua ceplos hari2 maki Pas, tak sampai 24jam dh gila talak",,https://www.facebook.com/tunfaisalismail.aziz/posts/pfbid0H9AfqNqJq95TYPmUekcKpefGsFVaTdnDkHAAqiAkGeDSBY3qYahR1wkKsQR2oK8yl,pfbid0H9AfqNqJq95TYPmUekcKpefGsFVaTdnDkHAAqiAkGeDSBY3qYahR1wkKsQR2oK8yl,neutral,2026-06-09T01:51:05.000Z,285,0,16,0,0.0,317,,MohdNizam Ibrahim,0.0
facebook,comment,Y29tbWVudDoyNzUzNzkzOTI5MjUxMDk5M18xMzA0MTQ0MzIxMzYyNDIz,Keputusan sudah pon dibuat🤣🤣🤣,,https://www.facebook.com/tunfaisalismail.aziz/posts/pfbid0H9AfqNqJq95TYPmUekcKpefGsFVaTdnDkHAAqiAkGeDSBY3qYahR1wkKsQR2oK8yl,pfbid0H9AfqNqJq95TYPmUekcKpefGsFVaTdnDkHAAqiAkGeDSBY3qYahR1wkKsQR2oK8yl,neutral,2026-06-09T02:37:18.000Z,56,0,0,0,0.0,56,,رزالي بن قاسم,0.0
facebook,comment,Y29tbWVudDoyNzUzNzkzOTI5MjUxMDk5M18xMDMxMTUzNzg5ODYwNDk2,Cara mung menulis pom mmg orang benci mung🤣 . Same sendiri dalam parti bersatu pom gaduh pecat memecat. Tinggal lah 2 3 org je dalam bersatu nanti🤣,,https://www.facebook.com/tunfaisalismail.aziz/posts/pfbid0H9AfqNqJq95TYPmUekcKpefGsFVaTdnDkHAAqiAkGeDSBY3qYahR1wkKsQR2oK8yl,pfbid0H9AfqNqJq95TYPmUekcKpefGsFVaTdnDkHAAqiAkGeDSBY3qYahR1wkKsQR2oK8yl,neutral,2026-06-09T01:54:38.000Z,217,0,3,0,0.0,223,,Mohd Izri,0.0
facebook,comment,Y29tbWVudDoyNzUzNzkzOTI5MjUxMDk5M185MDQ4NTcwMzkzMDQ5Mjg=,berbeza pendapat tiada masalah jika keputusan dibuat dengan suara majoriti,,https://www.facebook.com/tunfaisalismail.aziz/posts/pfbid0H9AfqNqJq95TYPmUekcKpefGsFVaTdnDkHAAqiAkGeDSBY3qYahR1wkKsQR2oK8yl,pfbid0H9AfqNqJq95TYPmUekcKpefGsFVaTdnDkHAAqiAkGeDSBY3qYahR1wkKsQR2oK8yl,neutral,2026-06-09T01:51:34.000Z,141,0,3,0,0.0,147,,Mohd Raffi Khatijan,0.0
facebook,comment,Y29tbWVudDoyNzUzNzkzOTI5MjUxMDk5M18xNjY0Mzk1NDk4MTQ5NzUx,BERSATU hebat ada jentera..dah boleh go on sendiri,,https://www.facebook.com/tunfaisalismail.aziz/posts/pfbid0H9AfqNqJq95TYPmUekcKpefGsFVaTdnDkHAAqiAkGeDSBY3qYahR1wkKsQR2oK8yl,pfbid0H9AfqNqJq95TYPmUekcKpefGsFVaTdnDkHAAqiAkGeDSBY3qYahR1wkKsQR2oK8yl,neutral,2026-06-09T01:55:26.000Z,152,0,7,0,0.0,166,,Ustaz Muhd Muaz,0.0
facebook,comment,Y29tbWVudDoyNzUzNzkzOTI5MjUxMDk5M185ODczMDE0NzA3ODE1OTE=,Meroyan ketua ceplos🤣🤣,,https://www.facebook.com/tunfaisalismail.aziz/posts/pfbid0H9AfqNqJq95TYPmUekcKpefGsFVaTdnDkHAAqiAkGeDSBY3qYahR1wkKsQR2oK8yl,pfbid0H9AfqNqJq95TYPmUekcKpefGsFVaTdnDkHAAqiAkGeDSBY3qYahR1wkKsQR2oK8yl,neutral,2026-06-09T04:45:32.000Z,11,0,0,0,0.0,11,,Hariz Norizam,0.0
facebook,comment,Y29tbWVudDoyNzUzNzkzOTI5MjUxMDk5M185NjU1MDgyOTk3MjM5MDc=,"Cubaan melaga2kan. Ni namanya mengadu domba. Dlm al Quran ada sebut apa jadi pada golongan pengadu domba ni.

Ingat sikit.",,https://www.facebook.com/tunfaisalismail.aziz/posts/pfbid0H9AfqNqJq95TYPmUekcKpefGsFVaTdnDkHAAqiAkGeDSBY3qYahR1wkKsQR2oK8yl,pfbid0H9AfqNqJq95TYPmUekcKpefGsFVaTdnDkHAAqiAkGeDSBY3qYahR1wkKsQR2oK8yl,neutral,2026-06-09T02:07:29.000Z,95,0,2,0,0.0,99,,Mohd Farhan Ainun Naim,0.0
facebook,comment,Y29tbWVudDoyNzUzNzkzOTI5MjUxMDk5M18yMTkwNDE4NDg1MDU3Njky,Dalam mesyuarat memanglah ada yang setuju tak setuju tapi perlulah ikut suara majoriti.,,https://www.facebook.com/tunfaisalismail.aziz/posts/pfbid0H9AfqNqJq95TYPmUekcKpefGsFVaTdnDkHAAqiAkGeDSBY3qYahR1wkKsQR2oK8yl,pfbid0H9AfqNqJq95TYPmUekcKpefGsFVaTdnDkHAAqiAkGeDSBY3qYahR1wkKsQR2oK8yl,neutral,2026-06-09T02:01:29.000Z,85,0,1,0,0.0,87,,Sofuan Saadon,0.0
facebook,comment,Y29tbWVudDoyNzUzNzkzOTI5MjUxMDk5M184NTI4MTA4MzQ1NDkzMjM=,Sabar Dato' Tun.. Bersatu boleh dah gerak jentera parti untuk PRU dan PRN Johor.. Ahli ada hampir sejuta kan?,,https://www.facebook.com/tunfaisalismail.aziz/posts/pfbid0H9AfqNqJq95TYPmUekcKpefGsFVaTdnDkHAAqiAkGeDSBY3qYahR1wkKsQR2oK8yl,pfbid0H9AfqNqJq95TYPmUekcKpefGsFVaTdnDkHAAqiAkGeDSBY3qYahR1wkKsQR2oK8yl,neutral,2026-06-09T02:37:31.000Z,52,0,6,0,0.0,64,,Ardy Sazly,0.0
facebook,post,1522267346608032,Satu mesyuarat khas akan diadakan dalam tempoh terdekat bagi memperincikan tindakan lanjut di peringkat negeri Terengganu susulan tamatnya hubungan Pas - Bersatu.,https://www.facebook.com/sinarharian/posts/pfbid02cjiVDKTgwZREwgryzgu1As5m5Q3MFyWnYXDG23Ej2TyHrAMLG8i8qQiXrtxToiNbl,,,neutral,1780986397,0,0,0,0,0.0,0,0.0,,
facebook,post,1440211201496085,Muktamad! Tiada kerjasama dengan PAS walaupun putus dengan Bersatu: Zahid,https://www.facebook.com/agendadailybaru/posts/pfbid02Yq75L22SR4ptz8MrzpEvUDYfqssSgEwdqgXbcXTCroUauLDYraNqbwStaxm5Goqql,,,neutral,1780995043,0,0,0,0,0.0,0,0.0,,
facebook,post,4566671263593845,Pas putus hubungan politik dgn bersatu serta merta.,https://www.facebook.com/groups/3447139192213730/posts/4566671263593845/,,,neutral,1780960694,0,0,0,0,0.0,0,0.0,,
facebook,comment,Y29tbWVudDo0NTY2NjcxMjYzNTkzODQ1XzQ1NjY2NzQxNzY5MjY4ODc=,@semua orang,,https://www.facebook.com/groups/3447139192213730/posts/4566671263593845/,4566671263593845,neutral,2026-06-08T23:22:57.000Z,0,0,0,0,0.0,0,,Sakong Ko,0.0
facebook,comment,Y29tbWVudDo0NTY2NjcxMjYzNTkzODQ1XzQ1NjY2ODE3NjAyNTk0NjI=,PALSU NI,,https://www.facebook.com/groups/3447139192213730/posts/4566671263593845/,4566671263593845,neutral,2026-06-08T23:32:10.000Z,0,0,0,0,0.0,0,,Zainal Amran,0.0
facebook,comment,Y29tbWVudDo0NTY2NjcxMjYzNTkzODQ1XzQ1NjY2ODM2MzY5MjU5NDE=,"Penyatuan Ummah kepala bapak depa .
Bersatu tu bukan Melayu Islam ke???",,https://www.facebook.com/groups/3447139192213730/posts/4566671263593845/,4566671263593845,neutral,2026-06-08T23:35:02.000Z,2,0,3,0,0.0,8,,Nusi Nusiku,0.0
facebook,comment,Y29tbWVudDo0NTY2NjcxMjYzNTkzODQ1XzQ1NjY2OTA5OTAyNTg1Mzk=,alhamdulillah tetap istiqamah,,https://www.facebook.com/groups/3447139192213730/posts/4566671263593845/,4566671263593845,neutral,2026-06-08T23:45:34.000Z,0,0,0,0,0.0,0,,duluwalanon😂😂😂,0.0
facebook,comment,Y29tbWVudDo0NTY2NjcxMjYzNTkzODQ1XzQ1NjY2OTk0NDM1OTEwMjc=,,,https://www.facebook.com/groups/3447139192213730/posts/4566671263593845/,4566671263593845,neutral,2026-06-08T23:58:39.000Z,4,0,2,0,0.0,8,,Mohd Nawi,0.0
facebook,comment,Y29tbWVudDo0NTY2NjcxMjYzNTkzODQ1XzQ1NjY3MDYzNDAyNTcwMDQ=,,,https://www.facebook.com/groups/3447139192213730/posts/4566671263593845/,4566671263593845,neutral,2026-06-09T00:08:48.000Z,0,0,0,0,0.0,0,,Ustaz Adi,0.0
facebook,comment,Y29tbWVudDo0NTY2NjcxMjYzNTkzODQ1XzQ1NjY3MDY1MDY5MjM2NTQ=,,,https://www.facebook.com/groups/3447139192213730/posts/4566671263593845/,4566671263593845,neutral,2026-06-09T00:08:59.000Z,0,0,0,0,0.0,0,,Ustaz Adi,0.0
facebook,comment,Y29tbWVudDo0NTY2NjcxMjYzNTkzODQ1XzQ1NjY3MDY2MzM1OTAzMDg=,,,https://www.facebook.com/groups/3447139192213730/posts/4566671263593845/,4566671263593845,neutral,2026-06-09T00:09:09.000Z,0,0,0,0,0.0,0,,Ustaz Adi,0.0
facebook,comment,Y29tbWVudDo0NTY2NjcxMjYzNTkzODQ1XzQ1NjY3MjUyMjY5MjE3ODI=,"PAS Parti Paling Tidak Setia Dalam Gabungan Parti

1) ANGKATAN PERPADUAN UMMAH. Kerjasama Politik antara PAS+S46 ini ditubuhkan pada tahun 1988 utk menjatuhkan BN. Akhirnya Gabungan Bubar.

2) PAKATAN RAKYAT. Kerjasama Politik antara PAS+PH ini ditubuhkan pada tahun 2008 utk menjatuhkan BN. Akhirnya Gabungan Bubar.

3) MUAFAKAT NASIONAL. Kerjasama Politik antara PAS+BN ini ditubuhkan pada tahun 2019 utk menjatuhkan PH. Akhirnya Gabungan Bubar.

4) PERIKATAN NASIONAL. Kerjasama Politik antara PAS+BERSATU ini ditubuhkan pada tahun 2020 utk menjatuhkan BN & PH. Akhirnya Gabungan Putus..

Sampai bila rakyat harus melihat budaya kahwin cerai kahwin cerai, berkawan bermusuh berulang setiap masa? Akhirnya bukan penyatuan yg dicapai sebaliknya ""UMMAH SEMAKIN BERPECAH BELAH MENJADI KELOMPOK² KECIL""",,https://www.facebook.com/groups/3447139192213730/posts/4566671263593845/,4566671263593845,neutral,2026-06-09T00:35:06.000Z,5,0,8,0,0.0,21,,Hasznan Nan,0.0
facebook,comment,Y29tbWVudDo0NTY2NjcxMjYzNTkzODQ1XzQ1NjY3MjYyMjM1ODgzNDk=,@sorotan,,https://www.facebook.com/groups/3447139192213730/posts/4566671263593845/,4566671263593845,neutral,2026-06-09T00:36:25.000Z,1,0,0,0,0.0,1,,Sai Kong,0.0
facebook,post,122179667492911473,"Okay, yang ini memang saya mengaku saya tak faham.

Sebenarnya apa matlamat Bersatu?

Mahu berbaik semula dengan PAS, atau mahu pastikan hubungan itu putus terus?

Kalau matlamatnya mahu berdamai, bagaimana mendedahkan perbualan sulit antara parti kepada umum dan menyerang PAS boleh membantu?

Katakanlah Bersatu berjaya meyakinkan orang ramai bahawa Bersatu betul, manakala PAS salah dan jahat.

Adakah itu akan membuat PAS menerima Bersatu semula?

Politik ini nampaknya sudah jadi satu permainan yang sangat berbeza.

Sampai saya pun langsung tak faham strategi mereka.",https://www.facebook.com/permalink.php?story_fbid=pfbid02YYHawaA3cDvYbzmwprceEzeC8CZEagebaMGrnDQE7dRJ2cGDge6TSPffk96x337ml&id=61577344192525,,,neutral,1781159510,0,0,0,0,0.0,0,0.0,,
facebook,post,1519276343076443,[SINAR HARI INI] Putus hubungan PAS - Bersatu & PN milik siapa?,https://www.facebook.com/sinarharian/videos/1519276343076443/,,,neutral,1780997647,0,0,0,0,0.0,0,0.0,,
facebook,post,10242869442661917,"AMBO SETUJU PAS PUTUS HUBUNGAN DENGAN BERSATU

Jolo doh kalu mereka nak putuskan hubungan pun muga sekarang tak bui hasil gapo doh ko kita

Bo setakat menumpang tuah dan kekuatan kita buat gapo bersang

Ni bersaing nak menang pilihanraya ni bukan bersaing macam kita bersaing nga gu gu kita ni dok ni.

Bukan hubungan manusia antara manusia yang ada sentimen kasih dan sayang setia dan cinta 

Ini hubungan antara organasasi

Sudah pasti lah yang tak beri keuntungan pada kita kita rejek lah

Yang bui keuntingan kita buat saing

Cerdik pas blaka mainan ni nih.",https://www.facebook.com/wzaidi/posts/pfbid0m2Tdnghm4LYdFBy9gudUr8Tomsof5U7maQVXyDE33YWkDnijyYxyLi7tgXfeTfqKl,,,neutral,1780965965,0,0,0,0,0.0,0,0.0,,
facebook,post,2246418782565669,"PAS PUTUS HUBUNGAN KERJASAMA POLITIK DENGAN BERSATU 

KUALA LUMPUR: 09 Jun -- PAS menghentikan kerjasama politik dengan Bersatu, beberapa minggu selepas Presiden Hadi Awang memberi amaran bahawa kesabaran ‘ada batas’.
Perkembangan itu diumumkan Hadi seusai mesyuarat khas Jawatankuasa Kerja PAS Pusat yang beliau pengerusikan, malam tadi.

“Mesyuarat khas yang diadakan pada hari ini telah membuat ketetapan seperti berikut: Menghentikan kerjasama politik dengan Bersatu,” menurut kenyataan.

Ketetapan tersebut diumumkan selepas ia memperakukan keputusan Mesyuarat Majlis Syura Ulama pada 2 Jun, berhubung pertimbangan dasar, hukum dan maslahah kerjasama politik PAS.

Mesyuarat turut meneliti kedudukan dan hala tuju kerjasama politik PAS-Bersatu berdasarkan laporan, kajian dan penilaian semasa.

Ketetapan selanjutnya, Hadi mengumumkan PAS akan meneroka suatu bentuk persefahaman politik dan kerjasama pilihan raya bagi menghadapi pilihan raya akan datang.

Kepimpinan juga menerima hasrat pemimpin politik untuk menyertai PAS, katanya.

Perkembangan ini menyilang persediaan Perikatan Nasional yang dianggotai PAS dan Bersatu untuk menghadapi PRN di Johor, dan Negeri Sembilan.

Pada 22 Mei lalu. Hadi mengumumkan PAS akan menilai kerjasama dengan Bersatu setelah ia mengkaji satu persatu tindakan parti tersebut, mengambil contoh situasi politik di Negeri Sembilan dan Perlis, serta pendirian berkenaan usaha membawa masuk parti tertentu ke dalam Perikatan Nasional.

Kedudukan dalam PN

Sementara itu, Ketua Penerangan Ahmad Fadhli Shaari belum mahu mengulas tentang kedudukan PAS dalam PN, yang menurutnya tidak dibincangkan dalam mesyuarat malam tadi.

“Itu saya tak mahu ulas lagi setakat ini. Setakat malam ini begitulah (masih dalam PN),” katanya ketika ditemui pemberita.

Shahidan Kassim, yang juga pengerusi PN Perlis, memaklumkan bahawa kedudukan PAS dalam PN ‘sebagaimana lama’ memandangkan kenyataan Hadi tidak menyentuh tentang perkara itu.

“Saya akan keluarkan kenyataan bila dapat arahan selanjutnya dari PAS Pusat,” katanya kepada pemberita.

PAS kini mengemudi PN apabila Naib Presidennya, Ahmad Samsuri Mokhtar, dilantik sebagai Pengerusi Gabungan itu, pada 22 Feb lalu.

Samsuri menggantikan Presiden Bersatu, Muhyiddin Yassin, yang meletak jawatan pada 1 Jan. Pengunduran itu menyusuli kemelut politik di Perlis yang menyaksikan jawatan Menteri Besar beralih daripada PAS kepada Bersatu.",https://www.facebook.com/groups/412063112667921/posts/2246418782565669/,,,neutral,1780970773,0,0,0,0,0.0,0,0.0,,
facebook,post,10164893646971101,"Barang yang lepas dikenang.

Cuma sebagai catatan sejarah, saya ingin menukilkan beberapa peristiwa penting di ambang perpisahan BERSATU dan PAS.

Ketika konflik BERSATU-PAS memuncak, saya menghubungi beberapa orang rakan dalam PAS bertanyakan tidak adakah jalan untuk menyelamatkan keadaan.

Mereka menjawab mesej saya tetapi tidak memberikan jawapan yang tuntas samada keadaan masih boleh diselamatkan atau tidak.

Seorang sahabat saya yang rapat dengan seorang pemimpin kanan PAS menawarkan diri untuk menjadi orang tengah. Saya kata silakan.

Namun, usahanya tidak berhasil. 

Saya juga berhubung dengan Pengerusi PN yang juga Naib Presiden PAS. Malangnya, beliau berada di luar negara. 

Antara pemimpin PAS yang saya hubungi ialah Tan Sri Annuar Musa. Saya aturkan beliau berjumpa dengan Tan Sri Muhyiddin.

Dalam pertemuan pada 4 Jun 2026 (Khamis) di rumah Tan Sri Muhyiddin, Tan Sri Annuar menyampaikan pandangan PAS berkaitan isu-isu yang menjadi punca konflik antara BERSATU dan PAS.

Tan Sri Muhyiddin juga memberikan pandangan BERSATU.

Akhirnya, kami bersetuju isu-isu ini tidak perlu diungkitkan lagi kerana kedua-dua parti mempunyai pandangan masing-masing.

Lagipun, Tan Sri Muhyiddin telah menziarahi Presiden PAS di Rusila sempena majlis sambutan Aidilfitri BERSATU di Terengganu tempohari. Mereka berdua telah bermaafaan.

Jika hendak bergerak ke hadapan, kita mesti fokus kepada penyelesaian.

Antara yang disentuh oleh Tan Sri Annuar Musa untuk menyelesaikan konflik BERSATU-PAS ialah berhubung permohonan parti-parti Melayu-Islam lain untuk menyertai PN. 

Saya memberikan pandangan bahawa perkara tersebut boleh diselesaikan. 

Parti-parti yang memohon menjadi anggota PN boleh diterima. Jika tidak sebagai anggota penuh mungkin sebagai anggota bergabung dahulu. 

Sebelum ini pendiran BERSATU ialah PN mengadakan electoral pact dengan parti-parti ini.

Yang penting ialah pembahagian kerusi dalam pilihan raya. Tan Sri Muhyiddin pun pernah membuat kenyataan mereka boleh menggunakan logo PN dalam pilihan raya. 

Maknanya, Tan Sri Muhyiddin tidak menolak parti-parti ini. Malah Tan Sri Muhyiddinlah yang terlebih dahulu merangkumkan parti-parti ini dalam jaringan PN menerusi IPR ketika beliau menjadi Pengerusi PN.

Antara perkara lain yang disentuh ialah keperluan untuk BERSATU berbaik dengan kumpulan RESET.

Saya sebutkan kepada Tan Sri Annuar luka masih berdarah. Bukan mudah untuk BERSATU menerima kumpulan ini.

Tetapi saya katakan time heals. Masa akan merawat luka. Berilah sedikit masa.

Namun, jika perkara ini menjadi isu pokok dalam penyelesaian konflik BERSATU-PAS, BERSATU sedia berbincang demi menjaga kepentingan Perikatan Nasional kerana mereka juga menyokong PN.

Dua hari berikutnya (6 Jun 2026), Tan Sri Muhyiddin menerima surat daripada Setiausaha Agung PAS yang meletakkan tiga syarat untuk memulihkan hubungan BERSATU-PAS.

i. BERSATU mesti membersihkan persepsi negatif terhadap PAS.

ii. BERSATU mesti menerima penyertaan parti-parti lain ke dalam PN.

iii. BERSATU mesti duduk semeja dengan kumpulan RESET.

Menurut surat Setiausaha Agung PAS, jika syarat-syarat ini dapat dipenuhi oleh BERSATU, PAS akan istiqamah mengekalkan hubungan kerjasama dengan BERSATU dalam PN.

Saya menarik nafas lega membaca surat ini. Ia tidak jauh berbeza daripada apa yang disampaikan oleh Tan Sri Annuar Musa.

Saya berbincang dengan Tan Sri Muhyiddin bahawa syarat-syarat ini boleh dipertimbangkan oleh BERSATU demi menjaga perpaduan dan keutuhan Perikatan Nasional.

Cuma BERSATU ada tertib dalam membuat keputusan penting seperti ini. Ia mesti dibincangkan dalam Mesyuarat Majlis Pimpinan Tertinggi BERSATU untuk diputuskan. Barulah BERSATU boleh memaklumkan PAS mengenainya dan seterusnya dibawa ke mesyuarat Majlis Tertinggi PN.

Pada keesokannya (7 Jun 2026), Tan Sri Muhyiddin menjawab surat Setiausaha Agung PAS menyatakan kesediaan BERSATU untuk meneliti syarat-syarat yang dikemukakan oleh PAS dalam Mesyuarat MPT BERSATU yang akan diadakan.

Saya menghubungi Setiausaha Agung PAS untuk menyerahkan surat tersebut. Oleh kerana beliau berada di luar Kuala Lumpur, beliau meminta saya menyerahkan surat tersebut kepada seorang sahabat saya dari PAS untuk disampaikan kepada beliau.

Dalam pertemuan ringkas saya dengan sahabat saya tersebut, saya jelaskan kepadanya kesediaan BERSATU untuk menimbangkan ketiga-tiga syarat PAS. Saya memberi bayangan bahawa ketiga-tiga syarat tersebut tidaklah terlalu berat untuk dipenuhi oleh BERSATU.

Namun, pada keesokannya (8 Jun 2026), Jawatankuasa PAS Pusat membuat keputusan untuk memutuskan hubungan dengan BERSATU.

Saya menerima keputusan PAS dengan hati terbuka jika itu adalah kehendak PAS.

Sebagai sebuah parti politik, PAS tentunya memikirkan untung rugi politik dalam menentukan hala tuju partinya, termasuklah hubungan dengan rakan-rakan gabungan.

Saya ada ramai sahabat dalam PAS. Walaupun hubungan politik telah putus, harapnya hubungan persahabatan tidak putus.",https://www.facebook.com/marzuki.mohamad.549/posts/pfbid02eRgFb7TXgt6d9FBtn87VsBvaJUQUEjXPgZjas1AjVD63gLJPeHDRNmcjoVC21ygjl,,,neutral,1781095536,0,0,0,0,0.0,0,0.0,,
facebook,post,122237992730277906,"Cara Bersatu nak pujuk PAS adalah, pimpinan dia hantar surat, dan buat Kenyataan Media. Tapi dalam masa sama hantar ceplos ceplos menyerang PAS. 

Perkara ni bukan baru. Dari dulu lagi ceplos bawah kendalian Si Ketua Ceplos dok sabotaj keharmonian dalam Perikatan Nasional. 

DrAA pun dah pernah pesan kepada Tan Sri Muhyiddin. Tukar Ketua Penerangan. Si Ketua Ceplos ni memang kaki gaduh. Dari dalam UMNO lagi kerja dia memang kaki gaduh. 

Pimpinan PAS yang baru nak pergi mesyuarat malam ni pun diserang oleh Ceplos Ceplos. Bersatu ni sebenarnya nak bersama atau nak putus? Cakap terus teranglah. 

DrAA tak kisah apa berlaku malam ni. Tapi DrAA harap PAS akan ajar Bersatu. Biar Bersatu sedar diri sikit. Parti tiada kekuatan, banyak masalah, tapi nak jadi King dalam Perikatan Nasional. Cermin diri sikit. 

Meh Anwar Ibrahim dah boleh mai kutip puppet hang. 

Dr Arman Ashaari (DrAA)",https://www.facebook.com/permalink.php?story_fbid=pfbid0QyvDqHYrZY7aNDaRTcqumDgSuMzenkkv9qsPiwuT9t99Bos1LkiXvH2Yyby8g1Scl&id=61558337188918,,,neutral,1780925035,0,0,0,0,0.0,0,0.0,,
facebook,post,1307703544882976,Parti Islam Se-Malaysia (PAS) Pusat dan Parti Pribumi BERSATU Malaysia putus hubungan,https://www.facebook.com/pasirputehtoday/posts/pfbid02gkme7p4k5uDNiGmo8ERXzREGBbsyXuZKTNMfyyeQPdpEqMY3VhsJyV5v8vdQqnscl,,,neutral,1780714684,0,0,0,0,0.0,0,0.0,,
facebook,post,10164503001558180,Penyatuan UMMAH tapi putus dengan Bersatu. Kalian sebenar bagaimana? 🧐,https://www.facebook.com/azlan.zainal.79/posts/pfbid0wrCY9cvKKteQwKX3a5vJmNaH9DStstPngebz4pNxavFpt1gdzXR5JUw2JuYB9L9Gl,,,neutral,1780933238,0,0,0,0,0.0,0,0.0,,
facebook,post,1430817959087829,Pas putus hubungan dengan Bersatu. Siapa yang kena keluar PN? Apa status kerajaan Perlis?,https://www.facebook.com/anatahulah/posts/pfbid0HjEwGcJzV7727su5NJa6RpMGSmTN9rrPXSqgRQfLPkcgjr8WtoQz4xT4W8rYVaFel,,,neutral,1780976171,0,0,0,0,0.0,0,0.0,,
facebook,post,122125025607182882,PAS putus kerjasama dengan Bersatu. 08.06.2026,https://www.facebook.com/permalink.php?story_fbid=pfbid0dpBj5hi3EzR1b1Zmqs5BeC2t4M55qzi9fbkAHm9EQFsVsD1UGkbkiNAcPVV6SQPTl&id=61585486468680,,,neutral,1780932581,0,0,0,0,0.0,0,0.0,,
facebook,post,1487646333401746,"Marzuki dakwa MN 2.0 punca sebenar PAS putus hubungan dengan Bersatu, bukan kerana Muhyiddin sombong",https://www.facebook.com/SuaraTV/posts/pfbid02974KzQN8xZtFNTCXrTy1ekc5fVxfHJnEEi2vKKjsTbcjpNouUmcqeo3vVtMeGX29l,,,neutral,1781158127,0,0,0,0,0.0,0,0.0,,
facebook,post,27299559586363690,"ALHAMDULILLAH - PAS PUTUS HUBUNGAN DENGAN BERSATU, JAJARAN BAHARU SEDANG MENUNGGU",https://www.facebook.com/shahbudin.wmaju/posts/pfbid0gndQXiSB8ruL8bT8ghyZuCfWz5GbbE1bpEKfN1XaCn2wx9YAaAyyWhrDRSvHEKSHl,,,neutral,1780963284,0,0,0,0,0.0,0,0.0,,
facebook,post,122125025607182882,PAS putus kerjasama dengan Bersatu. 08.06.2026,https://www.facebook.com/permalink.php?story_fbid=pfbid0dpBj5hi3EzR1b1Zmqs5BeC2t4M55qzi9fbkAHm9EQFsVsD1UGkbkiNAcPVV6SQPTl&id=61585486468680,,,neutral,1780932581,0,0,0,0,0.0,0,0.0,,
facebook,post,27299559586363690,"ALHAMDULILLAH - PAS PUTUS HUBUNGAN DENGAN BERSATU, JAJARAN BAHARU SEDANG MENUNGGU",https://www.facebook.com/shahbudin.wmaju/posts/pfbid0gndQXiSB8ruL8bT8ghyZuCfWz5GbbE1bpEKfN1XaCn2wx9YAaAyyWhrDRSvHEKSHl,,,neutral,1780963284,0,0,0,0,0.0,0,0.0,,
facebook,post,1873356924066220,Pas Putus Kerjasama Dengan Bersatu,https://www.facebook.com/PAS4BukitBesi/posts/pfbid0AUEeZKoocpwuVb675QKxUSK4e1Jwg9zxjCDFawTccYLJ7WY1pSRq4EdqKeTpz2ivl,,,neutral,1780932861,0,0,0,0,0.0,0,0.0,,
facebook,post,2085568662311703,PAS putus dengan BERSATU,https://www.facebook.com/eksan.razali.3/posts/pfbid02dkFdqBdzPVDq58GxuNUXCgSiAAuFezkqCGuC9APYLMUxVt6iL5GkddbsrQd8WHYNl,,,neutral,1780932726,0,0,0,0,0.0,0,0.0,,
facebook,post,122238137924277906,"Orang Bersatu kata Perikatan Nasional tu Muhyidin punya, sebab Muhyidin yang tubuhkan, jadi sekarang Bersatu tuntut pulangkan PN kepada Muhyidin.... O'aloh.

Kadang-kadang orang Bersatu ni, bengap dia mengalahkan orang Amanah.... Dah tentu PN tu asalnya gabungan antara Bersatu + PAS... Kalau tanpa TGHH, Muhyidin nak tubuh PN macam mana...?

Macam orang kahwin dapat anak... Boleh ke kata, anak tu bini dia punya, sebab bini dia yang melahirkan... Habis kalau tanpa suami, bini nak beranak macam mana...?

Sekarang hubungan PAS-Bersatu dah putus, nak tuntut jawatan Pengerusi PN untuk apa...? Nak tuntut macam mana...?

Aku nasihatkan orang Bersatu, kau lantik peguam, buat tuntutan macam janda menuntut harta sepencarian dengan bekas suami, atau kau tuntut hak penjagaan anak pun boleh...

Pak Yong",https://www.facebook.com/permalink.php?story_fbid=pfbid0qBhrQNuupwrXxfx7gSnE1pfwtAYcZpnQ6XJMMcAAVFmGUuagwAoFYngPM7vzfdysl&id=61558337188918,,,neutral,1781040692,0,0,0,0,0.0,0,0.0,,
facebook,post,10164347390907512,Pas putus ngan bersatu tapi stay dalam PN. Bersatu dah memang stay situ. Tolong sesape panggil pencegah maksiat.,https://www.facebook.com/syedshah.syedosman/posts/pfbid0PMtWg2N15R8k3YehM5DvpWrXs4zren5qzk74W7hH2ZYT9XiG14nbBDnZDGci6t5dl,,,neutral,1781062265,0,0,0,0,0.0,0,0.0,,
facebook,post,1603637088433928,"BERSATU Dicerai Talak Tiga: Siapa Mangsa PAS Seterusnya? 

1. Saya baca kenyataan media PAS bertarikh 8 Jun 2026. Keputusannya mudah, mereka umum untuk hentikan kerjasama dengan BERSATU.

2. Maknanya, BERSATU sudah hilang nilai pada mata mereka.

3. Menarik apabila alasan yang digunakan ialah ""penyatuan ummah"". Saya ingat dahulu kerjasama PAS-BERSATU juga atas nama penyatuan ummah.

4. Sebenarnya kita tidak patut hairan. PAS ini dari dulu memang tak pernah berubah. Dulu kawan dengan Semangat 46, kemudian putus. Kawan dengan DAP dan PKR, kemudian putus. 

5. Buat Muafakat Nasional dengan UMNO, pun diputuskan bila jumpa BERSATU yang ada kuasa kerajaan masa itu. 

6. Sekarang bila BERSATU sudah tiada kuasa kerajaan dan dilihat makin lemah, giliran BERSATU pula ditinggalkan di tepi jalan. Habis madu, sepah dibuang. 

7. Ternyata, takrifan 'Penyatuan Ummah' bagi PAS ini sangat anjal. Rupa-rupanya ummah hanya dikira bersatu selagi ada habuan kerusi dan jawatan menteri. Bila tak menguntungkan, tinggalkan sajalah. 

8. Dan sekarang mereka kata nak teroka 'electoral pact' atau kerjasama baru dengan pihak lain pula. 

9. Maksudnya, mereka sedang pasang jerat mencari mangsa baru. Kepada mana-mana parti yang nak tawar diri jadi kawan PAS selepas ini, beringat-ingatlah. Bersedialah dari awal untuk dikhianati. 

#PAS #Bersatu #perikatannasional",https://www.facebook.com/jasonyew.official/posts/pfbid02v1VygPeLsm7PDPrqUv9wGvNAv48XkUxmzFsXm88vRvfN6HqB8HFasiseFnqE8vBpl,,,neutral,1780960583,0,0,0,0,0.0,0,0.0,,
facebook,post,1421770059975076,"Berita PAS putus hubungan dengan BERSATU mendapat liputan meluas. 

Jangan fokus pada “dah” putus, cari info pada “kenapa” putus… 
@napi_anakkampong",https://www.facebook.com/hanafizulkapli/posts/pfbid02vyJkHxKBGog8QdCp4QPz3JRMiN7B3yDVHoNRNEHFyCQMCcXBpe3HZomfiEycTF3pl,,,neutral,1780975874,0,0,0,0,0.0,0,0.0,,
facebook,post,1508767707364458,"PAS PUTUS HUBUNGAN KERJASAMA POLITIK DENGAN BERSATU 

KUALA LUMPUR: 09 Jun -- PAS menghentikan kerjasama politik dengan Bersatu, beberapa minggu selepas Presiden Hadi Awang memberi amaran bahawa kesabaran ‘ada batas’.
Perkembangan itu diumumkan Hadi seusai mesyuarat khas Jawatankuasa Kerja PAS Pusat yang beliau pengerusikan, malam tadi.

“Mesyuarat khas yang diadakan pada hari ini telah membuat ketetapan seperti berikut: Menghentikan kerjasama politik dengan Bersatu,” menurut kenyataan.

Ketetapan tersebut diumumkan selepas ia memperakukan keputusan Mesyuarat Majlis Syura Ulama pada 2 Jun, berhubung pertimbangan dasar, hukum dan maslahah kerjasama politik PAS.

Mesyuarat turut meneliti kedudukan dan hala tuju kerjasama politik PAS-Bersatu berdasarkan laporan, kajian dan penilaian semasa.

Ketetapan selanjutnya, Hadi mengumumkan PAS akan meneroka suatu bentuk persefahaman politik dan kerjasama pilihan raya bagi menghadapi pilihan raya akan datang.

Kepimpinan juga menerima hasrat pemimpin politik untuk menyertai PAS, katanya.

Perkembangan ini menyilang persediaan Perikatan Nasional yang dianggotai PAS dan Bersatu untuk menghadapi PRN di Johor, dan Negeri Sembilan.

Pada 22 Mei lalu. Hadi mengumumkan PAS akan menilai kerjasama dengan Bersatu setelah ia mengkaji satu persatu tindakan parti tersebut, mengambil contoh situasi politik di Negeri Sembilan dan Perlis, serta pendirian berkenaan usaha membawa masuk parti tertentu ke dalam Perikatan Nasional.

Kedudukan dalam PN

Sementara itu, Ketua Penerangan Ahmad Fadhli Shaari belum mahu mengulas tentang kedudukan PAS dalam PN, yang menurutnya tidak dibincangkan dalam mesyuarat malam tadi.

“Itu saya tak mahu ulas lagi setakat ini. Setakat malam ini begitulah (masih dalam PN),” katanya ketika ditemui pemberita.

Shahidan Kassim, yang juga pengerusi PN Perlis, memaklumkan bahawa kedudukan PAS dalam PN ‘sebagaimana lama’ memandangkan kenyataan Hadi tidak menyentuh tentang perkara itu.

“Saya akan keluarkan kenyataan bila dapat arahan selanjutnya dari PAS Pusat,” katanya kepada pemberita.

PAS kini mengemudi PN apabila Naib Presidennya, Ahmad Samsuri Mokhtar, dilantik sebagai Pengerusi Gabungan itu, pada 22 Feb lalu.

Samsuri menggantikan Presiden Bersatu, Muhyiddin Yassin, yang meletak jawatan pada 1 Jan. Pengunduran itu menyusuli kemelut politik di Perlis yang menyaksikan jawatan Menteri Besar beralih daripada PAS kepada Bersatu.",https://www.facebook.com/groups/678224407085463/posts/1508767707364458/,,,neutral,1780970725,0,0,0,0,0.0,0,0.0,,
facebook,post,1354837996523189,"PAS-BERSATU putus, tapi mungkin kekal dalam PN

Apa benda ni? 😂",https://www.facebook.com/tejabootbois/posts/pfbid02h3G6vR2iGU459mRjPrgq9NKxQwkf16XNxQosG73FZJQq3fnRDvZJFJ9eJe9XSAJ3l,,,neutral,1780977681,0,0,0,0,0.0,0,0.0,,
facebook,post,122185793558838136,Pemuda PAS Bangi Usul PAS Putus Hubungan Dengan BERSATU,https://www.facebook.com/politikomalaysia/posts/pfbid031exhnwcBmRqYs4qikP6uyMVXjEydkcaXpAFi2upFi33kjpLXNWehan3smXgGkC6l,,,neutral,1780738972,0,0,0,0,0.0,0,0.0,,
facebook,post,1677206976852002,"Adakah anda setuju PAS putus hubungan dengan BERSATU?

A. Setuju
B. Tidak Setuju

Sila komen undian anda...

Kredit FB Pengundi Malaysia",https://www.facebook.com/MindaSeligi/posts/pfbid0Y6J8jo4wvkpTaH4cr8FaM5S97LwpcyLW6tAUaXY8JY7y34hTFe8cCMgaNX6UjwoGl,,,neutral,1780834033,0,0,0,0,0.0,0,0.0,,
facebook,post,10242609540163636,"Semangat Pagi
Nie. Tgk Tan Sri Noh kembali
Ke UMNO dan PAS putus dgn Bersatu!",https://www.facebook.com/coachfadzil/posts/pfbid02Y8UjVPdBDw8BkJ1x6eBXHD9dRzGXR9zhh8sxFryGNjMwLs9giqBuvbQtqEoen1FVl,,,neutral,1780961078,0,0,0,0,0.0,0,0.0,,
facebook,post,27720403890900482,"PAS putus dengan BERSATU.

PRU - 15 Bersatu menang 31 kerusi parlimen. Sudah pasti gerak kerja banyak dari PAS & undian PAS solid ke bersatu. 

Sekarang 22 telah digantung & dipecat. 3 diberi amaran; berbaki 6 SAHAJA dianggap 'bersih' bagi Bersatu. 

10 perkara.

1. Status parti baharu.
2. Kerusi jauh lebih sedikit terkini.
3. Undian atas jasa parti lain.
4. Berlaku pergolakan besar dalam parti.
5. Ketidakyakinan ahlinya atas pelbagai faktor sperti pemecatan berskala besar
6. Hijack Kerajaan PAS di perlis sehingga jatuhnya kerajaan PAS (siap warning PAS)
7. Khianat PAS di N9.
8. Hina pimpinan PAS ( Membawa mesej tidak bersedia untuk setuju dengan falsafah PAS)
9. Cuba masuk campur urusan negeri kelantan dan kedah untuk pecat Exco & timb. Speaker.

10. Sangat logik bagi PAS putuskan hubungan. Paling besar adalah bersatu menolak penyatuan parti melayu islam lain ke dalam PN untuk berkembang lebih besar. 

Maksudnya dengan karektor dan identiti bersatu; PN sukar berkembang & siling potensi PAS juga turut rendah. 

Maka putuskan lebih aula demi potensi ruang penyatuan lebih luas dan infiniti.",https://www.facebook.com/Achernahr/posts/pfbid02U7XwQLQzr9i4nFg8S7CjSDyKh2NuADMZeC5UZGmAAPWDJJtsBRyxjxnJFpHjHAt3l,,,neutral,1781010701,0,0,0,0,0.0,0,0.0,,
facebook,post,122163277604721056,"Orang Bersatu kata Perikatan Nasional tu Muhyidin punya, sebab Muhyidin yang tubuhkan, jadi sekarang Bersatu tuntut pulangkan PN kepada Muhyidin.... O'aloh.

Kadang-kadang orang Bersatu ni, bengap dia mengalahkan orang Amanah.... Dah tentu PN tu asalnya gabungan antara Bersatu + PAS... Kalau tanpa TGHH, Muhyidin nak tubuh PN macam mana...?

Macam orang kahwin dapat anak... Boleh ke kata, anak tu bini dia punya, sebab bini dia yang melahirkan... Habis kalau tanpa suami, bini nak beranak macam mana...?

Sekarang hubungan PAS-Bersatu dah putus, nak tuntut jawatan Pengerusi PN untuk apa...? Nak tuntut macam mana...?

Aku nasihatkan orang Bersatu, kau lantik peguam, buat tuntutan macam janda menuntut harta sepencarian dengan bekas suami, atau kau tuntut hak penjagaan anak pun boleh...",https://www.facebook.com/pak.yong.yasin/posts/pfbid0ncxh2LxsPKxFAgoY2BFScBMoqfPc6b2NzkP76Wsr8dhrjdu9fnXkb9fHzb85M6zzl,,,neutral,1781040459,0,0,0,0,0.0,0,0.0,,
facebook,post,1283228393840044,Ini memang GILA!,https://www.facebook.com/haniffistiqamah/posts/pfbid05xgJBArg1dqVekK7ZwwiR6rr25ZUStWUKHzKhpQn6PHtmtd7gfnbszyVF5teme54l,,,neutral,1780928448,0,0,0,0,0.0,0,0.0,,
facebook,post,1677206976852002,"Adakah anda setuju PAS putus hubungan dengan BERSATU?

A. Setuju
B. Tidak Setuju

Sila komen undian anda...

Kredit FB Pengundi Malaysia",https://www.facebook.com/MindaSeligi/posts/pfbid0Y6J8jo4wvkpTaH4cr8FaM5S97LwpcyLW6tAUaXY8JY7y34hTFe8cCMgaNX6UjwoGl,,,neutral,1780834033,0,0,0,0,0.0,0,0.0,,
facebook,post,27791002233818667,"Pas ada benda dengan umno ni. Kalau x, xkan la dia berani putus hubungan dengan bersatu.",https://www.facebook.com/KaMiInvest/posts/pfbid0MAmVetDEcYXgm7yL8Sm3J2QjP2HkSDPJneYAqYPGD8yEoTmc3kLB7wD1ubHWzYtzl,,,neutral,1781080012,0,0,0,0,0.0,0,0.0,,
facebook,post,1421770059975076,"Berita PAS putus hubungan dengan BERSATU mendapat liputan meluas. 

Jangan fokus pada “dah” putus, cari info pada “kenapa” putus… 
@napi_anakkampong",https://www.facebook.com/hanafizulkapli/posts/pfbid02vyJkHxKBGog8QdCp4QPz3JRMiN7B3yDVHoNRNEHFyCQMCcXBpe3HZomfiEycTF3pl,,,neutral,1780975874,0,0,0,0,0.0,0,0.0,,
facebook,post,989280803720229,Di sebalik keputusan PAS putus kerjasama dengan Bersatu,https://www.facebook.com/100053581701911/videos/989280803720229/,,,neutral,1780971055,0,0,0,0,0.0,0,0.0,,
facebook,post,1873356924066220,Pas Putus Kerjasama Dengan Bersatu,https://www.facebook.com/PAS4BukitBesi/posts/pfbid0AUEeZKoocpwuVb675QKxUSK4e1Jwg9zxjCDFawTccYLJ7WY1pSRq4EdqKeTpz2ivl,,,neutral,1780932861,0,0,0,0,0.0,0,0.0,,
facebook,post,10239031163131167,Takkanlah PAS putus hubungan dengan Bersatu salah DAP pulak? Bankrap idea.,https://www.facebook.com/NoorAminAhmad/posts/pfbid022VjJuoc6YVFUBqVzC2K5caxcAe5kuadzwuMRwZSZHSpn5qbiLkMAEWejNBLkft9ol,,,neutral,1780934109,0,0,0,0,0.0,0,0.0,,
facebook,post,1470148638488190,PAS putus hubungan dengan Bersatu,https://www.facebook.com/SayaAnakMelaka/posts/pfbid0fowxrXj9K8Z74o23Lc1bSRTXzp5T1vEjmxoat1Zf89AR4NPoGpWRtiLZXUkfCzSQl,,,neutral,1780935558,0,0,0,0,0.0,0,0.0,,
