Platform,Type,ID,Text,URL,Parent_Post_URL,Parent_Post_ID,Sentiment,Date,likes,shares,comments_count,views,sentiment_score,total_engagement,engagement_score,author,author_followers,sentiment_label,sentiment_confidence,detected_language,demographic,emotion_primary,emotion_anger,emotion_fear,emotion_happy,emotion_sadness,emotion_love,emotion_surprise
facebook,post,1004233032153447,"PAS: Changes Partners Like Changing Clothes — Now Dumps BERSATU for UMNO Lifeline 

PAS is desperately begging UMNO for a political lifeline.

The photo above says it all. 

While UMNO holds its Biro Politik meeting at Hotel Seri Pacific, PAS bigwigs — including Takiyuddin and Naib President Ustaz Idris Ahmad — are already lurking in the same hotel. 

This is not coincidence. This is desperation in action.

PAS knows the hard truth: there is no Green Wave in Johor.

Bangsa Johor has consistently rejected PAS’s brand of extremism, racial politics, and religious authoritarianism. 

Johoreans do not want outsiders dictating what they can eat, wear, or how they should live their lives. 

They reject the constant haram-halal policing and the radical tone that comes with it.

Look at the last Johor state election.

Even at the height of the so-called Green Wave in the northern states, PAS only managed to win one single state seat  in Johor — Maharani — and that too with an embarrassingly slim majority. 

In the parliamentary seats? Zero. A complete shutout.

Now, sensing total annihilation in the upcoming Johor election, PAS is rushing to resell Muafakat Nasional 2.0. 

The narrative was first floated by Annuar Musa, then amplified by Tuan Ibrahim and PAS Youth. Classic desperation move.

This is not a “grand alliance” based on principle. 

They change partners like changing clothes. 

Last GE, they cozied up to Bersatu. Why? Election funding. 

Bersatu had the war chest, so PAS became their best friend.

Now Bersatu’s bank accounts are frozen and their political value has tanked. 

Suddenly, PAS is already at UMNO’s hotel door, hawking Muafakat Nasional 2.0.

They’re still technically with Perikatan Nasional, but already shopping for a new partner. 

This is betrayal in progress.

Bersatu hasn’t even been buried yet and PAS is already at the wake eyeing UMNO.

PAS will stab anybody to gain power. They blew with Bersatu when the money was flowing. Now the wind is shifting toward UMNO, so they’re blowing that way. No principle, no ideology — just raw opportunism.

This is a failing party crawling on its knees, begging UMNO to throw them a lifeline so they don’t get wiped out entirely in the south. Without some form of seat arrangement or pact, PAS faces political extinction in Johor.

The beggar has arrived at the palace gate.

Johor has always been moderate, pragmatic, and development-focused. The people here value stability and progress over performative religiosity and divisive politics. 

PAS knows this — which is why they are panicking and trying to force their way back into relevance through the backdoor.

The message to PAS is simple:

Johor doesn’t want you. 

No amount of hotel lobbying and desperate begging will change that.

PAS: The Ultimate Political Frog

2015: Dumps Pakatan Rakyat to form Gagasan Sejahtera with Ikatan. Blames DAP.

2020: Dumps Gagasan, jumps to Muafakat Nasional with UMNO. Calls it “Ummah unity”.

2020: Joins Perikatan Nasional with Bersatu too. Double dipping.

2022: GE15 with Bersatu because they had election funds. Wins big in the north.

2024-2026: Bersatu accounts frozen, leaders charged. PAS now lurking at UMNO meetings selling Muafakat 2.0.

They go wherever the power and money go. Today Bersatu, tomorrow UMNO, next week whoever.

 No loyalty. No principle. Just survival.",https://www.facebook.com/thecoveragemalaysia/posts/pfbid02BqdNLo86EXTXh8zUjV8CxvKzS77HsY5FQYxbyYbjReDVdYpjZ9NkyoZho8VvvVVNl,,,negative,,0,0,0,0,0.09966017603874205,0,0.0,,,negative,0.6677994132041931,english,Mixed/Urban,love,0.24031685292720795,0.05621563270688057,0.07783633470535278,0.11553772538900375,0.3725259602069855,0.01667626202106476
facebook,comment,Y29tbWVudDoxMDA0MjMzMDMyMTUzNDQ3XzIyMjY1MTUwNTQ4MzkyNjk=,orang pergi pesta buku pon budak ph ketar ketir 🤣,,https://www.facebook.com/thecoveragemalaysia/posts/pfbid02BqdNLo86EXTXh8zUjV8CxvKzS77HsY5FQYxbyYbjReDVdYpjZ9NkyoZho8VvvVVNl,pfbid02BqdNLo86EXTXh8zUjV8CxvKzS77HsY5FQYxbyYbjReDVdYpjZ9NkyoZho8VvvVVNl,neutral,2026-06-05 10:10:32+00:00,1,0,0,0,0.5,1,,Nor Azman Abu Bakar,0.0,neutral,0.7754436731338501,english,Mixed/Urban,no_clear_emotion,0.054506417363882065,0.011255809105932713,0.040563683956861496,0.020810600370168686,0.18117129802703857,0.02694704756140709
facebook,comment,Y29tbWVudDoxMDA0MjMzMDMyMTUzNDQ3XzkyMDQ2MTM5NzY3NjA5Ng==,"lalang lalang.....
use lalang killer",,https://www.facebook.com/thecoveragemalaysia/posts/pfbid02BqdNLo86EXTXh8zUjV8CxvKzS77HsY5FQYxbyYbjReDVdYpjZ9NkyoZho8VvvVVNl,pfbid02BqdNLo86EXTXh8zUjV8CxvKzS77HsY5FQYxbyYbjReDVdYpjZ9NkyoZho8VvvVVNl,negative,2026-06-05 12:10:24+00:00,1,0,0,0,0.10596579909324647,1,,Danny Heng,0.0,negative,0.6467806696891785,english,Mixed/Urban,anger,0.48219242691993713,0.02703758142888546,0.0763038769364357,0.05059126764535904,0.14775945246219635,0.02668903023004532
facebook,comment,Y29tbWVudDoxMDA0MjMzMDMyMTUzNDQ3Xzk5NjI4ODk1NjQ2NzYzNw==,Pretty sure he was going to PBAKL no?,,https://www.facebook.com/thecoveragemalaysia/posts/pfbid02BqdNLo86EXTXh8zUjV8CxvKzS77HsY5FQYxbyYbjReDVdYpjZ9NkyoZho8VvvVVNl,pfbid02BqdNLo86EXTXh8zUjV8CxvKzS77HsY5FQYxbyYbjReDVdYpjZ9NkyoZho8VvvVVNl,neutral,2026-06-05 01:36:01+00:00,4,0,0,0,0.5,4,,Azrie Ezaidi,0.0,neutral,0.9392330646514893,english,Mixed/Urban,happy,0.018837494775652885,0.1494545191526413,0.7230138778686523,0.011394336819648743,0.02999776415526867,0.042790964245796204
facebook,comment,Y29tbWVudDoxMDA0MjMzMDMyMTUzNDQ3XzIwNjY1MDE5OTQyNTU5ODA=,"It's politics, what do u expect? Even PH came looking for BN after GE15. 😮‍💨",,https://www.facebook.com/thecoveragemalaysia/posts/pfbid02BqdNLo86EXTXh8zUjV8CxvKzS77HsY5FQYxbyYbjReDVdYpjZ9NkyoZho8VvvVVNl,pfbid02BqdNLo86EXTXh8zUjV8CxvKzS77HsY5FQYxbyYbjReDVdYpjZ9NkyoZho8VvvVVNl,negative,2026-06-04 12:28:50+00:00,4,0,0,0,0.09819304347038268,4,,Hadi Mohd Zin,0.0,negative,0.6726898550987244,english,Mixed/Urban,no_clear_emotion,0.035885460674762726,0.03922745957970619,0.11075227707624435,0.02982473187148571,0.24205563962459564,0.08208674937486649
facebook,comment,Y29tbWVudDoxMDA0MjMzMDMyMTUzNDQ3XzE2NzM2MTQwODczMDIzNTM=,"LOL what happened to your page?

Anwar + Zahid killing BERSATU.
Rafizi killing PKR.
DAP killing themselves.

Now UMNO + PAS.

GE16, the most stable coalition will be BN + PAS + PH + GPS + GRS, and the opposition will be BERSAMA + BERSATU",,https://www.facebook.com/thecoveragemalaysia/posts/pfbid02BqdNLo86EXTXh8zUjV8CxvKzS77HsY5FQYxbyYbjReDVdYpjZ9NkyoZho8VvvVVNl,pfbid02BqdNLo86EXTXh8zUjV8CxvKzS77HsY5FQYxbyYbjReDVdYpjZ9NkyoZho8VvvVVNl,negative,2026-06-04 16:30:19+00:00,9,0,5,0,0.13163273334503173,19,,Zack,0.0,negative,0.5612242221832275,english,Mixed/Urban,happy,0.0642595961689949,0.07222551852464676,0.3664911687374115,0.031421683728694916,0.09274521470069885,0.047235459089279175
facebook,comment,Y29tbWVudDoxMDA0MjMzMDMyMTUzNDQ3XzIyMzUyNjg1NjM5NTcxNjA=,Hadi said rumah huantu???,,https://www.facebook.com/thecoveragemalaysia/posts/pfbid02BqdNLo86EXTXh8zUjV8CxvKzS77HsY5FQYxbyYbjReDVdYpjZ9NkyoZho8VvvVVNl,pfbid02BqdNLo86EXTXh8zUjV8CxvKzS77HsY5FQYxbyYbjReDVdYpjZ9NkyoZho8VvvVVNl,neutral,2026-06-05 06:03:30+00:00,0,0,2,0,0.5,4,,Andrea Lee,0.0,neutral,0.8943066596984863,english,Mixed/Urban,love,0.18942466378211975,0.07435163110494614,0.11110536754131317,0.058153726160526276,0.34246593713760376,0.04173780232667923
facebook,comment,Y29tbWVudDoxMDA0MjMzMDMyMTUzNDQ3Xzg2MjI0NTIzMDI2MDUxOQ==,Muafakat National 2.0,,https://www.facebook.com/thecoveragemalaysia/posts/pfbid02BqdNLo86EXTXh8zUjV8CxvKzS77HsY5FQYxbyYbjReDVdYpjZ9NkyoZho8VvvVVNl,pfbid02BqdNLo86EXTXh8zUjV8CxvKzS77HsY5FQYxbyYbjReDVdYpjZ9NkyoZho8VvvVVNl,neutral,2026-06-04 14:16:13+00:00,4,0,2,0,0.5,8,,Pang Shang Ba,0.0,neutral,0.774239182472229,english,Mixed/Urban,no_clear_emotion,0.10023679584264755,0.0346018522977829,0.09452524781227112,0.020201848819851875,0.32372164726257324,0.022659001871943474
facebook,comment,Y29tbWVudDoxMDA0MjMzMDMyMTUzNDQ3XzE2NTEwNjkyODI4Mjk0MjE=,UMmmm...NO.....I think I'll PASsss,,https://www.facebook.com/thecoveragemalaysia/posts/pfbid02BqdNLo86EXTXh8zUjV8CxvKzS77HsY5FQYxbyYbjReDVdYpjZ9NkyoZho8VvvVVNl,pfbid02BqdNLo86EXTXh8zUjV8CxvKzS77HsY5FQYxbyYbjReDVdYpjZ9NkyoZho8VvvVVNl,negative,2026-06-05 03:47:22+00:00,0,0,0,0,0.033523499965667725,0,,Alen Chang,0.0,negative,0.8882550001144409,english,Mixed/Urban,love,0.03354590758681297,0.035261671990156174,0.10011996328830719,0.014091401360929012,0.5304454565048218,0.051738083362579346
facebook,comment,Y29tbWVudDoxMDA0MjMzMDMyMTUzNDQ3XzE1OTA2MjQ5NDI0MTkxODM=,Empunya page ni yang tengah panik nampaknya 🤔,,https://www.facebook.com/thecoveragemalaysia/posts/pfbid02BqdNLo86EXTXh8zUjV8CxvKzS77HsY5FQYxbyYbjReDVdYpjZ9NkyoZho8VvvVVNl,pfbid02BqdNLo86EXTXh8zUjV8CxvKzS77HsY5FQYxbyYbjReDVdYpjZ9NkyoZho8VvvVVNl,negative,2026-06-05 01:52:39+00:00,5,0,0,0,0.06102315187454224,5,,Amir Ismail,0.0,negative,0.7965894937515259,multilingual,Unknown,anger,0.7080514430999756,0.09583240747451782,0.06860417127609253,0.022786391898989677,0.035937897861003876,0.013131619431078434
facebook,comment,Y29tbWVudDoxMDA0MjMzMDMyMTUzNDQ3XzEwMDk0NzQyOTQ4MzM1NDY=,Kat situ kan tengah ada pesta buku..,,https://www.facebook.com/thecoveragemalaysia/posts/pfbid02BqdNLo86EXTXh8zUjV8CxvKzS77HsY5FQYxbyYbjReDVdYpjZ9NkyoZho8VvvVVNl,pfbid02BqdNLo86EXTXh8zUjV8CxvKzS77HsY5FQYxbyYbjReDVdYpjZ9NkyoZho8VvvVVNl,negative,2026-06-05 05:08:47+00:00,0,0,0,0,0.15004678219556808,0,,Adawiyah Shaarani,0.0,negative,0.4998440593481064,multilingual,Unknown,no_clear_emotion,0.03599131479859352,0.018957501277327538,0.04263613745570183,0.010111850686371326,0.04918832704424858,0.08154793083667755
facebook,post,1285716406922336,"Muafakat Nasional Set to Storm Back: BN-PAS Alliance Poised for 116-Seat Majority

The Muafakat Nasional alliance between Barisan Nasional (BN) and PAS could form the next federal government with a majority of 116 seats in Parliament. 

This projection is based on expected vote swings in marginal seats currently held by Pakatan Harapan (PH) and Bersatu (PN), where many Malay voters may shift support to UMNO or PAS.

Basis of the Projection and Calculation Method

This data and seat-by-seat calculation is derived from the results of the (GE15) in 2022, assuming a straight 1-on-1 contest under a revived Muafakat Nasional alliance (no three-cornered fights between UMNO/BN and PAS).

Example: Lembah Pantai (currently held by Fahmi Fadzil of PKR)

In GE15: Fahmi Fadzil (PH-PKR) won with 35,359 votes.

UMNO (BN) came second with 21,447 votes.
PAS (PN) came third with 19,098 votes.

In a Muafakat Nasional 1-on-1 scenario: PAS’s 19,098 votes would transfer/add to UMNO’s candidate, giving UMNO a combined 40,545 votes – beating PKR’s 35,359 by a majority of 5,186 votes. 

Thus, Lembah Pantai swings to UMNO.

For the rest of the seats listed, you can apply the same formula:

Identify the GE15 votes for PH/Bersatu winner vs. UMNO/BN and PAS/PN candidates.

Combine UMNO + PAS votes and compare to the winner’s tally.

Account for potential Malay voter consolidation and Bersatu seats (many won on PAS grassroots support in PN).

Seats currently held by Bersatu are particularly vulnerable, as much of their support came from PAS voters and machinery under the Perikatan Nasional banner.

Why Muafakat Nasional is a Deadly Combination:

UMNO provides strong leadership, institutional experience, and resources.

PAS supplies powerful grassroots networks, election machinery, and a loyal voter base.

This alliance stands strong on Peninsular Malaysia alone and does not rely on any pacts with Borneo-based parties (GPS, GRS, etc.) to form the federal government.

Projected Seat Distribution After the Next General Election:

PAS: Currently 43 seats → Gains at least 9 more → 52 seats

UMNO: Currently 26 seats (after deducting 7 Sabah seats, assuming total loss, leaving 19) → Adds 33 new seats → 55 seats

MCA: Currently 2 seats → Adds 5 → 7 seats

MIC: Currently 1 seat → Adds 1 → 2 seats

Total for BN + PAS (Muafakat Nasional): 116 seats – sufficient for a simple majority (112 out of 222 parliamentary seats).

Meanwhile, PH and Bersatu face significant losses:

PKR: Currently 31 → Loses 16 → 15 seats

Amanah: Currently 8 → Loses 5 → 3 seats

DAP: Currently 40 → Loses 4 in Peninsular Malaysia (excluding Sabah and Sarawak) → 36 seats

Bersatu: Currently 30 → Loses at least 18 → 12 seats

At the state level:

PAS retains control of 4 states: Perlis, Terengganu, Kelantan, Kedah.

UMNO takes over: Negeri Sembilan, Perak, Pahang, Melaka, Johor.

Muafakat Nasional conquers 9 states in total.

List of Potential Seat Swings (Currently Held by Bersatu or PH, Expected to Fall to BN or PAS):

Lembah Pantai (PKR) → UMNO
Setiawangsa (PKR) → UMNO
Bandar Tun Razak (PKR) → UMNO
Putrajaya (Bersatu) → UMNO
Labuan (Bersatu) → UMNO
Langkawi (Bersatu) → UMNO
Kubang Pasu (Bersatu) → PAS
Sungai Petani (PKR) → PAS
Padang Serai (Bersatu) → PAS
Kulim Bandar Baru (Bersatu) → PAS
Machang (Bersatu) → PAS
Tasek Gelugor (Bersatu) → PAS
Balik Pulau (PKR) → UMNO
Sabak Bernam (Bersatu) → UMNO
Sungai Besar (Bersatu) → UMNO
Tanjong Karang (Bersatu) → UMNO
Kuala Selangor (Amanah) → UMNO
Gombak (PKR) → UMNO
Hulu Langat (Amanah) → UMNO
Sungai Buloh (PKR) → UMNO
Shah Alam (Amanah) → UMNO
Sepang (Amanah) → UMNO
Segamat (PKR) → UMNO
Sekijang (PKR) → UMNO
Labis (DAP) → BN (MCA)
Ledang (PKR) → UMNO
Muar (MUDA) → UMNO
Sri Gading (Amanah) → UMNO
Batu Pahat (PKR) → PAS
Mersing (Bersatu) → UMNO
Tebrau (DAP) → BN (MCA)
Pasir Gudang (PKR) → PAS
Masjid Tanah (Bersatu) → UMNO
Alor Gajah (Amanah) → UMNO
Hang Tuah Jaya (PKR) → UMNO
Raub (DAP) → BN (MCA)
Bentong (DAP) → BN (MCA)
Rompin (Bersatu) → UMNO
Gerik (Bersatu) → UMNO
Bukit Gantang (Bersatu) → UMNO
Padang Rengas (Bersatu) → UMNO
Sungai Siput (PKR) → BN (MIC)
Tambun (PKR) → PAS
Kuala Kangsar (Bersatu) → UMNO
Lumut (Bersatu) → UMNO
Tanjong Malim (PKR) → BN (MCA)

Important Notes on the Strength of This Projection

This calculation assumes PH at full strength: 97% of Chinese voters and 86% of Indian voters remain solidly behind PH, along with Rafizi Ramli’s progressive supporters still fully intact.

Even under these optimal conditions for PH (pre-weakening), the consolidated wave toward Muafakat Nasional proves unstoppable.

In reality, PH is already badly weakened following the recent Sabah state election outcomes and ongoing internal issues—making the projected collapse even more likely.

Even at PH’s peak strength, this massive and deadly wave cannot be stopped. Be careful what you celebrate.

Figures like Yeo Bee Yin and Tony Pua can continue their celebrations if they wish. 

Let’s see how long your arrogance allows that when the Muafakat Nasional alliance returns. 

You started the fire—so prepare for the consequences.",https://www.facebook.com/thecoveragemedia/posts/pfbid08Ck7cfdSz1CZBeSKP5DATgqPumbbqs2VG3aHjejdWcUCkixnvBWmCtvQetjNsP5al,,,neutral,,0,0,0,0,0.5,0,0.0,,,neutral,0.896875262260437,english,Mixed/Urban,no_clear_emotion,0.051860708743333817,0.027921313419938087,0.11501776427030563,0.017596183344721794,0.09191150218248367,0.023461436852812767
facebook,post,1478304620408727,"PETALING JAYA: An Amanah leader has told Negeri Sembilan Barisan Nasional to reconsider its intention to form a new state government with Perikatan Nasional after withdrawing support for menteri besar Aminuddin Harun.

Amanah central committee member Sany Hamzan said BN should look back on its past experience working with PN before deciding to form an alliance in Negeri Sembilan.

He told FMT that PN merely wanted to take advantage of the ongoing turmoil and take part in a new state government.

“Umno and BN need to remember their experience working with PN before this,” he said, pointing to the time when PN and BN were allies in the federal government from 2020 to 2022.

PN and BN joined hands to form the federal government, with Bersatu president Muhyiddin Yassin becoming the prime minister, following the collapse of the Pakatan Harapan administration in February 2020.

Muhyiddin resigned as the prime minister in August 2021 after several BN MPs withdrew support for him, and Umno vice-president Ismail Sabri Yaakob replaced him in the top post.

Despite being allies, Umno and PN were frequently at each other’s throats and eventually clashed in the Melaka and Johor state elections despite being federal allies.

Umno has consistently accused PAS of betraying their Muafakat Nasional pact by co-founding PN with Bersatu.

Sany, the Amanah election director, said PH had been magnanimous towards BN in Selangor, intentionally making room for Umno to join the state executive council while allocating local councillor and village chief posts.

The Hulu Langat MP said issues within a state administration should be dealt with through negotiations rather than withdrawing support or resigning from posts.

Since the Negeri Sembilan government was formed on the basis of the PH-BN unity pact, Sany said, all parties should go back to the negotiation table to sort out their dispute.

He said the crisis in Negeri Sembilan was not just political but involved the state’s royal and customary institutions.

The Negeri Sembilan crisis arose after Mubarak Dohak, the former undang of Sungai Ujong, announced the removal of Tuanku Muhriz Tuanku Munawir as the Yang di-Pertuan Besar with the three other undangs on April 19.

However, Aminuddin said the state government did not recognise Tuanku Muhriz’s removal, as Mubarak had been lawfully removed as undang on May 13 last year for contravening 33 customary laws.

Following that, all 14 Umno assemblymen announced that they had withdrawn support for Aminuddin as the menteri besar, saying it was linked to the crisis involving the chieftains and Tuanku Muhriz.

Negeri Sembilan BN later claimed it had a simple majority in the 36-seat assembly to form the state government, with the support of PN’s five assemblymen.

However, Aminuddin said Tuanku Muhriz wanted him to continue as the menteri besar until the question of his majority support was determined.

#1media4all #MalaysiaNews #ViralNews",https://www.facebook.com/Malaysianewsviral.online/posts/pfbid0D11d14hCUM4A6DsFrV4B31ZS2aqWmCr2D34893DQ9LzP5d9Y69LEuqwM3Z8Sg1cxl,,,neutral,,0,0,0,0,0.5,0,0.0,,,neutral,0.8317508101463318,english,Mixed/Urban,no_clear_emotion,0.2402733713388443,0.0909738689661026,0.1706419289112091,0.04908828064799309,0.12148891389369965,0.02599659003317356
facebook,comment,Y29tbWVudDoxNDc4MzA0NjIwNDA4NzI3XzIwMjE2NDMzOTUxNDcwNzY=,Good bye FMT..,,https://www.facebook.com/Malaysianewsviral.online/posts/pfbid0D11d14hCUM4A6DsFrV4B31ZS2aqWmCr2D34893DQ9LzP5d9Y69LEuqwM3Z8Sg1cxl,pfbid0D11d14hCUM4A6DsFrV4B31ZS2aqWmCr2D34893DQ9LzP5d9Y69LEuqwM3Z8Sg1cxl,neutral,2026-04-30 01:30:47+00:00,0,0,0,0,0.5,0,,Hisham Sham,0.0,neutral,0.6418017148971558,english,Mixed/Urban,love,0.051957014948129654,0.03479377180337906,0.20492078363895416,0.038891229778528214,0.5307609438896179,0.03832704573869705
facebook,comment,Y29tbWVudDoxNDc4MzA0NjIwNDA4NzI3XzE1NDE2NDU3ODc2NjQyMDk=,"No problem..PH always there to heal..once heal go back to PN, injured come back again..PH always welcome UMNO, UMNO r the darling.",,https://www.facebook.com/Malaysianewsviral.online/posts/pfbid0D11d14hCUM4A6DsFrV4B31ZS2aqWmCr2D34893DQ9LzP5d9Y69LEuqwM3Z8Sg1cxl,pfbid0D11d14hCUM4A6DsFrV4B31ZS2aqWmCr2D34893DQ9LzP5d9Y69LEuqwM3Z8Sg1cxl,positive,2026-04-30 03:37:03+00:00,1,0,0,0,0.9797401845455169,1,,Yu Ong Sing,0.0,positive,0.9324672818183899,english,Mixed/Urban,love,0.027995329350233078,0.018690166994929314,0.13086137175559998,0.020459892228245735,0.7437619566917419,0.021351050585508347
facebook,comment,Y29tbWVudDoxNDc4MzA0NjIwNDA4NzI3XzEwMTE1NjU4NTQ1NTc1NTM=,Sany sangat betul.Kita tak boleh tahan pengkhianat macam PN Dan BN lagi di kerjaan,,https://www.facebook.com/Malaysianewsviral.online/posts/pfbid0D11d14hCUM4A6DsFrV4B31ZS2aqWmCr2D34893DQ9LzP5d9Y69LEuqwM3Z8Sg1cxl,pfbid0D11d14hCUM4A6DsFrV4B31ZS2aqWmCr2D34893DQ9LzP5d9Y69LEuqwM3Z8Sg1cxl,negative,2026-04-30 01:25:49+00:00,1,0,1,0,0.000506615638732888,3,,Aloysius Ooi Hock Kee,0.0,negative,0.9983112812042236,malay,Malay/Bumiputera,sadness,0.2231365144252777,0.029304003342986107,0.04805601388216019,0.2886369526386261,0.27473536133766174,0.033287160098552704
facebook,comment,Y29tbWVudDoxNDc4MzA0NjIwNDA4NzI3XzE2MjU4NjkyODUzMzg1MTY=,Sakai hulu langat,,https://www.facebook.com/Malaysianewsviral.online/posts/pfbid0D11d14hCUM4A6DsFrV4B31ZS2aqWmCr2D34893DQ9LzP5d9Y69LEuqwM3Z8Sg1cxl,pfbid0D11d14hCUM4A6DsFrV4B31ZS2aqWmCr2D34893DQ9LzP5d9Y69LEuqwM3Z8Sg1cxl,neutral,2026-04-29 20:36:06+00:00,1,0,0,0,0.5,1,,Salahuddin Hisham,0.0,neutral,0.7862375974655151,english,Mixed/Urban,no_clear_emotion,0.16528460383415222,0.08000814914703369,0.10556516796350479,0.06559866666793823,0.21327395737171173,0.07167919725179672
facebook,comment,Y29tbWVudDoxNDc4MzA0NjIwNDA4NzI3XzE5MjcwNzYzMjgwMTI5MjY=,"Lesson of N9 failed coup,

a.  bertepuk sebelah tangan takkan berbunyi * it takes two to tango

b.  umno + pas + bersatu has the same dna * birds of a feather flock together

c.  the evidence of their treachery is as clear as the daylight * sudah terang lagi bersuluh

Malaysians who love this blessed homeland should chuck all of them out by the next general election",,https://www.facebook.com/Malaysianewsviral.online/posts/pfbid0D11d14hCUM4A6DsFrV4B31ZS2aqWmCr2D34893DQ9LzP5d9Y69LEuqwM3Z8Sg1cxl,pfbid0D11d14hCUM4A6DsFrV4B31ZS2aqWmCr2D34893DQ9LzP5d9Y69LEuqwM3Z8Sg1cxl,negative,2026-04-30 04:56:51+00:00,0,0,0,0,0.13808564543724058,0,,AbdulRazak Mohamed,0.0,negative,0.539714515209198,english,Mixed/Urban,love,0.13201788067817688,0.19738680124282837,0.17253869771957397,0.04181216284632683,0.3525829017162323,0.06572362780570984
facebook,comment,Y29tbWVudDoxNDc4MzA0NjIwNDA4NzI3XzE1NTI4OTA3NTk3Njk0MzM=,he looks sick and unfit as compared to before 👇,,https://www.facebook.com/Malaysianewsviral.online/posts/pfbid0D11d14hCUM4A6DsFrV4B31ZS2aqWmCr2D34893DQ9LzP5d9Y69LEuqwM3Z8Sg1cxl,pfbid0D11d14hCUM4A6DsFrV4B31ZS2aqWmCr2D34893DQ9LzP5d9Y69LEuqwM3Z8Sg1cxl,negative,2026-04-30 12:19:24+00:00,0,0,0,0,0.04550567865371702,0,,Hasrul,0.0,negative,0.8483144044876099,english,Mixed/Urban,sadness,0.03770853951573372,0.06701403856277466,0.010851186700165272,0.8444814085960388,0.009095417335629463,0.02120046131312847
facebook,post,1385510803371776,"Muafakat Nasional Set to Storm Back: BN-PAS Alliance Poised for 116-Seat Majority

The Muafakat Nasional alliance between Barisan Nasional (BN) and PAS could form the next federal government with a majority of 116 seats in Parliament. 

This projection is based on expected vote swings in marginal seats currently held by Pakatan Harapan (PH) and Bersatu (PN), where many Malay voters may shift support to UMNO or PAS.

Basis of the Projection and Calculation Method

This data and seat-by-seat calculation is derived from the results of the (GE15) in 2022, assuming a straight 1-on-1 contest under a revived Muafakat Nasional alliance (no three-cornered fights between UMNO/BN and PAS).

Example: Lembah Pantai (currently held by Fahmi Fadzil of PKR)

In GE15: Fahmi Fadzil (PH-PKR) won with 35,359 votes.

UMNO (BN) came second with 21,447 votes.
PAS (PN) came third with 19,098 votes.

In a Muafakat Nasional 1-on-1 scenario: PAS’s 19,098 votes would transfer/add to UMNO’s candidate, giving UMNO a combined 40,545 votes – beating PKR’s 35,359 by a majority of 5,186 votes. 

Thus, Lembah Pantai swings to UMNO.

For the rest of the seats listed, you can apply the same formula:

Identify the GE15 votes for PH/Bersatu winner vs. UMNO/BN and PAS/PN candidates.

Combine UMNO + PAS votes and compare to the winner’s tally.

Account for potential Malay voter consolidation and Bersatu seats (many won on PAS grassroots support in PN).

Seats currently held by Bersatu are particularly vulnerable, as much of their support came from PAS voters and machinery under the Perikatan Nasional banner.

Why Muafakat Nasional is a Deadly Combination:

UMNO provides strong leadership, institutional experience, and resources.

PAS supplies powerful grassroots networks, election machinery, and a loyal voter base.

This alliance stands strong on Peninsular Malaysia alone and does not rely on any pacts with Borneo-based parties (GPS, GRS, etc.) to form the federal government.

Projected Seat Distribution After the Next General Election:

PAS: Currently 43 seats → Gains at least 9 more → 52 seats

UMNO: Currently 26 seats (after deducting 7 Sabah seats, assuming total loss, leaving 19) → Adds 33 new seats → 55 seats

MCA: Currently 2 seats → Adds 5 → 7 seats

MIC: Currently 1 seat → Adds 1 → 2 seats

Total for BN + PAS (Muafakat Nasional): 116 seats – sufficient for a simple majority (112 out of 222 parliamentary seats).

Meanwhile, PH and Bersatu face significant losses:

PKR: Currently 31 → Loses 16 → 15 seats

Amanah: Currently 8 → Loses 5 → 3 seats

DAP: Currently 40 → Loses 4 in Peninsular Malaysia (excluding Sabah and Sarawak) → 36 seats

Bersatu: Currently 30 → Loses at least 18 → 12 seats

At the state level:

PAS retains control of 4 states: Perlis, Terengganu, Kelantan, Kedah.

UMNO takes over: Negeri Sembilan, Perak, Pahang, Melaka, Johor.

Muafakat Nasional conquers 9 states in total.

List of Potential Seat Swings (Currently Held by Bersatu or PH, Expected to Fall to BN or PAS):

Lembah Pantai (PKR) → UMNO
Setiawangsa (PKR) → UMNO
Bandar Tun Razak (PKR) → UMNO
Putrajaya (Bersatu) → UMNO
Labuan (Bersatu) → UMNO
Langkawi (Bersatu) → UMNO
Kubang Pasu (Bersatu) → PAS
Sungai Petani (PKR) → PAS
Padang Serai (Bersatu) → PAS
Kulim Bandar Baru (Bersatu) → PAS
Machang (Bersatu) → PAS
Tasek Gelugor (Bersatu) → PAS
Balik Pulau (PKR) → UMNO
Sabak Bernam (Bersatu) → UMNO
Sungai Besar (Bersatu) → UMNO
Tanjong Karang (Bersatu) → UMNO
Kuala Selangor (Amanah) → UMNO
Gombak (PKR) → UMNO
Hulu Langat (Amanah) → UMNO
Sungai Buloh (PKR) → UMNO
Shah Alam (Amanah) → UMNO
Sepang (Amanah) → UMNO
Segamat (PKR) → UMNO
Sekijang (PKR) → UMNO
Labis (DAP) → BN (MCA)
Ledang (PKR) → UMNO
Muar (MUDA) → UMNO
Sri Gading (Amanah) → UMNO
Batu Pahat (PKR) → PAS
Mersing (Bersatu) → UMNO
Tebrau (DAP) → BN (MCA)
Pasir Gudang (PKR) → PAS
Masjid Tanah (Bersatu) → UMNO
Alor Gajah (Amanah) → UMNO
Hang Tuah Jaya (PKR) → UMNO
Raub (DAP) → BN (MCA)
Bentong (DAP) → BN (MCA)
Rompin (Bersatu) → UMNO
Gerik (Bersatu) → UMNO
Bukit Gantang (Bersatu) → UMNO
Padang Rengas (Bersatu) → UMNO
Sungai Siput (PKR) → BN (MIC)
Tambun (PKR) → PAS
Kuala Kangsar (Bersatu) → UMNO
Lumut (Bersatu) → UMNO
Tanjong Malim (PKR) → BN (MCA)

Important Notes on the Strength of This Projection

This calculation assumes PH at full strength: 97% of Chinese voters and 86% of Indian voters remain solidly behind PH, along with Rafizi Ramli’s progressive supporters still fully intact.

Even under these optimal conditions for PH (pre-weakening), the consolidated wave toward Muafakat Nasional proves unstoppable.

In reality, PH is already badly weakened following the recent Sabah state election outcomes and ongoing internal issues—making the projected collapse even more likely.

Even at PH’s peak strength, this massive and deadly wave cannot be stopped. Be careful what you celebrate.

Figures like Yeo Bee Yin and Tony Pua can continue their celebrations if they wish. 

Let’s see how long your arrogance allows that when the Muafakat Nasional alliance returns. 

You started the fire—so prepare for the consequences.

Coverage Media",https://www.facebook.com/drmazriyahya/posts/pfbid0GrthkXuBdMcC4U38yjLJwTKAYPLbhgkGbLMkTiTj3YmnJDW36ZxH81yDA4i8n4JNl,,,neutral,,0,0,0,0,0.5,0,0.0,,,neutral,0.896875262260437,english,Mixed/Urban,no_clear_emotion,0.051860708743333817,0.027921313419938087,0.11501776427030563,0.017596183344721794,0.09191150218248367,0.023461436852812767
facebook,comment,Y29tbWVudDoxMzg1NTEwODAzMzcxNzc2XzEyNDU4MDU2NTczODE3MTA=,PBBM might hold Perlis if Shahidan stay with PBBM,,https://www.facebook.com/drmazriyahya/posts/pfbid0GrthkXuBdMcC4U38yjLJwTKAYPLbhgkGbLMkTiTj3YmnJDW36ZxH81yDA4i8n4JNl,pfbid0GrthkXuBdMcC4U38yjLJwTKAYPLbhgkGbLMkTiTj3YmnJDW36ZxH81yDA4i8n4JNl,neutral,2025-12-28 14:15:32+00:00,0,0,2,0,0.5,4,,Saifol Anuar,0.0,neutral,0.8829672932624817,english,Mixed/Urban,no_clear_emotion,0.07385877519845963,0.03697733208537102,0.29233241081237793,0.0098236333578825,0.07784516364336014,0.02696053311228752
facebook,comment,Y29tbWVudDoxMzg1NTEwODAzMzcxNzc2XzIxMjE4NjczOTg2NDE3OTI=,Teruskan kembalilah segera PAS UMNO BN BERSATU YA ALLAH...,,https://www.facebook.com/drmazriyahya/posts/pfbid0GrthkXuBdMcC4U38yjLJwTKAYPLbhgkGbLMkTiTj3YmnJDW36ZxH81yDA4i8n4JNl,pfbid0GrthkXuBdMcC4U38yjLJwTKAYPLbhgkGbLMkTiTj3YmnJDW36ZxH81yDA4i8n4JNl,neutral,2025-12-28 13:07:02+00:00,5,0,0,0,0.5,5,,Amran Ibrahim Rashidi,0.0,neutral,0.7262793779373169,english,Mixed/Urban,love,0.036890603601932526,0.033619530498981476,0.2524650990962982,0.027358628809452057,0.5551377534866333,0.025035396218299866
facebook,comment,Y29tbWVudDoxMzg1NTEwODAzMzcxNzc2XzEyOTQ5NzIxOTI2NzI3NTY=,Rasanya rakyat Perak nak PAS.. jauh beza jumlah kerusi UMNO,,https://www.facebook.com/drmazriyahya/posts/pfbid0GrthkXuBdMcC4U38yjLJwTKAYPLbhgkGbLMkTiTj3YmnJDW36ZxH81yDA4i8n4JNl,pfbid0GrthkXuBdMcC4U38yjLJwTKAYPLbhgkGbLMkTiTj3YmnJDW36ZxH81yDA4i8n4JNl,neutral,2025-12-28 13:31:14+00:00,5,0,0,0,0.5,5,,Ashaari Zakri,0.0,neutral,0.7787672281265259,english,Mixed/Urban,love,0.03420722112059593,0.011007808148860931,0.017977705225348473,0.05022907257080078,0.7648482918739319,0.03228034824132919
facebook,comment,Y29tbWVudDoxMzg1NTEwODAzMzcxNzc2Xzg4MzMwMDk2NzQ5NTIwOA==,Next Election gonna be mother of all election.. everyone dunno who is their friend 😂,,https://www.facebook.com/drmazriyahya/posts/pfbid0GrthkXuBdMcC4U38yjLJwTKAYPLbhgkGbLMkTiTj3YmnJDW36ZxH81yDA4i8n4JNl,pfbid0GrthkXuBdMcC4U38yjLJwTKAYPLbhgkGbLMkTiTj3YmnJDW36ZxH81yDA4i8n4JNl,neutral,2025-12-28 23:01:26+00:00,0,0,0,0,0.5,0,,Suzillco Suki,0.0,neutral,0.5117462277412415,english,Mixed/Urban,no_clear_emotion,0.04172000661492348,0.11295727640390396,0.10277882218360901,0.023259976878762245,0.11898575723171234,0.0708933025598526
facebook,comment,Y29tbWVudDoxMzg1NTEwODAzMzcxNzc2XzE2MDQ3ODIxNzQyMTA4Mjc=,Kedua2 pemipim umno dan pas perlu buang ego masing2 kalau nk realisasikan MN original ni..mana2 pemimpin yg x bersama kehendak akar umbi eloklah berundur secara terhormat..MN adalah jawapan terbaik bg mghadapi PRU16 nnt..,,https://www.facebook.com/drmazriyahya/posts/pfbid0GrthkXuBdMcC4U38yjLJwTKAYPLbhgkGbLMkTiTj3YmnJDW36ZxH81yDA4i8n4JNl,pfbid0GrthkXuBdMcC4U38yjLJwTKAYPLbhgkGbLMkTiTj3YmnJDW36ZxH81yDA4i8n4JNl,negative,2025-12-29 00:57:03+00:00,3,0,0,0,0.0005042731761932262,3,,Azlan Abdul Aziz,0.0,negative,0.9983190894126892,malay,Malay/Bumiputera,love,0.2166062891483307,0.025481922551989555,0.06196601316332817,0.05269774794578552,0.35321056842803955,0.02906605787575245
facebook,comment,Y29tbWVudDoxMzg1NTEwODAzMzcxNzc2XzEzOTk4NzczOTgyNTI0MzE=,Kami menanti saat itu!,,https://www.facebook.com/drmazriyahya/posts/pfbid0GrthkXuBdMcC4U38yjLJwTKAYPLbhgkGbLMkTiTj3YmnJDW36ZxH81yDA4i8n4JNl,pfbid0GrthkXuBdMcC4U38yjLJwTKAYPLbhgkGbLMkTiTj3YmnJDW36ZxH81yDA4i8n4JNl,positive,2025-12-28 13:13:22+00:00,1,0,0,0,0.8457046903669834,1,,Taufik Ahmad,0.0,positive,0.48568230122327805,multilingual,Unknown,no_clear_emotion,0.12232911586761475,0.05386051908135414,0.07664235681295395,0.0443720780313015,0.1898258477449417,0.03930192440748215
facebook,comment,Y29tbWVudDoxMzg1NTEwODAzMzcxNzc2XzE3NjE4MDAxNDQ0OTUyNzY=,Agreed without Zahid & barua² Dap...,,https://www.facebook.com/drmazriyahya/posts/pfbid0GrthkXuBdMcC4U38yjLJwTKAYPLbhgkGbLMkTiTj3YmnJDW36ZxH81yDA4i8n4JNl,pfbid0GrthkXuBdMcC4U38yjLJwTKAYPLbhgkGbLMkTiTj3YmnJDW36ZxH81yDA4i8n4JNl,neutral,2025-12-28 22:59:14+00:00,1,0,0,0,0.5,1,,Nik Rashid,0.0,neutral,0.7830953001976013,english,Mixed/Urban,no_clear_emotion,0.07162528485059738,0.01711812987923622,0.09944403171539307,0.021117305383086205,0.31924089789390564,0.0261102095246315
facebook,comment,Y29tbWVudDoxMzg1NTEwODAzMzcxNzc2XzE1ODEyODgyMjI4OTYxNzI=,InsyaAllah. 100% agreed Dr.,,https://www.facebook.com/drmazriyahya/posts/pfbid0GrthkXuBdMcC4U38yjLJwTKAYPLbhgkGbLMkTiTj3YmnJDW36ZxH81yDA4i8n4JNl,pfbid0GrthkXuBdMcC4U38yjLJwTKAYPLbhgkGbLMkTiTj3YmnJDW36ZxH81yDA4i8n4JNl,positive,2025-12-28 14:24:49+00:00,2,0,0,0,0.9789204478263854,2,,Badzli Bakar,0.0,positive,0.9297348260879517,english,Mixed/Urban,love,0.026830531656742096,0.018591446802020073,0.11384030431509018,0.011327840387821198,0.6454123258590698,0.030990436673164368
facebook,comment,Y29tbWVudDoxMzg1NTEwODAzMzcxNzc2Xzk4MDIzOTQxODQ5NjQ3Mw==,reset the button now,,https://www.facebook.com/drmazriyahya/posts/pfbid0GrthkXuBdMcC4U38yjLJwTKAYPLbhgkGbLMkTiTj3YmnJDW36ZxH81yDA4i8n4JNl,pfbid0GrthkXuBdMcC4U38yjLJwTKAYPLbhgkGbLMkTiTj3YmnJDW36ZxH81yDA4i8n4JNl,neutral,2025-12-28 13:01:59+00:00,2,0,0,0,0.5,2,,Mie Bob,0.0,neutral,0.7644330263137817,english,Mixed/Urban,happy,0.034922607243061066,0.0531378835439682,0.6244736909866333,0.016331955790519714,0.10738077759742737,0.0428343340754509
facebook,comment,Y29tbWVudDoxMzg1NTEwODAzMzcxNzc2XzE1OTM0MjAxMzIwNzU1MTg=,Agree Dr !,,https://www.facebook.com/drmazriyahya/posts/pfbid0GrthkXuBdMcC4U38yjLJwTKAYPLbhgkGbLMkTiTj3YmnJDW36ZxH81yDA4i8n4JNl,pfbid0GrthkXuBdMcC4U38yjLJwTKAYPLbhgkGbLMkTiTj3YmnJDW36ZxH81yDA4i8n4JNl,positive,2025-12-28 13:08:48+00:00,2,0,0,0,0.814561527967453,2,,Abu Ubaidah Kemin,0.0,positive,0.38187175989151,multilingual,Unknown,love,0.09459538757801056,0.041142068803310394,0.11426090449094772,0.023033758625388145,0.3887069523334503,0.029761571437120438
facebook,post,1292103426283634,"Akmal Saleh’s Big Lie Exposed: UMNO Lost Malays Long Before DAP – Thanks to Your Own Corruption & Arrogance

Akmal Saleh, listen up and listen hard—you're peddling a load of half-baked lies that stink of desperation. 

It's not DAP that's costing UMNO Malay support; it's your party's own rotten history of corruption, blatant racism, and insufferable arrogance that's driven you straight into the gutter. 

At your precious Pemuda UMNO convention, you paraded ""facts"" claiming UMNO lost Malay votes after teaming up with DAP. 

What a joke—that's not the truth; that's a pathetic half-truth designed to dodge accountability.

Let's slap some real numbers in your face.

UMNO once commanded a whopping 75% Malay support. 

In GE14—without a whiff of DAP—your support cratered to 45%. 

Then GE15 rolls around, still no DAP in sight, and it plunges further to 35%. 

Now, after partnering with DAP, you're whining about 27%? 

That's a measly 8% drop. 

But wake up, Akmal: Before DAP ever entered the picture, you'd already hemorrhaged a massive 40% from 75% to 35%. 

That's your own self-inflicted disaster, not DAP's fault. 

And that 55% of your core UMNO supporters who bolted to PN in GE15? 

They didn't flock to DAP—they ditched you for your rivals. DAP gained zilch from your implosion.

Now you're bleating about losing rural support? 

Spare us the crocodile tears. 

Is this your way of admitting Zahid Hamidi is a total failure as Menteri Kemajuan Desa dan Wilayah? 

Rural development and kampung welfare fall squarely on his shoulders, not a single DAP minister's. 

Those rural seats didn't go to DAP—they were snatched by PAS and Bersatu. 

And here's the killer question, Akmal: Do you seriously think cozying up to PAS now will let UMNO claw back those seats? 

Hell no—the incumbents will cling to them like glue. 

It's only through the Madani coalition—with DAP in it—that UMNO has any shot at reclaiming them from PAS and Bersatu. 

Proof? 

Post-GE15, with DAP on board, you crushed the by-elections in Pelangai, Mahkota, Ayer Kuning, and Nenggiri with overwhelming majorities. 

Shoving the blame for your epic failures onto DAP isn't just irresponsible—it's gutless and utterly illogical.

Let's not forget who the real backstabbers are. 

It was PAS that betrayed UMNO, ditching Muafakat Nasional to slither into PN with Bersatu. Not DAP. 

For 33 months under PN, PAS propped up that regime while they poached your members, schemed to dissolve UMNO, froze your party accounts, and dragged your leaders through the courts like criminals. Not DAP. 

But under Madani—with DAP in the mix—Zahid got his DNAA, Rosmah walked free, and cases against Tok Mat and LCS were buried, all investigations that festered under PN's watch. 

Funny how that works, huh?

Then you have the audacity to demand a MN revival so ""Malay states"" like Kedah, Kelantan, and Terengganu can ""develop,"" claiming development's only pouring into Johor, Penang, and Klang Valley. 

What a brazen distortion. 

DAP's been in power for barely three years—it's UMNO and PN's Malay-led governments that squandered nearly 70 years failing to lift those states out of poverty. 

Under Madani, the annual budgets for Kelantan, Kedah, and Terengganu dwarf what's given to Penang. 

And why do Penang, Johor, KL, and Selangor thrive? 

Not because of some magical government handout—it's the progressive, driven societies there fueling their own economies. 

Forced, artificial ""development"" flops like Forest City every time. 

So own it, Akmal: It's Malay leadership and society that's let those states rot, not DAP.

Crunch these numbers, since you love ""facts"".

There are 5,229,000 Malays in the SG4 states (Kedah: 1,803,000; Kelantan: 1,935,000; Terengganu: 1,236,000; Perlis: 255,000).

But dwarfing that? 

9,722,000 Malays in Selangor (4,153,000), Perak (1,530,000), Negeri Sembilan (761,000), Pulau Pinang (736,000), and Johor (2,542,000). 

Federal allocations to Kedah, Kelantan, and Terengganu already outstrip the rest—no issue there. 

But the second aid trickles to Penang, your walaun PN cronies erupt in outrage, even though Penang pumps among the highest GDP and revenue into the nation while getting the skimpiest allocations. 

Why the selective rage? 

Why act like there are no Malays in Penang? Those 736,000 Malays aren't real? No PAS members, supporters, or voters there? Only SG4 Malays count as ""pure""?

This is peak hypocrisy from you walaun types.

You abandon your hometowns, dump your parents and grandparents in backwardness, and flock to developed states like KL, Selangor, Johor, and Penang to chase jobs and prosperity. 

Every five years, you crawl back to vote in PAS administrations that perpetuate poverty and underdevelopment in your birth states, then return to leech off the progress in non-PAS territories.

And when aid flows to those thriving states—where you live, work, and eat—you screech like hypocrites, pretending you don't benefit. What kind of twisted logic is this? 

You smear these places as capitalist dens of liberalism, vice, entertainment, and un-Islamic filth, accuse the ruling parties of every sin under the sun—yet you happily soak up their advancements and amenities. 

You vote PAS back home to keep it poor and regressive, while refusing to live there yourself. 

Demanding handouts for states you won't even stay in?

Pathetic. 

Grow a spine, Akmal—face your party's mess instead of scapegoating DAP. Your downfall is all on you.",https://www.facebook.com/thecoveragemedia/posts/pfbid0ub32noePKKLdHWLyPJnfd6XgfePxqYri8o1gfPVeM5YQT8zr7Ru8FxcUASBrNTCJl,,,negative,,0,0,0,0,0.03257848620414733,0,0.0,,,negative,0.8914050459861755,english,Mixed/Urban,sadness,0.040136463940143585,0.0411655567586422,0.017043519765138626,0.8263660669326782,0.03125922754406929,0.01948808878660202
facebook,post,1780070413422950,"PETALING JAYA: Johor Umno Youth has urged PAS to embrace the Rumah Bangsa initiative as a platform for uniting Malays, in response to the Islamic party’s proposal that efforts to unite Malay-based political parties should begin in Johor ahead of the upcoming state election.

Its chief, Noor Azleen Ambros, told FMT that Johor Umno Youth welcomed PAS’s intention and aspiration to foster Malay unity, but hoped the effort would be carried out sincerely and not merely as an electoral strategy.

He said PAS’s decision on whether to contest independently or cooperate with others in the Johor state election would serve as a litmus test of the Islamic party’s sincerity.

“The choice is entirely up to PAS,” he told FMT.

Yesterday, PAS deputy president Tuan Ibrahim Tuan Man called on PAS and Umno to work together in the Johor state election, describing it as the right time to revive their now-defunct Muafakat Nasional alliance.

Tuan Ibrahim said cooperation between the country’s two largest Malay-Muslim parties was needed and that the state polls could usher in a new political realignment.

“In that regard, Johor Umno Youth’s suggestion is for PAS to consider Rumah Bangsa as a platform to pursue that goal,” Noor Azleen said.

Meanwhile, Umno Supreme Council member Nur Jazlan Mohamed claimed PAS was raising the issue of Malay unity only at a time when Perikatan Nasional was in a weakened position.

According to him, the issue of MN was never seriously discussed when PN was in power.

“Now that they are in the opposition and weakened, with PN fractured and facing a shortage of resources ahead of the next election, they have suddenly begun talking about Malay unity,” he said.

The senator also took aim at what he described as PAS’s long-standing political approach of “using Islam as a tool to divide the Malays”.

The Johor state assembly was dissolved on Monday, paving the way for the 16th Johor state election, which must be held within 60 days.

BN, PH and PN have each said they will be contesting all 56 seats.

#1Media4all #LatestNews #InfoSemasa",https://www.facebook.com/permalink.php?story_fbid=pfbid02Qt1weURA87x3Gpxa1zrvaFZGvG45KG4N776tBoGDJvTyceiLe6c9ECi1QuXMMSJSl&id=100042600262087,,,neutral,,0,0,0,0,0.5,0,0.0,,,neutral,0.7215429544448853,english,Mixed/Urban,happy,0.1141703650355339,0.18099452555179596,0.360806405544281,0.08809840679168701,0.1964750736951828,0.02097160927951336
facebook,post,10163428891909210,"Good afternoon 

The Future of Perikatan Nasional: From Bersatu's Turmoil to PAS's Ascendancy and Electoral Prospects
By Betty Teh 

Perikatan Nasional (PN), Malaysia's primary opposition coalition, finds itself at a pivotal crossroads as the nation inches toward the 16th General Election (GE16), due possibly by mid 2027. Formed in 2020 amid political upheaval, PN comprising Parti Pribumi Bersatu Malaysia (Bersatu), Parti Islam Se-Malaysia (PAS), Gerakan, and the Malaysian Indian People’s Party (MIPP) has been a formidable force, capitalising on Malay Muslim support to secure 74 seats in the 2022 general election (GE15). 

However, recent internal fractures, particularly within Bersatu, have exposed vulnerabilities that could reshape the coalition's trajectory. This analysis begins with the latest developments in Bersatu, explores PAS's growing dominance, assesses Bersatu's potential fate, and concludes with a forecast for PN's performance in the upcoming polls.

Recent Happenings in Bersatu: A Leadership Exodus and Brewing Crisis

Bersatu, once the linchpin of PN under the stewardship of former Prime Minister Tan Sri Muhyiddin Yassin, has been plagued by internal discord that culminated in a dramatic series of resignations at the end of 2025. On December 30, 2025, Muhyiddin announced his resignation as PN chairman, effective January 1, 2026, citing unresolved tensions within the coalition. 

This move triggered a cascade of departures from key Bersatu figures, including Datuk Seri Mohamed Azmin Ali, who stepped down as PN secretary-general and Selangor PN chairman; Datuk Dr Sahruddin Jamal as Johor PN chairman; Datuk Seri Ahmad Faizal Azumu as Perak PN chairman; and Mohamad Hanifah Abu Baker as Negeri Sembilan PN chairman.

These resignations stem from longstanding frictions, including a public feud over leadership succession and strategic direction. Throughout 2025, Bersatu grappled with calls for Muhyiddin, now 78, to relinquish his role as party president and PN's prime ministerial candidate. Internal rifts were exacerbated by defections of six Bersatu MPs pledged support to Prime Minister Anwar Ibrahim's unity government without formally leaving the party, weakening Bersatu's parliamentary presence from 24 to an effective lower count. 

By November 2025, the party's Supreme Council committed to resolving these issues harmoniously, prioritizing unity ahead of state elections like Sabah's. However, the December exodus has been described as PN's most severe crisis since its inception, highlighting a ""crack waiting to split"" amid power struggles.

Bersatu's financial contributions during GE15, including funding PAS's campaigns that led to its record 43 seats, have also resurfaced as a point of contention, with former aides accusing PAS of ingratitude. Despite the turmoil, Bersatu has reaffirmed its commitment to PN, with leaders urging Muhyiddin to reconsider his resignation and pledging adherence to coalition consensus.

PAS's Dominance in PN: From Coalition Partner to De Facto Leader

PAS's rise within PN has been unmistakable, fueled by its electoral strength and ideological appeal. Holding 43 of PN's 67 parliamentary seats, PAS is the coalition's largest component, dwarfing Bersatu's diminished influence. The ""Green Wave"" of GE15 and subsequent state polls in 2023 propelled PAS to control four states: Kelantan, Terengganu, Kedah, and Perlis; cementing its narrative dominance on Islam and Malay Muslim issues.

The recent Bersatu resignations have accelerated PAS's ascendancy. PAS president Abdul Hadi Awang announced on January 2, 2026, that the party will assume PN's chairmanship, with a candidate to be named soon. Analysts note that PAS's stability contrasts sharply with Bersatu's chaos, positioning it as the ""only strong party"" in PN. Tensions, such as the Perlis state crisis where PAS and Bersatu clashed over governance, underscore a broader power struggle for dominance ahead of GE16.

PAS's ideological purism emphasizing Islamic governance without compromise gives it a narrative edge, allowing experimentation with cultural assets to appeal to conservative voters. However, this dominance raises concerns: a PAS led PN could alienate non Malay voters, limiting the coalition's urban appeal. Some speculate this could revive old pacts like Muafakat Nasional with UMNO, though obstacles persist.

One must remember PAS does not need PN to survive.

What Will Happen to Bersatu? A Strategic Retreat or Irrelevance?

Bersatu's future within PN appears tied to a ""strategic step back"" rather than outright dissolution. Muhyiddin, retaining his presidency, emphasized on January 2, 2026, that Bersatu remains a ""principled, consistent, and loyal partner"" in PN, prioritizing party survival and unity. This retreat aims to reorganize leadership and fortify internal structures amid challenges like defections and financial strains.

Yet, risks abound. If Bersatu exits PN entirely a scenario floated amid the crisis it could contest independently, targeting former UMNO strongholds now under PN. Analysts warn this might fragment the opposition vote, benefiting Anwar's Pakatan Harapan (PH)-led government. Bersatu's survival hinges on attracting disillusioned Malay voters, but without PN's umbrella, it risks marginalization, especially as PAS emerges unchallenged. Party insiders stress resolving internal differences, as seen in efforts by figures like Tun Faisal Ismail Aziz.

In essence, Bersatu may endure as a junior partner, focusing on rebuilding for state polls in Melaka (by Feb 2027), Sarawak (by Apr 2027), and Johor (by Jun 2027), but its influence wanes as PAS consolidates power.

Bersatu is not in a position to fight internally or externally. Worst case scenario Bersatu may fade into irrelevance.

Forecasting PN's Performance in GE16: Challenges and Opportunities

PN's prospects in GE16 are clouded by internal divisions and demographic hurdles. Currently holding 67 seats, the coalition must unify before impending state elections, which could serve as bellwethers. The Sabah state polls in late 2025 highlighted PN's struggles: Bersatu won zero seats, while PAS secured its first in the region, but overall, the coalition faltered against PH's multi-ethnic appeal.

Key challenges include PAS's poor perception among non Malays, restricting PN to Malay majority seats and limiting urban gains. Insiders warn that without broadening support, PN's path to Putrajaya is ""steeper."" Youth voters, who swung toward PN in GE15 (37% under 30s), remain crucial, demanding clear leadership and policies on representation.

Optimistically, a PAS led PN could galvanise conservative bases, potentially expanding in Malay heartlands if Bersatu stabilizes. 

However, self inflicted crises like the leadership vacuum could erode credibility. With Anwar's government stable and focused on economic growth until GE16, PN's fragmentation might hand PH an advantage. Forecasts suggest PN could retain 60-70 seats if unified, but drop below 50 if divisions persist, paving the way for a stronger PH-BN alliance.

PN’s future is possibly an opposition permanently. It is unlikely PN will ever form a federal government. 

In summary, PN's future hinges on navigating Bersatu's retreat and PAS's dominance without alienating broader voters. While resilient in its core base, the coalition risks becoming a PAS-centric entity, potentially limiting its national ambitions in GE16.",https://www.facebook.com/betty.teh/posts/pfbid02hhUtrhi8KZySrCrEUh3GpcSaKhdYt3zqmtsV6HvqfFMjhmyoHz1J6Ju9yktGyGzHl,,,neutral,,0,0,0,0,0.5,0,0.0,,,neutral,0.8684391379356384,english,Mixed/Urban,happy,0.14624835550785065,0.19138620793819427,0.46033722162246704,0.04215877875685692,0.04908966273069382,0.02362922951579094
facebook,comment,Y29tbWVudDoxMDE2MzQyODg5MTkwOTIxMF8xMzgyNDU1NDM2NjY4NjY5,"Resilience in core base not true, PN can only win racist votes with money. No money, no talk.

Good article though Dr Betty Teh",,https://www.facebook.com/betty.teh/posts/pfbid02hhUtrhi8KZySrCrEUh3GpcSaKhdYt3zqmtsV6HvqfFMjhmyoHz1J6Ju9yktGyGzHl,pfbid02hhUtrhi8KZySrCrEUh3GpcSaKhdYt3zqmtsV6HvqfFMjhmyoHz1J6Ju9yktGyGzHl,negative,2026-01-03 04:20:47+00:00,11,0,7,0,0.11139568090438842,25,,Noraishah Mydin Abdul-Aziz,0.0,negative,0.6286810636520386,english,Mixed/Urban,love,0.22226178646087646,0.024021819233894348,0.06741690635681152,0.0831000804901123,0.3862331509590149,0.03172138333320618
facebook,comment,Y29tbWVudDoxMDE2MzQyODg5MTkwOTIxMF8xMzk0MDM5NzY5MDI0MTU2,"In the future maybe Muafakat Nasional will replace Perikatan Nasional, BERSATU will become irrelevant to PAS",,https://www.facebook.com/betty.teh/posts/pfbid02hhUtrhi8KZySrCrEUh3GpcSaKhdYt3zqmtsV6HvqfFMjhmyoHz1J6Ju9yktGyGzHl,pfbid02hhUtrhi8KZySrCrEUh3GpcSaKhdYt3zqmtsV6HvqfFMjhmyoHz1J6Ju9yktGyGzHl,neutral,2026-01-03 04:48:30+00:00,2,0,4,0,0.5,10,,Nazrin Zakaria,0.0,neutral,0.5410374402999878,english,Mixed/Urban,anger,0.3542012572288513,0.1735221892595291,0.06100441887974739,0.23316441476345062,0.060650695115327835,0.02925124391913414
facebook,comment,Y29tbWVudDoxMDE2MzQyODg5MTkwOTIxMF8xMzk3MTQ3NTQxODcxMDgy,PN = Pas,,https://www.facebook.com/betty.teh/posts/pfbid02hhUtrhi8KZySrCrEUh3GpcSaKhdYt3zqmtsV6HvqfFMjhmyoHz1J6Ju9yktGyGzHl,pfbid02hhUtrhi8KZySrCrEUh3GpcSaKhdYt3zqmtsV6HvqfFMjhmyoHz1J6Ju9yktGyGzHl,negative,2026-01-03 04:58:47+00:00,0,0,1,0,0.1944439932703972,2,,Kiat Bin,0.0,negative,0.3518533557653427,multilingual,Unknown,love,0.16605466604232788,0.08024068176746368,0.11700081825256348,0.05599099025130272,0.34173208475112915,0.04059072583913803
facebook,comment,Y29tbWVudDoxMDE2MzQyODg5MTkwOTIxMF8xNTIzOTI4MDc1Mzg4MDI1,"PAS just need to add 5-10 seats and DAP looses a few, it’s inevitable we will see PAS in Putrajaya.",,https://www.facebook.com/betty.teh/posts/pfbid02hhUtrhi8KZySrCrEUh3GpcSaKhdYt3zqmtsV6HvqfFMjhmyoHz1J6Ju9yktGyGzHl,pfbid02hhUtrhi8KZySrCrEUh3GpcSaKhdYt3zqmtsV6HvqfFMjhmyoHz1J6Ju9yktGyGzHl,neutral,2026-01-03 05:01:45+00:00,1,0,2,0,0.5,5,,Ben Chiew,0.0,neutral,0.7806575298309326,english,Mixed/Urban,happy,0.03685269504785538,0.08244844526052475,0.7884326577186584,0.008201153948903084,0.03602995723485947,0.014602086506783962
facebook,comment,Y29tbWVudDoxMDE2MzQyODg5MTkwOTIxMF8xMzA5ODc3MjU0NTA2MzE0,"PAS should be watching Iran closely…the PAS states coffer are almost empty…no development, no future …only corruption !!",,https://www.facebook.com/betty.teh/posts/pfbid02hhUtrhi8KZySrCrEUh3GpcSaKhdYt3zqmtsV6HvqfFMjhmyoHz1J6Ju9yktGyGzHl,pfbid02hhUtrhi8KZySrCrEUh3GpcSaKhdYt3zqmtsV6HvqfFMjhmyoHz1J6Ju9yktGyGzHl,negative,2026-01-03 05:59:43+00:00,0,0,0,0,0.03591037988662721,0,,Andrew Chow,0.0,negative,0.8802987337112427,english,Mixed/Urban,sadness,0.029909083619713783,0.0928160697221756,0.012113702483475208,0.8184683918952942,0.010935278609395027,0.024285821244120598
facebook,comment,Y29tbWVudDoxMDE2MzQyODg5MTkwOTIxMF8xMjIwOTAyNDkzNTE4NzYw,"MN only happened when Pas and Bersatu and UMNO as opposition. Once they united become government, they will fight for power. End up collapse again like happened sabri back stab TSMY. If one of this party Pas or Bersatu or UMNO as government, MN is irrelevant",,https://www.facebook.com/betty.teh/posts/pfbid02hhUtrhi8KZySrCrEUh3GpcSaKhdYt3zqmtsV6HvqfFMjhmyoHz1J6Ju9yktGyGzHl,pfbid02hhUtrhi8KZySrCrEUh3GpcSaKhdYt3zqmtsV6HvqfFMjhmyoHz1J6Ju9yktGyGzHl,negative,2026-01-03 07:08:39+00:00,2,0,0,0,0.12678095698356628,2,,Vun Boon Onn,0.0,negative,0.577396810054779,english,Mixed/Urban,happy,0.09955724328756332,0.11035163700580597,0.3190234303474426,0.03891056030988693,0.14761605858802795,0.041127193719148636
facebook,comment,Y29tbWVudDoxMDE2MzQyODg5MTkwOTIxMF8zMDMyMjEyMDEwMzAyNjcz,Strike while the iron is hot! Anwar should call for a snap election in April and see whether PN and Pas can be a formidable foe!,,https://www.facebook.com/betty.teh/posts/pfbid02hhUtrhi8KZySrCrEUh3GpcSaKhdYt3zqmtsV6HvqfFMjhmyoHz1J6Ju9yktGyGzHl,pfbid02hhUtrhi8KZySrCrEUh3GpcSaKhdYt3zqmtsV6HvqfFMjhmyoHz1J6Ju9yktGyGzHl,neutral,2026-01-03 07:09:52+00:00,2,0,0,0,0.5,2,,Lee Johnny,0.0,neutral,0.5355446338653564,english,Mixed/Urban,happy,0.026427194476127625,0.06380730122327805,0.7964295148849487,0.00860446598380804,0.06858237087726593,0.019088616594672203
facebook,comment,Y29tbWVudDoxMDE2MzQyODg5MTkwOTIxMF8xNDAwMzA3OTkxODgyODU3,有难同当，有福不能同享。,,https://www.facebook.com/betty.teh/posts/pfbid02hhUtrhi8KZySrCrEUh3GpcSaKhdYt3zqmtsV6HvqfFMjhmyoHz1J6Ju9yktGyGzHl,pfbid02hhUtrhi8KZySrCrEUh3GpcSaKhdYt3zqmtsV6HvqfFMjhmyoHz1J6Ju9yktGyGzHl,negative,2026-01-03 07:09:55+00:00,0,0,0,0,0.0730260729789734,0,,Vun Boon Onn,0.0,negative,0.7565797567367554,multilingual,Unknown,fear,0.08098357915878296,0.8322388529777527,0.015497298911213875,0.026679668575525284,0.014089327305555344,0.018001597374677658
facebook,comment,Y29tbWVudDoxMDE2MzQyODg5MTkwOTIxMF8xNTY1ODI5Mzg3NzY0NjY2,"PN tengelam.
PAS goes solo.
On the West coast of Malaya it's marching south wards",,https://www.facebook.com/betty.teh/posts/pfbid02hhUtrhi8KZySrCrEUh3GpcSaKhdYt3zqmtsV6HvqfFMjhmyoHz1J6Ju9yktGyGzHl,pfbid02hhUtrhi8KZySrCrEUh3GpcSaKhdYt3zqmtsV6HvqfFMjhmyoHz1J6Ju9yktGyGzHl,neutral,2026-01-03 07:33:16+00:00,2,0,0,0,0.5,2,,Sin Lin,0.0,neutral,0.8975353837013245,english,Mixed/Urban,no_clear_emotion,0.041864849627017975,0.014177908189594746,0.05186055973172188,0.010055718943476677,0.04844653233885765,0.014099063351750374
facebook,comment,Y29tbWVudDoxMDE2MzQyODg5MTkwOTIxMF8yMDAwMDczNzQwNTQ5Mzk2,The future PN = PAS . So why we still need PN ?,,https://www.facebook.com/betty.teh/posts/pfbid02hhUtrhi8KZySrCrEUh3GpcSaKhdYt3zqmtsV6HvqfFMjhmyoHz1J6Ju9yktGyGzHl,pfbid02hhUtrhi8KZySrCrEUh3GpcSaKhdYt3zqmtsV6HvqfFMjhmyoHz1J6Ju9yktGyGzHl,neutral,2026-01-03 08:57:24+00:00,0,0,0,0,0.5,0,,Wee Low,0.0,neutral,0.800215482711792,english,Mixed/Urban,love,0.05648139864206314,0.07358101010322571,0.08272460103034973,0.0882314071059227,0.43214845657348633,0.14771994948387146
facebook,post,10237202030803921,"Forward from Albert Loh.

Akmal Saleh’s Big Lie Exposed: UMNO Lost Malays Long Before DAP – Thanks to Your Own Corruption & Arrogance
Akmal Saleh, listen up and listen hard—you're peddling a load of half-baked lies that stink of desperation. 

It's not DAP that's costing UMNO Malay support; it's your party's own rotten history of corruption, blatant racism, and insufferable arrogance that's driven you straight into the gutter. 

At your precious Pemuda UMNO convention, you paraded ""facts"" claiming UMNO lost Malay votes after teaming up with DAP. 

What a joke—that's not the truth; that's a pathetic half-truth designed to dodge accountability.

Let's slap some real numbers in your face.

UMNO once commanded a whopping 75% Malay support. 

In GE14—without a whiff of DAP—your support cratered to 45%. 

Then GE15 rolls around, still no DAP in sight, and it plunges further to 35%. 

Now, after partnering with DAP, you're whining about 27%? 

That's a measly 8% drop. 

But wake up, Akmal: Before DAP ever entered the picture, you'd already hemorrhaged a massive 40% from 75% to 35%. 

That's your own self-inflicted disaster, not DAP's fault. 

And that 55% of your core UMNO supporters who bolted to PN in GE15? 

They didn't flock to DAP—they ditched you for your rivals. DAP gained zilch from your implosion.

Now you're bleating about losing rural support? 

Spare us the crocodile tears. 

Is this your way of admitting Zahid Hamidi is a total failure as Menteri Kemajuan Desa dan Wilayah? 

Rural development and kampung welfare fall squarely on his shoulders, not a single DAP minister's. 

Those rural seats didn't go to DAP—they were snatched by PAS and Bersatu. 

And here's the killer question, Akmal: Do you seriously think cozying up to PAS now will let UMNO claw back those seats? 

Hell no—the incumbents will cling to them like glue. 

It's only through the Madani coalition—with DAP in it—that UMNO has any shot at reclaiming them from PAS and Bersatu. 

Proof? 

Post-GE15, with DAP on board, you crushed the by-elections in Pelangai, Mahkota, Ayer Kuning, and Nenggiri with overwhelming majorities. 

Shoving the blame for your epic failures onto DAP isn't just irresponsible—it's gutless and utterly illogical.

Let's not forget who the real backstabbers are. 

It was PAS that betrayed UMNO, ditching Muafakat Nasional to slither into PN with Bersatu. Not DAP. 

For 33 months under PN, PAS propped up that regime while they poached your members, schemed to dissolve UMNO, froze your party accounts, and dragged your leaders through the courts like criminals. Not DAP. 

But under Madani—with DAP in the mix—Zahid got his DNAA, Rosmah walked free, and cases against Tok Mat and LCS were buried, all investigations that festered under PN's watch. 

Funny how that works, huh?

Then you have the audacity to demand a MN revival so ""Malay states"" like Kedah, Kelantan, and Terengganu can ""develop,"" claiming development's only pouring into Johor, Penang, and Klang Valley. 

What a brazen distortion. 

DAP's been in power for barely three years—it's UMNO and PN's Malay-led governments that squandered nearly 70 years failing to lift those states out of poverty. 

Under Madani, the annual budgets for Kelantan, Kedah, and Terengganu dwarf what's given to Penang. 

And why do Penang, Johor, KL, and Selangor thrive? 

Not because of some magical government handout—it's the progressive, driven societies there fueling their own economies. 

Forced, artificial ""development"" flops like Forest City every time. 

So own it, Akmal: It's Malay leadership and society that's let those states rot, not DAP.

Crunch these numbers, since you love ""facts"".

There are 5,229,000 Malays in the SG4 states (Kedah: 1,803,000; Kelantan: 1,935,000; Terengganu: 1,236,000; Perlis: 255,000).

But dwarfing that? 

9,722,000 Malays in Selangor (4,153,000), Perak (1,530,000), Negeri Sembilan (761,000), Pulau Pinang (736,000), and Johor (2,542,000). 

Federal allocations to Kedah, Kelantan, and Terengganu already outstrip the rest—no issue there. 

But the second aid trickles to Penang, your walaun PN cronies erupt in outrage, even though Penang pumps among the highest GDP and revenue into the nation while getting the skimpiest allocations. 

Why the selective rage? 

Why act like there are no Malays in Penang? Those 736,000 Malays aren't real? No PAS members, supporters, or voters there? Only SG4 Malays count as ""pure""?

This is peak hypocrisy from you walaun types.

You abandon your hometowns, dump your parents and grandparents in backwardness, and flock to developed states like KL, Selangor, Johor, and Penang to chase jobs and prosperity. 

Every five years, you crawl back to vote in PAS administrations that perpetuate poverty and underdevelopment in your birth states, then return to leech off the progress in non-PAS territories.

And when aid flows to those thriving states—where you live, work, and eat—you screech like hypocrites, pretending you don't benefit. What kind of twisted logic is this? 

You smear these places as capitalist dens of liberalism, vice, entertainment, and un-Islamic filth, accuse the ruling parties of every sin under the sun—yet you happily soak up their advancements and amenities. 

You vote PAS back home to keep it poor and regressive, while refusing to live there yourself. 

Demanding handouts for states you won't even stay in?

Pathetic. 

Grow a spine, Akmal—face your party's mess instead of scapegoating DAP. Your downfall is all on you.

Albert Loh",https://www.facebook.com/chinnicholasn/posts/pfbid026pFm25VPLtudB8j2SuHaNz71kGX9836zKg6Fa5CacXYtKKBpXV1MJAe48Q5oKFsPl,,,negative,,0,0,0,0,0.04724721908569335,0,0.0,,,negative,0.8425092697143555,english,Mixed/Urban,sadness,0.041470061987638474,0.04238662123680115,0.017664048820734024,0.8229205012321472,0.031161658465862274,0.01939193159341812
facebook,post,10237834025842923,"Bersatu’s ‘shadowboxing’ stirring up insecurity and the mooting of hypotheses

1. Putsch in Perlis

At the end of this week, Perlis has a new Menteri Besar (chief minister). The PAS Perlis Menteri Besar Mohd Shukri Ramli was disposed and replaced by a new Bersatu Menteri Besar Abu Bakar Hamzah. This occurred after three PAS assembly men Saad Seman of Chuping, Fakhrul Anwar Ismail of Bintong and Ridzuan Hashim of Guar Sanji turned against their leader and toppled Mohd Shukri Ramil (who incidentally has family connections through marriage to the top of the PAS leadership).

One thing is certain, what happens in Perlis usually stays in Perlis and could be considered a separate event (unconnected) to what happened next inside Bersatu.

2. Shadow boxing in Bersatu

On December 30, 2025, Tan Sri Muhyiddin Yassin announced his resignation as PN chairman, effective January 1, 2026, citing the need for fresh leadership amid ongoing internal tensions. This was quickly followed by a cascade of exits: Mohamed Azmin Ali stepped down as PN secretary-general and Selangor PN liaison chairman; Ahmad Faizal Azumu resigned as Perak PN chairman; Sahruddin Jamal quit as Johor PN chairman; and Mohamad Hanifah Abu Baker withdrew as Negeri Sembilan PN chairman.

These moves ignited intense speculation with a number of hypotheses suggested. A resumption of the Muafakat Nasional (MN) alliance between Bersatu and UMNO and how together they could take government is on top of the list. Others claim the resignations are a realignment of the Perikatan Nasional (PN) coalition, where PAS will begin to take a leading role. Yet others say this is the beginning of the unravelling of Bersatu.

Some want to believe that PN under a PAS leadership will become more conservative, forcing the “unity government’ under prime minister Anwar Ibrahim to follow suit and also become more conservative and stall needed reforms the government needs to maintain non-Malay support in the next general election. Another theory this is a realignment within PN where it may become much more formidable to beat in the coming general election.

3. Mere shadow-boxing has rattled the chains

Prime minister Anwar Ibrahim was very quick to point out there are no betrayals or sabotage in the ‘unity government’. This hints of some anxiety, where both DAP and UMNO are involved in deep introspection about their future positions in the Madani government. When someone claims they are strong, it indicates anxiety.

Yesterday’s resignations were not the move. The resignations were more like shadow boxing, with any move yet to come.

However, this shadow boxing has already had its intended effect.

Have a happy new year all of you. 2026 will be a very interesting year.",https://www.facebook.com/murray.hunter.18/posts/pfbid02UFcUFT9WqEmGWbZq6kXiej3tgdeBJkpFUZDkgapcEnGx375c6nEq3Rkc75P5YBLol,,,neutral,,0,0,0,0,0.5,0,0.0,,,neutral,0.666922390460968,english,Mixed/Urban,anger,0.23506493866443634,0.1552421748638153,0.10270774364471436,0.1745484322309494,0.0564873181283474,0.04973713681101799
facebook,comment,Y29tbWVudDoxMDIzNzgzNDAyNTg0MjkyM18xMjI2Njc5MDYyODU1NzUw,"Najib Will Be Back Once Karma Was Neutralised . . .

No one can escape Karma since we create it, don’t blame others for our Karma!

Read Further Here  . . . 

Like, Follow, Share, Auto-Debit  . . . 

https://fernzthegreat.wordpress.com/2025/12/31/najib-will-be-back-once-karma-was-neutralised/ 

BM Version Inside As Link  . . .",,https://www.facebook.com/murray.hunter.18/posts/pfbid02UFcUFT9WqEmGWbZq6kXiej3tgdeBJkpFUZDkgapcEnGx375c6nEq3Rkc75P5YBLol,pfbid02UFcUFT9WqEmGWbZq6kXiej3tgdeBJkpFUZDkgapcEnGx375c6nEq3Rkc75P5YBLol,neutral,2025-12-31 23:44:47+00:00,0,0,0,0,0.5,0,,Joe Fernandez,0.0,neutral,0.7452481389045715,english,Mixed/Urban,happy,0.04628750681877136,0.05730096995830536,0.3947891891002655,0.03557688742876053,0.25181224942207336,0.04502256587147713
facebook,post,1509088080663714,"PETALING JAYA: Johor Umno Youth has urged PAS to embrace the Rumah Bangsa initiative as a platform for uniting Malays, in response to the Islamic party’s proposal that efforts to unite Malay-based political parties should begin in Johor ahead of the upcoming state election.

Its chief, Noor Azleen Ambros, told FMT that Johor Umno Youth welcomed PAS’s intention and aspiration to foster Malay unity, but hoped the effort would be carried out sincerely and not merely as an electoral strategy.

He said PAS’s decision on whether to contest independently or cooperate with others in the Johor state election would serve as a litmus test of the Islamic party’s sincerity.

“The choice is entirely up to PAS,” he told FMT.

Yesterday, PAS deputy president Tuan Ibrahim Tuan Man called on PAS and Umno to work together in the Johor state election, describing it as the right time to revive their now-defunct Muafakat Nasional alliance.

Tuan Ibrahim said cooperation between the country’s two largest Malay-Muslim parties was needed and that the state polls could usher in a new political realignment.

“In that regard, Johor Umno Youth’s suggestion is for PAS to consider Rumah Bangsa as a platform to pursue that goal,” Noor Azleen said.

An Umno initiative, Rumah Bangsa provided an open platform for anyone wishing to return to or join the party, whether individually or as part of a group.

PAS president Abdul Hadi Awang previously said his party was not prepared to support the initiative to unite the Malays as it is not centred on Islam.

Meanwhile, Umno Supreme Council member Nur Jazlan Mohamed claimed PAS was raising the issue of Malay unity only at a time when Perikatan Nasional was in a weakened position.

According to him, the issue of MN was never seriously discussed when PN was in power.

“Now that they are in the opposition and weakened, with PN fractured and facing a shortage of resources ahead of the next election, they have suddenly begun talking about Malay unity,” he said.

The senator also took aim at what he described as PAS’s long-standing political approach of “using Islam as a tool to divide the Malays”.

The Johor state assembly was dissolved on Monday, paving the way for the 16th Johor state election, which must be held within 60 days.

Barisan Nasional, Pakatan Harapan and PN have said they will be contesting all 56 seats.

#1media4all #MalaysiaNews #ViralNews",https://www.facebook.com/Malaysianewsviral.online/posts/pfbid0bAdfNsS7Edycbntkx8nnMaYGqVXyeqt7HYQqrkeWkqH6K2yJdSz7Am88CmTigUcXl,,,neutral,,0,0,0,0,0.5,0,0.0,,,neutral,0.7174474000930786,english,Mixed/Urban,happy,0.053260449320077896,0.058186840265989304,0.42278414964675903,0.02729158103466034,0.35354331135749817,0.02564014494419098
facebook,comment,Y29tbWVudDoxNTA5MDg4MDgwNjYzNzE0XzE2NzQyMDE1NTM4MjI0NTM=,JGN PERCAYA PAS INI ..,,https://www.facebook.com/Malaysianewsviral.online/posts/pfbid0bAdfNsS7Edycbntkx8nnMaYGqVXyeqt7HYQqrkeWkqH6K2yJdSz7Am88CmTigUcXl,pfbid0bAdfNsS7Edycbntkx8nnMaYGqVXyeqt7HYQqrkeWkqH6K2yJdSz7Am88CmTigUcXl,positive,2026-06-04 22:21:35+00:00,0,0,0,0,0.8243268877267838,0,,Dahlan Mohd,0.0,positive,0.4144229590892792,multilingual,Unknown,love,0.05137408897280693,0.05664883553981781,0.1923065334558487,0.023594236001372337,0.5449399352073669,0.026436060667037964
facebook,comment,Y29tbWVudDoxNTA5MDg4MDgwNjYzNzE0XzEwMTY1MDQ1MjA4MzY5MTg=,"Berpuluh puluh tahun dengan slogan yg sama , buat malu bangsa dan agama , rakyat sentiasa diperbodohkan .",,https://www.facebook.com/Malaysianewsviral.online/posts/pfbid0bAdfNsS7Edycbntkx8nnMaYGqVXyeqt7HYQqrkeWkqH6K2yJdSz7Am88CmTigUcXl,pfbid0bAdfNsS7Edycbntkx8nnMaYGqVXyeqt7HYQqrkeWkqH6K2yJdSz7Am88CmTigUcXl,negative,2026-06-05 09:56:40+00:00,0,0,0,0,0.00048705339431764916,0,,K.f. Lai,0.0,negative,0.9983764886856079,malay,Malay/Bumiputera,no_clear_emotion,0.2746531367301941,0.02356584742665291,0.1012982428073883,0.055341895669698715,0.23696745932102203,0.03287922218441963
facebook,comment,Y29tbWVudDoxNTA5MDg4MDgwNjYzNzE0XzE1Mjc2MzY5NTkwNjk2NDM=,Semua mabuk kuasa.,,https://www.facebook.com/Malaysianewsviral.online/posts/pfbid0bAdfNsS7Edycbntkx8nnMaYGqVXyeqt7HYQqrkeWkqH6K2yJdSz7Am88CmTigUcXl,pfbid0bAdfNsS7Edycbntkx8nnMaYGqVXyeqt7HYQqrkeWkqH6K2yJdSz7Am88CmTigUcXl,negative,2026-06-04 11:14:19+00:00,0,0,0,0,0.12171978950500487,0,,Edmund Kong,0.0,negative,0.5942673683166504,multilingual,Unknown,love,0.2169618308544159,0.04680061712861061,0.06654832512140274,0.02845691330730915,0.45279115438461304,0.017885122448205948
facebook,comment,Y29tbWVudDoxNTA5MDg4MDgwNjYzNzE0XzEyODYxNDM3MDM1MDQ3OTY=,Rumah perbodohkan dan menunggang bangsa ke?,,https://www.facebook.com/Malaysianewsviral.online/posts/pfbid0bAdfNsS7Edycbntkx8nnMaYGqVXyeqt7HYQqrkeWkqH6K2yJdSz7Am88CmTigUcXl,pfbid0bAdfNsS7Edycbntkx8nnMaYGqVXyeqt7HYQqrkeWkqH6K2yJdSz7Am88CmTigUcXl,negative,2026-06-05 03:42:45+00:00,0,0,0,0,0.00048152804374695934,0,,Chan Tee Teh Teh,0.0,negative,0.9983949065208435,malay,Malay/Bumiputera,anger,0.42542919516563416,0.024787770584225655,0.08824124932289124,0.05135282129049301,0.15386836230754852,0.023861819878220558
facebook,post,1826862631210512,"Malay unity call falls flat
By Joceline Tan 

THEY are big names in the Malay political world and they are urging the Malays and Muslims to come together under one big umbrella.

There they were - the one and only Tun Dr Mahathir Mohamad, Bersatu president Tan Sri Muhyiddin Yassin and his deputy Datuk Seri Hamzah Zainudin and PAS deputy president Datuk Seri Tuan Ibrahim Tuan Man.

Two former prime ministers, one aspiring prime minister and the future president of PAS and yet their call for Malay unity has come across like a balloon running out of air.

“I’m sure I was not the only one letting out a long groan and telling myself, oh no, not again. I am not being negative but this seemed to be coming out of nowhere. It all seems a little desperate.

“Sure, there are issues that many out there are unhappy about but I don’t see a singular burning issue galvanising the Malays,” said political risk analyst Datuk Wan Shihab Wan Ismail.

A Kelantan-born professional put it more bluntly: “There has been no traction at all”.

Race dynamics is not new to those in the corridor of power but this Malay unity song and dance is getting a little tiresome.

For a start, those making the call have been around for decades during which they beat the unity drum when it suited them.

The irony is that some of the above personalities used to be arch enemies who accused each other of dividing the Malays, labelled each other as “infidels” and “deviants” and even refused to pray in the same surau.

Wan Shihab said the problem with these personalities is that they are tired faces who sound like voices of yesteryears.

The Malay ground is rumbling but not to the point that they feel that the sky is falling.

Dr Mahathir will be 100 next month, Muhyiddin turned 78 last month while Hamzah is 68 in a field surrounded by young political ambitions. As for Tuan Ibrahim, his imminent ascent in PAS is not drawing much excitement.

Dr Mahathir is such a paradox and it is quite tragic that the toxic politics between him and Datuk Seri Anwar Ibrahim continues to impact politics today.

“This latest move is about Perikatan Nasional roping in Mahathir as their mascot but he is a spent bullet. People want to take selfies with him but they don’t want him back in the driver’s seat,” said Wan Shihab.

The supreme irony is that the last time that Malays felt they were truly under siege was when Dr Mahathir was prime minister for a second time and presided over what was perceived as a government dominated by non-Malays.

The formation of Muafakat Nasional shook the Mahathir 2.0 government to the core when it took to the streets to oppose the ratification of Icerd or the International Convention on the Elimination of All Forms of Racial Discrimination.

“Malay unity has always been a Mahathir playbook. It is still a viable concept but it comes and goes. It becomes louder if the government is perceived as not Malay enough. The market is there although there is no groundswell at this point because Umno is in the government,” said lawyer and political commentator Khaw Veon Szu.

Dr Mahathir’s latest Malay umbrella grouping has closed its doors to Umno but welcomes individual Umno members.

Surely the group knows that Umno wants nothing to do with Dr Mahathir?

Umno has not forgiven Dr Mahathir for bringing down the party, poaching its elected representatives and using the Malaysian Anti-Corruption Commission to go after its top leadership.

And as Umno Youth leader Datuk Dr Muhamad Akmal Saleh pointed out: “These are the same people who tried to deregister Umno when they were in power. We have not forgotten what happened”.

Umno leaders are not impressed that the man who took down a Malay-dominated government is now preaching about Malay unity.

PAS and Umno are the two formidable Malay political forces. One commands the religious high ground, the other is seen as commanding the moderate Malay ground.

Umno is at its most stable since 2018. It has found its centre of gravity amid the ups and down of the unity government.

As Johor politician Tan Sri Shahrir Samad pointed out, Umno ministers are doing better than their fellow Cabinet members from other parties because they are trained and shaped through a grassroots leadership development process.

“Umno has to be part of the equation. Without Umno, there will be no Malay unity,” said a political insider.

It explains how Umno has become quite central to the survival of the Madani government. Umno represents the Malay stake in the government and it is also able to check the advance of PAS.

The Malay voice, said Khaw, is more complicated than ever because of the contrasting forces of Islamisation, globalisation and modernisation.

The Mahathir umbrella group has vouched to safeguard the future of the community. Unfortunately, its main component PAS has yet to convince people that it is capable of taking the country forward.

“The goal of this Malay unity group is basically about power and forming the government. Malay parties will do well in the next general election but there has to be new blood.

“But politics does not happen in a void, this is a multi-racial society and they will be unable to get very far without addressing non-Malay interests and concerns,” said the above political insider.

The quest for Malay unity is like the holy grail, much desired but somehow beyond reach.

It is also an old song being sung by yesterday’s singers that is unlikely to fade away. But it might have greater traction if it is sung by younger people who represent the future.",https://www.facebook.com/mohdfauzi.mohdyusoff.3/posts/pfbid02sTX1NN97u8SNsjorTqwVgUyArUV1CZgdaRpUZTVgVGggohwVNQ27QgfxZdibeD7cl,,,neutral,,0,0,0,0,0.5,0,0.0,,,neutral,0.7471566200256348,english,Mixed/Urban,anger,0.4963129460811615,0.13714613020420074,0.07338780909776688,0.17628391087055206,0.07017160207033157,0.014257543720304966
facebook,post,10218954089123690,"Ini sekadar pemerhatian politik aku terhadap situasi politik Malaysia semasa sekarang ni.

Perikatan Nasional sedang goyang, dan Pakatan Harapan sedang bergocoh sesama sendiri sebab kes Najib.

GPS sedang watlek watpis buat hal sendiri, tapi lepas bini muda Taib mula buat isu, bakal ada konflik tu nanti. Sementara GRS dan Warisan sedang bertarung untuk dominate Sabah, dengan UMNO Sabah play wildcard.

In fact dalam hal sekarang, memang UMNO sedang main game kingmaker macam GPS dan Umno Sabah.

Dalam Perikatan Nasional ada PAS dan PPBM. Orang PAS sebenarnya tak kisah berkawan dengan UMNO, dan orang UMNO pun tak kisah berkawan dengan PAS. PAS punya grassroot sampai ke atas, solid. Yang hancur adalah PPBM.

Syarat UMNO untuk kerjasama dengan PAS ialah tak ada PPBM. PAS on je asalkan bukan dengan DAP. Jadi dari apa yang aku baca dalam situasi sekarang ni, UMNO main game hedging dalam perpecahan PH dan PN ni.

Bila satu demi satu ahli PPBM sokong Anwar jadi PM, ini bermakna Muhyiddin dah mula kurang duit. Sebagai buktinya, kalau kau lalu highway dari KL nak ke JB, kau tolehlah ke Bandar Universiti Pagoh.

Projek tu projek Muhyiddin masa dia jadi TPM dan Menteri Pendidikan. Tapi lepas dia kena sack, dia cuba sambung projek tu bila dia join PPBM dan PPBM sertai Pakatan Harapan.

Projek tu kemudian bersambung lepas 2018 (faham-faham la apa yang berlaku tahun tu) dan sampai 2020, patutnya Muhyiddin jadi PM, makin rancak la pembangunan kat situ. But ekkkk, ada C0VID. Dan by the time C0VID makin slow, dia pun dah jatuh dan diganti dengan Ismail Sabri.

Ismail Sabri pun sekejap je jadi PM, dan bila Anwar jadi PM, projek tu pun sekarang dah dipenuhi dengan lalang.

Parti serpihan UMNO ni semua bersifat warlord. Warlord putus pitih, maka hilanglah pengaruh.

Slow-slow, PPBM akan hancur dan masa tu UMNO bolehlah slow talk dengan pucuk pimpinan PAS.

Cerita Perikatan Nasional stop situ kejap. Sekarang Pakatan Harapan pulak, yang menjadi isu sekarang ialah puak idealis vs puak pragmatik. Geng idealis dalam PH percaya yang apabila Anwar jadi PM, Anwar akan mereformasikan negara ini dan jadikan negara ini bebas rasuah dan bebas penyelewengan.

Geng pragmatik dalam PH pulak berpendapat yang realiti sekarang ialah politik Melayu memang dah politik warlord dan demografi golongan liberal urban ni semakin lama semakin menua dan anak pulak sikit atau duduk oversea. Idea liberal demokrasi di seluruh dunia sedang berada di hujung tanduk, whether you like it or not.

Geng pragmatik dalam PH percaya yang citra politik pada abad ke-21 ialah politik regionalization, di mana pengaruh liberal demokrasi Fukuyama the end of history tu dah gone, jadi kita perlu berevolusi berdasarkan politik tempatan.

Dan dalam Malaysia sekarang ni, kepada geng Jalan Telawi dan Bangsar bubble, tough luck. Melayu konservatif beranak banyak, geng liberal tak ramai hasilkan anak dan semakin hilang pengaruh dalam politik sebab demografi penting dalam demokrasi. It's all about numbers. 

Dan dalam politik Melayu, suka atau tidak, Najib adalah warlord terbesar. Mahathir dan Daim dah semakin menua, begitu juga dengan Anwar. Jadi dengan membebaskan Najib adalah satu cara untuk dapatkan undi yang solid dari akar umbi UMNO.

Anwar perlu fikirkan succession plan. Umur dia pun dah 77 tahun ni. Dan dalam politik ni, dua tahun pertama je kau buat kerja, lagi tiga tahun ialah kempen pilihanraya.

So tahun ini adalah tahun Anwar terpaksa doing the dirty job macam naikkan cukai, kurangkan subsidi, cut off pencen memandangkan Malaysia menjadi semakin menua dan skim pencen bakal membebankan negara. Sorry, pegawai gomen. This is hard cold facts.

Dan tahun ini jugaklah tahun untuk stabilkan politik Melayu dengan removekan Mahathirist dan jadikan Anwar sebagai the winner of this 26 year long civil war dalam parti warlord Melayu, sejak 1998.

Tahun ini je lah yang Anwar ada untuk buat semua ni dan cuba sedaya upaya untuk tak nak buat dua negeri ni pissed off: Johor dan Sarawak. Kenapa dua negeri ni? Pukul 4:20 pm nanti akan ada ulasan mingguan aku Minggu 5/52. Aku ada tulis sebabnya kat situ.

Anwar dan Najib ni kawan kamceng. Dari zaman Anwar jadi Ketua Pemuda dan Najib Timbalannya. Anwar dan Najib adalah dalam Team Wawasan masa pemilihan tahun 1993.

Dan walaupun pada tahun 2013 Anwar dan Najib ada big fight sebab Anwar tuduh Najib import pengundi dari Dhaka, Bangladesh masa PRU, sampai buat Blackout 505, tapi telah didamaikan oleh Jusof Kalla, bekas timbalan presiden Indonesia, dan mereka secara personal mereka sebenarnya dah berdamai. Politik je la tak.

Malangnya, kelompok idealis dan mereka yang dalam DAP tak suka untuk Anwar bebaskan Najib, sebab kalau Najib dibebaskan, dan PKR+UMNO+Amanah, mereka sebenarnya boleh stand alone dalam PRU16. Anwar dah tak perlukan lagi DAP. Asyik nak backing orang macam Ngeh Koo Ham, Nga Kor Ming, Lim Kit Siang, Lim Guan Eng, penat jugak mental seorang yang dah 70++ umurnya ni. 

Dan kalau Amanah dan PAS boleh didamaikan dan bersatu semula, maka mereka semua, campur GPS dan GRS/Warisan (siapa yang akan menang dalam next PRN Sabah), Anwar tak perlukan DAP pun untuk tubuhkan kerajaan. Apa yang Anwar perlu buat ialah gabungkan PKR dengan semua parti-parti Melayu, dan tak perlu pun DAP lagi.

Kawasan mix urban area PKR akan vs DAP, so parti-parti Melayu akan solid di tempat masing-masing. Undi non-Melayu dan geng liberal akan jadi insignificant lagi.

Tapi ini cuma teori dari apa yang aku baca. Sebab pada akhirnya semua parti-parti ni pun asalnya daripada UMNO juga. Dan legasi Anwar akan disambung oleh Anwarist, Mahathirist semua tua dan mereput, dan UMNO pun mengalami renewal sebab pelbagai jenis orang dah masuk dalam parti tu balik.

Sebab itulah aku kata yang UMNO sedang hedging dari perpecahan PN dan PH. PN pecah, PH pecah, gabungkan je Muafakat Nasional, tapi Anwar masuk.

Tapi nanti lepas pecah-pecah ni, bincang-bincang la. Tengok parti mana yang akan gabung dengan yang mana lepas tu bentuk kerajaan lepas PRU16 nanti.",https://www.facebook.com/comradenami/posts/pfbid0eRnUPtdmB8KAtBDdKT46sSj93owAgVzqjp7W2KzEsn2ERPXWkcEoTB4gHiYuwwCal,,,negative,,0,0,0,0,0.000510817766189553,0,0.0,,,negative,0.9982972741127014,malay,Malay/Bumiputera,sadness,0.11358548700809479,0.0464460551738739,0.014865022152662277,0.5397717356681824,0.14289973676204681,0.03330704942345619
facebook,post,1567489875387558,"Dinamika politik tanah air hari ini sekali lagi membuktikan satu perkara: apabila badai pilihan raya mula menghampiri, kematangan organisasi dan rekod kestabilan adalah mata wang yang paling berharga. Di kala landskap politik dipenuhi spekulasi pembubaran Dewan Undangan Negeri (DUN) dan formula-formula politik tangkap muat, Barisan Nasional (BN) terus mempamerkan kesiapsiagaan yang tersusun sebagai tunjang kestabilan masa depan negara.

Baca seterusnya di: https://pakdin.my/263682/

Gendang Pilihan Raya Negeri (PRN) Johor ke-16 yang bakal dipalu tidak lama lagi meletakkan fokus sepenuhnya kepada sejauh mana parti-parti politik mampu menawarkan kestabilan sebenar kepada rakyat, berbanding sekadar janji retorik.

1. Retak Menanti Belah di Kem Bersatu, BN Terus Mengukuh

Tindakan Ahli Dewan Undangan Negeri (ADUN) Endau, YB Alwiyah Talib — yang juga merupakan Ketua Srikandi Bersatu Johor — keluar parti dan kembali ke pangkuan UMNO adalah isyarat jelas bahawa 'rumah' pembangkang sedang mengalami krisis keyakinan yang parah.

​Walaupun pimpinan Perikatan Nasional (PN) cuba berlagak tenang dan mendakwa tindakan tersebut tidak menggugat persiapan mereka, realiti di lapangan tidak boleh ditudung dengan jari. Apabila seorang ketua sayap utama memilih untuk keluar menongkah arus sebelum pilihan raya, ia membuktikan bahawa naratif perjuangan pembangkang sudah mula hilang kompas.

Sebaliknya, BN di bawah pimpinan Datuk Seri Ahmad Zahid Hamidi bergerak dengan penuh tertib:

Sistematik: Senarai calon untuk kesemua 56 kerusi DUN Johor kini berada di fasa akhir penilaian untuk dimuktamadkan.
​Fokus Rakyat: Calon yang bakal diketengahkan bukan sekadar tangkap muat, sebaliknya adalah tokoh yang mampu berkhidmat demi kesinambungan kemajuan Johor.
​Kebal Sabotaj: Kemunculan senarai palsu melibatkan 15 calon MCA Johor (termasuk fitnah terhadap Datuk Seri Wee Ka Siong) sebenarnya mendedahkan desperasi pihak lawan yang cuba melaga-lagakan komponen BN. BN tidak mudah melatah; keutuhan komponen ini terlalu utuh untuk digoyahkan oleh taktik 'cybertrooper' murahan.

2. Formula Kosmetik 'Muafakat Nasional 2.0'

​Apabila Timbalan Presiden PAS, Datuk Seri Tuan Ibrahim Tuan Man dan Pengerusi MN, Tan Sri Annuar Musa mula sibuk mencanang 'formula awal' pembahagian kerusi antara PAS dan UMNO untuk PRU16, rakyat perlu bertanya: Di manakah fokus sebenar mereka?

Di kala negara sedang rancak memulihkan ekonomi, pihak pembangkang nampaknya lebih gemar melukis pelan angan-angan di atas kertas. BN tidak perlu tunduk atau terpedaya dengan umpan politik nostalgia sebegini.

Pendirian Tegas BN: Fokus BN hari ini adalah selari dengan ketetapan Perdana Menteri Datuk Seri Anwar Ibrahim — iaitu mentadbir dengan cekap, memulihkan ekonomi rakyat, dan menolak keperluan PRU16 dalam masa terdekat. BN adalah rakan kongsi yang setia dan bertanggungjawab dalam Kerajaan Perpaduan demi memastikan kestabilan makroekonomi negara tidak diganggu oleh sengketa politik yang tidak berkesudahan.

3. Kontras Pentadbiran: Kematangan vs Penafian Desperat

Spekulasi pembubaran DUN Negeri Sembilan yang bertiup kencang. Isu pembubaran adalah hak mutlak negeri, dan ia dihadapi dengan penuh tertib tanpa sebarang panik.

Berbeza pula suasananya di Perlis. Kenyataan Menteri Besar Perlis yang terpaksa bangun mempertahankan kononnya pentadbiran mereka ""teguh"" dan menepis isu undi tidak percaya sebenarnya menyerlahkan kegundahan dalaman mereka sendiri. Mengapa perlu membuat penegasan demi penegasan jika tiada api yang membakar? Keresahan di Perlis menunjukkan bahawa formula pentadbiran berasaskan emosi sentiasa terdedah kepada kerapuhan.

Kesimpulan

Rakyat Malaysia, khususnya para pengundi di Johor tidak lama lagi, sudah bijak menilai. Mereka tidak mahu sebuah kerajaan negeri yang setiap hari terpaksa menjawab isu usul undi tidak percaya, mahupun parti yang pemimpin utamanya melompat keluar kerana hilang percaya kepada masa depan parti sendiri.

Barisan Nasional, menawarkan sesuatu yang tidak mampu diberikan oleh pihak lawan: Kepastian, Kestabilan, dan Kemakmuran Ekonomi. Pilihan di tangan rakyat, dan BN sedia menawarkan khidmat terbaik demi masa depan Malaysia yang lebih gemilang.

........

The Johor State Election & Political Realities of 2026: Why Opposition Desperation Highlights Barisan Nasional’s Stability

The current dynamics of Malaysian politics have once again proven a fundamental truth: as the storm of an election approaches, organisational maturity and a track record of stability become the most valuable political currencies. Amidst a landscape cluttered with speculation over state assembly dissolutions and makeshift political alignments, Barisan Nasional (BN) continues to demonstrate a structured readiness, positioning itself as the bedrock of the nation’s future stability.

With the drums beating for the upcoming 16th Johor State Election (PRN), public focus has shifted entirely towards which political coalitions can offer genuine governance rather than mere rhetorical promises.

1. Cracks Deepen in the Bersatu Camp as BN Solidifies Its Position

The decision by Endau State Assemblyman (ADUN) YB Alwiyah Talib—who also served as the Johor Bersatu Srikandi (Women's Wing) Chief—to quit the party and return to UMNO is a clear indicator of a severe crisis of confidence within the opposition camp.

While the Perikatan Nasional (PN) leadership attempts to project calm, claiming this defection will not jeopardise their preparations, the reality on the ground cannot be hidden. When a key wing leader chooses to jump ship just before an election, it proves that the opposition's narrative has lost its political compass.

In stark contrast, BN, under the leadership of Datuk Seri Ahmad Zahid Hamidi, is moving forward in a highly disciplined and methodical manner:

Systematic Preparation: The candidate list for all 56 Johor state seats is currently in the final stages of vetting and evaluation.
People-Centric Focus: The candidates being fielded are not mere placeholders; they are proven figures capable of ensuring continuity in Johor's development.
Sabotage-Proof Solidarity: The recent emergence of a fake list featuring 15 MCA candidates—which included slander targeted at Datuk Seri Wee Ka Siong—exposes the sheer desperation of adversaries trying to divide BN's component parties. BN has refused to take the bait; the cohesion within the coalition is far too robust to be shaken by cheap cyber-trooper tactics.

2. The Cosmetic Formula of ‘Muafakat Nasional 2.0’

When PAS Deputy President Datuk Seri Tuan Ibrahim Tuan Man and MN Chairman Tan Sri Annuar Musa began heavily promoting a ""preliminary formula"" for seat allocation between PAS and UMNO for the 16th General Election (GE16), voters had to ask: where is their actual focus?

At a time when the nation is actively driving economic recovery, the opposition seems more interested in drawing up pipe dreams on paper. BN has no reason to bow or succumb to this kind of nostalgic political baiting.

BN’s Firm Stance: Barisan Nasional’s current priority aligns precisely with Prime Minister Datuk Seri Anwar Ibrahim’s mandate—to govern efficiently, restore the people's economy, and reject any premature push for GE16. BN remains a loyal and responsible partner within the Unity Government, ensuring that macroeconomic stability is not disrupted by endless political feuds.

3. Governance in Contrast: Maturity versus Desperate Denials

Consider the contrasting political atmospheres across different states. Rumours regarding the dissolution of the Negeri Sembilan State Assembly have been treated purely as a matter of state prerogative, handled with administrative maturity and absolutely no panic.

Compare this to Perlis. The Menteri Besar of Perlis recently found himself forced to publicly insist that his administration remains ""solid"" while scrambling to dismiss talk of an impending no-confidence vote. This defensive posture reveals deep-seated internal anxiety. After all, why make repeated reassurances if there is no fire beneath the smoke? The restlessness in Perlis demonstrates that administrations built on reactionary emotion are inherently fragile.

Conclusion

Malaysian voters, particularly those in Johor, are highly astute. They have no desire for a state government that spends its days defending itself against no-confidence motions, nor do they want a party whose top leaders defect due to a total loss of faith in its future.

Barisan Nasional offers exactly what the opposition cannot: Certainty, Stability, and Economic Prosperity. The choice lies with the electorate, and BN stands ready to serve the future of a more prosperous Malaysia.

---------------

2026年柔佛州选与政治现实：为何对手的绝望正凸显国阵的稳健与安定

当下的国家政治动态再次证明了一个根本事实：当选举风暴逼近时，组织的成熟度与长期的稳定记录才是最有价值的政治筹码。在充满解散州议会传言和东拼西凑政治联盟的乱象中，国民阵线（国阵）继续展现出井然有序的备战状态，成为国家未来稳定的基石。

随着即将敲响的第16届柔佛州选举（PRN）战鼓，公众的焦点已完全转向：哪个政治联盟能够提供真正的实质治理，而非空洞的修辞承诺。

1. 土团党阵营裂痕加剧，国阵地位稳如磐石

土团党柔佛州妇女组（Srikandi）主席兼恩道（Endau）区州议员阿尔威雅（YB Alwiyah Talib）宣布退党并重返巫统的决定，释放了一个明确的信号：反对党阵营正面临严重的信心危机。

尽管国盟（PN）领导层试图表现得云淡风轻，坚称此举不会影响他们的备战工作，但现实不容掩饰。当一个核心臂膀的领袖在选举前夕选择“跳船”，这证明了反对党的斗争叙事已经失去了政治方向。

相比之下，在拿督斯里阿末扎希领导下的国阵，正以高度纪律和条理分明的方式稳步前进：

系统化筹备： 柔佛全部56个州议席的候选人名单已进入最后的审核与敲定阶段。
 以民为本： 国阵推举的候选人绝非滥竽充数，而是能够确保柔佛持续发展与繁荣的务实人物。
 内部团结坚不可摧： 近期网络上流传一份涉及15名马华候选人的假名单（甚至包括针对拿督斯里魏家祥的抹黑），这恰恰暴露了对手企图离间国阵成员党的绝望手段。国阵绝不会轻易中计，联盟内部的凝聚力极其稳固，绝非廉价网军（Cybertrooper）的伎俩所能动摇。

2. “全民共识2.0”的流于表面与政治算计

当伊党副主席拿督斯里端依布拉欣和“全民共识”（MN）主席丹斯里安努亚慕沙开始大肆宣扬伊党与巫统在第16届全国大选（GE16）的“初步议席分配公式”时，选民不禁要问：他们的焦点究竟在哪里？

在国家正全力推动经济复苏的关键时刻，反对党似乎更热衷于在纸上画大饼。国阵完全没有理由向这种怀旧式的政治诱饵妥协或低头。

国阵的坚定立场： 国阵目前的优先任务与首相拿督斯里安华的施政方针高度一致——即高效治理、恢复人民经济，并拒绝在短期内举行第16届全国大选。作为团结政府中忠诚且负责任的伙伴，国阵坚决确保宏观经济的稳定不被无休止的政治内耗所干扰。

 3. 执政能力的鲜明对比：成熟稳重 vs 绝望否认

观察不同州属的政治氛围，可以发现鲜明的对比。近期有关森美兰州议会即将解散的传言被理智对待，被视为州政府的绝对主权，展现了行政上的成熟，完全没有引发任何恐慌。

反观玻璃市，情况截然不同。玻璃市州务大臣最近不得不公开强调其政权“稳固”，并极力驳斥有关不信任动议的传言。这种防御性的姿态恰恰暴露了其内部深层的焦虑。毕竟，若非事出有因，何需屡屡澄清？玻璃市的动荡局势表明，建立在情绪化基础上的政权本质上是非常脆弱的。

结语

马来西亚的选民，特别是柔佛州的选民，眼睛是雪亮的。他们不需要一个每天都在忙于应对不信任动议的州政府，也不需要一个因对未来失去信心而导致核心领袖相继“跳船”的政党。

国阵提供了反对党所无法给予的资产：确定性、稳定性和经济繁荣。选择权掌握在选民手中，国阵已做好准备，为马来西亚走向更辉煌的未来奉献最佳的服务。

--------

2026 ஜோகூர் மாநிலத் தேர்தல் & அரசியல் யதார்த்தம்: எதிர்க்கட்சிகளின் விரக்தி பாரிசான் நேஷனலின் ஸ்திரத்தன்மையை எவ்வாறு நிருபிக்கிறது

இன்றைய நாட்டின் அரசியல் சூழல் மீண்டும் ஒரு அடிப்படை உண்மையை நிரூபித்துள்ளது: தேர்தல் நெருங்கும் போது, ஓர் அமைப்பின் முதிர்ச்சியும் அதன் ஸ்திரத்தன்மை வரலாற்றுப் பின்னணியும் தான் மிக மதிப்புமிக்க அரசியல் நாணயமாக மாறுகின்றன. மாநில சட்டமன்றக் கலைப்பு வதந்திகள் மற்றும் தற்காலிக அரசியல் கூட்டணிகளுக்கு மத்தியில், பாரிசான் நேஷனல் (பிஎன்) தொடர்ந்து தனது முறையான தயார்நிலையை வெளிப்படுத்தி, நாட்டின் எதிர்கால ஸ்திரத்தன்மையின் தூணாகத் தன்னை நிலைநிறுத்தி வருகிறது.

விரைவில் முழங்கவிருக்கும் 16-ஆவது ஜோகூர் மாநிலத் தேர்தலின் (PRN) முரசு, வெறும் வெற்று வார்த்தைகளைத் தாண்டி, மக்களுக்கு உண்மையான ஆட்சியை வழங்கக்கூடிய அரசியல் கூட்டணி எது என்பதில் முழு கவனத்தையும் ஈர்த்துள்ளது.

1. பெர்சத்து முகாமில் விரிசல்கள்; பிஎன் தனது நிலையை வலுப்படுத்துகிறது

ஜோகூர் பெர்சத்து கட்சியின் மகளிர் பிரிவு (Srikandi) தலைவியும், எண்டாவ் (Endau) மாநிலச் சட்டமன்ற உறுப்பினருமான (ADUN) ஒய்.பி அலிவியா தாலிப், கட்சியிலிருந்து விலகி மீண்டும் அம்னோவிற்குத் திரும்பிய முடிவு, எதிர்க்கட்சி முகாமில் கடுமையான நம்பிக்கை நெருக்கடி நிலவுவதை தெளிவாகக் காட்டுகிறது.

பெரிக்காத்தான் நேஷனல் (பிஎன்) தலைமைத்துவம் இந்த விலகல் தங்களின் தயாரிப்புகளைப் பாதிக்காது என்று அமைதி காக்க முயன்றாலும், கள நிலவரத்தை மறைக்க முடியாது. ஒரு முக்கிய பிரிவின் தலைவர் தேர்தலுக்கு சற்று முன்பு கட்சியை விட்டு வெளியேறுகிறார் என்றால், எதிர்க்கட்சியின் போராட்டம் அதன் அரசியல் திசையை இழந்துவிட்டது என்பதுதான் அதன் பொருள்.

இதற்கு நேர்மாறாக, டத்தோஸ்ரீ அகமத் ஜாஹித் ஹமிடி தலைமையிலான பாரிசான் நேஷனல், மிகுந்த ஒழுக்கத்துடனும் முறையான வழியிலும் முன்னேறி வருகிறது:

முறையான தயாரிப்பு: ஜோகூரின் அனைத்து 56 மாநில இடங்களுக்கான வேட்பாளர் பட்டியல் தற்போது இறுதி கட்ட ஆய்வில் உள்ளது.
 மக்கள் நலன் சார்ந்த கவனம்: நிறுத்தப்படும் வேட்பாளர்கள் வெறும் பெயரளவிற்கானவர்கள் அல்ல; அவர்கள் ஜோகூரின் தொடர்ச்சியான வளர்ச்சிக்கும் முன்னேற்றத்திற்கும் உழைக்கக்கூடிய தகுதியான நபர்கள்.
 சதித்திட்டங்களை முறியடிக்கும் ஒற்றுமை: அண்மையில் 15 மசிஅ (MCA) வேட்பாளர்களை உள்ளடக்கிய போலிப் பட்டியல் (டத்தோஸ்ரீ வீ கா சியோங்கிற்கு எதிரான அவதூறுகள் உட்பட) பரவியது, பிஎன் உறுப்புக் கட்சிகளைப் பிரிக்க நினைக்கும் எதிரிகளின் தீவிர விரக்தியையே அம்பலப்படுத்துகிறது. பிஎன் இதற்கு ஒருபோதும் இரையாகவில்லை; கூட்டணியின் ஒற்றுமை மிக வலுவானது, மலிவான இணையப் போராளிகளின் (Cyber-troopers) தந்திரங்களால் அதை அசைக்க முடியாது.

2. 'முவாஃபகாத் நேஷனல் 2.0'-வின் வெற்று அரசியல் கணக்கு

பாஸ் (PAS) கட்சியின் துணைத் தலைவர் டத்தோஸ்ரீ துவான் இப்ராகிம் துவான் மான் மற்றும் எம்என் (MN) தலைவர் தான்ஸ்ரீ அன்னுார் மூசா ஆகியோர் 16-ஆவது பொதுத்தேர்தலுக்காக (GE16) பாஸ் மற்றும் அம்னோ இடையிலான ""தொடக்கக்கட்ட இடப் பங்கீட்டு சூத்திரத்தை"" தீவிரமாக விளம்பரப்படுத்தத் தொடங்கியபோது, வாக்காளர்கள் ஒரு கேள்வியைக் கேட்க வேண்டியிருந்தது: அவர்களின் உண்மையான கவனம் எங்கே இருக்கிறது?

நாடு பொருளாதார மீட்சியை நோக்கி தீவிரமாகச் செயல்பட்டுக் கொண்டிருக்கும் வேளையில், எதிர்க்கட்சியினர் காகிதத்தில் வெறும் பகற்கனவு காண்பதில் மட்டுமே ஆர்வம் காட்டுவதாகத் தெரிகிறது. இத்தகைய கடந்தகால அரசியல் தூண்டில்களுக்குப் பணிய வேண்டிய அவசியம் பிஎன்-க்கு இல்லை.

பிஎன்-இன் உறுதியான நிலைப்பாடு: பாரிசான் நேஷனலின் தற்போதைய முன்னுரிமை, பிரதமர் டத்தோஸ்ரீ அன்வார் இப்ராகிமின் வழிகாட்டுதலுடன் முழுமையாக ஒத்துப்போகிறது—அதாவது திறம்பட ஆட்சி செய்வது, மக்களின் பொருளாதாரத்தை மீட்டெடுப்பது மற்றும் குறுகிய காலத்தில் 16-ஆவது பொதுத்தேர்தலை நடத்துவதை நிராகரிப்பது. ஒற்றுமை அரசாங்கத்தில் ஒரு விசுவாசனமான மற்றும் பொறுப்புள்ள பங்காளியாக, முடிவற்ற அரசியல் மோதல்களால் நாட்டின் மேக்ரோ-பொருளாதார ஸ்திரத்தன்மை பாதிக்கப்படாமல் இருப்பதை பிஎன் உறுதி செய்கிறது.

3. ஆட்சியில் தெளிவான வேறுபாடு: முதிர்ச்சி மற்றும் அவநம்பிக்கை மறுப்பு

வெவ்வேறு மாநிலங்களின் அரசியல் சூழலைக் கவனித்தால் ஒரு தெளிவான வேறுபாட்டைக் காணலாம். நெகிரி செம்பிலான் மாநில சட்டமன்றக் கலைப்பு குறித்த வதந்திகள் முற்றிலும் மாநில அரசின் அதிகார வரம்பிற்குட்பட்ட விஷயமாகக் கருதப்பட்டு, எந்தவொரு பதற்றமும் இன்றி முதிர்ச்சியோடு கையாளப்பட்டன.

ஆனால், பெர்லிஸ் (Perlis) மாநிலத்தின் நிலைமை முற்றிலும் மாறுபட்டது. பெர்லிஸ் மந்திரி புசார், தனது ஆட்சி ""ஸ்திரமாக"" இருப்பதாகப் பகிரங்கமாக வலியுறுத்த வேண்டிய கட்டாயத்திற்கு ஆளானார், மேலும் தமக்கு எதிரான நம்பிக்கையில்லா தீர்மான வதந்திகளைத் தீவிரமாக மறுத்தார். இந்த தற்காப்பு நிலைப்பாடு அவர்களின் உள்மன பயத்தையே வெளிப்படுத்துகிறது. நெருப்பு இல்லாமல் புகை வராது என்பார்கள்; ஏன் இந்தத் தொடர் விளக்கங்கள்? பெர்லிஸின் இந்த பதற்றம், உணர்ச்சிப்பூர்வமான அடிப்படையில் அமையும் ஆட்சிகள் இயற்கையிலேயே பலவீனமானவை என்பதைக் காட்டுகிறது.

முடிவுரை

மலேசிய வாக்காளர்கள், குறிப்பாக ஜோகூர் வாக்காளர்கள் மிகுந்த புத்திசாலிகள். தினமும் தங்களுக்கு எதிரான நம்பிக்கையில்லா தீர்மானங்களுக்குப் பதிலளிப்பதிலேயே நேரத்தைச் செலவிடும் ஒரு மாநில அரசாங்கத்தையோ, அல்லது கட்சியின் எதிர்காலத்தின் மீது நம்பிக்கை இழந்து அதன் முக்கியத் தலைவர்களே வெளியேறும் ஒரு கட்சியையோ மக்கள் விரும்பவில்லை.

எதிர்க்கட்டிகளால் வழங்க முடியாத சில முக்கிய அம்சங்களை பாரிசான் நேஷனல் வழங்குகிறது: உறுதித்தன்மை, ஸ்திரத்தன்மை மற்றும் பொருளாதார வளர்ச்சி. தேர்வு வாக்காளர்களின் கைகளில் உள்ளது, மேலும் மலேசியாவின் சிறந்த எதிர்காலத்திற்காகச் சேவை செய்ய பிஎன் எப்போதும் தயாராக இருக்கிறது.

------------

PRN Johor & Realiti Politik 2026: Kebuah Pengirau Ati Raban Penyakal Mandang Ke Kestabilan Barisan Nasional

Dinamika politik menua kitai sehari tu sekali agi mandang ke siti pekara: lebuh musin pengawa bepilih nyau majak semak, kematangan organisasi enggau rekod pengelikun (kestabilan) nya pekara ti pemadu berega dalam politik. Di tengah-tengah spekulasi pasal ngetuka Kunsil Nengeri (DUN) enggau formula politik ti ditengkebang sengapa, Barisan Nasional (BN) terus mandang ke pengering ti ditusun meruan, nyadi pun pengelikun ungkup masa depan menua.

Tebah gendang Pengawa Bepilih Nengeri (PRN) Johor ke-16 ti deka dipalu enda lama agi ngenataika fokus rayat ngagai pemujur parti-parti politik ulih nyendiaka kestabilan ti bendar, ukai semina semaya retorik aja.

1. Sekat Nyau Tekelas ba Kem Bersatu, BN Terus Ngering Ke Diri

Pengawa Kunsilor Nengeri (ADUN) Endau, YB Alwiyah Talib — ti mega nyadi Tuai Srikandi Bersatu Johor — pansut ari parti lalu pulai baru ngagai UMNO nya tanda ti terang madahka 'rumah' raban penyakal benung napi krisis pengarap ti balat.

Taja pan ketuai Perikatan Nasional (PN) nguji deka jenak enggau madahka pengawa nya enda ngerusak pengawa nyikap diri sida, realiti ba lapangan enda ulih dilalai ngena tunjuk jari. Lebuh siku tuai sayap besai milih badu lalu nentang arus sebedau pengawa bepilih, tu mandang ke naratif pengawa raban penyakal nyau lenyau tuju.

Sebaliknya, BN di baruh pimpinan Datuk Seri Ahmad Zahid Hamidi bejalai enggau penuh tertib sereta lurus:

Sistematik: Rintai nama chalon ungkup semua 56 kerusi DUN Johor diatu ba fasa penudi penilai dikena mutuske pekara nya.
 Fokus Rayat: Chalon ti deka dikentandangkan ukai semina sengapa pilih, tang raban orang ti ulih gawa nentuka pemansang Johor terus maju.
 Kebal Sabotaj: Penatai rintai nama palsu ngenang 15 chalon MCA Johor (nyengkaum pitnah ngagai Datuk Seri Wee Ka Siong) amat mandang ke pengirau ati raban penyakal ti nguji deka ngelaban komponen BN. BN enda mudah tebabak; pengering komponen tu kelalu tegap deka diguyak ulih taktik 'cybertrooper' ti murah.

2. Formula Kosmetik 'Muafakat Nasional 2.0'

Lebuh Sapit Presiden PAS, Datuk Seri Tuan Ibrahim Tuan Man enggau Chairman MN, Tan Sri Annuar Musa berengkah kiruh nusui 'formula tumu' ungkup bagi kerusi entara PAS enggau UMNO ungkup PRU16, rayat patut nanya: Dini suba fokus ti bendar ari sida?

Lebuh menua benung ransing ngenegapka baru ekonomi, raban penyakal nampaknya lebih rindu ngelakar pelan mimpi-mimpi atas keretas. BN enda ibuh nunduk tauka labuh ba umpan politik nostalgia baka tu.

Penetap Tegas BN: Fokus BN sehari tu sejalai enggau ketetapan Perdana Menteri Datuk Seri Anwar Ibrahim — iya nya merintah enggau lurus sereta manah, ngenegapka baru ekonomi rayat, lalu nulak pematut ngatur PRU16 dalam timpuh ke semak tu. BN nya bakih gawa ti setia enggau bepenanggungjawab dalam Perintah Penyerakup dikena nentuka kestabilan makroekonomi menua enda dikachau ulih laya politik ti nadai ujung.

3. Pentadbiran Ti Bebida: Kematangan vs Penulak Ti Pengirau Ati

Pergimat baka ni chara nengeri bukai napi politik. Spekulasi pasal ngetuka DUN Negeri Sembilan ti benung kencang dipetalau diatu ditapi enggau penuh tertib, ampit nyadi hak mutlak nengeri nya empu lalu nadai ngasuh panik.

Bebida amat enggau suasana ba Perlis. Penerang ari Menteri Besar Perlis ti tepedua angkat ngetanka kononnya pentadbiran sida ""tegap"" enggau nulak isu usul undi enda arap (undi tidak percaya) amat mandang ke pengirau ati diri sida empu ba dalam. Kebuah deka ngaga penetap mayuh kali enti nadai bisi api ti nunu? Pengirau ati ba Perlis mandang ke formula pentadbiran ti bepelasarka emosi serari-rari mudah reba.

Kesimpulan

Rayat Malaysia, kelebih agi raban pengundi ba Johor enda lama agi, diatu nemu milih enggau bepikir lurus. Sida enda minta sebuah perintah nengeri ti ninting hari patut nyaut isu usul undi enda arap, tauka parti ti tuai besai sida terebai pansut laban lenyau pengarap ngagai masa depan parti diri empu.

Barisan Nasional, nyendiaka utai ti enda ulih diberi ulih raban penyakal: Kepastian, Kestabilan (Pengelikun), enggau Pemansang Ekonomi. Pilihan ba jari rayat, lalu BN sedia nyendiaka servis ti pemadu manah demi masa depan Malaysia ti lebih pegari.",https://www.facebook.com/11hit/posts/pfbid02vgA79VLreJHo1fvt9mEAsjJaGGkhBXq9kJPym3uZFMj6AaDrLd35uygC4eDgdb88l,,,negative,,0,0,0,0,0.0005029857158661,0,0.0,,,negative,0.998323380947113,malay,Malay/Bumiputera,anger,0.34173062443733215,0.33984649181365967,0.04025345668196678,0.1793893575668335,0.02750449627637863,0.02250812016427517
facebook,post,10172743435355618,"[05/01, 10:08 am] Harnarinder Harry BBB Arsenal: Akmal Saleh’s Big Lie Exposed: UMNO Lost Malays Long Before DAP – Thanks to Your Own Corruption & Arrogance
Akmal Saleh, listen up and listen hard—you're peddling a load of half-baked lies that stink of desperation. 

It's not DAP that's costing UMNO Malay support; it's your party's own rotten history of corruption, blatant racism, and insufferable arrogance that's driven you straight into the gutter. 

At your precious Pemuda UMNO convention, you paraded ""facts"" claiming UMNO lost Malay votes after teaming up with DAP. 

What a joke—that's not the truth; that's a pathetic half-truth designed to dodge accountability.

Let's slap some real numbers in your face.

UMNO once commanded a whopping 75% Malay support. 

In GE14—without a whiff of DAP—your support cratered to 45%. 

Then GE15 rolls around, still no DAP in sight, and it plunges further to 35%. 

Now, after partnering with DAP, you're whining about 27%? 

That's a measly 8% drop. 

But wake up, Akmal: Before DAP ever entered the picture, you'd already hemorrhaged a massive 40% from 75% to 35%. 

That's your own self-inflicted disaster, not DAP's fault. 

And that 55% of your core UMNO supporters who bolted to PN in GE15? 

They didn't flock to DAP—they ditched you for your rivals. DAP gained zilch from your implosion.

Now you're bleating about losing rural support? 

Spare us the crocodile tears. 

Is this your way of admitting Zahid Hamidi is a total failure as Menteri Kemajuan Desa dan Wilayah? 

Rural development and kampung welfare fall squarely on his shoulders, not a single DAP minister's. 

Those rural seats didn't go to DAP—they were snatched by PAS and Bersatu. 

And here's the killer question, Akmal: Do you seriously think cozying up to PAS now will let UMNO claw back those seats? 

Hell no—the incumbents will cling to them like glue. 

It's only through the Madani coalition—with DAP in it—that UMNO has any shot at reclaiming them from PAS and Bersatu. 

Proof? 

Post-GE15, with DAP on board, you crushed the by-elections in Pelangai, Mahkota, Ayer Kuning, and Nenggiri with overwhelming majorities. 

Shoving the blame for your epic failures onto DAP isn't just irresponsible—it's gutless and utterly illogical.

Let's not forget who the real backstabbers are. 

It was PAS that betrayed UMNO, ditching Muafakat Nasional to slither into PN with Bersatu. Not DAP. 

For 33 months under PN, PAS propped up that regime while they poached your members, schemed to dissolve UMNO, froze your party accounts, and dragged your leaders through the courts like criminals. Not DAP. 

But under Madani—with DAP in the mix—Zahid got his DNAA, Rosmah walked free, and cases against Tok Mat and LCS were buried, all investigations that festered under PN's watch. 

Funny how that works, huh?

Then you have the audacity to demand a MN revival so ""Malay states"" like Kedah, Kelantan, and Terengganu can ""develop,"" claiming development's only pouring into Johor, Penang, and Klang Valley. 

What a brazen distortion. 

DAP's been in power for barely three years—it's UMNO and PN's Malay-led governments that squandered nearly 70 years failing to lift those states out of poverty. 

Under Madani, the annual budgets for Kelantan, Kedah, and Terengganu dwarf what's given to Penang. 

And why do Penang, Johor, KL, and Selangor thrive? 

Not because of some magical government handout—it's the progressive, driven societies there fueling their own economies. 

Forced, artificial ""development"" flops like Forest City every time. 

So own it, Akmal: It's Malay leadership and society that's let those states rot, not DAP.

Crunch these numbers, since you love ""facts"".

There are 5,229,000 Malays in the SG4 states (Kedah: 1,803,000; Kelantan: 1,935,000; Terengganu: 1,236,000; Perlis: 255,000).

But dwarfing that? 

9,722,000 Malays in Selangor (4,153,000), Perak (1,530,000), Negeri Sembilan (761,000), Pulau Pinang (736,000), and Johor (2,542,000). 

Federal allocations to Kedah, Kelantan, and Terengganu already outstrip the rest—no issue there. 

But the second aid trickles to Penang, your walaun PN cronies erupt in outrage, even though Penang pumps among the highest GDP and revenue into the nation while getting the skimpiest allocations. 

Why the selective rage? 

Why act like there are no Malays in Penang? Those 736,000 Malays aren't real? No PAS members, supporters, or voters there? Only SG4 Malays count as ""pure""?

This is peak hypocrisy from you walaun types.

You abandon your hometowns, dump your parents and grandparents in backwardness, and flock to developed states like KL, Selangor, Johor, and Penang to chase jobs and prosperity. 

Every five years, you crawl back to vote in PAS administrations that perpetuate poverty and underdevelopment in your birth states, then return to leech off the progress in non-PAS territories.

And when aid flows to those thriving states—where you live, work, and eat—you screech like hypocrites, pretending you don't benefit. What kind of twisted logic is this? 

You smear these places as capitalist dens of liberalism, vice, entertainment, and un-Islamic filth, accuse the ruling parties of every sin under the sun—yet you happily soak up their advancements and amenities. 

You vote PAS back home to keep it poor and regressive, while refusing to live there yourself. 

Demanding handouts for states you won't even stay in?

Pathetic. 

Grow a spine, Akmal—face your party's mess instead of scapegoating DAP. Your downfall is all on you.

Albert Loh",https://www.facebook.com/dakhoos/posts/pfbid02w9MKTxGjojwvYhuJ4ob5Aw8z6u5AsTvpXR8nDNCjDQLeUQHsCRWJnR7nDAyQhoeRl,,,negative,,0,0,0,0,0.04809506535530089,0,0.0,,,negative,0.8396831154823303,english,Mixed/Urban,sadness,0.0513903945684433,0.04668392241001129,0.021550877019762993,0.7848978638648987,0.04007849469780922,0.021005401387810707
facebook,post,3535940246640740,"(video kat bahagian komen)

++++++

1) Ramai rakyat jelata yang tak tahu Permaisuri Agong kita adalah adik kepada Sultan Johor.
So adik ipar Sultan Johor adalah Agong Sultan Pahang.
Hehe adat orang melayu ni mana boleh langgar abang ipar bila kau dah petik bunga(adik dia).

2) Benda ni yang Hj Hadi dan duo team 2 Mah tak paham, langsung tak reti respek bapak;
curi anak dara bapak lepas tu persembah kat istana;
lebong wartawan dah chukoppp jumlahhh..!!
Pengakhirannya sampai skang masih gila ke SD nak buat tebok atap 2.0.. :P

3) Padahal masa PAS join Muafakat Nasional(PAS+UMNO) dulu dah cantek da siap dapat restu payung kuning.
PAS masa tu siap setuju dan angkat Najib Razak Bossku(yang mereka kini gelar banduan dan kluster mahkamah) jadi penasihat Muafakat Nasional(MN).
Tetapi parti BERSATU yang diciptakan oleh GrandMaster berjaya sekat benda tu kerana matlamatnya nak haramkan UMNO.

4) Cerita ni la berlegar dalam kalangan orang istana.
Ada sorang mason melayu elit konglomerat pertikaikan keputusan YDPA kita...

""Why Anwar..??""

Nak tahu pertanyaan tu dijawab dengan apa???

""Why not Anwar..????"",

setepek kena atas muka(tak boleh sebut nama).. :)

5) Dipendekkan cerita semasa drama 5 hari 'hang parliament',
sejarah dan momen paling mendebarkan dalam persada politik tanah air;
orang istana sedar tanpa UMNO mereka takkan kemana..
UMNO itu lahir dari istana.

6) Dan saat inilah UMNO balas jasa dan sabar tahap dewa Dato Seri Anwar Ibrahim selamatkan parti UMNO dari diharamkan dan digantikan dengan parti BERSATU.

Sebijik macam stail GrandMaster dorang buat kepada parti USNO di negeri Sabah tahun 1996 dulu.
USNO automatik bubar dan semua keahlian USNO automatik jadi ahli UMNO.
7 MP Barisan Naional(BN) dari total 30 MP, adalah sumbangan dari negeri Sabah ya.

7) YDPA nak lantik Anwar jadi PM kerajaan minoriti,
kerana dari sudut geopolitik 'Kerajaan Minoriti' adalah satu norma baharu:

France 🇫🇷 PM Borne - 251/577
Pakistan 🇵🇰 PM Sharif - 162/342 
Canada 🇨🇦 PM Trudeau - 159/338
Spain 🇪🇸 PM Sánchez - 155/350
Sweden 🇸🇪 PM Kristersson - 103/349
Norway 🇳🇴 PM Støre - 76/169
Slovakia 🇸🇰 PM Heger - 68/150
Croatia 🇭🇷 PM Plenkovic - 65/151

Malaysia 82/222

8) Tetapi bila mesyuarat aristokrat MRR , abang ipar Agong Sultan Johor menegaskan cadangan tubuh kerajaan perpaduan.
Adik ipar pun apa lagi ikut je la tu yang panggil setiap ketua parti.

PN angkuh gila ke SD sign tak bersetuju, terus keluar istana tinggalkan wartawan yang berkampung dari pagi.

BN plak bagai mengantuk sorongkan bantal, setuju lah asalkan bukan Mahiaddin jadi Perdana Menteri.

9) Benda ni la yang saya kata pemimpin PAS bodoh dalam politik dan toleransi.
Dah tahu UMNO BN taknak Mahiaddin, sepatutnya hantar la nama presiden parti sendiri, Haji Hadi calon PM, alah macam tak biasa buat plak..

Masa Ismail Sabri dulu boleh.
Masa tebuk atap pun boleh hantar nama lain, asalkan bukan Anwar yang PM kannnn.... :P

Sebab Hadi Awang sendiri mengaku dia playmaker Langkah Sheraton yang sekat Anwar Ibrahim jadi Perdana Menteri.
Korang PAS masa tu boleh je hantar nama Mahiaddin sebab UMNO tak setuju nak angkat Atok Mahathir lead kerajaan perpaduan.

10) Rahsia orang UMNO ni bila dengan PAS depa boleh cooldown lagi, jangan dengan BERSATU je.
Alah sama la macam orang PAS gak, mana boleh cooldown dengan AMANAH.
Sebab BERSATU dan AMANAH itu parti serpihan.

11) Apakan daya nasib penyokong PAS la dapat pemimpin yang termakan sumpahan duit dari parti BERSATU.
Terus jadi sengal² ubi, bagai jatuh ditimpa tangga.

Federal terlepas,
negeri Perak terlepas,
negeri Pahang pun terlepas.

Al-kisah lebai malang.

12) Sambung cerita istana.
Payung kuning Johor ni memang benci gila dengan Mahathir dan Mahiaddin.
Krisis dengan negeri selatan tu Sultan Johor siap kata terang-terang dalam titahnya;

""Jangan sampai beta bawak Johor keluar dari Malaysia..""

Dari selepas ucapan inilah lagi kuat sentimen ""Bangsa J"" di sana.
Orang Johor ni paling benci PAS.
Hal ini kerana UMNO dan Johor itu berpisah tiada.
BERSATU takyah cakap la, Mahiaddin tu nasib baik je menang kat Pagoh.
Kalau PH-BN gabung kekuatan, ghuyublah dia kat Pagoh tu.

13) Orang yang cakap slang bahasa melayu Johor Riau ni(Selangor/Johor/Melaka) mereka suka dan dah biasa hidup dalam masyarakat majmuk.
Diorang takde masalah hidup dengan cina india(non malay), so sentimen dan ratib DAP DAP DAP tak laku di sana.

Buktinya PH jadi pilihan kedua bagi anak muda alternatif dalam menolak BN.

Berbeza jauh dengan negeri Kelantan/Terengganu yang lebih 97% orang melayu.
Sentimen di sana melayu konservatif terlalu kuat.
Anak mudanya cenderung kepada PN jadi pilihan kedua bagi alternatif dalam menolak BN.
*
*
*
Kemasonan, 'hidden hand' itu sendiri tak boleh lari dari institusi istana.
Mason ni memang 'by hook or by crook' takkan bagi can Anwar naik jadi PM punya walau sesaat.

Begitu bencinya dorang ngan Anwar,
sebab Anwar ni bawak roh islam yang sebenar dan bisa menyatukan semua fahaman dan ideologi bawah satu payung.
Dari zaman jadi orang nombor satu ABIM lagi fikrah Anwar memang pandang ke hadapan dan maju sebagai satu pasukan.

Benda ni yang ramai penyokong totok PKR yang ratib kartel, kartel, kartel tak paham.
Tengah perang dengan musuh dia pergi serang parti sendiri.

Kalau Anwar jenis melayan pendapat populis dan mereka yang gopoh, sudah pastinya PKR akan gerak solo macam PAS waktu PRU-14 dulu,
end up pilihanraya kalah lagi teruk dan tercorot.

Kalian tengok sendiri cara Anwar layan bekas penyokong Azmin Ali, Tian Chua yang dah kena pecat sebab langgar kerusi parlimen Batu.
Bila Tian Chua datang berjumpa, Anwar tetap beri layanan yang baik.
Anwar jenis tak lupa diri dengan orang bukan seagama dengan dia,
yang sanggup hilang nyawa duduk depan trak FRU lawan rejim Mahathir.

Sama macam Anwar layan penyokong PAS.
Bukan walaun PAS ye kena tahu beza.
Anwar datang ke Perlis negeri PAS, sambutannya macam parti Anwar plak yang menang di sana.
Siap pakej Anwar sanggup turun stage bila jumpa dengan mufti negeri Perlis, musuh tradisi yang paling lantang kritiknya dari dulu.

Yeah pemimpin yang kenang jasa.
Takde ayat lain lagi.

___________

Ada haters Anwar jawab alah biasalah tu dah dia PM, mestilah orang hormat dan puji, sebab nakkan sesuatu.
Jawapan saya kenapa masa Mahaiddin atau Ismail Sabri, perkara itu tidak berlaku.
Mahiaddin dan Ismail Sabri tak boleh satukan bangsanya sendiri duduk bawah satu payung.

Anwar Ibrahim boleh satukan bukan kata bangsanya sendiri, tetapi musuh tradisi PH dan BN sekian lama.
Sarawak kini seakan tidak ada pembangkang lagi.
Sabah pula tengah dalam proses healing, nak ikut stail Sarawak.

Plus pakej Anwar ni clean, menghabiskan separuh usia kehidupannya orang paling lama dalam politik(selepas Ku Li dan Almarhum TGNA)
tanpa meninggalkan satu saham , satu balak, waima satu harta sekalipun.

Aset yang Anwar ada cuma rumah & juga tanah.
Kalau dilihat dari sudut kroni atau kayakan anak-anak, memang takda satu pun dari 6 orang anak Anwar yang kaya raya.

Jauh panggang dari api la kalau buat perbandingan dengan anak Mahathir.
Keempat-empat anak Tun semua taraf 'billionaire', bukan 'millionaire' ya..
Tu yang kena kutuk , anak dia sorang je la pandai meniaga.
Anak dia je rajin melayu pemalas , dia je kuat ingatan, melayu mudah lupa. 😁

Tuhan telah anugerahkan kepada tanah melayu pemimpin yang sangat konsisten dengan agenda islah/reform selama lebih 40 tahun daripada zaman student.
Syukur Alhamdulillah nikmat Tuhanmu yang mana lagi mau didustakan??
*
*
*
Ok ending macam biasa,
berkongsi ilmu dan pengalaman kerohanian.

Jin
Iblis
Setan
Geng/konco-konco dorang memang tak suka dengan lantera cahaya geng-geng malaikat.

Contoh, bila dorang masuk dalam badan kita(manusia).
Jika jin/roh jahat itu musuh islam, mereka akan takut dengan bacaan rukyah(doa).
Jika jin/roh jahat itu musuh kristen, mereka akan takut dengan air suci baptis/tangkal salib..
Jika jin/roh jahat itu musuh hindu/budhha, mereka akan takut dengan bacaan mantra/chanting/pendeta...

So hukum alam itu sendiri mengatakan kita akan berasa takut/seriau dengan musuh kita.

Jadi bila kat parlimen, kalau korang nak tahu MP tu ahli mason atau tidak;
(saya tak kata belah PN saja ye, belah PH, belah BN pun ada jugak yang kuat monteng)
yang selalu tuang parlimen possibility mereka adalah ahli itu tinggi.

Sebab kat parlimen ni Anwar punya aura dia tapau habis.
Masa jadi ketua pembangkang pun satu parlimen hormat,beri ruang & peluang bila time dia bercakap.
Bila jadi Perdana Menteri orang nombor satu, maka automatik sihir mason sudah jadi tidak ampuh..

So ada orang PM tepi tanya saudara wisata roh , siapa geng-geng rahsia freemas0n rotary club ni?

Haa jawapan saya,, hang tengok siapa yang selalu tuang parlimen.
Sama dengan analogi jin/roh jahat masuk badan manusia;
bila rasa panas, depa akan keluar la, takleh duk lama.... :)

NotaKaki: Ini versi saya ye, kalau sudara ada versi sendiri sila komen murni-murni je kat bahagian komen.
Kerana sebarang komen jelek oleh taik politik/pentaksub parti akan saya buang(wat penat je taip panjang²)
dan kalau duk sibuk PM tepi dengan caci maki, profile FB tersebut akan dihalang(block) dari terus berinteraksi dengan saya.

25 Feb 2023 : 22.00 Malaysia Time

Wisata Roh",https://www.facebook.com/bunga.lalang.353/posts/pfbid02PeGP9KZEBaKer7uFrfupZysAdDRDKEDgFCouHBd8QkQYd14aVRUEo3FHDgF1E6vfl,,,negative,,0,0,0,0,0.0005104243755340576,0,0.0,,,negative,0.9982985854148865,malay,Malay/Bumiputera,love,0.11007685959339142,0.032104991376399994,0.02942330203950405,0.05585638806223869,0.3586854934692383,0.08315246552228928
facebook,post,2716513408644343,"BISMILLAHIRRAHMANIRRAHIM,,

POLITIK MATANG ? - SI BUTA PUN TAHU JALAN 

Tamrin Tun Ghafar 

1.   Saya terbaca satu artikel yang menyatakan Abdullah Hussin , Persuruhjaya PAS  Johor  akan bertemu Pengurusi Badan Perhubungan UMNO  merangkap MB Johor bagi membincangkan kearah MENJAYAKAN kerjasama  PAS  dan UMNO   melalui  Muafakat Nasional atau MN 

2.  Saya juga telah mengikuti ucapan Hasni Muhamnad yang menegaskan  bagaimana TAMAK dan SOMBONG nya PAS  Johor apabila menyatakan BERSATU  Johor yang di Pengurusiksn Mahiaddin  telah BERSETUJU  MEMBERI 14  Kerusi pada PAS  pada PRN  Johor nanti 

3.   SELEPAS  BERUNDING  dengan Ketua - Ketua UMNO  Bahagian , UMNO Johor bersama rakan - rakan dalam BN   AKAN  menghadapi PRN ini  SECARA  SOLO  -  TANPA  PAS  dan BERSATU  sama ada melalui  MN  atau PN 

4.  Abdullah Hussin  HANYA  MENCUBA  NASIB sahaja ATAU  bertindak atas arahan Hadi 

5.  Untuk makluman  PAS  hanya punyai seorang wakil saja dalam Dewan Negeri , dan  BESAR  KEMUNGKINAN  PAS  akan hilang juga Kerusi yang ada 

*6.  Tindakan Abdullah Hussin atas ARAHAN  HADI  tak ubah seperti :*

CACING  KEPANASAN 

atau dalam bahasa Inggeris nya   'An Act Of A Desperate  Man'   or  DESPERADO 

7.  Dulu serang UMNO  habis - habisan  ,  kemudian  TELAN  LUDAH  nya  seolah - olah  PAS  tak pernah  buat dosa pada UMNO 

8.  Bagi mengalahkan PH  , UMNO  berpakat dengan  Parti Lebai , dan Parti Lebai pula setuju jadi PAK SANGGUP  asalkan 'fulus' 

9.  UMNO  sudah sedar permainan KOTOR  DAN  JAHAT  PAS  ; itu sebab nya UMNO  tidak lagi bersama mereka  melalui MN 

10.  Jika masih ingat ucapan Mahiaddin dihadapan ramai Ahli BERSATU 

""Orang Melayu sudah kenal siapa PAS  dan siapa UMNO - seorang PEROMPAK   dan seorang lagi nama jer berjuang untuk Islam tapi MENYOKONG  PEROMPAK -  DUA - DUA  TAK  BOLEH  DI PERCAYAI"" 

11.  Menyokong perompak atau tidak , Mahiaddin TERPAKSA bekerjasama dengan PAS  kerana BERSATU  ada duit TAPI  TIDAK ADA  JENTERA di peringkat bawahan sedangkan PAS ada jentera TAPI  'fulus'  terlalu sedikit 

12.  'Politik Matang' yang dianjurkan Hadi ia  SEBENARNYA  bagi menguntungkan   PAS ;  dalam bahasa mudah , PAS rasa boleh MEMPERBODOHKAN UMNO  dan BERSATU melalui gabungan MN dan PN 

13.   UMNO  ada  'fulus' dan jentera  tak seperti PAS  dan BERSATU 

14.  Melalui gabungan dengan UMNO  dan BERSATU  , PAS  sudah merasakan mereka SUDAH  KUAT , maka itu sebabnya Hadi sendiri menawarkan diri untuk jawatan Timbalan Perdana Menteri ! 

15.  Itu langkah pertama , selepas itu Hadi akan arahkan 18 Ahli  Dewan Rakyatnya  membuat ugutan bagi membuka jalan beliau naik ketangga yang di idam - idamkan PAS   selama ini ; jestru Hadi akan jadi orang pertama PAS  duduk dikerusi PM 

16.  Apakah kita lupa berbagai   peristiwa antara 1999 hingga 2004  ketika Hadi jadi MB Terengganu - Terengganu MUNDUR  ke belakang , dan rakyat disana  BENAMKAN  Hadi pada PRU berikutnya 

17.  PM  Hadi  tak  boleh lawat  negara - negara Islam Timur Tengah seperti hari ini ? 

18.  Elok Hadi  dihadiahkan  cermin yang lebih besar  bagi memudahkan beliau melihat wajahnya samada ada ketokohan sebagai  seorang Perdana Menteri 

19.  Mungkin Hadi terfikir jika Mahiaddin  GAGAL  dan Mael BENGAP  pun boleh jadi PM , mengapa tidak beliau 

20.  PAS  DAN  BERSATU  selepas Mahiaddin  tuduh PAS ,  Parti  Ajaran Sesat  ( PAS ) ,  dan Parti Islam yang MENYOKONG  PEROMPAK - PAS dan BERSATU  boleh pula  berpeluk - peluk ;  mereka ini sebenarnya TIDAK  ADA  PERASAAN  MALU  DIRI  DAN MARUAH - sanggup lakukan apa saja ASAL  boleh menang 

21.   RAKYAT  KHASNYA  PENGUNDI  HARUS  TOLAK  KEDUA - DUA  PARTI TERSEBUT  PADA PRN JOHOR  DAN PRU 15 NANTI

Wassalam
Terima Kasih
By Tamrin Tun Ghafar
http://tamrintunghafar.blogspot.com/?m=
Tuesday, 25 January 2022",https://www.facebook.com/groups/1513184595643903/posts/2716513408644343/,,,negative,,0,0,0,0,0.0004969239234924316,0,0.0,,,negative,0.9983435869216919,malay,Malay/Bumiputera,no_clear_emotion,0.1949734091758728,0.04103308171033859,0.05033840984106064,0.03945190832018852,0.14389295876026154,0.05230674520134926
facebook,post,202005665552872,"𝐂𝐎𝐌𝐌𝐄𝐍𝐓 | 𝐀𝐧𝐰𝐚𝐫 𝐧𝐞𝐞𝐝𝐬 𝐦𝐢𝐝𝐝𝐥𝐞 𝐌𝐚𝐥𝐚𝐲𝐬𝐢𝐚 𝐚𝐧𝐝 𝐔𝐦𝐧𝐨, 𝐧𝐨𝐭 𝐙𝐚𝐡𝐢𝐝
𝙒𝙤𝙣𝙜 𝘾𝙝𝙞𝙣 𝙃𝙪𝙖𝙩 | 𝙈𝙖𝙡𝙖𝙮𝙨𝙞𝙖𝙠𝙞𝙣𝙞 | 𝟏 𝐃𝐞𝐜 𝟐𝟎𝟐𝟐

COMMENT | In the past few days, several opinion leaders have emerged to defend the rumoured appointment of embattled Umno president Ahmad Zahid Hamidi as deputy prime minister. They try to appear as realists, arguing that Prime Minister Anwar Ibrahim has no choice.

𝙄𝙛 𝙩𝙝𝙞𝙨 𝙗𝙡𝙚𝙖𝙠 𝙥𝙞𝙘𝙩𝙪𝙧𝙚 𝙞𝙨 𝙞𝙣𝙙𝙚𝙚𝙙 𝙩𝙝𝙚 𝙧𝙚𝙖𝙡𝙞𝙩𝙮, 𝙩𝙝𝙚𝙣 𝙩𝙝𝙚 𝘼𝙣𝙬𝙖𝙧 𝙜𝙤𝙫𝙚𝙧𝙣𝙢𝙚𝙣𝙩 𝙬𝙤𝙪𝙡𝙙 𝙛𝙖𝙘𝙚 𝙩𝙝𝙧𝙚𝙚 𝙨𝙪𝙧𝙫𝙞𝙫𝙖𝙡 𝙩𝙝𝙧𝙚𝙖𝙩𝙨 𝙬𝙞𝙩𝙝𝙞𝙣 𝙖 𝙮𝙚𝙖𝙧, 𝙩𝙬𝙤 𝙞𝙣𝙫𝙤𝙡𝙫𝙞𝙣𝙜 𝙕𝙖𝙝𝙞𝙙’𝙨 𝙤𝙬𝙣 𝙨𝙪𝙧𝙫𝙞𝙫𝙖𝙡.

The first is the 𝐔𝐦𝐧𝐨 𝐩𝐚𝐫𝐭𝐲 𝐞𝐥𝐞𝐜𝐭𝐢𝐨𝐧 which must be held by May 19, 2023, at the latest.

The second is the 𝐜𝐨𝐮𝐫𝐭 𝐯𝐞𝐫𝐝𝐢𝐜𝐭 𝐨𝐧 𝐙𝐚𝐡𝐢𝐝’s Yayasan Akalbudi embezzlement case, which may come before or after the party election.

The third is the 𝐦𝐢𝐝-𝐭𝐞𝐫𝐦 𝐬𝐭𝐚𝐭𝐞 𝐞𝐥𝐞𝐜𝐭𝐢𝐨𝐧 for the six Pakatan Harapan and Perikatan Nasional (PN) states, which may happen latest by September but possibly earlier.

If DPM Zahid is so indispensable to the Anwar government, what happens if Zahid loses the party election or gets convicted? And to avoid the new government collapsing because of Zahid, should he be allowed to use government resources to win the party election?

Should even the Attorney General’s Chamber withdraw Zahid's cases or somehow use the wrong litigation strategy to lose its case against Zahid?

If either or both of these happen, would the apologists also tell us that these are also the “bitter pills” that we have to swallow if we want the Harapan 2.0 government to survive?

_ _ _ _ _ _ _ _ _ _ _ _ _ _ _ _ _ _ _ _ _ _ _ _ _ 

𝐃𝐨𝐧’𝐭 𝐜𝐡𝐚𝐥𝐥𝐞𝐧𝐠𝐞 𝐭𝐡𝐞 𝐦𝐢𝐝𝐝𝐥𝐞-𝐠𝐫𝐨𝐮𝐧𝐝 𝐯𝐨𝐭𝐞𝐫𝐬

𝙄𝙛 𝙪𝙣𝙛𝙤𝙧𝙩𝙪𝙣𝙖𝙩𝙚𝙡𝙮, 𝙩𝙝𝙚 𝘼𝙣𝙬𝙖𝙧 𝙜𝙤𝙫𝙚𝙧𝙣𝙢𝙚𝙣𝙩 𝙙𝙤𝙚𝙨 𝙩𝙝𝙞𝙣𝙠 𝙩𝙝𝙖𝙩 𝙞𝙩 𝙞𝙨 𝙨𝙤 𝙙𝙚𝙨𝙥𝙚𝙧𝙖𝙩𝙚 𝙛𝙤𝙧 𝙛𝙚𝙖𝙧 𝙤𝙛 𝙖 𝙎𝙝𝙚𝙧𝙖𝙩𝙤𝙣 2.0, 𝙮𝙚𝙩 𝙨𝙤 𝙥𝙤𝙬𝙚𝙧𝙛𝙪𝙡 𝙩𝙝𝙖𝙩 𝙞𝙩 𝙘𝙖𝙣 𝙞𝙜𝙣𝙤𝙧𝙚 𝙩𝙝𝙚 𝙥𝙪𝙗𝙡𝙞𝙘 𝙖𝙣𝙜𝙚𝙧, 𝙞𝙩 𝙢𝙞𝙜𝙝𝙩 𝙝𝙖𝙫𝙚 𝙧𝙚𝙖𝙙 𝙩𝙝𝙚 𝙂𝙀15 𝙧𝙚𝙨𝙪𝙡𝙩 𝙫𝙚𝙧𝙮 𝙬𝙧𝙤𝙣𝙜𝙡𝙮.

Compared to its 16 percent and 17 percent vote share in the Malacca and Johor state elections, PN had surged to a whopping 30 percent in GE15, eliminating Umno in all five northern states from Terengganu to Penang and grabbing Harapan constituencies from Permatang Pauh to Kuantan.

Is this strong swing towards PN a permanent shift? More likely, it was the angry anti-Zahid middle ground at work, benefiting PN amongst Malay-majority constituencies and Harapan in ethnically mixed constituencies.

This was much the product of automatic voter registration (AVR) and the lowering of the voting age to 18, bringing in some seven million new voters.

Now that all adult Malaysians can go to vote, without having to register themselves as voters and wait for several months, 𝙥𝙤𝙡𝙞𝙩𝙞𝙘𝙖𝙡 𝙥𝙖𝙧𝙩𝙞𝙚𝙨 𝙖𝙧𝙚 𝙖𝙩 𝙩𝙝𝙚 𝙢𝙚𝙧𝙘𝙮 𝙤𝙛 𝙖𝙣𝙜𝙧𝙮 𝙫𝙤𝙩𝙚𝙧𝙨 𝙬𝙝𝙤 𝙘𝙖𝙣 𝙜𝙤 𝙤𝙪𝙩 𝙖𝙩 𝙖𝙣𝙮 𝙩𝙞𝙢𝙚 𝙩𝙤 𝙥𝙪𝙣𝙞𝙨𝙝 𝙥𝙤𝙡𝙞𝙩𝙞𝙘𝙞𝙖𝙣𝙨 𝙖𝙣𝙙 𝙥𝙖𝙧𝙩𝙞𝙚𝙨 𝙩𝙝𝙖𝙩 𝙤𝙛𝙛𝙚𝙣𝙙 𝙩𝙝𝙚𝙢.

So far, Anwar has done all the right things, from rejecting the new Mercedes S600, to reaching out to senior civil servants, to promising no award of projects without tendering.

And the public has shown patience and understanding – for example, the Kuala Lumpur and Selangor Chinese Assembly Hall’s call to leave the thorny issue of UEC recognition to time was popularly praised in the Chinese community, denying PN a weapon to instigate inter-communal contention.

How would the public take it if Zahid is made his deputy? Have his apologists done any surveys to gauge public sentiment on this?

For four years, partly thanks to former prime minister Dr Mahathir Mohamad’s contemptuous attitude towards manifestos, Harapan’s failure in realising its electoral promises was conveniently framed by its opponents as “rakyat kena kencing” (the people get peed upon/cheated).

𝘼𝙧𝙚 𝙃𝙖𝙧𝙖𝙥𝙖𝙣 𝙥𝙖𝙧𝙩𝙞𝙚𝙨 𝙧𝙚𝙖𝙙𝙮 𝙩𝙤 𝙙𝙚𝙛𝙚𝙣𝙙 𝘿𝙋𝙈 𝙕𝙖𝙝𝙞𝙙 𝙬𝙝𝙚𝙣 𝙋𝙉 𝙛𝙡𝙤𝙤𝙙𝙨 𝙏𝙞𝙠𝙩𝙤𝙠, 𝙄𝙣𝙨𝙩𝙖𝙜𝙧𝙖𝙢, 𝙒𝙝𝙖𝙩𝙨𝘼𝙥𝙥 𝙖𝙣𝙙 𝙁𝙖𝙘𝙚𝙗𝙤𝙤𝙠 𝙤𝙣 𝙩𝙝𝙞𝙨?

_ _ _ _ _ _ _ _ _ _ _ _ _ _ _ _ _ _ _ _ _ _ _ _ _ 

𝐇𝐨𝐰 𝐭𝐨 𝐤𝐞𝐞𝐩 𝐔𝐦𝐧𝐨 𝐢𝐧 𝐠𝐨𝐯𝐞𝐫𝐧𝐦𝐞𝐧𝐭 𝐟𝐨𝐫 𝐟𝐢𝐯𝐞 𝐲𝐞𝐚𝐫𝐬?

Yes, the Harapan 2.0 government cannot afford to have Umno walk out on it like what Bersatu did to Harapan 1.0. Instead of filling the vacuum left by Umno, Borneo parties may even join the bandwagon.

To avoid this, Anwar needs to do 𝐭𝐡𝐫𝐞𝐞 𝐭𝐡𝐢𝐧𝐠𝐬.

First, Harapan must 𝙝𝙤𝙡𝙙 𝙤𝙣 𝙩𝙤 𝙩𝙝𝙚 𝙨𝙪𝙥𝙥𝙤𝙧𝙩 𝙤𝙛 𝙢𝙞𝙙𝙙𝙡𝙚 𝙈𝙖𝙡𝙖𝙮𝙨𝙞𝙖 by delivering on governance and reforms and responding aptly to any crisis. When the government is popular, no party would want to leave and be defeated as its opponent in an election.

Conversely, if the government becomes unpopular, staying out will be a good damage control measure for some government parties.

Second, Harapan must enter 𝙛𝙤𝙧𝙢𝙖𝙡 𝙘𝙤𝙖𝙡𝙞𝙩𝙞𝙤𝙣 𝙖𝙜𝙧𝙚𝙚𝙢𝙚𝙣𝙩𝙨 – a multilateral one or many bilateral ones - with not just Umno, but also GPS, GRS, Warisan and all other partners, which should be 𝙙𝙚𝙥𝙤𝙨𝙞𝙩𝙚𝙙 𝙞𝙣 𝙋𝙖𝙧𝙡𝙞𝙖𝙢𝙚𝙣𝙩 as was done with the memorandum of understanding between the Ismail Sabri Yaakob government and Harapan.

(For examples of coalition agreements, McGuinness Institute has a complete collection of those in New Zealand.)

This would bind Umno and further strengthen the new constitutional convention that post-election coalition government is formed via inter-party negotiation, and not through collections of statutory declarations. This is the best bet for Harapan rather than counting on Zahid’s re-election as party president.

Third and the most challenging task, Harapan must make it 𝙖 𝙜𝙤𝙤𝙙 𝙙𝙚𝙖𝙡 𝙛𝙤𝙧 𝙐𝙢𝙣𝙤 𝙩𝙤 𝙨𝙩𝙖𝙮 in the coalition government for five years, instead of joining PAS and Bersatu as junior partners or forcing a snap election.

This requires a genuine commitment to help Umno rebuild its brand as Harapan’s friendly competitor. 𝙄𝙛 𝙐𝙢𝙣𝙤 𝙞𝙨 𝙖𝙗𝙨𝙤𝙧𝙗𝙚𝙙 as the Malay-nationalist party in Harapan – Bersatu’s old role in Harapan 1.0, 𝙩𝙝𝙚𝙣 𝙃𝙖𝙧𝙖𝙥𝙖𝙣 𝙖𝙣𝙙 𝙐𝙢𝙣𝙤 𝙢𝙖𝙮 𝙨𝙪𝙛𝙛𝙚𝙧 𝙛𝙧𝙤𝙢 𝙤𝙣𝙚 𝙤𝙛 𝙩𝙝𝙚 𝙩𝙬𝙤 𝙪𝙣𝙞𝙣𝙩𝙚𝙣𝙙𝙚𝙙 𝙘𝙤𝙣𝙨𝙚𝙦𝙪𝙚𝙣𝙘𝙚𝙨:

1. 𝙐𝙢𝙣𝙤 𝙝𝙖𝙨 𝙩𝙤 𝙪𝙣𝙙𝙚𝙧𝙡𝙞𝙣𝙚 𝙞𝙩𝙨 𝙈𝙖𝙡𝙖𝙮-𝙈𝙪𝙨𝙡𝙞𝙢 𝙣𝙖𝙩𝙞𝙤𝙣𝙖𝙡𝙞𝙨𝙩 𝙘𝙧𝙚𝙙𝙚𝙣𝙩𝙞𝙖𝙡 𝙗𝙮 𝙘𝙡𝙖𝙨𝙝𝙞𝙣𝙜 𝙬𝙞𝙩𝙝 𝘿𝘼𝙋 𝙖𝙣𝙙 𝙋𝙆𝙍 𝙬𝙞𝙩𝙝𝙞𝙣 𝙩𝙝𝙚 𝙚𝙣𝙡𝙖𝙧𝙜𝙚𝙙 𝙃𝙖𝙧𝙖𝙥𝙖𝙣; 𝙤𝙧  

2. 𝙋𝙉 𝙚𝙖𝙨𝙞𝙡𝙮 𝙢𝙤𝙣𝙤𝙥𝙤𝙡𝙞𝙨𝙚𝙨 𝙩𝙝𝙚 𝙈𝙖𝙡𝙖𝙮-𝙈𝙪𝙨𝙡𝙞𝙢 𝙣𝙖𝙩𝙞𝙤𝙣𝙖𝙡𝙞𝙨𝙩 𝙢𝙖𝙧𝙠𝙚𝙩 𝙖𝙨 𝙐𝙢𝙣𝙤 𝙡𝙤𝙨𝙚𝙨 𝙞𝙩𝙨 𝙞𝙙𝙚𝙣𝙩𝙞𝙩𝙮 𝙫𝙞𝙨-à-𝙫𝙞𝙨 𝙃𝙖𝙧𝙖𝙥𝙖𝙣.

The only viable way out for Umno might be a technocratic reinvention so that it can regain its conservative base and compete against both PN and Harapan.

𝘼𝙨 𝙡𝙤𝙣𝙜 𝙖𝙨 𝙐𝙢𝙣𝙤 𝙨𝙚𝙚𝙨 𝙖 𝙝𝙞𝙜𝙝𝙚𝙧 𝙘𝙝𝙖𝙣𝙘𝙚 𝙤𝙛 𝙬𝙞𝙣𝙣𝙞𝙣𝙜 𝙗𝙖𝙘𝙠 27 𝙨𝙚𝙖𝙩𝙨 𝙡𝙤𝙨𝙩 𝙩𝙤 𝙋𝘼𝙎 𝙖𝙣𝙙 𝘽𝙚𝙧𝙨𝙖𝙩𝙪 𝙩𝙝𝙖𝙣 𝙩𝙝𝙖𝙩 𝙤𝙛 𝙬𝙧𝙚𝙨𝙩𝙞𝙣𝙜 18 𝙨𝙚𝙖𝙩𝙨 𝙛𝙧𝙤𝙢 𝙋𝙆𝙍 𝙖𝙣𝙙 𝘼𝙢𝙖𝙣𝙖𝙝, 𝙣𝙤 𝙣𝙚𝙬 𝙐𝙢𝙣𝙤 𝙡𝙚𝙖𝙙𝙚𝙧𝙨𝙝𝙞𝙥 𝙬𝙤𝙪𝙡𝙙 𝙬𝙖𝙣𝙩 𝙩𝙤 𝙡𝙚𝙖𝙫𝙚 𝙃𝙖𝙧𝙖𝙥𝙖𝙣 𝙚𝙖𝙧𝙡𝙮. This is simply realism at work.

And if the Umno party election can be fought on how Umno should carve out a distinct identity while staying on in the Harapan government, the new government is safe.

However, if it descends into a proxy fight between pro-Harapan and pro-PN factions, the pro-Harapan faction may just go down with Zahid, which is widely blamed by the Umno grassroots.

It is silly to think that Umno deputy president Mohamad Hasan should not be made DPM because he did not side with Harapan in the government formation struggle. If he is made DPM and that keeps him powerful in Umno and the party hopeful in GE16, he would keep Umno in the new government for as long as it needs.

WONG CHIN HUAT is an Essex-trained political scientist at Sunway University. He is a professor at the university’s Sustainable Development Solutions Network (SDSN) Asia. Mindful of humans’ self-interest motivation while pursuing a better world, he is a principled opportunist.",https://www.facebook.com/chinhuatw.owl/posts/pfbid0jXCUKLqEFY5caChCTyRA7aTPumRNLgS3PLzkdmE5UfXsPUC2eL4NMJKCJVz7StZ8l,,,neutral,,0,0,0,0,0.5,0,0.0,,,neutral,0.8774469494819641,english,Mixed/Urban,anger,0.3179783225059509,0.17080891132354736,0.1589699238538742,0.09871884435415268,0.06833216547966003,0.027131855487823486
facebook,post,202005665552872,"𝐂𝐎𝐌𝐌𝐄𝐍𝐓 | 𝐀𝐧𝐰𝐚𝐫 𝐧𝐞𝐞𝐝𝐬 𝐦𝐢𝐝𝐝𝐥𝐞 𝐌𝐚𝐥𝐚𝐲𝐬𝐢𝐚 𝐚𝐧𝐝 𝐔𝐦𝐧𝐨, 𝐧𝐨𝐭 𝐙𝐚𝐡𝐢𝐝
𝙒𝙤𝙣𝙜 𝘾𝙝𝙞𝙣 𝙃𝙪𝙖𝙩 | 𝙈𝙖𝙡𝙖𝙮𝙨𝙞𝙖𝙠𝙞𝙣𝙞 | 𝟏 𝐃𝐞𝐜 𝟐𝟎𝟐𝟐

COMMENT | In the past few days, several opinion leaders have emerged to defend the rumoured appointment of embattled Umno president Ahmad Zahid Hamidi as deputy prime minister. They try to appear as realists, arguing that Prime Minister Anwar Ibrahim has no choice.

𝙄𝙛 𝙩𝙝𝙞𝙨 𝙗𝙡𝙚𝙖𝙠 𝙥𝙞𝙘𝙩𝙪𝙧𝙚 𝙞𝙨 𝙞𝙣𝙙𝙚𝙚𝙙 𝙩𝙝𝙚 𝙧𝙚𝙖𝙡𝙞𝙩𝙮, 𝙩𝙝𝙚𝙣 𝙩𝙝𝙚 𝘼𝙣𝙬𝙖𝙧 𝙜𝙤𝙫𝙚𝙧𝙣𝙢𝙚𝙣𝙩 𝙬𝙤𝙪𝙡𝙙 𝙛𝙖𝙘𝙚 𝙩𝙝𝙧𝙚𝙚 𝙨𝙪𝙧𝙫𝙞𝙫𝙖𝙡 𝙩𝙝𝙧𝙚𝙖𝙩𝙨 𝙬𝙞𝙩𝙝𝙞𝙣 𝙖 𝙮𝙚𝙖𝙧, 𝙩𝙬𝙤 𝙞𝙣𝙫𝙤𝙡𝙫𝙞𝙣𝙜 𝙕𝙖𝙝𝙞𝙙’𝙨 𝙤𝙬𝙣 𝙨𝙪𝙧𝙫𝙞𝙫𝙖𝙡.

The first is the 𝐔𝐦𝐧𝐨 𝐩𝐚𝐫𝐭𝐲 𝐞𝐥𝐞𝐜𝐭𝐢𝐨𝐧 which must be held by May 19, 2023, at the latest.

The second is the 𝐜𝐨𝐮𝐫𝐭 𝐯𝐞𝐫𝐝𝐢𝐜𝐭 𝐨𝐧 𝐙𝐚𝐡𝐢𝐝’s Yayasan Akalbudi embezzlement case, which may come before or after the party election.

The third is the 𝐦𝐢𝐝-𝐭𝐞𝐫𝐦 𝐬𝐭𝐚𝐭𝐞 𝐞𝐥𝐞𝐜𝐭𝐢𝐨𝐧 for the six Pakatan Harapan and Perikatan Nasional (PN) states, which may happen latest by September but possibly earlier.

If DPM Zahid is so indispensable to the Anwar government, what happens if Zahid loses the party election or gets convicted? And to avoid the new government collapsing because of Zahid, should he be allowed to use government resources to win the party election?

Should even the Attorney General’s Chamber withdraw Zahid's cases or somehow use the wrong litigation strategy to lose its case against Zahid?

If either or both of these happen, would the apologists also tell us that these are also the “bitter pills” that we have to swallow if we want the Harapan 2.0 government to survive?

_ _ _ _ _ _ _ _ _ _ _ _ _ _ _ _ _ _ _ _ _ _ _ _ _ 

𝐃𝐨𝐧’𝐭 𝐜𝐡𝐚𝐥𝐥𝐞𝐧𝐠𝐞 𝐭𝐡𝐞 𝐦𝐢𝐝𝐝𝐥𝐞-𝐠𝐫𝐨𝐮𝐧𝐝 𝐯𝐨𝐭𝐞𝐫𝐬

𝙄𝙛 𝙪𝙣𝙛𝙤𝙧𝙩𝙪𝙣𝙖𝙩𝙚𝙡𝙮, 𝙩𝙝𝙚 𝘼𝙣𝙬𝙖𝙧 𝙜𝙤𝙫𝙚𝙧𝙣𝙢𝙚𝙣𝙩 𝙙𝙤𝙚𝙨 𝙩𝙝𝙞𝙣𝙠 𝙩𝙝𝙖𝙩 𝙞𝙩 𝙞𝙨 𝙨𝙤 𝙙𝙚𝙨𝙥𝙚𝙧𝙖𝙩𝙚 𝙛𝙤𝙧 𝙛𝙚𝙖𝙧 𝙤𝙛 𝙖 𝙎𝙝𝙚𝙧𝙖𝙩𝙤𝙣 2.0, 𝙮𝙚𝙩 𝙨𝙤 𝙥𝙤𝙬𝙚𝙧𝙛𝙪𝙡 𝙩𝙝𝙖𝙩 𝙞𝙩 𝙘𝙖𝙣 𝙞𝙜𝙣𝙤𝙧𝙚 𝙩𝙝𝙚 𝙥𝙪𝙗𝙡𝙞𝙘 𝙖𝙣𝙜𝙚𝙧, 𝙞𝙩 𝙢𝙞𝙜𝙝𝙩 𝙝𝙖𝙫𝙚 𝙧𝙚𝙖𝙙 𝙩𝙝𝙚 𝙂𝙀15 𝙧𝙚𝙨𝙪𝙡𝙩 𝙫𝙚𝙧𝙮 𝙬𝙧𝙤𝙣𝙜𝙡𝙮.

Compared to its 16 percent and 17 percent vote share in the Malacca and Johor state elections, PN had surged to a whopping 30 percent in GE15, eliminating Umno in all five northern states from Terengganu to Penang and grabbing Harapan constituencies from Permatang Pauh to Kuantan.

Is this strong swing towards PN a permanent shift? More likely, it was the angry anti-Zahid middle ground at work, benefiting PN amongst Malay-majority constituencies and Harapan in ethnically mixed constituencies.

This was much the product of automatic voter registration (AVR) and the lowering of the voting age to 18, bringing in some seven million new voters.

Now that all adult Malaysians can go to vote, without having to register themselves as voters and wait for several months, 𝙥𝙤𝙡𝙞𝙩𝙞𝙘𝙖𝙡 𝙥𝙖𝙧𝙩𝙞𝙚𝙨 𝙖𝙧𝙚 𝙖𝙩 𝙩𝙝𝙚 𝙢𝙚𝙧𝙘𝙮 𝙤𝙛 𝙖𝙣𝙜𝙧𝙮 𝙫𝙤𝙩𝙚𝙧𝙨 𝙬𝙝𝙤 𝙘𝙖𝙣 𝙜𝙤 𝙤𝙪𝙩 𝙖𝙩 𝙖𝙣𝙮 𝙩𝙞𝙢𝙚 𝙩𝙤 𝙥𝙪𝙣𝙞𝙨𝙝 𝙥𝙤𝙡𝙞𝙩𝙞𝙘𝙞𝙖𝙣𝙨 𝙖𝙣𝙙 𝙥𝙖𝙧𝙩𝙞𝙚𝙨 𝙩𝙝𝙖𝙩 𝙤𝙛𝙛𝙚𝙣𝙙 𝙩𝙝𝙚𝙢.

So far, Anwar has done all the right things, from rejecting the new Mercedes S600, to reaching out to senior civil servants, to promising no award of projects without tendering.

And the public has shown patience and understanding – for example, the Kuala Lumpur and Selangor Chinese Assembly Hall’s call to leave the thorny issue of UEC recognition to time was popularly praised in the Chinese community, denying PN a weapon to instigate inter-communal contention.

How would the public take it if Zahid is made his deputy? Have his apologists done any surveys to gauge public sentiment on this?

For four years, partly thanks to former prime minister Dr Mahathir Mohamad’s contemptuous attitude towards manifestos, Harapan’s failure in realising its electoral promises was conveniently framed by its opponents as “rakyat kena kencing” (the people get peed upon/cheated).

𝘼𝙧𝙚 𝙃𝙖𝙧𝙖𝙥𝙖𝙣 𝙥𝙖𝙧𝙩𝙞𝙚𝙨 𝙧𝙚𝙖𝙙𝙮 𝙩𝙤 𝙙𝙚𝙛𝙚𝙣𝙙 𝘿𝙋𝙈 𝙕𝙖𝙝𝙞𝙙 𝙬𝙝𝙚𝙣 𝙋𝙉 𝙛𝙡𝙤𝙤𝙙𝙨 𝙏𝙞𝙠𝙩𝙤𝙠, 𝙄𝙣𝙨𝙩𝙖𝙜𝙧𝙖𝙢, 𝙒𝙝𝙖𝙩𝙨𝘼𝙥𝙥 𝙖𝙣𝙙 𝙁𝙖𝙘𝙚𝙗𝙤𝙤𝙠 𝙤𝙣 𝙩𝙝𝙞𝙨?

_ _ _ _ _ _ _ _ _ _ _ _ _ _ _ _ _ _ _ _ _ _ _ _ _ 

𝐇𝐨𝐰 𝐭𝐨 𝐤𝐞𝐞𝐩 𝐔𝐦𝐧𝐨 𝐢𝐧 𝐠𝐨𝐯𝐞𝐫𝐧𝐦𝐞𝐧𝐭 𝐟𝐨𝐫 𝐟𝐢𝐯𝐞 𝐲𝐞𝐚𝐫𝐬?

Yes, the Harapan 2.0 government cannot afford to have Umno walk out on it like what Bersatu did to Harapan 1.0. Instead of filling the vacuum left by Umno, Borneo parties may even join the bandwagon.

To avoid this, Anwar needs to do 𝐭𝐡𝐫𝐞𝐞 𝐭𝐡𝐢𝐧𝐠𝐬.

First, Harapan must 𝙝𝙤𝙡𝙙 𝙤𝙣 𝙩𝙤 𝙩𝙝𝙚 𝙨𝙪𝙥𝙥𝙤𝙧𝙩 𝙤𝙛 𝙢𝙞𝙙𝙙𝙡𝙚 𝙈𝙖𝙡𝙖𝙮𝙨𝙞𝙖 by delivering on governance and reforms and responding aptly to any crisis. When the government is popular, no party would want to leave and be defeated as its opponent in an election.

Conversely, if the government becomes unpopular, staying out will be a good damage control measure for some government parties.

Second, Harapan must enter 𝙛𝙤𝙧𝙢𝙖𝙡 𝙘𝙤𝙖𝙡𝙞𝙩𝙞𝙤𝙣 𝙖𝙜𝙧𝙚𝙚𝙢𝙚𝙣𝙩𝙨 – a multilateral one or many bilateral ones - with not just Umno, but also GPS, GRS, Warisan and all other partners, which should be 𝙙𝙚𝙥𝙤𝙨𝙞𝙩𝙚𝙙 𝙞𝙣 𝙋𝙖𝙧𝙡𝙞𝙖𝙢𝙚𝙣𝙩 as was done with the memorandum of understanding between the Ismail Sabri Yaakob government and Harapan.

(For examples of coalition agreements, McGuinness Institute has a complete collection of those in New Zealand.)

This would bind Umno and further strengthen the new constitutional convention that post-election coalition government is formed via inter-party negotiation, and not through collections of statutory declarations. This is the best bet for Harapan rather than counting on Zahid’s re-election as party president.

Third and the most challenging task, Harapan must make it 𝙖 𝙜𝙤𝙤𝙙 𝙙𝙚𝙖𝙡 𝙛𝙤𝙧 𝙐𝙢𝙣𝙤 𝙩𝙤 𝙨𝙩𝙖𝙮 in the coalition government for five years, instead of joining PAS and Bersatu as junior partners or forcing a snap election.

This requires a genuine commitment to help Umno rebuild its brand as Harapan’s friendly competitor. 𝙄𝙛 𝙐𝙢𝙣𝙤 𝙞𝙨 𝙖𝙗𝙨𝙤𝙧𝙗𝙚𝙙 as the Malay-nationalist party in Harapan – Bersatu’s old role in Harapan 1.0, 𝙩𝙝𝙚𝙣 𝙃𝙖𝙧𝙖𝙥𝙖𝙣 𝙖𝙣𝙙 𝙐𝙢𝙣𝙤 𝙢𝙖𝙮 𝙨𝙪𝙛𝙛𝙚𝙧 𝙛𝙧𝙤𝙢 𝙤𝙣𝙚 𝙤𝙛 𝙩𝙝𝙚 𝙩𝙬𝙤 𝙪𝙣𝙞𝙣𝙩𝙚𝙣𝙙𝙚𝙙 𝙘𝙤𝙣𝙨𝙚𝙦𝙪𝙚𝙣𝙘𝙚𝙨:

1. 𝙐𝙢𝙣𝙤 𝙝𝙖𝙨 𝙩𝙤 𝙪𝙣𝙙𝙚𝙧𝙡𝙞𝙣𝙚 𝙞𝙩𝙨 𝙈𝙖𝙡𝙖𝙮-𝙈𝙪𝙨𝙡𝙞𝙢 𝙣𝙖𝙩𝙞𝙤𝙣𝙖𝙡𝙞𝙨𝙩 𝙘𝙧𝙚𝙙𝙚𝙣𝙩𝙞𝙖𝙡 𝙗𝙮 𝙘𝙡𝙖𝙨𝙝𝙞𝙣𝙜 𝙬𝙞𝙩𝙝 𝘿𝘼𝙋 𝙖𝙣𝙙 𝙋𝙆𝙍 𝙬𝙞𝙩𝙝𝙞𝙣 𝙩𝙝𝙚 𝙚𝙣𝙡𝙖𝙧𝙜𝙚𝙙 𝙃𝙖𝙧𝙖𝙥𝙖𝙣; 𝙤𝙧  

2. 𝙋𝙉 𝙚𝙖𝙨𝙞𝙡𝙮 𝙢𝙤𝙣𝙤𝙥𝙤𝙡𝙞𝙨𝙚𝙨 𝙩𝙝𝙚 𝙈𝙖𝙡𝙖𝙮-𝙈𝙪𝙨𝙡𝙞𝙢 𝙣𝙖𝙩𝙞𝙤𝙣𝙖𝙡𝙞𝙨𝙩 𝙢𝙖𝙧𝙠𝙚𝙩 𝙖𝙨 𝙐𝙢𝙣𝙤 𝙡𝙤𝙨𝙚𝙨 𝙞𝙩𝙨 𝙞𝙙𝙚𝙣𝙩𝙞𝙩𝙮 𝙫𝙞𝙨-à-𝙫𝙞𝙨 𝙃𝙖𝙧𝙖𝙥𝙖𝙣.

The only viable way out for Umno might be a technocratic reinvention so that it can regain its conservative base and compete against both PN and Harapan.

𝘼𝙨 𝙡𝙤𝙣𝙜 𝙖𝙨 𝙐𝙢𝙣𝙤 𝙨𝙚𝙚𝙨 𝙖 𝙝𝙞𝙜𝙝𝙚𝙧 𝙘𝙝𝙖𝙣𝙘𝙚 𝙤𝙛 𝙬𝙞𝙣𝙣𝙞𝙣𝙜 𝙗𝙖𝙘𝙠 27 𝙨𝙚𝙖𝙩𝙨 𝙡𝙤𝙨𝙩 𝙩𝙤 𝙋𝘼𝙎 𝙖𝙣𝙙 𝘽𝙚𝙧𝙨𝙖𝙩𝙪 𝙩𝙝𝙖𝙣 𝙩𝙝𝙖𝙩 𝙤𝙛 𝙬𝙧𝙚𝙨𝙩𝙞𝙣𝙜 18 𝙨𝙚𝙖𝙩𝙨 𝙛𝙧𝙤𝙢 𝙋𝙆𝙍 𝙖𝙣𝙙 𝘼𝙢𝙖𝙣𝙖𝙝, 𝙣𝙤 𝙣𝙚𝙬 𝙐𝙢𝙣𝙤 𝙡𝙚𝙖𝙙𝙚𝙧𝙨𝙝𝙞𝙥 𝙬𝙤𝙪𝙡𝙙 𝙬𝙖𝙣𝙩 𝙩𝙤 𝙡𝙚𝙖𝙫𝙚 𝙃𝙖𝙧𝙖𝙥𝙖𝙣 𝙚𝙖𝙧𝙡𝙮. This is simply realism at work.

And if the Umno party election can be fought on how Umno should carve out a distinct identity while staying on in the Harapan government, the new government is safe.

However, if it descends into a proxy fight between pro-Harapan and pro-PN factions, the pro-Harapan faction may just go down with Zahid, which is widely blamed by the Umno grassroots.

It is silly to think that Umno deputy president Mohamad Hasan should not be made DPM because he did not side with Harapan in the government formation struggle. If he is made DPM and that keeps him powerful in Umno and the party hopeful in GE16, he would keep Umno in the new government for as long as it needs.

WONG CHIN HUAT is an Essex-trained political scientist at Sunway University. He is a professor at the university’s Sustainable Development Solutions Network (SDSN) Asia. Mindful of humans’ self-interest motivation while pursuing a better world, he is a principled opportunist.",https://www.facebook.com/chinhuatw.owl/posts/pfbid0jXCUKLqEFY5caChCTyRA7aTPumRNLgS3PLzkdmE5UfXsPUC2eL4NMJKCJVz7StZ8l,,,neutral,,0,0,0,0,0.5,0,0.0,,,neutral,0.8774469494819641,english,Mixed/Urban,anger,0.3179783225059509,0.17080891132354736,0.1589699238538742,0.09871884435415268,0.06833216547966003,0.027131855487823486
facebook,post,514886526669341,"Media Statement by Dr. Ong Kian Ming, Member of Parliament for Bangi and Assistant Political Education Director for the Democratic Action Party (DAP) on the 14th of March 2022

Keeping options flexible for Pakatan Harapan (PH) moving ahead

The Barisan Nasional (BN) won 40 out of 56 state seats (71%) to win the Johor elections with more than 2/3rds of total seats. While I was mistaken in my earlier statement issued on the 10th of March stating that there was no clear front runner, I was right that there were many seats that were too close to call.  BN’s dominant performance in terms of the number of seats it won hides the reality that it won less than 45% of total votes (from 37.9% in GE14 to 43.2% in PRN 2022 or a 5.3% increase) which means that the combined opposition vote was more than 55% of total votes. In fact, the combined vote of PH (including MUDA) and Perikatan Nasional (PN) of approximately 750k outnumbered BN’s votes of approximately 600k by 150k. (Table 1 below)

Unfortunately, unlike GE14 where the inclusion of PAS in a multi-corner fight probably helped PH win a few marginal seats in Johor, the presence of a much stronger BERSATU together with PAS in Muhyiddin’s home state helped draw a significant proportion of Malay votes away from PH but not by enough to allow PN to win more seats despite it picking up 24.2% of the popular vote. In the end, it was the BN who benefitted this time from the multi-corner fights.

To put this into proper perspective, out of the 40 seats that were won by the BN, 20 or half were won with less than 50% of the popular vote!

What do the latest election results in Johor mean for the opposition, especially PH, which is still the largest and most influential opposition coalition? My proposal is for PH to adopt a flexible approach moving ahead in the following three areas – flexibility in our negotiation strategies with other opposition parties and coalitions at the state and federal levels, flexibility in our campaign strategies and flexibility in our timeline for GE15.

Flexibility in our negotiation strategies with other opposition parties

In light of the vote splitting among the various opposition parties and coalitions which allowed the BN to win a disproportionate % of seats in Melaka and Johor, there is obviously a need for the opposition parties to sit down and discuss various pacts and formulations for GE15. There is little point of “killing each other” on the electoral battlefield to prove who is the strongest opposition party only to end up making BN stronger than it actually is. But getting the opposition parties to sit down to talk to one another is not so straightforward because of the mutual distrust and dislike which currently exists whether it is from a party to party (PAS vs DAP, BERSATU versus PKR) or person to person (Tun M versus Anwar, Azmin’s faction in BERSATU versus the PKR leadership, Shafie Apdal versus Anwar, Hadi versus Guan Eng, just to name a few) standpoint. This is why a flexible approach has to be adopted by PH, as the largest opposition block. Discussions may take place on an informal basis on some form of electoral pact perhaps starting at the state levels to avoid 3 corner fights in seats with opposition incumbents. PH may, for example, promise not to field any candidates in the Pagoh and Mersing parliamentary seats (both BERSATU seats) and PN in return will agree not to field any candidates in Johor Bahru, Pulai and Iskandar Puteri (all PH seats). After PEJUANG’s disastrous showing in Johor where all of their candidates lost their deposits, it may make sense for this party to focus its efforts in Kedah and some of the other northern / eastern states where it has better grassroot support. WARISAN too may want to rethink its strategy of contesting in Peninsular Malaysia and put its focus back on Sabah.

Some multi-corner fights will probably be inevitable, but the basic idea here is to minimize the number of contests with opposition MPs as incumbents, whether they are from PN or PH.

In a way, PH was already adopting a flexible approach in part of this negotiation strategy. PH agreed that PKR would use its own logo / flag while DAP and AMANAH would campaign using the Harapan logo. PH also negotiated to give way to MUDA to contest in 6 state seats. Unfortunately, negotiations could not prevent MUDA and PKR from going against each other in N44 Larkin which was eventually won by the BN with 42% of the popular vote. Despite MUDA’s decision on contest in Larkin, this did not prevent PH from working together and campaigning with MUDA in some key seats including N5 Tenang, N50 Bukit Permai and N41 Puteri Wangsa (which was won by MUDA with 45% of the popular vote).

The same flexible approach should be taken in the approach towards GE15 but on a much larger stage involving much more complicated arrangements at the state and federal levels.

Flexibility in our campaign strategies

PH largely depended on large scale ‘ceramahs’ and the anti-1MDB, anti-Najib, anti-GST platforms to win GE14. We cannot depend on the same strategy if we want to have any chance to pull off a surprise win in GE15. We have to be able to employ strategies to win even in relatively low turnout and small ceramah crowd settings. This means beefing up our ground operations to do outreach to smaller groups of voters including resident associations, petty traders and hawkers, business chambers and SME associations and sports clubs, just to name a few. The personal touch of each individual candidate must be felt among different voter groups. The track record of each candidate, especially incumbents, should be highlighted in an impactful manner including via social media and personal narratives from people who have been helped by the candidate. The positive record of the PH state governments in Penang, Selangor and Negeri Sembilan needs to be highlighted to voters in other states.

More effective and creative ways of campaigning via social media including through viral videos of candidates explaining and showing their track record and aspirations to different groups of voters. Election promises or offerings to voters must be presented in more compelling and concrete ways that goes beyond a powerpoint presentation. 

At the same time, the more traditional campaign model of having ceramahs should continue, especially if we anticipate COVID related restrictions to be lifted after the 1st of April 2022. Mobilisation for great turnout especially among outstation voters and first-time voters must be done via different channels including personal appeals by family members.

Again, PH was already doing some of this in the Johor state elections but as the election results clearly show, more needs to be done.

Flexibility in our timeline for GE15

Finally, PH needs to be flexible in our timeline in anticipation of GE15. It is likely that with the strong performance in Johor, BN / UMNO will be pushing for a dissolution of parliament and a General Elections soon after the Hari Raya celebrations in May 2022. GE15 may come as soon as June 2022. We need to prepare for a June GE15 by starting the negotiations with other opposition parties / coalitions and doing the necessary groundwork now.

But at the same time, we should also be pursuing other options including extending the MOU (MOU 2.0) with Ismail Sabri’s government to beyond July 2022 as was suggested by Anthony Loke recently. This will give more time for the economy to recover and to fully open up as we move into the endemic phase of the COVID economy after the 1st of April 2022.

Being flexible does not mean we don’t have a concrete plan

Some of our supporters may not agree with my proposed approach in that it is lacking a clear direction moving forward. But the reality of politics post GE14 and post Sheraton move is that each party and coalition must be open to explore different options and configurations. In a political and economic environment that is as complex as what the country and the world is facing today, we as political leaders must do the hard work of thinking and acting strategically and then explain our actions to our supporters and to the larger public. We must avoid resorting to knee-jerk reactions and responding to immediate populist sentiment that may go against longer term interests of the opposition and also the country as a whole. For example, if PH had signed some sort of MOU with Muhyiddin last year to keep him as Prime Minister until 2023, UMNO may not have instigated the state elections in Melaka and Johor. We would definitely not have an UMNO Prime Minister who is too weak to stand up to Zahid Hamidi, his President, and Najib Razak, his former President.

Being flexible in our approach does not mean we do not have any concrete plans. On the contrary, it means that we have to have multiple concrete plans for different scenarios that may take place. Many PH leaders have criticised the post Sheraton move governments under Muhyiddin and Ismail Sabri for repeating the same policies of COVID related lockdowns but expecting different results. We should take note of our own criticism and realize that if we carry out the same strategies as before, we would be guilty of taking the same path of repeating the same moves and expecting different electoral outcomes.",https://www.facebook.com/ongkianming/posts/pfbid0aaLjBESsjG5cMLVk4buCay8e9hQHZsNCTqnJUoobocs7KmUAyUXsvZznRL6PWwf9l,,,neutral,,0,0,0,0,0.5,0,0.0,,,neutral,0.8571611642837524,english,Mixed/Urban,no_clear_emotion,0.04721986502408981,0.06583915650844574,0.30412495136260986,0.024341540411114693,0.16565392911434174,0.03919736668467522
facebook,post,3842338105991467,"Umno Denies Bribing Ex-Bersatu Reps To Defect

Umno did not offer any gifts or rewards to the two Johor Bersatu state assemblypersons who left the party, said party secretary-general Ahmad Maslan.

Ahmad, who is also Pontian MP, said that so far they had yet to receive any applications from the two individuals to join Umno.

""No gifts were promised, they quit Bersatu voluntarily and with a clear conscience, without us promising them anything… it was of their own free will.

""However, we thank them for their support for Menteri Besar (Hasni Mohammad) and BN,” he told reporters after attending a meeting with the Malaysia Makkal Sakti Party in Johor Bahru today that was also attended by Makkal Sakti president RS Thanenthiran.

Ahmad said this when asked if the two former Bersatu assemblypersons had applied to join Umno after announcing their resignation from the party.

On Thursday (Jan 27), former Puteri Wangsa assemblyperson Mazlan Bujang, who was also the state education, information, heritage and culture committee chairperson, announced his resignation as the party's Tebrau division chief and quit the party with immediate effect.

Yesterday, former Larkin assemblyperson Mohd Izhar Ahmad, who is also state investment, entrepreneur development, cooperatives and human resources committee chairperson, announced that he had quit the party with immediate effect.

Commenting on PAS and Bersatu contesting in the coming Johor state election as Perikatan Nasional (PN), Ahmad said he wasn't surprised as it was expected.

""Seems like they are repeating what happened in Malacca, so in the political dynamics, we are surely ready for any eventualities. Prior to this, we did not say that the Muafakat Nasional cooperation was final, but yesterday when PAS joined Bersatu in PN, I don't see any space (for collaboration).

""Whatever it is, we must continue to work hard and not be overconfident,” he said.

Yesterday, PN chairperson Muhyiddin Yassin, after the Muzakarah PAS Bersatu 2022, said that PAS and Bersatu would contest in the Johor polls under PN and all component parties would also use the coalition's logo in the election.",https://www.facebook.com/UrbanLites/posts/pfbid0M7AHyYpy6toAjyFkVW3YfNjzmUHaZhH3mcKSfa6tMBWDsBpnUEziRivKr3QXEvNzl,,,neutral,,0,0,0,0,0.5,0,0.0,,,neutral,0.7246400713920593,english,Mixed/Urban,surprise,0.027175037190318108,0.27299872040748596,0.2096719890832901,0.048180144280195236,0.03937006741762161,0.2936662435531616
facebook,post,152875577132548,"𝐂𝐎𝐌𝐌𝐄𝐍𝐓 | 𝐒𝐡𝐨𝐮𝐥𝐝 𝐚𝐥𝐥 𝐨𝐩𝐩𝐨𝐬𝐢𝐭𝐢𝐨𝐧 𝐩𝐚𝐫𝐭𝐢𝐞𝐬 𝐮𝐧𝐢𝐭𝐞? 𝐍𝐨!
𝙒𝙤𝙣𝙜 𝘾𝙝𝙞𝙣 𝙃𝙪𝙖𝙩 | 𝙈𝙖𝙡𝙖𝙮𝙨𝙞𝙖𝙠𝙞𝙣𝙞 | 16 𝙈𝙖𝙧 2022

COMMENT | What can be worse than denying one’s illness and rejecting treatment? Grabbing whatever medicine in desperation.

Immediately after the Johor polls, opposition supporters counted 20 seats that BN could have lost if the opposition parties had pooled their votes under one candidate.

In 19 constituencies, the combined votes of Perikatan Nasional, Pakatan Harapan and Muda beat BN.

Only in the 20th constituency, Parit Raja, PN-Bersatu and Muda would need Pejuang’s tiny 2.38 percent to beat BN’s 49.57 percent. All other parties - Warisan, PBM, PSM and Putra – are electorally irrelevant.

So, the diagnosis and prescription for the opposition are straightforward: they lost because they are divided, and they will win if they can unite again. Soon after, opposition politicians also talk about ‘big tent’.

𝘐𝘴 𝘪𝘵 𝘳𝘦𝘢𝘭𝘭𝘺 𝘢 𝘨𝘰𝘰𝘥 𝘪𝘥𝘦𝘢 𝘧𝘰𝘳 𝘢𝘭𝘭 𝘰𝘱𝘱𝘰𝘴𝘪𝘵𝘪𝘰𝘯 𝘱𝘢𝘳𝘵𝘪𝘦𝘴 𝘵𝘰 𝘬𝘪𝘴𝘴 𝘢𝘯𝘥 𝘮𝘢𝘬𝘦 𝘶𝘱, 𝘵𝘩𝘦𝘯 𝘱𝘶𝘵 𝘶𝘱 𝘰𝘯𝘦 𝘤𝘰𝘮𝘮𝘰𝘯 𝘤𝘢𝘯𝘥𝘪𝘥𝘢𝘵𝘦 𝘪𝘯 𝘦𝘢𝘤𝘩 𝘤𝘰𝘯𝘴𝘵𝘪𝘵𝘶𝘦𝘯𝘤𝘺? 𝑫𝒆𝒇𝒊𝒏𝒊𝒕𝒆𝒍𝒚 𝒏𝒐.

𝐀𝐧𝐲𝐭𝐡𝐢𝐧𝐠 𝐛𝐮𝐭 𝐔𝐦𝐧𝐨?

The idea that opposition parties can and must unite is much framed by the politics of the “two coalition system” since 1990. It assumes that opposition voters resist Umno more than other opposition parties. In short, Anything But Umno (ABU).

Driven by the ABU spirit, DAP and PAS embraced Umno top rebels from Tengku Razaleigh Hamzah (Save Malaysia 1.0) and Anwar Ibrahim, and under their leadership and intermediation, embraced each other. In 2017, DAP and PKR embraced Dr Mahathir Mohamad who sent their leaders to jail (Save Malaysia 2.0).

 Those realignments were not easy but they happened nevertheless. And the last realignment even dislodged Umno’s 61-year rule. So, for some politicians and pundits, the opposition parties should just bury their grudges and stage another ABU realignment.

𝑻𝒉𝒆𝒚 𝒑𝒆𝒓𝒉𝒂𝒑𝒔 𝒇𝒐𝒓𝒈𝒐𝒕 𝒕𝒉𝒆 𝒕𝒘𝒐 𝒇𝒂𝒗𝒐𝒖𝒓𝒂𝒃𝒍𝒆 𝒄𝒐𝒏𝒅𝒊𝒕𝒊𝒐𝒏𝒔 𝒕𝒉𝒂𝒕 𝒎𝒂𝒅𝒆 𝒕𝒉𝒆 𝒑𝒓𝒆𝒗𝒊𝒐𝒖𝒔 𝑨𝑩𝑼 𝒓𝒆𝒂𝒍𝒊𝒈𝒏𝒎𝒆𝒏𝒕𝒔 𝒘𝒐𝒓𝒌 𝒘𝒉𝒊𝒄𝒉 𝒏𝒐 𝒍𝒐𝒏𝒈𝒆𝒓 𝒆𝒙𝒊𝒔𝒕𝒔. 𝑭𝒊𝒓𝒔𝒕, 𝑼𝒎𝒏𝒐 𝒘𝒂𝒔 𝒘𝒆𝒂𝒌 𝒂𝒏𝒅 𝒔𝒑𝒍𝒊𝒕. 𝑺𝒆𝒄𝒐𝒏𝒅, 𝒕𝒉𝒆 𝒐𝒑𝒑𝒐𝒔𝒊𝒕𝒊𝒐𝒏 𝒘𝒂𝒔 𝒏𝒆𝒗𝒆𝒓 𝒆𝒍𝒆𝒄𝒕𝒆𝒅, 𝒉𝒆𝒏𝒄𝒆, 𝒂𝒏 𝒖𝒏𝒌𝒏𝒐𝒘𝒏 𝒘𝒐𝒓𝒕𝒉𝒚 𝒐𝒇 𝒕𝒓𝒚𝒊𝒏𝒈.

𝑵𝒐𝒘, 𝒏𝒐𝒕𝒘𝒊𝒕𝒉𝒔𝒕𝒂𝒏𝒅𝒊𝒏𝒈 𝒕𝒉𝒆 𝒔𝒑𝒍𝒊𝒕 𝒃𝒆𝒕𝒘𝒆𝒆𝒏 𝑷𝒖𝒕𝒓𝒂𝒋𝒂𝒚𝒂 𝒂𝒏𝒅 𝑷𝑾𝑻𝑪, 𝑼𝒎𝒏𝒐 𝒊𝒔 𝒎𝒐𝒓𝒆 𝒖𝒏𝒊𝒕𝒆𝒅 𝒕𝒉𝒂𝒏 𝒕𝒉𝒆 𝒐𝒑𝒑𝒐𝒔𝒊𝒕𝒊𝒐𝒏. 𝑨𝒍𝒍 𝒕𝒉𝒆 𝒄𝒐𝒏𝒕𝒓𝒂𝒅𝒊𝒄𝒕𝒊𝒐𝒏𝒔 𝒃𝒆𝒕𝒘𝒆𝒆𝒏 𝑫𝑨𝑷 𝒂𝒏𝒅 𝑷𝑨𝑺 𝒂𝒏𝒅 𝒃𝒆𝒕𝒘𝒆𝒆𝒏 𝑷𝑲𝑹 𝒂𝒏𝒅 𝑩𝒆𝒓𝒔𝒂𝒕𝒖 𝒕𝒉𝒂𝒕 𝒕𝒐𝒓𝒏 𝒂𝒑𝒂𝒓𝒕 𝒃𝒐𝒕𝒉 𝒕𝒉𝒆 𝑷𝒂𝒌𝒂𝒕𝒂𝒏 𝑹𝒂𝒌𝒚𝒂𝒕 𝒂𝒏𝒅 𝑯𝒂𝒓𝒂𝒑𝒂𝒏 𝒄𝒐𝒂𝒍𝒊𝒕𝒊𝒐𝒏𝒔 𝒂𝒓𝒆 𝒏𝒐𝒕 𝒓𝒆𝒔𝒐𝒍𝒗𝒆𝒅.

𝘚𝘰, 𝘸𝘩𝘺 𝘴𝘩𝘰𝘶𝘭𝘥 𝘵𝘩𝘦 𝘷𝘰𝘵𝘦𝘳𝘴 𝘢𝘤𝘤𝘦𝘱𝘵 𝘢𝘯𝘰𝘵𝘩𝘦𝘳 𝘳𝘰𝘶𝘯𝘥 𝘰𝘧 𝘳𝘦𝘢𝘭𝘪𝘨𝘯𝘮𝘦𝘯𝘵? 𝘈𝘉𝘜? 𝘚𝘢𝘷𝘦 𝘔𝘢𝘭𝘢𝘺𝘴𝘪𝘢 3.0?

𝐕𝐨𝐭𝐞𝐫𝐬 𝐰𝐡𝐨 𝐝𝐨𝐧’𝐭 𝐟𝐨𝐥𝐥𝐨𝐰 𝐩𝐚𝐫𝐭𝐢𝐞𝐬

𝑩𝒆𝒉𝒊𝒏𝒅 𝒕𝒉𝒆 𝒊𝒅𝒆𝒂 𝒐𝒇 𝒕𝒉𝒆 𝑨𝑩𝑼 𝒃𝒊𝒈 𝒕𝒆𝒏𝒕 𝒊𝒔 𝒕𝒉𝒂𝒕 𝒗𝒐𝒕𝒆𝒓𝒔 𝒄𝒂𝒏 𝒃𝒆 𝒎𝒐𝒃𝒊𝒍𝒊𝒔𝒆𝒅 𝒃𝒚 𝒂𝒏𝒈𝒆𝒓 𝒂𝒈𝒂𝒊𝒏𝒔𝒕 𝑩𝑵-𝑼𝒎𝒏𝒐, 𝒘𝒉𝒊𝒄𝒉 𝒓𝒆𝒑𝒓𝒆𝒔𝒆𝒏𝒕𝒔, 𝒃𝒆𝒚𝒐𝒏𝒅 𝒄𝒐𝒓𝒓𝒖𝒑𝒕𝒊𝒐𝒏, 𝒅𝒊𝒇𝒇𝒆𝒓𝒆𝒏𝒕 𝒆𝒗𝒊𝒍𝒔 𝒕𝒐 𝒅𝒊𝒇𝒇𝒆𝒓𝒆𝒏𝒕 𝒄𝒐𝒎𝒎𝒖𝒏𝒊𝒕𝒊𝒆𝒔: 𝒕𝒐𝒐 𝑴𝒂𝒍𝒂𝒚-𝒄𝒆𝒏𝒕𝒓𝒊𝒄 𝒂𝒏𝒅 𝒏𝒐𝒕 𝑴𝒂𝒍𝒂𝒚-𝒄𝒆𝒏𝒕𝒓𝒊𝒄 𝒆𝒏𝒐𝒖𝒈𝒉, 𝒕𝒐𝒐 𝑰𝒔𝒍𝒂𝒎𝒊𝒔𝒕 𝒂𝒏𝒅 𝒕𝒐𝒐 𝒔𝒆𝒄𝒖𝒍𝒂𝒓.

𝑴𝒐𝒓𝒆 𝒕𝒉𝒂𝒏 𝒕𝒉𝒂𝒕, 𝒕𝒉𝒆𝒔𝒆 𝒂𝒏𝒈𝒓𝒚 𝒗𝒐𝒕𝒆𝒓𝒔 𝒕𝒓𝒖𝒔𝒕 𝒂𝒏𝒅 𝒇𝒐𝒍𝒍𝒐𝒘 𝒕𝒉𝒆𝒊𝒓 𝒑𝒂𝒓𝒕𝒚 𝒍𝒆𝒂𝒅𝒆𝒓𝒔 𝒔𝒐 𝒎𝒖𝒄𝒉 𝒔𝒐 𝒕𝒉𝒆𝒚 𝒄𝒂𝒏 𝒂𝒍𝒔𝒐 𝒕𝒓𝒖𝒔𝒕 𝒂𝒏𝒅 𝒔𝒖𝒑𝒑𝒐𝒓𝒕 𝒕𝒉𝒆 𝒑𝒂𝒓𝒕𝒊𝒆𝒔 𝒕𝒉𝒆𝒚 𝒇𝒐𝒓𝒎𝒆𝒓𝒍𝒚 𝒉𝒂𝒕𝒆, 𝒇𝒐𝒓 𝒕𝒉𝒆 𝒈𝒓𝒆𝒂𝒕𝒆𝒓 𝒈𝒐𝒐𝒅. 𝑻𝒉𝒊𝒔 𝒂𝒔𝒔𝒖𝒎𝒑𝒕𝒊𝒐𝒏 𝒊𝒔 𝒆𝒎𝒑𝒊𝒓𝒊𝒄𝒂𝒍𝒍𝒚 𝒕𝒓𝒖𝒆, 𝒃𝒖𝒕 𝒊𝒕 𝒅𝒊𝒇𝒇𝒆𝒓𝒔 𝒗𝒂𝒔𝒕𝒍𝒚 𝒂𝒄𝒓𝒐𝒔𝒔 𝒑𝒂𝒓𝒕𝒊𝒆𝒔 𝒂𝒏𝒅 𝒄𝒐𝒎𝒎𝒖𝒏𝒊𝒕𝒊𝒆𝒔.

The ability of PAS to tell its supporters to both “strengthen Muafakat Nasional” (with Umno) and “defend PN” (with Bersatu) without causing them cognitive dissonance is amazing, to say the least.

I remember a private conversation with a prominent economist in early 2018. He believed that DAP should make up with PAS to defeat Umno as Amanah was too weak. I told him that the Chinese would not accept PAS again after its return to hardline Islamisation. He however had great faith in DAP - the Chinese would just follow where DAP goes.

If the economist was right then, the DAP today definitely has lost its magical appeal on Chinese voters. Few have returned to MCA’s fold but many simply stayed out. In Johor, two-thirds of constituencies won by the DAP had lower-than-average turnout. Don’t attribute it to only the pandemic.
 
Increasingly, voters just don’t follow parties. This trend is not limited to - even if not as pronounced as others - Chinese Malaysians. Many other Malaysians, including Malays, are disillusioned. They express their distrust by not voting, unless and until they are seriously provoked by politicians whom they want to vote against.

In Johor, out of the 29 percent new voters, only seven percent were aged 18-20, the remaining 22 percent were products of automatic voter registration. If we can assume the turnout of pre-Undi18 voters in Johor was at 65 percent as in Malacca, then the overall 55 percent turnout rate means only 30 percent for the automatic voter registration and Undi18 new voters.

𝐖𝐡𝐚𝐭 𝐢𝐟 𝐭𝐡𝐞𝐫𝐞 𝐰𝐚𝐬 𝐚 ‘𝐛𝐢𝐠 𝐭𝐞𝐧𝐭’?

To best assess the merit of a ‘big tent’ including both Harapan-Muda and PN, we should look at all the constituencies.

Imagine this big tent with Anwar, Muhyiddin Yassin, Abdul Hadi Awang, Lim Guan Eng and Mohamad Sabu standing on the same stage urging voters to reject Najib Abdul Razak and Umno.

Out of the 20 constituencies that BN won because the opposition votes were split, how many Harapan+Muda voters would support PN (instead of supporting BN or simply abstaining) in the 11 constituencies that PN was the stronger opposition?

Likewise, how many PN supporters would support Harapan (instead of supporting BN or simply abstaining) in the remaining nine constituencies where Harapan+Muda was stronger?
 
Would the making up of Harapan+Muda and PN appear to be too opportunistic and unprincipled to cause at least five percent of the voters to stay at home? If so, Harapan+Muda would lose Bukit Batu, Tangkak, Jementah and Johor Jaya while PN would lose Bukit Kepong.

𝑭𝒖𝒏𝒅𝒂𝒎𝒆𝒏𝒕𝒂𝒍𝒍𝒚, 𝒊𝒔 𝒕𝒉𝒆 𝒍𝒊𝒌𝒆𝒍𝒊𝒉𝒐𝒐𝒅 𝒐𝒇 𝒘𝒊𝒏𝒏𝒊𝒏𝒈 𝒕𝒉𝒆 20 𝒆𝒙𝒕𝒓𝒂 𝒔𝒆𝒂𝒕𝒔 𝒍𝒂𝒓𝒈𝒆𝒓 𝒕𝒉𝒂𝒏 𝒕𝒉𝒆 𝒍𝒊𝒌𝒆𝒍𝒊𝒉𝒐𝒐𝒅 𝒐𝒇 𝒍𝒐𝒔𝒊𝒏𝒈 𝒕𝒉𝒆 5 𝒔𝒆𝒂𝒕𝒔? 𝑻𝒉𝒂𝒕 𝒊𝒏 𝒕𝒖𝒓𝒏 𝒊𝒔 𝒂 𝒒𝒖𝒆𝒔𝒕𝒊𝒐𝒏: 𝒄𝒂𝒏 𝒕𝒉𝒆 𝒐𝒑𝒑𝒐𝒔𝒊𝒕𝒊𝒐𝒏 𝒔𝒕𝒊𝒍𝒍 𝒎𝒐𝒗𝒆 𝒗𝒐𝒕𝒆𝒓𝒔 𝒘𝒊𝒕𝒉 𝑨𝑩𝑼 𝒂𝒏𝒅 𝒐𝒗𝒆𝒓𝒍𝒐𝒐𝒌 𝒕𝒉𝒆𝒊𝒓 𝒐𝒘𝒏 𝒄𝒐𝒏𝒕𝒓𝒂𝒅𝒊𝒄𝒕𝒊𝒐𝒏𝒔?

𝐁𝐚𝐜𝐤 𝐭𝐨 𝐩𝐫𝐞-𝐀𝐁𝐔 𝐨𝐩𝐩𝐨𝐬𝐢𝐭𝐢𝐨𝐧 𝐩𝐨𝐥𝐢𝐭𝐢𝐜𝐬

Perhaps the opposition parties should look back at the pre-1990 era. For three elections from 1978 to 1986, BN in Peninsular Malaysia was sandwiched by PAS on the Malay front and DAP on the non-Malay front.
 
Then, BN faced primarily PAS in Malay heartlands and DAP in Chinese constituencies. Multiethnic constituencies often saw multi-cornered fights with both PAS and DAP taking on BN, not out of enmity but as a tacit pact.

Like it or not, the peninsula politics has reverted to the 1980s, with PN as the expansion of PAS with another Umno splinter partner in Bersatu; and Harapan as the expanded partnership of DAP with three direct and indirect Umno splinters: PKR, Amanah and Muda.

It’s time to bury the two-coalition project and its ‘big tent’ vehicle. Instead of building another unsustainable big tent coalition, it is more practical for both Harapan-Muda and PN to consolidate their base and have selective multi-cornered fights in the 15th general election.

𝑰𝒏𝒔𝒕𝒆𝒂𝒅 𝒐𝒇 𝒕𝒓𝒚𝒊𝒏𝒈 𝒉𝒂𝒓𝒅 𝒕𝒐 𝒘𝒉𝒊𝒑 𝒖𝒑 𝒕𝒉𝒆 𝑨𝑩𝑼 𝒂𝒏𝒈𝒆𝒓, 𝒕𝒉𝒆𝒚 𝒔𝒉𝒐𝒖𝒍𝒅 𝒅𝒆𝒗𝒆𝒍𝒐𝒑 𝒂𝒑𝒑𝒆𝒂𝒍𝒊𝒏𝒈 𝒑𝒐𝒍𝒊𝒄𝒚 𝒔𝒐𝒍𝒖𝒕𝒊𝒐𝒏𝒔 𝒕𝒐 𝒉𝒂𝒏𝒅𝒍𝒆 𝒈𝒍𝒐𝒃𝒂𝒍 𝒄𝒓𝒊𝒔𝒆𝒔 𝒉𝒊𝒕𝒕𝒊𝒏𝒈 𝑴𝒂𝒍𝒂𝒚𝒔𝒊𝒂; 𝒑𝒂𝒏𝒅𝒆𝒎𝒊𝒄, 𝒄𝒍𝒊𝒎𝒂𝒕𝒆 𝒄𝒉𝒂𝒏𝒈𝒆 𝒂𝒏𝒅 𝒘𝒂𝒓, 𝒃𝒐𝒕𝒉 𝒕𝒐 𝒂𝒑𝒑𝒆𝒂𝒍 𝒕𝒐 𝒕𝒉𝒆 𝒎𝒊𝒅𝒅𝒍𝒆 𝒈𝒓𝒐𝒖𝒏𝒅 𝒂𝒏𝒅 𝒑𝒓𝒆𝒑𝒂𝒓𝒆 𝒕𝒉𝒆𝒎𝒔𝒆𝒍𝒗𝒆𝒔 𝒇𝒐𝒓 𝒂𝒏𝒚 𝒑𝒐𝒔𝒕-𝒆𝒍𝒆𝒄𝒕𝒊𝒐𝒏 𝒄𝒐𝒂𝒍𝒊𝒕𝒊𝒐𝒏.

 𝘞𝘖𝘕𝘎 𝘊𝘏𝘐𝘕 𝘏𝘜𝘈𝘛 𝘪𝘴 𝘢𝘯 𝘌𝘴𝘴𝘦𝘹-𝘵𝘳𝘢𝘪𝘯𝘦𝘥 𝘱𝘰𝘭𝘪𝘵𝘪𝘤𝘢𝘭 𝘴𝘤𝘪𝘦𝘯𝘵𝘪𝘴𝘵 𝘸𝘰𝘳𝘬𝘪𝘯𝘨 𝘰𝘯 𝘱𝘰𝘭𝘪𝘵𝘪𝘤𝘢𝘭 𝘪𝘯𝘴𝘵𝘪𝘵𝘶𝘵𝘪𝘰𝘯𝘴 𝘢𝘯𝘥 𝘨𝘳𝘰𝘶𝘱 𝘤𝘰𝘯𝘧𝘭𝘪𝘤𝘵𝘴. 𝘔𝘪𝘯𝘥𝘧𝘶𝘭 𝘰𝘧 𝘩𝘶𝘮𝘢𝘯𝘴' 𝘴𝘦𝘭𝘧-𝘪𝘯𝘵𝘦𝘳𝘦𝘴𝘵 𝘮𝘰𝘵𝘪𝘷𝘢𝘵𝘪𝘰𝘯 𝘸𝘩𝘪𝘭𝘦 𝘱𝘶𝘳𝘴𝘶𝘪𝘯𝘨 𝘢 𝘣𝘦𝘵𝘵𝘦𝘳 𝘸𝘰𝘳𝘭𝘥, 𝘩𝘦 𝘪𝘴 𝘢 𝘱𝘳𝘪𝘯𝘤𝘪𝘱𝘭𝘦𝘥 𝘰𝘱𝘱𝘰𝘳𝘵𝘶𝘯𝘪𝘴𝘵.",https://www.facebook.com/chinhuatw.owl/posts/pfbid023PAZbrFLmVFUu9YoiMxRjoPmpZGCBxAkZMHCTKfkrYhK1WEc7U2LtNsKvaVeTiK9l,,,neutral,,0,0,0,0,0.5,0,0.0,,,neutral,0.8598846197128296,english,Mixed/Urban,no_clear_emotion,0.20308315753936768,0.037480488419532776,0.06684190779924393,0.12680946290493011,0.2582274079322815,0.024110902100801468
facebook,post,3842906962601248,"Ibrahim Ali: True Umno A 'Lame Duck', But PAS Is 'Mentally Sick'

Parti Bumiputera Perkasa Malaysia (Putra) president Ibrahim Ali today ridiculed PAS, whose president recently criticised Umno for abandoning their friendship after Umno was ""saved"" and ""healed"" by the Islamist party.

While Ibrahim (above) said he agreed with PAS president Abdul Hadi Awang for saying that Umno was a ""lame duck"", he claimed that PAS was no better than Umno for itself has changed allies many times, including with those whom PAS had regarded as kafir (infidels).

""It is true that Umno broke its leg. A broken leg can be healed by the traditional way of bone setting massages, or in this time of science and technology, one can even make a prosthetic leg to be able to walk. 

""If one really follows the treatment and abide by the advice of the doctor, there is a chance that the leg can be nursed back to health.

""On the other hand, PAS is mentally sick. The easiest example to show this was when PAS said that it was haram for voters to choose non-Muslims as their leaders, but later they said it is permissible.

""PAS used to accuse DAP as evil. Later it accused Umno as more evil than DAP. When PAS became friends with DAP in Pakatan Rakyat, Hadi could hug with Lim Kit Siang and Lim Guan Eng, and he criticised Umno.

""But then, PAS came together with Umno in Muafakat Nasional. Later it abandoned Muafakat and joined Perikatan Nasional. Isn't this confusing? Weird but true. Isn't this a sign of mental illness?"" Ibrahim said in his statement.

On Friday, Hadi reportedly accused Umno of being ungrateful following the latter's reluctance to forge an electoral pact. 

The PAS chief branded Umno as ""a lame duck"", which was saved by PAS but now wanted to swim on its own after it was healed.

PAS has not abandoned its Muafakat pact with Umno, but the two parties have been at odds especially since PAS chose to join Bersatu in PN.

Frictions between PAS and Umno have been increasingly apparent since the Malacca election last November, which saw both parties on different corners. 

Eventually, Umno triumphed and PAS was vanquished.

Following this, there have been renewed efforts by PAS to strike an electoral pact for the upcoming Johor polls but Umno has been lukewarm to the idea.",https://www.facebook.com/UrbanLites/posts/pfbid02NfawU8rCMoAC7HwPgyFK79F43AcHpT5yeuJB8LSaPSm2Vxzvj6BDQs2wAsLE5y4Yl,,,negative,,0,0,0,0,0.1109127938747406,0,0.0,,,negative,0.630290687084198,english,Mixed/Urban,sadness,0.09767156094312668,0.05094676837325096,0.03554968163371086,0.6566440463066101,0.09766669571399689,0.0225591529160738
facebook,post,10215169511071604,"MEMAHAMI POLITIK UMNO

""Government is not a team. It is a loose confederation of warring tribes."" - Sir Humphrey Appleby 

Tadi masa makan malam bersama abah dan mak aku, abah aku bertanya satu soalan simple tentang politik. Memandangkan dalam keluarga aku ni, aku yang paling cakna pasal politik, jadi selalunya bila isu-isu politik berlaku ni abah aku akan tanya pada aku.

Soalan dia ialah, ""kenapa Hishamuddin (Hussein Onn) tu?"", soalan dia memang kurang jelas, tapi aku faham, soalan abah aku ialah ""betul ke Hishamuddin Hussein nak jadi Presiden UMNO?""

Jawapan pendek dan ringkas (sebab aku tak nak bosankan mak ayah aku dengan sembang politik), ialah ""dia nak jadi Presiden UMNO, tapi dia pro-PN. Akar umbi tak suka dia. Dia tu Pengerusi UMNO Sembrong, sebelah je dengan Kluang. UMNO Kluang pun tak suka dia, macam mana dia nak jadi Presiden?""

Tapi ini jawapan panjang aku. 

Ramai orang laymen melihat UMNO ni sebagai satu parti and that's it. Kesilapan ini sering dilakukan oleh cybertrooper PH yang menganggap bahawa UMNO ni ialah sebuah parti semata-mata. Kalau anggap macam tu, alamatnya memang korang tak faham lagi bagaimana politik Melayu berfungsi.

Politik Melayu - seperti politik-politik negara Asia yang lain, adalah politik kabilah. Politik kabilah tidak ada ideologi atau falsafah. Politik kabilah adalah politik yang berbeza daripada politik Eropah dan Amerika.

Kerana politik Asia tidak mengalami Rennaisance dan Reformation. Politik Asia tidak ada sosok Thomas Aquinas, Martin Luther, Jean Jacques Rosseau, Voltaire, John Locke, Thomas Hobbes atau Karl Marx. Politik Asia dan Afrika cuma ada tiga peringkat sahaja, sebelum imperialisme, semasa imperialisme, selepas imperialisme.

Seringkas-ringkas politik Asia ini juga ramai yang keliru sebab ia mempunyai jaringan yang kompleks. Ia ringkas kerana tidak mempunyai falsafah, tapi ia kompleks sebab setiap keputusan politik yang dilakukan oleh pemimpin adalah kerana keputusan kabilah.

Dan UMNO bukanlah sebuah parti - tapi sebuah pertubuhan yang disertai oleh pelbagai ketua kabilah. Sebab tu la kau tengok dalam persidangan UMNO tu, muka-muka yang pergi semuanya sama ada ketua dalam kampung, dalam taman, yang ada konco-konco mereka dalam organisasi.

Dan konco mereka ni pun ada berlawan dengan konco yang lain dalam merebut kuasa.

Jadi kalau kau cakap UMNO ni sebuah parti, kau cuma nampak politik Malaysia ni satu layer sahaja.

Daripada kabilah-kabilah kecil ni, mereka bernaung dengan kabilah yang lebih besar dan paling besar ialah kabilah macam Mahathir, Anwar, Najib, Muhyiddin, Hadi Awang dan lain-lain.

Ya, aku letakkan Hadi Awang sekali dalam UMNO sebab PAS ni asalnya dari UMNO, yang berpisah dari UMNO sejak 1951. DNA yang sama walaupun mengalami mutasi sekitar tahun 70an selepas krisis politik di Kelantan pada tahun 1977. (zaman Asri Muda)

Anwar sudah semestinya dari DNA UMNO, begitu juga Mahathir dan Muhyiddin Yassin walaupun pakai lambang lain selain dacing.

Kalau kau perasan, banyak bekas pemimpin UMNO (kecuali Tun Razak dan Tun Abdullah Badawi, Najib belum boleh dianggap bekas sebab masih aktif), semua keluar UMNO, dan sama ada tubuh parti baru, atau join parti lain.

Onn Jaafar keluar UMNO pada tahun 1951 selepas ditolak oleh akar umbi bila dia nak masukkan orang bukan Melayu dalam UMNO.

Tunku Abdul Rahman dan Tun Hussein Onn keluar UMNO pada krisis UMNO 1988, dan menyokong Tengku Razaleigh sebelum meninggal dunia.

Tun Mahathir dia punya rekod keluar masuk UMNO dah macam pintu 7-Eleven. Bunyi ""teng-neng"" tu orang dah tak heran lagi dah. Dia tubuhkan Parti Pertubuhan Peribumi Bersatu Malaysia (PPBM), yang kalau kau translate ke English, bunyinya UMNO juga lebih kurang. Kemudian tubuh parti Pejuang. Muhyiddin Yassin pun pernah jadi Timbalan Presiden UMNO. 

Anwar Ibrahim dipecat dari UMNO, dan menubuhkan PKR, tapi asalnya dari UMNO juga.

Senang cerita, kalau kau bukan dari UMNO, kau takkan berkuasa. Sebab it has designed that way since the beginning. UMNO ditubuhkan di Istana Johor pada tahun 1946, maknanya hubungan UMNO dan istana tu macam simbiosis.

Apabila krisis perlembagaan antara kerajaan dan istana berlaku pada lewat 80an dan awal 90an, ia menjadi krisis walaupun Barisan Nasional pegang 2/3 majoriti dalam kerusi Parlimen.

Dalam clash of power antara Mahathir selaku Presiden UMNO dengan istana, ia mencetuskan krisis sebab dua idea bercanggah. Idea Mahathir ialah dia adalah Presiden UMNO, parti terbesar dalam Barisan Nasional, yang dipilih oleh rakyat, maka Mahathir mewakili idea ""vox populae vox dei"" atau suara rakyat suara keramat.

Now, soal adakah Mahathir ni bawak suara rakyat ni betul ke tak, tu kita boleh pertikaikan (senang cerita krisis awal 90s tu dia menunggang rakyat la, lepas krisis kayu hoki dan golf, aku malas nak ulas lebih), tapi prinsipal Mahathir ialah dia dipilih rakyat dan istana cuma dapat kuasa melalui keturunan.

Tetapi ramai yang tak aware bahawa parti UMNO ni ditubuhkan oleh istana. Dan, kalau kita faham politik Melayu sebelum imperialisme - para hulubalang berebut-rebut mahu dapatkan kepercayaan sultan.

Daripada zaman Langkasuka pun macam tu, zaman Beruas pun macam tu, zaman Kalanthana pun macam tu, zaman Srivijaya pun macam tu, zaman Melaka pun macam tu, zaman Johor-Riau pun macam tu.

Kabilah-kabilah (atau warlord) ini berperang atau menyokong putera yang lain dalam konflik politik istana, macam Perang Klang, atau Perang Jementah, semuanya perang saudara.

Ada juga perang dengan pihak luar macam Perang Musuh Bisik di antara Kedah dan Siam, atau Perang Portugis 1511, tapi kebanyakan perang yang berlaku di dalam sejarah Tanah Melayu ini adalah perang saudara.

Tetapi selepas merdeka dan zaman moden, takkan la nak perang bunuh-bunuh orang bakar kampung macam zaman purba? Jadi peperangan antara kabilah ni berlaku di dalam parti.

Sebab tu orang kata politik UMNO ni politik warlord. Macam samurai di Jepun, atau jeneral dalam Dinasti-Dinasti China, atau kabilah kalau kat Arab.

Kalau kau nampak UMNO tu cuma UMNO, maknanya pemahaman kau tentang politik Melayu tu belum nampak jaringan kompleks antara warlord dengan anak buah, atau kenapa ahli politik ada projek tepi dan ada kroni.

Benda ni ramai yang nak ubah sistem, tapi bila dah dapat kuasa, dia pun terperangkap dan jadi korup jugak. Jangan sembang la kau mampu menahan godaan kuasa dan wang ringgit kalau kau dah pegang semua tu.

Anyway, politik warlord UMNO dari apa yang aku faham hari ni, terbahagi tiga, iaitu puak pro-PN, yang diketuai oleh Hishamuddin, puak kluster mahkamah, yang diketuai Najib, dan suara royal yang diketuai Tengku Razeleigh Hamzah atau Ku Li.

Hishamuddin yang pro-PN, sebuah perikatan yang ditubuhkan Muhyiddin selepas Langkah Sheraton, dan Najib dan Anwar, yang berpakat menentang Muhyiddin, yang di belakangnya ada tok dalang (puppet master) bernama Mahathir Mohamad.

Motivasi Najib melawan Mahathir ialah untuk melepaskan diri dari mahkamah, motivasi Anwar melawan Mahathir ialah untuk melantik dirinya jadi PM dan menghumban Mahathirisme dalam bakul sejarah.

Dan dalam akar umbi UMNO, yang paling popular ialah warlord bernama Najib. Dan sejak pengkhianatan Langkah Sheraton, Anwar consolidate pengaruhnya dalam barisan pembangkang dengan menghalau Mahathir dari PH, dan Azmin dalam PKR.

Dalam bahasa Marvel, geng Mahathir + Muhyiddin + Azmin + Hishamuddin + MCA/MIC (MMAH) vs geng Anwar + Najib + Zahid + geng-geng PH macam DAP, Amanah (ANZ).

Dalam PAS ada pro-PN dan pro-MN. Yang ni lain kali kita ulas. 

Ini kerana Mahathir dah tikam PH dari belakang melalui Langkah Sheraton. Dan Najib mahu lepas dari dakwaan mahkamah yang diaturkan oleh Mahathir. 

Yang lain semuanya wayang.

Orang ramai tengok cerita House of Cards dah terkesima dengan Machiavellian Frank Underwood, tapi sebenarnya politik Melayu, lagi ganas daripada semua tu. 

Kalau kita tengok politik mafia, atau politik yakuza, semuanya lebih kurang. Cuma bezanya, macam aku cakap, takde bunuh-bunuh (kalau ada pun, covert operation).

Kalau Machiavelli datang mendarat kat Tanah Melayu, dia mungkin lagi kagum dengan betapa cunningnya politik Melayu ni.

Ada sebabnya kenapa nama penuh UMNO ialah Pertubuhan Kebangsaan Melayu Bersatu. Sebab ia adalah pertubuhan, maknanya ada banyak perwakilan, bukan satu parti. Ia menyamar macam parti politik, tapi fungsinya ialah menjadi wakil orang Melayu whether you like it or not.

Dan selagi Malaysia ini majoritinya Melayu, maka UMNO la punca kuasanya. Tak caya, tengok temubual Haizal Yatiran dengan Mahathir. Dia panggil UMNO tu 'parti saya'. ""Najib dah rosakkan parti saya"", itu apa yang dia cakap.

Kalau UMNO tu parti dia, apa jadahnya dia pi tubuh Pejuang? Parti tu untuk latih Mukhriz untuk lead UMNO je kalau dia menang perang ni.

UMNO adalah pertubuhan untuk orang Melayu, bukan sekadar parti politik semata-mata. 

Gambar: pengasas-pengasas UMNO di Istana Besar Johor, tahun 1946.

nota: jemput masuk ke group novel aku Novel Bersiri Sidang Dewan lepas baca ni. Sharelah dan support haha!",https://www.facebook.com/comradenami/posts/pfbid02txfgr6RGjet8GyzegpDKJfhkhpM1gMZesaQ2rcCCjX67irRgDrtrtjzCHxsQ9Rdhl,,,negative,,0,0,0,0,0.0005116760730743408,0,0.0,,,negative,0.9982944130897522,malay,Malay/Bumiputera,love,0.07297838479280472,0.031192047521471977,0.017537731677293777,0.08065015822649002,0.4756110608577728,0.10406581312417984
facebook,post,833168980608776,"𝐑𝐞𝐟𝐨𝐫𝐦 𝐨𝐮𝐫 𝐞𝐥𝐞𝐜𝐭𝐨𝐫𝐚𝐥 𝐬𝐲𝐬𝐭𝐞𝐦, 𝐧𝐨𝐭 𝐠𝐞𝐫𝐫𝐲𝐦𝐚𝐧𝐝𝐞𝐫𝐢𝐧𝐠. 

""𝘠𝘰𝘶 𝘦𝘪𝘵𝘩𝘦𝘳 𝘥𝘪𝘦 𝘢 𝘩𝘦𝘳𝘰, 𝘰𝘳 𝘺𝘰𝘶 𝘭𝘪𝘷𝘦 𝘭𝘰𝘯𝘨 𝘦𝘯𝘰𝘶𝘨𝘩 𝘵𝘰 𝘴𝘦𝘦 𝘺𝘰𝘶𝘳𝘴𝘦𝘭𝘧 𝘣𝘦𝘤𝘰𝘮𝘦 𝘵𝘩𝘦 𝘷𝘪𝘭𝘭𝘢𝘪𝘯,"" 𝘵𝘩𝘦 𝘰𝘯𝘤𝘦 𝘳𝘦𝘧𝘰𝘳𝘮𝘪𝘴𝘵 𝘭𝘢𝘸𝘺𝘦𝘳 𝘏𝘢𝘳𝘷𝘦𝘺 𝘋𝘦𝘯𝘵 𝘴𝘱𝘰𝘬𝘦 𝘵𝘩𝘦𝘴𝘦 𝘸𝘰𝘳𝘥𝘴 𝘪𝘯 𝘵𝘩𝘦 𝘰𝘯𝘦 𝘰𝘧 𝘵𝘩𝘦 𝘉𝘢𝘵𝘮𝘢𝘯 𝘮𝘰𝘷𝘪𝘦𝘴. 𝘏𝘦 𝘭𝘢𝘵𝘦𝘳 𝘰𝘧 𝘤𝘰𝘶𝘳𝘴𝘦 𝘣𝘦𝘤𝘢𝘮𝘦 𝘵𝘩𝘦 𝘥𝘢𝘳𝘬 𝘵𝘸𝘰-𝘧𝘢𝘤𝘦𝘥 𝘷𝘪𝘭𝘭𝘢𝘪𝘯, 𝘛𝘸𝘰-𝘍𝘢𝘤𝘦𝘥.

Not long ago, PAS was a political party which stood for electoral reform. They were once the founding members of Bersih. Together with fellow Malaysians, they demanded for a free and fair election. Its President, Abdul Hadi Awang wore yellow shirt, walked with other political leaders, civil society and tens of thousands of Malaysians to make these demands. 

But today, PAS ugly two-faced hypocrisy is now being exposed. When they were in opposition, they wanted free and fair election, now that they are in government, they want to manipulate electoral system to stay in power. PAS Minister of Plantation Industries and Commodities, Mohd. Khairuddin bin Aman Razali had said that PAS would change parliamentary constituencies based on racial consideration, presumably to advantage their political ambition. 

PAS, especially Mohd. Khairuddin, have shown themselves to be disrespectful of the law. Mohd. Khairruddin flagrantly broke Covid-19 protocols and then caused a huge public outcry when he stubbornly refused to admit wrong. But I sincerely hope that PAS, being a party in government today, can at least review the report tabled by Special Select Committee on Electoral Reform in 2012. 

The Special Select Committee on Electoral Reform was formed in 2011 after the Bersih 2.0 rally. The committee consisted of both government and opposition members of parliament. The report made many suggestions to improve our electoral system and the election practice, including, introduction of indelible ink, regulating political financing, a fair redelineation, strengthening Election Commission and researching a new electoral system. 

Unfortunately, most people remember only the indelible ink which was implemented right away in the 2013 General Election. The report was sadly set aside thereafter and nothing much was done until when Pakatan Harapan (PH) took over in 2018. The PH government gave independence to the Election Commission and set up an Electoral Reform Committee with the mandate to review our current first-past-the-post election system, voters education, political financing etc. After the fall of PH, the Perikatan Nasional (PN) once again abandoned efforts for electoral reform. 

𝐖𝐡𝐚𝐭 𝐌𝐨𝐡𝐝. 𝐊𝐡𝐚𝐢𝐫𝐮𝐝𝐝𝐢𝐧 𝐝𝐢𝐝 𝐰𝐚𝐬 𝐭𝐨 𝐭𝐮𝐫𝐧 𝐭𝐡𝐞 𝐜𝐥𝐨𝐜𝐤 𝐛𝐚𝐜𝐤𝐰𝐚𝐫𝐝𝐬, 𝐫𝐞𝐯𝐞𝐫𝐬𝐢𝐧𝐠 𝐞𝐟𝐟𝐨𝐫𝐭𝐬 𝐭𝐨 𝐢𝐦𝐩𝐫𝐨𝐯𝐞 𝐝𝐞𝐦𝐨𝐜𝐫𝐚𝐜𝐲 𝐢𝐧 𝐭𝐡𝐢𝐬 𝐜𝐨𝐮𝐧𝐭𝐫𝐲. 

It is normal for a political party to want to win more seats in election. However we must win in a fair fight - not by manipulating the election to benefit certain parties, and definitely not by going against the spirit of the Federal Constitution of one-man-one-vote and fair representation by institutionalising racism into our electoral system. 

Mohd. Khairruddin is a government minister. His statements carry weight and have consequences. Instead of trying to improve our democracy, he is now openly promoting the ideal of gerrymandering, using race and religion to manipulate the election. His action is not only a betrayal to the people who trusted PAS since its BERSIH days but also to all Malaysians in general. As if launching the Langkah Sheraton coup against a democratically elected party and suspension Parliament are not already damaging enough for our democracy, PAS and Mohd. Khairuddin want to further destroy Malaysia with their anti-democratic ideology. 

The fact is, try as they may, PAS and Mohd Khairuddin should remember UMNO's electoral defeat in 2018. Gerrymandering, money politics, draconian laws and anti-democratic policies did not save UMNO then and they will not save PAS today.

YB Cik Wong Shu Qi
Ahli Parlimen Kluang

#JOHORInfoChannelJIC
#InfoDariTanahJAUHAR",https://www.facebook.com/JohorInfoChannel/posts/pfbid07D5fVf8Soe4Reaj8jWf4bZg8nJHzaGzGvBKMioaAyrFnvV7QRNfB2kAZFUFWbNKql,,,neutral,,0,0,0,0,0.5,0,0.0,,,neutral,0.8469293117523193,english,Mixed/Urban,love,0.21814708411693573,0.023346146568655968,0.0846555233001709,0.08461455255746841,0.35661518573760986,0.02637573331594467
facebook,post,2914860551902319,"Media Statement by Dr. Ong Kian Ming, Member of Parliament for Bangi on the 24th of April, 2020

UMNO’s dilemma in the Perikatan Nasional (PN) coalition government – Part 1

It has been more than one month since Muhyiddin Yassin’s Perikatan National (PN) cabinet was sworn in on the 10th of March 2020. Each political party within this uneasy coalition faces their unique political challenges in operating as part of the government. But no party faces bigger questions and challenges than UMNO as it grapples with the question of how it wants to work with BERSATU. This is UMNO’s biggest dilemma within the PN government.

From the outset, let me be clear on this point - UMNO leaders and members would much prefer to be in government together with BERSATU than to be in the opposition. In government, UMNO would have access to the privileges of power including access to positions in Ministries, Government Agencies and GLCs. But there is NOTHING about the arrangement in the current PN government which UMNO would find acceptable in the longer term. Most importantly, from a political strategy perspective, UMNO leaders must realize that BERSATU’s ultimate goal is to replace UMNO in the political arena as the dominant Malay party in government. This is the only way that BERSATU can survive post GE15 and UMNO knows this.

After ruling the country for over 60 years, UMNO is not used to playing the role of No.2 in government. And yet, this is the position they find themselves in today. With 41 elected Members of Parliament (MPs), they have more MPs than BERSATU, who only have 29 MPs (this includes the 10 MPs from PKR but does not include the 5 MPs who are supporting Tun Mahathir). And yet, BERSATU have more Ministers (11 including the Prime Minister versus 9 for UMNO) and Deputy Ministers (15 versus 8 for UMNO) than UMNO. Most of the key Ministries are also being helmed by BERSATU MPs (Education, Home Affairs, Economy, Rural Development, Trade and Industry) or individuals aligned to the Prime Minister (Finance) with UMNO having perhaps only one relatively ‘senior’ ministry, namely Defence. Two out of the Four Senior Ministers are also from BERSATU with UMNO having only one Senior Minister. 

UMNO is also facing the unprecedented experience of its President, Deputy President and two of its Vice Presidents (VP) not having any government positions. Ismail Sabri, the Minister for Defence and one of the four Senior Ministers is the only UMNO VP in the cabinet. Furthermore, UMNO MPs who are elected members of the UMNO Supreme Council were not given any government positions  while UMNO MPs who are not part of the top leadership of the party were made Ministers. UMNO Sabah was also completely left out of the cabinet in favour of BERSATU MPs who had left UMNO and PKR. 

This situation is not one which must sit comfortably with UMNO’s leadership. This is why the statement that was issued by the UMNO president on the 12th of March 2020, after an UMNO Supreme Council meeting, put so many caveats in its support for Muhyiddin Yassin’s government. There was no mention of any efforts to strengthen Perikatan Nasional (PN) as a ruling coalition. Instead, the UMNO president went out of his way to mention efforts to strengthen its partnership with PAS via Muafakat Nasional (MN) and to build up the strength of Barisan Nasional (BN). Most importantly, the statement ended with a commitment to support the new government only until the next general election (GE15).

Any form of cooperation between BERSATU and UMNO will likely cease once parliament is dissolved, whenever this happens. It is hard to see how UMNO and BERSATU can agree to any seat allocation formula. UMNO and PAS will have their hands full in allocating the 100 parliament seats in Peninsular Malaysia where both parties contested in GE14 under a Muafakat Nasional (MN) formula in GE15. UMNO, PAS and BERSATU competed in 47 parliament seats in Peninsular Malaysia in GE14. These include seats like Titiwangsa (where BERSATU’s Rina Harun, the current Minister of Women, Family and Community Development defeated Johari Abdul Ghani, former Minister of Finance II and who is still the chair of UMNO in the Federal Territories) and Ketereh (where current Federal Territories Minister, Annuar Musa from UMNO defeated current Education Minister, Mohd Radzi bin Jidin from BERSATU who was subsequently appointed a Senator). 

The 47 parliament seats also includes seats which feature UMNO MPs who subsequently joined BERSATU post GE14 such as Jeli (Mustapha Mohamed, currently a Minister in the Prime Minister’s Office), Larut (Hamzah bin Zainuddin, current Home Minister), Mersing (Abdul Latiff bin Ahmad, current Minister of Rural Development) and Masjid Tanah (Mas Ermieyati binti Samsudin, the current Deputy Minister of Tourism). It is hard to imagine UMNO having many positive feelings about these defectors much less negotiating with BERSATU to allow these incumbent BERSATU MPs to continue to contest in these seats with UMNO and PAS’ support. 

In addition, the current cabinet also features former PKR MPs who joined BERSATU and whose seats were contested by both UMNO and PAS in GE14 including Gombak (Azmin Ali), Indera Mahkota (Saifuddin Abdullah), Bandar Tun Razak (Kamaruddin Jaafar), Batu Pahat (Mohd Rashid bin Hasnon) and Nibong Tebal (Mansor bin Othman). Again, it is hard to see UMNO or PAS both giving way to these BERSATU MPs in GE15. 

UMNO has shown that it can defeat BERSATU even while it was in opposition at the state and federal levels in the Tanjung Piai and Kimanis parliamentary by-elections in Johor and Sabah respectively. With its grassroots support intact and with the continued nurturing of its relationship with PAS, there is no need for UMNO (and PAS) to make concessions or to work with BERSATU in GE15.

Knowing this, what is BERSATU’s likely response in the short term (over the next year) and closer to GE15? And what is UMNO’s likely strategy? This will be covered in Part 2.",https://www.facebook.com/ongkianming/posts/pfbid0uNNEx4TRneHrrVfFvaFzQ9susPa4mkXRPvnkk2u8kmXeKJH9tD1v573XPVR1FBtwl,,,neutral,,0,0,0,0,0.5,0,0.0,,,neutral,0.8815649747848511,english,Mixed/Urban,happy,0.19911769032478333,0.10226088762283325,0.31621456146240234,0.03381302207708359,0.20325523614883423,0.015931518748402596
facebook,post,3481018718790076,"How the Perak MB Crisis Unfolded

The latest Perak menteri besar ouster marks the third time the state government has fallen since its constitutional crisis in 2009.

The first was triggered when three Pakatan Rakyat assemblymen defected, causing the collapse of the state administration under then menteri besar Datuk Seri Nizar Jamaluddin of PAS.

The second time occurred earlier this year as a result of the collapse of the Pakatan Harapan (PH) federal administration when Langkawi MP Tun Dr Mahathir Mohamad tendered his resignation as prime minister.

Lawmakers from Bersatu, a party Dr Mahathir founded, left PH en masse, including Prime Minister Tan Sri Muhyiddin Yassin and former Perak menteri besar Datuk Seri Ahmad Faizal Azumu.

Dubbed the “Sheraton Move”, this led to the formation of the Perikatan Nasional (PN) federal government.

PH’s fall in Putrajaya triggered a cascade of states ending up in the hands of PN – Perak, Kedah and Johor, among others.

Below is a timeline of how Faizal’s administration fell in just a few weeks:

October 29 – Faizal had said he did not believe claims that Perak Umno has been conspiring with opposition parties to overthrow the PN state government.

He had said he had full trust in Perak Umno state liaison chairman Datuk Saarani Mohamad, whom he considers a political mentor. 

Earlier, Saarani also denied allegations that Perak Umno was conspiring with opposition parties in the state to seize the menteri besar post.

November 18 – Umno’s Pengkalan Baharu assemblyman Datuk Abdul Manaf Hashim filed a motion of confidence through a letter to state Speaker Datuk Mohamad Zahir Abdul Khalid.

December 4 – At 8.30am, Umno’s Temenggor assemblyman Salbiah Mohamed and DAP’s Pasir Pinji assemblyman Howard Lee both filed emergency motions for the confidence vote.

The vote was accepted by Zahir, who acknowledged that it was a matter of urgent public interest.

In his speech on his motion, Manaf had told the state House that, due to the Covid-19 pandemic, it would be unwise to call for a dissolution of the assembly and a state election to determine Faizal’s legitimacy.

Manaf was supported by PAS state commissioner and Gunong Semanggol assemblyman Razman Zakaria, who said a change of government in the current situation was tantamount to a betrayal of public trust.

When invited to put in their two cents, the state opposition said it will not participate in the debate on the motion.

This led to the speaker calling for a vote and a division of the assembly form of voting was requested.

All assemblyman then cast their votes on a sheet of paper before passing it to the assembly’s heralds (bentara), who carried boxes to collect their ballots.

Zahir then announced that Faizal had lost the confidence vote, with 48 votes against him and only 10 in support. One vote was considered spoilt or abstained.
 
At 4.30pm, Perak Secretary Datuk Ahmad Suaidi Abdul Rahim and Perak Legal Adviser Datuk Rohana Abdul Malek were summoned for an audience with state ruler Sultan Nazrin Shah at Istana Kinta in Ipoh.

At 5pm, Zahir was called in for an audience with the sultan on what had happened that morning.

Faizal was also granted an audience with the sultan after Zahir left.

After his audience, Faizal told the press that he was Perak’s caretaker menteri besar.

December 5 – At 9am, during a cheque-giving ceremony, Faizal told reporters that he would resign as menteri besar after his successor has been appointed.

At 11am, Sultan Nazrin granted an audience to three state PH leaders – DAP’s Nga Kor Ming, PKR’s Farhash Wafa Salvador Rizal Mubarak and Amanah’s Datuk Asmuni Awi.

At 11.30am, Perak Umno liaison chairman and MB frontrunner Datuk Saarani Mohamad was granted an audience with the sultan.

After Saarani left the palace, Dewan Negara member Datuk Seri Mohd Annuar Zaini told the press that the party leaders had informed the sultan of their positions. However, no menteri besar candidates were mentioned.

At 3pm, Faizal was seen entering the palace for a brief audience with the sultan. Faizal then tendered his resignation as menteri besar. The move automatically dissolved the state executive committee and the PN state administration.

At 6pm, Faizal announced his resignation at Laman Seri Perak, the old menteri besar residence.

However, his parting words “Jemput datang ke Sri Satria nanti” had tongues wagging on whether he is gunning for the deputy prime minister post.

Meanwhile, Perak PAS commissioner Razman Zakaria said he will not take sides during this crisis, and support both Bersatu and Umno.

He also said the state chapter’s mandate is to defend the current government and any decision on a new one will be up to the party’s central leadership.

Later, PAS deputy president Datuk Seri Tuan Ibrahim Tuan Man was reported as saying that the Islamist party will meet to discuss its cooperation with Umno in Muafakat Nasional and PN.

At 8.12pm, Umno president Datuk Seri Ahmad Zahid Hamidi arrived at the party’s state headquarters to attend a special state-level meeting, where is was expected to discuss menteri besar candidates.

The 9pm meeting chaired by Saarani was also attended by former Supreme Council member and Padang Rengas MP Datuk Seri Nazri Aziz, Perak Umno deputy chairman Datuk Azian Osman and other state leaders.

After waiting nearly two hours outside the Umno building in Ipoh, many leaders remained tight-lipped over the night’s agenda.

Meanwhile, Saarani gave the press the slip.

Today, Zahid is scheduled to meet Sultan Nazrin at Istana Kinta at 10am to discuss the menteri besar crisis.",https://www.facebook.com/UrbanLites/posts/pfbid02Gqaf87aptuakVdppdS9fbwZtXnEiDa3eTE3JR5QtgBDmJTmDqFRrFZuZHCQ1s5Lul,,,negative,,0,0,0,0,0.10631298422813415,0,0.0,,,negative,0.6456233859062195,english,Mixed/Urban,anger,0.3068568706512451,0.08094087988138199,0.11765819787979126,0.0735986977815628,0.0861433744430542,0.031871676445007324
facebook,post,795092587741773,"𝐌𝐔𝐇𝐘𝐈𝐃𝐃𝐈𝐍 𝐈𝐍 𝐀 𝐅𝐈𝐗, 𝐌𝐀𝐘 𝐀𝐏𝐏𝐎𝐈𝐍𝐓 𝐃𝐏𝐌 𝐓𝐎 𝐒𝐏𝐋𝐈𝐓 𝐔𝐌𝐍𝐎

Judging from reaction of BERSATU and PAS to UMNO grassroot reaction as documented by Joceline Tan, Muhyiddin need to pull a rabbit out of the hat. 

Annuar Musa could continue his fight, but he is too late. He is not a popular figure, has a tarnished reputation and could not possibly tide the overwhelming tsunami agst BERSATU.

𝗠𝘂𝗵𝘆𝗶𝗱𝗱𝗶𝗻 𝗰𝗼𝘂𝗹𝗱 𝗮𝗽𝗽𝗼𝗶𝗻𝘁 𝗛𝗶𝘀𝗵𝗮𝗺𝘂𝗱𝗱𝗶𝗻 𝗼𝗿 𝗜𝘀𝗺𝗮𝗶𝗹 𝗦𝗮𝗯𝗿𝗶 𝗮𝘀 𝗗𝗣𝗠 𝘄𝗶𝘁𝗵 𝘁𝗵𝗲 𝗵𝗼𝗽𝗲 𝘁𝗵𝗲 𝗺𝗼𝘃𝗲 𝗰𝗼𝘂𝗹𝗱 𝘀𝗽𝗹𝗶𝘁 𝗮𝗻𝗱 𝘄𝗲𝗮𝗸𝗲𝗻𝗲𝗱 𝗨𝗠𝗡𝗢. 

Perhaps Ismail as DPM could split, or he could not, but will the split and fed-up segment of BN voters help Muhyiddin and PN win the General Election? 

Most likely not. The PPBM paid cybertrooper in UMNO may agree to their paymaster. But PAS do not think so. Apparently, out of 18 current parliamentary seat, a survey found they could retain less than 10. 𝘉𝘳𝘪𝘭𝘭𝘪𝘢𝘯𝘵 𝘛𝘢𝘬𝘪𝘺𝘶𝘥𝘥𝘪𝘯!

The Star article of Joceline below:

𝐔𝐦𝐧𝐨 𝐰𝐚𝐫 𝐜𝐫𝐢𝐞𝐬 𝐩𝐮𝐭 𝐁𝐞𝐫𝐬𝐚𝐭𝐮 𝐢𝐧 𝐚 𝐟𝐢𝐱

By Joceline Tan

𝗜𝘁 𝗵𝗮𝘀 𝗳𝘂𝗿𝘁𝗵𝗲𝗿 𝘀𝗵𝗼𝗿𝘁𝗲𝗻𝗲𝗱 𝘁𝗵𝗲 𝗹𝗶𝗳𝗲𝘀𝗽𝗮𝗻 𝗼𝗳 𝘁𝗵𝗲 𝗣𝗲𝗿𝗶𝗸𝗮𝘁𝗮𝗻 𝗡𝗮𝘀𝗶𝗼𝗻𝗮𝗹 𝗴𝗼𝘃𝗲𝗿𝗻𝗺𝗲𝗻𝘁 𝘄𝗵𝗶𝗰𝗵 𝗵𝗮𝘀 𝗯𝗲𝗲𝗻 𝗵𝗮𝗻𝗴𝗶𝗻𝗴 𝗯𝘆 𝗮 𝘁𝗵𝗿𝗲𝗮𝗱 𝘀𝗶𝗻𝗰𝗲 𝘁𝗵𝗲 𝗕𝘂𝗱𝗴𝗲𝘁 𝟮𝟬𝟮𝟭 𝘁𝗮𝗯𝗹𝗶𝗻𝗴 𝗶𝗻 𝗣𝗮𝗿𝗹𝗶𝗮𝗺𝗲𝗻𝘁.

PARTI Pribumi Bersatu Malaysia leaders were expecting the worst when they held an emergency meeting at their party headquarters on Wednesday night.

They thought that Umno, which was having its supreme council meeting across town, would declare a “divorce” before the night was over.

Bersatu leaders wanted to be ready for any eventuality.
But shortly before the clock struck midnight, Umno announced that the big decision would be made at the party general assembly on Jan 31.

A crisis had been averted and many of the Bersatu leaders looked rather relieved as they emerged from the meeting.

Bersatu president Tan Sri Muhyiddin Yassin merely smiled behind his face mask and waved at reporters before boarding his car.

There has been an exchange of fire between Umno and Bersatu leaders, but Muhyiddin has not said a word about what has happened.

The Prime Minister is a man of few words, but it seems to have carried him through one crisis after another.

“That is his style. He does not get jittery or over-excited, he stays sober and rational. Of course, he can flare up in private, but he is always calm and steady in public, ” says Bersatu party election committee chief Tan Sri Syed Hamid Albar.

T̲h̲e̲ ̲U̲m̲n̲o̲ ̲w̲a̲r̲ ̲c̲r̲i̲e̲s̲ ̲h̲a̲v̲e̲ ̲p̲u̲t̲ ̲B̲e̲r̲s̲a̲t̲u̲ ̲i̲n̲ ̲a̲ ̲t̲i̲g̲h̲t̲ ̲s̲p̲o̲t̲ ̲a̲n̲d̲ ̲f̲u̲r̲t̲h̲e̲r̲ ̲s̲h̲o̲r̲t̲e̲n̲e̲d̲ ̲t̲h̲e̲ ̲l̲i̲f̲e̲s̲p̲a̲n̲ ̲o̲f̲ ̲t̲h̲e̲ ̲P̲e̲r̲i̲k̲a̲t̲a̲n̲ ̲N̲a̲s̲i̲o̲n̲a̲l̲ ̲g̲o̲v̲e̲r̲n̲m̲e̲n̲t̲ ̲w̲h̲i̲c̲h̲ ̲h̲a̲s̲ ̲b̲e̲e̲n̲ ̲h̲a̲n̲g̲i̲n̲g̲ ̲b̲y̲ ̲a̲ ̲t̲h̲r̲e̲a̲d̲ ̲s̲i̲n̲c̲e̲ ̲t̲h̲e̲ ̲B̲u̲d̲g̲e̲t̲ ̲2̲0̲2̲1̲ ̲t̲a̲b̲l̲i̲n̲g̲ ̲i̲n̲ ̲P̲a̲r̲l̲i̲a̲m̲e̲n̲t̲.̲ ̲T̲h̲e̲ ̲e̲n̲d̲ ̲i̲s̲ ̲n̲e̲a̲r̲.̲

Several Umno ministers have even announced that they are ready to resign from the Cabinet if the party says so.

The irony is that Umno is now the one calling the shots on how long this government can survive.

The Bersatu side has been extremely wary of Umno after the way its deputy president Datuk Seri Ahmad Faizal Azumu was pushed out of the Mentri Besar’s office in Perak.

“Bersatu has no choice but to hang on to PAS for survival, ” says Merdeka Centre director Ibrahim Suffian.

PAS has officially joined Perikatan and its leaders are holding positions in the Perikatan supreme council.
PAS leaders have also been appointed as state chairmen of four states while Bersatu leaders are in charge of 10 states.

Moreover, PAS stood by Bersatu during the Perak mentri besar crisis.

PAS secretary-general Datuk Takiyuddin Hassan has grown so close to Bersatu that he has acquired a reputation as a mouthpiece of Bersatu.

Does all this mean that PAS has jilted Umno for Bersatu?

Well, not exactly.

On Thursday morning, leaders of PAS and Umno were at a Muafakat Nasional meeting at the Umno headquarters to work on their “roadmap for MN”.

That certainly did not sound like PAS has abandoned Umno for Bersatu.

“We are with Bersatu because it is part of the government.

“But Umno has been our friend and partner since 2018,” said Selangor PAS election director Roslan Shahir who sits on the roadmap committee.

It is learnt that PAS was as alarmed as Bersatu when Umno divisions began beating their war drums last weekend.

A̲l̲t̲h̲o̲u̲g̲h̲ ̲P̲A̲S̲ ̲p̲r̲e̲s̲i̲d̲e̲n̲t̲ ̲D̲a̲t̲u̲k̲ ̲S̲e̲r̲i̲ ̲H̲a̲d̲i̲ ̲A̲w̲a̲n̲g̲ ̲h̲a̲s̲ ̲g̲r̲o̲w̲n̲ ̲c̲l̲o̲s̲e̲ ̲t̲o̲ ̲M̲u̲h̲y̲i̲d̲d̲i̲n̲,̲ ̲t̲h̲e̲ ̲m̲o̲r̲e̲ ̲o̲b̲j̲e̲c̲t̲i̲v̲e̲ ̲s̲i̲d̲e̲ ̲o̲f̲ ̲H̲a̲d̲i̲ ̲k̲n̲o̲w̲s̲ ̲t̲h̲a̲t̲ ̲P̲A̲S̲ ̲h̲a̲s̲ ̲m̲o̲r̲e̲ ̲t̲o̲ ̲g̲a̲i̲n̲ ̲i̲n̲ ̲t̲h̲e̲ ̲g̲e̲n̲e̲r̲a̲l̲ ̲e̲l̲e̲c̲t̲i̲o̲n̲ ̲i̲f̲ ̲i̲t̲ ̲s̲t̲r̲i̲k̲e̲s̲ ̲a̲n̲ ̲e̲l̲e̲c̲t̲o̲r̲a̲l̲ ̲p̲a̲r̲t̲n̲e̲r̲s̲h̲i̲p̲ ̲w̲i̲t̲h̲ ̲U̲m̲n̲o̲.̲

PAS leaders know that Bersatu which has no grassroots or machinery on the ground will be riding on PAS.

Umno, on the other hand, has a solid party machinery which can help carry PAS in west coast states.

For instance, they could see how Umno has swung into action to assist those affected by the floods in Pahang and Johor.

They have also seen how their combined might delivered one big win after another in the string of by-elections last year.

A̲ ̲r̲e̲c̲e̲n̲t̲ ̲s̲u̲r̲v̲e̲y̲ ̲b̲y̲ ̲P̲A̲S̲ ̲i̲n̲ ̲T̲e̲r̲e̲n̲g̲g̲a̲n̲u̲ ̲s̲h̲o̲w̲e̲d̲ ̲t̲h̲a̲t̲ ̲U̲m̲n̲o̲ ̲c̲o̲u̲l̲d̲ ̲w̲i̲n̲ ̲s̲i̲x̲ ̲o̲f̲ ̲t̲h̲e̲ ̲e̲i̲g̲h̲t̲ ̲p̲a̲r̲l̲i̲a̲m̲e̲n̲t̲a̲r̲y̲ ̲s̲e̲a̲t̲s̲ ̲i̲n̲ ̲t̲h̲e̲ ̲s̲t̲a̲t̲e̲ ̲i̲f̲ ̲P̲A̲S̲ ̲c̲h̲o̲s̲e̲ ̲t̲o̲ ̲g̲o̲ ̲w̲i̲t̲h̲ ̲B̲e̲r̲s̲a̲t̲u̲ ̲i̲n̲ ̲t̲h̲e̲ ̲g̲e̲n̲e̲r̲a̲l̲ ̲e̲l̲e̲c̲t̲i̲o̲n̲.̲

[𝐵𝑟𝑖𝑙𝑙𝑖𝑎𝑛𝑡 𝑚𝑜𝑣𝑒 𝑆𝑎𝑚𝑠𝑢𝑟𝑖! 🤣]

“Hadi genuinely wants to keep us together. He wants to see straight fights with Pakatan Harapan, ” said Roslan.

It is understood that Hadi personally met with Umno leaders prior to Wednesday night’s supreme council meeting to urge them not to shut the door on Bersatu just yet.

He persuaded the Umno leaders to keep the door ajar for a while more.

Syed Hamid said Muhyiddin is not afraid of calling for a general election.

“The original plan was to hold elections in March, but that is no longer possible because of the Covid-19 pandemic, ” said Syed Hamid.

̲T̲h̲e̲ ̲h̲o̲s̲t̲i̲l̲i̲t̲y̲ ̲o̲f̲ ̲t̲h̲e̲ ̲U̲m̲n̲o̲ ̲g̲r̲a̲s̲s̲r̲o̲o̲t̲s̲ ̲t̲o̲w̲a̲r̲d̲s̲ ̲B̲e̲r̲s̲a̲t̲u̲ ̲i̲s̲ ̲a̲l̲l̲ ̲t̲o̲o̲ ̲r̲e̲a̲l̲.̲ ̲T̲h̲e̲y̲ ̲h̲a̲v̲e̲ ̲l̲o̲n̲g̲ ̲a̲c̲c̲u̲s̲e̲d̲ ̲B̲e̲r̲s̲a̲t̲u̲ ̲o̲f̲ ̲g̲r̲a̲b̲b̲i̲n̲g̲ ̲p̲o̲s̲t̲s̲ ̲a̲n̲d̲ ̲s̲t̲e̲a̲l̲i̲n̲g̲ ̲t̲h̲e̲i̲r̲ ̲w̲a̲k̲i̲l̲ ̲r̲a̲k̲y̲a̲t̲ ̲a̲n̲d̲ ̲m̲e̲m̲b̲e̲r̲s̲.̲

But it is no secret that the “kluster mahkamah” – those in Umno facing graft charges – are driving the agenda in the party.

It is in the group’s interest to force Muhyiddin’s hand in calling for an early election so that those who have yet to be convicted can still contest.

Muhyiddin has refused to meddle in the court cases despite numerous attempts to petition him for help. He is adamant about not interfering with the legal process.

It is learnt that Muhyiddin finally had a four-eyed meeting with one of the Umno figures who was fighting to stay out of jail, but the meeting went nowhere.

Muhyiddin’s body language was said to be so cold and he did not even touch the refreshments on the table.
The ruling coalition, said Syed Hamid, is no longer sustainable and it is only a matter of time before Umno cuts off ties.

“There is too much mistrust. Bersatu may have to go back to the drawing board and find a new formula in order to hold on, ” said Syed Hamid.",https://www.facebook.com/salahuddin.hisham/posts/pfbid0WahvFNetf4jMHLpyvQW2mNcJE9C3ikwu8tGhh5zQYmnazQko1uHtGZbYyXkEAP43l,,,neutral,,0,0,0,0,0.5,0,0.0,,,neutral,0.8424842357635498,english,Mixed/Urban,fear,0.12403243035078049,0.5489715337753296,0.1172558143734932,0.1238793283700943,0.03484085202217102,0.02098403498530388
facebook,post,4005952679630008,"Don’t fret over MN, just pick PAS or Umno, says Khairuddin

Malay-Muslim voters, especially PAS and Umno supporters, need not scratch their heads over the status of Muafakat National, the political bloc forged between the two parties, a former PAS leader said.

Khairuddin Aman Razali said Malay-Muslim voters should either support PAS or Umno in the coming 15th general election to avoid any further split between the two largest Malay-based parties.

The parties formed MN in September 2019 as an electoral pact aimed at uniting the ummah.

However, relations between them have grown increasingly strained after PAS joined Bersatu to form Perikatan Nasional when Bersatu president Muhyiddin Yassin was the prime minister.

In May, Umno president Ahmad Zahid Hamidi had even said MN was “as good as dead”.

But Khairuddin, the Kuala Nerus MP who quit PAS in March, said it was normal for certain leaders to attack each other although there were those who wanted the two parties to remain united.

“So, there is no need to conclude that MN is buried, as no Umno or PAS leader has come out to declare it so. As long as there are those who want MN, it would not be buried,” he said.

Khairuddin said this when asked to comment on Zahid’s riposte to PAS president Abdul Hadi Awang’s statement that there were those who wanted GE15 to be held as soon as possible as they were “power crazy”.

Zahid, who is among the Umno leaders pushing for an early election, responded by saying that Hadi was afraid of losing many seats if the nationwide polls were held earlier.

Khairuddin said that even though he wanted PAS and Umno to continue working together under MN, it did not mean Bersatu should be left out of the pact.

“We understand that Umno does not want anything to do with Bersatu,” the former PAS central committee member said, referring to Umno’s decision to cut ties with Muhyiddin’s party.

“So PAS must play the peacemaker.”

He said no good would come from PAS abandoning Umno and working with PN, as proven when PN lost in the Johor and Melaka state elections.

“In my opinion, it would be a loss (for PAS) to leave Umno and work with Bersatu, but that is the president’s and the party’s right (on who they choose to work with).”

He said although Hadi’s strategy had backfired by choosing PN over Umno in the Johor and Melaka elections, he did not discount the possibility that teaming up with Umno as well would have reaped benefits at that time.",https://www.facebook.com/UrbanLites/posts/pfbid0raqynKCkj9MCNgaHzhSjMos41BRJhyk8waX4swrYHxJJ9f6Cmv23hA39swoJqeVCl,,,neutral,,0,0,0,0,0.5,0,0.0,,,neutral,0.8410670757293701,english,Mixed/Urban,anger,0.48116418719291687,0.12604516744613647,0.1824980080127716,0.04443394020199776,0.11068063974380493,0.01218765415251255
facebook,post,10224941047131085,"Parking of C&P

The past, present and future of PN

After 18 months in power, this Monday will in all likelihood herald the demise of the Perikatan Nasional (PN) government. As we know PN is a coalition of different factions: Bersatu, UMNO-BN, PAS, Azmin's 'geng kartel' from PKR, and Sarawak's GPS. Ideologically speaking, PN is but a hollow shell with no history nor common struggle shared between them. It is effectively a marriage of convenience in which each party has its own different agendas, motivation, and aspiration, but are forced together primarily by a common lust for power. However, while it remains easy to dismiss all of PN as selfish backstabbing party-hoppers, a detailed analysis of the factors and circumstances contributing to why and how PN managed to wrest power from Pakatan Harapan (PH) is warranted, if only to serve as a reminder for ourselves against such dastardly schemes in the future. Here we dissect the role of each party and biggest players in the establishment of PN, their current performance in government, and in the face of impending doom, what the future holds for them.

1. Bersatu
In my view the biggest culprits, who betrayed their PH friends. Their main concern was losing the Malay Muslim sentiments, being perceived as kowtowing too much to DAP and the liberals. Efforts were made to address this during PH, including organising a Konvensyen Melayu and extending olive branches to PAS and UMNO leaders (which further agitated the urban liberals and non-Malays, drawing more radical responses, thus perpetuating the cycle). Also, according to Bersatu leader Wan Saiful Wan Jan in his article justifying Bersatu's betrayal, PH's mistake was they focused too much on institutional reform and not enough on welfare issues. It's worth noting Wan Saiful was, and still is, PTPTN chairman and one of the original authors of PH's election manifesto, the same one he called ""focused too much on institutional reform and not enough on welfare issues"". 

Bersatu was also deeply triggered by PH member parties' ultimatum on the Mahathir-Anwar succession issue. Clearly they don't want Anwar to ever become premier, despite the wishes of the rakyat who voted for PH and Bersatu in the first place. Little by little, the party increasingly felt that the grass could be greener on the other side. A pact with UMNO-PAS was secretly made to ""save"" the Malay populace, and simultaneously block Anwar's path. They believed Mahathir could then rule in peace with a full Malay mandate, except that Mahathir himself opposed the move and insisted on honouring his allegiance to PH. In the end, Mahiaddin had to do. All this is of course ironic because Bersatu were an integral part of the ""failed"" PH govt, among them Mahiaddin as Home Minister and Redzuan Yusof of the kereta terbang fame. In essence, PH's successes were their successes, and PH's failures were their failures. To see Bersatu leaders now taking pot shots at PH feels quite.. bizzarre.

At this point we also need to account for the frogs from UMNO who joined Bersatu after GE-14, like Hamzah Zainuddin who was instrumental in bringing down PH. Another frog, Mustafa Mohamad or Tokpa, so-called honourably left for Bersatu because he cannot accept UMNO colluding with PAS (Khairy Jamaluddin even blamed party president Zahid for this - ""this is on you!"", he said then) but now he's a minister in the PN government with, yep, PAS. And so is Khairy, for that matter. What puzzles me though is how Bersatu members nationwide from the grassroots up, save from a small few loyal to Mahathir and PH, wholeheartedly embraced this act of betrayal. 

But the party-hopping plot does not stop there. During the PH government, UMNO division stalwarts jumped ship to Bersatu in droves to save their political careers. Eager to appease their new political masters, they rinsed their hands of UMNO, who was left for dead. I know that in universities, the same hands working to push UMNO narratives to students were now the ones blocking UMNO student activities, and promoting Bersatu instead. But when PN assumed power, suddenly these rats scuttled back to UMNO as if nothing happened. UMNO and Bersatu is interchangeable as if one is merely changing clothes. Bersatu, originally envisaged to be free of money politics, a clean and activism-rooted alternative to UMNO, is now a shadow of its former self. It competes for the same voter demographic as UMNO, but offers nothing new or different. Maybe now it's time to just disband, change their clothes, and rejoin UMNO. 

2. PKR Defectors
11 MP's in total, led by Azmin Ali and Zuraida Kamaruddin. Their motivation is the murkiest here. Azmin's obsession with stepping out of Anwar's shadow ultimately cost the PH government. He brings MP's like Saifuddin Abdullah, Kamaruddin Jaafar, Edmund Santhara and Rashid Hasnon who are seemingly clean and have no skeletons in their closet, but internally must despise Anwar. One account I heard was they resented that their lobbying for ministerial positions went unheeded by Anwar. Indeed, many of them obtained cushy minister or deputy minister jobs under PN, obviously courtesy of Azmin. But to go against your entire political principle, stab your PH friends in the back, betray your voters and decide to work with your biggest enemies, the so-called corrupt and racist-laden UMNO, that really takes the cake. To Amanah and DAP, Azmin & Co.'s treachery must have hurt the most. Many of them have been fighting on the same side for 20 years. Unlike Bersatu, they had no prior issues of pro-Malayness and never had beef with any Amanah or DAP ministers or MP's. Indeed, it was then-Foreign Minister Saifuddin Abdullah who was responsible for the ICERD and Rome Statute fiascos which provided so much ammo for the UMNO and PAS bases. For this brilliant work he is now rewarded with overseeing the PN communications and propaganda ministry, working with, yep, PAS. 

Anyhow, a big question mark that hangs over this group is their political identity. For 20 years they are known to be pro-reform, pro-integrity, certainly never race-based. After leaving PKR, like homeless animals they were forced to look for shelter. Eventually Azmin et al. were taken in (or just tolerated?) by Bersatu, and party posts were created especially to accommodate them. A ""non-Malay affiliate"" membership was even created just to induct Edmund Santhara into Bersatu. Arguably, this group is taking the biggest gamble of all: if PN falls they will most likely be the biggest losers, having alienated their voters, inciting the wrath of the rakyat, and losing crucial grassroot support. The incompetent policies of the PN government must not have helped either. Ultimately, this group looks to have sacrificed their long-term survival for some myopic short-term gains. Azmin is probably the most hated man in Malaysia right now, while it's hard to see Santhara on a Bersatu ticket winning any votes in his Segamat constituency. 

3. UMNO
Oh, hindsight is a wonderful thing. Who could've predicted when Zahid Hamidi and friends decided to turn up en masse at the Sheraton Hotel to support the new PN government, he was effectively instigating civil war within UMNO. To be fair Mahiaddin was clever enough to realise this, and so cherry-picked his UMNO MP's to become ministers and deputies. Some others got cushy GLC positions, while he veered well away from the rest. That started an indelible rift within the party. Zahid probably had high hopes his and Najib's corruption cases will eventually be thrown out, but that I guess is too much of a risk for Mahiaddin. Nonetheless, like a greedy animal UMNO wanted more, and demanded more. Johor and Perak state governments fell to them. Musa Aman and Tengku Adnan got off scott-free from their corruption cases. Ismail Sabri was elevated to Deputy PM. Muafakat Nasional with PAS is all but dead (more on that later). Unsatiated still, and reflecting on the widening rift and jealousy between the UMNO haves and have-nots, and widespread grassroot sentiments who feel Bersatu has turned into UMNO's biggest threat, Zahid finally withdrew their support. Overall, a failed experiment that leaves UMNO in an arguably worse state than 18 months ago.  

However, fate is not finished with them yet. A daring and outrageous manouver, provided everything else falls into place in the next few days, could see UMNO spectacularly wresting back the PM post through Hishamuddin Hussein or Ismail Sabri and leading the country again. Unlikely? Yes, similarly unlikely as Mahiaddin emerging to be PM from the Sheraton fiasco.

4. PAS
The proverbial whore of Malaysian politics. The least deserving but the most smug party to take a seat in the government's table, giddy to finally usurp their hated Amanah rivals even if it means sneaking through the backdoor. The delusional kingmaker who spread their legs first to Najib, then to Mahathir, then finally to Mahiaddin. The hypocrites jeering Amanah and PKR for working with DAP, then without a trace of irony helped MCA's Wee Jeck Seng win the by-election in Tanjung Piai. The party with the most useless and despised chain-smoking, truck-riding, barefaced-lying, victim-insulting Menteri Besar in Kedah history. The disgraced Law Minister Takiyuddin Hassan lying to our Agong. The religion-boinkers using arwah Adib, sijil UEC and RUU355 to win Malay support, but doing f**k-all about those issues in their one and a half years in 'Kerajaan Melayu Islam'. The disgusting serial cheater of their Muafakat Nasional (MN) spouse UMNO with the more sexy but decidedly dumber chick called Bersatu, but desperately trying to convince her to allow for polygamy. Halaluna wa haramukum. Good riddance. 

5. GPS
Perhaps the only member I can empathise with in this wretched PN coalition, and the only real kingmakers at play. Similar to Warisan in Sabah, I respect that they prioritise Sarawak's interests first and foremost, and prefer to play it close to the chest, observe the Semenanjung parties duking it out, before backing the one most likely to win. For GPS, political stability is of utmost importance. Therefore I do not begrudge them supporting PN, in much the same way they supported PH after GE-14. That doesn't mean though PH won't contest against them in the next elections. Whatever it is, expect some more interesting moves from GPS in the coming days. 

Conclusion
A final takeaway message is that even though all parties have their own reasons, on their own they would not have dared to venture forth, establish PN and usurp the then government. Bersatu-UMNO-PAS alone would not have the adequate numbers to form the government without help from Azmin's gang. And Azmin in return counted on Bersatu for sanctuary and minister posts for his chums after leaving PKR. In reality it was a joint effort in which each member depended on the other to survive the ordeal. And so in essence, all were culpable. May this sad episode in our nation's history serve as a lesson in politics to the future generation.

Zach Ormston
14/8/2021",https://www.facebook.com/norlaila.othman/posts/pfbid0ueCitgXrEk7C4hKDafK53exfyUsjYwABcwhkBuZRF9W7UFCsPpnd6eRfVSeUybyil,,,negative,,0,0,0,0,0.15257721841335295,0,0.0,,,negative,0.4914092719554901,english,Mixed/Urban,sadness,0.1323959231376648,0.0394689179956913,0.05821576714515686,0.3794603943824768,0.22291338443756104,0.026881223544478416
facebook,post,3913322405559703,"PAS-Umno Ties ‘Beyond Repair’ After Coup Talk

Allegations of a plot to topple Umno leaders have damaged ties between the party and PAS “beyond repair”, according to political scientist Ahmad Fauzi Abdul Hamid.

Fauzi, a professor at Universiti Sains Malaysia, said the alleged plot highlights the deep mistrust between Umno and its rivals PAS and Bersatu.

While there is no love lost between Umno and Bersatu, ties with PAS had been strained since Umno withdrew support for Muhyiddin Yassin’s government in August 2021.

PAS and Bersatu, Muhyiddin’s party, are allies in the Perikatan Nasional coalition, while PAS and Umno are nominal allies in Muafakat Nasional.

However, Umno and PAS candidates clashed in the recent state elections in Melaka and Johor, a clear signal that PAS was putting Perikatan Nasional ahead of the Muafakat Nasional.

Fauzi said the departure of former central committee member Khairuddin Aman Razali from PAS had a lot to do with his pro-MN stance, despite PAS president Abdul Hadi Awang clearly showing a preference for PN.

“So, it isn’t that surprising if there indeed exists a PAS-Bersatu plot to outflank Umno and reclaim the prime minister’s post before the next general election,” he said. “The plotters, if they exist, will see the move as saving PN from probable humiliation and even oblivion come GE15.”

The allegations of a plot arose from leaked documents purportedly the minutes of meetings involving PAS leaders and several prominent figures from Bersatu as well as Umno.

The minutes tell of a plan to expedite the sentences of top Umno leaders who are either on trial or have been convicted on charges such as criminal breach of trust, abuse of power and money laundering.

Several PAS leaders have since denied allegations of a plot, saying the documents were an attempt to damage the party’s relationship with Umno.

However, Council of Professors fellow Jeniri Amir said he believes Umno and PAS ties are not beyond repair, though electoral cooperation for GE15 was “out of the question” at this time.

“One thing is for sure, the leaked documents definitely aggravated the situation,” he said.",https://www.facebook.com/UrbanLites/posts/pfbid02KEc3zsipsNR4i2cZXZRKyTA15QXYgzWm63oBy3NQQvpqocL1e2t3U3BWMhrhUhhGl,,,neutral,,0,0,0,0,0.5,0,0.0,,,neutral,0.6122145056724548,english,Mixed/Urban,anger,0.3526667356491089,0.06618474423885345,0.10363446921110153,0.21531839668750763,0.17944154143333435,0.01379318442195654
facebook,post,761259364442131,"————————————————

Impending Changes in The Malaysian       
                    Government 

—————————————————

Comments by : N. Parameswaran
Johor Bahru, MALAYSIA 
Thursday 24/09/2020, pm

                   ——————-

               

Anwar Ibrahim ( Head of PKR = Parti Keadilan Rakyat = National Justice Party ) called a press conference in KL yesterday morning (Wednesday 23/09/2020) n announced that he had now obtained a “strong, overwhelming,convincing” majority to overthrow the present  Moo ( = Muhiyiddin ) Govt. 

Anwar n wife ( Wan Azizah = former DPM).  had sought n had been granted an audience with the Agong. Unfortunately, the Agong had to be hospitalised at IJN (=institut Jantung Negara = National Heart Institute) , KL. So, the audience will now only take place after the Agong  is discharged from IJN. 

So far, all DAP (Lim Guan Eng, former Finance Minister) and Amanah (Mat Sabu, former Defence Minister) have announced that their Parties will b entirely behind Anwar. On Moo’s side, PAS (the Islamic Party) has announced that it would support Moo. Also, some members from UMNO n Moo’s present Perikatan Nasional/PN (National Alliance Party) 

Mahathir (now head of his newly- formed Pejuang Party)  has not said anything yet. But Anwar has left the door open for Mahathir. He has also welcomed Moo to work with the new Govt  when it is formed. 

Anwar, while reiterating that Malaysia is a predominantly Malay majority country, has also firmly stated that Malaysia must be inclusive of all the races n religions.  

MY COMMMENTS
—————————

1. With a majority of  only 2 or 3 members, it was always been expected that Moo’s PN Govt could topple any day. 

2. Moo has had to walk a tightrope to carefully keep the support of the other Parties that back him, esp of UMNO (Najib n gang) n PAS ( the Islamic Party, led by Hadi n his gang), both of whom had much earlier entered into a separate political alliance, Muafakat Nasional/MN ( = National Consensus/Compact). Moo n PN were never part of this MN. 

Hence, the power behind the throne has always been seen to b UMNO n PAS ie the Najib n Hadi gangs. Moo could not do anything without the support of both these gangs. But he did try to build up his own support  by the distribution of political posts, CLC posts, COVID assistance packages etc but it did not have the impact he might have desired. Instead, public opinion built up against him. 

3. If Anwar’s claim is accepted by the Agong, then Anwar would become the next PM. He has not named anyone else for other posts but, in response to the media yesterday, he categorically excluded  his wife Wan Azizah as the DPM. 

4. If  Anwar’s claim is not accepted by the Agong for whatever reason or if the Agong decides that it may b in the best interest of the country to end the political uncertainties that have bedevilled Malaysia for some time now, he may yet decide to dissolve Parliament ( he is the only one who can decide this).  In such an event, the country will go into a general elections soon. 

5. The focus of the country today is on the State Assembly elections in Sabah two days from now, on Saturday 26/09/2020. 

All the top personalities from Peninsular Malaysia on both sides of the political divide have gone on an active campaign trail in Sabah, including Moo, Lim Guan Eng  n others. 

The local campaigns  have been very anti- Peninsular Malaysia. 

The Party n personality who seems to command the highest  support is Shafie Apdal, the Chief Minister who heads the Warisan Plus Party. Shafie also had held various Federal posts at the Ministerial n other levels in the past. Shafie’s  call for Sabah to be given it’s proper economic rights n dues in Malaysia  n also his desire to build a Sabah inclusive of all races n religions has won widespread  appeal in Sabah n also resonates well in Peninsular Malaysia. 

If Shafie wins, he n his Party will certainly support Anwar. 

It is noteworthy to recall that in the midst of the recent political debacle in Malaysia, following Mahathir’s resignation as PM,  Shafie Apdal was identified by Mahathir as a possible candidate for the post of the next PM. 

6. This Saturday’s  Sabah State elections wlll certainly have strong ripples all over Malaysia ( including Sarawak) n could well b a game changer in the politics of Malaysia in the days ahead. 

—————————————————",https://www.facebook.com/BinaMalaysia/posts/pfbid02aqdTJPDAGXupwKUN8psxC57KWK8GkVuqrFWyjPFQAkRFGAvk9N7PhwZ861BR9Ahjl,,,neutral,,0,0,0,0,0.5,0,0.0,,,neutral,0.8492944836616516,english,Mixed/Urban,happy,0.0656927227973938,0.22887349128723145,0.3892233967781067,0.06462862342596054,0.06321918219327927,0.05417822301387787
