Platform,Type,ID,Text,URL,Parent_Post_URL,Parent_Post_ID,Sentiment,Date,likes,shares,comments_count,views,sentiment_score,total_engagement,engagement_score,sentiment_label,sentiment_confidence,detected_language,demographic,emotion_primary,emotion_anger,emotion_fear,emotion_happy,emotion_sadness,emotion_love,emotion_surprise
tiktok,post,7628966921878162696,kalian pasti butuh kasir yang seperti ini kan? #fypシ゚ ##fypシ゚ #fyppppppppppppppppppppppp,https://www.tiktok.com/@adriadzar00/video/7628966921878162696,,,negative,2026-06-08 22:50:37.655313,250500,17700,2094,3800000,0.14409151822328567,308294,295982.0,negative,0.5196949392557144,multilingual,Unknown,love,0.06103280186653137,0.0484774075448513,0.02333120070397854,0.07743486016988754,0.6917241811752319,0.05280380696058273
tiktok,post,7628151245571673365,"Kreator konten Jerome Polin rugi hingga Rp 38 miliar akibat dugaan fraud di internal Menantea, bisnis minuman teh yang ia dirikan bersama kakaknya, Jehian PS.

Laporan keuangan yang selama ini dikirim melalui Excel ternyata dimanipulasi. Jerome baru mengetahuinya pada 2023 saat keuangan perusahaan kosong dan saldo rekening tidak sesuai laporan.

Akibatnya, seluruh gerai Menantea akan ditutup pada 25 April 2026 setelah lima tahun beroperasi. Jerome bahkan menggunakan uang pribadi untuk menyelamatkan operasional hingga kontrak mitra berakhir.

🎥: @jeromepolin @menantea.toko

Penulis: Rintan Puspita Sari , Rintan Puspita Sari
Kreatif: Jessica Meisya Kurnia
Produser: Elizabeth Ayudya Ratna Rininta

~J #JeromePolin #Bisnis #Voice",https://www.tiktok.com/@kompascom/video/7628151245571673365,,,neutral,2026-06-08 22:50:50.801996,197400,9128,1407,4800000,0.5,255935,224677.0,neutral,0.9952057003974915,malay,Malay/Bumiputera,anger,0.37609949707984924,0.18297207355499268,0.07013321667909622,0.07980312407016754,0.07100541889667511,0.04616416618227959
tiktok,post,7371677174962670854,Pilih salah satu investasi 🤑. Special guest: @yeyenbudianto #reksadana #investasipemula #tipsinvestasi,https://www.tiktok.com/@doddybicarainvestasi/video/7371677174962670854,,,neutral,2026-06-08 22:50:45.330483,97200,4520,937,2300000,0.5,125657,111351.0,neutral,0.9721401333808899,malay,Malay/Bumiputera,no_clear_emotion,0.049067456275224686,0.02281874231994152,0.1519516408443451,0.022353369742631912,0.3121791183948517,0.026694532483816147
tiktok,post,7623355178342829333,"“BELI EMAS DIKIRA PELABURAN KE”

Tetamu kali ini adalah @drzaharuddin CEO Elzar Group & Penasihat KEWANGAN SYARIAH ISLAM

Tonton Podcast Penuh di Channel Merah BuatSaja Podcast.

#FinancialSajaPodcast, Podcast Inspirasi Kewangan On The Way Nombor 1 di Malaysia.

#PodcastMalaysia #KisahInspirasi #drzaharuddin #Elzargroup",https://www.tiktok.com/@financialsaja.podcast/video/7623355178342829333,,,neutral,2026-06-08 22:50:59.337399,51600,24300,757,1300000,0.5,89657,103771.0,neutral,0.997245192527771,malay,Malay/Bumiputera,no_clear_emotion,0.06573498994112015,0.03820820525288582,0.0671730563044548,0.046795595437288284,0.2981991171836853,0.11914971470832825
tiktok,post,7347160759027223813,Emang harus sabar2 kalo jualan😂 #spareparts #banyuwangi #sparepartmotor,https://www.tiktok.com/@ulfysss_/video/7347160759027223813,,,neutral,2026-06-08 22:50:43.086516,94200,757,968,2600000,0.5,121925,101218.0,neutral,0.8150923252105713,english,Mixed/Urban,love,0.07450521737337112,0.026372311636805534,0.045026734471321106,0.032894134521484375,0.7470659017562866,0.01795991323888302
tiktok,post,7630294998071676180,Modus PENIPUAN Terbaru ! Cara Mengenali Scam Call hening. Share Ke Orang Tersayang Kalian agar jangan menjadi Korban Scam ini #pikirduakali #moduspenipuan #ai #info #terbaru2026,https://www.tiktok.com/@kabar.62/video/7630294998071676180,,,positive,2026-06-08 22:50:39.211831,31800,30200,596,1200000,0.8350088119506835,74596,95188.0,positive,0.4500293731689453,multilingual,Unknown,love,0.07131467759609222,0.08081541210412979,0.03154442459344864,0.1908157616853714,0.45059359073638916,0.11259230226278305
tiktok,post,7617412908158520596,"siapa yang ingin berdiri tegak dimasa-masa sulit, perbanyaklah Dzikrulloh. #hananattaki #ustadzhananattaki #kajianustadzhananattaki #ayahamanah #sharingtime",https://www.tiktok.com/@kajian.ust.hanan.attaki/video/7617412908158520596,,,negative,2026-06-08 22:50:37.289685,52800,6756,350,874600,0.10720489919185638,68652,68236.6,negative,0.6426503360271454,multilingual,Unknown,love,0.10272878408432007,0.06166037172079086,0.08838202059268951,0.03629191592335701,0.5863776803016663,0.024038558825850487
tiktok,post,7340682249584610566,bismillah bisa istiqomah#wirid #nabikhidir #tarikduit #amalanpelunashutang,https://www.tiktok.com/@faniardianaummani/video/7340682249584610566,,,neutral,2026-06-08 22:50:38.902106,23100,11000,1246,860600,0.5,43952,49698.6,neutral,0.7131322026252747,english,Mixed/Urban,love,0.0904078334569931,0.052093200385570526,0.11702140420675278,0.05385429784655571,0.3884013593196869,0.052833348512649536
tiktok,post,7474552135703645446,"Buat kalian yg suka bingung kenapa bisnisnya ga laku, bisa jadi penyebabnya ada disini 🗿 #tutorial #genz #bisnis #selling",https://www.tiktok.com/@iqbalsalmon3/video/7474552135703645446,,,negative,2026-06-08 22:50:35.663689,38700,4236,697,331600,0.17321685701608658,46949,49594.6,negative,0.42261047661304474,multilingual,Unknown,sadness,0.04627484455704689,0.1545594036579132,0.007108455989509821,0.7208749651908875,0.01867363229393959,0.03593678027391434
tiktok,post,7643048726575025425,Udh sejauh ini masak gk bisa 2M sih😅😅,https://www.tiktok.com/@norraaa3v_/video/7643048726575025425,,,neutral,2026-06-08 22:50:42.448767,38900,1560,284,383700,0.5,44581,43255.7,neutral,0.997104823589325,malay,Malay/Bumiputera,fear,0.020062757655978203,0.5777682662010193,0.014260080642998219,0.09445226192474365,0.013374144211411476,0.2608521282672882
tiktok,post,7608288592938552594,"klarifikasi iben soal seafood bakaran yang bakal tutup

@iben_ma @attahalilintar 
#attahalilintar #iben #seafoodbakaran #dagingtalk #bisnis",https://www.tiktok.com/@ytta.clip8/video/7608288592938552594,,,neutral,2026-06-08 22:50:49.508421,31700,522,204,1100000,0.5,43426,34456.0,neutral,0.8498888611793518,english,Mixed/Urban,no_clear_emotion,0.10162711888551712,0.09179066121578217,0.15779328346252441,0.035985492169857025,0.12914125621318817,0.044671908020973206
tiktok,post,7643866430659677461,"Pabrik Nikel China Mulai Bangkrut & Tutup

Efek domino dari regulasi yang sering berubah-ubah di sektor pertambangan Indonesia. Investor luar yang tadinya bawa modal gede pun akhirnya bisa ikutan boncos! 💸

#andryhakim #stockwise #liputan6sctv #NikelIndonesia #Hilirisasi #PabrikNikel #InvestasiChina #SahamKomoditas #Regulasi 

Nonton Selengkapnya di Youtube  ⁨@liputan6_news⁩",https://www.tiktok.com/@hatxclip/video/7643866430659677461,,,neutral,2026-06-08 22:50:48.128950,21200,3238,999,895000,0.5,34387,31568.0,neutral,0.8034220933914185,english,Mixed/Urban,no_clear_emotion,0.055501800030469894,0.04163222387433052,0.08939047902822495,0.047181881964206696,0.18425260484218597,0.07590596377849579
tiktok,post,7565845257997356296,"Ide jualan satu ini menjanjikan banget ! Dijua 7rban masih balik modal kok 😬 asli rasa es campurnya seger dan creamy nya dapet banget bunda 🤤 aghhhh enak poll pokoknya kalian wajib bikin cdan cocok buat dijual yaaa 😍✨

🍧 RESEP ES CAMPUR KEKINIAN 

Bahan es jelly

-3 varian jelly 
-3 sdm gula pasir x 3
-700 ml air x 3
-pewarna makanan

Bahan sirup gula 

-500 gr gula pasir
-500 ml air
-2 sdm pasta frambozen
-1 daun pandan

Bahan kuah creamy

-500 ml air
-1 pandan
-200 gr krimer 
-1/2 sdt garam

-buah semangka
-alpukat
-nata de coco
-es batu 

✏️ Cara membuat simak di video

IB @niahermanto25 
🍳 cookware by @muliya_cookware 
SAUCE POT
With Steamer 
Muliya Cookware

✅ Stainless Steel 304 tebal
✅ mirror finish rapi
✅ PFOA free
✅ Mudah dibersihkan 
✅ SNI
✅ Harga terjangkau
✅ Bisa merebus & kukus

#escampur #escampurlekinian #escampurlegend",https://www.tiktok.com/@mardatillahika/video/7565845257997356296,,,positive,2026-06-08 22:50:52.716871,17600,4189,422,1400000,0.9975313484668731,36211,28644.0,positive,0.9917711615562439,malay,Malay/Bumiputera,anger,0.3042440712451935,0.07988617569208145,0.11729727685451508,0.05851928889751434,0.286379873752594,0.034812361001968384
tiktok,post,7528677190855101701,"Kenapa banyak bisnis kuliner yang tutup?
Setiap hari kita lihat cafe dan warung baru bermunculan. Tapi... yang bertahan cuma segelintir.

Saya rangkum dari pengalaman belasan tahun di lapangan:
✅ Banyak saingan
✅ Biaya operasional tinggi
✅ Margin untung tipis
✅ Lokasi jadi dilema
✅ Tren cepat berubah

Kalau gak siap, bisnis kuliner bisa jadi bumerang.
Jangan cuma ikut-ikutan, tapi pahami permainannya.
Karena di dunia kuliner, bukan yang paling enak yang menang, tapi yang paling kuat dan adaptif.

—

Pernah buka usaha kuliner juga? Ceritakan pengalamanmu di kolom komentar 👇
#BisnisKuliner #UsahaMakanan #KakiLimaNaikKelas #RestoViral #CafeKekinian #KulinerIndonesia #BelajarBisnis #TipsUsaha #MentalPengusaha #FoodBusiness #WisdomBisnis #BisnisAnakMuda #MotivasiUsaha #FaktaBisnis #ResikoBisnis #BukaUsaha #KontenBisnis #tekyang #tekyang88 #tywisdom",https://www.tiktok.com/@tekyang88/video/7528677190855101701,,,negative,2026-06-08 22:50:29.828667,8677,6810,534,583200,0.00048630237579344593,21853,24482.2,negative,0.9983789920806885,malay,Malay/Bumiputera,fear,0.24592778086662292,0.24982976913452148,0.048449985682964325,0.0682450383901596,0.18298622965812683,0.0757230818271637
tiktok,post,7632346341154262279,"Lucu gelagat @Mas ni ada saja soalan nak beli CHIKURO viral dari INDONESIA kat EDB🤣🌶️ So korang yang belum merasa lagi/join FOMO, save the date guys🤯: 

 📅 25/4/26-26/6/26 (WEEKEND)

Stock 500pcs CHIKURO available di kedai tau! Besok (Sabtu) mendarat lagi 😍

⏰ Waktu Operasi: 
12 tengahari - 12 malam (Setiap Hari)
📍Waze/Google Maps:
Emma Delicious Bakery (Hq)
Gbs Helmet Setapak
(Bawah Gbs Helmet)
C-1-1, Residensi 357 Setapak
(The Nest) Lorong 2/23D, Setapak, KL

#emmadeliciousbakery #kedaidessert  #viral #kualalumpur #chikuro",https://www.tiktok.com/@emma_delicious_bakery/video/7632346341154262279,,,neutral,2026-06-08 22:50:30.832367,13200,624,66,363900,0.5,17529,15009.9,neutral,0.7699803709983826,english,Mixed/Urban,surprise,0.024943500757217407,0.1754550337791443,0.05771710351109505,0.043880678713321686,0.14770177006721497,0.3941042423248291
tiktok,post,7644776689372859669,"Orang ini blakblakan ngomong kalo ngutang itu lebih baik daripada menabung kalo tinggal di indonesia?

@PIPO HARGIYANTO 

#pipohargiyanto #utangproduktif #investasiproperti #rahasiabank #bisnisminimarket",https://www.tiktok.com/@cuanclipsz/video/7644776689372859669,,,negative,2026-06-08 22:50:31.517364,9996,1657,188,635100,0.031227850914001487,18192,14509.1,negative,0.8959071636199951,malay,Malay/Bumiputera,love,0.07636289298534393,0.017923742532730103,0.0761399120092392,0.021616490557789803,0.7110720872879028,0.01834977976977825
tiktok,post,7549889109087735048,"every business owner out there going through hard times ,low sales, poor visibility, unstable flow…I want you to know you’re not alone.

This economy has been tough, and I’ve seen so many businesses close down, even ones that have been built with years of sweat and sacrifice. It’s heartbreaking 💔.

But please, don’t lose hope. Every storm eventually passes. Keep showing up, keep pushing, keep believing in the work of your hands. Your consistency, resilience, and prayers will speak for you.

🙏 My prayer for you this week:
Our Your business will not die? Sales will meet you where we are, God will breathe fresh life, new clients, and divine visibility into your work, we will rise above this economy and testify of abundance.

Remember sometimes it’s darkest just before the breakthrough. Don’t quit now. We will win together.",https://www.tiktok.com/@rhiks_place/video/7549889109087735048,,,negative,2026-06-08 22:50:28.443241,10900,627,451,130700,0.180547097325325,13285,13637.7,negative,0.3981763422489166,english,Mixed/Urban,fear,0.13071036338806152,0.40231016278266907,0.17105279862880707,0.21305179595947266,0.04148705303668976,0.021360643208026886
tiktok,post,7634221617689726226,LC lebih menggoda #LC #xybca #fyppppppppppppppppppppppp #fypage #jjkatata,https://www.tiktok.com/@bangriyan294/video/7634221617689726226,,,neutral,2026-06-08 22:50:39.544798,8957,1004,240,571300,0.5,15914,12256.3,neutral,0.9173668622970581,english,Mixed/Urban,love,0.03621450066566467,0.046960409730672836,0.2601184546947479,0.019263381138443947,0.42974790930747986,0.13935767114162445
tiktok,post,7641126964325043477,Duit lama bukan semua ada harga,https://www.tiktok.com/@michealduitlamaxx/video/7641126964325043477,,,neutral,2026-06-08 22:50:59.980374,6289,963,441,268900,0.5,10382,9806.9,neutral,0.3624255955219269,multilingual,Unknown,love,0.0630277767777443,0.0612829364836216,0.015544839203357697,0.21670010685920715,0.46094024181365967,0.1161927804350853
tiktok,post,7576942691871706376,"❗️17 Ide Bisnis 3 Jutaan yang Diam-diam Banyak Peminatnya‼️

Mau mulai usaha tapi modal pas-pasan?
Ini 17 ide bisnis yang realistis dimulai dari modal 3 jutaan.
Cocok buat karyawan, mahasiswa, atau ibu rumah tangga yang mau nambah pemasukan.

⚡ Bisa dimulai dari rumah
⚡ Risiko kecil
⚡ Potensi cuan cepat

#bisnismodal3juta  #idebisnis2025  #bisnisanakmuda  #usahakecilkecilan  #fyppppppppppppppppppppppp",https://www.tiktok.com/@nethubglobal/video/7576942691871706376,,,positive,2026-06-08 22:50:43.395852,6691,875,72,1100000,0.9987372517585753,18638,9757.0,positive,0.9957908391952515,malay,Malay/Bumiputera,surprise,0.03166820481419563,0.136520117521286,0.09963265806436539,0.035517368465662,0.12225659936666489,0.3253159821033478
tiktok,post,7608186509321112853,Hal terpenting yang perlu dilakukan ketika baru pertama kali buka toko sembako #tipsandtricks #warungsembako #fypシ゚viral #pemula,https://www.tiktok.com/@m.arnalamanggalakusuma/video/7608186509321112853,,,neutral,2026-06-08 22:50:40.164949,6658,697,316,225600,0.5,9927,9225.6,neutral,0.8584191203117371,english,Mixed/Urban,no_clear_emotion,0.03571444749832153,0.05312734469771385,0.10136229544878006,0.027090590447187424,0.20142169296741486,0.06465800851583481
tiktok,post,7641940243590974741,"FIR'AUN dijaman kita
#firaun  #omonomon #viral #fyp",https://www.tiktok.com/@pria.sederhana432/video/7641940243590974741,,,neutral,2026-06-08 22:50:35.365994,4210,1405,470,247000,0.5,8555,8677.0,neutral,0.8876957893371582,english,Mixed/Urban,love,0.07086443901062012,0.03561285138130188,0.08180985599756241,0.04317129775881767,0.5076565146446228,0.04022141918540001
tiktok,post,7276858829395037445,gimana perasaanmu ketika kita sedang susah tapi tak seorangpun mau mengulurkan tangan... #katakatasedih #katakatasindiran #story #storysad #fyp #fypシ  #CapCut,https://www.tiktok.com/@suprek.uyee/video/7276858829395037445,,,negative,2026-06-08 22:50:58.956131,3080,2180,33,229800,0.07975713908672333,7591,7768.8,negative,0.7341428697109222,multilingual,Unknown,sadness,0.02280481904745102,0.043362513184547424,0.007871512323617935,0.8745629191398621,0.023312119767069817,0.016910582780838013
tiktok,post,7624708650413722901,"Membalas kepada @@ajib Pilot8388 ok tak..cer komen sikit🗣️
@Tan Tin Tun 
#myvi #sunroof

WAKTU PERNIAGAAN ;
☑️masa [ 9.00 pagi - 7.00 petang ]
☑️hari buka [ selasa - ahad ]
      setiap isnin [ tutup]
☑️Sembahyang jumaat [1.00 ptg - 2.30 ptg]
☑️surau dan bilik rehat disediakan
☑️kedai dilengkapi CCTV
⛔️PROSES PEMASANGAN SUNROOF AMBIL MASA 
 4 JAM - 6 JAM 

🅾️REPAIR SUNROOF SELASA - KHAMIS SAHAJA
🅾️BOLEH TUNGGU |  TINGGAL KERETA

012-219 . 1392  |  MR.SUNROOF
SUNROOF MOTORSPORT
no.37/04 [STOR]
JALAN SG JATI ,KLANG ,SELANGOR
#sunroofmotorsport #sunroof #sunroofmurahklang",https://www.tiktok.com/@boss.shakirin/video/7624708650413722901,,,neutral,2026-06-08 22:50:35.032732,6080,614,116,76600,0.5,7576,7732.6,neutral,0.7016820311546326,malay,Malay/Bumiputera,no_clear_emotion,0.21533578634262085,0.04626891016960144,0.08950065821409225,0.03958612307906151,0.1295735239982605,0.04712647199630737
tiktok,post,7326189022756359430,Info join kemitraan paket es teller  sultan bisa hubungi kontak atau link di bio ya kak #paketusahamurah #esteler #usahakekinian #usahaviral #froztice,https://www.tiktok.com/@es.teler.froztice/video/7326189022756359430,,,neutral,2026-06-08 22:50:45.028084,4597,703,302,409600,0.5,9698,7318.6,neutral,0.9976500868797302,malay,Malay/Bumiputera,love,0.04146463796496391,0.025017326697707176,0.07312330603599548,0.0206331554800272,0.6186683177947998,0.03481072932481766
tiktok,post,7528895753888992519,izleyen çok sey kazanır,https://www.tiktok.com/@shmeran00/video/7528895753888992519,,,neutral,2026-06-08 22:50:31.877138,3610,1390,168,217400,0.5,7342,7111.4,neutral,0.8326517939567566,english,Mixed/Urban,love,0.035810258239507675,0.018057025969028473,0.07091469317674637,0.025180326774716377,0.7028383016586304,0.03084390237927437
tiktok,post,7642531700819643668,#jawatankosong #kilang #panasonic #malaysia #terbaru #2026 #job #berjaya #fyp #fouryoupage #masukberanda #lowongankerja #fyppppppppppppppppppppppp,https://www.tiktok.com/@job_vacanciesinmalaysia/video/7642531700819643668,,,neutral,2026-06-08 22:50:53.025477,3199,1399,303,198200,0.5,6883,7104.2,neutral,0.916396975517273,english,Mixed/Urban,love,0.1070512905716896,0.07113228738307953,0.1949799358844757,0.03263348340988159,0.3533245921134949,0.028809404000639915
tiktok,post,7572165298535550216,"In this economy lebih butuh lamaran pekerjaan biar banyak cuan dari pada lamaran buat lanjut ke jenjang pernikahan 😏💸

Dengan gaji up to 8 juta dijamin bisa dapet persetujuan calon mertua. Yuk gabung jadi Driver Huling (Haus! Keliling). Bisa isi link yang ada di profile haus buat daftar! 🛵🤑

#infoloker #lokerjabodetabek #lokerjakarta #lokerhaus #lokerhauskeliling",https://www.tiktok.com/@haus.indonesia/video/7572165298535550216,,,negative,2026-06-08 22:50:55.984956,4219,591,168,227400,0.08384034633636475,7252,6132.4,negative,0.7205321788787842,multilingual,Unknown,love,0.06751558184623718,0.03690388426184654,0.10710828006267548,0.03264536336064339,0.6430009007453918,0.02992241643369198
tiktok,post,7601753974122892565,"Gimana, masih tertarik??
Jangan fokus sama keuntungan terus, sesekali pamerin floating lossnya biar ga dikira untung terus😭🤣 #saham #stock #fyp #ihsg #CapCut",https://www.tiktok.com/@penggunatidaktersedia0/video/7601753974122892565,,,negative,2026-06-08 22:50:36.960100,3644,321,473,82000,0.14747942090034485,5258,5787.0,negative,0.5084019303321838,english,Mixed/Urban,surprise,0.03685581311583519,0.07773752510547638,0.07592612504959106,0.035170722752809525,0.24926573038101196,0.4314725697040558
tiktok,post,7567231002255330567,Tiktok di blokir permanen tapi punya tagihan tiktok paylater #paylatertiktok #akundiblokir,https://www.tiktok.com/@ika_berau/video/7567231002255330567,,,negative,2026-06-08 22:50:43.712967,2286,652,529,145500,0.000483262538909901,4922,5322.5,negative,0.9983891248703003,malay,Malay/Bumiputera,love,0.11742161959409714,0.050878722220659256,0.07797125726938248,0.029254212975502014,0.3508690595626831,0.03531572222709656
tiktok,post,7602856721991634197,"yuh letsgo🚀 tek spill Hidden Gems sing ana ning Karangsinom kih cah💎 arane Kedai Kopi Lancar Barokah @Lancar Barokah Coffee Roaster 🥳 kosian tempate adem banget nggo nongkrong bari ngopi kih . jujur menu e rekomended lan ekonomis banget , cocok kih nggo Gen Z , tua , enom pada nongkrong 😁👌 cung sing dau weruh ? coba komen dibawah ‼️ gasskeuun langsung meng lokasi 🚀 #indramayupride🏴‍☠️ #indramayu #indramayutaiwan🇮🇩🇹🇼 #nongkrong #ngopi",https://www.tiktok.com/@mamandoglong/video/7602856721991634197,,,neutral,2026-06-08 22:50:34.091135,3373,612,187,127900,0.5,5451,5285.9,neutral,0.9976115226745605,malay,Malay/Bumiputera,love,0.1671636700630188,0.04456207901239395,0.15220628678798676,0.03352443873882294,0.5075024962425232,0.02173994481563568
tiktok,post,7359167858708106502,"Rekomendasi toko sayur terlengkap dan termurah di Malang 🤩 
Cocok untuk semua kalangan mulai dari anak kos, IRT, rumah makan, cafe dll 🤩🤩🤩

Yuk cobain belanja di WSS !
Store cabang malang ada disini yaaa...👇
📍WSS Sentani Sawojajar 
📍WSS Candi Panggung
📍WSS Kalpataru
📍WSS Sulfat

#warungsayursegar #tokosayur #jualsayur #rekomendasi #fyp #belanjasayur #sayuronline #tokosayurviral #tokosayurlengkap #tokosayurmoderen 
#rasasayange 
#rekomendasibelanjasayur 
#tiktok",https://www.tiktok.com/@warungsayursegar/video/7359167858708106502,,,neutral,2026-06-08 22:50:46.878114,2895,869,42,246800,0.5,6274,5005.8,neutral,0.9794034361839294,malay,Malay/Bumiputera,love,0.111118383705616,0.0721060261130333,0.044927872717380524,0.13676047325134277,0.5372892618179321,0.043813299387693405
tiktok,post,7606550968309779732,"why Amazon stock price is Dropping? what's the reason 🤔 
#amazon #stocks #finance #investing",https://www.tiktok.com/@growwithjasmeet/video/7606550968309779732,,,negative,2026-06-08 22:50:47.824084,2478,950,65,121700,0.11452410221099854,4710,4694.7,negative,0.6182529926300049,english,Mixed/Urban,no_clear_emotion,0.04549599811434746,0.02683830074965954,0.031267810612916946,0.10562079399824142,0.23760540783405304,0.12729230523109436
tiktok,post,7612516342394096914,"Jangan sampai tertipu dengan angka di atas kertas. Banyak UMKM yang terlihat sukses karena penjualannya tinggi, tapi akhirnya harus tutup karena masalah cash flow.
​Ingat pesan ini:
✅ Berpikir Struktural
✅ Bertindak Rasional
​Fokuslah pada keberlanjutan, bukan hanya pada penampilan luar yang terlihat besar. Bisnis yang kuat adalah bisnis yang bisa bertahan.
​#MentalPengusaha #EdukasiBisnis #UMKMNaikKelas #FinansialBisnis #OwnerUMKM",https://www.tiktok.com/@golden.birds67/video/7612516342394096914,,,negative,2026-06-08 22:50:30.181344,2658,669,98,146900,0.0010344386100769043,4894,4436.9,negative,0.9965518712997437,malay,Malay/Bumiputera,happy,0.04411669075489044,0.31652089953422546,0.38688889145851135,0.03564479574561119,0.05325055122375488,0.06888358294963837
tiktok,post,7604233738146401556,Jangan lupa mulai kumpulin uang untuk ngurus surat2 nya juga yah 🫰🏻,https://www.tiktok.com/@andriegiegie1/video/7604233738146401556,,,negative,2026-06-08 22:50:58.242790,2391,757,56,98100,0.07927988469600677,4185,4171.1,negative,0.7357337176799774,multilingual,Unknown,love,0.04748480021953583,0.035522278398275375,0.07034560292959213,0.02320188097655773,0.7369251251220703,0.0264445673674345
tiktok,post,7489739478949530898,bisnis yang cocok untuk para pemula yang mau mulai berbisnis menjadi reseller atau afiliator di komunitas Sahara full bimbingan#peluangbisnis #bisnisonline #komunitassahara,https://www.tiktok.com/@rosmiati.sahara/video/7489739478949530898,,,positive,2026-06-08 22:50:47.184634,1184,642,263,18100,0.9260723561048507,2270,3275.1,positive,0.7535745203495026,multilingual,Unknown,no_clear_emotion,0.03745471313595772,0.03006010875105858,0.29007720947265625,0.02411150187253952,0.25231727957725525,0.047846484929323196
tiktok,post,7612152722799791381,"Perbandingan investasi saham dan buka usaha di F&B.

#investasisaham #fyp #trendingnow #kevinhendrawaninvesting #kevinhendrawan",https://www.tiktok.com/@kevinhendrawanclipper/video/7612152722799791381,,,neutral,2026-06-08 22:50:41.481258,2297,303,26,80600,0.5,3432,3061.6,neutral,0.8837823271751404,english,Mixed/Urban,no_clear_emotion,0.06283571571111679,0.018443508073687553,0.08202332258224487,0.02807590737938881,0.3386053144931793,0.03150429576635361
tiktok,post,7621182470662229269,20 bisnis kecil perputaran cepat #ideusaha #idebisnis #idebisnisrumahan #bisnisviral #bisnispemula,https://www.tiktok.com/@sultandarilahir/video/7621182470662229269,,,neutral,2026-06-08 22:50:56.294383,2075,239,16,285000,0.5,5180,2886.0,neutral,0.8777245283126831,english,Mixed/Urban,no_clear_emotion,0.07011803239583969,0.040445342659950256,0.18558591604232788,0.03157617896795273,0.25635629892349243,0.03874070942401886
tiktok,post,7603299063710158100,"Untuk ASN, urusan Nikah juga ada aturannya kawan

Syarat nikah ASN secara umum:
✔ Pernikahan harus sah secara hukum
✔ Setelah menikah wajib melapor ke instansi
✔ Data kepegawaian wajib diperbarui

Nah… khusus urusan poligami, aturannya JAUH lebih tegas:

ASN pria yang ingin beristri lebih dari satu
👉 WAJIB izin tertulis dari pejabat, dengan syarat:

Persetujuan tertulis dari istri sah

Penghasilan cukup menafkahi keluarga

Jaminan tertulis akan berlaku adil

Prosedur resmi melalui atasan

Tanpa izin = pelanggaran disiplin berat.

Dan untuk ASN wanita:
🚫 dilarang menjadi istri kedua/ketiga/keempat. #syaratnikah #asnpoligami",https://www.tiktok.com/@asnlite/video/7603299063710158100,,,positive,2026-06-08 22:50:33.780817,659,838,58,156900,0.9706594586372375,3124,2665.9,positive,0.9021981954574585,malay,Malay/Bumiputera,no_clear_emotion,0.13042140007019043,0.07215636223554611,0.08074615895748138,0.05576400086283684,0.19109676778316498,0.08019468933343887
tiktok,post,7615457269907459349,"Banyak yang kira buka usaha kuliner harus modal besar. Padahal jualan es potong bisa mulai dari modal sekitar 2 jutaan aja. Produksinya simpel, variannya banyak, dan kalau konsisten jualannya… banyak mitra yang sudah buktiin 1 bulan bisa nutup modal. Jadi kalau lagi cari usaha yang realistis buat mulai, ini salah satu yang lagi banyak dicoba. Detailnya aku taruh di bio ya 👀

#espotongsingapore #peluangusaha #usaha2jutaan #bisniskuliner #idejualan",https://www.tiktok.com/@uncle.fang.official/video/7615457269907459349,,,positive,2026-06-08 22:50:40.518509,1277,371,149,129700,0.9962648808956145,3094,2595.7,positive,0.9875496029853821,malay,Malay/Bumiputera,love,0.06233718991279602,0.07198911905288696,0.08152732998132706,0.04741538316011429,0.36030858755111694,0.12074016779661179
tiktok,post,7623394927661157633,"Kisah kedai diSihir, disihir supaya kedai bangkrup tutup kedai pindah kedai. #sihir #kedaimakan #buhul #rawatanalternatif #ibnumustoffa",https://www.tiktok.com/@ibnumustoffaofficial/video/7623394927661157633,,,negative,2026-06-08 22:50:49.187690,1844,138,49,185900,0.08938857614994047,3890,2452.9,negative,0.7020380795001984,multilingual,Unknown,no_clear_emotion,0.24364779889583588,0.081667460501194,0.029023021459579468,0.1479473114013672,0.07687696814537048,0.08917345851659775
tiktok,post,7643031849186479381,"cara war tiket konser di tiket. com
1. buka tab loket (pastikan sudah login/sudah punya akun tikom)
2. pilih section 
3. siapkan data diri (nama, email, no HP, nik) 
4. pilih payment
- VA Bank : BRI, BNI Mandiri, BCA
- CC/debit
- e wallet: ovo, dana, gopay, spay

#wartiket #tiketcom #tikom #membership #armybts",https://www.tiktok.com/@yaynyam/video/7643031849186479381,,,negative,2026-06-08 22:50:48.751227,912,443,203,43800,0.14618549197912215,1996,2450.8,negative,0.5127150267362595,multilingual,Unknown,no_clear_emotion,0.03761916607618332,0.043110527098178864,0.023201098665595055,0.02265564352273941,0.07858048379421234,0.07948897033929825
tiktok,post,7630966586513329416,#buku #rismon #jk #ijazahpalsu #viral,https://www.tiktok.com/@dutachamplads/video/7630966586513329416,,,neutral,2026-06-08 22:50:41.804931,1720,95,100,47800,0.5,2393,2257.8,neutral,0.9150158166885376,english,Mixed/Urban,love,0.0730338841676712,0.023184364661574364,0.04579543322324753,0.02839556895196438,0.6670745015144348,0.01840047724545002
tiktok,post,7613208984786357525,"Wah kalau gini strategi closingmu yang diuji!

#josshhuaabraham #josshhuaxbosum #salesmentor #businesscoach #salestraining",https://www.tiktok.com/@josshhua.growthmentor/video/7613208984786357525,,,negative,2026-06-08 22:50:57.887319,1419,299,51,46900,0.0010406434535980003,2238,2216.9,negative,0.9965311884880066,malay,Malay/Bumiputera,no_clear_emotion,0.039276301860809326,0.01772252842783928,0.0693306177854538,0.02407638542354107,0.3699813783168793,0.03192773088812828
tiktok,post,7626619574351432981,"Seller bangkrut karna cuma mikir perputaran CASHFLOW 1-2M per hari itu AMAN BANGETTTT
Margin 2-3% aman lahhh kan OMSET ku JUMBOOOOO🫨
Inget ga sih? Aku pernah cerita omset bersih ku sehari ratusan juta, tapi pas tarik data MINUS puluhan juta
Lah kok bisa ci??
Itu lah miss management marketing yg minim pemantauan
Darisitu aku belajar perbaiki cara kontrol penjualan, cara kontrol promosi, cara kontrol iklan all jobdesk marketing aku obrak abrik
🗣️ Butuh waktu brp lama ci?? 
👱🏻‍♀️ Hitungan tahun
Hahahaha memperbaiki itu lebih susah daripada bangun sesuatu yang baru
Jaman kalian mah enak, pusing penjualan tinggal serahin ke ciciKELOLA, semua udah diatur minim resiko kerugian
Jadi jangan pernah mikir secara jangka pendek OMSET jumbo PROFIT pasti jumbo
Belom TENTU 😊
#omset #management #onlineshop #bisnisonline #businessonline",https://www.tiktok.com/@mellycandrawan/video/7626619574351432981,,,negative,2026-06-08 22:50:49.839655,1277,332,64,67800,0.0005060791969299094,2351,2200.8,negative,0.9983130693435669,malay,Malay/Bumiputera,no_clear_emotion,0.11427801847457886,0.20150576531887054,0.07802645862102509,0.07790014147758484,0.16308768093585968,0.11984699219465256
tiktok,post,7645998117367598354,"Membalas @te.astuti putra sudah kehabisan modal gara2 pesanan nya di batalkan oleh ibu Eda senilai Rp 1,8 juta 😭😭😭😭#fyp #fypシ゚ #fypage",https://www.tiktok.com/@yohend.martin54/video/7645998117367598354,,,neutral,2026-06-08 22:50:34.708433,1579,56,79,160500,0.5,3319,2088.5,neutral,0.6000598669052124,malay,Malay/Bumiputera,fear,0.1464172601699829,0.4721134305000305,0.01532499585300684,0.25266632437705994,0.05097955837845802,0.033693816512823105
tiktok,post,7288562613074562310,"E-Commerce ditutup????

Ayat do you think? Kamu tim pro atau kontra nih?

#tiktokshopditutup #berita #viral #tanahabangsepi #onlineshopditutup #ecommerceditutup",https://www.tiktok.com/@___pastelly/video/7288562613074562310,,,neutral,2026-06-08 22:50:33.466462,1715,36,18,23800,0.5,2007,1864.8,neutral,0.8345707058906555,english,Mixed/Urban,no_clear_emotion,0.03367926925420761,0.013534007593989372,0.040766920894384384,0.01873808726668358,0.2489602118730545,0.0455935001373291
tiktok,post,7591765570576600328,Jual atau Hold Saat saham Turun apa yang harus dilakukan #fyp #andryhakim #investasi #stockwise #trading #saham #mindset,https://www.tiktok.com/@smartsaham_/video/7591765570576600328,,,neutral,2026-06-08 22:50:36.647525,1439,74,54,71000,0.5,2277,1820.0,neutral,0.9971306920051575,malay,Malay/Bumiputera,no_clear_emotion,0.07283265888690948,0.03108293004333973,0.05835522711277008,0.04548092186450958,0.37404918670654297,0.042479921132326126
tiktok,post,7630545494955232533,"Tulong Pinansyal sa mga OFW

#uae #katalkchannel #ayuda",https://www.tiktok.com/@katalkchannel/video/7630545494955232533,,,neutral,2026-06-08 22:50:32.532240,716,347,86,18100,0.5,1330,1686.1,neutral,0.8563795685768127,english,Mixed/Urban,love,0.0790928453207016,0.01987687684595585,0.0736074298620224,0.027160853147506714,0.5666787624359131,0.020561808720231056
tiktok,post,7618189580654628117,"“Faiz Helaldir Diyenler! Kur’an Çok Net Konuşuyor | Bakara 275”
-
#dua 
#tiktokviral 
#islam 
#kesfet",https://www.tiktok.com/@veraulvera_youtube/video/7618189580654628117,,,neutral,2026-06-08 22:51:00.323230,811,282,12,80700,0.5,1912,1491.7,neutral,0.9054867029190063,english,Mixed/Urban,love,0.07378342747688293,0.026035472750663757,0.06235050410032272,0.04173712059855461,0.6024135947227478,0.030057277530431747
tiktok,post,7500248252063714568,"Replying to @Rooo dari gua sih ini, kalo dr yg lain monggo sharing 🙏🏻

#kesalahankedaikopi #gagal #cashflow",https://www.tiktok.com/@unclejokopi/video/7500248252063714568,,,negative,2026-06-08 22:50:31.163664,1103,104,40,27200,0.0011588394641875999,1519,1458.2,negative,0.9961372017860413,malay,Malay/Bumiputera,no_clear_emotion,0.26044386625289917,0.0666893944144249,0.07575816661119461,0.06860688328742981,0.21322131156921387,0.03573162853717804
tiktok,post,7630731314555096340,"Jika 3 tanda ini ada pada usaha Anda, maka usaha Anda bisa tutup karena bangkrut. Inilah 3 tanda usaha yang akan sepi pembeli.
#PelarisDagangan #omsetjutaansehari #jualansepibanget #santetusaha #mendadaksepi #jualansepi #jualanlaris",https://www.tiktok.com/@konsultan.pelarisan/video/7630731314555096340,,,neutral,2026-06-08 22:50:29.266126,872,62,124,70400,0.5,1762,1438.4,neutral,0.9966993927955627,malay,Malay/Bumiputera,sadness,0.20219686627388,0.26544687151908875,0.012183379381895065,0.38771501183509827,0.033148616552352905,0.043229442089796066
tiktok,post,7588424504427269383,"😂😂 
#sales 
#saleskratindeng
#salesminuman",https://www.tiktok.com/@cie_poet/video/7588424504427269383,,,neutral,2026-06-08 22:50:41.152416,1027,147,14,60600,0.5,1794,1423.6,neutral,0.7605364322662354,english,Mixed/Urban,love,0.11385378241539001,0.04182332009077072,0.09759686887264252,0.04652364179491997,0.4756195843219757,0.036010656505823135
tiktok,post,7644116150737014023,#กลยุทธ์ #วิธีการ #ทางลัด,https://www.tiktok.com/@rich1596/video/7644116150737014023,,,positive,2026-06-08 22:50:44.661198,818,264,13,36000,0.8261548444628715,1455,1421.0,positive,0.42051614820957184,multilingual,Unknown,no_clear_emotion,0.03133678436279297,0.009202263318002224,0.05119999498128891,0.007948901504278183,0.052676551043987274,0.015175078064203262
tiktok,post,7640853359737490708,#IqamaExpire #Huroob #FinalExit #KhruchNihayi,https://www.tiktok.com/@tour__travel/video/7640853359737490708,,,neutral,2026-06-08 22:50:36.327864,969,115,34,37700,0.5,1495,1338.7,neutral,0.8907147645950317,english,Mixed/Urban,love,0.09376788884401321,0.04008425772190094,0.1009352058172226,0.037331052124500275,0.36723825335502625,0.039224252104759216
tiktok,post,7317290420235521286,"Bagaimana Closing 100%? 
#fyp #fypviral #sales #marketing #selling #salestraining #training #hendrahilman #coachhendrahilman #video #tiktok #pengusaha #sukses #tips #motivasi #motivasidiri #semangat",https://www.tiktok.com/@hendrahilman/video/7317290420235521286,,,neutral,2026-06-08 22:50:51.714102,929,153,5,31200,0.5,1399,1281.2,neutral,0.9024338126182556,english,Mixed/Urban,no_clear_emotion,0.04066404327750206,0.035581860691308975,0.2141626924276352,0.03160283342003822,0.1744370460510254,0.02846151776611805
tiktok,post,7573507156943637767,"tarik tunai uang hk dengan atm bni 🤝🤪 di admiralty exit B..
#fypシ゚viral #atmbnihongkong #bnihongkong #hongkongindonesia🇭🇰🇮🇩 #bniadmiralty",https://www.tiktok.com/@srikandi_duadua/video/7573507156943637767,,,neutral,2026-06-08 22:50:54.651654,721,87,110,27100,0.5,1189,1252.1,neutral,0.6935931444168091,english,Mixed/Urban,no_clear_emotion,0.07812900096178055,0.029905427247285843,0.05732778087258339,0.030815845355391502,0.3783755302429199,0.0317901186645031
tiktok,post,7497927517802614024,#pengalaman bekas pesalah lokap sewakan kad ke agen scammer#,https://www.tiktok.com/@makandak1/video/7497927517802614024,,,neutral,2026-06-08 22:51:00.985528,571,242,51,18500,0.5,1049,1226.5,neutral,0.9970943927764893,malay,Malay/Bumiputera,anger,0.4457816183567047,0.023483838886022568,0.06599143147468567,0.05075477808713913,0.17576834559440613,0.02216906100511551
tiktok,post,7297252066039188741,Ig: rindustory12 #bismillahfyp #fypdong #fyp #story #quotes #katakatamotivasi #katakatabijak #katakata #katabijak #kata #motivacion #motivasihidup #motivation #motivational #motivationalvideo #motivationalquotes #fypage #fypシ #fypシ゚viral #foryoupage #foryou,https://www.tiktok.com/@rindustory/video/7297252066039188741,,,neutral,2026-06-08 22:50:38.590238,542,283,4,56500,0.5,1394,1176.5,neutral,0.7273520231246948,english,Mixed/Urban,love,0.10862555354833603,0.08590489625930786,0.04379141330718994,0.1779039204120636,0.48513931035995483,0.04840772598981857
tiktok,post,7608101288663928071,Replying to @ramadhanakeza,https://www.tiktok.com/@ardinovianto_putra/video/7608101288663928071,,,neutral,2026-06-08 22:50:51.410778,511,34,137,48800,0.5,1170,1038.8,neutral,0.9048407077789307,english,Mixed/Urban,love,0.037299759685993195,0.020942188799381256,0.02436496689915657,0.025599902495741844,0.4182957410812378,0.07639303803443909
tiktok,post,7648218497494895892,"‼️BUANG 10KG NASI HARINI SEBAB HANGIT‼️

Kadang telan air liur bila jadi benda2 macam ni semua ni kos yang kita dah keluarkan tapi bukan rezeki kita😭
Orang kata ni lah asam garam perniagaan, mana boleh untung sepanjang sentiasa ada masa mesti ada pahitnya kan, jadi kene sabar🥰

Jangan lupa datang ramai2 harini kedai buka seperti biasa dari 6PM sampai 2AM😍
Kerang Sambal dan Rendang Kerang pon ada tau untuk korang🤩
#fyp #nasilemakabanglong #kampungdatukkeramat #datukkeramat #nasilemak",https://www.tiktok.com/@nasilemakabanglong/video/7648218497494895892,,,negative,2026-06-08 22:50:52.025245,741,16,62,26600,0.00048640966415403053,1085,985.6,negative,0.9983786344528198,malay,Malay/Bumiputera,love,0.1769798994064331,0.08625134825706482,0.057084109634160995,0.03938638046383858,0.5150153040885925,0.018687382340431213
tiktok,post,7602210002966760724,"Semakin Diam Customer, Semakin Kecil Peluang Closing
Banyak sales senang kalau customer diam dan nurut.
Padahal itu bisa jadi alarm.
Customer tertarik biasanya bertanya,
menyela,
dan menguji.
Kalau terlalu diam,
bisa jadi mereka sudah nggak connect.
Tugas sales bukan terus ngomong,
tapi bikin customer ikut bicara.
Karena closing lahir dari percakapan,
bukan monolog.

#inspiration #bisnistrip #serunyabelajar #success #salestips #sukses #jamesgwee #motivasi #china #mindset #salesman #leadership #viral #sales",https://www.tiktok.com/@james_gwee_bosum/video/7602210002966760724,,,positive,2026-06-08 22:50:58.595484,661,115,9,14600,0.9281945824623108,931,932.6,positive,0.7606486082077026,malay,Malay/Bumiputera,love,0.03517230600118637,0.04345213621854782,0.09114912152290344,0.01954716444015503,0.41606855392456055,0.15276794135570526
tiktok,post,7641958057924365588,"JAWATAN KOSONG 
NINSO 2026 
GAJI RM2.500.00-RM4.500.00
 KELAYAKAN UMUR 18 TAHUN 
KE ATAS 
RAJIN & BERTANGGUNG JAWAB 
BOLEH KERJA SHIFT HOTEL, 
TRANSPOR 
PINJAMAN DISEDIAKAN 
VOUCHER MAKAN RM50 
WARGA ASING BOLEH
#ninso #jawatankosong #kerjakosong #ninsomalaysia #malaysia",https://www.tiktok.com/@mira.ninso/video/7641958057924365588,,,neutral,2026-06-08 22:50:45.639068,246,110,107,31800,0.5,781,818.8,neutral,0.9976758360862732,malay,Malay/Bumiputera,no_clear_emotion,0.1284530609846115,0.06662938743829727,0.09916709363460541,0.030989961698651314,0.1568625271320343,0.03231459856033325
tiktok,post,7645124891271777557,Perbedaan bank sampah dengan usaha rongsokan,https://www.tiktok.com/@banksampahsariasri/video/7645124891271777557,,,neutral,2026-06-08 22:50:36.019842,408,96,43,14600,0.5,693,743.6,neutral,0.8452527523040771,malay,Malay/Bumiputera,love,0.09128187596797943,0.014699692837893963,0.048233695328235626,0.03796623647212982,0.43221861124038696,0.025889748707413673
tiktok,post,7572237568100666656,Kerja di pemetikan stroberi di musim dingin 🤣🤣 #fyp #scam #indonesia🇮🇩 #belanda #info,https://www.tiktok.com/@herman_wsb/video/7572237568100666656,,,negative,2026-06-08 22:50:46.569243,202,12,153,5692,0.09426498413085938,423,690.692,negative,0.6857833862304688,english,Mixed/Urban,love,0.20606733858585358,0.049237679690122604,0.059601474553346634,0.07518263906240463,0.42901915311813354,0.030015729367733
tiktok,post,7580621157150264594,Kos Ready Lokasi Mojokerto #fyppppppppppppppppppppppp #kosmojokerto #kos #koskeluarga #mojokerto24jam,https://www.tiktok.com/@taurus.girl29.4/video/7580621157150264594,,,neutral,2026-06-08 22:50:46.259025,301,123,35,30300,0.5,762,682.3,neutral,0.8589720726013184,english,Mixed/Urban,love,0.1155427023768425,0.03437682241201401,0.10627128183841705,0.028480898588895798,0.52562016248703,0.020410876721143723
tiktok,post,7637095012794223892,"NEMU HIDDEN GEM SPOT JAJAN ENAK BELAKANG RSUD TIDAR KOTA MAGELANG, ADA SOTO MIE BOGOR, SOTO BETAWI, NASI BRONGKOS, TIMLO, ANEKA DESSERT & ESKRIM 😍🤩

Yang lagi cari cari spot jajan nyaman, adem, tempat luas dan strategis belakang RSUD Tidar Magelang bisa save ni gaes, namanya @kedai.kokoben. Tempat luas, nyaman, adem dengan kuliner nusantara beragam. Kemarin nyobain : 
✔️ Soto Banyumas
✔️ Soto Betawi
✔️ Soto Mie Bogor
✔️ Sup Rambutan
✔️ Nasi Timlo
✔️ Nasi Brongkos
✔️ Kroket Ayam
✔️ Risoles Ragout
✔️ Es Kopi Susu
✔️ Matcha Latte
✔️ Jus Strawberry Pisang
✔️ Snack Manis (Brownies, Bakpia, Pie Coklat, Nastar, Kue Kacang dll)
✔️ Aneka Kopi, Latte, Jus Buah Premium

🎊 Promo Untuk Member 🎊
Promo untuk yang buat kartu member gaes. Setiap pembelian kelipatan 20k bakal dapat 1 cap. Saat terkumpul 4 cap bisa pilih 1 varian snack manis GRATIS. Bila terkumpul 8 cap bisa pilih satu minuman GRATIS (Kopi, Latte, Jus buah, dll). Promo berlaku makan di tempat / takeaway (bungkus) tanpa batas waktu. Yuk agendakan buat spot makan & jajan favorit mumpung banyak Gratisannya 

📍 @kedai.kokoben
📍 TikTok : @kedai.kokoben
⏰️ 10.00 - 19.00 (Selasa - Sabtu)
🛵 Ojol ""Kedai Kokoben""
🌐 Gmaps ""Kedai Kokoben Magelang""
🏡 Ruko seberang GKI Pajajaran, Jl Pajajaran No 22, Kemirirejo, Belakang RSU Tidar, Magelang",https://www.tiktok.com/@magelangeat/video/7637095012794223892,,,positive,2026-06-08 22:50:39.861866,259,183,5,20800,0.9938401639461516,655,660.8,positive,0.9794672131538391,malay,Malay/Bumiputera,love,0.1665431708097458,0.0660179927945137,0.10790228843688965,0.06132811680436134,0.3935728669166565,0.04322797432541847
tiktok,post,7346219514700352774,"Abrindo iPhone XR para efetuar troca do display completo 🚀🔥✅

#iphone #apple #repair 
#consert #fly #tiktok 
#tiktokindia #tik_tok 
#tiktokviral #tiktoker",https://www.tiktok.com/@matheuscell_01/video/7346219514700352774,,,positive,2026-06-08 22:50:51.105988,414,29,21,54300,0.8856219708919525,1007,589.3,positive,0.618739902973175,multilingual,Unknown,no_clear_emotion,0.09672188758850098,0.049194369465112686,0.09609317034482956,0.05448193475604057,0.29605790972709656,0.05486629530787468
tiktok,post,7603957915870825735,kalo ga nekat gabakal ngerasain megang uang jutaan hasil sendiri🫣🫣 #freelance #foryou #fypageシ #freelancetips #bisnisviral,https://www.tiktok.com/@freelance.byrai/video/7603957915870825735,,,neutral,2026-06-08 22:51:01.967188,134,26,126,4314,0.5,329,568.314,neutral,0.8104729056358337,english,Mixed/Urban,fear,0.21446849405765533,0.5495105981826782,0.02284684218466282,0.05664551630616188,0.07250498235225677,0.04098617285490036
tiktok,post,7621835329548553490,Replying to @dhola_21,https://www.tiktok.com/@ardinovianto_putra/video/7621835329548553490,,,neutral,2026-06-08 22:50:54.346186,246,73,40,19500,0.5,554,531.5,neutral,0.9110434055328369,english,Mixed/Urban,love,0.040207166224718094,0.021566500887274742,0.025642359629273415,0.029224630445241928,0.5701820850372314,0.06800855696201324
tiktok,post,7621888638808247572,"Membalas @yuhann_22 
the best tune for #AFF67 with rotary engine at #roblox #fixitup  #robloxfyp #cdid @Fix it Up! @FixItUp!",https://www.tiktok.com/@fird_enzo/video/7621888638808247572,,,positive,2026-06-08 22:50:48.444262,404,24,13,22200,0.9293929040431976,663,513.2,positive,0.7646430134773254,english,Mixed/Urban,love,0.028362536802887917,0.01129766833037138,0.05334833264350891,0.017797619104385376,0.7821357846260071,0.013498167507350445
tiktok,post,7643279884172774664,my best setup for leskus fp50 on roblox fixitup #roblox #fixitup #robloxfyp #robloxedit #fixituproblox #fp50,https://www.tiktok.com/@fird_enzo/video/7643279884172774664,,,positive,2026-06-08 22:50:54.963280,356,22,15,12100,0.8679272949695587,514,457.1,positive,0.559757649898529,english,Mixed/Urban,love,0.047013550996780396,0.04849514737725258,0.22927573323249817,0.024423129856586456,0.36969926953315735,0.040911391377449036
tiktok,post,7576199110294916373,"rezeki datang dari segala arah🤭

#jualberas #tokoberas #distributor #supliergrosir #dewatunggalabadi",https://www.tiktok.com/@dewatunggalabadi/video/7576199110294916373,,,neutral,2026-06-08 22:50:55.267088,287,22,12,60000,0.5,921,427.0,neutral,0.8465895056724548,english,Mixed/Urban,love,0.09202273190021515,0.05019484460353851,0.09528055042028427,0.054462965577840805,0.45698755979537964,0.03511103615164757
tiktok,post,7544550412636933381,"Info closingan cah😭
#fyp #xyzbcafypシ #CapCut #sales",https://www.tiktok.com/@ldpniaga.mdn/video/7544550412636933381,,,neutral,2026-06-08 22:50:56.914819,380,13,0,2550,0.5,418,408.55,neutral,0.7223308086395264,english,Mixed/Urban,love,0.12019330263137817,0.07073647528886795,0.05936596170067787,0.05955111235380173,0.4800882041454315,0.041423097252845764
tiktok,post,7585952841437695252,if malam2 lapar di negara 🇧🇳#tiktokerbrunei🇧🇳 #viralbrunei #bruneidarussalam🇧🇳 #nasikatokbrunei #nasikatokwestpark #pmibrunei🇧🇳indonesia🇮🇩 #rinarantau #gadong,https://www.tiktok.com/@rinarantau_20.22/video/7585952841437695252,,,neutral,2026-06-08 22:51:03.289863,242,27,25,22700,0.5,521,393.7,neutral,0.8974002003669739,english,Mixed/Urban,love,0.15430404245853424,0.0426136776804924,0.0839415192604065,0.049351345747709274,0.46755295991897583,0.028677741065621376
tiktok,post,7600393548533337352,"_""Closing (penutupan penjualan) yang efektif sangat bergantung pada kepercayaan diri yang tinggi, karena keraguan penjual akan dirasakan oleh pelanggan. Membangun kepercayaan diri melibatkan pola pikir positif, mengenali kelebihan diri, berpenampilan rapi, dan bersikap tegas. Teknik closing yang baik berfokus pada solusi, bukan masalah, serta memahami pelanggan_""

#naturaworld
#bisnisantirugi
#suksesbersama
#naturaworldindonesia
#naturaworldofficial",https://www.tiktok.com/@yenniyunismar/video/7600393548533337352,,,positive,2026-06-08 22:50:30.511903,95,13,83,590,0.9993989884853363,196,370.59,positive,0.9979966282844543,malay,Malay/Bumiputera,happy,0.05875491350889206,0.039364635944366455,0.49092715978622437,0.021063638851046562,0.25966113805770874,0.024881422519683838
tiktok,post,7467509688771415314,"Apa sih yang sebenarnya menyebabkan perusahaan sebesar KFC bisa alami kerugian sampai menutup gerai dan mem PHK 2000 karyawannya? Yuk mari kita pelajari kesalahan dari KFC ini agar bisnis yang sedang kamu jalani tidak alami hal yang sama 

#keuangan #Finance #tipskeuangan #MelvinMumpuni #edukasi #FinancialTips #KFC",https://www.tiktok.com/@melvin.mumpuni/video/7467509688771415314,,,negative,2026-06-08 22:50:47.500434,199,56,11,17800,0.0006114363670349232,444,361.8,negative,0.9979618787765503,malay,Malay/Bumiputera,sadness,0.09331415593624115,0.0823620855808258,0.018422458320856094,0.35267695784568787,0.034925177693367004,0.13764259219169617
tiktok,post,7641144289300516104,"Di kedai Empire Beauty jual pelbagai skincare syg ku, hehehe cari skincare? Boleh trus ke kedai, untuk walk in or dm saya untuk order dan detail selanjut nya🤭 #fyppppppppppppppppppppppp #KedaiKosmetikSemporna #pemborongkosmeticsemporna #kedaiempirebeauty #fypage",https://www.tiktok.com/@empirebeauty030/video/7641144289300516104,,,neutral,2026-06-08 22:50:57.214451,302,10,10,8307,0.5,405,360.307,neutral,0.9940057992935181,malay,Malay/Bumiputera,love,0.027015313506126404,0.03721723333001137,0.026479357853531837,0.04274562746286392,0.44887685775756836,0.2645699977874756
tiktok,post,7622897937017834760,"Keuntungan Bisnis Akan Dilipatgandakan Oleh Allah. Komentar Qobiltu Untuk Tanda Sambung Ilmu.
#kangrohim #konsultanspiritual #rezeki",https://www.tiktok.com/@kangrohim.official/video/7622897937017834760,,,positive,2026-06-08 22:51:00.637687,113,43,50,2785,0.9242953658103943,233,351.785,positive,0.747651219367981,malay,Malay/Bumiputera,love,0.043747205287218094,0.030014852061867714,0.2246062159538269,0.034272611141204834,0.384480744600296,0.04008929431438446
tiktok,post,7553800841988181261,Replying to @Mystic Nepal I’m an open book brother #gasstation #business #lease #pasanglama,https://www.tiktok.com/@pasang.lama.ceo/video/7553800841988181261,,,neutral,2026-06-08 22:50:42.113896,270,14,11,10800,0.5,403,341.8,neutral,0.6697353720664978,english,Mixed/Urban,love,0.02941448986530304,0.01071851421147585,0.10969939827919006,0.014943385496735573,0.6154611706733704,0.016810961067676544
tiktok,post,7646283253976026376,"Part 1 -UTANG
#tipidtips",https://www.tiktok.com/@mah.dee073/video/7646283253976026376,,,neutral,2026-06-08 22:50:53.643607,229,39,6,8006,0.5,354,333.006,neutral,0.7963529825210571,english,Mixed/Urban,no_clear_emotion,0.03864116966724396,0.020630134269595146,0.07300151139497757,0.022732648998498917,0.20791901648044586,0.028454896062612534
tiktok,post,7557285056310480140,"Yang bingung tukar uang rupiah ke dolar,, bisa pakek atm BNI ya.. tarik nya dolar..buka 24jam di admiralty exit B.. ATM BNI DI HONGKONG
#bnihongkong #ATMBNIADMIRALTY #ATMBNIHONGKONG #xyzbcafypシ #livehighlights",https://www.tiktok.com/@srikandi_duadua/video/7557285056310480140,,,neutral,2026-06-08 22:51:01.631870,229,10,22,8937,0.5,350,323.937,neutral,0.8663496375083923,english,Mixed/Urban,fear,0.10206395387649536,0.2629130780696869,0.025349190458655357,0.08607403188943863,0.13058045506477356,0.16882261633872986
tiktok,post,7628417503336647956,#bidanponek #coas #bidan #viraltiktok #fypage,https://www.tiktok.com/@rosna588/video/7628417503336647956,,,negative,2026-06-08 22:50:57.530187,136,7,16,3007,0.07248191088438033,189,201.007,negative,0.7583936303853989,multilingual,Unknown,love,0.09342222660779953,0.034670013934373856,0.0831027403473854,0.037233274430036545,0.4607356786727905,0.03329910337924957
tiktok,post,7600455902797237511,"☎️0194000473

#fizabarakahtripkashmir #fypmalaysia🇲🇾tiktokviral #fyppppppppppppppppppppppp #kashmirindia #tripkashmirmurah",https://www.tiktok.com/@fizabarakahtrip_kashmir/video/7600455902797237511,,,neutral,2026-06-08 22:50:42.754183,43,4,3,2582,0.5,75,62.582,neutral,0.9965083003044128,malay,Malay/Bumiputera,love,0.10778740793466568,0.047514453530311584,0.05337292701005936,0.05053394287824631,0.6260520815849304,0.024769393727183342
tiktok,post,7648367740838874399,"Welcome to the channel 👋 I'm Martin, founder of Auto Analytix. We're a data analytics company built for the Buy Here Pay Here auto industry — and we're just getting started.

I'm bringing you along for the real journey. The building, the grind, the setbacks, the wins. This is what it actually looks like to build a startup from the ground up.

Stay tuned 🚀 #StartupLife #BHPH #SaaS #Founder
#independentdealers endentdealers",https://www.tiktok.com/@malejandrogutierrez/video/7648367740838874399,,,positive,2026-06-08 22:50:50.497147,39,3,3,441,0.927397859096527,49,54.441,positive,0.7579928636550903,english,Mixed/Urban,no_clear_emotion,0.024831796064972878,0.02684156410396099,0.14395789802074432,0.026300804689526558,0.17705489695072174,0.059286776930093765
tiktok,post,7560175186020977938,"Sepanjang tahun lalu, lebih dari 3.000 restoran di Singapura tutup, rata-rata 250 tiap bulan, tertinggi dalam hampir dua dekade.

Bahkan restoran legendaris Ka-Soh yang berdiri 86 tahun pun terpaksa berhenti beroperasi karena gak bisa naikkan harga tanpa kehilangan identitas.

Lonjakan biaya sewa 20-49%, ditambah ongkos konstruksi dan perawatan, bikin banyak bisnis F&B kewalahan.

Krisis tenaga kerja juga menaikkan gaji koki berlipat, sementara permintaan konsumen justru menurun.

Meski ada 3.800 gerai baru, mayoritas pemain kecil tersingkir oleh jaringan besar yang bermodal kuat.

Pola konsumsi pun berubah, orang makin jarang makan di luar dan lebih mengandalkan media sosial, terutama Gen Z, untuk cari rekomendasi.

Sebagian bisnis mencoba bertahan lewat digital marketing, kolaborasi influencer, dan program loyalitas yang bisa dongkrak omzet sampai 40%.

Tapi tanpa kebijakan sewa yang adil dan solusi tenaga kerja, sektor F&B Singapura tetap berada di ujung tanduk.

#fyp #fypシ゚ #viral #trending #explore",https://www.tiktok.com/@ukmindo.id/video/7560175186020977938,,,negative,2026-06-08 22:50:50.149384,38,5,0,921,0.0004994094371795765,52,48.921,negative,0.9983353018760681,malay,Malay/Bumiputera,sadness,0.22371336817741394,0.29875361919403076,0.011436820961534977,0.33301353454589844,0.031512551009655,0.04782877489924431
tiktok,post,7541885744550251790,🔥fire vayara aja hamro store 3 pm to 5 pm  close garna parekoma sorry vanna chahanxau aba 5 pm bata open hunxa hai 🙏🙏🙏🙏571-342-9601,https://www.tiktok.com/@sanjucollection/video/7541885744550251790,,,neutral,2026-06-08 22:50:44.024296,30,1,1,7321,0.5,105,42.321,neutral,0.6075862646102905,english,Mixed/Urban,love,0.2045193761587143,0.05011855810880661,0.060936376452445984,0.09361208975315094,0.3445058763027191,0.0333167165517807
tiktok,post,7643843320300440840,"📍 Closed : 27 Mei 2026 (Rabu) – 28 Mei 2026 (Khamis)
⏰ Closed early at 8PM on 26 Mei 2026 (Selasa)

Kami akan kembali beroperasi pada
📅 29 Mei 2026 (Jumaat)

Selamat Hari Raya Aidiladha ❤️",https://www.tiktok.com/@farahmalatang/video/7643843320300440840,,,neutral,2026-06-08 22:51:02.653389,5,8,2,1806,0.5,33,28.806,neutral,0.9976930022239685,malay,Malay/Bumiputera,love,0.028765778988599777,0.02982509694993496,0.2600952684879303,0.024776458740234375,0.3810121715068817,0.03669062256813049
tiktok,post,7647002822118100245,"Ada customer datang kedai cakap harga wagyu local kami lebih mahal daripada Australia 😅

Saya pula tak sempat tanya marbling score dia berapa.

Tapi nak bagitahu sikit — antara sebab harga wagyu local kami agak tinggi ialah kos operasi penjagaan lembu, pembiakan dan juga proses aging daging itu sendiri 🐄🥩

#kelgyustation #kelfarm #kelate",https://www.tiktok.com/@kelgyu_station/video/7647002822118100245,,,positive,2026-06-08 22:50:53.344710,22,0,1,887,0.9992286145687103,31,25.887,positive,0.9974287152290344,malay,Malay/Bumiputera,love,0.2397579401731491,0.0814099833369255,0.018431100994348526,0.049053896218538284,0.3784412443637848,0.0820084735751152
tiktok,post,7540940530331553031,#closingdownsale #viralvideo #foryou #trending,https://www.tiktok.com/@gemsjewelssyd/video/7540940530331553031,,,neutral,2026-06-08 22:50:45.945261,10,0,1,1311,0.5,24,14.311,neutral,0.8907874822616577,english,Mixed/Urban,love,0.03428830951452255,0.012335642240941525,0.10980238765478134,0.018545156344771385,0.5887012481689453,0.02424294874072075
tiktok,post,7577019052892245270,Closing down sale🛍️🛒 #view #reels,https://www.tiktok.com/@jina110420/video/7577019052892245270,,,neutral,2026-06-08 22:50:38.279052,10,0,1,447,0.5,15,13.447,neutral,0.9539530277252197,english,Mixed/Urban,no_clear_emotion,0.03843594714999199,0.022396383807063103,0.0843006819486618,0.023151040077209473,0.2025209218263626,0.035971496254205704
tiktok,post,7512266078236478738,#closing #down #business #sale,https://www.tiktok.com/@hoonar_collections/video/7512266078236478738,,,neutral,2026-06-08 22:50:32.856307,12,0,0,389,0.5,15,12.389,neutral,0.878018319606781,english,Mixed/Urban,no_clear_emotion,0.09449493139982224,0.027855679392814636,0.09986235946416855,0.03913716599345207,0.25607001781463623,0.028039831668138504
tiktok,post,7568588332016340246,"Commente 💯 sous cette vidéo 👇

#business #closing #argent #pourtoi",https://www.tiktok.com/@cyprien_sb/video/7568588332016340246,,,neutral,2026-06-08 22:50:33.165184,10,0,0,305,0.5,13,10.305,neutral,0.829211950302124,english,Mixed/Urban,love,0.0315839946269989,0.016196461394429207,0.05987320467829704,0.023268813267350197,0.6489208340644836,0.01917138136923313
tiktok,post,7647820302784761096,"⚠️ Jubin rumah sudah kelihatan lama dan kusam, tetapi kos untuk menukar jubin baharu terlalu tinggi?

💡 Kini ada solusi yang lebih menjimatkan! Gunakan LSC H2O Granite Sand Finish — kemasan lantai yang membantu menaik taraf lantai lama supaya kelihatan lebih cantik, moden dan premium tanpa perlu menukar jubin.

✨ Kelebihan LSC H2O Granite Sand Finish:
✅ Menjadikan lantai lama kelihatan lebih cantik dan moden
✅ Memberikan perlindungan kalis air
✅ Tahan lama untuk kegunaan harian
✅ Mudah dibersihkan dan dijaga
✅ Terdapat dalam 8 pilihan warna menarik
✅ Sesuai untuk dapur, bilik air, anjung kereta dan balkoni

Naik taraf lantai lama anda dengan pilihan yang lebih praktikal!
➡️ Produk kami boleh didapati di lebih 1,000 kedai hardware seluruh Malaysia 
➡️ Beli secara online di Shopee dan Lazada 

#LSC #LSCChemicalAndPaints #LSCH2OGraniteSandFinish #CatBerkualiti #Lantai",https://www.tiktok.com/@lscchemicalandpaints/video/7647820302784761096,,,positive,2026-06-08 22:50:53.991411,3,1,0,373,0.9992165982723236,7,5.373,positive,0.9973886609077454,malay,Malay/Bumiputera,fear,0.05028326064348221,0.3901272416114807,0.1418093740940094,0.22874172031879425,0.07851865142583847,0.08534479141235352
tiktok,comment,7549889109087735048_comment_0,ben sadece yazışarak para kazanıyorum oturduğum yerde 🙂,,https://www.tiktok.com/@rhiks_place/video/7549889109087735048,7.549889109087735e+18,neutral,2026-06-08 22:50:29.265840,21,0,0,0,0.5,21,,neutral,0.7435858845710754,english,Mixed/Urban,love,0.044008467346429825,0.02978876791894436,0.14984726905822754,0.02190602943301201,0.37084078788757324,0.034446511417627335
tiktok,comment,7549889109087735048_comment_1,abla özele bakarsan sevinirim,,https://www.tiktok.com/@rhiks_place/video/7549889109087735048,7.549889109087735e+18,positive,2026-06-08 22:50:29.265873,0,0,0,0,0.8323842480778694,0,,positive,0.4412808269262314,multilingual,Unknown,love,0.0420338436961174,0.024716444313526154,0.06611130386590958,0.021371668204665184,0.7644200921058655,0.0168146975338459
tiktok,comment,7630731314555096340_comment_0,ben sadece yazışarak para kazanıyorum oturduğum yerde 🙂,,https://www.tiktok.com/@konsultan.pelarisan/video/7630731314555096340,7.630731314555096e+18,neutral,2026-06-08 22:50:29.828378,21,0,0,0,0.5,21,,neutral,0.7435858845710754,english,Mixed/Urban,love,0.044008467346429825,0.02978876791894436,0.14984726905822754,0.02190602943301201,0.37084078788757324,0.034446511417627335
tiktok,comment,7630731314555096340_comment_1,abla özele bakarsan sevinirim,,https://www.tiktok.com/@konsultan.pelarisan/video/7630731314555096340,7.630731314555096e+18,positive,2026-06-08 22:50:29.828400,0,0,0,0,0.8323842480778694,0,,positive,0.4412808269262314,multilingual,Unknown,love,0.0420338436961174,0.024716444313526154,0.06611130386590958,0.021371668204665184,0.7644200921058655,0.0168146975338459
tiktok,comment,7528677190855101701_comment_0,ben sadece yazışarak para kazanıyorum oturduğum yerde 🙂,,https://www.tiktok.com/@tekyang88/video/7528677190855101701,7.528677190855101e+18,neutral,2026-06-08 22:50:30.181191,21,0,0,0,0.5,21,,neutral,0.7435858845710754,english,Mixed/Urban,love,0.044008467346429825,0.02978876791894436,0.14984726905822754,0.02190602943301201,0.37084078788757324,0.034446511417627335
tiktok,comment,7528677190855101701_comment_1,abla özele bakarsan sevinirim,,https://www.tiktok.com/@tekyang88/video/7528677190855101701,7.528677190855101e+18,positive,2026-06-08 22:50:30.181216,0,0,0,0,0.8323842480778694,0,,positive,0.4412808269262314,multilingual,Unknown,love,0.0420338436961174,0.024716444313526154,0.06611130386590958,0.021371668204665184,0.7644200921058655,0.0168146975338459
tiktok,comment,7612516342394096914_comment_0,ben sadece yazışarak para kazanıyorum oturduğum yerde 🙂,,https://www.tiktok.com/@golden.birds67/video/7612516342394096914,7.612516342394097e+18,neutral,2026-06-08 22:50:30.511816,21,0,0,0,0.5,21,,neutral,0.7435858845710754,english,Mixed/Urban,love,0.044008467346429825,0.02978876791894436,0.14984726905822754,0.02190602943301201,0.37084078788757324,0.034446511417627335
tiktok,comment,7612516342394096914_comment_1,abla özele bakarsan sevinirim,,https://www.tiktok.com/@golden.birds67/video/7612516342394096914,7.612516342394097e+18,positive,2026-06-08 22:50:30.511828,0,0,0,0,0.8323842480778694,0,,positive,0.4412808269262314,multilingual,Unknown,love,0.0420338436961174,0.024716444313526154,0.06611130386590958,0.021371668204665184,0.7644200921058655,0.0168146975338459
tiktok,comment,7600393548533337352_comment_0,ben sadece yazışarak para kazanıyorum oturduğum yerde 🙂,,https://www.tiktok.com/@yenniyunismar/video/7600393548533337352,7.600393548533337e+18,neutral,2026-06-08 22:50:30.831870,21,0,0,0,0.5,21,,neutral,0.7435858845710754,english,Mixed/Urban,love,0.044008467346429825,0.02978876791894436,0.14984726905822754,0.02190602943301201,0.37084078788757324,0.034446511417627335
tiktok,comment,7600393548533337352_comment_1,abla özele bakarsan sevinirim,,https://www.tiktok.com/@yenniyunismar/video/7600393548533337352,7.600393548533337e+18,positive,2026-06-08 22:50:30.831905,0,0,0,0,0.8323842480778694,0,,positive,0.4412808269262314,multilingual,Unknown,love,0.0420338436961174,0.024716444313526154,0.06611130386590958,0.021371668204665184,0.7644200921058655,0.0168146975338459
tiktok,comment,7632346341154262279_comment_0,ben sadece yazışarak para kazanıyorum oturduğum yerde 🙂,,https://www.tiktok.com/@emma_delicious_bakery/video/7632346341154262279,7.632346341154262e+18,neutral,2026-06-08 22:50:31.163348,21,0,0,0,0.5,21,,neutral,0.7435858845710754,english,Mixed/Urban,love,0.044008467346429825,0.02978876791894436,0.14984726905822754,0.02190602943301201,0.37084078788757324,0.034446511417627335
tiktok,comment,7632346341154262279_comment_1,abla özele bakarsan sevinirim,,https://www.tiktok.com/@emma_delicious_bakery/video/7632346341154262279,7.632346341154262e+18,positive,2026-06-08 22:50:31.163381,0,0,0,0,0.8323842480778694,0,,positive,0.4412808269262314,multilingual,Unknown,love,0.0420338436961174,0.024716444313526154,0.06611130386590958,0.021371668204665184,0.7644200921058655,0.0168146975338459
tiktok,comment,7500248252063714568_comment_0,ben sadece yazışarak para kazanıyorum oturduğum yerde 🙂,,https://www.tiktok.com/@unclejokopi/video/7500248252063714568,7.500248252063714e+18,neutral,2026-06-08 22:50:31.517131,21,0,0,0,0.5,21,,neutral,0.7435858845710754,english,Mixed/Urban,love,0.044008467346429825,0.02978876791894436,0.14984726905822754,0.02190602943301201,0.37084078788757324,0.034446511417627335
tiktok,comment,7500248252063714568_comment_1,abla özele bakarsan sevinirim,,https://www.tiktok.com/@unclejokopi/video/7500248252063714568,7.500248252063714e+18,positive,2026-06-08 22:50:31.517165,0,0,0,0,0.8323842480778694,0,,positive,0.4412808269262314,multilingual,Unknown,love,0.0420338436961174,0.024716444313526154,0.06611130386590958,0.021371668204665184,0.7644200921058655,0.0168146975338459
tiktok,comment,7644776689372859669_comment_0,ben sadece yazışarak para kazanıyorum oturduğum yerde 🙂,,https://www.tiktok.com/@cuanclipsz/video/7644776689372859669,7.644776689372859e+18,neutral,2026-06-08 22:50:31.876854,21,0,0,0,0.5,21,,neutral,0.7435858845710754,english,Mixed/Urban,love,0.044008467346429825,0.02978876791894436,0.14984726905822754,0.02190602943301201,0.37084078788757324,0.034446511417627335
tiktok,comment,7644776689372859669_comment_1,abla özele bakarsan sevinirim,,https://www.tiktok.com/@cuanclipsz/video/7644776689372859669,7.644776689372859e+18,positive,2026-06-08 22:50:31.876890,0,0,0,0,0.8323842480778694,0,,positive,0.4412808269262314,multilingual,Unknown,love,0.0420338436961174,0.024716444313526154,0.06611130386590958,0.021371668204665184,0.7644200921058655,0.0168146975338459
tiktok,comment,7528895753888992519_comment_0,ben sadece yazışarak para kazanıyorum oturduğum yerde 🙂,,https://www.tiktok.com/@shmeran00/video/7528895753888992519,7.528895753888992e+18,neutral,2026-06-08 22:50:32.229592,21,0,0,0,0.5,21,,neutral,0.7435858845710754,english,Mixed/Urban,love,0.044008467346429825,0.02978876791894436,0.14984726905822754,0.02190602943301201,0.37084078788757324,0.034446511417627335
tiktok,comment,7528895753888992519_comment_1,abla özele bakarsan sevinirim,,https://www.tiktok.com/@shmeran00/video/7528895753888992519,7.528895753888992e+18,positive,2026-06-08 22:50:32.229625,0,0,0,0,0.8323842480778694,0,,positive,0.4412808269262314,multilingual,Unknown,love,0.0420338436961174,0.024716444313526154,0.06611130386590958,0.021371668204665184,0.7644200921058655,0.0168146975338459
tiktok,comment,7631987604421954834_comment_0,ben sadece yazışarak para kazanıyorum oturduğum yerde 🙂,,https://www.tiktok.com/@elite.fashion.syd/video/7631987604421954834,7.631987604421955e+18,neutral,2026-06-08 22:50:32.531964,21,0,0,0,0.5,21,,neutral,0.7435858845710754,english,Mixed/Urban,love,0.044008467346429825,0.02978876791894436,0.14984726905822754,0.02190602943301201,0.37084078788757324,0.034446511417627335
tiktok,comment,7631987604421954834_comment_1,abla özele bakarsan sevinirim,,https://www.tiktok.com/@elite.fashion.syd/video/7631987604421954834,7.631987604421955e+18,positive,2026-06-08 22:50:32.531996,0,0,0,0,0.8323842480778694,0,,positive,0.4412808269262314,multilingual,Unknown,love,0.0420338436961174,0.024716444313526154,0.06611130386590958,0.021371668204665184,0.7644200921058655,0.0168146975338459
tiktok,comment,7630545494955232533_comment_0,ben sadece yazışarak para kazanıyorum oturduğum yerde 🙂,,https://www.tiktok.com/@katalkchannel/video/7630545494955232533,7.630545494955232e+18,neutral,2026-06-08 22:50:32.856015,21,0,0,0,0.5,21,,neutral,0.7435858845710754,english,Mixed/Urban,love,0.044008467346429825,0.02978876791894436,0.14984726905822754,0.02190602943301201,0.37084078788757324,0.034446511417627335
tiktok,comment,7630545494955232533_comment_1,abla özele bakarsan sevinirim,,https://www.tiktok.com/@katalkchannel/video/7630545494955232533,7.630545494955232e+18,positive,2026-06-08 22:50:32.856047,0,0,0,0,0.8323842480778694,0,,positive,0.4412808269262314,multilingual,Unknown,love,0.0420338436961174,0.024716444313526154,0.06611130386590958,0.021371668204665184,0.7644200921058655,0.0168146975338459
tiktok,comment,7512266078236478738_comment_0,ben sadece yazışarak para kazanıyorum oturduğum yerde 🙂,,https://www.tiktok.com/@hoonar_collections/video/7512266078236478738,7.512266078236478e+18,neutral,2026-06-08 22:50:33.164905,21,0,0,0,0.5,21,,neutral,0.7435858845710754,english,Mixed/Urban,love,0.044008467346429825,0.02978876791894436,0.14984726905822754,0.02190602943301201,0.37084078788757324,0.034446511417627335
tiktok,comment,7512266078236478738_comment_1,abla özele bakarsan sevinirim,,https://www.tiktok.com/@hoonar_collections/video/7512266078236478738,7.512266078236478e+18,positive,2026-06-08 22:50:33.164938,0,0,0,0,0.8323842480778694,0,,positive,0.4412808269262314,multilingual,Unknown,love,0.0420338436961174,0.024716444313526154,0.06611130386590958,0.021371668204665184,0.7644200921058655,0.0168146975338459
tiktok,comment,7568588332016340246_comment_0,ben sadece yazışarak para kazanıyorum oturduğum yerde 🙂,,https://www.tiktok.com/@cyprien_sb/video/7568588332016340246,7.56858833201634e+18,neutral,2026-06-08 22:50:33.466153,21,0,0,0,0.5,21,,neutral,0.7435858845710754,english,Mixed/Urban,love,0.044008467346429825,0.02978876791894436,0.14984726905822754,0.02190602943301201,0.37084078788757324,0.034446511417627335
tiktok,comment,7568588332016340246_comment_1,abla özele bakarsan sevinirim,,https://www.tiktok.com/@cyprien_sb/video/7568588332016340246,7.56858833201634e+18,positive,2026-06-08 22:50:33.466186,0,0,0,0,0.8323842480778694,0,,positive,0.4412808269262314,multilingual,Unknown,love,0.0420338436961174,0.024716444313526154,0.06611130386590958,0.021371668204665184,0.7644200921058655,0.0168146975338459
tiktok,comment,7288562613074562310_comment_0,ben sadece yazışarak para kazanıyorum oturduğum yerde 🙂,,https://www.tiktok.com/@___pastelly/video/7288562613074562310,7.288562613074562e+18,neutral,2026-06-08 22:50:33.780231,21,0,0,0,0.5,21,,neutral,0.7435858845710754,english,Mixed/Urban,love,0.044008467346429825,0.02978876791894436,0.14984726905822754,0.02190602943301201,0.37084078788757324,0.034446511417627335
tiktok,comment,7288562613074562310_comment_1,abla özele bakarsan sevinirim,,https://www.tiktok.com/@___pastelly/video/7288562613074562310,7.288562613074562e+18,positive,2026-06-08 22:50:33.780268,0,0,0,0,0.8323842480778694,0,,positive,0.4412808269262314,multilingual,Unknown,love,0.0420338436961174,0.024716444313526154,0.06611130386590958,0.021371668204665184,0.7644200921058655,0.0168146975338459
tiktok,comment,7603299063710158100_comment_0,ben sadece yazışarak para kazanıyorum oturduğum yerde 🙂,,https://www.tiktok.com/@asnlite/video/7603299063710158100,7.603299063710158e+18,neutral,2026-06-08 22:50:34.090842,21,0,0,0,0.5,21,,neutral,0.7435858845710754,english,Mixed/Urban,love,0.044008467346429825,0.02978876791894436,0.14984726905822754,0.02190602943301201,0.37084078788757324,0.034446511417627335
tiktok,comment,7603299063710158100_comment_1,abla özele bakarsan sevinirim,,https://www.tiktok.com/@asnlite/video/7603299063710158100,7.603299063710158e+18,positive,2026-06-08 22:50:34.090876,0,0,0,0,0.8323842480778694,0,,positive,0.4412808269262314,multilingual,Unknown,love,0.0420338436961174,0.024716444313526154,0.06611130386590958,0.021371668204665184,0.7644200921058655,0.0168146975338459
tiktok,comment,7602856721991634197_comment_0,ben sadece yazışarak para kazanıyorum oturduğum yerde 🙂,,https://www.tiktok.com/@mamandoglong/video/7602856721991634197,7.602856721991634e+18,neutral,2026-06-08 22:50:34.395418,21,0,0,0,0.5,21,,neutral,0.7435858845710754,english,Mixed/Urban,love,0.044008467346429825,0.02978876791894436,0.14984726905822754,0.02190602943301201,0.37084078788757324,0.034446511417627335
tiktok,comment,7602856721991634197_comment_1,abla özele bakarsan sevinirim,,https://www.tiktok.com/@mamandoglong/video/7602856721991634197,7.602856721991634e+18,positive,2026-06-08 22:50:34.395450,0,0,0,0,0.8323842480778694,0,,positive,0.4412808269262314,multilingual,Unknown,love,0.0420338436961174,0.024716444313526154,0.06611130386590958,0.021371668204665184,0.7644200921058655,0.0168146975338459
tiktok,comment,7606691405838257430_comment_0,ben sadece yazışarak para kazanıyorum oturduğum yerde 🙂,,https://www.tiktok.com/@lisafrompypog/video/7606691405838257430,7.606691405838257e+18,neutral,2026-06-08 22:50:34.708135,21,0,0,0,0.5,21,,neutral,0.7435858845710754,english,Mixed/Urban,love,0.044008467346429825,0.02978876791894436,0.14984726905822754,0.02190602943301201,0.37084078788757324,0.034446511417627335
tiktok,comment,7606691405838257430_comment_1,abla özele bakarsan sevinirim,,https://www.tiktok.com/@lisafrompypog/video/7606691405838257430,7.606691405838257e+18,positive,2026-06-08 22:50:34.708168,0,0,0,0,0.8323842480778694,0,,positive,0.4412808269262314,multilingual,Unknown,love,0.0420338436961174,0.024716444313526154,0.06611130386590958,0.021371668204665184,0.7644200921058655,0.0168146975338459
tiktok,comment,7645998117367598354_comment_0,ben sadece yazışarak para kazanıyorum oturduğum yerde 🙂,,https://www.tiktok.com/@yohend.martin54/video/7645998117367598354,7.645998117367598e+18,neutral,2026-06-08 22:50:35.032566,21,0,0,0,0.5,21,,neutral,0.7435858845710754,english,Mixed/Urban,love,0.044008467346429825,0.02978876791894436,0.14984726905822754,0.02190602943301201,0.37084078788757324,0.034446511417627335
tiktok,comment,7645998117367598354_comment_1,abla özele bakarsan sevinirim,,https://www.tiktok.com/@yohend.martin54/video/7645998117367598354,7.645998117367598e+18,positive,2026-06-08 22:50:35.032597,0,0,0,0,0.8323842480778694,0,,positive,0.4412808269262314,multilingual,Unknown,love,0.0420338436961174,0.024716444313526154,0.06611130386590958,0.021371668204665184,0.7644200921058655,0.0168146975338459
tiktok,comment,7624708650413722901_comment_0,ben sadece yazışarak para kazanıyorum oturduğum yerde 🙂,,https://www.tiktok.com/@boss.shakirin/video/7624708650413722901,7.624708650413723e+18,neutral,2026-06-08 22:50:35.365674,21,0,0,0,0.5,21,,neutral,0.7435858845710754,english,Mixed/Urban,love,0.044008467346429825,0.02978876791894436,0.14984726905822754,0.02190602943301201,0.37084078788757324,0.034446511417627335
tiktok,comment,7624708650413722901_comment_1,abla özele bakarsan sevinirim,,https://www.tiktok.com/@boss.shakirin/video/7624708650413722901,7.624708650413723e+18,positive,2026-06-08 22:50:35.365717,0,0,0,0,0.8323842480778694,0,,positive,0.4412808269262314,multilingual,Unknown,love,0.0420338436961174,0.024716444313526154,0.06611130386590958,0.021371668204665184,0.7644200921058655,0.0168146975338459
tiktok,comment,7641940243590974741_comment_0,ben sadece yazışarak para kazanıyorum oturduğum yerde 🙂,,https://www.tiktok.com/@pria.sederhana432/video/7641940243590974741,7.641940243590974e+18,neutral,2026-06-08 22:50:35.663393,21,0,0,0,0.5,21,,neutral,0.7435858845710754,english,Mixed/Urban,love,0.044008467346429825,0.02978876791894436,0.14984726905822754,0.02190602943301201,0.37084078788757324,0.034446511417627335
tiktok,comment,7641940243590974741_comment_1,abla özele bakarsan sevinirim,,https://www.tiktok.com/@pria.sederhana432/video/7641940243590974741,7.641940243590974e+18,positive,2026-06-08 22:50:35.663428,0,0,0,0,0.8323842480778694,0,,positive,0.4412808269262314,multilingual,Unknown,love,0.0420338436961174,0.024716444313526154,0.06611130386590958,0.021371668204665184,0.7644200921058655,0.0168146975338459
tiktok,comment,7474552135703645446_comment_0,ben sadece yazışarak para kazanıyorum oturduğum yerde 🙂,,https://www.tiktok.com/@iqbalsalmon3/video/7474552135703645446,7.474552135703645e+18,neutral,2026-06-08 22:50:36.019564,21,0,0,0,0.5,21,,neutral,0.7435858845710754,english,Mixed/Urban,love,0.044008467346429825,0.02978876791894436,0.14984726905822754,0.02190602943301201,0.37084078788757324,0.034446511417627335
tiktok,comment,7474552135703645446_comment_1,abla özele bakarsan sevinirim,,https://www.tiktok.com/@iqbalsalmon3/video/7474552135703645446,7.474552135703645e+18,positive,2026-06-08 22:50:36.019597,0,0,0,0,0.8323842480778694,0,,positive,0.4412808269262314,multilingual,Unknown,love,0.0420338436961174,0.024716444313526154,0.06611130386590958,0.021371668204665184,0.7644200921058655,0.0168146975338459
tiktok,comment,7645124891271777557_comment_0,ben sadece yazışarak para kazanıyorum oturduğum yerde 🙂,,https://www.tiktok.com/@banksampahsariasri/video/7645124891271777557,7.645124891271777e+18,neutral,2026-06-08 22:50:36.327552,21,0,0,0,0.5,21,,neutral,0.7435858845710754,english,Mixed/Urban,love,0.044008467346429825,0.02978876791894436,0.14984726905822754,0.02190602943301201,0.37084078788757324,0.034446511417627335
tiktok,comment,7645124891271777557_comment_1,abla özele bakarsan sevinirim,,https://www.tiktok.com/@banksampahsariasri/video/7645124891271777557,7.645124891271777e+18,positive,2026-06-08 22:50:36.327588,0,0,0,0,0.8323842480778694,0,,positive,0.4412808269262314,multilingual,Unknown,love,0.0420338436961174,0.024716444313526154,0.06611130386590958,0.021371668204665184,0.7644200921058655,0.0168146975338459
tiktok,comment,7640853359737490708_comment_0,ben sadece yazışarak para kazanıyorum oturduğum yerde 🙂,,https://www.tiktok.com/@tour__travel/video/7640853359737490708,7.64085335973749e+18,neutral,2026-06-08 22:50:36.647241,21,0,0,0,0.5,21,,neutral,0.7435858845710754,english,Mixed/Urban,love,0.044008467346429825,0.02978876791894436,0.14984726905822754,0.02190602943301201,0.37084078788757324,0.034446511417627335
tiktok,comment,7640853359737490708_comment_1,abla özele bakarsan sevinirim,,https://www.tiktok.com/@tour__travel/video/7640853359737490708,7.64085335973749e+18,positive,2026-06-08 22:50:36.647279,0,0,0,0,0.8323842480778694,0,,positive,0.4412808269262314,multilingual,Unknown,love,0.0420338436961174,0.024716444313526154,0.06611130386590958,0.021371668204665184,0.7644200921058655,0.0168146975338459
tiktok,comment,7591765570576600328_comment_0,ben sadece yazışarak para kazanıyorum oturduğum yerde 🙂,,https://www.tiktok.com/@smartsaham_/video/7591765570576600328,7.5917655705766e+18,neutral,2026-06-08 22:50:36.959796,21,0,0,0,0.5,21,,neutral,0.7435858845710754,english,Mixed/Urban,love,0.044008467346429825,0.02978876791894436,0.14984726905822754,0.02190602943301201,0.37084078788757324,0.034446511417627335
tiktok,comment,7591765570576600328_comment_1,abla özele bakarsan sevinirim,,https://www.tiktok.com/@smartsaham_/video/7591765570576600328,7.5917655705766e+18,positive,2026-06-08 22:50:36.959831,0,0,0,0,0.8323842480778694,0,,positive,0.4412808269262314,multilingual,Unknown,love,0.0420338436961174,0.024716444313526154,0.06611130386590958,0.021371668204665184,0.7644200921058655,0.0168146975338459
tiktok,comment,7601753974122892565_comment_0,ben sadece yazışarak para kazanıyorum oturduğum yerde 🙂,,https://www.tiktok.com/@penggunatidaktersedia0/video/7601753974122892565,7.601753974122892e+18,neutral,2026-06-08 22:50:37.289375,21,0,0,0,0.5,21,,neutral,0.7435858845710754,english,Mixed/Urban,love,0.044008467346429825,0.02978876791894436,0.14984726905822754,0.02190602943301201,0.37084078788757324,0.034446511417627335
tiktok,comment,7601753974122892565_comment_1,abla özele bakarsan sevinirim,,https://www.tiktok.com/@penggunatidaktersedia0/video/7601753974122892565,7.601753974122892e+18,positive,2026-06-08 22:50:37.289408,0,0,0,0,0.8323842480778694,0,,positive,0.4412808269262314,multilingual,Unknown,love,0.0420338436961174,0.024716444313526154,0.06611130386590958,0.021371668204665184,0.7644200921058655,0.0168146975338459
tiktok,comment,7617412908158520596_comment_0,ben sadece yazışarak para kazanıyorum oturduğum yerde 🙂,,https://www.tiktok.com/@kajian.ust.hanan.attaki/video/7617412908158520596,7.61741290815852e+18,neutral,2026-06-08 22:50:37.655026,21,0,0,0,0.5,21,,neutral,0.7435858845710754,english,Mixed/Urban,love,0.044008467346429825,0.02978876791894436,0.14984726905822754,0.02190602943301201,0.37084078788757324,0.034446511417627335
tiktok,comment,7617412908158520596_comment_1,abla özele bakarsan sevinirim,,https://www.tiktok.com/@kajian.ust.hanan.attaki/video/7617412908158520596,7.61741290815852e+18,positive,2026-06-08 22:50:37.655061,0,0,0,0,0.8323842480778694,0,,positive,0.4412808269262314,multilingual,Unknown,love,0.0420338436961174,0.024716444313526154,0.06611130386590958,0.021371668204665184,0.7644200921058655,0.0168146975338459
tiktok,comment,7628966921878162696_comment_0,ben sadece yazışarak para kazanıyorum oturduğum yerde 🙂,,https://www.tiktok.com/@adriadzar00/video/7628966921878162696,7.628966921878162e+18,neutral,2026-06-08 22:50:37.973192,21,0,0,0,0.5,21,,neutral,0.7435858845710754,english,Mixed/Urban,love,0.044008467346429825,0.02978876791894436,0.14984726905822754,0.02190602943301201,0.37084078788757324,0.034446511417627335
tiktok,comment,7628966921878162696_comment_1,abla özele bakarsan sevinirim,,https://www.tiktok.com/@adriadzar00/video/7628966921878162696,7.628966921878162e+18,positive,2026-06-08 22:50:37.973225,0,0,0,0,0.8323842480778694,0,,positive,0.4412808269262314,multilingual,Unknown,love,0.0420338436961174,0.024716444313526154,0.06611130386590958,0.021371668204665184,0.7644200921058655,0.0168146975338459
tiktok,comment,7459790150424399134_comment_0,ben sadece yazışarak para kazanıyorum oturduğum yerde 🙂,,https://www.tiktok.com/@bishandra/video/7459790150424399134,7.459790150424399e+18,neutral,2026-06-08 22:50:38.278735,21,0,0,0,0.5,21,,neutral,0.7435858845710754,english,Mixed/Urban,love,0.044008467346429825,0.02978876791894436,0.14984726905822754,0.02190602943301201,0.37084078788757324,0.034446511417627335
tiktok,comment,7459790150424399134_comment_1,abla özele bakarsan sevinirim,,https://www.tiktok.com/@bishandra/video/7459790150424399134,7.459790150424399e+18,positive,2026-06-08 22:50:38.278771,0,0,0,0,0.8323842480778694,0,,positive,0.4412808269262314,multilingual,Unknown,love,0.0420338436961174,0.024716444313526154,0.06611130386590958,0.021371668204665184,0.7644200921058655,0.0168146975338459
tiktok,comment,7577019052892245270_comment_0,ben sadece yazışarak para kazanıyorum oturduğum yerde 🙂,,https://www.tiktok.com/@jina110420/video/7577019052892245270,7.577019052892245e+18,neutral,2026-06-08 22:50:38.589973,21,0,0,0,0.5,21,,neutral,0.7435858845710754,english,Mixed/Urban,love,0.044008467346429825,0.02978876791894436,0.14984726905822754,0.02190602943301201,0.37084078788757324,0.034446511417627335
tiktok,comment,7577019052892245270_comment_1,abla özele bakarsan sevinirim,,https://www.tiktok.com/@jina110420/video/7577019052892245270,7.577019052892245e+18,positive,2026-06-08 22:50:38.590002,0,0,0,0,0.8323842480778694,0,,positive,0.4412808269262314,multilingual,Unknown,love,0.0420338436961174,0.024716444313526154,0.06611130386590958,0.021371668204665184,0.7644200921058655,0.0168146975338459
tiktok,comment,7297252066039188741_comment_0,ben sadece yazışarak para kazanıyorum oturduğum yerde 🙂,,https://www.tiktok.com/@rindustory/video/7297252066039188741,7.297252066039188e+18,neutral,2026-06-08 22:50:38.901949,21,0,0,0,0.5,21,,neutral,0.7435858845710754,english,Mixed/Urban,love,0.044008467346429825,0.02978876791894436,0.14984726905822754,0.02190602943301201,0.37084078788757324,0.034446511417627335
tiktok,comment,7297252066039188741_comment_1,abla özele bakarsan sevinirim,,https://www.tiktok.com/@rindustory/video/7297252066039188741,7.297252066039188e+18,positive,2026-06-08 22:50:38.901972,0,0,0,0,0.8323842480778694,0,,positive,0.4412808269262314,multilingual,Unknown,love,0.0420338436961174,0.024716444313526154,0.06611130386590958,0.021371668204665184,0.7644200921058655,0.0168146975338459
tiktok,comment,7340682249584610566_comment_0,ben sadece yazışarak para kazanıyorum oturduğum yerde 🙂,,https://www.tiktok.com/@faniardianaummani/video/7340682249584610566,7.34068224958461e+18,neutral,2026-06-08 22:50:39.211591,21,0,0,0,0.5,21,,neutral,0.7435858845710754,english,Mixed/Urban,love,0.044008467346429825,0.02978876791894436,0.14984726905822754,0.02190602943301201,0.37084078788757324,0.034446511417627335
tiktok,comment,7340682249584610566_comment_1,abla özele bakarsan sevinirim,,https://www.tiktok.com/@faniardianaummani/video/7340682249584610566,7.34068224958461e+18,positive,2026-06-08 22:50:39.211624,0,0,0,0,0.8323842480778694,0,,positive,0.4412808269262314,multilingual,Unknown,love,0.0420338436961174,0.024716444313526154,0.06611130386590958,0.021371668204665184,0.7644200921058655,0.0168146975338459
tiktok,comment,7630294998071676180_comment_0,ben sadece yazışarak para kazanıyorum oturduğum yerde 🙂,,https://www.tiktok.com/@kabar.62/video/7630294998071676180,7.630294998071676e+18,neutral,2026-06-08 22:50:39.544429,21,0,0,0,0.5,21,,neutral,0.7435858845710754,english,Mixed/Urban,love,0.044008467346429825,0.02978876791894436,0.14984726905822754,0.02190602943301201,0.37084078788757324,0.034446511417627335
tiktok,comment,7630294998071676180_comment_1,abla özele bakarsan sevinirim,,https://www.tiktok.com/@kabar.62/video/7630294998071676180,7.630294998071676e+18,positive,2026-06-08 22:50:39.544472,0,0,0,0,0.8323842480778694,0,,positive,0.4412808269262314,multilingual,Unknown,love,0.0420338436961174,0.024716444313526154,0.06611130386590958,0.021371668204665184,0.7644200921058655,0.0168146975338459
tiktok,comment,7634221617689726226_comment_0,ben sadece yazışarak para kazanıyorum oturduğum yerde 🙂,,https://www.tiktok.com/@bangriyan294/video/7634221617689726226,7.634221617689726e+18,neutral,2026-06-08 22:50:39.861596,21,0,0,0,0.5,21,,neutral,0.7435858845710754,english,Mixed/Urban,love,0.044008467346429825,0.02978876791894436,0.14984726905822754,0.02190602943301201,0.37084078788757324,0.034446511417627335
tiktok,comment,7634221617689726226_comment_1,abla özele bakarsan sevinirim,,https://www.tiktok.com/@bangriyan294/video/7634221617689726226,7.634221617689726e+18,positive,2026-06-08 22:50:39.861632,0,0,0,0,0.8323842480778694,0,,positive,0.4412808269262314,multilingual,Unknown,love,0.0420338436961174,0.024716444313526154,0.06611130386590958,0.021371668204665184,0.7644200921058655,0.0168146975338459
tiktok,comment,7637095012794223892_comment_0,ben sadece yazışarak para kazanıyorum oturduğum yerde 🙂,,https://www.tiktok.com/@magelangeat/video/7637095012794223892,7.637095012794224e+18,neutral,2026-06-08 22:50:40.164639,21,0,0,0,0.5,21,,neutral,0.7435858845710754,english,Mixed/Urban,love,0.044008467346429825,0.02978876791894436,0.14984726905822754,0.02190602943301201,0.37084078788757324,0.034446511417627335
tiktok,comment,7637095012794223892_comment_1,abla özele bakarsan sevinirim,,https://www.tiktok.com/@magelangeat/video/7637095012794223892,7.637095012794224e+18,positive,2026-06-08 22:50:40.164676,0,0,0,0,0.8323842480778694,0,,positive,0.4412808269262314,multilingual,Unknown,love,0.0420338436961174,0.024716444313526154,0.06611130386590958,0.021371668204665184,0.7644200921058655,0.0168146975338459
tiktok,comment,7608186509321112853_comment_0,ben sadece yazışarak para kazanıyorum oturduğum yerde 🙂,,https://www.tiktok.com/@m.arnalamanggalakusuma/video/7608186509321112853,7.608186509321113e+18,neutral,2026-06-08 22:50:40.518404,21,0,0,0,0.5,21,,neutral,0.7435858845710754,english,Mixed/Urban,love,0.044008467346429825,0.02978876791894436,0.14984726905822754,0.02190602943301201,0.37084078788757324,0.034446511417627335
tiktok,comment,7608186509321112853_comment_1,abla özele bakarsan sevinirim,,https://www.tiktok.com/@m.arnalamanggalakusuma/video/7608186509321112853,7.608186509321113e+18,positive,2026-06-08 22:50:40.518428,0,0,0,0,0.8323842480778694,0,,positive,0.4412808269262314,multilingual,Unknown,love,0.0420338436961174,0.024716444313526154,0.06611130386590958,0.021371668204665184,0.7644200921058655,0.0168146975338459
tiktok,comment,7615457269907459349_comment_0,ben sadece yazışarak para kazanıyorum oturduğum yerde 🙂,,https://www.tiktok.com/@uncle.fang.official/video/7615457269907459349,7.615457269907459e+18,neutral,2026-06-08 22:50:40.849390,21,0,0,0,0.5,21,,neutral,0.7435858845710754,english,Mixed/Urban,love,0.044008467346429825,0.02978876791894436,0.14984726905822754,0.02190602943301201,0.37084078788757324,0.034446511417627335
tiktok,comment,7615457269907459349_comment_1,abla özele bakarsan sevinirim,,https://www.tiktok.com/@uncle.fang.official/video/7615457269907459349,7.615457269907459e+18,positive,2026-06-08 22:50:40.849422,0,0,0,0,0.8323842480778694,0,,positive,0.4412808269262314,multilingual,Unknown,love,0.0420338436961174,0.024716444313526154,0.06611130386590958,0.021371668204665184,0.7644200921058655,0.0168146975338459
tiktok,comment,7593786938906250514_comment_0,ben sadece yazışarak para kazanıyorum oturduğum yerde 🙂,,https://www.tiktok.com/@go_block_forex/video/7593786938906250514,7.59378693890625e+18,neutral,2026-06-08 22:50:41.152278,21,0,0,0,0.5,21,,neutral,0.7435858845710754,english,Mixed/Urban,love,0.044008467346429825,0.02978876791894436,0.14984726905822754,0.02190602943301201,0.37084078788757324,0.034446511417627335
tiktok,comment,7593786938906250514_comment_1,abla özele bakarsan sevinirim,,https://www.tiktok.com/@go_block_forex/video/7593786938906250514,7.59378693890625e+18,positive,2026-06-08 22:50:41.152301,0,0,0,0,0.8323842480778694,0,,positive,0.4412808269262314,multilingual,Unknown,love,0.0420338436961174,0.024716444313526154,0.06611130386590958,0.021371668204665184,0.7644200921058655,0.0168146975338459
tiktok,comment,7588424504427269383_comment_0,ben sadece yazışarak para kazanıyorum oturduğum yerde 🙂,,https://www.tiktok.com/@cie_poet/video/7588424504427269383,7.588424504427269e+18,neutral,2026-06-08 22:50:41.480966,21,0,0,0,0.5,21,,neutral,0.7435858845710754,english,Mixed/Urban,love,0.044008467346429825,0.02978876791894436,0.14984726905822754,0.02190602943301201,0.37084078788757324,0.034446511417627335
tiktok,comment,7588424504427269383_comment_1,abla özele bakarsan sevinirim,,https://www.tiktok.com/@cie_poet/video/7588424504427269383,7.588424504427269e+18,positive,2026-06-08 22:50:41.481001,0,0,0,0,0.8323842480778694,0,,positive,0.4412808269262314,multilingual,Unknown,love,0.0420338436961174,0.024716444313526154,0.06611130386590958,0.021371668204665184,0.7644200921058655,0.0168146975338459
tiktok,comment,7612152722799791381_comment_0,ben sadece yazışarak para kazanıyorum oturduğum yerde 🙂,,https://www.tiktok.com/@kevinhendrawanclipper/video/7612152722799791381,7.612152722799791e+18,neutral,2026-06-08 22:50:41.804644,21,0,0,0,0.5,21,,neutral,0.7435858845710754,english,Mixed/Urban,love,0.044008467346429825,0.02978876791894436,0.14984726905822754,0.02190602943301201,0.37084078788757324,0.034446511417627335
tiktok,comment,7612152722799791381_comment_1,abla özele bakarsan sevinirim,,https://www.tiktok.com/@kevinhendrawanclipper/video/7612152722799791381,7.612152722799791e+18,positive,2026-06-08 22:50:41.804675,0,0,0,0,0.8323842480778694,0,,positive,0.4412808269262314,multilingual,Unknown,love,0.0420338436961174,0.024716444313526154,0.06611130386590958,0.021371668204665184,0.7644200921058655,0.0168146975338459
tiktok,comment,7630966586513329416_comment_0,ben sadece yazışarak para kazanıyorum oturduğum yerde 🙂,,https://www.tiktok.com/@dutachamplads/video/7630966586513329416,7.630966586513329e+18,neutral,2026-06-08 22:50:42.113555,21,0,0,0,0.5,21,,neutral,0.7435858845710754,english,Mixed/Urban,love,0.044008467346429825,0.02978876791894436,0.14984726905822754,0.02190602943301201,0.37084078788757324,0.034446511417627335
tiktok,comment,7630966586513329416_comment_1,abla özele bakarsan sevinirim,,https://www.tiktok.com/@dutachamplads/video/7630966586513329416,7.630966586513329e+18,positive,2026-06-08 22:50:42.113592,0,0,0,0,0.8323842480778694,0,,positive,0.4412808269262314,multilingual,Unknown,love,0.0420338436961174,0.024716444313526154,0.06611130386590958,0.021371668204665184,0.7644200921058655,0.0168146975338459
tiktok,comment,7553800841988181261_comment_0,ben sadece yazışarak para kazanıyorum oturduğum yerde 🙂,,https://www.tiktok.com/@pasang.lama.ceo/video/7553800841988181261,7.553800841988181e+18,neutral,2026-06-08 22:50:42.448494,21,0,0,0,0.5,21,,neutral,0.7435858845710754,english,Mixed/Urban,love,0.044008467346429825,0.02978876791894436,0.14984726905822754,0.02190602943301201,0.37084078788757324,0.034446511417627335
tiktok,comment,7553800841988181261_comment_1,abla özele bakarsan sevinirim,,https://www.tiktok.com/@pasang.lama.ceo/video/7553800841988181261,7.553800841988181e+18,positive,2026-06-08 22:50:42.448528,0,0,0,0,0.8323842480778694,0,,positive,0.4412808269262314,multilingual,Unknown,love,0.0420338436961174,0.024716444313526154,0.06611130386590958,0.021371668204665184,0.7644200921058655,0.0168146975338459
tiktok,comment,7643048726575025425_comment_0,ben sadece yazışarak para kazanıyorum oturduğum yerde 🙂,,https://www.tiktok.com/@norraaa3v_/video/7643048726575025425,7.643048726575025e+18,neutral,2026-06-08 22:50:42.753843,21,0,0,0,0.5,21,,neutral,0.7435858845710754,english,Mixed/Urban,love,0.044008467346429825,0.02978876791894436,0.14984726905822754,0.02190602943301201,0.37084078788757324,0.034446511417627335
tiktok,comment,7643048726575025425_comment_1,abla özele bakarsan sevinirim,,https://www.tiktok.com/@norraaa3v_/video/7643048726575025425,7.643048726575025e+18,positive,2026-06-08 22:50:42.753880,0,0,0,0,0.8323842480778694,0,,positive,0.4412808269262314,multilingual,Unknown,love,0.0420338436961174,0.024716444313526154,0.06611130386590958,0.021371668204665184,0.7644200921058655,0.0168146975338459
tiktok,comment,7600455902797237511_comment_0,ben sadece yazışarak para kazanıyorum oturduğum yerde 🙂,,https://www.tiktok.com/@fizabarakahtrip_kashmir/video/7600455902797237511,7.600455902797237e+18,neutral,2026-06-08 22:50:43.086246,21,0,0,0,0.5,21,,neutral,0.7435858845710754,english,Mixed/Urban,love,0.044008467346429825,0.02978876791894436,0.14984726905822754,0.02190602943301201,0.37084078788757324,0.034446511417627335
tiktok,comment,7600455902797237511_comment_1,abla özele bakarsan sevinirim,,https://www.tiktok.com/@fizabarakahtrip_kashmir/video/7600455902797237511,7.600455902797237e+18,positive,2026-06-08 22:50:43.086280,0,0,0,0,0.8323842480778694,0,,positive,0.4412808269262314,multilingual,Unknown,love,0.0420338436961174,0.024716444313526154,0.06611130386590958,0.021371668204665184,0.7644200921058655,0.0168146975338459
tiktok,comment,7347160759027223813_comment_0,ben sadece yazışarak para kazanıyorum oturduğum yerde 🙂,,https://www.tiktok.com/@ulfysss_/video/7347160759027223813,7.347160759027224e+18,neutral,2026-06-08 22:50:43.395564,21,0,0,0,0.5,21,,neutral,0.7435858845710754,english,Mixed/Urban,love,0.044008467346429825,0.02978876791894436,0.14984726905822754,0.02190602943301201,0.37084078788757324,0.034446511417627335
tiktok,comment,7347160759027223813_comment_1,abla özele bakarsan sevinirim,,https://www.tiktok.com/@ulfysss_/video/7347160759027223813,7.347160759027224e+18,positive,2026-06-08 22:50:43.395598,0,0,0,0,0.8323842480778694,0,,positive,0.4412808269262314,multilingual,Unknown,love,0.0420338436961174,0.024716444313526154,0.06611130386590958,0.021371668204665184,0.7644200921058655,0.0168146975338459
tiktok,comment,7576942691871706376_comment_0,ben sadece yazışarak para kazanıyorum oturduğum yerde 🙂,,https://www.tiktok.com/@nethubglobal/video/7576942691871706376,7.576942691871706e+18,neutral,2026-06-08 22:50:43.712680,21,0,0,0,0.5,21,,neutral,0.7435858845710754,english,Mixed/Urban,love,0.044008467346429825,0.02978876791894436,0.14984726905822754,0.02190602943301201,0.37084078788757324,0.034446511417627335
tiktok,comment,7576942691871706376_comment_1,abla özele bakarsan sevinirim,,https://www.tiktok.com/@nethubglobal/video/7576942691871706376,7.576942691871706e+18,positive,2026-06-08 22:50:43.712713,0,0,0,0,0.8323842480778694,0,,positive,0.4412808269262314,multilingual,Unknown,love,0.0420338436961174,0.024716444313526154,0.06611130386590958,0.021371668204665184,0.7644200921058655,0.0168146975338459
tiktok,comment,7567231002255330567_comment_0,ben sadece yazışarak para kazanıyorum oturduğum yerde 🙂,,https://www.tiktok.com/@ika_berau/video/7567231002255330567,7.56723100225533e+18,neutral,2026-06-08 22:50:44.024006,21,0,0,0,0.5,21,,neutral,0.7435858845710754,english,Mixed/Urban,love,0.044008467346429825,0.02978876791894436,0.14984726905822754,0.02190602943301201,0.37084078788757324,0.034446511417627335
tiktok,comment,7567231002255330567_comment_1,abla özele bakarsan sevinirim,,https://www.tiktok.com/@ika_berau/video/7567231002255330567,7.56723100225533e+18,positive,2026-06-08 22:50:44.024041,0,0,0,0,0.8323842480778694,0,,positive,0.4412808269262314,multilingual,Unknown,love,0.0420338436961174,0.024716444313526154,0.06611130386590958,0.021371668204665184,0.7644200921058655,0.0168146975338459
tiktok,comment,7541885744550251790_comment_0,ben sadece yazışarak para kazanıyorum oturduğum yerde 🙂,,https://www.tiktok.com/@sanjucollection/video/7541885744550251790,7.541885744550252e+18,neutral,2026-06-08 22:50:44.334680,21,0,0,0,0.5,21,,neutral,0.7435858845710754,english,Mixed/Urban,love,0.044008467346429825,0.02978876791894436,0.14984726905822754,0.02190602943301201,0.37084078788757324,0.034446511417627335
tiktok,comment,7541885744550251790_comment_1,abla özele bakarsan sevinirim,,https://www.tiktok.com/@sanjucollection/video/7541885744550251790,7.541885744550252e+18,positive,2026-06-08 22:50:44.334715,0,0,0,0,0.8323842480778694,0,,positive,0.4412808269262314,multilingual,Unknown,love,0.0420338436961174,0.024716444313526154,0.06611130386590958,0.021371668204665184,0.7644200921058655,0.0168146975338459
tiktok,comment,7594824147306401032_comment_0,ben sadece yazışarak para kazanıyorum oturduğum yerde 🙂,,https://www.tiktok.com/@user4327694112814/video/7594824147306401032,7.594824147306401e+18,neutral,2026-06-08 22:50:44.660926,21,0,0,0,0.5,21,,neutral,0.7435858845710754,english,Mixed/Urban,love,0.044008467346429825,0.02978876791894436,0.14984726905822754,0.02190602943301201,0.37084078788757324,0.034446511417627335
tiktok,comment,7594824147306401032_comment_1,abla özele bakarsan sevinirim,,https://www.tiktok.com/@user4327694112814/video/7594824147306401032,7.594824147306401e+18,positive,2026-06-08 22:50:44.660962,0,0,0,0,0.8323842480778694,0,,positive,0.4412808269262314,multilingual,Unknown,love,0.0420338436961174,0.024716444313526154,0.06611130386590958,0.021371668204665184,0.7644200921058655,0.0168146975338459
tiktok,comment,7644116150737014023_comment_0,ben sadece yazışarak para kazanıyorum oturduğum yerde 🙂,,https://www.tiktok.com/@rich1596/video/7644116150737014023,7.644116150737014e+18,neutral,2026-06-08 22:50:45.027841,21,0,0,0,0.5,21,,neutral,0.7435858845710754,english,Mixed/Urban,love,0.044008467346429825,0.02978876791894436,0.14984726905822754,0.02190602943301201,0.37084078788757324,0.034446511417627335
tiktok,comment,7644116150737014023_comment_1,abla özele bakarsan sevinirim,,https://www.tiktok.com/@rich1596/video/7644116150737014023,7.644116150737014e+18,positive,2026-06-08 22:50:45.027864,0,0,0,0,0.8323842480778694,0,,positive,0.4412808269262314,multilingual,Unknown,love,0.0420338436961174,0.024716444313526154,0.06611130386590958,0.021371668204665184,0.7644200921058655,0.0168146975338459
tiktok,comment,7326189022756359430_comment_0,ben sadece yazışarak para kazanıyorum oturduğum yerde 🙂,,https://www.tiktok.com/@es.teler.froztice/video/7326189022756359430,7.326189022756359e+18,neutral,2026-06-08 22:50:45.330204,21,0,0,0,0.5,21,,neutral,0.7435858845710754,english,Mixed/Urban,love,0.044008467346429825,0.02978876791894436,0.14984726905822754,0.02190602943301201,0.37084078788757324,0.034446511417627335
tiktok,comment,7326189022756359430_comment_1,abla özele bakarsan sevinirim,,https://www.tiktok.com/@es.teler.froztice/video/7326189022756359430,7.326189022756359e+18,positive,2026-06-08 22:50:45.330238,0,0,0,0,0.8323842480778694,0,,positive,0.4412808269262314,multilingual,Unknown,love,0.0420338436961174,0.024716444313526154,0.06611130386590958,0.021371668204665184,0.7644200921058655,0.0168146975338459
tiktok,comment,7371677174962670854_comment_0,ben sadece yazışarak para kazanıyorum oturduğum yerde 🙂,,https://www.tiktok.com/@doddybicarainvestasi/video/7371677174962670854,7.371677174962671e+18,neutral,2026-06-08 22:50:45.638934,21,0,0,0,0.5,21,,neutral,0.7435858845710754,english,Mixed/Urban,love,0.044008467346429825,0.02978876791894436,0.14984726905822754,0.02190602943301201,0.37084078788757324,0.034446511417627335
tiktok,comment,7371677174962670854_comment_1,abla özele bakarsan sevinirim,,https://www.tiktok.com/@doddybicarainvestasi/video/7371677174962670854,7.371677174962671e+18,positive,2026-06-08 22:50:45.638954,0,0,0,0,0.8323842480778694,0,,positive,0.4412808269262314,multilingual,Unknown,love,0.0420338436961174,0.024716444313526154,0.06611130386590958,0.021371668204665184,0.7644200921058655,0.0168146975338459
tiktok,comment,7641958057924365588_comment_0,ben sadece yazışarak para kazanıyorum oturduğum yerde 🙂,,https://www.tiktok.com/@mira.ninso/video/7641958057924365588,7.641958057924365e+18,neutral,2026-06-08 22:50:45.944991,21,0,0,0,0.5,21,,neutral,0.7435858845710754,english,Mixed/Urban,love,0.044008467346429825,0.02978876791894436,0.14984726905822754,0.02190602943301201,0.37084078788757324,0.034446511417627335
tiktok,comment,7641958057924365588_comment_1,abla özele bakarsan sevinirim,,https://www.tiktok.com/@mira.ninso/video/7641958057924365588,7.641958057924365e+18,positive,2026-06-08 22:50:45.945016,0,0,0,0,0.8323842480778694,0,,positive,0.4412808269262314,multilingual,Unknown,love,0.0420338436961174,0.024716444313526154,0.06611130386590958,0.021371668204665184,0.7644200921058655,0.0168146975338459
tiktok,comment,7540940530331553031_comment_0,ben sadece yazışarak para kazanıyorum oturduğum yerde 🙂,,https://www.tiktok.com/@gemsjewelssyd/video/7540940530331553031,7.540940530331553e+18,neutral,2026-06-08 22:50:46.258722,21,0,0,0,0.5,21,,neutral,0.7435858845710754,english,Mixed/Urban,love,0.044008467346429825,0.02978876791894436,0.14984726905822754,0.02190602943301201,0.37084078788757324,0.034446511417627335
tiktok,comment,7540940530331553031_comment_1,abla özele bakarsan sevinirim,,https://www.tiktok.com/@gemsjewelssyd/video/7540940530331553031,7.540940530331553e+18,positive,2026-06-08 22:50:46.258759,0,0,0,0,0.8323842480778694,0,,positive,0.4412808269262314,multilingual,Unknown,love,0.0420338436961174,0.024716444313526154,0.06611130386590958,0.021371668204665184,0.7644200921058655,0.0168146975338459
tiktok,comment,7580621157150264594_comment_0,ben sadece yazışarak para kazanıyorum oturduğum yerde 🙂,,https://www.tiktok.com/@taurus.girl29.4/video/7580621157150264594,7.580621157150264e+18,neutral,2026-06-08 22:50:46.568969,21,0,0,0,0.5,21,,neutral,0.7435858845710754,english,Mixed/Urban,love,0.044008467346429825,0.02978876791894436,0.14984726905822754,0.02190602943301201,0.37084078788757324,0.034446511417627335
tiktok,comment,7580621157150264594_comment_1,abla özele bakarsan sevinirim,,https://www.tiktok.com/@taurus.girl29.4/video/7580621157150264594,7.580621157150264e+18,positive,2026-06-08 22:50:46.569000,0,0,0,0,0.8323842480778694,0,,positive,0.4412808269262314,multilingual,Unknown,love,0.0420338436961174,0.024716444313526154,0.06611130386590958,0.021371668204665184,0.7644200921058655,0.0168146975338459
tiktok,comment,7572237568100666656_comment_0,ben sadece yazışarak para kazanıyorum oturduğum yerde 🙂,,https://www.tiktok.com/@herman_wsb/video/7572237568100666656,7.572237568100666e+18,neutral,2026-06-08 22:50:46.877960,21,0,0,0,0.5,21,,neutral,0.7435858845710754,english,Mixed/Urban,love,0.044008467346429825,0.02978876791894436,0.14984726905822754,0.02190602943301201,0.37084078788757324,0.034446511417627335
tiktok,comment,7572237568100666656_comment_1,abla özele bakarsan sevinirim,,https://www.tiktok.com/@herman_wsb/video/7572237568100666656,7.572237568100666e+18,positive,2026-06-08 22:50:46.877991,0,0,0,0,0.8323842480778694,0,,positive,0.4412808269262314,multilingual,Unknown,love,0.0420338436961174,0.024716444313526154,0.06611130386590958,0.021371668204665184,0.7644200921058655,0.0168146975338459
tiktok,comment,7359167858708106502_comment_0,ben sadece yazışarak para kazanıyorum oturduğum yerde 🙂,,https://www.tiktok.com/@warungsayursegar/video/7359167858708106502,7.359167858708106e+18,neutral,2026-06-08 22:50:47.184318,21,0,0,0,0.5,21,,neutral,0.7435858845710754,english,Mixed/Urban,love,0.044008467346429825,0.02978876791894436,0.14984726905822754,0.02190602943301201,0.37084078788757324,0.034446511417627335
tiktok,comment,7359167858708106502_comment_1,abla özele bakarsan sevinirim,,https://www.tiktok.com/@warungsayursegar/video/7359167858708106502,7.359167858708106e+18,positive,2026-06-08 22:50:47.184356,0,0,0,0,0.8323842480778694,0,,positive,0.4412808269262314,multilingual,Unknown,love,0.0420338436961174,0.024716444313526154,0.06611130386590958,0.021371668204665184,0.7644200921058655,0.0168146975338459
tiktok,comment,7489739478949530898_comment_0,ben sadece yazışarak para kazanıyorum oturduğum yerde 🙂,,https://www.tiktok.com/@rosmiati.sahara/video/7489739478949530898,7.489739478949531e+18,neutral,2026-06-08 22:50:47.500040,21,0,0,0,0.5,21,,neutral,0.7435858845710754,english,Mixed/Urban,love,0.044008467346429825,0.02978876791894436,0.14984726905822754,0.02190602943301201,0.37084078788757324,0.034446511417627335
tiktok,comment,7489739478949530898_comment_1,abla özele bakarsan sevinirim,,https://www.tiktok.com/@rosmiati.sahara/video/7489739478949530898,7.489739478949531e+18,positive,2026-06-08 22:50:47.500061,0,0,0,0,0.8323842480778694,0,,positive,0.4412808269262314,multilingual,Unknown,love,0.0420338436961174,0.024716444313526154,0.06611130386590958,0.021371668204665184,0.7644200921058655,0.0168146975338459
tiktok,comment,7467509688771415314_comment_0,ben sadece yazışarak para kazanıyorum oturduğum yerde 🙂,,https://www.tiktok.com/@melvin.mumpuni/video/7467509688771415314,7.467509688771415e+18,neutral,2026-06-08 22:50:47.823776,21,0,0,0,0.5,21,,neutral,0.7435858845710754,english,Mixed/Urban,love,0.044008467346429825,0.02978876791894436,0.14984726905822754,0.02190602943301201,0.37084078788757324,0.034446511417627335
tiktok,comment,7467509688771415314_comment_1,abla özele bakarsan sevinirim,,https://www.tiktok.com/@melvin.mumpuni/video/7467509688771415314,7.467509688771415e+18,positive,2026-06-08 22:50:47.823814,0,0,0,0,0.8323842480778694,0,,positive,0.4412808269262314,multilingual,Unknown,love,0.0420338436961174,0.024716444313526154,0.06611130386590958,0.021371668204665184,0.7644200921058655,0.0168146975338459
tiktok,comment,7606550968309779732_comment_0,ben sadece yazışarak para kazanıyorum oturduğum yerde 🙂,,https://www.tiktok.com/@growwithjasmeet/video/7606550968309779732,7.606550968309779e+18,neutral,2026-06-08 22:50:48.128658,21,0,0,0,0.5,21,,neutral,0.7435858845710754,english,Mixed/Urban,love,0.044008467346429825,0.02978876791894436,0.14984726905822754,0.02190602943301201,0.37084078788757324,0.034446511417627335
tiktok,comment,7606550968309779732_comment_1,abla özele bakarsan sevinirim,,https://www.tiktok.com/@growwithjasmeet/video/7606550968309779732,7.606550968309779e+18,positive,2026-06-08 22:50:48.128692,0,0,0,0,0.8323842480778694,0,,positive,0.4412808269262314,multilingual,Unknown,love,0.0420338436961174,0.024716444313526154,0.06611130386590958,0.021371668204665184,0.7644200921058655,0.0168146975338459
tiktok,comment,7643866430659677461_comment_0,ben sadece yazışarak para kazanıyorum oturduğum yerde 🙂,,https://www.tiktok.com/@hatxclip/video/7643866430659677461,7.643866430659677e+18,neutral,2026-06-08 22:50:48.444060,21,0,0,0,0.5,21,,neutral,0.7435858845710754,english,Mixed/Urban,love,0.044008467346429825,0.02978876791894436,0.14984726905822754,0.02190602943301201,0.37084078788757324,0.034446511417627335
tiktok,comment,7643866430659677461_comment_1,abla özele bakarsan sevinirim,,https://www.tiktok.com/@hatxclip/video/7643866430659677461,7.643866430659677e+18,positive,2026-06-08 22:50:48.444096,0,0,0,0,0.8323842480778694,0,,positive,0.4412808269262314,multilingual,Unknown,love,0.0420338436961174,0.024716444313526154,0.06611130386590958,0.021371668204665184,0.7644200921058655,0.0168146975338459
tiktok,comment,7621888638808247572_comment_0,ben sadece yazışarak para kazanıyorum oturduğum yerde 🙂,,https://www.tiktok.com/@fird_enzo/video/7621888638808247572,7.621888638808247e+18,neutral,2026-06-08 22:50:48.750948,21,0,0,0,0.5,21,,neutral,0.7435858845710754,english,Mixed/Urban,love,0.044008467346429825,0.02978876791894436,0.14984726905822754,0.02190602943301201,0.37084078788757324,0.034446511417627335
tiktok,comment,7621888638808247572_comment_1,abla özele bakarsan sevinirim,,https://www.tiktok.com/@fird_enzo/video/7621888638808247572,7.621888638808247e+18,positive,2026-06-08 22:50:48.750981,0,0,0,0,0.8323842480778694,0,,positive,0.4412808269262314,multilingual,Unknown,love,0.0420338436961174,0.024716444313526154,0.06611130386590958,0.021371668204665184,0.7644200921058655,0.0168146975338459
tiktok,comment,7643031849186479381_comment_0,ben sadece yazışarak para kazanıyorum oturduğum yerde 🙂,,https://www.tiktok.com/@yaynyam/video/7643031849186479381,7.643031849186479e+18,neutral,2026-06-08 22:50:49.187528,21,0,0,0,0.5,21,,neutral,0.7435858845710754,english,Mixed/Urban,love,0.044008467346429825,0.02978876791894436,0.14984726905822754,0.02190602943301201,0.37084078788757324,0.034446511417627335
tiktok,comment,7643031849186479381_comment_1,abla özele bakarsan sevinirim,,https://www.tiktok.com/@yaynyam/video/7643031849186479381,7.643031849186479e+18,positive,2026-06-08 22:50:49.187546,0,0,0,0,0.8323842480778694,0,,positive,0.4412808269262314,multilingual,Unknown,love,0.0420338436961174,0.024716444313526154,0.06611130386590958,0.021371668204665184,0.7644200921058655,0.0168146975338459
tiktok,comment,7623394927661157633_comment_0,ben sadece yazışarak para kazanıyorum oturduğum yerde 🙂,,https://www.tiktok.com/@ibnumustoffaofficial/video/7623394927661157633,7.623394927661157e+18,neutral,2026-06-08 22:50:49.508312,21,0,0,0,0.5,21,,neutral,0.7435858845710754,english,Mixed/Urban,love,0.044008467346429825,0.02978876791894436,0.14984726905822754,0.02190602943301201,0.37084078788757324,0.034446511417627335
tiktok,comment,7623394927661157633_comment_1,abla özele bakarsan sevinirim,,https://www.tiktok.com/@ibnumustoffaofficial/video/7623394927661157633,7.623394927661157e+18,positive,2026-06-08 22:50:49.508328,0,0,0,0,0.8323842480778694,0,,positive,0.4412808269262314,multilingual,Unknown,love,0.0420338436961174,0.024716444313526154,0.06611130386590958,0.021371668204665184,0.7644200921058655,0.0168146975338459
tiktok,comment,7608288592938552594_comment_0,ben sadece yazışarak para kazanıyorum oturduğum yerde 🙂,,https://www.tiktok.com/@ytta.clip8/video/7608288592938552594,7.608288592938552e+18,neutral,2026-06-08 22:50:49.839488,21,0,0,0,0.5,21,,neutral,0.7435858845710754,english,Mixed/Urban,love,0.044008467346429825,0.02978876791894436,0.14984726905822754,0.02190602943301201,0.37084078788757324,0.034446511417627335
tiktok,comment,7608288592938552594_comment_1,abla özele bakarsan sevinirim,,https://www.tiktok.com/@ytta.clip8/video/7608288592938552594,7.608288592938552e+18,positive,2026-06-08 22:50:49.839518,0,0,0,0,0.8323842480778694,0,,positive,0.4412808269262314,multilingual,Unknown,love,0.0420338436961174,0.024716444313526154,0.06611130386590958,0.021371668204665184,0.7644200921058655,0.0168146975338459
tiktok,comment,7626619574351432981_comment_0,ben sadece yazışarak para kazanıyorum oturduğum yerde 🙂,,https://www.tiktok.com/@mellycandrawan/video/7626619574351432981,7.626619574351433e+18,neutral,2026-06-08 22:50:50.149208,21,0,0,0,0.5,21,,neutral,0.7435858845710754,english,Mixed/Urban,love,0.044008467346429825,0.02978876791894436,0.14984726905822754,0.02190602943301201,0.37084078788757324,0.034446511417627335
tiktok,comment,7626619574351432981_comment_1,abla özele bakarsan sevinirim,,https://www.tiktok.com/@mellycandrawan/video/7626619574351432981,7.626619574351433e+18,positive,2026-06-08 22:50:50.149246,0,0,0,0,0.8323842480778694,0,,positive,0.4412808269262314,multilingual,Unknown,love,0.0420338436961174,0.024716444313526154,0.06611130386590958,0.021371668204665184,0.7644200921058655,0.0168146975338459
tiktok,comment,7560175186020977938_comment_0,ben sadece yazışarak para kazanıyorum oturduğum yerde 🙂,,https://www.tiktok.com/@ukmindo.id/video/7560175186020977938,7.560175186020978e+18,neutral,2026-06-08 22:50:50.497027,21,0,0,0,0.5,21,,neutral,0.7435858845710754,english,Mixed/Urban,love,0.044008467346429825,0.02978876791894436,0.14984726905822754,0.02190602943301201,0.37084078788757324,0.034446511417627335
tiktok,comment,7560175186020977938_comment_1,abla özele bakarsan sevinirim,,https://www.tiktok.com/@ukmindo.id/video/7560175186020977938,7.560175186020978e+18,positive,2026-06-08 22:50:50.497040,0,0,0,0,0.8323842480778694,0,,positive,0.4412808269262314,multilingual,Unknown,love,0.0420338436961174,0.024716444313526154,0.06611130386590958,0.021371668204665184,0.7644200921058655,0.0168146975338459
tiktok,comment,7648367740838874399_comment_0,ben sadece yazışarak para kazanıyorum oturduğum yerde 🙂,,https://www.tiktok.com/@malejandrogutierrez/video/7648367740838874399,7.648367740838874e+18,neutral,2026-06-08 22:50:50.801825,21,0,0,0,0.5,21,,neutral,0.7435858845710754,english,Mixed/Urban,love,0.044008467346429825,0.02978876791894436,0.14984726905822754,0.02190602943301201,0.37084078788757324,0.034446511417627335
tiktok,comment,7648367740838874399_comment_1,abla özele bakarsan sevinirim,,https://www.tiktok.com/@malejandrogutierrez/video/7648367740838874399,7.648367740838874e+18,positive,2026-06-08 22:50:50.801856,0,0,0,0,0.8323842480778694,0,,positive,0.4412808269262314,multilingual,Unknown,love,0.0420338436961174,0.024716444313526154,0.06611130386590958,0.021371668204665184,0.7644200921058655,0.0168146975338459
tiktok,comment,7628151245571673365_comment_0,ben sadece yazışarak para kazanıyorum oturduğum yerde 🙂,,https://www.tiktok.com/@kompascom/video/7628151245571673365,7.628151245571673e+18,neutral,2026-06-08 22:50:51.105817,21,0,0,0,0.5,21,,neutral,0.7435858845710754,english,Mixed/Urban,love,0.044008467346429825,0.02978876791894436,0.14984726905822754,0.02190602943301201,0.37084078788757324,0.034446511417627335
tiktok,comment,7628151245571673365_comment_1,abla özele bakarsan sevinirim,,https://www.tiktok.com/@kompascom/video/7628151245571673365,7.628151245571673e+18,positive,2026-06-08 22:50:51.105851,0,0,0,0,0.8323842480778694,0,,positive,0.4412808269262314,multilingual,Unknown,love,0.0420338436961174,0.024716444313526154,0.06611130386590958,0.021371668204665184,0.7644200921058655,0.0168146975338459
tiktok,comment,7346219514700352774_comment_0,ben sadece yazışarak para kazanıyorum oturduğum yerde 🙂,,https://www.tiktok.com/@matheuscell_01/video/7346219514700352774,7.346219514700353e+18,neutral,2026-06-08 22:50:51.410572,21,0,0,0,0.5,21,,neutral,0.7435858845710754,english,Mixed/Urban,love,0.044008467346429825,0.02978876791894436,0.14984726905822754,0.02190602943301201,0.37084078788757324,0.034446511417627335
tiktok,comment,7346219514700352774_comment_1,abla özele bakarsan sevinirim,,https://www.tiktok.com/@matheuscell_01/video/7346219514700352774,7.346219514700353e+18,positive,2026-06-08 22:50:51.410606,0,0,0,0,0.8323842480778694,0,,positive,0.4412808269262314,multilingual,Unknown,love,0.0420338436961174,0.024716444313526154,0.06611130386590958,0.021371668204665184,0.7644200921058655,0.0168146975338459
tiktok,comment,7608101288663928071_comment_0,ben sadece yazışarak para kazanıyorum oturduğum yerde 🙂,,https://www.tiktok.com/@ardinovianto_putra/video/7608101288663928071,7.608101288663928e+18,neutral,2026-06-08 22:50:51.713890,21,0,0,0,0.5,21,,neutral,0.7435858845710754,english,Mixed/Urban,love,0.044008467346429825,0.02978876791894436,0.14984726905822754,0.02190602943301201,0.37084078788757324,0.034446511417627335
tiktok,comment,7608101288663928071_comment_1,abla özele bakarsan sevinirim,,https://www.tiktok.com/@ardinovianto_putra/video/7608101288663928071,7.608101288663928e+18,positive,2026-06-08 22:50:51.713909,0,0,0,0,0.8323842480778694,0,,positive,0.4412808269262314,multilingual,Unknown,love,0.0420338436961174,0.024716444313526154,0.06611130386590958,0.021371668204665184,0.7644200921058655,0.0168146975338459
tiktok,comment,7317290420235521286_comment_0,ben sadece yazışarak para kazanıyorum oturduğum yerde 🙂,,https://www.tiktok.com/@hendrahilman/video/7317290420235521286,7.317290420235521e+18,neutral,2026-06-08 22:50:52.025007,21,0,0,0,0.5,21,,neutral,0.7435858845710754,english,Mixed/Urban,love,0.044008467346429825,0.02978876791894436,0.14984726905822754,0.02190602943301201,0.37084078788757324,0.034446511417627335
tiktok,comment,7317290420235521286_comment_1,abla özele bakarsan sevinirim,,https://www.tiktok.com/@hendrahilman/video/7317290420235521286,7.317290420235521e+18,positive,2026-06-08 22:50:52.025037,0,0,0,0,0.8323842480778694,0,,positive,0.4412808269262314,multilingual,Unknown,love,0.0420338436961174,0.024716444313526154,0.06611130386590958,0.021371668204665184,0.7644200921058655,0.0168146975338459
tiktok,comment,7648218497494895892_comment_0,ben sadece yazışarak para kazanıyorum oturduğum yerde 🙂,,https://www.tiktok.com/@nasilemakabanglong/video/7648218497494895892,7.648218497494896e+18,neutral,2026-06-08 22:50:52.402437,21,0,0,0,0.5,21,,neutral,0.7435858845710754,english,Mixed/Urban,love,0.044008467346429825,0.02978876791894436,0.14984726905822754,0.02190602943301201,0.37084078788757324,0.034446511417627335
tiktok,comment,7648218497494895892_comment_1,abla özele bakarsan sevinirim,,https://www.tiktok.com/@nasilemakabanglong/video/7648218497494895892,7.648218497494896e+18,positive,2026-06-08 22:50:52.402472,0,0,0,0,0.8323842480778694,0,,positive,0.4412808269262314,multilingual,Unknown,love,0.0420338436961174,0.024716444313526154,0.06611130386590958,0.021371668204665184,0.7644200921058655,0.0168146975338459
tiktok,comment,7645336908205133077_comment_0,ben sadece yazışarak para kazanıyorum oturduğum yerde 🙂,,https://www.tiktok.com/@zahratulamna95/video/7645336908205133077,7.645336908205133e+18,neutral,2026-06-08 22:50:52.716747,21,0,0,0,0.5,21,,neutral,0.7435858845710754,english,Mixed/Urban,love,0.044008467346429825,0.02978876791894436,0.14984726905822754,0.02190602943301201,0.37084078788757324,0.034446511417627335
tiktok,comment,7645336908205133077_comment_1,abla özele bakarsan sevinirim,,https://www.tiktok.com/@zahratulamna95/video/7645336908205133077,7.645336908205133e+18,positive,2026-06-08 22:50:52.716766,0,0,0,0,0.8323842480778694,0,,positive,0.4412808269262314,multilingual,Unknown,love,0.0420338436961174,0.024716444313526154,0.06611130386590958,0.021371668204665184,0.7644200921058655,0.0168146975338459
tiktok,comment,7565845257997356296_comment_0,ben sadece yazışarak para kazanıyorum oturduğum yerde 🙂,,https://www.tiktok.com/@mardatillahika/video/7565845257997356296,7.565845257997356e+18,neutral,2026-06-08 22:50:53.025187,21,0,0,0,0.5,21,,neutral,0.7435858845710754,english,Mixed/Urban,love,0.044008467346429825,0.02978876791894436,0.14984726905822754,0.02190602943301201,0.37084078788757324,0.034446511417627335
tiktok,comment,7565845257997356296_comment_1,abla özele bakarsan sevinirim,,https://www.tiktok.com/@mardatillahika/video/7565845257997356296,7.565845257997356e+18,positive,2026-06-08 22:50:53.025227,0,0,0,0,0.8323842480778694,0,,positive,0.4412808269262314,multilingual,Unknown,love,0.0420338436961174,0.024716444313526154,0.06611130386590958,0.021371668204665184,0.7644200921058655,0.0168146975338459
tiktok,comment,7642531700819643668_comment_0,ben sadece yazışarak para kazanıyorum oturduğum yerde 🙂,,https://www.tiktok.com/@job_vacanciesinmalaysia/video/7642531700819643668,7.642531700819643e+18,neutral,2026-06-08 22:50:53.344447,21,0,0,0,0.5,21,,neutral,0.7435858845710754,english,Mixed/Urban,love,0.044008467346429825,0.02978876791894436,0.14984726905822754,0.02190602943301201,0.37084078788757324,0.034446511417627335
tiktok,comment,7642531700819643668_comment_1,abla özele bakarsan sevinirim,,https://www.tiktok.com/@job_vacanciesinmalaysia/video/7642531700819643668,7.642531700819643e+18,positive,2026-06-08 22:50:53.344484,0,0,0,0,0.8323842480778694,0,,positive,0.4412808269262314,multilingual,Unknown,love,0.0420338436961174,0.024716444313526154,0.06611130386590958,0.021371668204665184,0.7644200921058655,0.0168146975338459
tiktok,comment,7647002822118100245_comment_0,ben sadece yazışarak para kazanıyorum oturduğum yerde 🙂,,https://www.tiktok.com/@kelgyu_station/video/7647002822118100245,7.6470028221181e+18,neutral,2026-06-08 22:50:53.643315,21,0,0,0,0.5,21,,neutral,0.7435858845710754,english,Mixed/Urban,love,0.044008467346429825,0.02978876791894436,0.14984726905822754,0.02190602943301201,0.37084078788757324,0.034446511417627335
tiktok,comment,7647002822118100245_comment_1,abla özele bakarsan sevinirim,,https://www.tiktok.com/@kelgyu_station/video/7647002822118100245,7.6470028221181e+18,positive,2026-06-08 22:50:53.643348,0,0,0,0,0.8323842480778694,0,,positive,0.4412808269262314,multilingual,Unknown,love,0.0420338436961174,0.024716444313526154,0.06611130386590958,0.021371668204665184,0.7644200921058655,0.0168146975338459
tiktok,comment,7646283253976026376_comment_0,ben sadece yazışarak para kazanıyorum oturduğum yerde 🙂,,https://www.tiktok.com/@mah.dee073/video/7646283253976026376,7.646283253976026e+18,neutral,2026-06-08 22:50:53.991259,21,0,0,0,0.5,21,,neutral,0.7435858845710754,english,Mixed/Urban,love,0.044008467346429825,0.02978876791894436,0.14984726905822754,0.02190602943301201,0.37084078788757324,0.034446511417627335
tiktok,comment,7646283253976026376_comment_1,abla özele bakarsan sevinirim,,https://www.tiktok.com/@mah.dee073/video/7646283253976026376,7.646283253976026e+18,positive,2026-06-08 22:50:53.991283,0,0,0,0,0.8323842480778694,0,,positive,0.4412808269262314,multilingual,Unknown,love,0.0420338436961174,0.024716444313526154,0.06611130386590958,0.021371668204665184,0.7644200921058655,0.0168146975338459
tiktok,comment,7647820302784761096_comment_0,ben sadece yazışarak para kazanıyorum oturduğum yerde 🙂,,https://www.tiktok.com/@lscchemicalandpaints/video/7647820302784761096,7.647820302784761e+18,neutral,2026-06-08 22:50:54.346021,21,0,0,0,0.5,21,,neutral,0.7435858845710754,english,Mixed/Urban,love,0.044008467346429825,0.02978876791894436,0.14984726905822754,0.02190602943301201,0.37084078788757324,0.034446511417627335
tiktok,comment,7647820302784761096_comment_1,abla özele bakarsan sevinirim,,https://www.tiktok.com/@lscchemicalandpaints/video/7647820302784761096,7.647820302784761e+18,positive,2026-06-08 22:50:54.346053,0,0,0,0,0.8323842480778694,0,,positive,0.4412808269262314,multilingual,Unknown,love,0.0420338436961174,0.024716444313526154,0.06611130386590958,0.021371668204665184,0.7644200921058655,0.0168146975338459
tiktok,comment,7621835329548553490_comment_0,ben sadece yazışarak para kazanıyorum oturduğum yerde 🙂,,https://www.tiktok.com/@ardinovianto_putra/video/7621835329548553490,7.621835329548553e+18,neutral,2026-06-08 22:50:54.651438,21,0,0,0,0.5,21,,neutral,0.7435858845710754,english,Mixed/Urban,love,0.044008467346429825,0.02978876791894436,0.14984726905822754,0.02190602943301201,0.37084078788757324,0.034446511417627335
tiktok,comment,7621835329548553490_comment_1,abla özele bakarsan sevinirim,,https://www.tiktok.com/@ardinovianto_putra/video/7621835329548553490,7.621835329548553e+18,positive,2026-06-08 22:50:54.651475,0,0,0,0,0.8323842480778694,0,,positive,0.4412808269262314,multilingual,Unknown,love,0.0420338436961174,0.024716444313526154,0.06611130386590958,0.021371668204665184,0.7644200921058655,0.0168146975338459
tiktok,comment,7573507156943637767_comment_0,ben sadece yazışarak para kazanıyorum oturduğum yerde 🙂,,https://www.tiktok.com/@srikandi_duadua/video/7573507156943637767,7.573507156943638e+18,neutral,2026-06-08 22:50:54.963004,21,0,0,0,0.5,21,,neutral,0.7435858845710754,english,Mixed/Urban,love,0.044008467346429825,0.02978876791894436,0.14984726905822754,0.02190602943301201,0.37084078788757324,0.034446511417627335
tiktok,comment,7573507156943637767_comment_1,abla özele bakarsan sevinirim,,https://www.tiktok.com/@srikandi_duadua/video/7573507156943637767,7.573507156943638e+18,positive,2026-06-08 22:50:54.963036,0,0,0,0,0.8323842480778694,0,,positive,0.4412808269262314,multilingual,Unknown,love,0.0420338436961174,0.024716444313526154,0.06611130386590958,0.021371668204665184,0.7644200921058655,0.0168146975338459
tiktok,comment,7643279884172774664_comment_0,ben sadece yazışarak para kazanıyorum oturduğum yerde 🙂,,https://www.tiktok.com/@fird_enzo/video/7643279884172774664,7.643279884172774e+18,neutral,2026-06-08 22:50:55.266793,21,0,0,0,0.5,21,,neutral,0.7435858845710754,english,Mixed/Urban,love,0.044008467346429825,0.02978876791894436,0.14984726905822754,0.02190602943301201,0.37084078788757324,0.034446511417627335
tiktok,comment,7643279884172774664_comment_1,abla özele bakarsan sevinirim,,https://www.tiktok.com/@fird_enzo/video/7643279884172774664,7.643279884172774e+18,positive,2026-06-08 22:50:55.266827,0,0,0,0,0.8323842480778694,0,,positive,0.4412808269262314,multilingual,Unknown,love,0.0420338436961174,0.024716444313526154,0.06611130386590958,0.021371668204665184,0.7644200921058655,0.0168146975338459
tiktok,comment,7576199110294916373_comment_0,ben sadece yazışarak para kazanıyorum oturduğum yerde 🙂,,https://www.tiktok.com/@dewatunggalabadi/video/7576199110294916373,7.576199110294916e+18,neutral,2026-06-08 22:50:55.617031,21,0,0,0,0.5,21,,neutral,0.7435858845710754,english,Mixed/Urban,love,0.044008467346429825,0.02978876791894436,0.14984726905822754,0.02190602943301201,0.37084078788757324,0.034446511417627335
tiktok,comment,7576199110294916373_comment_1,abla özele bakarsan sevinirim,,https://www.tiktok.com/@dewatunggalabadi/video/7576199110294916373,7.576199110294916e+18,positive,2026-06-08 22:50:55.617045,0,0,0,0,0.8323842480778694,0,,positive,0.4412808269262314,multilingual,Unknown,love,0.0420338436961174,0.024716444313526154,0.06611130386590958,0.021371668204665184,0.7644200921058655,0.0168146975338459
tiktok,comment,7576727041408552199_comment_0,ben sadece yazışarak para kazanıyorum oturduğum yerde 🙂,,https://www.tiktok.com/@hadak1922tim.pakpurnomo/video/7576727041408552199,7.576727041408552e+18,neutral,2026-06-08 22:50:55.984683,21,0,0,0,0.5,21,,neutral,0.7435858845710754,english,Mixed/Urban,love,0.044008467346429825,0.02978876791894436,0.14984726905822754,0.02190602943301201,0.37084078788757324,0.034446511417627335
tiktok,comment,7576727041408552199_comment_1,abla özele bakarsan sevinirim,,https://www.tiktok.com/@hadak1922tim.pakpurnomo/video/7576727041408552199,7.576727041408552e+18,positive,2026-06-08 22:50:55.984718,0,0,0,0,0.8323842480778694,0,,positive,0.4412808269262314,multilingual,Unknown,love,0.0420338436961174,0.024716444313526154,0.06611130386590958,0.021371668204665184,0.7644200921058655,0.0168146975338459
tiktok,comment,7572165298535550216_comment_0,ben sadece yazışarak para kazanıyorum oturduğum yerde 🙂,,https://www.tiktok.com/@haus.indonesia/video/7572165298535550216,7.57216529853555e+18,neutral,2026-06-08 22:50:56.294140,21,0,0,0,0.5,21,,neutral,0.7435858845710754,english,Mixed/Urban,love,0.044008467346429825,0.02978876791894436,0.14984726905822754,0.02190602943301201,0.37084078788757324,0.034446511417627335
tiktok,comment,7572165298535550216_comment_1,abla özele bakarsan sevinirim,,https://www.tiktok.com/@haus.indonesia/video/7572165298535550216,7.57216529853555e+18,positive,2026-06-08 22:50:56.294176,0,0,0,0,0.8323842480778694,0,,positive,0.4412808269262314,multilingual,Unknown,love,0.0420338436961174,0.024716444313526154,0.06611130386590958,0.021371668204665184,0.7644200921058655,0.0168146975338459
tiktok,comment,7621182470662229269_comment_0,ben sadece yazışarak para kazanıyorum oturduğum yerde 🙂,,https://www.tiktok.com/@sultandarilahir/video/7621182470662229269,7.621182470662229e+18,neutral,2026-06-08 22:50:56.606890,21,0,0,0,0.5,21,,neutral,0.7435858845710754,english,Mixed/Urban,love,0.044008467346429825,0.02978876791894436,0.14984726905822754,0.02190602943301201,0.37084078788757324,0.034446511417627335
tiktok,comment,7621182470662229269_comment_1,abla özele bakarsan sevinirim,,https://www.tiktok.com/@sultandarilahir/video/7621182470662229269,7.621182470662229e+18,positive,2026-06-08 22:50:56.606930,0,0,0,0,0.8323842480778694,0,,positive,0.4412808269262314,multilingual,Unknown,love,0.0420338436961174,0.024716444313526154,0.06611130386590958,0.021371668204665184,0.7644200921058655,0.0168146975338459
tiktok,comment,7603251878897421576_comment_0,ben sadece yazışarak para kazanıyorum oturduğum yerde 🙂,,https://www.tiktok.com/@kang_zaka22859814658480/video/7603251878897421576,7.603251878897421e+18,neutral,2026-06-08 22:50:56.914636,21,0,0,0,0.5,21,,neutral,0.7435858845710754,english,Mixed/Urban,love,0.044008467346429825,0.02978876791894436,0.14984726905822754,0.02190602943301201,0.37084078788757324,0.034446511417627335
tiktok,comment,7603251878897421576_comment_1,abla özele bakarsan sevinirim,,https://www.tiktok.com/@kang_zaka22859814658480/video/7603251878897421576,7.603251878897421e+18,positive,2026-06-08 22:50:56.914669,0,0,0,0,0.8323842480778694,0,,positive,0.4412808269262314,multilingual,Unknown,love,0.0420338436961174,0.024716444313526154,0.06611130386590958,0.021371668204665184,0.7644200921058655,0.0168146975338459
tiktok,comment,7544550412636933381_comment_0,ben sadece yazışarak para kazanıyorum oturduğum yerde 🙂,,https://www.tiktok.com/@ldpniaga.mdn/video/7544550412636933381,7.544550412636933e+18,neutral,2026-06-08 22:50:57.214146,21,0,0,0,0.5,21,,neutral,0.7435858845710754,english,Mixed/Urban,love,0.044008467346429825,0.02978876791894436,0.14984726905822754,0.02190602943301201,0.37084078788757324,0.034446511417627335
tiktok,comment,7544550412636933381_comment_1,abla özele bakarsan sevinirim,,https://www.tiktok.com/@ldpniaga.mdn/video/7544550412636933381,7.544550412636933e+18,positive,2026-06-08 22:50:57.214188,0,0,0,0,0.8323842480778694,0,,positive,0.4412808269262314,multilingual,Unknown,love,0.0420338436961174,0.024716444313526154,0.06611130386590958,0.021371668204665184,0.7644200921058655,0.0168146975338459
tiktok,comment,7641144289300516104_comment_0,ben sadece yazışarak para kazanıyorum oturduğum yerde 🙂,,https://www.tiktok.com/@empirebeauty030/video/7641144289300516104,7.641144289300516e+18,neutral,2026-06-08 22:50:57.529906,21,0,0,0,0.5,21,,neutral,0.7435858845710754,english,Mixed/Urban,love,0.044008467346429825,0.02978876791894436,0.14984726905822754,0.02190602943301201,0.37084078788757324,0.034446511417627335
tiktok,comment,7641144289300516104_comment_1,abla özele bakarsan sevinirim,,https://www.tiktok.com/@empirebeauty030/video/7641144289300516104,7.641144289300516e+18,positive,2026-06-08 22:50:57.529939,0,0,0,0,0.8323842480778694,0,,positive,0.4412808269262314,multilingual,Unknown,love,0.0420338436961174,0.024716444313526154,0.06611130386590958,0.021371668204665184,0.7644200921058655,0.0168146975338459
tiktok,comment,7628417503336647956_comment_0,ben sadece yazışarak para kazanıyorum oturduğum yerde 🙂,,https://www.tiktok.com/@rosna588/video/7628417503336647956,7.628417503336648e+18,neutral,2026-06-08 22:50:57.887007,21,0,0,0,0.5,21,,neutral,0.7435858845710754,english,Mixed/Urban,love,0.044008467346429825,0.02978876791894436,0.14984726905822754,0.02190602943301201,0.37084078788757324,0.034446511417627335
tiktok,comment,7628417503336647956_comment_1,abla özele bakarsan sevinirim,,https://www.tiktok.com/@rosna588/video/7628417503336647956,7.628417503336648e+18,positive,2026-06-08 22:50:57.887042,0,0,0,0,0.8323842480778694,0,,positive,0.4412808269262314,multilingual,Unknown,love,0.0420338436961174,0.024716444313526154,0.06611130386590958,0.021371668204665184,0.7644200921058655,0.0168146975338459
tiktok,comment,7613208984786357525_comment_0,ben sadece yazışarak para kazanıyorum oturduğum yerde 🙂,,https://www.tiktok.com/@josshhua.growthmentor/video/7613208984786357525,7.613208984786357e+18,neutral,2026-06-08 22:50:58.242450,21,0,0,0,0.5,21,,neutral,0.7435858845710754,english,Mixed/Urban,love,0.044008467346429825,0.02978876791894436,0.14984726905822754,0.02190602943301201,0.37084078788757324,0.034446511417627335
tiktok,comment,7613208984786357525_comment_1,abla özele bakarsan sevinirim,,https://www.tiktok.com/@josshhua.growthmentor/video/7613208984786357525,7.613208984786357e+18,positive,2026-06-08 22:50:58.242482,0,0,0,0,0.8323842480778694,0,,positive,0.4412808269262314,multilingual,Unknown,love,0.0420338436961174,0.024716444313526154,0.06611130386590958,0.021371668204665184,0.7644200921058655,0.0168146975338459
tiktok,comment,7604233738146401556_comment_0,ben sadece yazışarak para kazanıyorum oturduğum yerde 🙂,,https://www.tiktok.com/@andriegiegie1/video/7604233738146401556,7.604233738146401e+18,neutral,2026-06-08 22:50:58.595160,21,0,0,0,0.5,21,,neutral,0.7435858845710754,english,Mixed/Urban,love,0.044008467346429825,0.02978876791894436,0.14984726905822754,0.02190602943301201,0.37084078788757324,0.034446511417627335
tiktok,comment,7604233738146401556_comment_1,abla özele bakarsan sevinirim,,https://www.tiktok.com/@andriegiegie1/video/7604233738146401556,7.604233738146401e+18,positive,2026-06-08 22:50:58.595195,0,0,0,0,0.8323842480778694,0,,positive,0.4412808269262314,multilingual,Unknown,love,0.0420338436961174,0.024716444313526154,0.06611130386590958,0.021371668204665184,0.7644200921058655,0.0168146975338459
tiktok,comment,7602210002966760724_comment_0,ben sadece yazışarak para kazanıyorum oturduğum yerde 🙂,,https://www.tiktok.com/@james_gwee_bosum/video/7602210002966760724,7.60221000296676e+18,neutral,2026-06-08 22:50:58.955853,21,0,0,0,0.5,21,,neutral,0.7435858845710754,english,Mixed/Urban,love,0.044008467346429825,0.02978876791894436,0.14984726905822754,0.02190602943301201,0.37084078788757324,0.034446511417627335
tiktok,comment,7602210002966760724_comment_1,abla özele bakarsan sevinirim,,https://www.tiktok.com/@james_gwee_bosum/video/7602210002966760724,7.60221000296676e+18,positive,2026-06-08 22:50:58.955886,0,0,0,0,0.8323842480778694,0,,positive,0.4412808269262314,multilingual,Unknown,love,0.0420338436961174,0.024716444313526154,0.06611130386590958,0.021371668204665184,0.7644200921058655,0.0168146975338459
tiktok,comment,7276858829395037445_comment_0,ben sadece yazışarak para kazanıyorum oturduğum yerde 🙂,,https://www.tiktok.com/@suprek.uyee/video/7276858829395037445,7.276858829395037e+18,neutral,2026-06-08 22:50:59.337033,21,0,0,0,0.5,21,,neutral,0.7435858845710754,english,Mixed/Urban,love,0.044008467346429825,0.02978876791894436,0.14984726905822754,0.02190602943301201,0.37084078788757324,0.034446511417627335
tiktok,comment,7276858829395037445_comment_1,abla özele bakarsan sevinirim,,https://www.tiktok.com/@suprek.uyee/video/7276858829395037445,7.276858829395037e+18,positive,2026-06-08 22:50:59.337067,0,0,0,0,0.8323842480778694,0,,positive,0.4412808269262314,multilingual,Unknown,love,0.0420338436961174,0.024716444313526154,0.06611130386590958,0.021371668204665184,0.7644200921058655,0.0168146975338459
tiktok,comment,7623355178342829333_comment_0,ben sadece yazışarak para kazanıyorum oturduğum yerde 🙂,,https://www.tiktok.com/@financialsaja.podcast/video/7623355178342829333,7.623355178342829e+18,neutral,2026-06-08 22:50:59.659706,21,0,0,0,0.5,21,,neutral,0.7435858845710754,english,Mixed/Urban,love,0.044008467346429825,0.02978876791894436,0.14984726905822754,0.02190602943301201,0.37084078788757324,0.034446511417627335
tiktok,comment,7623355178342829333_comment_1,abla özele bakarsan sevinirim,,https://www.tiktok.com/@financialsaja.podcast/video/7623355178342829333,7.623355178342829e+18,positive,2026-06-08 22:50:59.659742,0,0,0,0,0.8323842480778694,0,,positive,0.4412808269262314,multilingual,Unknown,love,0.0420338436961174,0.024716444313526154,0.06611130386590958,0.021371668204665184,0.7644200921058655,0.0168146975338459
tiktok,comment,7552022084277357832_comment_0,ben sadece yazışarak para kazanıyorum oturduğum yerde 🙂,,https://www.tiktok.com/@user4430912169067/video/7552022084277357832,7.552022084277358e+18,neutral,2026-06-08 22:50:59.980098,21,0,0,0,0.5,21,,neutral,0.7435858845710754,english,Mixed/Urban,love,0.044008467346429825,0.02978876791894436,0.14984726905822754,0.02190602943301201,0.37084078788757324,0.034446511417627335
tiktok,comment,7552022084277357832_comment_1,abla özele bakarsan sevinirim,,https://www.tiktok.com/@user4430912169067/video/7552022084277357832,7.552022084277358e+18,positive,2026-06-08 22:50:59.980140,0,0,0,0,0.8323842480778694,0,,positive,0.4412808269262314,multilingual,Unknown,love,0.0420338436961174,0.024716444313526154,0.06611130386590958,0.021371668204665184,0.7644200921058655,0.0168146975338459
tiktok,comment,7641126964325043477_comment_0,ben sadece yazışarak para kazanıyorum oturduğum yerde 🙂,,https://www.tiktok.com/@michealduitlamaxx/video/7641126964325043477,7.641126964325043e+18,neutral,2026-06-08 22:51:00.322924,21,0,0,0,0.5,21,,neutral,0.7435858845710754,english,Mixed/Urban,love,0.044008467346429825,0.02978876791894436,0.14984726905822754,0.02190602943301201,0.37084078788757324,0.034446511417627335
tiktok,comment,7641126964325043477_comment_1,abla özele bakarsan sevinirim,,https://www.tiktok.com/@michealduitlamaxx/video/7641126964325043477,7.641126964325043e+18,positive,2026-06-08 22:51:00.322959,0,0,0,0,0.8323842480778694,0,,positive,0.4412808269262314,multilingual,Unknown,love,0.0420338436961174,0.024716444313526154,0.06611130386590958,0.021371668204665184,0.7644200921058655,0.0168146975338459
tiktok,comment,7618189580654628117_comment_0,ben sadece yazışarak para kazanıyorum oturduğum yerde 🙂,,https://www.tiktok.com/@veraulvera_youtube/video/7618189580654628117,7.618189580654628e+18,neutral,2026-06-08 22:51:00.637554,21,0,0,0,0.5,21,,neutral,0.7435858845710754,english,Mixed/Urban,love,0.044008467346429825,0.02978876791894436,0.14984726905822754,0.02190602943301201,0.37084078788757324,0.034446511417627335
tiktok,comment,7618189580654628117_comment_1,abla özele bakarsan sevinirim,,https://www.tiktok.com/@veraulvera_youtube/video/7618189580654628117,7.618189580654628e+18,positive,2026-06-08 22:51:00.637572,0,0,0,0,0.8323842480778694,0,,positive,0.4412808269262314,multilingual,Unknown,love,0.0420338436961174,0.024716444313526154,0.06611130386590958,0.021371668204665184,0.7644200921058655,0.0168146975338459
tiktok,comment,7622897937017834760_comment_0,ben sadece yazışarak para kazanıyorum oturduğum yerde 🙂,,https://www.tiktok.com/@kangrohim.official/video/7622897937017834760,7.622897937017834e+18,neutral,2026-06-08 22:51:00.985234,21,0,0,0,0.5,21,,neutral,0.7435858845710754,english,Mixed/Urban,love,0.044008467346429825,0.02978876791894436,0.14984726905822754,0.02190602943301201,0.37084078788757324,0.034446511417627335
tiktok,comment,7622897937017834760_comment_1,abla özele bakarsan sevinirim,,https://www.tiktok.com/@kangrohim.official/video/7622897937017834760,7.622897937017834e+18,positive,2026-06-08 22:51:00.985271,0,0,0,0,0.8323842480778694,0,,positive,0.4412808269262314,multilingual,Unknown,love,0.0420338436961174,0.024716444313526154,0.06611130386590958,0.021371668204665184,0.7644200921058655,0.0168146975338459
tiktok,comment,7497927517802614024_comment_0,ben sadece yazışarak para kazanıyorum oturduğum yerde 🙂,,https://www.tiktok.com/@makandak1/video/7497927517802614024,7.497927517802614e+18,neutral,2026-06-08 22:51:01.305940,21,0,0,0,0.5,21,,neutral,0.7435858845710754,english,Mixed/Urban,love,0.044008467346429825,0.02978876791894436,0.14984726905822754,0.02190602943301201,0.37084078788757324,0.034446511417627335
tiktok,comment,7497927517802614024_comment_1,abla özele bakarsan sevinirim,,https://www.tiktok.com/@makandak1/video/7497927517802614024,7.497927517802614e+18,positive,2026-06-08 22:51:01.305979,0,0,0,0,0.8323842480778694,0,,positive,0.4412808269262314,multilingual,Unknown,love,0.0420338436961174,0.024716444313526154,0.06611130386590958,0.021371668204665184,0.7644200921058655,0.0168146975338459
tiktok,comment,7641123126000078088_comment_0,ben sadece yazışarak para kazanıyorum oturduğum yerde 🙂,,https://www.tiktok.com/@amirul.1140/video/7641123126000078088,7.641123126000078e+18,neutral,2026-06-08 22:51:01.631587,21,0,0,0,0.5,21,,neutral,0.7435858845710754,english,Mixed/Urban,love,0.044008467346429825,0.02978876791894436,0.14984726905822754,0.02190602943301201,0.37084078788757324,0.034446511417627335
tiktok,comment,7641123126000078088_comment_1,abla özele bakarsan sevinirim,,https://www.tiktok.com/@amirul.1140/video/7641123126000078088,7.641123126000078e+18,positive,2026-06-08 22:51:01.631621,0,0,0,0,0.8323842480778694,0,,positive,0.4412808269262314,multilingual,Unknown,love,0.0420338436961174,0.024716444313526154,0.06611130386590958,0.021371668204665184,0.7644200921058655,0.0168146975338459
tiktok,comment,7557285056310480140_comment_0,ben sadece yazışarak para kazanıyorum oturduğum yerde 🙂,,https://www.tiktok.com/@srikandi_duadua/video/7557285056310480140,7.55728505631048e+18,neutral,2026-06-08 22:51:01.966923,21,0,0,0,0.5,21,,neutral,0.7435858845710754,english,Mixed/Urban,love,0.044008467346429825,0.02978876791894436,0.14984726905822754,0.02190602943301201,0.37084078788757324,0.034446511417627335
tiktok,comment,7557285056310480140_comment_1,abla özele bakarsan sevinirim,,https://www.tiktok.com/@srikandi_duadua/video/7557285056310480140,7.55728505631048e+18,positive,2026-06-08 22:51:01.966956,0,0,0,0,0.8323842480778694,0,,positive,0.4412808269262314,multilingual,Unknown,love,0.0420338436961174,0.024716444313526154,0.06611130386590958,0.021371668204665184,0.7644200921058655,0.0168146975338459
tiktok,comment,7603957915870825735_comment_0,ben sadece yazışarak para kazanıyorum oturduğum yerde 🙂,,https://www.tiktok.com/@freelance.byrai/video/7603957915870825735,7.603957915870825e+18,neutral,2026-06-08 22:51:02.330360,21,0,0,0,0.5,21,,neutral,0.7435858845710754,english,Mixed/Urban,love,0.044008467346429825,0.02978876791894436,0.14984726905822754,0.02190602943301201,0.37084078788757324,0.034446511417627335
tiktok,comment,7603957915870825735_comment_1,abla özele bakarsan sevinirim,,https://www.tiktok.com/@freelance.byrai/video/7603957915870825735,7.603957915870825e+18,positive,2026-06-08 22:51:02.330385,0,0,0,0,0.8323842480778694,0,,positive,0.4412808269262314,multilingual,Unknown,love,0.0420338436961174,0.024716444313526154,0.06611130386590958,0.021371668204665184,0.7644200921058655,0.0168146975338459
tiktok,comment,7597404709867097365_comment_0,ben sadece yazışarak para kazanıyorum oturduğum yerde 🙂,,https://www.tiktok.com/@wanyyyyy123/video/7597404709867097365,7.597404709867097e+18,neutral,2026-06-08 22:51:02.653120,21,0,0,0,0.5,21,,neutral,0.7435858845710754,english,Mixed/Urban,love,0.044008467346429825,0.02978876791894436,0.14984726905822754,0.02190602943301201,0.37084078788757324,0.034446511417627335
tiktok,comment,7597404709867097365_comment_1,abla özele bakarsan sevinirim,,https://www.tiktok.com/@wanyyyyy123/video/7597404709867097365,7.597404709867097e+18,positive,2026-06-08 22:51:02.653152,0,0,0,0,0.8323842480778694,0,,positive,0.4412808269262314,multilingual,Unknown,love,0.0420338436961174,0.024716444313526154,0.06611130386590958,0.021371668204665184,0.7644200921058655,0.0168146975338459
tiktok,comment,7643843320300440840_comment_0,ben sadece yazışarak para kazanıyorum oturduğum yerde 🙂,,https://www.tiktok.com/@farahmalatang/video/7643843320300440840,7.643843320300441e+18,neutral,2026-06-08 22:51:02.967537,21,0,0,0,0.5,21,,neutral,0.7435858845710754,english,Mixed/Urban,love,0.044008467346429825,0.02978876791894436,0.14984726905822754,0.02190602943301201,0.37084078788757324,0.034446511417627335
tiktok,comment,7643843320300440840_comment_1,abla özele bakarsan sevinirim,,https://www.tiktok.com/@farahmalatang/video/7643843320300440840,7.643843320300441e+18,positive,2026-06-08 22:51:02.967571,0,0,0,0,0.8323842480778694,0,,positive,0.4412808269262314,multilingual,Unknown,love,0.0420338436961174,0.024716444313526154,0.06611130386590958,0.021371668204665184,0.7644200921058655,0.0168146975338459
tiktok,comment,7646478043204128018_comment_0,ben sadece yazışarak para kazanıyorum oturduğum yerde 🙂,,https://www.tiktok.com/@burntoutmarketer/video/7646478043204128018,7.646478043204128e+18,neutral,2026-06-08 22:51:03.289555,21,0,0,0,0.5,21,,neutral,0.7435858845710754,english,Mixed/Urban,love,0.044008467346429825,0.02978876791894436,0.14984726905822754,0.02190602943301201,0.37084078788757324,0.034446511417627335
tiktok,comment,7646478043204128018_comment_1,abla özele bakarsan sevinirim,,https://www.tiktok.com/@burntoutmarketer/video/7646478043204128018,7.646478043204128e+18,positive,2026-06-08 22:51:03.289590,0,0,0,0,0.8323842480778694,0,,positive,0.4412808269262314,multilingual,Unknown,love,0.0420338436961174,0.024716444313526154,0.06611130386590958,0.021371668204665184,0.7644200921058655,0.0168146975338459
tiktok,comment,7585952841437695252_comment_0,ben sadece yazışarak para kazanıyorum oturduğum yerde 🙂,,https://www.tiktok.com/@rinarantau_20.22/video/7585952841437695252,7.585952841437695e+18,neutral,2026-06-08 22:51:03.664831,21,0,0,0,0.5,21,,neutral,0.7435858845710754,english,Mixed/Urban,love,0.044008467346429825,0.02978876791894436,0.14984726905822754,0.02190602943301201,0.37084078788757324,0.034446511417627335
tiktok,comment,7585952841437695252_comment_1,abla özele bakarsan sevinirim,,https://www.tiktok.com/@rinarantau_20.22/video/7585952841437695252,7.585952841437695e+18,positive,2026-06-08 22:51:03.664864,0,0,0,0,0.8323842480778694,0,,positive,0.4412808269262314,multilingual,Unknown,love,0.0420338436961174,0.024716444313526154,0.06611130386590958,0.021371668204665184,0.7644200921058655,0.0168146975338459
