Platform,Type,ID,Text,URL,Parent_Post_URL,Parent_Post_ID,Sentiment,Date,likes,shares,comments_count,views,sentiment_score,total_engagement,engagement_score,author,author_followers,sentiment_label,sentiment_confidence,detected_language,demographic,emotion_primary,emotion_anger,emotion_fear,emotion_happy,emotion_sadness,emotion_love,emotion_surprise
facebook,post,1486062193549692,"🗳️ PRN NEGERI SEMBILAN

SEREMBAN – Pengerusi Penaja Parti Wawasan Negara (Wawasan) Negeri Sembilan, Badrul Hisham Shaharin atau Chegubard, menyatakan kesediaannya untuk bertanding pada Pilihan Raya Negeri (PRN) akan datang sekiranya diberikan kepercayaan oleh pucuk pimpinan parti.

Menurut beliau, keputusan mengenai pencalonannya diserahkan sepenuhnya kepada kepimpinan tertinggi parti, namun beliau tetap bersikap terbuka sekiranya tidak dipilih sebagai calon.

Chegubard berkata, keutamaan beliau ketika ini adalah memperkukuhkan gerak kerja parti dan menghadapi pilihan raya dengan sebaik mungkin demi menawarkan pilihan kepada rakyat Negeri Sembilan.

Beliau berkata demikian ketika mengulas persiapan parti menjelang PRN yang dijangka menjadi medan penting bagi menentukan hala tuju politik negeri itu.

Sumber Berita Sinar Harian 

#NegeriSembilanKiNi",https://www.facebook.com/negeriSembilainfokini/posts/pfbid026yL3N5CtsPHSGzdrKc1QkbsvA9jhJaRCJXhtWiYdw6jzk8bhTzop4Y94RBC7bgiPl,,,negative,2026-06-17 08:26:57+00:00,0,0,1492,0,0.06271719932556152,1492,4476.0,,,negative,0.7909426689147949,malay,Malay/Bumiputera,happy,0.05353395268321037,0.07232152670621872,0.4547818601131439,0.014347165822982788,0.12551838159561157,0.04089069738984108
facebook,comment,Y29tbWVudDoxNDg2MDYyMTkzNTQ5NjkyXzE5NzQ5MDM4Nzk4NTgwMzM=,Ni paling gampang. Patut beria btul sokong Undang nk turun kan Yamtuan Tuanku kita. Org Negeri Sembilan wajib tolak penderhaka pada Yamtuan Tuanku Mukhriz masa mengundi nnti. Kita kekal kan kerajaan madani yg bermatian pertahan kan Tuanku Mukhriz  selama mana kehendak nya InsyaAllah 🤲,,https://www.facebook.com/negeriSembilainfokini/posts/pfbid026yL3N5CtsPHSGzdrKc1QkbsvA9jhJaRCJXhtWiYdw6jzk8bhTzop4Y94RBC7bgiPl,pfbid026yL3N5CtsPHSGzdrKc1QkbsvA9jhJaRCJXhtWiYdw6jzk8bhTzop4Y94RBC7bgiPl,negative,2026-06-17 09:24:13+00:00,367,0,66,0,0.0005038440227508323,499,,Mohd Ridwan,0.0,negative,0.9983205199241638,malay,Malay/Bumiputera,love,0.10245583951473236,0.021678317338228226,0.035898011177778244,0.036818720400333405,0.5205956697463989,0.03197942301630974
facebook,comment,Y29tbWVudDoxNDg2MDYyMTkzNTQ5NjkyXzE2NDQwMjE0NDM1NjUxNjg=,Jahanam Nismilan kalau makhluk ni tanding nati,,https://www.facebook.com/negeriSembilainfokini/posts/pfbid026yL3N5CtsPHSGzdrKc1QkbsvA9jhJaRCJXhtWiYdw6jzk8bhTzop4Y94RBC7bgiPl,pfbid026yL3N5CtsPHSGzdrKc1QkbsvA9jhJaRCJXhtWiYdw6jzk8bhTzop4Y94RBC7bgiPl,neutral,2026-06-17 08:29:38+00:00,178,0,15,0,0.5,208,,Khir Yaman,0.0,neutral,0.812656581401825,english,Mixed/Urban,love,0.0699659064412117,0.014577171765267849,0.02555820718407631,0.022996563464403152,0.7710369825363159,0.01486778911203146
facebook,comment,Y29tbWVudDoxNDg2MDYyMTkzNTQ5NjkyXzI0NjI3NjY5MDA4MzM4NzU=,"Hrp pengundi TOLAK mamat ni jika dia jd calon nnti..

Pengkhianat dan Penderhaka kpd Yang DiPertuan Besar Negeri Sembilan Tunku Mukhriz.",,https://www.facebook.com/negeriSembilainfokini/posts/pfbid026yL3N5CtsPHSGzdrKc1QkbsvA9jhJaRCJXhtWiYdw6jzk8bhTzop4Y94RBC7bgiPl,pfbid026yL3N5CtsPHSGzdrKc1QkbsvA9jhJaRCJXhtWiYdw6jzk8bhTzop4Y94RBC7bgiPl,negative,2026-06-17 10:55:04+00:00,100,0,7,0,0.0004955291748046653,114,,Hairie Jaafar,0.0,negative,0.9983482360839844,malay,Malay/Bumiputera,no_clear_emotion,0.1901618093252182,0.020000848919153214,0.08425674587488174,0.049406927078962326,0.18782810866832733,0.03449279069900513
facebook,comment,Y29tbWVudDoxNDg2MDYyMTkzNTQ5NjkyXzE1MTgwODIxNDMwOTMzMDE=,"Saya cadangkan musibat bertanding di lobak.ada berani?
Kata nak lawan DAP",,https://www.facebook.com/negeriSembilainfokini/posts/pfbid026yL3N5CtsPHSGzdrKc1QkbsvA9jhJaRCJXhtWiYdw6jzk8bhTzop4Y94RBC7bgiPl,pfbid026yL3N5CtsPHSGzdrKc1QkbsvA9jhJaRCJXhtWiYdw6jzk8bhTzop4Y94RBC7bgiPl,negative,2026-06-17 08:41:32+00:00,124,0,25,0,0.0004823148250580056,174,,Osama AR,0.0,negative,0.9983922839164734,malay,Malay/Bumiputera,no_clear_emotion,0.05992143973708153,0.10854539275169373,0.03547206148505211,0.036491017788648605,0.1319880336523056,0.28380441665649414
facebook,comment,Y29tbWVudDoxNDg2MDYyMTkzNTQ5NjkyXzE2NDg5ODkzNDI4NDc5NTc=,lawan tokmin di Linggi or Sikamat la Chegu Bard..  takpun lawan anthony loke dekat Chennah,,https://www.facebook.com/negeriSembilainfokini/posts/pfbid026yL3N5CtsPHSGzdrKc1QkbsvA9jhJaRCJXhtWiYdw6jzk8bhTzop4Y94RBC7bgiPl,pfbid026yL3N5CtsPHSGzdrKc1QkbsvA9jhJaRCJXhtWiYdw6jzk8bhTzop4Y94RBC7bgiPl,neutral,2026-06-17 08:39:55+00:00,93,0,4,0,0.5,101,,Muhammad Iqbal Hamzah,0.0,neutral,0.8994444012641907,english,Mixed/Urban,no_clear_emotion,0.03196224197745323,0.011092070490121841,0.016571857035160065,0.011002130806446075,0.1634700447320938,0.03626968339085579
facebook,comment,Y29tbWVudDoxNDg2MDYyMTkzNTQ5NjkyXzE2OTE4MDQ4NDg5NzY1Nzc=,Pengkhianat Yamtuan Tuanku N9 nak bertanding pulak dah..,,https://www.facebook.com/negeriSembilainfokini/posts/pfbid026yL3N5CtsPHSGzdrKc1QkbsvA9jhJaRCJXhtWiYdw6jzk8bhTzop4Y94RBC7bgiPl,pfbid026yL3N5CtsPHSGzdrKc1QkbsvA9jhJaRCJXhtWiYdw6jzk8bhTzop4Y94RBC7bgiPl,neutral,2026-06-17 10:07:19+00:00,55,0,3,0,0.5,61,,Azmiabdullah,0.0,neutral,0.8603310585021973,english,Mixed/Urban,anger,0.3241020739078522,0.021044377237558365,0.08380765467882156,0.053174544125795364,0.26052844524383545,0.027280645444989204
facebook,comment,Y29tbWVudDoxNDg2MDYyMTkzNTQ5NjkyXzE1MzcwMDg5NDQ3NTY4NjQ=,Nak bertanding rupanya.. ptt kuat melalak,,https://www.facebook.com/negeriSembilainfokini/posts/pfbid026yL3N5CtsPHSGzdrKc1QkbsvA9jhJaRCJXhtWiYdw6jzk8bhTzop4Y94RBC7bgiPl,pfbid026yL3N5CtsPHSGzdrKc1QkbsvA9jhJaRCJXhtWiYdw6jzk8bhTzop4Y94RBC7bgiPl,neutral,2026-06-17 09:16:13+00:00,48,0,1,0,0.5,50,,Si Pemotong Rumput,0.0,neutral,0.8382958769798279,english,Mixed/Urban,surprise,0.01052500307559967,0.14257843792438507,0.039182085543870926,0.024934852495789528,0.028067879378795624,0.6987770795822144
facebook,comment,Y29tbWVudDoxNDg2MDYyMTkzNTQ5NjkyXzE1NTUyMDMxNjYwNDM0NTU=,Sudah keluar niat sebenar....hahaha....pekik terlolong sana sini awalnya dedah segala kemukaran rasuah ...atas rasa iklas utk negara ..last2...keluarlah niat sebenarnya ..rupa2 dlm masa yg sama mahu cari kerusi....ahii...buat lah kerusi  sendiri ..atau bertanding BEBAS ...kerusi BEBAS sedia ada ...tak perlu minta kerusi Dari parti lain ...bebaskan ada ..Sabah parti BEBAS strong ..boleh menang bahh ..,,https://www.facebook.com/negeriSembilainfokini/posts/pfbid026yL3N5CtsPHSGzdrKc1QkbsvA9jhJaRCJXhtWiYdw6jzk8bhTzop4Y94RBC7bgiPl,pfbid026yL3N5CtsPHSGzdrKc1QkbsvA9jhJaRCJXhtWiYdw6jzk8bhTzop4Y94RBC7bgiPl,negative,2026-06-17 13:28:59+00:00,47,0,4,0,0.0004985332489013672,55,,Rosli Mdhasan,0.0,negative,0.9983382225036621,malay,Malay/Bumiputera,love,0.06910724192857742,0.2076755315065384,0.14487896859645844,0.025731557980179787,0.2913721799850464,0.07671844214200974
facebook,comment,Y29tbWVudDoxNDg2MDYyMTkzNTQ5NjkyXzEzMjY4MTcwMzI5MjI4Mzk=,Hahahahha..itulah sebenarnya Tujuan Asal dia...bukan ikhlas pun🤭😀🤣😅🤣🤣🤣,,https://www.facebook.com/negeriSembilainfokini/posts/pfbid026yL3N5CtsPHSGzdrKc1QkbsvA9jhJaRCJXhtWiYdw6jzk8bhTzop4Y94RBC7bgiPl,pfbid026yL3N5CtsPHSGzdrKc1QkbsvA9jhJaRCJXhtWiYdw6jzk8bhTzop4Y94RBC7bgiPl,negative,2026-06-17 10:36:18+00:00,31,0,0,0,0.08278688192367553,31,,Askhawatkhan Abaskhan,0.0,negative,0.7240437269210815,multilingual,Unknown,love,0.03787216171622276,0.020344972610473633,0.04512937366962433,0.037798743695020676,0.7698982357978821,0.01961740292608738
facebook,comment,Y29tbWVudDoxNDg2MDYyMTkzNTQ5NjkyXzE3MDk5MDY4NTM0ODY0MjA=,Rapatkan saf..demi melayu benam PH  nismilan,,https://www.facebook.com/negeriSembilainfokini/posts/pfbid026yL3N5CtsPHSGzdrKc1QkbsvA9jhJaRCJXhtWiYdw6jzk8bhTzop4Y94RBC7bgiPl,pfbid026yL3N5CtsPHSGzdrKc1QkbsvA9jhJaRCJXhtWiYdw6jzk8bhTzop4Y94RBC7bgiPl,neutral,2026-06-17 09:38:17+00:00,23,0,6,0,0.5,35,,Mohd Azriq,0.0,neutral,0.8306994438171387,english,Mixed/Urban,love,0.07481009513139725,0.015427430160343647,0.05121069401502609,0.024054620414972305,0.5046384930610657,0.020772304385900497
facebook,post,1481697657319479,"🗳️ PRN NEGERI SEMBILAN

Aminuddin sifatkan pilihan raya 'perjuangan hidup dan mati' PH

SEREMBAN – Pakatan Harapan (PH) Negeri Sembilan mengingatkan seluruh jentera dan ahlinya supaya memberikan sokongan penuh kepada calon yang bakal dipilih bagi menghadapi Pilihan Raya Negeri (PRN) Negeri Sembilan.

Memetik Laporan media sinar harian,Pengerusi PH Negeri Sembilan, Datuk Seri Aminuddin Harun berkata, pilihan raya kali ini disifatkan sebagai perjuangan yang amat penting buat gabungan itu, malah beliau menggambarkannya sebagai ""perjuangan hidup dan mati"" bagi PH.

Menurutnya, semua anggota parti perlu menerima keputusan pucuk pimpinan dengan hati terbuka serta meletakkan kepentingan parti mengatasi kepentingan peribadi.

“Ini perjuangan hidup dan mati kita. Jika nama kita tidak dipilih sebagai calon oleh parti, adakah kita akan terus bekerja untuk memastikan kemenangan gabungan?” katanya ketika berucap pada Majlis Pelancaran Jentera PH Negeri Sembilan pada Jumaat.

Beliau turut mengingatkan jentera di semua kawasan Dewan Undangan Negeri (DUN) agar memberikan sokongan kepada calon yang diumumkan serta mengelakkan sebarang tindakan yang boleh menjejaskan peluang kemenangan.

Pada masa sama, Aminuddin menyeru pengundi supaya keluar mengundi pada 1 Ogos nanti dan membuat pilihan berdasarkan pertimbangan masing-masing terhadap hala tuju pentadbiran negeri.

Sumber Berita Sinar Harian 

#NegeriSembilanKiNi",https://www.facebook.com/negeriSembilainfokini/posts/pfbid02AZNh3PcfFgwJ77yu3EusLx897EcbAPke6HvAvbqUtJY5o74gPFRN78rW7WNxBLJ5l,,,negative,2026-06-12 15:51:50+00:00,0,0,1467,0,0.007060861587524392,1467,4401.0,,,negative,0.976463794708252,malay,Malay/Bumiputera,no_clear_emotion,0.13247911632061005,0.03664182126522064,0.10389570891857147,0.038190845400094986,0.31384795904159546,0.03427867218852043
facebook,comment,Y29tbWVudDoxNDgxNjk3NjU3MzE5NDc5XzEzNDIyNDA3MjQ3MTgzMjI=,"Orang Negeri Sembilan yang sayangkan Agama Islam, Hak Hak Keistimewaan orang Melayu,   Raja Raja  Melayu, undilah Parti PAS.ataupun. UMNO dengan syaratnya. selepas PRU. UMNO jgn kerjasama.lagi dgn PH",,https://www.facebook.com/negeriSembilainfokini/posts/pfbid02AZNh3PcfFgwJ77yu3EusLx897EcbAPke6HvAvbqUtJY5o74gPFRN78rW7WNxBLJ5l,pfbid02AZNh3PcfFgwJ77yu3EusLx897EcbAPke6HvAvbqUtJY5o74gPFRN78rW7WNxBLJ5l,negative,2026-06-12 17:40:28+00:00,418,0,69,0,0.0005459189414978027,556,,Wan Pah,0.0,negative,0.9981802701950073,malay,Malay/Bumiputera,love,0.10483492910861969,0.0683010146021843,0.04078124836087227,0.15252292156219482,0.5367218852043152,0.04569733887910843
facebook,comment,Y29tbWVudDoxNDgxNjk3NjU3MzE5NDc5XzIyNTI3NTE0OTU0Njk1NDA=,Bungkus PH di negeri sembilan selamat lah kito,,https://www.facebook.com/negeriSembilainfokini/posts/pfbid02AZNh3PcfFgwJ77yu3EusLx897EcbAPke6HvAvbqUtJY5o74gPFRN78rW7WNxBLJ5l,pfbid02AZNh3PcfFgwJ77yu3EusLx897EcbAPke6HvAvbqUtJY5o74gPFRN78rW7WNxBLJ5l,neutral,2026-06-12 15:55:27+00:00,294,0,11,0,0.5,316,,Mohd Khairul ii,0.0,neutral,0.7670527100563049,english,Mixed/Urban,happy,0.06018327176570892,0.01863761432468891,0.3655858635902405,0.012867351062595844,0.16281011700630188,0.018260231241583824
facebook,comment,Y29tbWVudDoxNDgxNjk3NjU3MzE5NDc5XzEyODQxMTA2NjM3MTAxMDY=,Rakyat N9.... Kito sayang adat Kito..undi PAS,,https://www.facebook.com/negeriSembilainfokini/posts/pfbid02AZNh3PcfFgwJ77yu3EusLx897EcbAPke6HvAvbqUtJY5o74gPFRN78rW7WNxBLJ5l,pfbid02AZNh3PcfFgwJ77yu3EusLx897EcbAPke6HvAvbqUtJY5o74gPFRN78rW7WNxBLJ5l,negative,2026-06-12 16:01:00+00:00,236,0,38,0,0.001067465543746926,312,,Mihad Lajis,0.0,negative,0.9964417815208435,malay,Malay/Bumiputera,love,0.10599949210882187,0.07281656563282013,0.04445692151784897,0.13940750062465668,0.5377882719039917,0.04825885593891144
facebook,comment,Y29tbWVudDoxNDgxNjk3NjU3MzE5NDc5XzE1MDY3ODM1NDExOTMwNzU=,DAP PKR pan melingkup lepas PRN nismilan,,https://www.facebook.com/negeriSembilainfokini/posts/pfbid02AZNh3PcfFgwJ77yu3EusLx897EcbAPke6HvAvbqUtJY5o74gPFRN78rW7WNxBLJ5l,pfbid02AZNh3PcfFgwJ77yu3EusLx897EcbAPke6HvAvbqUtJY5o74gPFRN78rW7WNxBLJ5l,neutral,2026-06-12 15:59:37+00:00,182,0,6,0,0.5,194,,Zin Azamin Mohd Rupiat,0.0,neutral,0.7970705032348633,english,Mixed/Urban,no_clear_emotion,0.10078390687704086,0.025056812912225723,0.04514835402369499,0.027705101296305656,0.31966426968574524,0.0453915148973465
facebook,comment,Y29tbWVudDoxNDgxNjk3NjU3MzE5NDc5XzE4NTg1MDk4NTIyMDE2NjI=,Inilah masanya rakyat N9 bangkit tolak DAP... contohi rakyat Sabah ye...Dap ada 11 Adun dulu sebab tu mereka berkuasa di N9.. Adun2 PKR ikut telunjuk mereka je... Fikir2knlh....,,https://www.facebook.com/negeriSembilainfokini/posts/pfbid02AZNh3PcfFgwJ77yu3EusLx897EcbAPke6HvAvbqUtJY5o74gPFRN78rW7WNxBLJ5l,pfbid02AZNh3PcfFgwJ77yu3EusLx897EcbAPke6HvAvbqUtJY5o74gPFRN78rW7WNxBLJ5l,negative,2026-06-12 22:47:30+00:00,92,0,4,0,0.0005034506320953369,100,,Rahim JH Rahim JH,0.0,negative,0.9983218312263489,malay,Malay/Bumiputera,love,0.06707162410020828,0.016908248886466026,0.05064098536968231,0.02953493408858776,0.5517540574073792,0.02664930559694767
facebook,comment,Y29tbWVudDoxNDgxNjk3NjU3MzE5NDc5Xzk1MjgxNDI4NDM5ODMzMw==,"Ini lah muka pengkhianat yg merosakan nama baik adat negeri sembilan kerana dalam mesyuarat dku 17/04/26 hanya dia sorang ahli politik yg ada dlm mesyuarat tu bukan nya bn, bukan nya pn, bukan nya pas. jadi jangan cuba lempar taik yg kau sendiri ciptakan.",,https://www.facebook.com/negeriSembilainfokini/posts/pfbid02AZNh3PcfFgwJ77yu3EusLx897EcbAPke6HvAvbqUtJY5o74gPFRN78rW7WNxBLJ5l,pfbid02AZNh3PcfFgwJ77yu3EusLx897EcbAPke6HvAvbqUtJY5o74gPFRN78rW7WNxBLJ5l,negative,2026-06-12 17:21:14+00:00,132,0,3,0,0.0005095481872558483,138,,Muhammad Sirajuddin,0.0,negative,0.9983015060424805,malay,Malay/Bumiputera,anger,0.38146495819091797,0.022765113040804863,0.06589071452617645,0.07116924971342087,0.2059457004070282,0.024619223549962044
facebook,comment,Y29tbWVudDoxNDgxNjk3NjU3MzE5NDc5XzEzNjMzNDA1MDU2NDY1MTc=,N9 tolak PH!,,https://www.facebook.com/negeriSembilainfokini/posts/pfbid02AZNh3PcfFgwJ77yu3EusLx897EcbAPke6HvAvbqUtJY5o74gPFRN78rW7WNxBLJ5l,pfbid02AZNh3PcfFgwJ77yu3EusLx897EcbAPke6HvAvbqUtJY5o74gPFRN78rW7WNxBLJ5l,negative,2026-06-12 16:30:38+00:00,100,0,1,0,0.04003545194864272,102,,Mawar Bduri,0.0,negative,0.8665484935045242,multilingual,Unknown,no_clear_emotion,0.12552909553050995,0.10137736797332764,0.12753544747829437,0.07470839470624924,0.2196500599384308,0.08647731691598892
facebook,comment,Y29tbWVudDoxNDgxNjk3NjU3MzE5NDc5XzE2NzY4NzE5MTAyODUwNjc=,Rakyat N9 bersatu tolak PH(DAP),,https://www.facebook.com/negeriSembilainfokini/posts/pfbid02AZNh3PcfFgwJ77yu3EusLx897EcbAPke6HvAvbqUtJY5o74gPFRN78rW7WNxBLJ5l,pfbid02AZNh3PcfFgwJ77yu3EusLx897EcbAPke6HvAvbqUtJY5o74gPFRN78rW7WNxBLJ5l,positive,2026-06-12 17:02:24+00:00,134,0,2,0,0.8527062863111495,138,,Danny ELegacy,0.0,positive,0.5090209543704987,multilingual,Unknown,no_clear_emotion,0.08327329903841019,0.015003937296569347,0.09750530868768692,0.02608613483607769,0.3188130259513855,0.01970047503709793
facebook,comment,Y29tbWVudDoxNDgxNjk3NjU3MzE5NDc5XzE0OTM3MDEyMDg1MDQ0MjA=,MB paling merbahaya buat Negeri Sembilan undi PH bermakna mempertaruh kan seluruh Negeri Sembilan kepada Kuomintang DAP,,https://www.facebook.com/negeriSembilainfokini/posts/pfbid02AZNh3PcfFgwJ77yu3EusLx897EcbAPke6HvAvbqUtJY5o74gPFRN78rW7WNxBLJ5l,pfbid02AZNh3PcfFgwJ77yu3EusLx897EcbAPke6HvAvbqUtJY5o74gPFRN78rW7WNxBLJ5l,negative,2026-06-12 22:29:24+00:00,113,0,2,0,0.01575372219085691,117,,Matahari Omar,0.0,negative,0.9474875926971436,malay,Malay/Bumiputera,anger,0.37628546357154846,0.02349981665611267,0.12371059507131577,0.030203815549612045,0.17254610359668732,0.022053277119994164
facebook,comment,Y29tbWVudDoxNDgxNjk3NjU3MzE5NDc5XzEzMzE5MDM5MjIyNDYxODc=,Melihat kepada kekejaman kerajaan PH terhadap DSNR dan DSRM mari kita ramai ramai humbankan ph ke lubang jamban.,,https://www.facebook.com/negeriSembilainfokini/posts/pfbid02AZNh3PcfFgwJ77yu3EusLx897EcbAPke6HvAvbqUtJY5o74gPFRN78rW7WNxBLJ5l,pfbid02AZNh3PcfFgwJ77yu3EusLx897EcbAPke6HvAvbqUtJY5o74gPFRN78rW7WNxBLJ5l,negative,2026-06-12 18:40:00+00:00,137,0,17,0,0.0004851579666137473,171,,Azlan Nor,0.0,negative,0.9983828067779541,malay,Malay/Bumiputera,no_clear_emotion,0.13441982865333557,0.01866510882973671,0.07123218476772308,0.04996809735894203,0.2749122977256775,0.028033632785081863
facebook,post,122172034436962533,"PRN Negeri Sembilan: Pas Mungkin 
Bertanding Di Kerusi Tradisi DAP

SEREMBAN – Pas Negeri Sembilan tidak menolak kemungkinan akan bertanding di kerusi tradisi DAP pada Pilihan Raya Negeri (PRN) akan datang, Pesuruhjaya Pas Negeri Sembilan, Mohd Fairuz Mohd Isa berkata, perkara itu bergantung kepada rundingan pembahagian kerusi sekiranya terdapat kerjasama melibatkan parti-parti lain,“Jadi, kemungkinan kita akan bertanding di kerusi milik Pakatan Harapan(PH) dan DAP yang kita tengok 40 peratus pengundinya adalah Melayu,” katanya ditemui pemberita selepas program Ceramah Umum dan Pelancaran Logo PRN Pas Negeri Sembilan di sini pada malam Ahad.

Menurutnya, seperti mana PRN pada tahun 2023, pihaknya menyasarkan bertanding di lebih 10 kerusi, namun tertakluk kepada keputusan rundingan di peringkat pucuk pimpinan parti, Namun katanya, pihaknya berharap dapat mempertahankan tiga kerusi yang dimenangi pada PRN lalu, Ditanya mengenai proses pemilihan calon, Mohd Fairuz berkata, ia hampir 90 peratus selesai dan antara kriteria utama calon yang diberi perhatian ialah integriti, kemampuan berkhidmat kepada rakyat serta berusia 60 tahun ke bawah.

Selain itu, beliau turut mengingatkan seluruh jentera dan ahli parti supaya menerima dengan hati terbuka sebarang keputusan yang akan dibuat oleh kepimpinan parti,“Saya tahu ahli-ahli Pas mempunyai komitmen dan ketaatan yang tinggi kepada parti,“Sebab itu saya berharap semua pihak dapat menerima apa juga keputusan yang dibuat demi kepentingan perjuangan dan kemenangan parti,”katanya.

Untuk rekod, pada PRN 2023, Perikatan Nasional (PN) memenangi lima kerusi daripada 36 kerusi Dewan Undangan Negeri (DUN) yang dipertandingkan, Pas mememangi tiga kerusi iaitu Paroi, Serting dan Bagan Pinang manakala Parti Pribumi Bersatu Malaysia(Bersatu) menang di Labu dan Gemas.

Sumber:https://www.sinarharian.com.my/.../prn-negeri-sembilan..",https://www.facebook.com/permalink.php?story_fbid=pfbid022HWFZdfrA3CECbUzGN2zmuuaEPsctDCnwmF3EFRS1EGraiwM1AVXQB4aGdv7eqqLl&id=61578875992858,,,negative,2026-06-22 08:29:03+00:00,0,0,174,0,0.0026300132274627575,174,522.0,,,negative,0.9912332892417908,malay,Malay/Bumiputera,no_clear_emotion,0.029841182753443718,0.023548133671283722,0.0657874122262001,0.01954982988536358,0.180971160531044,0.053284283727407455
facebook,comment,Y29tbWVudDoxMjIxNzIwMzQ0MzY5NjI1MzNfMjcxMTYyMDUyODEzNjQ3Mzg=,Dulu sama dok makam BN UMNO  sekarang  makam sama sendiri  UMNO tak masuk campur,,https://www.facebook.com/permalink.php?story_fbid=pfbid022HWFZdfrA3CECbUzGN2zmuuaEPsctDCnwmF3EFRS1EGraiwM1AVXQB4aGdv7eqqLl&id=61578875992858,pfbid022HWFZdfrA3CECbUzGN2zmuuaEPsctDCnwmF3EFRS1EGraiwM1AVXQB4aGdv7eqqLl,negative,2026-06-22 14:24:00+00:00,2,0,0,0,0.08977124243974685,2,,Pauzi Bin Ripin,0.0,negative,0.7007625252008438,multilingual,Unknown,no_clear_emotion,0.039442192763090134,0.03163570910692215,0.023905955255031586,0.0374264121055603,0.16563355922698975,0.1555526703596115
facebook,comment,Y29tbWVudDoxMjIxNzIwMzQ0MzY5NjI1MzNfMTcyNDE4NjM2MjI1ODMzMg==,PAS masuk semua tempat...lawan tetap lawan,,https://www.facebook.com/permalink.php?story_fbid=pfbid022HWFZdfrA3CECbUzGN2zmuuaEPsctDCnwmF3EFRS1EGraiwM1AVXQB4aGdv7eqqLl&id=61578875992858,pfbid022HWFZdfrA3CECbUzGN2zmuuaEPsctDCnwmF3EFRS1EGraiwM1AVXQB4aGdv7eqqLl,negative,2026-06-22 13:26:58+00:00,2,0,0,0,0.0029918968677520863,2,,Deen Zan,0.0,negative,0.9900270104408264,malay,Malay/Bumiputera,no_clear_emotion,0.06694138050079346,0.010840659961104393,0.04703364148736,0.021162517368793488,0.20696794986724854,0.025429433211684227
facebook,comment,Y29tbWVudDoxMjIxNzIwMzQ0MzY5NjI1MzNfMTg3MzI1ODQyNjY4Mzc2OQ==,Dengan kerenah A Loke DAP memang terancam di Nismilan.,,https://www.facebook.com/permalink.php?story_fbid=pfbid022HWFZdfrA3CECbUzGN2zmuuaEPsctDCnwmF3EFRS1EGraiwM1AVXQB4aGdv7eqqLl&id=61578875992858,pfbid022HWFZdfrA3CECbUzGN2zmuuaEPsctDCnwmF3EFRS1EGraiwM1AVXQB4aGdv7eqqLl,negative,2026-06-22 12:20:57+00:00,5,0,16,0,0.020650488138198864,37,,Norhayati Abd Rahim,0.0,negative,0.9311650395393372,malay,Malay/Bumiputera,anger,0.6191628575325012,0.07320176810026169,0.14548179507255554,0.01925625465810299,0.064436174929142,0.015726497396826744
facebook,comment,Y29tbWVudDoxMjIxNzIwMzQ0MzY5NjI1MzNfMTYwNzc0MzMzMTAwODI5OQ==,Pastikan bertanding guna logo bulan.. Baru la anak jantan.. Jgn guna logo PN pulak.. 😆🤦‍♂️💩💊,,https://www.facebook.com/permalink.php?story_fbid=pfbid022HWFZdfrA3CECbUzGN2zmuuaEPsctDCnwmF3EFRS1EGraiwM1AVXQB4aGdv7eqqLl&id=61578875992858,pfbid022HWFZdfrA3CECbUzGN2zmuuaEPsctDCnwmF3EFRS1EGraiwM1AVXQB4aGdv7eqqLl,negative,2026-06-22 12:50:35+00:00,14,0,5,0,0.07418757677078247,24,,Jai Cool,0.0,negative,0.7527080774307251,english,Mixed/Urban,no_clear_emotion,0.0578499361872673,0.015561711974442005,0.04596244543790817,0.015305904671549797,0.275349497795105,0.021409960463643074
facebook,comment,Y29tbWVudDoxMjIxNzIwMzQ0MzY5NjI1MzNfMjE0NjM1OTYyNTkyODk1Ng==,Tanding jngn x tanding... rugi 5 thun sekali... PAS tgh Ada  Penyokong /Ada petugas... menang / Kalah lain cerita... yg ponting chubo dulu,,https://www.facebook.com/permalink.php?story_fbid=pfbid022HWFZdfrA3CECbUzGN2zmuuaEPsctDCnwmF3EFRS1EGraiwM1AVXQB4aGdv7eqqLl&id=61578875992858,pfbid022HWFZdfrA3CECbUzGN2zmuuaEPsctDCnwmF3EFRS1EGraiwM1AVXQB4aGdv7eqqLl,neutral,2026-06-22 12:10:38+00:00,14,0,5,0,0.5,24,,Rahim Omar,0.0,neutral,0.8392598032951355,english,Mixed/Urban,no_clear_emotion,0.045510001480579376,0.036557625979185104,0.02510496973991394,0.03214879706501961,0.19989843666553497,0.06410790979862213
facebook,comment,Y29tbWVudDoxMjIxNzIwMzQ0MzY5NjI1MzNfNDY0MzE5MjczNTg5OTYyNg==,Kali ini kita kasi undi PAS...biar PAS memerintah pulak kita tgok cm mno..,,https://www.facebook.com/permalink.php?story_fbid=pfbid022HWFZdfrA3CECbUzGN2zmuuaEPsctDCnwmF3EFRS1EGraiwM1AVXQB4aGdv7eqqLl&id=61578875992858,pfbid022HWFZdfrA3CECbUzGN2zmuuaEPsctDCnwmF3EFRS1EGraiwM1AVXQB4aGdv7eqqLl,negative,2026-06-22 12:43:22+00:00,7,0,5,0,0.07200544774532319,17,,Muhamad Nazim,0.0,negative,0.7599818408489227,multilingual,Unknown,no_clear_emotion,0.058370042592287064,0.01303009781986475,0.05645734444260597,0.015870537608861923,0.37612417340278625,0.022852903231978416
facebook,comment,Y29tbWVudDoxMjIxNzIwMzQ0MzY5NjI1MzNfMTc2MTEwODI2NDkwNzI2MA==,Semoga melingkuplah,,https://www.facebook.com/permalink.php?story_fbid=pfbid022HWFZdfrA3CECbUzGN2zmuuaEPsctDCnwmF3EFRS1EGraiwM1AVXQB4aGdv7eqqLl&id=61578875992858,pfbid022HWFZdfrA3CECbUzGN2zmuuaEPsctDCnwmF3EFRS1EGraiwM1AVXQB4aGdv7eqqLl,neutral,2026-06-22 09:19:05+00:00,5,0,2,0,0.5,9,,Mohd Suffian Manap,0.0,neutral,0.7140368223190308,english,Mixed/Urban,love,0.13925045728683472,0.03411469981074333,0.09186233580112457,0.030829420313239098,0.3746317923069,0.023495230823755264
facebook,comment,Y29tbWVudDoxMjIxNzIwMzQ0MzY5NjI1MzNfMjg4MjYxNjkyNTQwODg0NA==,Panas ke tuuu....PAS TERBAIK,,https://www.facebook.com/permalink.php?story_fbid=pfbid022HWFZdfrA3CECbUzGN2zmuuaEPsctDCnwmF3EFRS1EGraiwM1AVXQB4aGdv7eqqLl&id=61578875992858,pfbid022HWFZdfrA3CECbUzGN2zmuuaEPsctDCnwmF3EFRS1EGraiwM1AVXQB4aGdv7eqqLl,neutral,2026-06-22 12:04:19+00:00,3,0,0,0,0.5,3,,محمد حفيظ بن عبدالرحيم,0.0,neutral,0.9955880641937256,malay,Malay/Bumiputera,no_clear_emotion,0.019842253997921944,0.022471388801932335,0.015460043214261532,0.036424774676561356,0.1458117812871933,0.3531589210033417
facebook,comment,Y29tbWVudDoxMjIxNzIwMzQ0MzY5NjI1MzNfOTg3MzQxNDM3NDE2NDQ2,Pas terbaik..,,https://www.facebook.com/permalink.php?story_fbid=pfbid022HWFZdfrA3CECbUzGN2zmuuaEPsctDCnwmF3EFRS1EGraiwM1AVXQB4aGdv7eqqLl&id=61578875992858,pfbid022HWFZdfrA3CECbUzGN2zmuuaEPsctDCnwmF3EFRS1EGraiwM1AVXQB4aGdv7eqqLl,neutral,2026-06-22 12:04:25+00:00,5,0,0,0,0.5,5,,Har Sri Kota,0.0,neutral,0.9481167197227478,malay,Malay/Bumiputera,no_clear_emotion,0.12650369107723236,0.0898451954126358,0.12299193441867828,0.0711023211479187,0.2199273556470871,0.0807645171880722
facebook,comment,Y29tbWVudDoxMjIxNzIwMzQ0MzY5NjI1MzNfMTk3NDk1MjMzOTgwNzg3Ng==,Anak jantan kena lawan..,,https://www.facebook.com/permalink.php?story_fbid=pfbid022HWFZdfrA3CECbUzGN2zmuuaEPsctDCnwmF3EFRS1EGraiwM1AVXQB4aGdv7eqqLl&id=61578875992858,pfbid022HWFZdfrA3CECbUzGN2zmuuaEPsctDCnwmF3EFRS1EGraiwM1AVXQB4aGdv7eqqLl,negative,2026-06-22 14:20:24+00:00,2,0,0,0,0.13663170933723448,2,,Norsabrinanorsabri Norsabri,0.0,negative,0.544560968875885,multilingual,Unknown,anger,0.566292405128479,0.019315458834171295,0.0611027367413044,0.03835676237940788,0.13249239325523376,0.018737589940428734
facebook,post,1482599017229343,"🗳️ PRN NEGERI SEMBILAN

PAS Terima Penyertaan 14 Tokoh Menjelang PRN Negeri Sembilan

SEREMBAN – PAS menerima penyertaan 14 tokoh daripada pelbagai latar belakang termasuk bekas menteri, bekas Exco kerajaan negeri, pemimpin politik, ahli akademik, aktivis masyarakat dan bekas penjawat awam pada Ceramah Umum Ambang Pilihan Raya Negeri (PRN) Negeri Sembilan malam ini.

Pengumuman penyertaan mereka dibuat dalam program yang turut dihadiri Setiausaha Agung PAS, Takiyuddin Hassan.

Antara yang diumumkan menyertai PAS ialah bekas Ahli Dewan Undangan Negeri (ADUN) Ampangan, Mohamad Rafie Abdul Malek; bekas pemimpin Amanah, Rosli Yaakop; bekas Menteri di Jabatan Perdana Menteri, Zaid Ibrahim; bekas Ketua Pengarah Perbadanan Kemajuan Filem Nasional Malaysia, Nasir Ibrahim; bekas Exco Kerajaan Negeri Perak, Hamidah Osman; serta bekas Setiausaha Sulit kepada Anwar Ibrahim, Rahimi Osman.

Penyertaan 14 tokoh tersebut dijangka memberi suntikan baharu kepada PAS menjelang PRN Negeri Sembilan, sekali gus menambah dinamik persaingan antara parti-parti yang bertanding.

#NegeriSembilanKiNi",https://www.facebook.com/negeriSembilainfokini/posts/pfbid02jd6yf181amDZqVoowacy9FpMZrAXtxpEiFHnpRtfWqhu6JgNX3toJ1jU9fSC56Wpl,,,positive,2026-06-13 15:56:07+00:00,0,0,154,0,0.9991021931171417,154,462.0,,,positive,0.9970073103904724,malay,Malay/Bumiputera,no_clear_emotion,0.2039501816034317,0.06479943543672562,0.11891093105077744,0.026309868320822716,0.06223318353295326,0.06155933067202568
facebook,comment,Y29tbWVudDoxNDgyNTk5MDE3MjI5MzQzXzE3MTgxNTA4MTkzNjk3MjM=,Mudah nya walaun2 semalaysia kena kencing. Mcm ni pon dia kata kejutan. Mmg lingkup la Pas kt Negeri Sembilan ni,,https://www.facebook.com/negeriSembilainfokini/posts/pfbid02jd6yf181amDZqVoowacy9FpMZrAXtxpEiFHnpRtfWqhu6JgNX3toJ1jU9fSC56Wpl,pfbid02jd6yf181amDZqVoowacy9FpMZrAXtxpEiFHnpRtfWqhu6JgNX3toJ1jU9fSC56Wpl,negative,2026-06-13 16:17:59+00:00,35,0,12,0,0.0004896104335784801,59,,Mohd Ridwan,0.0,negative,0.998367965221405,malay,Malay/Bumiputera,love,0.07037937641143799,0.018809156492352486,0.03156410902738571,0.021716371178627014,0.5648559331893921,0.033317673951387405
facebook,comment,Y29tbWVudDoxNDgyNTk5MDE3MjI5MzQzXzk4MzQ2ODcwNDU1NTgwMg==,"Pertamo eh pueh den tenang2 muko Datuk Rafie ni... Capo lak deh ni? Lain boto goman eh....
Keduo eh, apo lak kaitan eh penyertaan yg lain ni dgn PRN Negori... Nak bertanding sini ko deh? Takkan ado do...! Ngucaplah semasing... Time2 nak ngundi, time tulah korang muncul...",,https://www.facebook.com/negeriSembilainfokini/posts/pfbid02jd6yf181amDZqVoowacy9FpMZrAXtxpEiFHnpRtfWqhu6JgNX3toJ1jU9fSC56Wpl,pfbid02jd6yf181amDZqVoowacy9FpMZrAXtxpEiFHnpRtfWqhu6JgNX3toJ1jU9fSC56Wpl,neutral,2026-06-13 22:37:52+00:00,9,0,3,0,0.5,15,,Ahmad Zaini Baharun,0.0,neutral,0.8224948048591614,english,Mixed/Urban,no_clear_emotion,0.043205469846725464,0.032708581537008286,0.016462890431284904,0.031311847269535065,0.0886189192533493,0.24973618984222412
facebook,comment,Y29tbWVudDoxNDgyNTk5MDE3MjI5MzQzXzEwMjA2MzYwNTcxNjUxNjU=,,,https://www.facebook.com/negeriSembilainfokini/posts/pfbid02jd6yf181amDZqVoowacy9FpMZrAXtxpEiFHnpRtfWqhu6JgNX3toJ1jU9fSC56Wpl,pfbid02jd6yf181amDZqVoowacy9FpMZrAXtxpEiFHnpRtfWqhu6JgNX3toJ1jU9fSC56Wpl,neutral,2026-06-13 16:11:24+00:00,15,0,4,0,0.5,23,,Amzar Zakaria,0.0,neutral,0.0,unknown,Unknown,neutral,0.0,0.0,0.0,0.0,0.0,0.0
facebook,comment,Y29tbWVudDoxNDgyNTk5MDE3MjI5MzQzXzEzNzU3MTMzMjQ0MTc4Mzk=,Aku yakin pas tak kan menang kat N9 dan Johor.,,https://www.facebook.com/negeriSembilainfokini/posts/pfbid02jd6yf181amDZqVoowacy9FpMZrAXtxpEiFHnpRtfWqhu6JgNX3toJ1jU9fSC56Wpl,pfbid02jd6yf181amDZqVoowacy9FpMZrAXtxpEiFHnpRtfWqhu6JgNX3toJ1jU9fSC56Wpl,neutral,2026-06-14 01:04:13+00:00,6,0,1,0,0.5,8,,Az Man,0.0,neutral,0.877759575843811,english,Mixed/Urban,fear,0.0664929524064064,0.29227495193481445,0.2027466744184494,0.03141670301556587,0.2519877851009369,0.0760008841753006
facebook,comment,Y29tbWVudDoxNDgyNTk5MDE3MjI5MzQzXzE3NzE5ODU0Njc0OTg0MTM=,kalau Dr Rafie masuk bertanding di Ampangan wakil PN.. boleh kalah Tg Zamrah kali ni.. makin berkurang la kerusi PKR Melayu di N9,,https://www.facebook.com/negeriSembilainfokini/posts/pfbid02jd6yf181amDZqVoowacy9FpMZrAXtxpEiFHnpRtfWqhu6JgNX3toJ1jU9fSC56Wpl,pfbid02jd6yf181amDZqVoowacy9FpMZrAXtxpEiFHnpRtfWqhu6JgNX3toJ1jU9fSC56Wpl,negative,2026-06-13 22:48:07+00:00,5,0,1,0,0.0605948656797409,7,,Muhammad Iqbal Hamzah,0.0,negative,0.7980171144008636,multilingual,Unknown,love,0.1053394079208374,0.08124040812253952,0.015941962599754333,0.16322705149650574,0.2923431992530823,0.10833701491355896
facebook,comment,Y29tbWVudDoxNDgyNTk5MDE3MjI5MzQzXzE1MTI3MzA1NDYzODg1MjA=,ramai bekas cari makan dlm politik,,https://www.facebook.com/negeriSembilainfokini/posts/pfbid02jd6yf181amDZqVoowacy9FpMZrAXtxpEiFHnpRtfWqhu6JgNX3toJ1jU9fSC56Wpl,pfbid02jd6yf181amDZqVoowacy9FpMZrAXtxpEiFHnpRtfWqhu6JgNX3toJ1jU9fSC56Wpl,neutral,2026-06-14 01:27:43+00:00,2,0,0,0,0.5,2,,Zul Anuar Sahat,0.0,neutral,0.8005036115646362,english,Mixed/Urban,no_clear_emotion,0.08537515997886658,0.02261093631386757,0.08695410937070847,0.02402217872440815,0.17749276757240295,0.026785563677549362
facebook,comment,Y29tbWVudDoxNDgyNTk5MDE3MjI5MzQzXzI0Mjg4NjYxMzc2MDE1MjQ=,"Setuju tu Admin...kehadiran barisan pemimpin yang secara umumnya berada pada peringkat umur senior dalam dinamika politik tanah air ini memperkukuh hujah utama mengenai kemunculan POLITIK DINOSAUR. Kehadiran tokoh-tokoh dalam lingkungan usia emas ini memperlihatkan kecenderungan kitar semula kepimpinan lama yang secara akademik dinilai oleh DS Rafizi sebagai bentuk kemunduran evolusi, selaras dengan kenyataan beliau yang menegaskan Sebab itu kalau kita tidak berhati-hati, kita akan terperangkap dalam acuan politik lama yang tidak lagi berpijak di bumi nyata, di mana perbincangan dasar negara digantikan dengan retorik kepuakan dan perebutan kuasa individu yang sudah melepasi zaman kegemilangan mereka, mewujudkan ekosistem tegar kepimpinan dinosaur yang menutup pintu kepada pembaharuan struktural ekonomi moden. Penilaian analitis terhadap fenomena ini membuktikan bahawa kemasukan beramai-ramai tokoh era terdahulu ke dalam saf parti pembangkang menyekat mobiliti menegak bagi bakat teknokrat muda yang lebih adaptif terhadap cabaran global. Dari sudut sosiologi organisasi, keterikatan terhadap pendekatan konvensional dan figura masa lalu ini melambangkan ketidakupayaan institusi untuk menawarkan formula penyelesaian substantif bagi generasi baharu, sekali gus memperkukuh premis DS Rafizi bahawa masa depan negara tidak sepatutnya dicorakkan oleh acuan pemikiran lama yang telah kehilangan relevansi dengan tuntutan kontemporari.... Nauzubillah ...Wallahualam 😔🤔",,https://www.facebook.com/negeriSembilainfokini/posts/pfbid02jd6yf181amDZqVoowacy9FpMZrAXtxpEiFHnpRtfWqhu6JgNX3toJ1jU9fSC56Wpl,pfbid02jd6yf181amDZqVoowacy9FpMZrAXtxpEiFHnpRtfWqhu6JgNX3toJ1jU9fSC56Wpl,negative,2026-06-14 03:46:18+00:00,2,0,0,0,0.00048433542251585804,2,,Mohd Shaharol,0.0,negative,0.9983855485916138,malay,Malay/Bumiputera,fear,0.17629331350326538,0.44004473090171814,0.15751031041145325,0.04389717057347298,0.08738198131322861,0.03014013171195984
facebook,comment,Y29tbWVudDoxNDgyNTk5MDE3MjI5MzQzXzk5NzQ4NTMzOTMzMzA3Mg==,Zuraida tak join ke. Kesian dia. Calon boleh Buat kerja tetapi silap peraturan politik,,https://www.facebook.com/negeriSembilainfokini/posts/pfbid02jd6yf181amDZqVoowacy9FpMZrAXtxpEiFHnpRtfWqhu6JgNX3toJ1jU9fSC56Wpl,pfbid02jd6yf181amDZqVoowacy9FpMZrAXtxpEiFHnpRtfWqhu6JgNX3toJ1jU9fSC56Wpl,negative,2026-06-13 16:20:06+00:00,7,0,0,0,0.0005022346973418967,7,,Aidil Eddie Fendie,0.0,negative,0.9983258843421936,malay,Malay/Bumiputera,anger,0.33412444591522217,0.023723041638731956,0.06548821926116943,0.03688884899020195,0.18206581473350525,0.029937997460365295
facebook,comment,Y29tbWVudDoxNDgyNTk5MDE3MjI5MzQzXzEzNzY3MzM4MDQzOTYzMzE=,Pas ni macam rohinya ..,,https://www.facebook.com/negeriSembilainfokini/posts/pfbid02jd6yf181amDZqVoowacy9FpMZrAXtxpEiFHnpRtfWqhu6JgNX3toJ1jU9fSC56Wpl,pfbid02jd6yf181amDZqVoowacy9FpMZrAXtxpEiFHnpRtfWqhu6JgNX3toJ1jU9fSC56Wpl,neutral,2026-06-14 04:54:32+00:00,0,0,0,0,0.5,0,,Rosli Normin,0.0,neutral,0.7722067832946777,english,Mixed/Urban,love,0.10480347275733948,0.026411769911646843,0.09113414585590363,0.03150828182697296,0.39907270669937134,0.0279470756649971
facebook,comment,Y29tbWVudDoxNDgyNTk5MDE3MjI5MzQzXzE1MDc5ODMzMjEzNDEzMDQ=,Apasal lain muko YB Rafie Abdul Malik tu..😁,,https://www.facebook.com/negeriSembilainfokini/posts/pfbid02jd6yf181amDZqVoowacy9FpMZrAXtxpEiFHnpRtfWqhu6JgNX3toJ1jU9fSC56Wpl,pfbid02jd6yf181amDZqVoowacy9FpMZrAXtxpEiFHnpRtfWqhu6JgNX3toJ1jU9fSC56Wpl,neutral,2026-06-13 16:27:48+00:00,5,0,2,0,0.5,9,,Mohamad Hajidi,0.0,neutral,0.5705270171165466,english,Mixed/Urban,no_clear_emotion,0.05128910392522812,0.017532240599393845,0.034059323370456696,0.040559276938438416,0.3720797598361969,0.04925062879920006
facebook,post,122172012998962533,"PRN Negeri Sembilan: 
Dr Rafie Calon Pas Ampangan?

SEREMBAN - Selepas diumumkan menyertai Pas minggu lalu, bekas Ahli Dewan Undangan Negeri (ADUN) Parti Keadilan Rakyat (PKR), Datuk Dr Mohamad Rafie Ab Malek membuat kemunculan pertama di pentas ceramah parti berkenaan di Dewan Undangan Negeri (DUN) Ampangan di sini pada malam Ahad, Kehadiran bekas Exco Kerajaan Negeri itu sekali gus mencetuskan spekulasi bahawa beliau akan bertanding di DUN terbabit pada Pilihan Raya Negeri (PRN) akan datang, Dakwaan berkenaan dilihat mempunyai asas memandangkan beliau pernah berkhidmat sebagai wakil rakyat kawasan itu selama satu penggal bermula 2018 hingga 2023.

Namun pada PRN lalu, beliau gagal mempertahankan kerusi berkenaan selepas bertanding sebagai calon Bebas susulan tidak lagi dicalonkan PKR, Beliau yang lebih mesra dengan panggilan Dr Rafie ditemui pemberita selepas program terbabit sekali lagi menegaskan bahawa penglibatannya bersama Pas hanya sebagai ahli biasa, ""Saya masih kekal sebagai ahli biasa, tapi sebagai menghormati adab, terpulang kepada pimpinan sama ada saya akan bertanding atau tidak,""katanya.

Mohamad Rafie juga enggan mengulas lanjut sama ada beliau berharap bertanding di DUN Ampangan sekiranya diberi kepercayaan oleh Pas untuk menjadi calon, Namun beliau mengakui ada dalam kalangan rakan-rakannya yang bertanya mengenai perkara itu, ""Saya tidak boleh mendahului keputusan yang akan dibuat oleh kepimpinan, ""Tapi yang paling penting ialah bagi saya untuk rakyat menilai, betapa perlunya untuk kita membuat perubahan, khususnya dalam konteks di Negeri Sembilan,""katanya.

Untuk rekod, pada PRN 2023, Mohamad Rafie yang merupakan penyandang kerusi DUN Ampangan daripada PKR ketika itu membuat kejutan apabila memilih untuk bertanding sebagai calon Bebas selepas namanya tidak disenaraikan, Bagaimanapun, beliau tewas dalam pertembungan tiga penjuru selepas memperoleh 3,079 undi, Kerusi DUN itu dimenangi calon Pakatan Harapan(PH), Datuk Tengku Zamrah Tengku Sulaiman yang memperoleh 6,054 undi dengan majoriti 329 undi.

Pada Pilihan Raya Umum ke-14 (PRU14), Mohamad Rafie yang bertanding atas tiket Pakatan Harapan (PH) berjaya memenangi kerusi DUN Ampangan dengan majoriti 1,360 undi apabila memperoleh 6,801 undi selepas menewaskan calon Barisan Nasional (BN) dan Pas.

Sumber:https://www.sinarharian.com.my/article/784743/berita/politik/prn-negeri-sembilan-dr-rafie-calon-pas-ampangan?",https://www.facebook.com/permalink.php?story_fbid=pfbid0mQkCqnuPsvmKbCDtypUCbth31PKsH7p6bwNEf5VvL3qGZpGsFi15UnoZk2Jv46aAl&id=61578875992858,,,negative,2026-06-22 04:11:05+00:00,0,0,137,0,0.00048238635063169166,137,411.0,,,negative,0.9983920454978943,malay,Malay/Bumiputera,surprise,0.03441334888339043,0.16735894978046417,0.038039591163396835,0.04568524286150932,0.06399209052324295,0.33429938554763794
facebook,comment,Y29tbWVudDoxMjIxNzIwMTI5OTg5NjI1MzNfMTczODM0NTQ4Mzk4OTI5OA==,Harap pengundi2 di DUN Ampangan memberi sokongan dan undi kpd Datuk Dr Mohamad Rafie Abd Malek...,,https://www.facebook.com/permalink.php?story_fbid=pfbid0mQkCqnuPsvmKbCDtypUCbth31PKsH7p6bwNEf5VvL3qGZpGsFi15UnoZk2Jv46aAl&id=61578875992858,pfbid0mQkCqnuPsvmKbCDtypUCbth31PKsH7p6bwNEf5VvL3qGZpGsFi15UnoZk2Jv46aAl,positive,2026-06-22 05:15:04+00:00,21,0,1,0,0.8258186608552932,23,,Zakaria Isa,0.0,positive,0.4193955361843109,multilingual,Unknown,no_clear_emotion,0.03389402851462364,0.012326519936323166,0.044665269553661346,0.016528254374861717,0.2534421980381012,0.03206203132867813
facebook,comment,Y29tbWVudDoxMjIxNzIwMTI5OTg5NjI1MzNfMjY5NzYyODAwNDg3NDA2ODk=,Dulu pengundi dia di kalangan org2 PH. Lawan BN. Majoriti pun tak banyak. Kini target pengundi PAS sahaja. Boleh menang ke?,,https://www.facebook.com/permalink.php?story_fbid=pfbid0mQkCqnuPsvmKbCDtypUCbth31PKsH7p6bwNEf5VvL3qGZpGsFi15UnoZk2Jv46aAl&id=61578875992858,pfbid0mQkCqnuPsvmKbCDtypUCbth31PKsH7p6bwNEf5VvL3qGZpGsFi15UnoZk2Jv46aAl,negative,2026-06-22 07:12:57+00:00,13,0,3,0,0.052658924460411066,19,,Jerryally Ally,0.0,negative,0.8244702517986298,multilingual,Unknown,surprise,0.016398893669247627,0.07784511893987656,0.020860394462943077,0.02060670033097267,0.024469636380672455,0.6712302565574646
facebook,comment,Y29tbWVudDoxMjIxNzIwMTI5OTg5NjI1MzNfMTcyOTg3NTUwMTUwMTAyNA==,Untong lh baru 2 hari isi borang dh jadi calon....nasib lh puak walaun ni bodoh blako dh puloh th ngidam nk jadi calon xdapat2...,,https://www.facebook.com/permalink.php?story_fbid=pfbid0mQkCqnuPsvmKbCDtypUCbth31PKsH7p6bwNEf5VvL3qGZpGsFi15UnoZk2Jv46aAl&id=61578875992858,pfbid0mQkCqnuPsvmKbCDtypUCbth31PKsH7p6bwNEf5VvL3qGZpGsFi15UnoZk2Jv46aAl,neutral,2026-06-22 10:00:33+00:00,17,0,4,0,0.5,25,,Mohd Kamel Zainuddin,0.0,neutral,0.8139533400535583,english,Mixed/Urban,love,0.2814836800098419,0.02860267460346222,0.07930755615234375,0.10078789293766022,0.28911104798316956,0.033456478267908096
facebook,comment,Y29tbWVudDoxMjIxNzIwMTI5OTg5NjI1MzNfMTc4MTQwNTgxOTU0NDIzOQ==,"ya..dr Mohamad Rafie Ab Malek mmg calon terbaik a
Ampangan..x memandang pada Pas atau BN..tp dato mmg boleh buat kerja dan jaga Ampangan dengan baik ..but say no to PKR . .hihihi",,https://www.facebook.com/permalink.php?story_fbid=pfbid0mQkCqnuPsvmKbCDtypUCbth31PKsH7p6bwNEf5VvL3qGZpGsFi15UnoZk2Jv46aAl&id=61578875992858,pfbid0mQkCqnuPsvmKbCDtypUCbth31PKsH7p6bwNEf5VvL3qGZpGsFi15UnoZk2Jv46aAl,positive,2026-06-22 10:04:15+00:00,10,0,4,0,0.9785064935684203,18,,Ain Afida Abd Aziz,0.0,positive,0.9283549785614014,malay,Malay/Bumiputera,love,0.0338459275662899,0.00765544269233942,0.021235566586256027,0.013205664232373238,0.8452906608581543,0.013230509124696255
facebook,comment,Y29tbWVudDoxMjIxNzIwMTI5OTg5NjI1MzNfMTMwNjU2MzU2MTU0NDc3Mw==,Orang ampangan ubah semula ke BN .dewan serbaguna didusun nyior muram saja sejak BN jatuh dan tidak terurus dengan baik seperti dulu,,https://www.facebook.com/permalink.php?story_fbid=pfbid0mQkCqnuPsvmKbCDtypUCbth31PKsH7p6bwNEf5VvL3qGZpGsFi15UnoZk2Jv46aAl&id=61578875992858,pfbid0mQkCqnuPsvmKbCDtypUCbth31PKsH7p6bwNEf5VvL3qGZpGsFi15UnoZk2Jv46aAl,negative,2026-06-22 05:08:16+00:00,8,0,3,0,0.06166303753852845,14,,Othman Bin Ashaari Othmanmohdalwi,0.0,negative,0.7944565415382385,malay,Malay/Bumiputera,fear,0.046188246458768845,0.8105408549308777,0.015348977409303188,0.05661868304014206,0.01522032544016838,0.044835157692432404
facebook,comment,Y29tbWVudDoxMjIxNzIwMTI5OTg5NjI1MzNfMTMyNDE1NTQ5NTkwNzA3MQ==,Ayuh kita tumbangkan kerajaan sedia ada di PRN akan datang.,,https://www.facebook.com/permalink.php?story_fbid=pfbid0mQkCqnuPsvmKbCDtypUCbth31PKsH7p6bwNEf5VvL3qGZpGsFi15UnoZk2Jv46aAl&id=61578875992858,pfbid0mQkCqnuPsvmKbCDtypUCbth31PKsH7p6bwNEf5VvL3qGZpGsFi15UnoZk2Jv46aAl,negative,2026-06-22 10:21:28+00:00,4,0,0,0,0.0005047917366027832,4,,أل أزيم أبدول راهيم,0.0,negative,0.9983173608779907,malay,Malay/Bumiputera,love,0.046151354908943176,0.020304672420024872,0.10613930225372314,0.027380160987377167,0.5898392796516418,0.016155553981661797
facebook,comment,Y29tbWVudDoxMjIxNzIwMTI5OTg5NjI1MzNfMTcxNzI2NDY0MjcyODI1Ng==,"Memang ramai MP dan Ahli Dun PKR yang tidak komited dalam perjuangan, kebanyakannya mudah merajuk mudah emosi, takda kekuatan mental seperti DSAI. orang orang macam ni tak lama dalam politik mana pun.",,https://www.facebook.com/permalink.php?story_fbid=pfbid0mQkCqnuPsvmKbCDtypUCbth31PKsH7p6bwNEf5VvL3qGZpGsFi15UnoZk2Jv46aAl&id=61578875992858,pfbid0mQkCqnuPsvmKbCDtypUCbth31PKsH7p6bwNEf5VvL3qGZpGsFi15UnoZk2Jv46aAl,negative,2026-06-22 07:26:11+00:00,6,0,3,0,0.0005092620849609375,12,,Murtadza Tadha,0.0,negative,0.9983024597167969,malay,Malay/Bumiputera,love,0.2929932475090027,0.22675392031669617,0.04851638153195381,0.03945521265268326,0.3191426992416382,0.023262908682227135
facebook,comment,Y29tbWVudDoxMjIxNzIwMTI5OTg5NjI1MzNfMTY5MTA1MzE0ODgyOTcxMg==,That's all about it,,https://www.facebook.com/permalink.php?story_fbid=pfbid0mQkCqnuPsvmKbCDtypUCbth31PKsH7p6bwNEf5VvL3qGZpGsFi15UnoZk2Jv46aAl&id=61578875992858,pfbid0mQkCqnuPsvmKbCDtypUCbth31PKsH7p6bwNEf5VvL3qGZpGsFi15UnoZk2Jv46aAl,neutral,2026-06-22 09:40:42+00:00,3,0,0,0,0.5,3,,Azizi Aziz,0.0,neutral,0.5093863606452942,english,Mixed/Urban,happy,0.048428528010845184,0.09762925654649734,0.5487600564956665,0.025274354964494705,0.13085676729679108,0.033471640199422836
facebook,comment,Y29tbWVudDoxMjIxNzIwMTI5OTg5NjI1MzNfMjcxMzc3NTk3MjMzNjk5Mg==,Dulu jadi ADUN pun kelaut...,,https://www.facebook.com/permalink.php?story_fbid=pfbid0mQkCqnuPsvmKbCDtypUCbth31PKsH7p6bwNEf5VvL3qGZpGsFi15UnoZk2Jv46aAl&id=61578875992858,pfbid0mQkCqnuPsvmKbCDtypUCbth31PKsH7p6bwNEf5VvL3qGZpGsFi15UnoZk2Jv46aAl,neutral,2026-06-22 10:32:09+00:00,4,0,2,0,0.5,8,,Ameerul Asraf,0.0,neutral,0.8024415373802185,english,Mixed/Urban,love,0.033996038138866425,0.024871589615941048,0.02769939973950386,0.05056076496839523,0.46255725622177124,0.09746294468641281
facebook,comment,Y29tbWVudDoxMjIxNzIwMTI5OTg5NjI1MzNfMTY2MjEzNDgwMTUyNDYyMQ==,Melingkup lah jawab nya.. kompom..gagal..🤣,,https://www.facebook.com/permalink.php?story_fbid=pfbid0mQkCqnuPsvmKbCDtypUCbth31PKsH7p6bwNEf5VvL3qGZpGsFi15UnoZk2Jv46aAl&id=61578875992858,pfbid0mQkCqnuPsvmKbCDtypUCbth31PKsH7p6bwNEf5VvL3qGZpGsFi15UnoZk2Jv46aAl,neutral,2026-06-22 14:35:59+00:00,1,0,0,0,0.5,1,,Mohd Razi,0.0,neutral,0.7155072689056396,english,Mixed/Urban,happy,0.032555531710386276,0.16430284082889557,0.4622582197189331,0.01850537583231926,0.1562196910381317,0.06546275317668915
facebook,post,1490920449730533,"🗳️ PRN NEGERI SEMBILAN

KJ Serah Kepada Pimpinan Umno Tentukan Hala Tuju Politiknya

Bekas Ahli Parlimen Rembau, Khairy Jamaluddin menyerahkan sepenuhnya kepada kepimpinan Umno untuk menentukan sama ada beliau akan bertanding pada Pilihan Raya Negeri (PRN) Negeri Sembilan yang dijadual berlangsung pada 1 Ogos ini.

#NegeriSembilanKiNi",https://www.facebook.com/negeriSembilainfokini/posts/pfbid0tEjwTRw6JfoKtbmzE14f7w8QfAA9JNjEZ9Rz4t5XDxAV5QQLWvfVP9XiJ41r1KL1l,,,positive,2026-06-22 12:10:06+00:00,0,0,98,0,0.9937734127044677,98,294.0,,,positive,0.9792447090148926,malay,Malay/Bumiputera,no_clear_emotion,0.19993062317371368,0.03301839157938957,0.0827346220612526,0.07779799401760101,0.11062496900558472,0.025343986228108406
facebook,comment,Y29tbWVudDoxNDkwOTIwNDQ5NzMwNTMzXzIwNjIwNTQ3NzgwMjg1OTY=,Bertanding dkt kwsn Seremban lah..baru best,,https://www.facebook.com/negeriSembilainfokini/posts/pfbid0tEjwTRw6JfoKtbmzE14f7w8QfAA9JNjEZ9Rz4t5XDxAV5QQLWvfVP9XiJ41r1KL1l,pfbid0tEjwTRw6JfoKtbmzE14f7w8QfAA9JNjEZ9Rz4t5XDxAV5QQLWvfVP9XiJ41r1KL1l,positive,2026-06-22 12:29:09+00:00,8,0,0,0,0.8507051348686218,8,,Lazim Muhsin,0.0,positive,0.5023504495620728,english,Mixed/Urban,no_clear_emotion,0.01968543231487274,0.011476980522274971,0.043004076927900314,0.012597734108567238,0.26537391543388367,0.035353340208530426
facebook,comment,Y29tbWVudDoxNDkwOTIwNDQ5NzMwNTMzXzE1MzI5NjUzMDg0NTU0MzE=,Tanding lawasn DAP sebab umno x suka DaP,,https://www.facebook.com/negeriSembilainfokini/posts/pfbid0tEjwTRw6JfoKtbmzE14f7w8QfAA9JNjEZ9Rz4t5XDxAV5QQLWvfVP9XiJ41r1KL1l,pfbid0tEjwTRw6JfoKtbmzE14f7w8QfAA9JNjEZ9Rz4t5XDxAV5QQLWvfVP9XiJ41r1KL1l,neutral,2026-06-22 12:18:12+00:00,7,0,3,0,0.5,13,,Husin Hasan,0.0,neutral,0.8324947953224182,english,Mixed/Urban,anger,0.5449556112289429,0.0327458418905735,0.026372971013188362,0.0548994205892086,0.2866165339946747,0.010911497287452221
facebook,comment,Y29tbWVudDoxNDkwOTIwNDQ5NzMwNTMzXzEwMDg1MDQyNDE1ODkyNjE=,Kalau kamu dah tinggalkan N9. Mohon jangan balik. Terus mara ke tujuan kamu.,,https://www.facebook.com/negeriSembilainfokini/posts/pfbid0tEjwTRw6JfoKtbmzE14f7w8QfAA9JNjEZ9Rz4t5XDxAV5QQLWvfVP9XiJ41r1KL1l,pfbid0tEjwTRw6JfoKtbmzE14f7w8QfAA9JNjEZ9Rz4t5XDxAV5QQLWvfVP9XiJ41r1KL1l,negative,2026-06-22 12:52:14+00:00,6,0,2,0,0.0681919276714325,10,,Rosden Selamat,0.0,negative,0.7726935744285583,multilingual,Unknown,sadness,0.023588350042700768,0.025297043845057487,0.008275850676000118,0.8903617262840271,0.02502533234655857,0.015961213037371635
facebook,comment,Y29tbWVudDoxNDkwOTIwNDQ5NzMwNTMzXzE1NDgyMTY2OTA2NDg3MzA=,"Semua 36 tu tukarlah muka baru dan muda. Ramai yang ada degree bagus² power². Muak dah tengok muka yang sama kitar semula puluhan tahun. Macamana semua muka yang sama tu, Negeri Sembilan ni pun sama macam tu jugak.",,https://www.facebook.com/negeriSembilainfokini/posts/pfbid0tEjwTRw6JfoKtbmzE14f7w8QfAA9JNjEZ9Rz4t5XDxAV5QQLWvfVP9XiJ41r1KL1l,pfbid0tEjwTRw6JfoKtbmzE14f7w8QfAA9JNjEZ9Rz4t5XDxAV5QQLWvfVP9XiJ41r1KL1l,negative,2026-06-22 13:11:52+00:00,3,0,1,0,0.00048640966415403053,5,,Azaier Nazref,0.0,negative,0.9983786344528198,malay,Malay/Bumiputera,no_clear_emotion,0.016040613874793053,0.010326070711016655,0.02129899524152279,0.02295050397515297,0.3439401388168335,0.1229931190609932
facebook,comment,Y29tbWVudDoxNDkwOTIwNDQ5NzMwNTMzXzI1ODU5MDc4NDE4Njc0NjY=,Adoi ai.raja vaksin dah mai,,https://www.facebook.com/negeriSembilainfokini/posts/pfbid0tEjwTRw6JfoKtbmzE14f7w8QfAA9JNjEZ9Rz4t5XDxAV5QQLWvfVP9XiJ41r1KL1l,pfbid0tEjwTRw6JfoKtbmzE14f7w8QfAA9JNjEZ9Rz4t5XDxAV5QQLWvfVP9XiJ41r1KL1l,neutral,2026-06-22 12:18:23+00:00,4,0,2,0,0.5,8,,Adin Fatihudin,0.0,neutral,0.8883874416351318,english,Mixed/Urban,no_clear_emotion,0.051435913890600204,0.012705097906291485,0.04750771075487137,0.013339271768927574,0.36607104539871216,0.024797596037387848
facebook,comment,Y29tbWVudDoxNDkwOTIwNDQ5NzMwNTMzXzI5MjY4NzEzMTc2NTc4NTE=,masa jadi menteri nak susahkan rakyat. Siapa yg undi dia mmg suka disusahkan. kehkehkeh,,https://www.facebook.com/negeriSembilainfokini/posts/pfbid0tEjwTRw6JfoKtbmzE14f7w8QfAA9JNjEZ9Rz4t5XDxAV5QQLWvfVP9XiJ41r1KL1l,pfbid0tEjwTRw6JfoKtbmzE14f7w8QfAA9JNjEZ9Rz4t5XDxAV5QQLWvfVP9XiJ41r1KL1l,negative,2026-06-22 13:29:13+00:00,5,0,0,0,0.000505042076110851,5,,Mamat Mamat,0.0,negative,0.9983165264129639,malay,Malay/Bumiputera,anger,0.5770774483680725,0.032904963940382004,0.07163827866315842,0.032000306993722916,0.11421975493431091,0.017440127208828926
facebook,comment,Y29tbWVudDoxNDkwOTIwNDQ5NzMwNTMzXzk5Njc1MTkxMzAwMjM3Mw==,Untung la undi UMNO dpt naik ROKET freee....,,https://www.facebook.com/negeriSembilainfokini/posts/pfbid0tEjwTRw6JfoKtbmzE14f7w8QfAA9JNjEZ9Rz4t5XDxAV5QQLWvfVP9XiJ41r1KL1l,pfbid0tEjwTRw6JfoKtbmzE14f7w8QfAA9JNjEZ9Rz4t5XDxAV5QQLWvfVP9XiJ41r1KL1l,neutral,2026-06-22 12:38:01+00:00,6,0,2,0,0.5,10,,Min Al Mizan,0.0,neutral,0.8684685230255127,english,Mixed/Urban,love,0.044630564749240875,0.026349354535341263,0.33430442214012146,0.017096253111958504,0.35225817561149597,0.020417453721165657
facebook,comment,Y29tbWVudDoxNDkwOTIwNDQ5NzMwNTMzXzE1NzIyNDQ5MTQ0NjEzMTY=,Bagi lah org lain. Masuk nak bertanding baik jgn masuk balik. Tak ikhlas,,https://www.facebook.com/negeriSembilainfokini/posts/pfbid0tEjwTRw6JfoKtbmzE14f7w8QfAA9JNjEZ9Rz4t5XDxAV5QQLWvfVP9XiJ41r1KL1l,pfbid0tEjwTRw6JfoKtbmzE14f7w8QfAA9JNjEZ9Rz4t5XDxAV5QQLWvfVP9XiJ41r1KL1l,neutral,2026-06-22 12:40:46+00:00,5,0,1,0,0.5,7,,Mohamad Noor Baharudin,0.0,neutral,0.7883386015892029,english,Mixed/Urban,love,0.26882466673851013,0.03278227895498276,0.05547387897968292,0.14990383386611938,0.3286021053791046,0.03561452403664589
facebook,comment,Y29tbWVudDoxNDkwOTIwNDQ5NzMwNTMzXzE5NTc5NDUyMjE1OTAwODQ=,mari dun jeram padang,,https://www.facebook.com/negeriSembilainfokini/posts/pfbid0tEjwTRw6JfoKtbmzE14f7w8QfAA9JNjEZ9Rz4t5XDxAV5QQLWvfVP9XiJ41r1KL1l,pfbid0tEjwTRw6JfoKtbmzE14f7w8QfAA9JNjEZ9Rz4t5XDxAV5QQLWvfVP9XiJ41r1KL1l,neutral,2026-06-22 13:30:31+00:00,0,0,0,0,0.5,0,,Mohd Rahmat Ismail,0.0,neutral,0.9894399046897888,malay,Malay/Bumiputera,love,0.15168383717536926,0.04790230467915535,0.11756660044193268,0.026754437014460564,0.4622196853160858,0.018551651388406754
facebook,comment,Y29tbWVudDoxNDkwOTIwNDQ5NzMwNTMzXzEzMDgwNDI4MDgxNjQ0Mjg=,"Bagi peluang kat orang muda 
Teraju negeri ku
Yg penting bebas rasuah 
Mesra dengan masyarakat setempat 
Dan berbilang kaum",,https://www.facebook.com/negeriSembilainfokini/posts/pfbid0tEjwTRw6JfoKtbmzE14f7w8QfAA9JNjEZ9Rz4t5XDxAV5QQLWvfVP9XiJ41r1KL1l,pfbid0tEjwTRw6JfoKtbmzE14f7w8QfAA9JNjEZ9Rz4t5XDxAV5QQLWvfVP9XiJ41r1KL1l,positive,2026-06-22 12:51:23+00:00,3,0,0,0,0.9963971316814422,3,,Rembo,0.0,positive,0.9879904389381409,malay,Malay/Bumiputera,love,0.052194297313690186,0.017341934144496918,0.15749390423297882,0.021470436826348305,0.5389736294746399,0.024624962359666824
facebook,post,122171180600962533,"PRN Negeri Sembilan: 
4 Penyandang Goyah, Berisiko

SEREMBAN: Lebih 10 kerusi Dewan Undangan Negeri (DUN) bakal menjadi tumpuan pada Pilihan Raya Negeri (PRN) Negeri Sembilan ke-16, yang dijadualkan berlangsung pada 1 Ogos depan, Situasi itu berlaku berikutan beberapa faktor, termasuk majoriti kemenangan di bawah 1,000 undi pada PRN yang lalu, status calon berprofil tinggi yang bertanding serta pergolakan dalaman parti dan percaturan kuota kerusi, Antara kawasan yang dijangka menjadi tumpuan itu termasuk DUN Juasseh; Ampangan; Sungai Lui; Klawang; Lenggeng; Seri Menanti, Senaling, Pilah, Johol, Linggi, Labu; Paroi; Sikamat dan Chennah.

Pada PRN ke-15 yang lalu, DUN Juasseh dimenangi oleh Datin Seri Bibi Sharliza Mohd Khalid (BN) yang mengatasi Allahyarham Datuk Eddin Syazlee Shith (PN-BERSATU) dengan kemenangan tipis berbekalkan perbezaan hanya 78 undi, Di DUN Ampangan, Tengku Zamrah Tengku Sulaiman (PH-PKR) meraih kemenangan dengan kelebihan 329 undi di hadapan Muhammad Ghazali Zainal Abidin (PN), manakala Datuk Dr Mohamad Rafie Abdul Malek (Bebas) memperoleh 3,079 undi.

DUN Sungai Lui menyaksikan penyandang daripada BN, Mohd Razi Mohd Ali, dalam persaingan satu lawan satu dengan Mohd Nordin Hasim (PN-PAS) menyaksikan jurang undi mengecil kepada 535 undi, Penyandang DUN Klawang, Datuk Bakri Sawir (PH-AMANAH) berjaya menyekat kemaraan Danni Rais yang bertanding di bawah bendera PN yang memperoleh 4,021 undi.
Berlaku Pecahan Undi.

Namun, menjelang PRN ke-16 ini, kedudukan penyandang empat DUN ini dilihat goyah dan berisiko bertukar tangan jika berlaku pecahan undi akibat saingan banyak penjuru, Ampangan bukan sahaja menjadi kerusi panas, malah dianggap bergolak pada PRN15 ekoran pertembungan tiga penjuru dengan kehadiran calon bebas yang juga bekas penyandang kerusi itu, Mohamad Rafie, susulan PH yang memberi laluan kepada Tengku Zamrah.

Sekiranya Mohamad Rafie bertanding sekali lagi atas tiket Bebas atau mana-mana parti, ia mampu memecahkan undi PH dan memberi kelebihan kepada calon lawan, DUN Sungai  Lui yang sekian lama menjadi kubu kuat BN bertukar status menjadi kerusi yang tidak lagi selamat apabila gelombang sokongan PN-PAS hampir sahaja menumbangkan Mohd Razi.

Klawang tidak kurang menarik perhatian ramai kerana membabitkan drama pertembungan antara dua sepupu Datuk Bakri Sawir dengan Danni Rais, anak bekas Menteri Besar, Tan Sri Rais Yatim, Strategi bertukar kerusi dan saling memberi ruang di antara PH dan BN pada PRN Negeri Sembilan 2023 menyaksikan berlaku beberapa perubahan di beberapa kerusi yang dianggap tidak kurang panasnya.

Mendahului carta adalah DUN Lenggeng yang dimenangi Datuk Mohd Asna Amin (BN) dengan 10,040 undi, berbanding Mohd Fadli bin Che Me (PN- PAS) yang meraih 9,355 undi. Kerusi ini asalnya dimenangi PH-AMANAH tetapi diserahkan kepada BN-UMNO atas dasar kerjasama Kerajaan Perpaduan pada PRN15, Dengan pengumuman kedua-dua blok mahu bertanding solo membabitkan 36 DUN pada PRN kali ini, Lenggeng pasti menyaksikan pertembungan panas.

Pengguguran penyandang DUN Paroi, Datuk Mohamad Taufek Abd Ghani (PH-AMANAH) pada PRN ke-15, menjadi drama politik paling menarik apabila kerusi terbabit jatuh ke tangan pembangkang, Sikamat diklasifikasikan sebagai kerusi 'paling panas' kerana disandang Pengerusi PH Negeri Sembilan merangkap Menteri Besar, Datuk Seri Aminuddin Harun, Walaupun menang majoriti 2,662 undi pada PRN yang lalu, namun menjelang PRN kali ini, ia berdepan asakan calon BN dan PN pasti berlaku pecahan undi yang menguji kekuatan pengaruh Aminuddin bertahan di situ.

Satu lagi kerusi yang mencuri tumpuan DUN Chennah mempunyai pengundi luar bandar yang sinonim sebagai kubu kuat parti berasaskan Melayu, Ia bakal menjadi medan ujian kepada Setiausaha Agung DAP, Anthony Loke yang sudah mengumumkan bakal mempertahankan di kerusi berkenaan selepas mencatat hatrik.

Sumber:https://www.bharian.com.my/berita/nasional/2026/06/1571137/prn-negeri-sembilan-4-penyandang-goyah-berisiko",https://www.facebook.com/permalink.php?story_fbid=pfbid06uj6dqqbWJ6gjuQ167iGeQPNP4GN65CMrmPVMvZSSgSMQRKepMZNs8EUYr1cY4wnl&id=61578875992858,,,negative,2026-06-15 03:54:04+00:00,0,0,92,0,0.0005133569240570179,92,276.0,,,negative,0.9982888102531433,malay,Malay/Bumiputera,no_clear_emotion,0.21812863647937775,0.08499487489461899,0.060940489172935486,0.05045728385448456,0.09976350516080856,0.03475140035152435
facebook,comment,Y29tbWVudDoxMjIxNzExODA2MDA5NjI1MzNfMTc0MTE5NTg1MDIzMjk5MQ==,PH akan menang semua kerusi,,https://www.facebook.com/permalink.php?story_fbid=pfbid06uj6dqqbWJ6gjuQ167iGeQPNP4GN65CMrmPVMvZSSgSMQRKepMZNs8EUYr1cY4wnl&id=61578875992858,pfbid06uj6dqqbWJ6gjuQ167iGeQPNP4GN65CMrmPVMvZSSgSMQRKepMZNs8EUYr1cY4wnl,negative,2026-06-15 05:38:14+00:00,34,0,20,0,0.15373294651508332,74,,Mohammad Shahrul Nizam,0.0,negative,0.4875568449497223,multilingual,Unknown,love,0.18046775460243225,0.07180538773536682,0.14641082286834717,0.052701231092214584,0.2671490013599396,0.04420138895511627
facebook,comment,Y29tbWVudDoxMjIxNzExODA2MDA5NjI1MzNfMzE4MTkxNjkyNTMzMDczNw==,insyallah..Tok Min diizinkan Allah utk menjadi MB lg dengan majority lebih tinggi...,,https://www.facebook.com/permalink.php?story_fbid=pfbid06uj6dqqbWJ6gjuQ167iGeQPNP4GN65CMrmPVMvZSSgSMQRKepMZNs8EUYr1cY4wnl&id=61578875992858,pfbid06uj6dqqbWJ6gjuQ167iGeQPNP4GN65CMrmPVMvZSSgSMQRKepMZNs8EUYr1cY4wnl,neutral,2026-06-15 11:11:18+00:00,18,0,2,0,0.5,22,,Rahim Ra Him,0.0,neutral,0.6232912540435791,english,Mixed/Urban,love,0.0606311559677124,0.07020475715398788,0.15423516929149628,0.024737495929002762,0.6206225156784058,0.03683920577168465
facebook,comment,Y29tbWVudDoxMjIxNzExODA2MDA5NjI1MzNfMTU1MzY4MjQxNjMwOTQ1NA==,"Target Rakyat Malaysia skg adalah, semasa PRU 16 ini, hapuskan kuasa UmPHanDap dlm Parlimen & Adun, jangan langsung beri undi pd calon UmPHanDap & calon parti lain yg menyokong UmPHanDap pada PRU 16...Inilah satunya cara Terbaik hapuskan kuasa politik UmPHanDap, dari berkuasa di dalam Pentadbiran Kerajaan Malaysia ini... Rakyat  Malaysia sudah nampak kesannya sekarang bila UmPHanDap ada kuasa, habis kucar kacir Pentadbiran Negara krn Gila Jawatan & Kumpul Harta mereka..Humban Geng Pembohong UmPHanDap ini pd PRU16...
#UndiBNdapatPHDap
#UndiPasPNPilihanLebihBaik",,https://www.facebook.com/permalink.php?story_fbid=pfbid06uj6dqqbWJ6gjuQ167iGeQPNP4GN65CMrmPVMvZSSgSMQRKepMZNs8EUYr1cY4wnl&id=61578875992858,pfbid06uj6dqqbWJ6gjuQ167iGeQPNP4GN65CMrmPVMvZSSgSMQRKepMZNs8EUYr1cY4wnl,negative,2026-06-15 14:44:14+00:00,5,0,1,0,0.0005044341087341309,7,,Azahar Hadzir,0.0,negative,0.9983185529708862,malay,Malay/Bumiputera,no_clear_emotion,0.14146040380001068,0.03175253048539162,0.05941447243094444,0.20201341807842255,0.22794626653194427,0.0442570261657238
facebook,comment,Y29tbWVudDoxMjIxNzExODA2MDA5NjI1MzNfMTYzMDUzMTkzNDcwNjE2MA==,Paroi tu letak la balik Hj Taufek Abd Ghani bertanding baru la boleh nak menang.. ni masa last PRN letak ntahsape-sape orang tak kenal.. padan muka kalah,,https://www.facebook.com/permalink.php?story_fbid=pfbid06uj6dqqbWJ6gjuQ167iGeQPNP4GN65CMrmPVMvZSSgSMQRKepMZNs8EUYr1cY4wnl&id=61578875992858,pfbid06uj6dqqbWJ6gjuQ167iGeQPNP4GN65CMrmPVMvZSSgSMQRKepMZNs8EUYr1cY4wnl,negative,2026-06-15 06:16:07+00:00,6,0,4,0,0.0004997313022613303,14,,Izar Azmi,0.0,negative,0.9983342289924622,malay,Malay/Bumiputera,no_clear_emotion,0.057800669223070145,0.03567210212349892,0.017614826560020447,0.09341277927160263,0.11783123761415482,0.16822758316993713
facebook,comment,Y29tbWVudDoxMjIxNzExODA2MDA5NjI1MzNfMjY3OTQ5ODAyMjAxOTc3MDE=,Bersama sama kita memartabatkan tokoh2 PAP..hidup lim biz kit!!!,,https://www.facebook.com/permalink.php?story_fbid=pfbid06uj6dqqbWJ6gjuQ167iGeQPNP4GN65CMrmPVMvZSSgSMQRKepMZNs8EUYr1cY4wnl&id=61578875992858,pfbid06uj6dqqbWJ6gjuQ167iGeQPNP4GN65CMrmPVMvZSSgSMQRKepMZNs8EUYr1cY4wnl,neutral,2026-06-15 11:38:08+00:00,6,0,1,0,0.5,8,,Mohd Shahazad,0.0,neutral,0.741184413433075,english,Mixed/Urban,love,0.04055153205990791,0.03525979816913605,0.3180619180202484,0.03889230638742447,0.381395161151886,0.03670218586921692
facebook,comment,Y29tbWVudDoxMjIxNzExODA2MDA5NjI1MzNfODY0OTI5MTYyODQyMTg1,Undi Umno akan dapat Dap.. Undi Pkr/Ph memang dapat Dap.. Bila Dap berkuasa.. Adat mereka kacau.. Agama Islam pun mereka kacau.. Titah Sultan mereka permainkan.. Nak tunggu mereka kacau anak bini rakyat N. Sembilan semua ke baru nak sedar... Kalau dari sekarang masih tak sedar.. Hmm tak tahu lah apa nak jadi pada rakyat N. Sembilan lepas ni,,https://www.facebook.com/permalink.php?story_fbid=pfbid06uj6dqqbWJ6gjuQ167iGeQPNP4GN65CMrmPVMvZSSgSMQRKepMZNs8EUYr1cY4wnl&id=61578875992858,pfbid06uj6dqqbWJ6gjuQ167iGeQPNP4GN65CMrmPVMvZSSgSMQRKepMZNs8EUYr1cY4wnl,negative,2026-06-17 10:10:54+00:00,2,0,0,0,0.0005055069923400879,2,,Hany Rus,0.0,negative,0.9983149766921997,malay,Malay/Bumiputera,anger,0.34744980931282043,0.06489457935094833,0.023964647203683853,0.06967570632696152,0.1425454467535019,0.07566652446985245
facebook,comment,Y29tbWVudDoxMjIxNzExODA2MDA5NjI1MzNfMzYzNDIxNTk5MjIwOTc1ODE=,Kali ni ese dok rmh ontok2 yo..maleh nak mengundi xnak pisang berbuah 2x..Undi UMNO dapat UMDAP@PH..Korang pergilah Undi mana2 calon2 yg korang boleh terima..janji NO DAP,,https://www.facebook.com/permalink.php?story_fbid=pfbid06uj6dqqbWJ6gjuQ167iGeQPNP4GN65CMrmPVMvZSSgSMQRKepMZNs8EUYr1cY4wnl&id=61578875992858,pfbid06uj6dqqbWJ6gjuQ167iGeQPNP4GN65CMrmPVMvZSSgSMQRKepMZNs8EUYr1cY4wnl,negative,2026-06-15 08:54:53+00:00,5,0,7,0,0.043392330408096313,19,,Suhaimi Saad,0.0,negative,0.855358898639679,multilingual,Unknown,no_clear_emotion,0.047732941806316376,0.032434865832328796,0.018579203635454178,0.01923293247818947,0.12428764998912811,0.04564032703638077
facebook,comment,Y29tbWVudDoxMjIxNzExODA2MDA5NjI1MzNfMTAwMjMwNzE4ODk2NjA5Mw==,ASAL BUKAN DAP,,https://www.facebook.com/permalink.php?story_fbid=pfbid06uj6dqqbWJ6gjuQ167iGeQPNP4GN65CMrmPVMvZSSgSMQRKepMZNs8EUYr1cY4wnl&id=61578875992858,pfbid06uj6dqqbWJ6gjuQ167iGeQPNP4GN65CMrmPVMvZSSgSMQRKepMZNs8EUYr1cY4wnl,negative,2026-06-15 07:27:48+00:00,5,0,3,0,0.09748198091983795,11,,Muvi Rok Oo,0.0,negative,0.6750600636005402,multilingual,Unknown,love,0.1929807811975479,0.06351476907730103,0.10746505856513977,0.027076568454504013,0.41178661584854126,0.023324476554989815
facebook,comment,Y29tbWVudDoxMjIxNzExODA2MDA5NjI1MzNfMTcwMTA5NjI5Nzc1NzMxMQ==,"Undi PH terjamin ekonomi keluarga jadi Mantab.

Undi PH ubah rezeki keluarga beli barangan kerperluan harian...

Undi PH dpt tumbangkan BN,PN, PAS parti Sakau perompak Dan tebuk Atap...",,https://www.facebook.com/permalink.php?story_fbid=pfbid06uj6dqqbWJ6gjuQ167iGeQPNP4GN65CMrmPVMvZSSgSMQRKepMZNs8EUYr1cY4wnl&id=61578875992858,pfbid06uj6dqqbWJ6gjuQ167iGeQPNP4GN65CMrmPVMvZSSgSMQRKepMZNs8EUYr1cY4wnl,positive,2026-06-22 10:05:01+00:00,1,0,0,0,0.9993874549865722,1,,Husairihusairi Hus,0.0,positive,0.9979581832885742,malay,Malay/Bumiputera,love,0.07242286950349808,0.13791298866271973,0.3394085764884949,0.031815461814403534,0.34485626220703125,0.02659781277179718
facebook,comment,Y29tbWVudDoxMjIxNzExODA2MDA5NjI1MzNfOTk2ODY1MTY2NTQyODI0,Jgn di undi umno ni ... jahanam negeri.,,https://www.facebook.com/permalink.php?story_fbid=pfbid06uj6dqqbWJ6gjuQ167iGeQPNP4GN65CMrmPVMvZSSgSMQRKepMZNs8EUYr1cY4wnl&id=61578875992858,pfbid06uj6dqqbWJ6gjuQ167iGeQPNP4GN65CMrmPVMvZSSgSMQRKepMZNs8EUYr1cY4wnl,neutral,2026-06-15 17:45:30+00:00,3,0,0,0,0.5,3,,Shamsul Bahri Nordin,0.0,neutral,0.8689706325531006,english,Mixed/Urban,love,0.1127522736787796,0.03165421634912491,0.049047064036130905,0.045577749609947205,0.6577610969543457,0.0249945018440485
facebook,post,1434117285426052,"PRN Negeri Sembilan pada 1 Ogos 2026.

#sukns
#sukn9
#negori",https://www.facebook.com/psukn9/posts/pfbid0Ap1Xomed5uuhrBG6vepCKemXPVTekWjbCa6RfZFjgLEmhdEDLPCBSbQ8StBAKVN4l,,,negative,2026-06-12 04:55:18+00:00,0,0,58,0,0.08742951303720473,58,174.0,,,negative,0.7085682898759842,multilingual,Unknown,no_clear_emotion,0.056002650409936905,0.02912583202123642,0.1259317249059677,0.02982807718217373,0.2287837266921997,0.04058443754911423
facebook,comment,Y29tbWVudDoxNDM0MTE3Mjg1NDI2MDUyXzE1NDk1ODY3MDMzOTgxMTU=,@top fans,,https://www.facebook.com/psukn9/posts/pfbid0Ap1Xomed5uuhrBG6vepCKemXPVTekWjbCa6RfZFjgLEmhdEDLPCBSbQ8StBAKVN4l,pfbid0Ap1Xomed5uuhrBG6vepCKemXPVTekWjbCa6RfZFjgLEmhdEDLPCBSbQ8StBAKVN4l,positive,2026-06-12 04:55:37+00:00,1,0,1,0,0.956811499595642,3,,Pejabat Setiausaha Kerajaan Negeri Sembilan,0.0,positive,0.8560383319854736,multilingual,Unknown,love,0.17002341151237488,0.12289384752511978,0.10825280100107193,0.0820731595158577,0.22335906326770782,0.10095519572496414
facebook,comment,Y29tbWVudDoxNDM0MTE3Mjg1NDI2MDUyXzEzNzkwMTM0NzQyODIyODI=,UMNO PKR PH dan parti2 melayu bersama nya dah lemah seperti lembu dicucuk hidung oleh DAP hanya pas berani lawan dap dan boleh satu kan parti2 melayu dan boleh menjaga rakyat Malaysia berbilang bangsa dan kaum bukti negeri2 pas memerintah melayu cina India boleh bersatu dan hormat bahasa dan peraturan perlembagaan Malaysia,,https://www.facebook.com/psukn9/posts/pfbid0Ap1Xomed5uuhrBG6vepCKemXPVTekWjbCa6RfZFjgLEmhdEDLPCBSbQ8StBAKVN4l,pfbid0Ap1Xomed5uuhrBG6vepCKemXPVTekWjbCa6RfZFjgLEmhdEDLPCBSbQ8StBAKVN4l,negative,2026-06-12 05:46:56+00:00,14,0,5,0,0.0004875183105468861,24,,Fazputra Ali,0.0,negative,0.9983749389648438,malay,Malay/Bumiputera,anger,0.4007234275341034,0.1514299064874649,0.03227624669671059,0.27622565627098083,0.06970362365245819,0.0206315740942955
facebook,comment,Y29tbWVudDoxNDM0MTE3Mjg1NDI2MDUyXzE3MzYwNDMzNzc3NTYzNzY=,"N9 jangan bagi lagi DAP ada dalam kerajaan negeri... Rosak habis.
Semua benda dia nak masuk campur..",,https://www.facebook.com/psukn9/posts/pfbid0Ap1Xomed5uuhrBG6vepCKemXPVTekWjbCa6RfZFjgLEmhdEDLPCBSbQ8StBAKVN4l,pfbid0Ap1Xomed5uuhrBG6vepCKemXPVTekWjbCa6RfZFjgLEmhdEDLPCBSbQ8StBAKVN4l,negative,2026-06-12 11:54:03+00:00,3,0,0,0,0.0005039513111114724,3,,Mohd Hazwan,0.0,negative,0.9983201622962952,malay,Malay/Bumiputera,love,0.2393273115158081,0.02419077232480049,0.06086672842502594,0.05665366351604462,0.3832050561904907,0.030040442943572998
facebook,comment,Y29tbWVudDoxNDM0MTE3Mjg1NDI2MDUyXzEwMDUyOTg3Mjg1MjU4MjQ=,"Madani goyah hingga PRN berasingan.
Hanya di N9 sisa sokongan kerana Tok Min.keutamaan undian untuk Parti Bersama.

Semoga jadi kenyataan.
Bersama beri laluan utk kemenangan Tok Min di DUN Sikamat..",,https://www.facebook.com/psukn9/posts/pfbid0Ap1Xomed5uuhrBG6vepCKemXPVTekWjbCa6RfZFjgLEmhdEDLPCBSbQ8StBAKVN4l,pfbid0Ap1Xomed5uuhrBG6vepCKemXPVTekWjbCa6RfZFjgLEmhdEDLPCBSbQ8StBAKVN4l,positive,2026-06-12 09:44:03+00:00,4,0,3,0,0.9986683011054992,10,,Mohd Shid,0.0,positive,0.9955610036849976,malay,Malay/Bumiputera,no_clear_emotion,0.049913253635168076,0.029946746304631233,0.07578229904174805,0.02865738607943058,0.2540704905986786,0.026102498173713684
facebook,comment,Y29tbWVudDoxNDM0MTE3Mjg1NDI2MDUyXzEwMDQwMzU3NTg5OTU1OTc=,PH dalam proses tukar Adat Perpatih kepada Temenggung. Sultan Mukhriz yang pertama. Sokong PH ramai² agar PH menang. Semua Undang- Luak akan diturunkan darjat jadi rakyat biasa. Tak susah 16 DUN pasti DAP yg punya. Tinggal 5 DUN untuk PKR dan PAN. PH menang gubal undang² baharu. Keturunan Mukriz akan jadi Sultan di Negeri Sembilan,,https://www.facebook.com/psukn9/posts/pfbid0Ap1Xomed5uuhrBG6vepCKemXPVTekWjbCa6RfZFjgLEmhdEDLPCBSbQ8StBAKVN4l,pfbid0Ap1Xomed5uuhrBG6vepCKemXPVTekWjbCa6RfZFjgLEmhdEDLPCBSbQ8StBAKVN4l,positive,2026-06-12 09:05:10+00:00,2,0,1,0,0.9937111318111419,4,,Jasmi Renjer,0.0,positive,0.9790371060371399,malay,Malay/Bumiputera,no_clear_emotion,0.030518466606736183,0.043015941977500916,0.0990670919418335,0.016973968595266342,0.13984504342079163,0.09838388860225677
facebook,comment,Y29tbWVudDoxNDM0MTE3Mjg1NDI2MDUyXzIxMzEyMTc4MDQwODg3ODI=,Ni baru 12/6. Lambek laie nk mengundi. 😅😅,,https://www.facebook.com/psukn9/posts/pfbid0Ap1Xomed5uuhrBG6vepCKemXPVTekWjbCa6RfZFjgLEmhdEDLPCBSbQ8StBAKVN4l,pfbid0Ap1Xomed5uuhrBG6vepCKemXPVTekWjbCa6RfZFjgLEmhdEDLPCBSbQ8StBAKVN4l,neutral,2026-06-12 07:16:14+00:00,0,0,0,0,0.5,0,,Lynn Ismail,0.0,neutral,0.8125408887863159,english,Mixed/Urban,no_clear_emotion,0.01710124872624874,0.06047132983803749,0.02722826413810253,0.01082944218069315,0.03415088728070259,0.183115616440773
facebook,comment,Y29tbWVudDoxNDM0MTE3Mjg1NDI2MDUyXzE1MTQ1MzU0OTY4MTUwMDA=,"Pengundi2 Tanah Mengandung Luak Jempol, Luak Terachi, Luak Gunung Pasir, Luak Inas pastikn undi utk PH sbb kedaulatan YTB Tengku Mukhriz mesti dipertahankn dan tolak parti khianat hingga gugat kestabilan politik negeri, tolak juga parti2 langau pru16",,https://www.facebook.com/psukn9/posts/pfbid0Ap1Xomed5uuhrBG6vepCKemXPVTekWjbCa6RfZFjgLEmhdEDLPCBSbQ8StBAKVN4l,pfbid0Ap1Xomed5uuhrBG6vepCKemXPVTekWjbCa6RfZFjgLEmhdEDLPCBSbQ8StBAKVN4l,neutral,2026-06-15 00:26:50+00:00,1,0,0,0,0.5,1,,Hussin Kasah,0.0,neutral,0.8635985851287842,english,Mixed/Urban,anger,0.3384949564933777,0.10440106689929962,0.1622008979320526,0.03758819401264191,0.13486455380916595,0.031466010957956314
facebook,comment,Y29tbWVudDoxNDM0MTE3Mjg1NDI2MDUyXzE5NTYzNTU4NTgzMjQ2NTA=,kalau ddok jauh .balik gundi. ado dapat duit minyak x. .,,https://www.facebook.com/psukn9/posts/pfbid0Ap1Xomed5uuhrBG6vepCKemXPVTekWjbCa6RfZFjgLEmhdEDLPCBSbQ8StBAKVN4l,pfbid0Ap1Xomed5uuhrBG6vepCKemXPVTekWjbCa6RfZFjgLEmhdEDLPCBSbQ8StBAKVN4l,neutral,2026-06-12 06:11:59+00:00,1,0,0,0,0.5,1,,Mhd SuhaimiYsf,0.0,neutral,0.8186134696006775,english,Mixed/Urban,love,0.18123503029346466,0.07942357659339905,0.03212538734078407,0.0673891007900238,0.3354821801185608,0.054108332842588425
facebook,comment,Y29tbWVudDoxNDM0MTE3Mjg1NDI2MDUyXzg4NDA1Nzc5ODA2NDYxMQ==,Kau sokong UMNO dapat Anwar pikor² lah org negeri 9 den bagi tau awal² kau undi UMNO zahid bergabung dgn Anwar jadi lah zanwar.... Kalau carik bebola naga nnti bergabung pulak dgn DAP Make jadi lah super saya zandap,,https://www.facebook.com/psukn9/posts/pfbid0Ap1Xomed5uuhrBG6vepCKemXPVTekWjbCa6RfZFjgLEmhdEDLPCBSbQ8StBAKVN4l,pfbid0Ap1Xomed5uuhrBG6vepCKemXPVTekWjbCa6RfZFjgLEmhdEDLPCBSbQ8StBAKVN4l,negative,2026-06-12 12:44:23+00:00,0,0,0,0,0.1435270741581917,0,,Pemburu Pemburu Jalanan,0.0,negative,0.5215764194726944,multilingual,Unknown,love,0.02682628110051155,0.02107137069106102,0.1639837920665741,0.014151905663311481,0.6612239480018616,0.025493862107396126
facebook,comment,Y29tbWVudDoxNDM0MTE3Mjg1NDI2MDUyXzI0ODU1NTgzOTE4Njk2Nzc=,Noted 🌹,,https://www.facebook.com/psukn9/posts/pfbid0Ap1Xomed5uuhrBG6vepCKemXPVTekWjbCa6RfZFjgLEmhdEDLPCBSbQ8StBAKVN4l,pfbid0Ap1Xomed5uuhrBG6vepCKemXPVTekWjbCa6RfZFjgLEmhdEDLPCBSbQ8StBAKVN4l,neutral,2026-06-13 02:26:37+00:00,0,0,0,0,0.5,0,,Sarimah Wati Sulaiman,0.0,neutral,0.6859585642814636,english,Mixed/Urban,love,0.1024174690246582,0.057146452367305756,0.09046809375286102,0.0532417818903923,0.426305890083313,0.051824234426021576
facebook,post,1481330414022870,"🗳️ PRN NEGERI SEMBILAN

Pengumuman tarikh Pilihan Raya Negeri (PRN) Negeri Sembilan Ke-16 disampaikan oleh Pengerusi Suruhanjaya Pilihan Raya (SPR), Datuk Seri Ramlan Harun, dalam satu sidang media di Menara SPR, Putrajaya pada Jumaat.

Mengikut ketetapan SPR, hari penamaan calon ditetapkan pada 18 Julai 2026, diikuti pengundian awal pada 28 Julai 2026, manakala hari pengundian berlangsung pada 1 Ogos 2026.

#NegeriSembilanKiNi",https://www.facebook.com/negeriSembilainfokini/posts/pfbid0nBdXjrTfbjhiEKdjsJmfv4HWGFd6Jbb1FKdEGathJfrr7QMkbRoxVafTZA2sLEg5l,,,neutral,2026-06-12 05:34:12+00:00,0,0,58,0,0.5,58,174.0,,,neutral,0.9976964592933655,malay,Malay/Bumiputera,no_clear_emotion,0.029429279267787933,0.019981669262051582,0.036985088139772415,0.01693158969283104,0.04123504459857941,0.034637413918972015
facebook,comment,Y29tbWVudDoxNDgxMzMwNDE0MDIyODcwXzE1NTcyNzE1MjU5ODkxNjc=,Pada org ns..jgn bagi undi pada ph..banyak menyusahkan kn,,https://www.facebook.com/negeriSembilainfokini/posts/pfbid0nBdXjrTfbjhiEKdjsJmfv4HWGFd6Jbb1FKdEGathJfrr7QMkbRoxVafTZA2sLEg5l,pfbid0nBdXjrTfbjhiEKdjsJmfv4HWGFd6Jbb1FKdEGathJfrr7QMkbRoxVafTZA2sLEg5l,neutral,2026-06-12 07:05:25+00:00,25,0,4,0,0.5,33,,Rostam Ibrahim,0.0,neutral,0.8347732424736023,english,Mixed/Urban,anger,0.35155200958251953,0.11118589341640472,0.036907441914081573,0.07682085782289505,0.34609657526016235,0.02351953834295273
facebook,comment,Y29tbWVudDoxNDgxMzMwNDE0MDIyODcwXzI0MDkwODU0Nzk1ODgwMjc=,Nii kali Johor N9 kita kasi solid Undi BN... Peduli la kata org.. kita da raso apo jd bilo PH+Pas+Dap dlm khemah besar dlu.. jatuh kan BN...,,https://www.facebook.com/negeriSembilainfokini/posts/pfbid0nBdXjrTfbjhiEKdjsJmfv4HWGFd6Jbb1FKdEGathJfrr7QMkbRoxVafTZA2sLEg5l,pfbid0nBdXjrTfbjhiEKdjsJmfv4HWGFd6Jbb1FKdEGathJfrr7QMkbRoxVafTZA2sLEg5l,neutral,2026-06-12 06:30:49+00:00,15,0,1,0,0.5,17,,Muhd Aiman Azhar,0.0,neutral,0.8515656590461731,english,Mixed/Urban,love,0.08206003159284592,0.019231043756008148,0.07211904972791672,0.027090150862932205,0.4741877019405365,0.02173447422683239
facebook,comment,Y29tbWVudDoxNDgxMzMwNDE0MDIyODcwXzI1OTc1OTkyODA2NDMxMzM=,Sapa boleh tolong undi untuk aku aku dah rasa malas nak undi undi ni 🤣,,https://www.facebook.com/negeriSembilainfokini/posts/pfbid0nBdXjrTfbjhiEKdjsJmfv4HWGFd6Jbb1FKdEGathJfrr7QMkbRoxVafTZA2sLEg5l,pfbid0nBdXjrTfbjhiEKdjsJmfv4HWGFd6Jbb1FKdEGathJfrr7QMkbRoxVafTZA2sLEg5l,negative,2026-06-12 05:46:54+00:00,9,0,2,0,0.0006276726722717063,13,,Muhammad Hamra,0.0,negative,0.9979077577590942,malay,Malay/Bumiputera,sadness,0.05789181962609291,0.04273723438382149,0.008336328901350498,0.8533661365509033,0.010127046145498753,0.0156249376013875
facebook,comment,Y29tbWVudDoxNDgxMzMwNDE0MDIyODcwXzEzNTUzNjQ2OTY2OTIyODE=,semoga Allah membarikan kemenangan besar buat Barisan Nasional dan hancurkan Rejim PHDAP dibumi Johor dan N9 Amin 🤲🏼,,https://www.facebook.com/negeriSembilainfokini/posts/pfbid0nBdXjrTfbjhiEKdjsJmfv4HWGFd6Jbb1FKdEGathJfrr7QMkbRoxVafTZA2sLEg5l,pfbid0nBdXjrTfbjhiEKdjsJmfv4HWGFd6Jbb1FKdEGathJfrr7QMkbRoxVafTZA2sLEg5l,positive,2026-06-12 06:23:44+00:00,14,0,0,0,0.8502373933792113,14,,Walaun Walanon,0.0,positive,0.5007913112640381,english,Mixed/Urban,love,0.1686493307352066,0.05861698091030121,0.1549019068479538,0.12459062039852142,0.3111897110939026,0.031508710235357285
facebook,comment,Y29tbWVudDoxNDgxMzMwNDE0MDIyODcwXzI1MjE3ODgxODE1NzkxODU=,,,https://www.facebook.com/negeriSembilainfokini/posts/pfbid0nBdXjrTfbjhiEKdjsJmfv4HWGFd6Jbb1FKdEGathJfrr7QMkbRoxVafTZA2sLEg5l,pfbid0nBdXjrTfbjhiEKdjsJmfv4HWGFd6Jbb1FKdEGathJfrr7QMkbRoxVafTZA2sLEg5l,neutral,2026-06-12 06:36:58+00:00,14,0,0,0,0.5,14,,Icha Adalia,0.0,neutral,0.0,unknown,Unknown,neutral,0.0,0.0,0.0,0.0,0.0,0.0
facebook,comment,Y29tbWVudDoxNDgxMzMwNDE0MDIyODcwXzE3ODk4MDM2NTkwOTcyMDk=,,,https://www.facebook.com/negeriSembilainfokini/posts/pfbid0nBdXjrTfbjhiEKdjsJmfv4HWGFd6Jbb1FKdEGathJfrr7QMkbRoxVafTZA2sLEg5l,pfbid0nBdXjrTfbjhiEKdjsJmfv4HWGFd6Jbb1FKdEGathJfrr7QMkbRoxVafTZA2sLEg5l,neutral,2026-06-12 06:49:14+00:00,9,0,2,0,0.5,13,,Mohammad Sulaiman,0.0,neutral,0.0,unknown,Unknown,neutral,0.0,0.0,0.0,0.0,0.0,0.0
facebook,comment,Y29tbWVudDoxNDgxMzMwNDE0MDIyODcwXzg5ODkxNDcyMjQ3NjQyOA==,Zaman PH Memerintah ic kita boleh beli barang…ini kali rakyat N9 tolak BN/PN/PAS - ULARMAK SUU 💉👁️☠️,,https://www.facebook.com/negeriSembilainfokini/posts/pfbid0nBdXjrTfbjhiEKdjsJmfv4HWGFd6Jbb1FKdEGathJfrr7QMkbRoxVafTZA2sLEg5l,pfbid0nBdXjrTfbjhiEKdjsJmfv4HWGFd6Jbb1FKdEGathJfrr7QMkbRoxVafTZA2sLEg5l,positive,2026-06-12 16:23:47+00:00,2,0,0,0,0.9993304133415222,2,,Amir,0.0,positive,0.9977680444717407,malay,Malay/Bumiputera,no_clear_emotion,0.12950700521469116,0.023310983553528786,0.06870100647211075,0.05932788923382759,0.30063748359680176,0.03314309939742088
facebook,comment,Y29tbWVudDoxNDgxMzMwNDE0MDIyODcwXzgyNjM4MzMzMzY3MDc3OQ==,Undi lah kerajaan perpaduan,,https://www.facebook.com/negeriSembilainfokini/posts/pfbid0nBdXjrTfbjhiEKdjsJmfv4HWGFd6Jbb1FKdEGathJfrr7QMkbRoxVafTZA2sLEg5l,pfbid0nBdXjrTfbjhiEKdjsJmfv4HWGFd6Jbb1FKdEGathJfrr7QMkbRoxVafTZA2sLEg5l,neutral,2026-06-12 06:20:09+00:00,4,0,0,0,0.5,4,,Bakar Madin,0.0,neutral,0.8261011838912964,english,Mixed/Urban,love,0.14118267595767975,0.03871582821011543,0.08012838661670685,0.0284813791513443,0.4110693037509918,0.020010897889733315
facebook,comment,Y29tbWVudDoxNDgxMzMwNDE0MDIyODcwXzk1NDExOTk5NDI3MTAwOQ==,"Berani letak jawatan bererti tak heran dengan kuasa.. perancangan ekonomi bagus📈.. latar belakang akauntan.. berprinsip.. Dengan jumlah penyokong Parti Bersama yang semakin bertambah, Rafizi pemimpin akar umbi calon perdana menteri terbaik untuk pelbagai kaum 👍",,https://www.facebook.com/negeriSembilainfokini/posts/pfbid0nBdXjrTfbjhiEKdjsJmfv4HWGFd6Jbb1FKdEGathJfrr7QMkbRoxVafTZA2sLEg5l,pfbid0nBdXjrTfbjhiEKdjsJmfv4HWGFd6Jbb1FKdEGathJfrr7QMkbRoxVafTZA2sLEg5l,negative,2026-06-12 05:39:12+00:00,3,0,0,0,0.00048152804374695934,3,,Syed Ifzan Ben Yahya,0.0,negative,0.9983949065208435,malay,Malay/Bumiputera,no_clear_emotion,0.1813151240348816,0.10521379113197327,0.17681598663330078,0.017245400696992874,0.07074376940727234,0.10553482174873352
facebook,comment,Y29tbWVudDoxNDgxMzMwNDE0MDIyODcwXzEwNTE2OTM3NzQxODc4MjE=,Uwan den suko mengundi dio kato dapek duit 😁,,https://www.facebook.com/negeriSembilainfokini/posts/pfbid0nBdXjrTfbjhiEKdjsJmfv4HWGFd6Jbb1FKdEGathJfrr7QMkbRoxVafTZA2sLEg5l,pfbid0nBdXjrTfbjhiEKdjsJmfv4HWGFd6Jbb1FKdEGathJfrr7QMkbRoxVafTZA2sLEg5l,neutral,2026-06-12 06:42:56+00:00,4,0,0,0,0.5,4,,Abdul Rahman,0.0,neutral,0.6244505047798157,english,Mixed/Urban,love,0.06776048988103867,0.014929171651601791,0.06098003685474396,0.019163934513926506,0.6471545696258545,0.015459946356713772
facebook,post,1538912030932400,"Sdr Anthony Loke, Pengerusi DAP Negeri Sembilan telah mengumumkan bahawa beliau akan memimpin DAP Negeri Sembilan untuk mempertahankan kesemua 11 kerusi dalam Pilihan Raya Negeri akan datang.

Pilihan raya bukan sekadar mempertahankan kerusi, tetapi mempertahankan mandat rakyat, rekod pencapaian serta meneruskan usaha membina Negeri Sembilan yang lebih maju, inklusif dan sejahtera.

Perjuangan diteruskan. Kerja diteruskan. Fokus tetap kepada rakyat.

森美兰州民主行动党主席陆兆福同志宣布，他将率领森美兰州民主行动党在来届州选举中捍卫全部11个议席。

这场选举不仅是捍卫议席，更是捍卫人民赋予的委托、过去的政绩，以及继续建设一个更加进步、包容与繁荣的森美兰。

奋斗继续，服务不停，始终以民为本。

#DAPNegeriSembilan #PRNNS #DemiNegeriSembilan #KerjaUntukRakyat #NegeriSembilanMaju #MalaysiaMadani",https://www.facebook.com/nicoleleekoontan/posts/pfbid02KV93V1B4p89H9d4tWTGVGK2mbutXLbFGX59eHhzvKs9th8Pf4stioqGjuD2o8LXml,,,negative,2026-06-08 05:48:08+00:00,0,0,2144,0,0.004599058628082298,2144,6432.0,,,negative,0.9846698045730591,malay,Malay/Bumiputera,happy,0.042318444699048996,0.051386792212724686,0.5230409502983093,0.027188751846551895,0.17414657771587372,0.0319298580288887
facebook,comment,Y29tbWVudDoxNTM4OTEyMDMwOTMyNDAwXzE1NDkzNDgxNTMyMTExNTM=,"Well done DAP , despite all the challenges and bad mouthing against your party. 

Kindly be motivated by continuous and consistent ' Hard Work ' citizens do recognize it as NOT a political drama but genuine support ! 

Pull in the support",,https://www.facebook.com/nicoleleekoontan/posts/pfbid02KV93V1B4p89H9d4tWTGVGK2mbutXLbFGX59eHhzvKs9th8Pf4stioqGjuD2o8LXml,pfbid02KV93V1B4p89H9d4tWTGVGK2mbutXLbFGX59eHhzvKs9th8Pf4stioqGjuD2o8LXml,positive,2026-06-08 12:27:27+00:00,167,0,20,0,0.9354887425899505,207,,Tony Joe Joe,0.0,positive,0.7849624752998352,english,Mixed/Urban,love,0.02781313844025135,0.016657188534736633,0.18625763058662415,0.017494602128863335,0.6915121674537659,0.0156245157122612
facebook,comment,Y29tbWVudDoxNTM4OTEyMDMwOTMyNDAwXzIxODg0MzE4NjE5OTY4MTY=,Terus bersemangat DAP demi Malaysia dan rakyat hidup aman berbilang kaum,,https://www.facebook.com/nicoleleekoontan/posts/pfbid02KV93V1B4p89H9d4tWTGVGK2mbutXLbFGX59eHhzvKs9th8Pf4stioqGjuD2o8LXml,pfbid02KV93V1B4p89H9d4tWTGVGK2mbutXLbFGX59eHhzvKs9th8Pf4stioqGjuD2o8LXml,positive,2026-06-09 00:28:34+00:00,156,0,67,0,0.9988362610340118,290,,Bahar Ajat,0.0,positive,0.9961208701133728,malay,Malay/Bumiputera,happy,0.037407003343105316,0.025994859635829926,0.6486840844154358,0.01713254489004612,0.2122860997915268,0.015040334314107895
facebook,comment,Y29tbWVudDoxNTM4OTEyMDMwOTMyNDAwXzkxODAwOTc0Nzk3NjQ1NQ==,RAKYAT N9 BERSAMA2 LINGKUPKAN PENGUASAAN DAP DI N9 KEPADA TELOR AYAM SEBAGAIMANA RAKYAT SABAH BOLEH LAKUKANYA. GENG2 KOMINIS DAN BABI TUNGGAL INI ADALAH PEROSAK KPD AGAMA BANGSA KEDAULATAN UNDANG2 SERTA KEHARMONIAN HIDUP MASYARAKAT,,https://www.facebook.com/nicoleleekoontan/posts/pfbid02KV93V1B4p89H9d4tWTGVGK2mbutXLbFGX59eHhzvKs9th8Pf4stioqGjuD2o8LXml,pfbid02KV93V1B4p89H9d4tWTGVGK2mbutXLbFGX59eHhzvKs9th8Pf4stioqGjuD2o8LXml,neutral,2026-06-08 12:13:57+00:00,747,0,128,0,0.5,1003,,Nasruddin Din,0.0,neutral,0.5355103015899658,malay,Malay/Bumiputera,no_clear_emotion,0.18323595821857452,0.060336798429489136,0.1062689796090126,0.04784254729747772,0.16166488826274872,0.04584649205207825
facebook,comment,Y29tbWVudDoxNTM4OTEyMDMwOTMyNDAwXzE0ODg1NDE0ODYxNDczOTE=,Sabah da buat no more DAP next negeri lain akan ikut jek,,https://www.facebook.com/nicoleleekoontan/posts/pfbid02KV93V1B4p89H9d4tWTGVGK2mbutXLbFGX59eHhzvKs9th8Pf4stioqGjuD2o8LXml,pfbid02KV93V1B4p89H9d4tWTGVGK2mbutXLbFGX59eHhzvKs9th8Pf4stioqGjuD2o8LXml,neutral,2026-06-08 06:54:51+00:00,338,0,40,0,0.5,418,,Rahman Amin,0.0,neutral,0.607594907283783,english,Mixed/Urban,love,0.06257324665784836,0.02547243982553482,0.03709462285041809,0.04936778545379639,0.559590220451355,0.04052120819687843
facebook,comment,Y29tbWVudDoxNTM4OTEyMDMwOTMyNDAwXzE1MzIyMjIzNTg1MjM5NTM=,Aku undi DAP,,https://www.facebook.com/nicoleleekoontan/posts/pfbid02KV93V1B4p89H9d4tWTGVGK2mbutXLbFGX59eHhzvKs9th8Pf4stioqGjuD2o8LXml,pfbid02KV93V1B4p89H9d4tWTGVGK2mbutXLbFGX59eHhzvKs9th8Pf4stioqGjuD2o8LXml,neutral,2026-06-08 14:20:40+00:00,84,0,34,0,0.5,152,,Fairus Shaba,0.0,neutral,0.7542605400085449,english,Mixed/Urban,love,0.16063876450061798,0.11005493253469467,0.13070224225521088,0.08760209381580353,0.23424872756004333,0.08817223459482193
facebook,comment,Y29tbWVudDoxNTM4OTEyMDMwOTMyNDAwXzk5MTEyODI1MDMxODIzOA==,Nasihat saya...buat saja kerja..fokus kerja..bantu rakyat tanpa Kita kaum.. macam PMX bagitau..kurang cakap..kurang berpolitik. Itu aje,,https://www.facebook.com/nicoleleekoontan/posts/pfbid02KV93V1B4p89H9d4tWTGVGK2mbutXLbFGX59eHhzvKs9th8Pf4stioqGjuD2o8LXml,pfbid02KV93V1B4p89H9d4tWTGVGK2mbutXLbFGX59eHhzvKs9th8Pf4stioqGjuD2o8LXml,negative,2026-06-09 00:07:59+00:00,44,0,13,0,0.0004818856716156117,70,,Kamarulbahrin Yunus,0.0,negative,0.998393714427948,malay,Malay/Bumiputera,love,0.08675453066825867,0.01889829710125923,0.040939364582300186,0.04061552509665489,0.4707537591457367,0.02692396007478237
facebook,comment,Y29tbWVudDoxNTM4OTEyMDMwOTMyNDAwXzE2OTQ0OTUxNzgyNTY1NTY=,Rakyat negeri sembilan buat MCM di Sabah kasi tanam,,https://www.facebook.com/nicoleleekoontan/posts/pfbid02KV93V1B4p89H9d4tWTGVGK2mbutXLbFGX59eHhzvKs9th8Pf4stioqGjuD2o8LXml,pfbid02KV93V1B4p89H9d4tWTGVGK2mbutXLbFGX59eHhzvKs9th8Pf4stioqGjuD2o8LXml,positive,2026-06-08 12:47:59+00:00,185,0,23,0,0.8964457124471664,231,,Sungai Songai,0.0,positive,0.6548190414905548,multilingual,Unknown,love,0.06863833218812943,0.01664217747747898,0.03462374955415726,0.029551012441515923,0.6995665431022644,0.017989547923207283
facebook,comment,Y29tbWVudDoxNTM4OTEyMDMwOTMyNDAwXzE2NTgwNTIyMzg2NDIxMjY=,DAP 👍,,https://www.facebook.com/nicoleleekoontan/posts/pfbid02KV93V1B4p89H9d4tWTGVGK2mbutXLbFGX59eHhzvKs9th8Pf4stioqGjuD2o8LXml,pfbid02KV93V1B4p89H9d4tWTGVGK2mbutXLbFGX59eHhzvKs9th8Pf4stioqGjuD2o8LXml,negative,2026-06-08 12:52:59+00:00,71,0,10,0,0.1821699947118759,91,,Dinesh Jaj,0.0,negative,0.39276668429374695,multilingual,Unknown,love,0.1520739495754242,0.03861955180764198,0.07204549759626389,0.03614424541592598,0.504131555557251,0.021022440865635872
facebook,comment,Y29tbWVudDoxNTM4OTEyMDMwOTMyNDAwXzEwMTM3Nzk1MDQ2NzAxNjQ=,"Rasanya, banyak akaun palsu kat sini.",,https://www.facebook.com/nicoleleekoontan/posts/pfbid02KV93V1B4p89H9d4tWTGVGK2mbutXLbFGX59eHhzvKs9th8Pf4stioqGjuD2o8LXml,pfbid02KV93V1B4p89H9d4tWTGVGK2mbutXLbFGX59eHhzvKs9th8Pf4stioqGjuD2o8LXml,negative,2026-06-10 01:13:17+00:00,18,0,1,0,0.1885207012295723,20,,Nawiruddin Zainal Abidin,0.0,negative,0.37159766256809235,multilingual,Unknown,sadness,0.04034684598445892,0.02989570051431656,0.010246668010950089,0.7316227555274963,0.09221247583627701,0.0536789707839489
facebook,comment,Y29tbWVudDoxNTM4OTEyMDMwOTMyNDAwXzEzMjk4NTU5MTI1ODYzMzA=,"no dap, no pkr ddan no ph. itu lah gelombang sekarang ini.",,https://www.facebook.com/nicoleleekoontan/posts/pfbid02KV93V1B4p89H9d4tWTGVGK2mbutXLbFGX59eHhzvKs9th8Pf4stioqGjuD2o8LXml,pfbid02KV93V1B4p89H9d4tWTGVGK2mbutXLbFGX59eHhzvKs9th8Pf4stioqGjuD2o8LXml,negative,2026-06-08 08:52:59+00:00,142,0,17,0,0.0005066514015197865,176,,Abd Aziz Md Yusop,0.0,negative,0.9983111619949341,malay,Malay/Bumiputera,no_clear_emotion,0.05468234792351723,0.012961949221789837,0.04188388213515282,0.012788641266524792,0.1418081820011139,0.02046065963804722
facebook,post,1525471922704821,"[EDARAN SEGERA]

Kenyataan Media
Pengerusi Perikatan Nasional

Bagi tujuan menghadapi Pilihan Raya Negeri Johor dan Negeri Sembilan, berdasarkan kuasa yang diperuntukkan di bawah Fasal 8.3 (V), (VI), dan (VII) Perlembagaan Perikatan Nasional, maka dengan ini saya mengumumkan penstrukturan semula pentadbiran Perikatan Nasional, berkuatkuasa serta – merta, seperti berikut:

i) Ketua Pengarah Pilihan Raya, YB Datuk Dr Mohd Radzi bin Md Jidin telah diberhentikan perkhidmatan, dan digantikan dengan YAB Dato’ Seri Haji Muhammad Sanusi bin Md Noor;

ii) Bendahari, YAB Dato’ Seri Haji Muhammad Sanusi bin Md Noor telah diberhentikan perkhidmatan, dan digantikan dengan Tuan Subramaniam A/L Surunaryan; dan

iii) Timbalan Setiausaha Agung, Dato’ Seri Mohamed Azmin bin Ali telah diberhentikan perkhidmatan, bagi memenuhi kehendak Perlembagaan Perikatan Nasional.

Suatu mesyuarat tergempar Majlis Tertinggi Perikatan Nasional akan diadakan dalam masa terdekat bagi memperkukuh organisasi Perikatan Nasional.

Dato’ Seri Ir. Dr. Ahmad Samsuri Mokhtar
Pengerusi Perikatan Nasional

Bertarikh: 17 Jun 2026",https://www.facebook.com/perikatann/posts/pfbid0VseotLwr4URNaf7g4PFtNHtnoRpvu3bdbrrqv9FgwyzVXArEW5tH83PNSFviLuEnl,,,neutral,2026-06-17 15:52:50+00:00,0,0,941,0,0.5,941,2823.0,,,neutral,0.9891387820243835,malay,Malay/Bumiputera,no_clear_emotion,0.1328936517238617,0.07186423242092133,0.055411335080862045,0.08381248265504837,0.05603363737463951,0.0850144699215889
facebook,comment,Y29tbWVudDoxNTI1NDcxOTIyNzA0ODIxXzE2NTc2NjkzMDUyODY4MTg=,Abah tekan button dh lama baru skang terbalik semua 🤣,,https://www.facebook.com/perikatann/posts/pfbid0VseotLwr4URNaf7g4PFtNHtnoRpvu3bdbrrqv9FgwyzVXArEW5tH83PNSFviLuEnl,pfbid0VseotLwr4URNaf7g4PFtNHtnoRpvu3bdbrrqv9FgwyzVXArEW5tH83PNSFviLuEnl,neutral,2026-06-17 16:00:06+00:00,124,0,13,0,0.5,150,,Firdhaus Abu Mansor,0.0,neutral,0.7693076729774475,english,Mixed/Urban,no_clear_emotion,0.12764592468738556,0.05607175827026367,0.0763126090168953,0.014397108927369118,0.052862681448459625,0.04044520482420921
facebook,comment,Y29tbWVudDoxNTI1NDcxOTIyNzA0ODIxXzE1MjkyMzc1MTIyNjI0OTE=,"Big boom 
in the room, 
I go 
kaboom kaboom…berapprappapapapapapapapap",,https://www.facebook.com/perikatann/posts/pfbid0VseotLwr4URNaf7g4PFtNHtnoRpvu3bdbrrqv9FgwyzVXArEW5tH83PNSFviLuEnl,pfbid0VseotLwr4URNaf7g4PFtNHtnoRpvu3bdbrrqv9FgwyzVXArEW5tH83PNSFviLuEnl,positive,2026-06-17 16:43:06+00:00,82,0,1,0,0.879950726032257,84,,Mie Suhaimi Ismail,0.0,positive,0.5998357534408569,english,Mixed/Urban,no_clear_emotion,0.08160046488046646,0.03012840636074543,0.09113171696662903,0.02782355807721615,0.31440985202789307,0.028248997405171394
facebook,comment,Y29tbWVudDoxNTI1NDcxOTIyNzA0ODIxXzEwMjk2MDkzNTk1Nzg2NDQ=,"Seperti mana rakyat meluat dgn UMNO sebelum PRU ke 15 begitu juga rakyat meluat dan benci pada PAS dan RESET kali ini. Insyaallah, jawapan ada pada rakyat yg celik mata dan terbuka minda untuk mengajar ahli politik yg bersifat jahat.",,https://www.facebook.com/perikatann/posts/pfbid0VseotLwr4URNaf7g4PFtNHtnoRpvu3bdbrrqv9FgwyzVXArEW5tH83PNSFviLuEnl,pfbid0VseotLwr4URNaf7g4PFtNHtnoRpvu3bdbrrqv9FgwyzVXArEW5tH83PNSFviLuEnl,negative,2026-06-17 15:59:55+00:00,230,0,78,0,0.0005054712295532449,386,,Adi Rahman Basri,0.0,negative,0.9983150959014893,malay,Malay/Bumiputera,anger,0.3283000886440277,0.021525928750634193,0.10352229326963425,0.0541839599609375,0.2146894633769989,0.031711678951978683
facebook,comment,Y29tbWVudDoxNTI1NDcxOTIyNzA0ODIxXzEzMDM5NTc3NjgxMTQyNjY=,🎶Bagaikan melukut di tepi gantang begitulah bersatu di dalam PN🎶,,https://www.facebook.com/perikatann/posts/pfbid0VseotLwr4URNaf7g4PFtNHtnoRpvu3bdbrrqv9FgwyzVXArEW5tH83PNSFviLuEnl,pfbid0VseotLwr4URNaf7g4PFtNHtnoRpvu3bdbrrqv9FgwyzVXArEW5tH83PNSFviLuEnl,neutral,2026-06-17 19:39:30+00:00,19,0,1,0,0.5,21,,Adimus Putra Yamin,0.0,neutral,0.8579686284065247,english,Mixed/Urban,love,0.09252633899450302,0.02431573159992695,0.08572225272655487,0.03119814582169056,0.4907827377319336,0.023652642965316772
facebook,comment,Y29tbWVudDoxNTI1NDcxOTIyNzA0ODIxXzQxOTc1MzA0OTM4NDU1MTI=,Terbaik.. The Empire Strikes Back,,https://www.facebook.com/perikatann/posts/pfbid0VseotLwr4URNaf7g4PFtNHtnoRpvu3bdbrrqv9FgwyzVXArEW5tH83PNSFviLuEnl,pfbid0VseotLwr4URNaf7g4PFtNHtnoRpvu3bdbrrqv9FgwyzVXArEW5tH83PNSFviLuEnl,neutral,2026-06-17 16:03:16+00:00,22,0,0,0,0.5,22,,Nik Nik,0.0,neutral,0.6185691356658936,english,Mixed/Urban,happy,0.024244366213679314,0.031110083684325218,0.5306249856948853,0.014203900471329689,0.24176529049873352,0.04312823340296745
facebook,comment,Y29tbWVudDoxNTI1NDcxOTIyNzA0ODIxXzI3MTcxOTE2NjI5MTMwMDc3,Telah tunjukkan belangnya.. khianat dan zalim. Wajah sebenar... Kami rakyat sedang perhati...  Topeng Islam....,,https://www.facebook.com/perikatann/posts/pfbid0VseotLwr4URNaf7g4PFtNHtnoRpvu3bdbrrqv9FgwyzVXArEW5tH83PNSFviLuEnl,pfbid0VseotLwr4URNaf7g4PFtNHtnoRpvu3bdbrrqv9FgwyzVXArEW5tH83PNSFviLuEnl,negative,2026-06-17 16:28:34+00:00,127,0,31,0,0.0004808485507964977,189,,Abdul Rahim Sahar,0.0,negative,0.998397171497345,malay,Malay/Bumiputera,anger,0.2803398370742798,0.026895003393292427,0.06120210513472557,0.09029076993465424,0.23056790232658386,0.03607674688100815
facebook,comment,Y29tbWVudDoxNTI1NDcxOTIyNzA0ODIxXzE1NTA0NDAwMjk5NDI5MzI=,"Alhamdulillah, matlamat PAS untuk menguasai jawatan Pengerusi PN akhirnya tercapai.

Bila sudah pegang jawatan tersebut, kuasa digunakan untuk menekan dan menyingkirkan pemimpin Bersatu yang tidak sehaluan dengan kehendak PAS.

Jelas kelihatan bagaimana PAS mempergunakan parti lain seperti Bersatu untuk mengukuhkan pengaruh sendiri—melalui kemenangan dan penguasaan negeri seperti Perlis, Kedah dan Terengganu, sambil terus mengekalkan Kelantan.

Rakyat Malaysia bukan buta. Apa yang berlaku menunjukkan perjuangan PAS bukanlah soal perpaduan ummah, tetapi lebih kepada kepentingan politik parti itu sendiri.

Semoga Pas kalah dalam pilihanraya negeri Johor negeri sembilan dan juga pilihanraya umum ke 16",,https://www.facebook.com/perikatann/posts/pfbid0VseotLwr4URNaf7g4PFtNHtnoRpvu3bdbrrqv9FgwyzVXArEW5tH83PNSFviLuEnl,pfbid0VseotLwr4URNaf7g4PFtNHtnoRpvu3bdbrrqv9FgwyzVXArEW5tH83PNSFviLuEnl,negative,2026-06-17 21:26:44+00:00,54,0,14,0,0.0004818141460418701,82,,Chazali Hashim,0.0,negative,0.9983939528465271,malay,Malay/Bumiputera,no_clear_emotion,0.09056362509727478,0.0963958129286766,0.09116531163454056,0.10801179707050323,0.2234669327735901,0.0589868538081646
facebook,comment,Y29tbWVudDoxNTI1NDcxOTIyNzA0ODIxXzg0NDU5ODA1ODM4OTAzNQ==,Menurut Perintah Rusila ✅,,https://www.facebook.com/perikatann/posts/pfbid0VseotLwr4URNaf7g4PFtNHtnoRpvu3bdbrrqv9FgwyzVXArEW5tH83PNSFviLuEnl,pfbid0VseotLwr4URNaf7g4PFtNHtnoRpvu3bdbrrqv9FgwyzVXArEW5tH83PNSFviLuEnl,neutral,2026-06-17 15:55:00+00:00,82,0,6,0,0.5,94,,Famy Lennon,0.0,neutral,0.7144750952720642,english,Mixed/Urban,love,0.056556619703769684,0.012211188673973083,0.02628643810749054,0.02502601221203804,0.742941677570343,0.017854386940598488
facebook,comment,Y29tbWVudDoxNTI1NDcxOTIyNzA0ODIxXzg2NTI0MjMxNjY1MzY3OQ==,Dah tak duduk sekali betul dah pengerusi PN buat..baru ni Muhyiddin jugak letak jawatan pengerusi sekarang ni dah tak da apa dah mu.. sekarang pengerusi baru dia yg ada kuasa nak pecat nak ganti orang lain terpulang kepada pengerusi PN..,,https://www.facebook.com/perikatann/posts/pfbid0VseotLwr4URNaf7g4PFtNHtnoRpvu3bdbrrqv9FgwyzVXArEW5tH83PNSFviLuEnl,pfbid0VseotLwr4URNaf7g4PFtNHtnoRpvu3bdbrrqv9FgwyzVXArEW5tH83PNSFviLuEnl,negative,2026-06-17 16:18:56+00:00,58,0,3,0,0.033897632360458396,64,,Mohd Azriey Ismail,0.0,negative,0.8870078921318054,multilingual,Unknown,surprise,0.044104743748903275,0.12362325936555862,0.021986454725265503,0.18386971950531006,0.11156853288412094,0.3365880250930786
facebook,comment,Y29tbWVudDoxNTI1NDcxOTIyNzA0ODIxXzE3NDM3OTgyMTAwNjIwNTI=,"PAS tikam kawan,",,https://www.facebook.com/perikatann/posts/pfbid0VseotLwr4URNaf7g4PFtNHtnoRpvu3bdbrrqv9FgwyzVXArEW5tH83PNSFviLuEnl,pfbid0VseotLwr4URNaf7g4PFtNHtnoRpvu3bdbrrqv9FgwyzVXArEW5tH83PNSFviLuEnl,neutral,2026-06-17 16:07:18+00:00,57,0,14,0,0.5,85,,Mohd Syahmi,0.0,neutral,0.8220525979995728,english,Mixed/Urban,love,0.13507600128650665,0.04157642647624016,0.07529474049806595,0.03315340727567673,0.5488511919975281,0.02701219543814659
facebook,post,1300060612305144,"𝐊𝐄𝐍𝐘𝐀𝐓𝐀𝐀𝐍 𝐌𝐄𝐃𝐈𝐀
𝐏𝐈𝐋𝐈𝐇𝐀𝐍 𝐑𝐀𝐘𝐀 𝐍𝐄𝐆𝐄𝐑𝐈, 𝐍𝐄𝐆𝐄𝐑𝐈 𝐒𝐄𝐌𝐁𝐈𝐋𝐀𝐍 𝐊𝐄-𝟏𝟔

1 UMNO Negeri Sembilan akan menyertai Pilihan Raya Negeri (PRN), rentetan daripada pembubaran Dewan Undangan Negeri (DUN) Negeri Sembilan oleh YAB Menteri Besar pada lewat malam 4 Jun 2026.

2 Ini merupakan amalan demokrasi yang harus diraikan. Bagi UMNO Negeri Sembilan, perkembangan ini sebagai suatu usaha kita bersama dalam memelihara untung nasib rakyat negeri kita.

3 Sebagai parti yang berteraskan pembelaan kepada rakyat tanpa mengira bangsa, maka UMNO-Barisan Nasional Negeri Sembilan bersedia untuk meletakkan calon di 36 kerusi yang akan dipertandingkan.

4 Senarai pendek calon-calon UMNO-Barisan Nasional Negeri Sembilan akan diserahkan untuk diputuskan oleh YAB Presiden parti dalam masa terdekat.

5 UMNO-Barisan Nasional Negeri Sembilan mengemukakan calon-calon yang berkaliber, berwibawa dan pro-rakyat, membabitkan mereka yang berpengalaman, orang muda dan wanita dengan latar belakang pendidikan serta kepakaran yang pelbagai.

6 Penglibatan komponen Barisan Nasional dalam PRN kali ini juga adalah bergantung kepada perbincangan dan keputusan pucuk pimpinan parti.

Sekian.

𝐘𝐁 𝐃𝐀𝐓𝐔𝐊 𝐒𝐄𝐑𝐈 𝐉𝐀𝐋𝐀𝐋𝐔𝐃𝐃𝐈𝐍 𝐁𝐈𝐍 𝐀𝐋𝐈𝐀𝐒
𝐏𝐞𝐧𝐠𝐞𝐫𝐮𝐬𝐢 𝐁𝐚𝐝𝐚𝐧 𝐏𝐞𝐫𝐡𝐮𝐛𝐮𝐧𝐠𝐚𝐧 𝐔𝐌𝐍𝐎 𝐍𝐞𝐠𝐞𝐫𝐢 𝐒𝐞𝐦𝐛𝐢𝐥𝐚𝐧
6 Jun 2026 / 20 Zulhijjah 1447H",https://www.facebook.com/umnoperhubungan.negerisembilan/posts/pfbid0FTye6mMW1zaYKNsCz7iFxqcr9TQc1u9MM9Pd6yDqUzmCwRYLa3BUy87EegqvBuRzl,,,positive,2026-06-06 09:27:20+00:00,0,0,362,0,0.9873771131038664,362,1086.0,,,positive,0.9579237103462219,malay,Malay/Bumiputera,no_clear_emotion,0.09135688841342926,0.04418430104851723,0.1023455485701561,0.03411286696791649,0.10003798454999924,0.03624238073825836
facebook,comment,Y29tbWVudDoxMzAwMDYwNjEyMzA1MTQ0XzE1MzA3MTc0NTU0Mzk1MzU=,Jgn bori undi samo Jalal.. ni la muka yg suruh Dato Najid lotak jawatan dan ni la muko orang petamo bg sd pado Din sombab jd pm.. ni la sobenar eh pengkhianat,,https://www.facebook.com/umnoperhubungan.negerisembilan/posts/pfbid0FTye6mMW1zaYKNsCz7iFxqcr9TQc1u9MM9Pd6yDqUzmCwRYLa3BUy87EegqvBuRzl,pfbid0FTye6mMW1zaYKNsCz7iFxqcr9TQc1u9MM9Pd6yDqUzmCwRYLa3BUy87EegqvBuRzl,neutral,2026-06-06 09:56:01+00:00,116,0,8,0,0.5,132,,Razaman Abu Bakar,0.0,neutral,0.8297200202941895,english,Mixed/Urban,love,0.22966083884239197,0.023395588621497154,0.0796707272529602,0.07785935699939728,0.2961871922016144,0.03537074103951454
facebook,comment,Y29tbWVudDoxMzAwMDYwNjEyMzA1MTQ0Xzk5NTIwMzY0NjQ1MTQ5Mg==,"𝗕𝗜𝗟𝗔 𝗢𝗥𝗔𝗡𝗚 𝗣𝗢𝗟𝗜𝗧𝗜𝗞 𝗠𝗘𝗡𝗨𝗡𝗚𝗚𝗔𝗡𝗚 𝗞𝗥𝗜𝗦𝗜𝗦 𝗥𝗔𝗝𝗔 𝗡𝗘𝗚𝗘𝗥𝗜 𝗦𝗘𝗠𝗕𝗜𝗟𝗔𝗡, 𝗦𝗘𝗠𝗨𝗔 𝗗𝗜𝗟𝗔𝗡𝗚𝗚𝗔𝗥

1. Bila nampak kelibat Rais Yatim dan Chegubard bersama pihak yang mahu menabalkan Yamtuan Besar yang baru, saya kata, makin kusut dan rosaklah reputasi Raja dan Undang di Negeri Sembilan ni.

2. Kemudian Pemuda PAS pula sudah awal-awal lagi menguar-uarkan di FB bahawa Yamtuan Besar yang baru telah dimasyhurkan, sedangkan kedudukan Tuanku Muhriz masih kekal. Ini satu penderhakaan. 

3. Malah wartawan Harakahdaily kata, dia rasa berbangga dapat buat live streaming istiadat permasyhuran Yamtuan Besar yang baru.

4. Pendirian Kerajaan Persekutuan pula jelas kekal mengiktiraf Tuanku Muhriz sebagai Yang di-Pertuan Besar dan menegaskan bahawa sebarang proses perlucutan dan permasyhuran perlu mematuhi Perlembagaan Negeri Sembilan sesuai dengan kemuliaan institusi Raja-Raja Melayu.

5. Membuat permasyhuran di sebuah hotel di Melaka ketika pertikaian masih berlangsung hanya menambahkan kekeliruan dan menjejaskan kemuliaan institusi itu. 

6. Bagaimana boleh dimasyhurkan Yamtuan Besar yang baru jika Yamtuan Besar yang lama masih berada di atas takhta?

7. Undang memang mempunyai kuasa memilih atau menurunkan Yamtuan Besar, dan Menteri Besar tidak terlibat dalam membuat keputusan adat tersebut. 

8. Namun, Perlembagaan Negeri Sembilan mensyaratkan bahawa selepas keputusan dibuat, proklamasi hendaklah ditandatangani dan diumumkan oleh Undang DAN Menteri Besar. Proses inilah yang tidak dilalui dan kini menjadi pertikaian utama. Jadi, bagaimana boleh dikatakan takhta itu telah dikosongkan? Inilah 'jantung' kepada keseluruhan krisis ini.

9. Kenapa dilucutkan Yamtuan Besar tanpa apa-apa alasan? Jika ada alasan sekalipun, adakah alasan itu sah selari seperti yang diperuntukkan oleh Perlembagaan?

10. Tentu sekali ramai 'pakar' sudah mengulas. Namun akhirnya, Mahkamah yang perlu menentukan sama ada kehendak Perlembagaan Negeri Sembilan telah dipatuhi atau tidak.

11. Pada jam 11 pagi hari yang sama, Mahkamah Tinggi telah membenarkan permohonan injunksi ad interim oleh Setiausaha Dewan Keadilan dan Undang (DKU) terhadap enam pihak (Undang) berkaitan pertikaian ini. 

12. Antara lain, injunksi tersebut menghalang mereka daripada mengadakan sebarang mesyuarat atau sidang khas DKU, menghalang fungsi Setiausaha DKU diambil alih oleh pihak lain, dan menghalang usaha melucutkan jawatan Setiausaha DKU.

13. Rais Yatim mendakwa Sidang Khas DKU berkaitan permasyhuran tetap sah kerana dibuat sebelum keputusan injunksi Mahkamah pada pukul 11 pagi. Namun dia lupa, Mahkamah juga memerintahkan agar status quo pentadbiran dikekalkan sama seperti sebelum 21 Mei. 

14. Jika bukan Setiausaha DKU, siapakah yang memanggil sidang khas semalam? Rais Yatimkah? Dan jika ia benar-benar Sidang Khas DKU, siapakah yang mempengerusikannya sedangkan Yang di-Pertuan Besar merupakan Pengerusi DKU yang sah manakala Undang hanyalah ahli-ahlinya?

15. Oleh kerana ""Sidang Khas"" itu tetap diteruskan, Setiausaha DKU mengumumkan akan memulakan prosiding menghina mahkamah (contempt of court) terhadap pihak terbabit kerana melanggar perintah injunksi.

16. Mahkamah memang tidak boleh campur tangan dalam keputusan adat yang diperuntukkan sebagai muktamad. Tetapi, Mahkamah mempunyai bidang kuasa sepenuhnya untuk menentukan sama ada Perlembagaan bertulis telah dipatuhi atau tidak.

17. Apabila orang politik seperti Chegubard, Rais Yatim, dan parti-parti tertentu yang kononnya pejuang Melayu menjadi batu api dalam krisis sebegini, yang rugi akhirnya ialah institusi diraja itu sendiri. 

18. Pada tahun 1993, Annuar Musa (ketika masih bersama UMNO) pernah terlibat menabalkan Sultan Kelantan baharu di bawah pokok di Ketereh. 

19.  Akhirnya nanti, jangan sampai nasib mereka yang ditunggangi menjadi sama seperti kes ""abang belon"" — dipergunakan, dipertontonkan, kemudian ditinggalkan begitu sahaja.",,https://www.facebook.com/umnoperhubungan.negerisembilan/posts/pfbid0FTye6mMW1zaYKNsCz7iFxqcr9TQc1u9MM9Pd6yDqUzmCwRYLa3BUy87EegqvBuRzl,pfbid0FTye6mMW1zaYKNsCz7iFxqcr9TQc1u9MM9Pd6yDqUzmCwRYLa3BUy87EegqvBuRzl,negative,2026-06-06 10:37:40+00:00,68,0,19,0,0.0004855513572692982,106,,Mohd Nor Md Sani,0.0,negative,0.998381495475769,malay,Malay/Bumiputera,anger,0.22964036464691162,0.1069537028670311,0.09860905259847641,0.11336582154035568,0.18340745568275452,0.04084545373916626
facebook,comment,Y29tbWVudDoxMzAwMDYwNjEyMzA1MTQ0XzIyNDg3OTY2MzI1NzE2NTA=,"MASA utk benamkan umno/bn setelah diberi nyawa tapi tikam belakang Dan derhaka kpd YDBN9 
#LTL",,https://www.facebook.com/umnoperhubungan.negerisembilan/posts/pfbid0FTye6mMW1zaYKNsCz7iFxqcr9TQc1u9MM9Pd6yDqUzmCwRYLa3BUy87EegqvBuRzl,pfbid0FTye6mMW1zaYKNsCz7iFxqcr9TQc1u9MM9Pd6yDqUzmCwRYLa3BUy87EegqvBuRzl,negative,2026-06-06 10:19:33+00:00,102,0,3,0,0.0005073308944701926,108,,Raman Ismail,0.0,negative,0.9983088970184326,malay,Malay/Bumiputera,no_clear_emotion,0.09252475947141647,0.045616522431373596,0.060378268361091614,0.04047533869743347,0.2741137444972992,0.03404134139418602
facebook,comment,Y29tbWVudDoxMzAwMDYwNjEyMzA1MTQ0XzIzNTc5OTIzODgwNTY4MTM=,Aku pengundi N9 akan tolak parti petualang bangsa ni 👎🏻👎🏻,,https://www.facebook.com/umnoperhubungan.negerisembilan/posts/pfbid0FTye6mMW1zaYKNsCz7iFxqcr9TQc1u9MM9Pd6yDqUzmCwRYLa3BUy87EegqvBuRzl,pfbid0FTye6mMW1zaYKNsCz7iFxqcr9TQc1u9MM9Pd6yDqUzmCwRYLa3BUy87EegqvBuRzl,positive,2026-06-06 11:09:51+00:00,62,0,5,0,0.8412378892302512,72,,Rusli,0.0,positive,0.4707929641008377,multilingual,Unknown,love,0.1704205721616745,0.014499307610094547,0.05461554229259491,0.03156835213303566,0.3592216968536377,0.027166828513145447
facebook,comment,Y29tbWVudDoxMzAwMDYwNjEyMzA1MTQ0XzI3MDc3MDY3NTE1Mjc3NjAy,"Didoakan agar pimpinan parti yg mengharu-birukan institusi raja Melayu di NS terbenam lemas dlm PRN kali ni.

#daulattuankumukhriz",,https://www.facebook.com/umnoperhubungan.negerisembilan/posts/pfbid0FTye6mMW1zaYKNsCz7iFxqcr9TQc1u9MM9Pd6yDqUzmCwRYLa3BUy87EegqvBuRzl,pfbid0FTye6mMW1zaYKNsCz7iFxqcr9TQc1u9MM9Pd6yDqUzmCwRYLa3BUy87EegqvBuRzl,negative,2026-06-06 10:35:50+00:00,67,0,3,0,0.06465294063091279,73,,Malek Al Monchehi,0.0,negative,0.7844901978969574,multilingual,Unknown,love,0.043203964829444885,0.07015407085418701,0.3402572572231293,0.02071004919707775,0.3728230595588684,0.030296368524432182
facebook,comment,Y29tbWVudDoxMzAwMDYwNjEyMzA1MTQ0XzE3NDUwMDY5ODY1MzAzODA=,Jangan mimpilah..org NS masih sayangkan Mb & YTB Tuanku Mukhriz..muka2 penderhaka tetap menerima pembalasan..,,https://www.facebook.com/umnoperhubungan.negerisembilan/posts/pfbid0FTye6mMW1zaYKNsCz7iFxqcr9TQc1u9MM9Pd6yDqUzmCwRYLa3BUy87EegqvBuRzl,pfbid0FTye6mMW1zaYKNsCz7iFxqcr9TQc1u9MM9Pd6yDqUzmCwRYLa3BUy87EegqvBuRzl,negative,2026-06-06 12:22:25+00:00,44,0,2,0,0.10558854639530182,48,,Raja Aot,0.0,negative,0.6480381786823273,multilingual,Unknown,love,0.09453695267438889,0.06730984896421432,0.039342593401670456,0.14655698835849762,0.5554060935974121,0.04838656634092331
facebook,comment,Y29tbWVudDoxMzAwMDYwNjEyMzA1MTQ0XzEwMDkxNTM0ODgzNjM4MTM=,Ramai yg nak undi BN dah UTURN ke PH selepas peristiwa langkah Jalal,,https://www.facebook.com/umnoperhubungan.negerisembilan/posts/pfbid0FTye6mMW1zaYKNsCz7iFxqcr9TQc1u9MM9Pd6yDqUzmCwRYLa3BUy87EegqvBuRzl,pfbid0FTye6mMW1zaYKNsCz7iFxqcr9TQc1u9MM9Pd6yDqUzmCwRYLa3BUy87EegqvBuRzl,neutral,2026-06-06 11:06:53+00:00,57,0,5,0,0.5,67,,Zulrisyah Zulkafli,0.0,neutral,0.838225781917572,english,Mixed/Urban,no_clear_emotion,0.025763537734746933,0.013937492854893208,0.02491307072341442,0.031555019319057465,0.2515513300895691,0.09945927560329437
facebook,comment,Y29tbWVudDoxMzAwMDYwNjEyMzA1MTQ0XzE1MDY4Nzk3MDE0NTE4OTk=,"Alhamdulillah 
Semoga UMNO N9 bungkus seperti UMNO Perlis kedah Penang Kelantan Terengganu dan Selangor",,https://www.facebook.com/umnoperhubungan.negerisembilan/posts/pfbid0FTye6mMW1zaYKNsCz7iFxqcr9TQc1u9MM9Pd6yDqUzmCwRYLa3BUy87EegqvBuRzl,pfbid0FTye6mMW1zaYKNsCz7iFxqcr9TQc1u9MM9Pd6yDqUzmCwRYLa3BUy87EegqvBuRzl,neutral,2026-06-06 11:18:13+00:00,35,0,6,0,0.5,47,,Chazali Hashim,0.0,neutral,0.6567844748497009,english,Mixed/Urban,love,0.053597088903188705,0.024836715310811996,0.28958579897880554,0.019128914922475815,0.453613817691803,0.020283740013837814
facebook,comment,Y29tbWVudDoxMzAwMDYwNjEyMzA1MTQ0XzkzMzg3OTcyNjI3MzQ3OQ==,insyaallah rakyat n9 akan ajar pilihanraya ini secukupnya,,https://www.facebook.com/umnoperhubungan.negerisembilan/posts/pfbid0FTye6mMW1zaYKNsCz7iFxqcr9TQc1u9MM9Pd6yDqUzmCwRYLa3BUy87EegqvBuRzl,pfbid0FTye6mMW1zaYKNsCz7iFxqcr9TQc1u9MM9Pd6yDqUzmCwRYLa3BUy87EegqvBuRzl,positive,2026-06-06 10:10:52+00:00,24,0,3,0,0.9994074821472168,30,,Muhamad Idrus,0.0,positive,0.9980249404907227,malay,Malay/Bumiputera,happy,0.035235654562711716,0.056164778769016266,0.4299595355987549,0.018255652859807014,0.3323237895965576,0.023760443553328514
facebook,comment,Y29tbWVudDoxMzAwMDYwNjEyMzA1MTQ0XzEwMjU2ODAyMjY3ODQwOTE=,Masa yang sesuai..benam kan UMNO negeri sembilan dalam2.. UMNO Punca krisis di negeri sembilan,,https://www.facebook.com/umnoperhubungan.negerisembilan/posts/pfbid0FTye6mMW1zaYKNsCz7iFxqcr9TQc1u9MM9Pd6yDqUzmCwRYLa3BUy87EegqvBuRzl,pfbid0FTye6mMW1zaYKNsCz7iFxqcr9TQc1u9MM9Pd6yDqUzmCwRYLa3BUy87EegqvBuRzl,negative,2026-06-06 12:34:46+00:00,18,0,2,0,0.00965738296508789,22,,Haris Ismail,0.0,negative,0.967808723449707,malay,Malay/Bumiputera,anger,0.3729970157146454,0.08879194408655167,0.10484416782855988,0.09505222737789154,0.1453014761209488,0.01999378576874733
facebook,post,2250006149075803,"PRU Negeri Sembilan: Nampaknya PH memang dah semakin kukuh?

Pilihan Raya Negeri Sembilan masih belum tiba, tetapi melihat kepada Majlis Pelancaran Jentera Pilihan Raya Pakatan Harapan yang berlangsung di Seremban baru-baru ini, ramai mula rasa keyakinan PH semakin kuat.

Dewan Karisma Arena malam itu memang meriah. Penyokong, ahli parti dan pimpinan dari seluruh Negeri Sembilan turun padang memenuhi dewan. Suasana cukup hidup dengan sorakan, tepukan dan semangat yang jelas dapat dirasai.

Dalam politik, sebelum hari mengundi tiba, apa yang paling penting bukanlah siapa yang paling kuat berucap atau paling banyak slogan. Yang lebih penting ialah sama ada akar umbi masih bersemangat, penyokong masih sanggup hadir, dan jentera pilihan raya masih mampu bergerak dengan penuh tenaga.

Daripada apa yang dapat dilihat malam itu, PH nampaknya berjaya menunjukkan ketiga-tiga perkara tersebut.

Pimpinan yang hadir turut menyeru semua ahli supaya mengenepikan kepentingan peribadi dan memberi sokongan penuh kepada setiap calon Pakatan Harapan yang bakal bertanding di 36 kerusi DUN. Mesejnya jelas — ini bukan soal individu, tetapi soal kemenangan pasukan.

Secara jujurnya, Negeri Sembilan sememangnya antara kubu kuat Pakatan Harapan sejak sekian lama. Dari segi organisasi parti, rangkaian akar umbi, pengalaman mentadbir serta sokongan yang dibina selama bertahun-tahun, PH masih mempunyai asas yang kukuh.

Tambahan pula dengan kerjasama dalam Kerajaan Perpaduan ketika ini, ramai pemerhati politik melihat PH mempunyai kelebihan tertentu berbanding pencabar mereka.

Sudah tentu dalam politik tiada kemenangan yang boleh dianggap terjamin. Akhirnya rakyat juga yang akan membuat keputusan berdasarkan prestasi kerajaan, isu setempat dan calon yang ditampilkan.

Namun jika dilihat pada sambutan, semangat penyokong dan kekuatan jentera yang dipamerkan pada malam tersebut, satu perkara nampak cukup jelas.

Pakatan Harapan tidak menunjukkan tanda-tanda mahu memperlahankan langkah. Sebaliknya mereka kelihatan sudah memasuki mod pilihan raya lebih awal.

Sebab itu ramai yang mula beranggapan bahawa jika tiada kejutan besar berlaku, peluang Pakatan Harapan untuk terus mempertahankan Negeri Sembilan memang agak cerah.

Buat masa ini, suasana yang dapat dilihat bukan lagi sekadar ""ada peluang menang"", tetapi sudah mula memberi gambaran bahawa PH sedang berada dalam kedudukan yang cukup selesa untuk mempertahankan negeri ini.",https://www.facebook.com/groups/717728942303539/posts/2250006149075803/,,,negative,2026-06-13 09:20:33+00:00,0,0,201,0,0.0005011260509490967,201,603.0,,,negative,0.9983295798301697,malay,Malay/Bumiputera,happy,0.02831263840198517,0.17897818982601166,0.4757748544216156,0.020405888557434082,0.06676563620567322,0.08279405534267426
facebook,comment,Y29tbWVudDoyMjUwMDA2MTQ5MDc1ODAzXzIyNTAwMjM3NjI0MDczNzU=,"Boleh!
Berambus...",,https://www.facebook.com/groups/717728942303539/posts/2250006149075803/,2250006149075803,neutral,2026-06-13 09:22:45+00:00,17,0,4,0,0.5,25,,An Naz Czar,0.0,neutral,0.9976093769073486,malay,Malay/Bumiputera,love,0.1482217013835907,0.08866025507450104,0.11594393104314804,0.06310204416513443,0.29729151725769043,0.05895090848207474
facebook,comment,Y29tbWVudDoyMjUwMDA2MTQ5MDc1ODAzXzIyNTAwMjQ0MTU3NDA2NDM=,,,https://www.facebook.com/groups/717728942303539/posts/2250006149075803/,2250006149075803,neutral,2026-06-13 09:23:42+00:00,8,0,0,0,0.5,8,,Ryan Yan,0.0,neutral,0.0,unknown,Unknown,neutral,0.0,0.0,0.0,0.0,0.0,0.0
facebook,comment,Y29tbWVudDoyMjUwMDA2MTQ5MDc1ODAzXzIyNTAwMjg5MTkwNzM1MjY=,Kita boleh....... Kalah 🤣,,https://www.facebook.com/groups/717728942303539/posts/2250006149075803/,2250006149075803,negative,2026-06-13 09:30:11+00:00,5,0,0,0,0.08664174377918243,5,,Rosli Ita Roslita,0.0,negative,0.7111941874027252,multilingual,Unknown,fear,0.028057826682925224,0.2883222997188568,0.2755013406276703,0.10123462229967117,0.1402411013841629,0.09892360866069794
facebook,comment,Y29tbWVudDoyMjUwMDA2MTQ5MDc1ODAzXzIyNTAwMjk0ODU3NDAxMzY=,Jangan dibaca diluar gelanggang apabila bertemu didalam gelanggang nanti baru kita semua tahu siapa sebenar juara gelanggang.,,https://www.facebook.com/groups/717728942303539/posts/2250006149075803/,2250006149075803,positive,2026-06-13 09:31:11+00:00,0,0,0,0,0.84380893856287,0,,Ahmad Daud,0.0,positive,0.4793631285429001,multilingual,Unknown,no_clear_emotion,0.018535347655415535,0.04752891883254051,0.027212847024202347,0.029079928994178772,0.07442864775657654,0.24061691761016846
facebook,comment,Y29tbWVudDoyMjUwMDA2MTQ5MDc1ODAzXzIyNTAwMzA0MTI0MDY3MTA=,"Masuk bakul angkat lah sendiri, hanya jadi Boneka DAP Aja lah , Sa lagi kau jadi PM .",,https://www.facebook.com/groups/717728942303539/posts/2250006149075803/,2250006149075803,negative,2026-06-13 09:32:21+00:00,0,0,0,0,0.06682915091514588,0,,Ahmad Jorami,0.0,negative,0.7772361636161804,multilingual,Unknown,no_clear_emotion,0.01730315573513508,0.017634861171245575,0.033181123435497284,0.01816161908209324,0.2800603210926056,0.05847125127911568
facebook,comment,Y29tbWVudDoyMjUwMDA2MTQ5MDc1ODAzXzIyNTAwMzE4OTkwNzMyMjg=,Kita tguuuuu dn lihatttt 😂😂,,https://www.facebook.com/groups/717728942303539/posts/2250006149075803/,2250006149075803,neutral,2026-06-13 09:34:20+00:00,4,0,0,0,0.5,4,,Meon Japar,0.0,neutral,0.6657429337501526,english,Mixed/Urban,love,0.03391730412840843,0.02993779070675373,0.025316348299384117,0.03688254952430725,0.7817729711532593,0.03595031797885895
facebook,comment,Y29tbWVudDoyMjUwMDA2MTQ5MDc1ODAzXzIyNTAwMzkyMzkwNzI0OTQ=,X lama lagi licin lah tu,,https://www.facebook.com/groups/717728942303539/posts/2250006149075803/,2250006149075803,neutral,2026-06-13 09:44:21+00:00,0,0,0,0,0.5,0,,Shafie Muda,0.0,neutral,0.8552523255348206,english,Mixed/Urban,fear,0.046416375786066055,0.6385393738746643,0.039887476712465286,0.07276508957147598,0.048477571457624435,0.1291385143995285
facebook,comment,Y29tbWVudDoyMjUwMDA2MTQ5MDc1ODAzXzIyNTAwNDA0OTU3MzkwMzU=,"Ya ka? kukuh, Klau kukoh bubar perlimen,",,https://www.facebook.com/groups/717728942303539/posts/2250006149075803/,2250006149075803,neutral,2026-06-13 09:46:26+00:00,0,0,0,0,0.5,0,,Zulaimi Abdullah,0.0,neutral,0.8503391742706299,english,Mixed/Urban,love,0.12472713738679886,0.03037278540432453,0.04167834296822548,0.0280375424772501,0.6096673607826233,0.02262551710009575
facebook,comment,Y29tbWVudDoyMjUwMDA2MTQ5MDc1ODAzXzIyNTAwNDMzMDkwNzIwODc=,Parti Sakau,,https://www.facebook.com/groups/717728942303539/posts/2250006149075803/,2250006149075803,neutral,2026-06-13 09:50:34+00:00,0,0,0,0,0.5,0,,Rahimi Saad,0.0,neutral,0.6558566689491272,english,Mixed/Urban,love,0.22379513084888458,0.053629547357559204,0.10957170277833939,0.02846788801252842,0.29882940649986267,0.030410468578338623
facebook,comment,Y29tbWVudDoyMjUwMDA2MTQ5MDc1ODAzXzIyNTAwNDM1ODI0MDUzOTM=,,,https://www.facebook.com/groups/717728942303539/posts/2250006149075803/,2250006149075803,neutral,2026-06-13 09:50:56+00:00,0,0,0,0,0.5,0,,Rahimi Saad,0.0,neutral,0.0,unknown,Unknown,neutral,0.0,0.0,0.0,0.0,0.0,0.0
facebook,post,995098999779362,"LIVE : 
Sidang Media Pilihan Raya Umum Dewan Negeri Johor Ke-16 & Pilihan Raya Umum Dewan Negeri Negeri Sembilan Ke-16",https://www.facebook.com/sprgovmy/videos/995098999779362/,,,neutral,2026-06-12 03:18:57+00:00,0,0,195,0,0.5,195,585.0,,,neutral,0.9976930022239685,malay,Malay/Bumiputera,no_clear_emotion,0.028759777545928955,0.010281771421432495,0.05293287709355354,0.015987016260623932,0.09709883481264114,0.020628148689866066
facebook,comment,Y29tbWVudDo5OTUwOTg5OTk3NzkzNjJfMTU1MTkwMjI1NjMwNTQ0OQ==,Kalau saya tukar tempat mengundi skrg sempat ke pakai untuk pilihanraya ni..khusus n9?,,https://www.facebook.com/sprgovmy/videos/995098999779362/,,neutral,2026-06-12 03:36:14+00:00,0,0,3,0,0.5,6,,Aqil Azini,0.0,neutral,0.9672000408172607,malay,Malay/Bumiputera,surprise,0.01339646801352501,0.14408038556575775,0.01754574291408062,0.01850762404501438,0.03472142666578293,0.6776325106620789
facebook,comment,Y29tbWVudDo5OTUwOTg5OTk3NzkzNjJfMTQxMDA2ODM4MTE3MzMxMQ==,Nak tahu jika tarikh prn johor jatuh pada tarikh wedding anak saudara di  temerloh boleh ke saya mohon undi awal,,https://www.facebook.com/sprgovmy/videos/995098999779362/,,negative,2026-06-12 03:44:48+00:00,1,0,6,0,0.014019137620925881,13,,Rizar Mohd Noor,0.0,negative,0.9532695412635803,malay,Malay/Bumiputera,surprise,0.01926177553832531,0.0648888424038887,0.021626504138112068,0.056447338312864304,0.18335290253162384,0.5956098437309265
facebook,comment,Y29tbWVudDo5OTUwOTg5OTk3NzkzNjJfMTAwMDU3MjI1MjM3OTE4Mw==,"Bila nk abih mesyuarat, nk g hampar sejadah plak ni",,https://www.facebook.com/sprgovmy/videos/995098999779362/,,negative,2026-06-12 03:23:13+00:00,1,0,2,0,0.0018381714820862038,5,,Ajinamoto Masin,0.0,negative,0.9938727617263794,malay,Malay/Bumiputera,no_clear_emotion,0.027930065989494324,0.024747343733906746,0.025441735982894897,0.011846160516142845,0.1423858404159546,0.07849030196666718
facebook,comment,Y29tbWVudDo5OTUwOTg5OTk3NzkzNjJfMjQ5NDg5MTQzNDMwNjQxMg==,Masih ade kosong LG ke untuk petugas spr,,https://www.facebook.com/sprgovmy/videos/995098999779362/,,positive,2026-06-18 13:01:52+00:00,0,0,0,0,0.8175412520766258,0,,Nur Kasih,0.0,positive,0.39180417358875275,multilingual,Unknown,fear,0.07689554989337921,0.4055076241493225,0.021642297506332397,0.10275881737470627,0.12247013300657272,0.13849005103111267
facebook,comment,Y29tbWVudDo5OTUwOTg5OTk3NzkzNjJfMTU0NDkyMzYzMzkzNTkxMw==,Bila tarikh ngundi??,,https://www.facebook.com/sprgovmy/videos/995098999779362/,,negative,2026-06-12 05:13:12+00:00,0,0,0,0,0.09330592453479766,0,,Dak Angah,0.0,negative,0.6889802515506744,multilingual,Unknown,love,0.07723130285739899,0.026509925723075867,0.08104947954416275,0.020998863503336906,0.5511144399642944,0.01779712364077568
facebook,comment,Y29tbWVudDo5OTUwOTg5OTk3NzkzNjJfMTUxMTAyNzc4MDgwNTAzNg==,Boleh bgi link nk jdi petugas spr negeri nnti,,https://www.facebook.com/sprgovmy/videos/995098999779362/,,positive,2026-06-14 06:45:23+00:00,0,0,0,0,0.8122044652700424,0,,Abdul Rahman Mahad,0.0,positive,0.37401488423347473,multilingual,Unknown,surprise,0.01147382240742445,0.05510263890028,0.09134060144424438,0.022076638415455818,0.1295880377292633,0.44299909472465515
facebook,comment,Y29tbWVudDo5OTUwOTg5OTk3NzkzNjJfMjQ1NDY5Mzk4NTAxMTc4NA==,Saya nk tkr pusat mengundi boleh lagi ke,,https://www.facebook.com/sprgovmy/videos/995098999779362/,,negative,2026-06-12 07:05:59+00:00,0,0,0,0,0.0005348503589630016,0,,Khadijah Rohani,0.0,negative,0.9982171654701233,malay,Malay/Bumiputera,happy,0.021166780963540077,0.13809256255626678,0.5871312022209167,0.015931405127048492,0.08359600603580475,0.09385968744754791
facebook,comment,Y29tbWVudDo5OTUwOTg5OTk3NzkzNjJfMTkzNDcwMDczMDUxNDg1OQ==,SPR bodoh ..buat PRN N9 JOHOR asing2...rakyat nmpak mainan SPR...,,https://www.facebook.com/sprgovmy/videos/995098999779362/,,neutral,2026-06-12 23:19:45+00:00,0,0,0,0,0.5,0,,Ijan Jey,0.0,neutral,0.8514185547828674,english,Mixed/Urban,no_clear_emotion,0.21375465393066406,0.023851577192544937,0.09083906561136246,0.06792395561933517,0.26726511120796204,0.03656545281410217
facebook,comment,Y29tbWVudDo5OTUwOTg5OTk3NzkzNjJfMTM1OTkzMjAzMjg2NjMzMA==,Nanti buat status tarikh prn dekat feed la ye...nak gi masjid da ni,,https://www.facebook.com/sprgovmy/videos/995098999779362/,,neutral,2026-06-12 04:41:10+00:00,0,0,0,0,0.5,0,,Daeng Salahuddin,0.0,neutral,0.7894922494888306,english,Mixed/Urban,love,0.02334650047123432,0.018832409754395485,0.0570145845413208,0.014735888689756393,0.683993935585022,0.042437516152858734
facebook,comment,Y29tbWVudDo5OTUwOTg5OTk3NzkzNjJfMjc1NzkwNTc3MTI3MjYzNg==,Berbeza,,https://www.facebook.com/sprgovmy/videos/995098999779362/,,positive,2026-06-12 05:25:09+00:00,0,0,0,0,0.8879131942987442,0,,Syah Rusli,0.0,positive,0.6263773143291473,multilingual,Unknown,no_clear_emotion,0.09496930241584778,0.038979798555374146,0.08440600335597992,0.023391257971525192,0.1962936818599701,0.04533500596880913
facebook,post,1569383841224743,Pakatan Harapan (PH) tidak akan mengadakan sebarang rundingan kerjasama dengan Barisan Nasional (BN) bagi menghadapi Pilihan Raya Negeri (PRN) Negeri Sembilan akan datang.,https://www.facebook.com/BuletinTV3Official/posts/pfbid0xCxQQev1JuziqgixLUKeEZD6kA58u8C3M5EHH7udd1bBRe2DMe7wEpJou18uRmF8l,,,positive,2026-06-07 08:18:08+00:00,0,0,150,0,0.9958332061767577,150,450.0,,,positive,0.9861106872558594,malay,Malay/Bumiputera,anger,0.3365168869495392,0.15879236161708832,0.09855638444423676,0.035102635622024536,0.057687435299158096,0.03602442890405655
facebook,comment,Y29tbWVudDoxNTY5MzgzODQxMjI0NzQzXzE2Nzc2MjY3ODAxMjgxMzQ=,Sombong dan yakin nampak dia ni..diharap orang Melayu N9 ajar PH cukup-cukup di PRN nanti.,,https://www.facebook.com/BuletinTV3Official/posts/pfbid0xCxQQev1JuziqgixLUKeEZD6kA58u8C3M5EHH7udd1bBRe2DMe7wEpJou18uRmF8l,pfbid0xCxQQev1JuziqgixLUKeEZD6kA58u8C3M5EHH7udd1bBRe2DMe7wEpJou18uRmF8l,negative,2026-06-07 08:31:22+00:00,14,0,0,0,0.13532167375087736,14,,Hasnan S,0.0,negative,0.5489277541637421,multilingual,Unknown,love,0.0739244669675827,0.05399412289261818,0.15544036030769348,0.04505329206585884,0.4817672669887543,0.027446554973721504
facebook,comment,Y29tbWVudDoxNTY5MzgzODQxMjI0NzQzXzE1NDYyNjkzMzM1MjAzNzM=,Alhamdulillah BN MENANG MAJORITI MUDAH DI NEGERI SEMBILAN,,https://www.facebook.com/BuletinTV3Official/posts/pfbid0xCxQQev1JuziqgixLUKeEZD6kA58u8C3M5EHH7udd1bBRe2DMe7wEpJou18uRmF8l,pfbid0xCxQQev1JuziqgixLUKeEZD6kA58u8C3M5EHH7udd1bBRe2DMe7wEpJou18uRmF8l,positive,2026-06-07 10:42:11+00:00,6,0,1,0,0.884261554479599,8,,Mohd Khairul ii,0.0,positive,0.6142051815986633,english,Mixed/Urban,happy,0.018287478014826775,0.0611489973962307,0.4231429696083069,0.014933449216187,0.05318966135382652,0.0547700971364975
facebook,comment,Y29tbWVudDoxNTY5MzgzODQxMjI0NzQzXzIyMDA1MDMwMTA3NjQwNTc=,Lepas kputusan prn baru ada rundingan cium mulut semula..🤣🤣🤣🤣,,https://www.facebook.com/BuletinTV3Official/posts/pfbid0xCxQQev1JuziqgixLUKeEZD6kA58u8C3M5EHH7udd1bBRe2DMe7wEpJou18uRmF8l,pfbid0xCxQQev1JuziqgixLUKeEZD6kA58u8C3M5EHH7udd1bBRe2DMe7wEpJou18uRmF8l,negative,2026-06-07 11:45:56+00:00,4,0,2,0,0.0959002822637558,8,,Naim's Dean,0.0,negative,0.6803323924541473,multilingual,Unknown,surprise,0.020211111754179,0.038983821868896484,0.017156803980469704,0.03415593132376671,0.08064917474985123,0.7179564237594604
facebook,comment,Y29tbWVudDoxNTY5MzgzODQxMjI0NzQzXzEzOTAyMDAzMDY0OTg1Mzg=,Terkubur la Pakatan Harapan PRU16 nanti. Aamiin,,https://www.facebook.com/BuletinTV3Official/posts/pfbid0xCxQQev1JuziqgixLUKeEZD6kA58u8C3M5EHH7udd1bBRe2DMe7wEpJou18uRmF8l,pfbid0xCxQQev1JuziqgixLUKeEZD6kA58u8C3M5EHH7udd1bBRe2DMe7wEpJou18uRmF8l,neutral,2026-06-07 08:33:05+00:00,3,0,0,0,0.5,3,,Bekmeng Tanah Melayu,0.0,neutral,0.8349189162254333,english,Mixed/Urban,no_clear_emotion,0.03771413862705231,0.03477649763226509,0.1626560539007187,0.017920011654496193,0.24069295823574066,0.0303947851061821
facebook,comment,Y29tbWVudDoxNTY5MzgzODQxMjI0NzQzXzEzMTUyODQ3MzA3MTMxNTE=,"Tiada rundingan pun org melayu tak kisah. Yg penting kita ni Bangsa melayu, bersatu padu kali ni. Insyallah kita menang besar ❤️ ketepikan ego masing masing. Bersatu lah kita bangsa melayu",,https://www.facebook.com/BuletinTV3Official/posts/pfbid0xCxQQev1JuziqgixLUKeEZD6kA58u8C3M5EHH7udd1bBRe2DMe7wEpJou18uRmF8l,pfbid0xCxQQev1JuziqgixLUKeEZD6kA58u8C3M5EHH7udd1bBRe2DMe7wEpJou18uRmF8l,positive,2026-06-07 10:30:44+00:00,1,0,0,0,0.8953404903411865,1,,Yaa Ifa,0.0,positive,0.6511349678039551,english,Mixed/Urban,love,0.043054476380348206,0.018202785402536392,0.07291718572378159,0.022370923310518265,0.7519083023071289,0.014713023789227009
facebook,comment,Y29tbWVudDoxNTY5MzgzODQxMjI0NzQzXzEyOTEwNTgyMzk3NjIyMjk=,Baguslah kalau tak ada kerjasama dengan BN... Itu  sebelum keputusan PRN Negeri. Bila memang nanti. Jangan pulak cari BN. Untuk menubuhkan dan mentadbir negeri Johor dan Negeri Sembilan. Pulak. Harap pengundi DUN lebih bijak menilai. Sebelum tertipu lagi.,,https://www.facebook.com/BuletinTV3Official/posts/pfbid0xCxQQev1JuziqgixLUKeEZD6kA58u8C3M5EHH7udd1bBRe2DMe7wEpJou18uRmF8l,pfbid0xCxQQev1JuziqgixLUKeEZD6kA58u8C3M5EHH7udd1bBRe2DMe7wEpJou18uRmF8l,negative,2026-06-07 08:56:33+00:00,1,0,1,0,0.0004807412624359131,3,,Giman Saliman,0.0,negative,0.9983975291252136,malay,Malay/Bumiputera,love,0.058288052678108215,0.022236544638872147,0.10067794471979141,0.019495271146297455,0.5958734154701233,0.01977378875017166
facebook,comment,Y29tbWVudDoxNTY5MzgzODQxMjI0NzQzXzIxOTgwOTI4OTc3MTIzMjE=,Rakyat nak tunggu tengok mana mana yang terhegeh hegeh nak rundingan.,,https://www.facebook.com/BuletinTV3Official/posts/pfbid0xCxQQev1JuziqgixLUKeEZD6kA58u8C3M5EHH7udd1bBRe2DMe7wEpJou18uRmF8l,pfbid0xCxQQev1JuziqgixLUKeEZD6kA58u8C3M5EHH7udd1bBRe2DMe7wEpJou18uRmF8l,neutral,2026-06-07 11:11:46+00:00,2,0,0,0,0.5,2,,Che Umar Shaari,0.0,neutral,0.8272464275360107,english,Mixed/Urban,love,0.18369907140731812,0.030372770503163338,0.07261913269758224,0.039858970791101456,0.41951295733451843,0.03435444086790085
facebook,comment,Y29tbWVudDoxNTY5MzgzODQxMjI0NzQzXzI3Mjg5MzQ1Mzc3NDE5MTY4,Drama sebelum pilihanraya dah start.. Jom.. ramai² saksikan...,,https://www.facebook.com/BuletinTV3Official/posts/pfbid0xCxQQev1JuziqgixLUKeEZD6kA58u8C3M5EHH7udd1bBRe2DMe7wEpJou18uRmF8l,pfbid0xCxQQev1JuziqgixLUKeEZD6kA58u8C3M5EHH7udd1bBRe2DMe7wEpJou18uRmF8l,neutral,2026-06-08 09:41:12+00:00,0,0,0,0,0.5,0,,Hasram Mohd Hassan,0.0,neutral,0.8376664519309998,english,Mixed/Urban,surprise,0.01039254479110241,0.026335133239626884,0.032407861202955246,0.02090630680322647,0.04566057771444321,0.5114507079124451
facebook,comment,Y29tbWVudDoxNTY5MzgzODQxMjI0NzQzXzM5MjA0NjM1NDQ5Mjc4ODA=,Wayang,,https://www.facebook.com/BuletinTV3Official/posts/pfbid0xCxQQev1JuziqgixLUKeEZD6kA58u8C3M5EHH7udd1bBRe2DMe7wEpJou18uRmF8l,pfbid0xCxQQev1JuziqgixLUKeEZD6kA58u8C3M5EHH7udd1bBRe2DMe7wEpJou18uRmF8l,neutral,2026-06-08 03:06:33+00:00,0,0,0,0,0.5,0,,Hobin Jang Hobin Mercedes,0.0,neutral,0.8610268831253052,malay,Malay/Bumiputera,love,0.19393771886825562,0.1039535254240036,0.11205022037029266,0.058801524341106415,0.26480695605278015,0.07194401323795319
facebook,comment,Y29tbWVudDoxNTY5MzgzODQxMjI0NzQzXzE2MjYxNDE4NjYxODcxMDQ=,BN + PAS  yg terbaik,,https://www.facebook.com/BuletinTV3Official/posts/pfbid0xCxQQev1JuziqgixLUKeEZD6kA58u8C3M5EHH7udd1bBRe2DMe7wEpJou18uRmF8l,pfbid0xCxQQev1JuziqgixLUKeEZD6kA58u8C3M5EHH7udd1bBRe2DMe7wEpJou18uRmF8l,positive,2026-06-07 09:47:20+00:00,1,0,0,0,0.9994080007076263,1,,Shukur Abd,0.0,positive,0.9980266690254211,malay,Malay/Bumiputera,love,0.12302220612764359,0.038713615387678146,0.07164567708969116,0.026119980961084366,0.47297221422195435,0.025442656129598618
facebook,comment,Y29tbWVudDoxNDkwOTIwNDQ5NzMwNTMzXzEwMzM1MzQ1MTYzMjQ4NTU=,Ishh. Hari tu masa mula kembali ke umno dia sendiri cakap nak berkhidmat utk parti dulu. Tak fikir pasal nak jadi calon bertanding. Ini dah spin pulak. Betullah cakap org. Cakap org politik ni paling tak boleh dipercaya,,https://www.facebook.com/negeriSembilainfokini/posts/pfbid0tEjwTRw6JfoKtbmzE14f7w8QfAA9JNjEZ9Rz4t5XDxAV5QQLWvfVP9XiJ41r1KL1l,pfbid0tEjwTRw6JfoKtbmzE14f7w8QfAA9JNjEZ9Rz4t5XDxAV5QQLWvfVP9XiJ41r1KL1l,negative,2026-06-22 14:06:23+00:00,0,0,0,0,0.0005133569240570179,0,,Abg Zam,0.0,negative,0.9982888102531433,malay,Malay/Bumiputera,fear,0.0576455183327198,0.40693047642707825,0.0193895623087883,0.0400967039167881,0.04583096131682396,0.3644145727157593
facebook,post,1517617590406341,"Pengarah Pilihan Raya Pemuda Pas Pusat, Dr Tengku Muhammad Fakhruddin Tengku Muhammad Fauzi berkata, parti itu akan mengekalkan kerusi yang ditandingi sebelum ini, namun turut melihat peluang untuk bertanding di beberapa kerusi tambahan yang dirasakan mempunyai potensi kemenangan.",https://www.facebook.com/sinarharian/posts/pfbid027xE9ofRUYp1gkTitQ6FnBeHHxc6bvDrRmQQZDCJqiGzZ6ayCvMETtnqMfRXKdwsUl,,,positive,2026-06-05 09:09:14+00:00,0,0,35,0,0.9993461132049559,35,105.0,,,positive,0.9978203773498535,malay,Malay/Bumiputera,happy,0.029085617512464523,0.09525345265865326,0.5564574003219604,0.01385069265961647,0.05182646960020065,0.08516615629196167
facebook,comment,Y29tbWVudDoxNTE3NjE3NTkwNDA2MzQxXzE4MDkyMDA2NDAwNTk5NzU=,Tanding lah semua kerusi... Kerusi plastik ada kerusi kayu ada bahkan kerusi batu paling baik tahan lama... Mereput lah ko kat situ dgn kerusinya..,,https://www.facebook.com/sinarharian/posts/pfbid027xE9ofRUYp1gkTitQ6FnBeHHxc6bvDrRmQQZDCJqiGzZ6ayCvMETtnqMfRXKdwsUl,pfbid027xE9ofRUYp1gkTitQ6FnBeHHxc6bvDrRmQQZDCJqiGzZ6ayCvMETtnqMfRXKdwsUl,negative,2026-06-05 10:41:47+00:00,1,0,0,0,0.1459370657801628,1,,Wohbom  Hangit,0.0,negative,0.513543114066124,multilingual,Unknown,love,0.2740471065044403,0.033105626702308655,0.05947248265147209,0.02746145986020565,0.3081011474132538,0.026222795248031616
facebook,comment,Y29tbWVudDoxNTE3NjE3NTkwNDA2MzQxXzk1NjcxNDY1NDAzNDQxOA==,tak cukup kerusi mai saya tambah,,https://www.facebook.com/sinarharian/posts/pfbid027xE9ofRUYp1gkTitQ6FnBeHHxc6bvDrRmQQZDCJqiGzZ6ayCvMETtnqMfRXKdwsUl,pfbid027xE9ofRUYp1gkTitQ6FnBeHHxc6bvDrRmQQZDCJqiGzZ6ayCvMETtnqMfRXKdwsUl,negative,2026-06-05 09:25:25+00:00,2,0,0,0,0.08778227269649505,2,,Mohd Noh Hakim,0.0,negative,0.7073924243450165,multilingual,Unknown,happy,0.05191956087946892,0.11297330260276794,0.42902621626853943,0.03181038051843643,0.27354007959365845,0.026092689484357834
facebook,comment,Y29tbWVudDoxNTE3NjE3NTkwNDA2MzQxXzkyOTMwMDEyMzQ2MTIxMg==,PUAK PAS SYIAH PENGHINA SAHABAT NABI,,https://www.facebook.com/sinarharian/posts/pfbid027xE9ofRUYp1gkTitQ6FnBeHHxc6bvDrRmQQZDCJqiGzZ6ayCvMETtnqMfRXKdwsUl,pfbid027xE9ofRUYp1gkTitQ6FnBeHHxc6bvDrRmQQZDCJqiGzZ6ayCvMETtnqMfRXKdwsUl,neutral,2026-06-05 09:14:12+00:00,1,0,0,0,0.5,1,,Lang Buana,0.0,neutral,0.6693061590194702,english,Mixed/Urban,love,0.06894668191671371,0.021744800731539726,0.05918954312801361,0.02576385997235775,0.6947246193885803,0.02229488082230091
facebook,comment,Y29tbWVudDoxNTE3NjE3NTkwNDA2MzQxXzEwMDg1OTU0OTg0MTY4MDU=,"100 kerusi cukup,klu tak cukup 1000 cukup?",,https://www.facebook.com/sinarharian/posts/pfbid027xE9ofRUYp1gkTitQ6FnBeHHxc6bvDrRmQQZDCJqiGzZ6ayCvMETtnqMfRXKdwsUl,pfbid027xE9ofRUYp1gkTitQ6FnBeHHxc6bvDrRmQQZDCJqiGzZ6ayCvMETtnqMfRXKdwsUl,neutral,2026-06-05 09:15:29+00:00,4,0,1,0,0.5,6,,Azimar Rizal,0.0,neutral,0.8749276995658875,english,Mixed/Urban,fear,0.07744036614894867,0.4328271746635437,0.010629660449922085,0.18071439862251282,0.03093450330197811,0.22344940900802612
facebook,comment,Y29tbWVudDoxNTE3NjE3NTkwNDA2MzQxXzEwMjI4NTQyODY3NTUxMjU=,Tanding semua je. Perasan hebat.,,https://www.facebook.com/sinarharian/posts/pfbid027xE9ofRUYp1gkTitQ6FnBeHHxc6bvDrRmQQZDCJqiGzZ6ayCvMETtnqMfRXKdwsUl,pfbid027xE9ofRUYp1gkTitQ6FnBeHHxc6bvDrRmQQZDCJqiGzZ6ayCvMETtnqMfRXKdwsUl,neutral,2026-06-05 11:43:54+00:00,1,0,2,0,0.5,5,,Fahad Embargo,0.0,neutral,0.8197344541549683,english,Mixed/Urban,happy,0.026903007179498672,0.04752729460597038,0.3613050878047943,0.013419968076050282,0.18153341114521027,0.11415617167949677
facebook,comment,Y29tbWVudDoxNTE3NjE3NTkwNDA2MzQxXzIwMjc3MDk1NzQ1OTE1Nzc=,"Rakyat n.9, tentukan puak walaun pas ni HILANG DEPOSIT",,https://www.facebook.com/sinarharian/posts/pfbid027xE9ofRUYp1gkTitQ6FnBeHHxc6bvDrRmQQZDCJqiGzZ6ayCvMETtnqMfRXKdwsUl,pfbid027xE9ofRUYp1gkTitQ6FnBeHHxc6bvDrRmQQZDCJqiGzZ6ayCvMETtnqMfRXKdwsUl,neutral,2026-06-05 12:42:09+00:00,1,0,0,0,0.5,1,,Zulkifly Ayob,0.0,neutral,0.8116893172264099,english,Mixed/Urban,love,0.09918899834156036,0.034041665494441986,0.09280488640069962,0.0371173731982708,0.3953712582588196,0.024075794965028763
facebook,comment,Y29tbWVudDoxNTE3NjE3NTkwNDA2MzQxXzE1MDgxODM1ODQxMzM0Nzg=,Parti Ajaran Syaitan tidak boleh dipercayai kata TPM mereka ada DNA SYAITAN PENGKHIANAT oleh itu rakyt Malaysia harus humban mereka dalam longkang PRN PRU nanti,,https://www.facebook.com/sinarharian/posts/pfbid027xE9ofRUYp1gkTitQ6FnBeHHxc6bvDrRmQQZDCJqiGzZ6ayCvMETtnqMfRXKdwsUl,pfbid027xE9ofRUYp1gkTitQ6FnBeHHxc6bvDrRmQQZDCJqiGzZ6ayCvMETtnqMfRXKdwsUl,negative,2026-06-05 10:22:43+00:00,1,0,0,0,0.0004904329776763694,1,,Angel St Uriel St,0.0,negative,0.9983652234077454,malay,Malay/Bumiputera,anger,0.4009867310523987,0.14378386735916138,0.06963963806629181,0.03241906687617302,0.15437111258506775,0.03524917736649513
facebook,comment,Y29tbWVudDoxNTE3NjE3NTkwNDA2MzQxXzQ0OTkxNzk3MjAzMjIzMzA=,Pas bertandinglah semua 36 kawasan dun termasuk kawasan dap barulah champion,,https://www.facebook.com/sinarharian/posts/pfbid027xE9ofRUYp1gkTitQ6FnBeHHxc6bvDrRmQQZDCJqiGzZ6ayCvMETtnqMfRXKdwsUl,pfbid027xE9ofRUYp1gkTitQ6FnBeHHxc6bvDrRmQQZDCJqiGzZ6ayCvMETtnqMfRXKdwsUl,neutral,2026-06-05 09:39:59+00:00,1,0,0,0,0.5,1,,Azman Bin Osman,0.0,neutral,0.7562543749809265,english,Mixed/Urban,no_clear_emotion,0.008646260015666485,0.008917740546166897,0.030500780791044235,0.0067533934488892555,0.03375568985939026,0.027289768680930138
facebook,comment,Y29tbWVudDoxNTE3NjE3NTkwNDA2MzQxXzE3NzM0MTMxMDY5NTk4MTQ=,"Belum pun reda segala kekeliruan yang melanda negeri, sudah ada yang melihatnya sebagai peluang politik. Nampaknya bagi sesetengah pihak, setiap krisis bukan untuk diselesaikan, tetapi untuk dituai sebagai modal pilihan raya.

Elok sangat jika rakyat negeri Sembilan menuntas karier politik puak penunggang agama se Malaysia dan yang seangkatan dibumi negeri Sembilan.",,https://www.facebook.com/sinarharian/posts/pfbid027xE9ofRUYp1gkTitQ6FnBeHHxc6bvDrRmQQZDCJqiGzZ6ayCvMETtnqMfRXKdwsUl,pfbid027xE9ofRUYp1gkTitQ6FnBeHHxc6bvDrRmQQZDCJqiGzZ6ayCvMETtnqMfRXKdwsUl,negative,2026-06-05 09:23:12+00:00,0,0,0,0,0.00048508644104006127,0,,Nik Rudy,0.0,negative,0.9983830451965332,malay,Malay/Bumiputera,fear,0.11610087752342224,0.5833484530448914,0.08272058516740799,0.0525481216609478,0.03824787959456444,0.03379640728235245
facebook,comment,Y29tbWVudDoxNTE3NjE3NTkwNDA2MzQxXzI3MzMyNTgwMDg2MzM2MDUy,Eh xpyh masuk lah.. Kau kn mnyebelahkan undang tu kan.. Bukan dikrg xiktiraf bubar dun ke.. Haaa.. Umno dan pas jgn masuk PRN n9 tau.. Nnti derhaka kt YDPB resort tu kang.. Xtakot ke...,,https://www.facebook.com/sinarharian/posts/pfbid027xE9ofRUYp1gkTitQ6FnBeHHxc6bvDrRmQQZDCJqiGzZ6ayCvMETtnqMfRXKdwsUl,pfbid027xE9ofRUYp1gkTitQ6FnBeHHxc6bvDrRmQQZDCJqiGzZ6ayCvMETtnqMfRXKdwsUl,neutral,2026-06-05 09:30:23+00:00,0,0,0,0,0.5,0,,Syazwan Zali,0.0,neutral,0.669327437877655,english,Mixed/Urban,no_clear_emotion,0.1196083351969719,0.020780019462108612,0.042151980102062225,0.02995350770652294,0.3109593093395233,0.033996351063251495
facebook,post,1525735119594588,"[TERKINI] SPR umum PRN Johor 11 Julai, Negeri Sembilan 1 Ogos",https://www.facebook.com/sinarharian/posts/pfbid0spVkUSP8D4PvSjsfHNotiKWXG8yNosrTXXv7vxd3CeAxk7FrzFr4X72sWEgKJ5tel,,,negative,2026-06-12 04:30:41+00:00,0,0,476,0,0.17087934762239457,476,1428.0,,,negative,0.4304021745920181,multilingual,Unknown,no_clear_emotion,0.014673877507448196,0.006014037411659956,0.020337196066975594,0.007659160532057285,0.06310852617025375,0.020560510456562042
facebook,comment,Y29tbWVudDoxNTI1NzM1MTE5NTk0NTg4XzIwMjM4MzU0MTg1MjQ0NjE=,BACA: https://www.sinarharian.com.my/article/783493/berita/semasa/spr-umum-prn-johor-11-julai-negeri-sembilan-1-ogos,,https://www.facebook.com/sinarharian/posts/pfbid0spVkUSP8D4PvSjsfHNotiKWXG8yNosrTXXv7vxd3CeAxk7FrzFr4X72sWEgKJ5tel,pfbid0spVkUSP8D4PvSjsfHNotiKWXG8yNosrTXXv7vxd3CeAxk7FrzFr4X72sWEgKJ5tel,neutral,2026-06-12 04:33:02+00:00,8,0,0,0,0.5,8,,Sinar Harian,0.0,neutral,0.8585917353630066,english,Mixed/Urban,no_clear_emotion,0.11774137616157532,0.05078312009572983,0.07291676849126816,0.05035429447889328,0.2169806808233261,0.0556974858045578
facebook,comment,Y29tbWVudDoxNTI1NzM1MTE5NTk0NTg4XzkzMzU1MzY3NjM5MTExNg==,"Insya Allah, Aku anak JATI JOHOR. Aku akan undi calon PN.",,https://www.facebook.com/sinarharian/posts/pfbid0spVkUSP8D4PvSjsfHNotiKWXG8yNosrTXXv7vxd3CeAxk7FrzFr4X72sWEgKJ5tel,pfbid0spVkUSP8D4PvSjsfHNotiKWXG8yNosrTXXv7vxd3CeAxk7FrzFr4X72sWEgKJ5tel,neutral,2026-06-12 04:39:28+00:00,169,0,40,0,0.5,249,,Muar Fakat,0.0,neutral,0.7651889324188232,english,Mixed/Urban,no_clear_emotion,0.021627308800816536,0.02363090217113495,0.10307222604751587,0.017356643453240395,0.32099077105522156,0.03338887169957161
facebook,comment,Y29tbWVudDoxNTI1NzM1MTE5NTk0NTg4Xzg3MjU5OTY0OTIyNjE5OQ==,jgn lupa undi PAS💚💚💚💚👍,,https://www.facebook.com/sinarharian/posts/pfbid0spVkUSP8D4PvSjsfHNotiKWXG8yNosrTXXv7vxd3CeAxk7FrzFr4X72sWEgKJ5tel,pfbid0spVkUSP8D4PvSjsfHNotiKWXG8yNosrTXXv7vxd3CeAxk7FrzFr4X72sWEgKJ5tel,positive,2026-06-12 04:57:13+00:00,50,0,4,0,0.9848236858844757,58,,Tok Uban Kasturi,0.0,positive,0.9494122862815857,english,Mixed/Urban,love,0.11064378917217255,0.09034927189350128,0.023789113387465477,0.14894965291023254,0.5126097202301025,0.04655315354466438
facebook,comment,Y29tbWVudDoxNTI1NzM1MTE5NTk0NTg4XzE1MjY0MjY0NDIyMTIzNDE=,"JOM
BALIK
UNDI
HARAPAN...
MAJU BERSAMA HARAPAN.",,https://www.facebook.com/sinarharian/posts/pfbid0spVkUSP8D4PvSjsfHNotiKWXG8yNosrTXXv7vxd3CeAxk7FrzFr4X72sWEgKJ5tel,pfbid0spVkUSP8D4PvSjsfHNotiKWXG8yNosrTXXv7vxd3CeAxk7FrzFr4X72sWEgKJ5tel,neutral,2026-06-12 04:58:04+00:00,89,0,18,0,0.5,125,,Biru Muda,0.0,neutral,0.7349918484687805,english,Mixed/Urban,no_clear_emotion,0.18151094019412994,0.052587416023015976,0.0443275012075901,0.03085741214454174,0.07368359714746475,0.050546109676361084
facebook,comment,Y29tbWVudDoxNTI1NzM1MTE5NTk0NTg4XzEzODQzOTQ2NDAxODk0MTI=,Moga kemenangan milk kerajaan Madani.. jangan sewenang2nya berikan negeri yg bertuah ini pd puak2 kaki fitnah,,https://www.facebook.com/sinarharian/posts/pfbid0spVkUSP8D4PvSjsfHNotiKWXG8yNosrTXXv7vxd3CeAxk7FrzFr4X72sWEgKJ5tel,pfbid0spVkUSP8D4PvSjsfHNotiKWXG8yNosrTXXv7vxd3CeAxk7FrzFr4X72sWEgKJ5tel,negative,2026-06-12 04:35:21+00:00,103,0,24,0,0.045632560551166546,151,,kekekekekekeke~,0.0,negative,0.8478914648294449,multilingual,Unknown,anger,0.4000539481639862,0.02042587846517563,0.0959317609667778,0.0384746715426445,0.22947950661182404,0.02518688701093197
facebook,comment,Y29tbWVudDoxNTI1NzM1MTE5NTk0NTg4XzIxMzA1MDgxMzc4MDc2NTg=,Tolak PH!!,,https://www.facebook.com/sinarharian/posts/pfbid0spVkUSP8D4PvSjsfHNotiKWXG8yNosrTXXv7vxd3CeAxk7FrzFr4X72sWEgKJ5tel,pfbid0spVkUSP8D4PvSjsfHNotiKWXG8yNosrTXXv7vxd3CeAxk7FrzFr4X72sWEgKJ5tel,negative,2026-06-12 04:42:18+00:00,76,0,10,0,0.03450491577386855,96,,Syed Husain Al Habsye,0.0,negative,0.8849836140871048,multilingual,Unknown,no_clear_emotion,0.08668990433216095,0.04729592427611351,0.09461310505867004,0.0347871258854866,0.2601962387561798,0.058199312537908554
facebook,comment,Y29tbWVudDoxNTI1NzM1MTE5NTk0NTg4XzE2NjA2NDc1MjgzMjIyMjI=,"Moga Johor di kuasai BN..
#tetapBN..",,https://www.facebook.com/sinarharian/posts/pfbid0spVkUSP8D4PvSjsfHNotiKWXG8yNosrTXXv7vxd3CeAxk7FrzFr4X72sWEgKJ5tel,pfbid0spVkUSP8D4PvSjsfHNotiKWXG8yNosrTXXv7vxd3CeAxk7FrzFr4X72sWEgKJ5tel,neutral,2026-06-12 05:11:07+00:00,17,0,3,0,0.5,23,,Watie Mat Noh,0.0,neutral,0.8427570462226868,english,Mixed/Urban,love,0.04288218170404434,0.03440351039171219,0.3201567828655243,0.029732655733823776,0.5018810033798218,0.019023025408387184
facebook,comment,Y29tbWVudDoxNTI1NzM1MTE5NTk0NTg4XzgzNjA1NTQ4MjYzNDE5OA==,Tarikh untuk rakyat ajar parti yang sombong dan angkuh. Tak sabar menanti malam itu,,https://www.facebook.com/sinarharian/posts/pfbid0spVkUSP8D4PvSjsfHNotiKWXG8yNosrTXXv7vxd3CeAxk7FrzFr4X72sWEgKJ5tel,pfbid0spVkUSP8D4PvSjsfHNotiKWXG8yNosrTXXv7vxd3CeAxk7FrzFr4X72sWEgKJ5tel,negative,2026-06-12 04:48:12+00:00,36,0,2,0,0.00048723220825197533,40,,AR Stong,0.0,negative,0.9983758926391602,malay,Malay/Bumiputera,surprise,0.04148971289396286,0.3511958122253418,0.037245869636535645,0.04506339877843857,0.03319752961397171,0.433262437582016
facebook,comment,Y29tbWVudDoxNTI1NzM1MTE5NTk0NTg4XzEzMjM3MzAwMzU4OTYyNDY=,Johorian  luaskan kuasa mu.Kuburkan PH,,https://www.facebook.com/sinarharian/posts/pfbid0spVkUSP8D4PvSjsfHNotiKWXG8yNosrTXXv7vxd3CeAxk7FrzFr4X72sWEgKJ5tel,pfbid0spVkUSP8D4PvSjsfHNotiKWXG8yNosrTXXv7vxd3CeAxk7FrzFr4X72sWEgKJ5tel,neutral,2026-06-12 05:59:46+00:00,32,0,0,0,0.5,32,,Sheera Hiereza,0.0,neutral,0.8974590301513672,english,Mixed/Urban,love,0.09408511966466904,0.02173018455505371,0.1405039131641388,0.02328358218073845,0.6436944603919983,0.01596699096262455
facebook,comment,Y29tbWVudDoxNTI1NzM1MTE5NTk0NTg4XzE3MTI5NzYzMzk3MDQ3NzY=,"Lamanya N9 kena tunggu sampai Ogos baru ade kerajaan negeri. Melaka sure bubar lepas 1 Ogos nak tengok outcome dulu to form their own winning strategy. Harap korang semua tolak PH & sekutu mereka, I'd rather vote for Bebas than PH at this point InshaaAllah negara boleh tenang sikit.",,https://www.facebook.com/sinarharian/posts/pfbid0spVkUSP8D4PvSjsfHNotiKWXG8yNosrTXXv7vxd3CeAxk7FrzFr4X72sWEgKJ5tel,pfbid0spVkUSP8D4PvSjsfHNotiKWXG8yNosrTXXv7vxd3CeAxk7FrzFr4X72sWEgKJ5tel,neutral,2026-06-12 04:52:39+00:00,24,0,4,0,0.5,32,,Saiful Hafez Ali,0.0,neutral,0.6722936630249023,english,Mixed/Urban,happy,0.03218787908554077,0.06019645556807518,0.7808616161346436,0.010022550821304321,0.0631682276725769,0.015034378506243229
facebook,post,2585035565227763,"Ramalan Buat Kerusi DUN Negeri Sembilan (PRN 16)

Besok akan Keluar Tarikh Pilihanraya Negeri Johor dan Negeri Sembilan dari SPR",https://www.facebook.com/ayid.rembau/posts/pfbid04ff4HEJuygfbJRwmrGfPq4j8XxTZwHahskmfMtzwAzziCGZ5mEx3yfY6gFwcmEkfl,,,neutral,2026-06-11 14:08:13+00:00,0,0,127,0,0.5,127,381.0,,,neutral,0.9977018237113953,malay,Malay/Bumiputera,no_clear_emotion,0.039057932794094086,0.018515853211283684,0.08528619259595871,0.020342916250228882,0.11767024546861649,0.02044183760881424
facebook,comment,Y29tbWVudDoyNTg1MDM1NTY1MjI3NzYzXzE2OTA2NDk4NDg3MTQyMzU=,"BN menang 3 tu memang logik. Tapi Bersatu menang 8 dan Reset 7 tu memang mengarut 😄😄😄😄. Paling tinggi PAS boleh menang pun antara 1 or 2 je

My prediction: 

PH 22 , BN 8 , PN 6",,https://www.facebook.com/ayid.rembau/posts/pfbid04ff4HEJuygfbJRwmrGfPq4j8XxTZwHahskmfMtzwAzziCGZ5mEx3yfY6gFwcmEkfl,pfbid04ff4HEJuygfbJRwmrGfPq4j8XxTZwHahskmfMtzwAzziCGZ5mEx3yfY6gFwcmEkfl,negative,2026-06-12 04:44:25+00:00,75,0,17,0,0.00048683881759642444,109,,Rizwan Khusaini,0.0,negative,0.9983772039413452,malay,Malay/Bumiputera,love,0.21231020987033844,0.07180701196193695,0.08458112925291061,0.06721516698598862,0.2775014638900757,0.06848909705877304
facebook,comment,Y29tbWVudDoyNTg1MDM1NTY1MjI3NzYzXzE4ODczNjIzNDUyNzAxNzM=,"DAP 8, PKR -4, BN-20- Pas -4",,https://www.facebook.com/ayid.rembau/posts/pfbid04ff4HEJuygfbJRwmrGfPq4j8XxTZwHahskmfMtzwAzziCGZ5mEx3yfY6gFwcmEkfl,pfbid04ff4HEJuygfbJRwmrGfPq4j8XxTZwHahskmfMtzwAzziCGZ5mEx3yfY6gFwcmEkfl,negative,2026-06-12 07:14:12+00:00,19,0,5,0,0.1631125643849373,29,,Abdul Hakim Makbul,0.0,negative,0.45629145205020905,multilingual,Unknown,no_clear_emotion,0.03958699479699135,0.0123607087880373,0.04185791313648224,0.020528342574834824,0.18480630218982697,0.023825038224458694
facebook,comment,Y29tbWVudDoyNTg1MDM1NTY1MjI3NzYzXzQzNzMxNjY0NzYyNzI0MjU=,"Serius la pas,reset,bersatu kuat di Negeri Sembilan?😁.. kau ni baru ambik tahu pasal politik Malaysia minggu lepas ke?",,https://www.facebook.com/ayid.rembau/posts/pfbid04ff4HEJuygfbJRwmrGfPq4j8XxTZwHahskmfMtzwAzziCGZ5mEx3yfY6gFwcmEkfl,pfbid04ff4HEJuygfbJRwmrGfPq4j8XxTZwHahskmfMtzwAzziCGZ5mEx3yfY6gFwcmEkfl,negative,2026-06-12 06:49:33+00:00,8,0,0,0,0.051524046063423146,8,,Hairul Amir,0.0,negative,0.8282531797885895,multilingual,Unknown,surprise,0.012084799818694592,0.03781929984688759,0.030501997098326683,0.025508875027298927,0.13848979771137238,0.5426353812217712
facebook,comment,Y29tbWVudDoyNTg1MDM1NTY1MjI3NzYzXzEwMjU1Njc2MTM3NDA4NzU=,"Jadi untuk Negeri Sembilan maju menang kan  PH dengan 35 kerusi dan BN 1 kerusi.
RESET, BERSATU, PAS kasi kosong kerusi",,https://www.facebook.com/ayid.rembau/posts/pfbid04ff4HEJuygfbJRwmrGfPq4j8XxTZwHahskmfMtzwAzziCGZ5mEx3yfY6gFwcmEkfl,pfbid04ff4HEJuygfbJRwmrGfPq4j8XxTZwHahskmfMtzwAzziCGZ5mEx3yfY6gFwcmEkfl,neutral,2026-06-12 08:28:27+00:00,5,0,4,0,0.5,13,,Arun Anthony,0.0,neutral,0.9976627826690674,malay,Malay/Bumiputera,no_clear_emotion,0.13201867043972015,0.03635019809007645,0.02556493878364563,0.028390254825353622,0.060832951217889786,0.02514554187655449
facebook,comment,Y29tbWVudDoyNTg1MDM1NTY1MjI3NzYzXzQzMTMwMTAyNjkwMTE5OTQ=,Mudah jer BN 30 Kerusi yg baki lagi tu kau org berebut lah..,,https://www.facebook.com/ayid.rembau/posts/pfbid04ff4HEJuygfbJRwmrGfPq4j8XxTZwHahskmfMtzwAzziCGZ5mEx3yfY6gFwcmEkfl,pfbid04ff4HEJuygfbJRwmrGfPq4j8XxTZwHahskmfMtzwAzziCGZ5mEx3yfY6gFwcmEkfl,neutral,2026-06-12 07:56:25+00:00,6,0,0,0,0.5,6,,Yusof Yaakob,0.0,neutral,0.7777696847915649,english,Mixed/Urban,love,0.07720792293548584,0.044600822031497955,0.047697097063064575,0.017558297142386436,0.41252246499061584,0.03489725664258003
facebook,comment,Y29tbWVudDoyNTg1MDM1NTY1MjI3NzYzXzQ4MDkzOTA3MTI2NDM5MTY=,"Kau jgn delete post ni, nnti bila keputusan keluar aku dtg balik sini",,https://www.facebook.com/ayid.rembau/posts/pfbid04ff4HEJuygfbJRwmrGfPq4j8XxTZwHahskmfMtzwAzziCGZ5mEx3yfY6gFwcmEkfl,pfbid04ff4HEJuygfbJRwmrGfPq4j8XxTZwHahskmfMtzwAzziCGZ5mEx3yfY6gFwcmEkfl,negative,2026-06-12 11:04:55+00:00,3,0,0,0,0.0004895389080047385,3,,Mohamad Amirul Jais,0.0,negative,0.9983682036399841,malay,Malay/Bumiputera,love,0.13387653231620789,0.016605259850621223,0.033864326775074005,0.037339355796575546,0.4193631410598755,0.03755342215299606
facebook,comment,Y29tbWVudDoyNTg1MDM1NTY1MjI3NzYzXzI1MTQyNzI5MzU2NjgxODI=,Reset tu pakai lambang apa agaknya kalo boleh dapat kerusi banyak Camtu..? 😂😂😂,,https://www.facebook.com/ayid.rembau/posts/pfbid04ff4HEJuygfbJRwmrGfPq4j8XxTZwHahskmfMtzwAzziCGZ5mEx3yfY6gFwcmEkfl,pfbid04ff4HEJuygfbJRwmrGfPq4j8XxTZwHahskmfMtzwAzziCGZ5mEx3yfY6gFwcmEkfl,neutral,2026-06-12 05:28:29+00:00,7,0,1,0,0.5,9,,Izal Saizal,0.0,neutral,0.4451613128185272,multilingual,Unknown,love,0.049842629581689835,0.05057068169116974,0.0693252682685852,0.019428670406341553,0.583045244216919,0.05167870596051216
facebook,comment,Y29tbWVudDoyNTg1MDM1NTY1MjI3NzYzXzI4MDMxNTA2NDIzMTE4OTU4,"Sbelum Ramalan ni terkeluar data, x gam xpom sedut tahi lembu baru lepas berak..ni la hasilnya..😆",,https://www.facebook.com/ayid.rembau/posts/pfbid04ff4HEJuygfbJRwmrGfPq4j8XxTZwHahskmfMtzwAzziCGZ5mEx3yfY6gFwcmEkfl,pfbid04ff4HEJuygfbJRwmrGfPq4j8XxTZwHahskmfMtzwAzziCGZ5mEx3yfY6gFwcmEkfl,neutral,2026-06-12 08:01:59+00:00,3,0,0,0,0.5,3,,Aqiem Ibrahim,0.0,neutral,0.7599287033081055,english,Mixed/Urban,surprise,0.044312331825494766,0.07975646108388901,0.021843096241354942,0.06089052930474281,0.045421894639730453,0.6067116260528564
facebook,comment,Y29tbWVudDoyNTg1MDM1NTY1MjI3NzYzXzEwNDg0NjY2OTQxNzU4NDE=,Ni apa cerita.kerusi 36 je bukan 40,,https://www.facebook.com/ayid.rembau/posts/pfbid04ff4HEJuygfbJRwmrGfPq4j8XxTZwHahskmfMtzwAzziCGZ5mEx3yfY6gFwcmEkfl,pfbid04ff4HEJuygfbJRwmrGfPq4j8XxTZwHahskmfMtzwAzziCGZ5mEx3yfY6gFwcmEkfl,neutral,2026-06-12 09:46:23+00:00,2,0,1,0,0.5,4,,Wan Zulkifli,0.0,neutral,0.8715438842773438,english,Mixed/Urban,no_clear_emotion,0.013655388727784157,0.008516925387084484,0.015002613887190819,0.01118888333439827,0.11752094328403473,0.0632031038403511
facebook,comment,Y29tbWVudDoyNTg1MDM1NTY1MjI3NzYzXzg5OTAzNzQ4OTg3NTU1Ng==,Haha reset 7…. Ridset ke apa,,https://www.facebook.com/ayid.rembau/posts/pfbid04ff4HEJuygfbJRwmrGfPq4j8XxTZwHahskmfMtzwAzziCGZ5mEx3yfY6gFwcmEkfl,pfbid04ff4HEJuygfbJRwmrGfPq4j8XxTZwHahskmfMtzwAzziCGZ5mEx3yfY6gFwcmEkfl,neutral,2026-06-12 01:03:52+00:00,0,0,1,0,0.5,2,,Muhammad Syakir Nasaruddin,0.0,neutral,0.7950040698051453,english,Mixed/Urban,no_clear_emotion,0.04638364911079407,0.02022666297852993,0.027215108275413513,0.02096903882920742,0.10220088064670563,0.05394626408815384
facebook,post,1573939960769131,"PRN NEGERI SEMBILAN | Suruhanjaya Pilihan Raya (SPR) menetapkan 18 Julai ini sebagai hari penamaan calon, disusuli 28 Julai pengundian awal dan 1 Ogos hari mengundi biasa bagi Pilihan Raya Negeri (PRN) Negeri Sembilan.

#BuletinTV3  #PRNNegeriSembilan16  #SPR #PilihanRayaNegeri",https://www.facebook.com/BuletinTV3Official/posts/pfbid02htXC6M1aZ4SUMWFiM2KjxCSLvk8xN9pyWvKqzApoxSDU7Up4gCusZcgf44hUnY8Pl,,,neutral,2026-06-12 04:16:56+00:00,0,0,51,0,0.5,51,153.0,,,neutral,0.9975144863128662,malay,Malay/Bumiputera,no_clear_emotion,0.03305511549115181,0.023733794689178467,0.04034687951207161,0.0154841598123312,0.04434564709663391,0.030219459906220436
facebook,comment,Y29tbWVudDoxNTczOTM5OTYwNzY5MTMxXzk5MzYxOTA2NjczMDY3NQ==,Berkat Hari Jumaat Ini Semoga Allah memberi kemenangan besar kepada PAS pada PRU 16 dan PRN. Aamin,,https://www.facebook.com/BuletinTV3Official/posts/pfbid02htXC6M1aZ4SUMWFiM2KjxCSLvk8xN9pyWvKqzApoxSDU7Up4gCusZcgf44hUnY8Pl,pfbid02htXC6M1aZ4SUMWFiM2KjxCSLvk8xN9pyWvKqzApoxSDU7Up4gCusZcgf44hUnY8Pl,positive,2026-06-12 04:30:17+00:00,21,0,3,0,0.9993878483772277,27,,Zamani Ismail,0.0,positive,0.9979594945907593,malay,Malay/Bumiputera,happy,0.030384648591279984,0.029873821884393692,0.4743499159812927,0.018558593466877937,0.275470495223999,0.022044651210308075
facebook,comment,Y29tbWVudDoxNTczOTM5OTYwNzY5MTMxXzE2MTI2Mzg0NzMxMzU0NzA=,"Cantik kito undi PH beramai-ramai supayo hidup rakyat terpelihara,,,,
Hidup parti PH,,,,,,
Mari kito jadikan parti UMNO pembangkang seumur hidup parti tu kek negori sembilan ni,,,,,,
PAKATAN HARAPAN terbaik 👍👍👍👍👍",,https://www.facebook.com/BuletinTV3Official/posts/pfbid02htXC6M1aZ4SUMWFiM2KjxCSLvk8xN9pyWvKqzApoxSDU7Up4gCusZcgf44hUnY8Pl,pfbid02htXC6M1aZ4SUMWFiM2KjxCSLvk8xN9pyWvKqzApoxSDU7Up4gCusZcgf44hUnY8Pl,positive,2026-06-12 04:32:39+00:00,16,0,5,0,0.9558717608451843,26,,Power Rider,0.0,positive,0.8529058694839478,multilingual,Unknown,love,0.10072911530733109,0.03393004089593887,0.14722920954227448,0.01990252174437046,0.6254017949104309,0.012838972732424736
facebook,comment,Y29tbWVudDoxNTczOTM5OTYwNzY5MTMxXzI0OTM0OTE2MzQ0MjE3Nzk=,Ayuh kito kuburkankan dap.pkr kat nogori,,https://www.facebook.com/BuletinTV3Official/posts/pfbid02htXC6M1aZ4SUMWFiM2KjxCSLvk8xN9pyWvKqzApoxSDU7Up4gCusZcgf44hUnY8Pl,pfbid02htXC6M1aZ4SUMWFiM2KjxCSLvk8xN9pyWvKqzApoxSDU7Up4gCusZcgf44hUnY8Pl,neutral,2026-06-12 06:57:32+00:00,4,0,2,0,0.5,8,,Halim Nogori,0.0,neutral,0.7761010527610779,english,Mixed/Urban,love,0.05745778605341911,0.019483238458633423,0.034361038357019424,0.03164958208799362,0.645902693271637,0.022394536063075066
facebook,comment,Y29tbWVudDoxNTczOTM5OTYwNzY5MTMxXzEwMTQ3NjU1NzEyMDQ3ODY=,Knp tak serentak je dgn Johor?. Pasal bubar DUN hny lat 4 hari,,https://www.facebook.com/BuletinTV3Official/posts/pfbid02htXC6M1aZ4SUMWFiM2KjxCSLvk8xN9pyWvKqzApoxSDU7Up4gCusZcgf44hUnY8Pl,pfbid02htXC6M1aZ4SUMWFiM2KjxCSLvk8xN9pyWvKqzApoxSDU7Up4gCusZcgf44hUnY8Pl,neutral,2026-06-12 05:04:05+00:00,3,0,2,0,0.5,7,,Mohd Fazli Bin Abdullah,0.0,neutral,0.7970560193061829,english,Mixed/Urban,no_clear_emotion,0.19121913611888885,0.02128688432276249,0.04420200362801552,0.021156417205929756,0.26171737909317017,0.017787909135222435
facebook,comment,Y29tbWVudDoxNTczOTM5OTYwNzY5MTMxXzk3MTQxMjk0OTA1NzY2Mg==,anak muda melayu n9 ke treganu RXZ menber date tu .😃 sila tukar date hehe,,https://www.facebook.com/BuletinTV3Official/posts/pfbid02htXC6M1aZ4SUMWFiM2KjxCSLvk8xN9pyWvKqzApoxSDU7Up4gCusZcgf44hUnY8Pl,pfbid02htXC6M1aZ4SUMWFiM2KjxCSLvk8xN9pyWvKqzApoxSDU7Up4gCusZcgf44hUnY8Pl,neutral,2026-06-12 05:05:05+00:00,2,0,4,0,0.5,10,,Roslin Abas,0.0,neutral,0.7016923427581787,english,Mixed/Urban,love,0.02452961355447769,0.008378413505852222,0.028265120461583138,0.01730000600218773,0.7310016751289368,0.02550632506608963
facebook,comment,Y29tbWVudDoxNTczOTM5OTYwNzY5MTMxXzE2NDgwODQzMDcwNTEyNjU=,Tolak PH DAP,,https://www.facebook.com/BuletinTV3Official/posts/pfbid02htXC6M1aZ4SUMWFiM2KjxCSLvk8xN9pyWvKqzApoxSDU7Up4gCusZcgf44hUnY8Pl,pfbid02htXC6M1aZ4SUMWFiM2KjxCSLvk8xN9pyWvKqzApoxSDU7Up4gCusZcgf44hUnY8Pl,negative,2026-06-18 20:01:33+00:00,0,0,0,0,0.13919902592897415,0,,Ahmad Sabri,0.0,negative,0.5360032469034195,multilingual,Unknown,no_clear_emotion,0.07992556691169739,0.0682101845741272,0.10643503814935684,0.051878124475479126,0.1834305226802826,0.07807106524705887
facebook,comment,Y29tbWVudDoxNTczOTM5OTYwNzY5MTMxXzEzMDczNTQyODEwMzAzMTg=,Aduhhh tukar lah date...1 ogos rmi anak muda p rxz,,https://www.facebook.com/BuletinTV3Official/posts/pfbid02htXC6M1aZ4SUMWFiM2KjxCSLvk8xN9pyWvKqzApoxSDU7Up4gCusZcgf44hUnY8Pl,pfbid02htXC6M1aZ4SUMWFiM2KjxCSLvk8xN9pyWvKqzApoxSDU7Up4gCusZcgf44hUnY8Pl,negative,2026-06-12 05:09:39+00:00,2,0,0,0,0.05248087048530578,2,,Nur Fahana,0.0,negative,0.8250637650489807,multilingual,Unknown,love,0.04167091101408005,0.010257472284138203,0.03143208846449852,0.01460448931902647,0.4778424799442291,0.03263053297996521
facebook,comment,Y29tbWVudDoxNTczOTM5OTYwNzY5MTMxXzEwMTc0NDcyNjczNTQwMzQ=,Lembu² berkumpul memilih tuan dia....,,https://www.facebook.com/BuletinTV3Official/posts/pfbid02htXC6M1aZ4SUMWFiM2KjxCSLvk8xN9pyWvKqzApoxSDU7Up4gCusZcgf44hUnY8Pl,pfbid02htXC6M1aZ4SUMWFiM2KjxCSLvk8xN9pyWvKqzApoxSDU7Up4gCusZcgf44hUnY8Pl,positive,2026-06-12 04:27:20+00:00,2,0,1,0,0.8681803122162819,4,,Muhammad Ghazali,0.0,positive,0.5606010407209396,multilingual,Unknown,no_clear_emotion,0.034386977553367615,0.007620492484420538,0.03654039651155472,0.01724143512547016,0.3091469705104828,0.021175431087613106
facebook,comment,Y29tbWVudDoxNTczOTM5OTYwNzY5MTMxXzIwNjQ3ODk3MTgyNTI0MzU=,Dap pH rasuah undi kes,,https://www.facebook.com/BuletinTV3Official/posts/pfbid02htXC6M1aZ4SUMWFiM2KjxCSLvk8xN9pyWvKqzApoxSDU7Up4gCusZcgf44hUnY8Pl,pfbid02htXC6M1aZ4SUMWFiM2KjxCSLvk8xN9pyWvKqzApoxSDU7Up4gCusZcgf44hUnY8Pl,neutral,2026-06-19 04:14:46+00:00,0,0,0,0,0.5,0,,Jab Vending,0.0,neutral,0.7437823414802551,english,Mixed/Urban,no_clear_emotion,0.12039942294359207,0.015469854697585106,0.07036712765693665,0.025079036131501198,0.2557523846626282,0.02547372505068779
facebook,comment,Y29tbWVudDoxNTczOTM5OTYwNzY5MTMxXzIxMDc3NjA1Njk4MDA5NTE=,"Buat mcm thn 70hn awal 80hn tentera tk pernah mengundi pun,tk ambil tahu pasal mengundi sebab operasi keluar masuk hutan✌✌✌✌✌✌",,https://www.facebook.com/BuletinTV3Official/posts/pfbid02htXC6M1aZ4SUMWFiM2KjxCSLvk8xN9pyWvKqzApoxSDU7Up4gCusZcgf44hUnY8Pl,pfbid02htXC6M1aZ4SUMWFiM2KjxCSLvk8xN9pyWvKqzApoxSDU7Up4gCusZcgf44hUnY8Pl,neutral,2026-06-12 10:12:50+00:00,0,0,0,0,0.5,0,,Raof Pilus,0.0,neutral,0.7161940932273865,english,Mixed/Urban,surprise,0.015306715853512287,0.055993951857089996,0.011486590839922428,0.022069355472922325,0.03973577916622162,0.7251536250114441
facebook,post,1538968970933570,SPR menetapkan PRU Dewan Negeri Johor pada 11 Julai 2026 dan Negeri Sembilan pada 1 Ogos 2026.,https://www.facebook.com/DrRadziJidin/posts/pfbid0xzpmBmuME3Vw2L4wTbJhQVHXZBi9GZd5MYLpuhxqwSwEJZpknxebwwW8p4a28UKhl,,,neutral,2026-06-12 04:27:22+00:00,0,0,42,0,0.5,42,126.0,,,neutral,0.9977012276649475,malay,Malay/Bumiputera,no_clear_emotion,0.03232308849692345,0.017686771228909492,0.07030785828828812,0.011894184164702892,0.06964319199323654,0.019705938175320625
facebook,comment,Y29tbWVudDoxNTM4OTY4OTcwOTMzNTcwXzEwMTY1NDM3NTEwNTgyMjc=,https://www.astroawani.com/video/prn-johor-11-julai-prn-negeri-sembilan-1-ogos,,https://www.facebook.com/DrRadziJidin/posts/pfbid0xzpmBmuME3Vw2L4wTbJhQVHXZBi9GZd5MYLpuhxqwSwEJZpknxebwwW8p4a28UKhl,pfbid0xzpmBmuME3Vw2L4wTbJhQVHXZBi9GZd5MYLpuhxqwSwEJZpknxebwwW8p4a28UKhl,neutral,2026-06-12 04:27:33+00:00,0,0,0,0,0.5,0,,Dr Radzi Jidin,0.0,neutral,0.8708032369613647,english,Mixed/Urban,no_clear_emotion,0.10120834410190582,0.03893366828560829,0.04795224964618683,0.039147697389125824,0.35303640365600586,0.04743894562125206
facebook,comment,Y29tbWVudDoxNTM4OTY4OTcwOTMzNTcwXzEwMzAwNjIwMDY2MzE3MjE=,"Rakyat Bangsa Johor dan rakyat N9 wajib tolak PAS dlm PRN masing2 nanti. Selama 36 tahun rakyat Kelantan telah diperbodohkan dan diabaikan olih Kerajaan PAS. Dulu bolihlah datang ke Kelantan utk melihat pencapaian pembangunan Negeri TETAPI skrg bolihlah datang utk melihat kemunduran dan kelesuan pembangunan negeri. Semua aktiviti bandar dan pekan lesu. Pembangunan tidak dapat dilaksanakan kerana BAGET 2026 NEGERI adalah bersifat DEFISIT.
ALLAH SWT mengingatkan hamba2Nya, apabila mengejar akhirat, JANGAN lupa mengejar bahagiannya didunia. (SURAH AL-QASAS (77). INSYA-ALLAH.",,https://www.facebook.com/DrRadziJidin/posts/pfbid0xzpmBmuME3Vw2L4wTbJhQVHXZBi9GZd5MYLpuhxqwSwEJZpknxebwwW8p4a28UKhl,pfbid0xzpmBmuME3Vw2L4wTbJhQVHXZBi9GZd5MYLpuhxqwSwEJZpknxebwwW8p4a28UKhl,negative,2026-06-12 06:59:33+00:00,4,0,4,0,0.0005226552486419789,12,,HJ Ramli Al-Rabani,0.0,negative,0.9982578158378601,malay,Malay/Bumiputera,fear,0.21240800619125366,0.24830573797225952,0.06983651965856552,0.16690050065517426,0.14841651916503906,0.043652113527059555
facebook,comment,Y29tbWVudDoxNTM4OTY4OTcwOTMzNTcwXzE1Nzc5NDU3MTA3MDM0NTk=,Dr cepat2 join Hamzah,,https://www.facebook.com/DrRadziJidin/posts/pfbid0xzpmBmuME3Vw2L4wTbJhQVHXZBi9GZd5MYLpuhxqwSwEJZpknxebwwW8p4a28UKhl,pfbid0xzpmBmuME3Vw2L4wTbJhQVHXZBi9GZd5MYLpuhxqwSwEJZpknxebwwW8p4a28UKhl,neutral,2026-06-13 04:30:17+00:00,0,0,0,0,0.5,0,,Zalina Yaakob,0.0,neutral,0.8400000929832458,english,Mixed/Urban,love,0.06163711100816727,0.029697604477405548,0.188457652926445,0.023127470165491104,0.43735116720199585,0.023701541125774384
facebook,comment,Y29tbWVudDoxNTM4OTY4OTcwOTMzNTcwXzI4OTE4MjYyOTc4MTU1MzY=,"Bersepai solo je lah ,dah rasa kuat kan",,https://www.facebook.com/DrRadziJidin/posts/pfbid0xzpmBmuME3Vw2L4wTbJhQVHXZBi9GZd5MYLpuhxqwSwEJZpknxebwwW8p4a28UKhl,pfbid0xzpmBmuME3Vw2L4wTbJhQVHXZBi9GZd5MYLpuhxqwSwEJZpknxebwwW8p4a28UKhl,neutral,2026-06-12 05:16:22+00:00,4,0,0,0,0.5,4,,Din JB,0.0,neutral,0.8181150555610657,english,Mixed/Urban,happy,0.015289457514882088,0.06002473831176758,0.8642062544822693,0.009295155294239521,0.020231975242495537,0.017549751326441765
facebook,comment,Y29tbWVudDoxNTM4OTY4OTcwOTMzNTcwXzM2MTcxMzM3MTM1ODE1MzMz,Sempat lagi buat bendera bunga..nak sewa beruk panjat tiang pun sempat lagi cari ni..,,https://www.facebook.com/DrRadziJidin/posts/pfbid0xzpmBmuME3Vw2L4wTbJhQVHXZBi9GZd5MYLpuhxqwSwEJZpknxebwwW8p4a28UKhl,pfbid0xzpmBmuME3Vw2L4wTbJhQVHXZBi9GZd5MYLpuhxqwSwEJZpknxebwwW8p4a28UKhl,neutral,2026-06-12 09:26:54+00:00,3,0,1,0,0.5,5,,H Anuar Abdullah,0.0,neutral,0.7575319409370422,english,Mixed/Urban,fear,0.05272360518574715,0.4166043996810913,0.07294966280460358,0.0313483402132988,0.18179836869239807,0.19971482455730438
facebook,comment,Y29tbWVudDoxNTM4OTY4OTcwOTMzNTcwXzE0MjMyMTg3NDY0OTM3NzU=,Selamat berentap,,https://www.facebook.com/DrRadziJidin/posts/pfbid0xzpmBmuME3Vw2L4wTbJhQVHXZBi9GZd5MYLpuhxqwSwEJZpknxebwwW8p4a28UKhl,pfbid0xzpmBmuME3Vw2L4wTbJhQVHXZBi9GZd5MYLpuhxqwSwEJZpknxebwwW8p4a28UKhl,positive,2026-06-12 08:19:48+00:00,0,0,0,0,0.9134713381528854,0,,TASK FORCE BN,0.0,positive,0.7115711271762848,multilingual,Unknown,no_clear_emotion,0.1572430431842804,0.10005582869052887,0.12789183855056763,0.07890460640192032,0.19540055096149445,0.09073145687580109
facebook,comment,Y29tbWVudDoxNTM4OTY4OTcwOTMzNTcwXzIwOTY5MDc5NTQ1NzMzODI=,"good luck Bersatu
tanding solo inshaAllah 💪🏻",,https://www.facebook.com/DrRadziJidin/posts/pfbid0xzpmBmuME3Vw2L4wTbJhQVHXZBi9GZd5MYLpuhxqwSwEJZpknxebwwW8p4a28UKhl,pfbid0xzpmBmuME3Vw2L4wTbJhQVHXZBi9GZd5MYLpuhxqwSwEJZpknxebwwW8p4a28UKhl,positive,2026-06-12 05:02:41+00:00,2,0,0,0,0.986925482749939,2,,Hafizul Ismail,0.0,positive,0.9564182758331299,english,Mixed/Urban,happy,0.021504925563931465,0.04283766821026802,0.785173237323761,0.00890747644007206,0.05828874558210373,0.015591716393828392
facebook,comment,Y29tbWVudDoxNTM4OTY4OTcwOTMzNTcwXzEwMjgxODQ1ODYzMzIwMzI=,Kenapa tak dibuat serentak ye? Sedangkan tarikh pembubaran sama.,,https://www.facebook.com/DrRadziJidin/posts/pfbid0xzpmBmuME3Vw2L4wTbJhQVHXZBi9GZd5MYLpuhxqwSwEJZpknxebwwW8p4a28UKhl,pfbid0xzpmBmuME3Vw2L4wTbJhQVHXZBi9GZd5MYLpuhxqwSwEJZpknxebwwW8p4a28UKhl,negative,2026-06-12 12:42:14+00:00,1,0,0,0,0.0891406148672104,1,,Mohd Wafa Mohd Nor,0.0,negative,0.7028646171092987,multilingual,Unknown,surprise,0.031391069293022156,0.047000233083963394,0.017737215384840965,0.04718063399195671,0.06684540212154388,0.4745030105113983
facebook,comment,Y29tbWVudDoxNTM4OTY4OTcwOTMzNTcwXzE1Mjg4OTY1OTIyNTU1NzY=,Boleh print bendera Bersatu cepat. Takut kedai full book.,,https://www.facebook.com/DrRadziJidin/posts/pfbid0xzpmBmuME3Vw2L4wTbJhQVHXZBi9GZd5MYLpuhxqwSwEJZpknxebwwW8p4a28UKhl,pfbid0xzpmBmuME3Vw2L4wTbJhQVHXZBi9GZd5MYLpuhxqwSwEJZpknxebwwW8p4a28UKhl,negative,2026-06-12 06:43:31+00:00,2,0,0,0,0.012110298871993996,2,,Ahmad Azarul,0.0,negative,0.9596323370933533,malay,Malay/Bumiputera,happy,0.023818213492631912,0.03225134313106537,0.5700926184654236,0.015591217204928398,0.2496475875377655,0.02923274040222168
facebook,comment,Y29tbWVudDoxNTM4OTY4OTcwOTMzNTcwXzEwMTI3MzQ2ODc5MTU1NTM=,Xpayah dok kalut lah. Dapat 2000 undi kira hebat dah tu,,https://www.facebook.com/DrRadziJidin/posts/pfbid0xzpmBmuME3Vw2L4wTbJhQVHXZBi9GZd5MYLpuhxqwSwEJZpknxebwwW8p4a28UKhl,pfbid0xzpmBmuME3Vw2L4wTbJhQVHXZBi9GZd5MYLpuhxqwSwEJZpknxebwwW8p4a28UKhl,neutral,2026-06-12 10:00:53+00:00,0,0,0,0,0.5,0,,Pelayar Kota Kedua,0.0,neutral,0.7760152816772461,english,Mixed/Urban,anger,0.2694091498851776,0.246890127658844,0.07328236103057861,0.08637949079275131,0.11316412687301636,0.08108119666576385
facebook,post,1541468480978713,SPR sudah terima notis pembubaran DUN Negeri Sembilan,https://www.facebook.com/UtusanOnline/posts/pfbid0SG5WHRcLX1npZGusTuPAhwtGkieUz7vsh4AnTS4jqsznSDm2ncSazg2GZY2tgcrel,,,positive,2026-06-05 06:33:46+00:00,0,0,15,0,0.889262694120407,15,45.0,,,positive,0.6308756470680237,multilingual,Unknown,no_clear_emotion,0.02098539099097252,0.06633996218442917,0.22719302773475647,0.022744113579392433,0.07151142507791519,0.12804168462753296
facebook,comment,Y29tbWVudDoxNTQxNDY4NDgwOTc4NzEzXzE2ODY3MjUzMzkzMzc3OTM=,"Apa² shja yg mengguntungkan kpd Islam dan org melayu teruskan, formula terbaik kena capai utk humban mudarat besar dap dan Ph",,https://www.facebook.com/UtusanOnline/posts/pfbid0SG5WHRcLX1npZGusTuPAhwtGkieUz7vsh4AnTS4jqsznSDm2ncSazg2GZY2tgcrel,pfbid0SG5WHRcLX1npZGusTuPAhwtGkieUz7vsh4AnTS4jqsznSDm2ncSazg2GZY2tgcrel,negative,2026-06-05 06:40:30+00:00,2,0,1,0,0.0067451834678650124,4,,PHan Fizs,0.0,negative,0.9775160551071167,malay,Malay/Bumiputera,love,0.05421697720885277,0.03513915091753006,0.15252557396888733,0.01576736383140087,0.623120129108429,0.017574883997440338
facebook,comment,Y29tbWVudDoxNTQxNDY4NDgwOTc4NzEzXzEzMzc1MzMwNjUxMzk0MDU=,"Sah ke tak pmbubaran DUN negeri sembilan? deklarasi pmbubaran dun kena ada tndatgn Yamtuan Bsr, Undang luak b4 n tgku bsr tmpin.",,https://www.facebook.com/UtusanOnline/posts/pfbid0SG5WHRcLX1npZGusTuPAhwtGkieUz7vsh4AnTS4jqsznSDm2ncSazg2GZY2tgcrel,pfbid0SG5WHRcLX1npZGusTuPAhwtGkieUz7vsh4AnTS4jqsznSDm2ncSazg2GZY2tgcrel,negative,2026-06-05 06:50:55+00:00,0,0,1,0,0.0005795538425445446,2,,Mohd Zaikam,0.0,negative,0.9980681538581848,malay,Malay/Bumiputera,no_clear_emotion,0.08699619770050049,0.1602717638015747,0.051571134477853775,0.03476687893271446,0.08318857848644257,0.12320562452077866
facebook,comment,Y29tbWVudDoxNTQxNDY4NDgwOTc4NzEzXzE3MTg0NDk3MTI5MjE3NTg=,"Politik Malaysia menuju kearah kehancuran angkara umno 

Selamatkan kami ya allah

Ya allah selamatkan Malaysia daripada umno

Ya allah, halaukanlah dan keluarkanlah umno dari kerajaan malaysia.",,https://www.facebook.com/UtusanOnline/posts/pfbid0SG5WHRcLX1npZGusTuPAhwtGkieUz7vsh4AnTS4jqsznSDm2ncSazg2GZY2tgcrel,pfbid0SG5WHRcLX1npZGusTuPAhwtGkieUz7vsh4AnTS4jqsznSDm2ncSazg2GZY2tgcrel,negative,2026-06-05 06:41:10+00:00,2,0,0,0,0.0005001604557037242,2,,Izzat Izzat,0.0,negative,0.9983327984809875,malay,Malay/Bumiputera,happy,0.24949590861797333,0.04055548459291458,0.3087157607078552,0.02364840917289257,0.307229220867157,0.01427523884922266
facebook,comment,Y29tbWVudDoxNTQxNDY4NDgwOTc4NzEzXzEwMDEzMzkxNDkwNTk5MTk=,"Cepat speaker buat kerja

PH tak perlu lawan BN lah. PH dapat kalah kan parti BERSAMA pun dah cukup bagus ya",,https://www.facebook.com/UtusanOnline/posts/pfbid0SG5WHRcLX1npZGusTuPAhwtGkieUz7vsh4AnTS4jqsznSDm2ncSazg2GZY2tgcrel,pfbid0SG5WHRcLX1npZGusTuPAhwtGkieUz7vsh4AnTS4jqsznSDm2ncSazg2GZY2tgcrel,positive,2026-06-05 06:40:05+00:00,2,0,0,0,0.8523682206869125,2,,Juwita Kasih,0.0,positive,0.5078940689563751,multilingual,Unknown,love,0.15049585700035095,0.046526871621608734,0.05841294303536415,0.11381464451551437,0.3143397867679596,0.045961976051330566
facebook,comment,Y29tbWVudDoxNTQxNDY4NDgwOTc4NzEzXzIwNDI4NTc4ODk5NjkwNjU=,Semoga rakyat Malaysia buat pilihan yg terbaik. Pilihan yg boleh mereka bertanggungjawab untuk kesejahteraan dan ekonomi yg mantap. Jgn salah pilihan yg penting kan sendiri,,https://www.facebook.com/UtusanOnline/posts/pfbid0SG5WHRcLX1npZGusTuPAhwtGkieUz7vsh4AnTS4jqsznSDm2ncSazg2GZY2tgcrel,pfbid0SG5WHRcLX1npZGusTuPAhwtGkieUz7vsh4AnTS4jqsznSDm2ncSazg2GZY2tgcrel,positive,2026-06-05 12:26:52+00:00,0,0,0,0,0.9993962168693542,0,,Koey Nor Azhari,0.0,positive,0.9979873895645142,malay,Malay/Bumiputera,happy,0.06111827865242958,0.04608190432190895,0.5558555126190186,0.02172386460006237,0.25740882754325867,0.013453505001962185
facebook,comment,Y29tbWVudDoxNTQxNDY4NDgwOTc4NzEzXzEzMTg5MjIyMTM1NDUyNDU=,"Bukan setakat rakyat dan pengundi N9 yg pening,dan menjadi tanya sah atau tdk,perlantikan YDPB N9,kedua DUN dah bubar hari ni,nak tanya adakah mendapat persetujuan undang yg 4 + 1 TBT?.",,https://www.facebook.com/UtusanOnline/posts/pfbid0SG5WHRcLX1npZGusTuPAhwtGkieUz7vsh4AnTS4jqsznSDm2ncSazg2GZY2tgcrel,pfbid0SG5WHRcLX1npZGusTuPAhwtGkieUz7vsh4AnTS4jqsznSDm2ncSazg2GZY2tgcrel,negative,2026-06-05 08:06:50+00:00,0,0,0,0,0.0006823360919952504,0,,Ibrahim Jidin,0.0,negative,0.9977255463600159,malay,Malay/Bumiputera,surprise,0.01680072210729122,0.0832328051328659,0.02645493857562542,0.02474639192223549,0.033557597547769547,0.6603724956512451
facebook,comment,Y29tbWVudDoxNTQxNDY4NDgwOTc4NzEzXzI1MTk2OTY0Nzg0NjcxMDc=,Selamat bertanding semua parti-parti yang berminat untuk bertanding.,,https://www.facebook.com/UtusanOnline/posts/pfbid0SG5WHRcLX1npZGusTuPAhwtGkieUz7vsh4AnTS4jqsznSDm2ncSazg2GZY2tgcrel,pfbid0SG5WHRcLX1npZGusTuPAhwtGkieUz7vsh4AnTS4jqsznSDm2ncSazg2GZY2tgcrel,negative,2026-06-05 07:16:37+00:00,0,0,0,0,0.0004798114299774392,0,,Johari Ibrahim,0.0,negative,0.9984006285667419,malay,Malay/Bumiputera,happy,0.023445742204785347,0.022692590951919556,0.8604856729507446,0.0061327312141656876,0.030517788603901863,0.011299424804747105
facebook,comment,Y29tbWVudDoxNTQxNDY4NDgwOTc4NzEzXzE1MDk3NzEwNzA2OTIyMDY=,Sah ke?????,,https://www.facebook.com/UtusanOnline/posts/pfbid0SG5WHRcLX1npZGusTuPAhwtGkieUz7vsh4AnTS4jqsznSDm2ncSazg2GZY2tgcrel,pfbid0SG5WHRcLX1npZGusTuPAhwtGkieUz7vsh4AnTS4jqsznSDm2ncSazg2GZY2tgcrel,negative,2026-06-05 06:53:36+00:00,0,0,2,0,0.08469214439392089,4,,Abdul Rahman Halim,0.0,negative,0.7176928520202637,multilingual,Unknown,no_clear_emotion,0.17375396192073822,0.1406959444284439,0.10654903203248978,0.08928686380386353,0.14716677367687225,0.11308534443378448
facebook,comment,Y29tbWVudDoxNTQxNDY4NDgwOTc4NzEzXzEwMDQ3NTExNzUyODYzMDA=,Pembubaran DUN secara undang-undang memerlukan perkenan Yang di-Pertuan Besar bersama sekurang-kurangnya tiga daripada Undang Yang Empat.,,https://www.facebook.com/UtusanOnline/posts/pfbid0SG5WHRcLX1npZGusTuPAhwtGkieUz7vsh4AnTS4jqsznSDm2ncSazg2GZY2tgcrel,pfbid0SG5WHRcLX1npZGusTuPAhwtGkieUz7vsh4AnTS4jqsznSDm2ncSazg2GZY2tgcrel,positive,2026-06-05 06:51:55+00:00,0,0,0,0,0.9907601296901702,0,,Azrin Abdullah Arifhanifhadifaqifafif,0.0,positive,0.9692004323005676,malay,Malay/Bumiputera,no_clear_emotion,0.050463806837797165,0.04408789798617363,0.0683654323220253,0.02900880202651024,0.09501343965530396,0.05202369764447212
facebook,comment,Y29tbWVudDoxNTQxNDY4NDgwOTc4NzEzXzk4MTE2ODE4MTQ2ODc5Ng==,Saya cadangkan anda melawat   Emelda Shazreen anda boleh belajar banyak di sana.,,https://www.facebook.com/UtusanOnline/posts/pfbid0SG5WHRcLX1npZGusTuPAhwtGkieUz7vsh4AnTS4jqsznSDm2ncSazg2GZY2tgcrel,pfbid0SG5WHRcLX1npZGusTuPAhwtGkieUz7vsh4AnTS4jqsznSDm2ncSazg2GZY2tgcrel,positive,2026-06-05 07:16:46+00:00,0,0,0,0,0.999373310804367,0,,Bastian Rodríguez,0.0,positive,0.9979110360145569,malay,Malay/Bumiputera,love,0.04667210578918457,0.02301979623734951,0.048844460397958755,0.023515021428465843,0.8116234540939331,0.01896517537534237
facebook,post,1481416624014249,"PRN Negeri Sembilan: Penamaan Calon 18 Julai, Pengundian 1 Ogos

Suruhanjaya Pilihan Raya (SPR) menetapkan 18 Julai sebagai hari penamaan calon bagi Pilihan Raya Negeri (PRN) Negeri Sembilan Ke-16.

Pengundian awal akan berlangsung pada 28 Julai, manakala hari pengundian biasa ditetapkan pada 1 Ogos depan. Tempoh berkempen pula ditetapkan selama 14 hari bermula selepas proses penamaan calon.

Jangan lupa tunaikan tanggungjawab sebagai pengundi. Buat pilihan bijak demi masa depan Negeri Sembilan. 

#NegeriSembilanKiNi",https://www.facebook.com/negeriSembilainfokini/posts/pfbid0zVRoBj3jG63Zohf2B1wMmR7i4jMppAkvqF23a9NUZRo9fkGtqiZT82jUitkqx1Gil,,,neutral,2026-06-12 07:55:32+00:00,0,0,14,0,0.5,14,42.0,,,neutral,0.9907425045967102,malay,Malay/Bumiputera,no_clear_emotion,0.032384052872657776,0.026847686618566513,0.062029965221881866,0.020587967708706856,0.09287108480930328,0.03160787373781204
facebook,comment,Y29tbWVudDoxNDgxNDE2NjI0MDE0MjQ5Xzk4MTM5NTIwNDUxMzI1NA==,"Dap ditolak, Saya tak kisah bn ke atau Pas ke menang...",,https://www.facebook.com/negeriSembilainfokini/posts/pfbid0zVRoBj3jG63Zohf2B1wMmR7i4jMppAkvqF23a9NUZRo9fkGtqiZT82jUitkqx1Gil,pfbid0zVRoBj3jG63Zohf2B1wMmR7i4jMppAkvqF23a9NUZRo9fkGtqiZT82jUitkqx1Gil,negative,2026-06-12 09:00:38+00:00,3,0,5,0,0.023661428689956687,13,,Razman Raizuki,0.0,negative,0.9211285710334778,multilingual,Unknown,anger,0.45400726795196533,0.03788268193602562,0.021759752184152603,0.16321757435798645,0.11929964274168015,0.03771647810935974
facebook,comment,Y29tbWVudDoxNDgxNDE2NjI0MDE0MjQ5XzM1ODUzOTAyMzgyNzg2MDI=,"No PH, No BN, No PN. UNDI Bersama.",,https://www.facebook.com/negeriSembilainfokini/posts/pfbid0zVRoBj3jG63Zohf2B1wMmR7i4jMppAkvqF23a9NUZRo9fkGtqiZT82jUitkqx1Gil,pfbid0zVRoBj3jG63Zohf2B1wMmR7i4jMppAkvqF23a9NUZRo9fkGtqiZT82jUitkqx1Gil,neutral,2026-06-16 22:45:20+00:00,1,0,0,0,0.5,1,,Kholdon Bon Hosson,0.0,neutral,0.5360032320022583,english,Mixed/Urban,no_clear_emotion,0.0285286083817482,0.017422959208488464,0.01638156920671463,0.011523370631039143,0.019332420080900192,0.022618846967816353
facebook,comment,Y29tbWVudDoxNDgxNDE2NjI0MDE0MjQ5XzIxMTkxMjgwMjU3MDM1MzU=,,,https://www.facebook.com/negeriSembilainfokini/posts/pfbid0zVRoBj3jG63Zohf2B1wMmR7i4jMppAkvqF23a9NUZRo9fkGtqiZT82jUitkqx1Gil,pfbid0zVRoBj3jG63Zohf2B1wMmR7i4jMppAkvqF23a9NUZRo9fkGtqiZT82jUitkqx1Gil,neutral,2026-06-13 08:30:30+00:00,3,0,0,0,0.5,3,,Mohd Zapari Abas,0.0,neutral,0.0,unknown,Unknown,neutral,0.0,0.0,0.0,0.0,0.0,0.0
facebook,comment,Y29tbWVudDoxNDgxNDE2NjI0MDE0MjQ5XzIxMDQzNjA3MzM4NDIzOTA=,Den bagitahu awal awal den malas nak balik undi hahahaha,,https://www.facebook.com/negeriSembilainfokini/posts/pfbid0zVRoBj3jG63Zohf2B1wMmR7i4jMppAkvqF23a9NUZRo9fkGtqiZT82jUitkqx1Gil,pfbid0zVRoBj3jG63Zohf2B1wMmR7i4jMppAkvqF23a9NUZRo9fkGtqiZT82jUitkqx1Gil,neutral,2026-06-12 09:58:11+00:00,1,0,2,0,0.5,5,,Muhammad Hamra,0.0,neutral,0.7479553818702698,english,Mixed/Urban,anger,0.5178465843200684,0.14787961542606354,0.018595103174448013,0.22604192793369293,0.02382774092257023,0.02122839353978634
facebook,comment,Y29tbWVudDoxNDgxNDE2NjI0MDE0MjQ5XzE0MDU5MzA4NjQ2Nzk3NDY=,Sy x geran pun ni semua,,https://www.facebook.com/negeriSembilainfokini/posts/pfbid0zVRoBj3jG63Zohf2B1wMmR7i4jMppAkvqF23a9NUZRo9fkGtqiZT82jUitkqx1Gil,pfbid0zVRoBj3jG63Zohf2B1wMmR7i4jMppAkvqF23a9NUZRo9fkGtqiZT82jUitkqx1Gil,neutral,2026-06-16 09:21:04+00:00,0,0,0,0,0.5,0,,Zilamadeq Zila,0.0,neutral,0.8338387608528137,english,Mixed/Urban,surprise,0.013927307911217213,0.13171279430389404,0.014152678661048412,0.04926188662648201,0.015512154437601566,0.747761070728302
facebook,comment,Y29tbWVudDoxNDgxNDE2NjI0MDE0MjQ5XzIwNTgyMDg0OTUxMzI2NjE=,NO DAP,,https://www.facebook.com/negeriSembilainfokini/posts/pfbid0zVRoBj3jG63Zohf2B1wMmR7i4jMppAkvqF23a9NUZRo9fkGtqiZT82jUitkqx1Gil,pfbid0zVRoBj3jG63Zohf2B1wMmR7i4jMppAkvqF23a9NUZRo9fkGtqiZT82jUitkqx1Gil,negative,2026-06-14 01:22:42+00:00,1,0,0,0,0.08403189182281492,1,,Cikpuan DK,0.0,negative,0.7198936939239502,multilingual,Unknown,no_clear_emotion,0.1029961034655571,0.05440303310751915,0.05116045102477074,0.019879227504134178,0.1445244550704956,0.04553588852286339
facebook,post,1488511063315273,"PENGUMUMAN TARIKH-TARIKH PENTING PRU DEWAN NEGERI KE-16 BAGI NEGERI JOHOR DAN NEGERI SEMBILAN

Suruhanjaya Pilihan Raya Malaysia (SPR) telah mengeluarkan jadual dan tarikh-tarikh penting bagi pelaksanaan Pilihan Raya Umum Dewan Negeri Ke-16 bagi Negeri Johor dan Negeri Sembilan.",https://www.facebook.com/SuaraTV/posts/pfbid04xNBrEnS1w8uxD5AKY4xbB8pc924DZeYwzSRfGqinFFEbw2wdWAG22VHcfmVxonrl,,,neutral,2026-06-12 05:03:24+00:00,0,0,10,0,0.5,10,30.0,,,neutral,0.9977045655250549,malay,Malay/Bumiputera,no_clear_emotion,0.04990158602595329,0.033374980092048645,0.06831742823123932,0.02208978310227394,0.04472782462835312,0.031767260283231735
facebook,comment,Y29tbWVudDoxNDg4NTExMDYzMzE1MjczXzE1MTkyNTk3NTI5MTI1Njg=,https://suara.tv/12/06/2026/prn-johor-11-julai-negeri-sembilan-1-ogos-2026-spr/,,https://www.facebook.com/SuaraTV/posts/pfbid04xNBrEnS1w8uxD5AKY4xbB8pc924DZeYwzSRfGqinFFEbw2wdWAG22VHcfmVxonrl,pfbid04xNBrEnS1w8uxD5AKY4xbB8pc924DZeYwzSRfGqinFFEbw2wdWAG22VHcfmVxonrl,neutral,2026-06-12 05:05:45+00:00,1,0,0,0,0.5,1,,Suara.TV,0.0,neutral,0.8563886880874634,english,Mixed/Urban,no_clear_emotion,0.08113870024681091,0.03795599192380905,0.06424172967672348,0.04309404641389847,0.2655353844165802,0.052850253880023956
facebook,comment,Y29tbWVudDoxNDg4NTExMDYzMzE1MjczXzE4Mzg3NzczODcwODI1MjI=,semoga Allah membarikan kemenangan besar buat Barisan Nasional dan hancurkan Rejim PHDAP dibumi Johor dan N9 Amin 🤲🏼,,https://www.facebook.com/SuaraTV/posts/pfbid04xNBrEnS1w8uxD5AKY4xbB8pc924DZeYwzSRfGqinFFEbw2wdWAG22VHcfmVxonrl,pfbid04xNBrEnS1w8uxD5AKY4xbB8pc924DZeYwzSRfGqinFFEbw2wdWAG22VHcfmVxonrl,positive,2026-06-12 06:27:17+00:00,1,0,3,0,0.8502373933792113,7,,Walaun Walanon,0.0,positive,0.5007913112640381,english,Mixed/Urban,love,0.1686493307352066,0.05861698091030121,0.1549019068479538,0.12459062039852142,0.3111897110939026,0.031508710235357285
facebook,comment,Y29tbWVudDoxNDg4NTExMDYzMzE1MjczXzk2ODQ2MzQzNjE2NzExMQ==,Hidup bn,,https://www.facebook.com/SuaraTV/posts/pfbid04xNBrEnS1w8uxD5AKY4xbB8pc924DZeYwzSRfGqinFFEbw2wdWAG22VHcfmVxonrl,pfbid04xNBrEnS1w8uxD5AKY4xbB8pc924DZeYwzSRfGqinFFEbw2wdWAG22VHcfmVxonrl,neutral,2026-06-12 09:05:05+00:00,0,0,0,0,0.5,0,,Embah Lanang,0.0,neutral,0.5731819272041321,english,Mixed/Urban,love,0.12011323869228363,0.060654494911432266,0.13847500085830688,0.04865486919879913,0.39626583456993103,0.04791205748915672
facebook,comment,Y29tbWVudDoxNDg4NTExMDYzMzE1MjczXzE2OTE4MTE2MDIwMzIyNDM=,"Walaun Walanon nak menang besar mcm mana Cina solid pd DAP,Melayu pecah pada PKR,UMNO amanah,pas bersatu.Tinggal angan angan kau aje",,https://www.facebook.com/SuaraTV/posts/pfbid04xNBrEnS1w8uxD5AKY4xbB8pc924DZeYwzSRfGqinFFEbw2wdWAG22VHcfmVxonrl,pfbid04xNBrEnS1w8uxD5AKY4xbB8pc924DZeYwzSRfGqinFFEbw2wdWAG22VHcfmVxonrl,negative,2026-06-12 06:46:32+00:00,0,0,2,0,0.09177428483963013,4,,Kamal Kassim,0.0,negative,0.6940857172012329,multilingual,Unknown,love,0.06500419974327087,0.022363705560564995,0.11299788951873779,0.020164135843515396,0.5773506164550781,0.019313305616378784
facebook,comment,Y29tbWVudDoxNDg4NTExMDYzMzE1MjczXzE1NDQ2MDUwODAzNDQ4MDc=,date Undi N9 sama dgn rxz member day. tgk la melayu bodoh pergi rxz atau turun undi pertahan bangsa & agama. idea Dap ni la nk hapus undi melayu kt N9. cina mana join sgt rxz member,,https://www.facebook.com/SuaraTV/posts/pfbid04xNBrEnS1w8uxD5AKY4xbB8pc924DZeYwzSRfGqinFFEbw2wdWAG22VHcfmVxonrl,pfbid04xNBrEnS1w8uxD5AKY4xbB8pc924DZeYwzSRfGqinFFEbw2wdWAG22VHcfmVxonrl,negative,2026-06-14 15:10:15+00:00,0,0,0,0,0.07742832899093627,0,,Shopping Best & Murah ,0.0,negative,0.7419055700302124,multilingual,Unknown,no_clear_emotion,0.20120427012443542,0.025521034374833107,0.07072234898805618,0.09156976640224457,0.2539081275463104,0.03989481180906296
facebook,post,122169770300889932,"Suruhanjaya Pilihan Raya (SPR) menetapkan hari pengundian bagi Pilihan Raya Negeri ke-16 (PRN16) di Johor pada 11 Julai 2026. 

Manakala tarikh pengundian bagi PRN16 di Negeri Sembilan pula ditetapkan pada 1 Ogos 2026.

#BeritaKS #KSinfografik",https://www.facebook.com/beritaks/posts/pfbid0U2xLKaD8tHW299VwVWmsqTULKMHv6PN8zFLGc8LsxJK5MmjhevcUrVQjxAtragzTl,,,negative,2026-06-12 04:57:52+00:00,0,0,7,0,0.16405465453863144,7,21.0,,,negative,0.4531511515378952,multilingual,Unknown,no_clear_emotion,0.03411300107836723,0.02975667640566826,0.04956047609448433,0.01793847233057022,0.047259941697120667,0.03339020535349846
facebook,comment,Y29tbWVudDoxMjIxNjk3NzAzMDA4ODk5MzJfMTU0ODczMzg5OTk3MzYzMw==,semoga Allah membarikan kemenangan besar buat Barisan Nasional dan hancurkan Rejim PHDAP dibumi Johor dan N9 Amin 🤲🏼,,https://www.facebook.com/beritaks/posts/pfbid0U2xLKaD8tHW299VwVWmsqTULKMHv6PN8zFLGc8LsxJK5MmjhevcUrVQjxAtragzTl,pfbid0U2xLKaD8tHW299VwVWmsqTULKMHv6PN8zFLGc8LsxJK5MmjhevcUrVQjxAtragzTl,positive,2026-06-12 06:23:53+00:00,4,0,2,0,0.8502373933792113,8,,Walaun Walanon,0.0,positive,0.5007913112640381,english,Mixed/Urban,love,0.1686493307352066,0.05861698091030121,0.1549019068479538,0.12459062039852142,0.3111897110939026,0.031508710235357285
facebook,comment,Y29tbWVudDoxMjIxNjk3NzAzMDA4ODk5MzJfMTMyMDUzOTgwMzU1ODc0MA==,Berita baru ! Pengundi di  parlimen PANDAN sudah mula tolak rafizi! Lepas KALAH PEMILIHAN DIA belah mcmtu je TINGGALKAN PENGUNDI. PENGUNDI PANDAN taknak pemimpin tak bertanggungjawap mcm rafizi!,,https://www.facebook.com/beritaks/posts/pfbid0U2xLKaD8tHW299VwVWmsqTULKMHv6PN8zFLGc8LsxJK5MmjhevcUrVQjxAtragzTl,pfbid0U2xLKaD8tHW299VwVWmsqTULKMHv6PN8zFLGc8LsxJK5MmjhevcUrVQjxAtragzTl,negative,2026-06-12 08:21:24+00:00,1,0,0,0,0.0004986405372619518,1,,Sulaiman Akhlakan,0.0,negative,0.9983378648757935,malay,Malay/Bumiputera,anger,0.3952198922634125,0.05811585113406181,0.0265542883425951,0.08453398197889328,0.2514111399650574,0.04265321046113968
facebook,comment,Y29tbWVudDoxMjIxNjk3NzAzMDA4ODk5MzJfNDU0NDMxMTU4OTEzMzk5OQ==,"Berani letak jawatan bererti tak heran dengan kuasa.. perancangan ekonomi bagus📈.. latar belakang akauntan.. berprinsip.. Dengan jumlah penyokong Parti Bersama yang semakin bertambah, Rafizi pemimpin akar umbi calon perdana menteri terbaik untuk pelbagai kaum 👍",,https://www.facebook.com/beritaks/posts/pfbid0U2xLKaD8tHW299VwVWmsqTULKMHv6PN8zFLGc8LsxJK5MmjhevcUrVQjxAtragzTl,pfbid0U2xLKaD8tHW299VwVWmsqTULKMHv6PN8zFLGc8LsxJK5MmjhevcUrVQjxAtragzTl,negative,2026-06-12 05:17:05+00:00,1,0,0,0,0.00048152804374695934,1,,Syed Ifzan Ben Yahya,0.0,negative,0.9983949065208435,malay,Malay/Bumiputera,no_clear_emotion,0.1813151240348816,0.10521379113197327,0.17681598663330078,0.017245400696992874,0.07074376940727234,0.10553482174873352
facebook,comment,Y29tbWVudDoxMjIxNjk3NzAzMDA4ODk5MzJfMTA0MzA4NTMzMTQ5MDY1MQ==,Rakyat' Johor dan Negeri sembilan akan pastikan tiada lagi parti PKR dan DAP juga PN di PRN dan PRU akan datang...parti tersebut hanya tinggal sejarah saja.,,https://www.facebook.com/beritaks/posts/pfbid0U2xLKaD8tHW299VwVWmsqTULKMHv6PN8zFLGc8LsxJK5MmjhevcUrVQjxAtragzTl,pfbid0U2xLKaD8tHW299VwVWmsqTULKMHv6PN8zFLGc8LsxJK5MmjhevcUrVQjxAtragzTl,negative,2026-06-17 11:15:07+00:00,0,0,0,0,0.00048038363456726074,0,,Abdul Rahman Yusof,0.0,negative,0.9983987212181091,malay,Malay/Bumiputera,surprise,0.01759842038154602,0.054253511130809784,0.023095669224858284,0.09730281680822372,0.15150444209575653,0.4630800485610962
facebook,comment,Y29tbWVudDoxMjIxNjk3NzAzMDA4ODk5MzJfMTM1NjQwMzY0OTE5NzU3NQ==,"11hb...org pertama.undi...
BN....",,https://www.facebook.com/beritaks/posts/pfbid0U2xLKaD8tHW299VwVWmsqTULKMHv6PN8zFLGc8LsxJK5MmjhevcUrVQjxAtragzTl,pfbid0U2xLKaD8tHW299VwVWmsqTULKMHv6PN8zFLGc8LsxJK5MmjhevcUrVQjxAtragzTl,neutral,2026-06-17 09:49:08+00:00,0,0,0,0,0.5,0,,Ridz Mai,0.0,neutral,0.8796448111534119,english,Mixed/Urban,no_clear_emotion,0.010198919102549553,0.010954946279525757,0.009831851348280907,0.009394107386469841,0.025647323578596115,0.05288240313529968
facebook,post,1570378104458650,"SPR tentukan tarikh penting PRN Johor, Negeri Sembilan Jumaat ini",https://www.facebook.com/BuletinTV3Official/posts/pfbid02v7J4VfEufyqVCpEVH4rL1Qxb1T1jdA97kGLzoCHfhLCaaMGTXDwizGpLXHsfvfVVl,,,positive,2026-06-08 09:40:07+00:00,0,0,5,0,0.8334702968597412,5,15.0,,,positive,0.4449009895324707,multilingual,Unknown,no_clear_emotion,0.03230676427483559,0.024478519335389137,0.0961027443408966,0.012142004445195198,0.10590019822120667,0.016721859574317932
facebook,comment,Y29tbWVudDoxNTcwMzc4MTA0NDU4NjUwXzI0MDU1NDE4ODY2Mjc1Mjk=,Berita penuh di https://www.buletintv3.my/nasional/spr-tentukan-tarikh-penting-prn-johor-negeri-sembilan-jumaat-ini/,,https://www.facebook.com/BuletinTV3Official/posts/pfbid02v7J4VfEufyqVCpEVH4rL1Qxb1T1jdA97kGLzoCHfhLCaaMGTXDwizGpLXHsfvfVVl,pfbid02v7J4VfEufyqVCpEVH4rL1Qxb1T1jdA97kGLzoCHfhLCaaMGTXDwizGpLXHsfvfVVl,neutral,2026-06-08 09:40:39+00:00,0,0,0,0,0.5,0,,Buletin TV3,0.0,neutral,0.8674577474594116,english,Mixed/Urban,no_clear_emotion,0.04715314880013466,0.05225103721022606,0.06408529728651047,0.040037233382463455,0.13978436589241028,0.050335027277469635
facebook,comment,Y29tbWVudDoxNTcwMzc4MTA0NDU4NjUwXzE4MTMzMTYwNjY3MDk4MjI=,"Pastikan PRN dikawal ketat..dari buang undi hinggalah pengiraan undi.bab biasalah,sekarang ni semua agensi dia mahu pegang",,https://www.facebook.com/BuletinTV3Official/posts/pfbid02v7J4VfEufyqVCpEVH4rL1Qxb1T1jdA97kGLzoCHfhLCaaMGTXDwizGpLXHsfvfVVl,pfbid02v7J4VfEufyqVCpEVH4rL1Qxb1T1jdA97kGLzoCHfhLCaaMGTXDwizGpLXHsfvfVVl,negative,2026-06-08 09:57:37+00:00,0,0,0,0,0.07924785017967223,0,,Andi Aco,0.0,negative,0.7358404994010925,multilingual,Unknown,no_clear_emotion,0.04124552384018898,0.01868767850100994,0.039627254009246826,0.011473061516880989,0.07741859555244446,0.03078683465719223
facebook,comment,Y29tbWVudDoxNTcwMzc4MTA0NDU4NjUwXzIzMDc2NTM1MjI5NzE1NTk=,"Rumah produksi SPR, SPRM dan PDRM sekali lagi kamu diberikan peluang untuk menterjemahkan penguatkuasaan yang seimbang dan berpaksi. Penonton pasti akan ada babak dan aksi melampaui sempadan SOP semasa kempen promosi jualan mega untuk memukat emosi pengundi.🤔",,https://www.facebook.com/BuletinTV3Official/posts/pfbid02v7J4VfEufyqVCpEVH4rL1Qxb1T1jdA97kGLzoCHfhLCaaMGTXDwizGpLXHsfvfVVl,pfbid02v7J4VfEufyqVCpEVH4rL1Qxb1T1jdA97kGLzoCHfhLCaaMGTXDwizGpLXHsfvfVVl,positive,2026-06-08 10:37:45+00:00,0,0,0,0,0.9994118988513946,0,,Metafora Estetika,0.0,positive,0.9980396628379822,malay,Malay/Bumiputera,no_clear_emotion,0.033966947346925735,0.01260610856115818,0.03254611790180206,0.01652100868523121,0.08138804882764816,0.03507100045681
facebook,comment,Y29tbWVudDoxNTcwMzc4MTA0NDU4NjUwXzEwMzI4NjM4MjkzOTk3MTY=,Ok,,https://www.facebook.com/BuletinTV3Official/posts/pfbid02v7J4VfEufyqVCpEVH4rL1Qxb1T1jdA97kGLzoCHfhLCaaMGTXDwizGpLXHsfvfVVl,pfbid02v7J4VfEufyqVCpEVH4rL1Qxb1T1jdA97kGLzoCHfhLCaaMGTXDwizGpLXHsfvfVVl,positive,2026-06-08 09:48:36+00:00,0,0,0,0,0.907010594010353,0,,TZ AB,0.0,positive,0.6900353133678436,multilingual,Unknown,love,0.17592325806617737,0.08659125119447708,0.128899484872818,0.04757596552371979,0.3093903660774231,0.05776738002896309
facebook,comment,Y29tbWVudDoxNTcwMzc4MTA0NDU4NjUwXzE2OTQwMjY1ODUwODM0NjY=,Cpt sikit jgn teehegeh2..nk kuburkn BN umno dijohor dn N9,,https://www.facebook.com/BuletinTV3Official/posts/pfbid02v7J4VfEufyqVCpEVH4rL1Qxb1T1jdA97kGLzoCHfhLCaaMGTXDwizGpLXHsfvfVVl,pfbid02v7J4VfEufyqVCpEVH4rL1Qxb1T1jdA97kGLzoCHfhLCaaMGTXDwizGpLXHsfvfVVl,neutral,2026-06-08 13:44:10+00:00,0,0,0,0,0.5,0,,Gagak Puteh,0.0,neutral,0.8502445816993713,english,Mixed/Urban,love,0.08455324918031693,0.02259061112999916,0.06275726854801178,0.035368356853723526,0.49428433179855347,0.031580712646245956
facebook,post,1535689591251455,"Terima kasih kepada rakyat Negeri Sembilan yang hadir memeriahkan Majlis Pelancaran Jentera Pilihan Raya Pakatan Harapan Negeri Sembilan yang berlangsung di Karisma Arena, Seremban.

Alhamdulillah, suasana pada malam ini cukup meriah dengan kehadiran pimpinan, ahli-ahli serta para penyokong Pakatan Harapan dari seluruh Negeri Sembilan yang memenuhi dewan dengan semangat dan keyakinan yang tinggi.

Majlis ini menghimpunkan seluruh jentera Pakatan Harapan dalam usaha memperkukuh semangat perjuangan, mempererat hubungan sesama anggota serta menyusun gerak kerja yang lebih tersusun dalam menghadapi cabaran politik yang mendatang.

Saya menekankan kepentingan seluruh pihak untuk bekerja dengan penuh semangat bagi memenangkan siapa sahaja calon Pakatan Harapan di 36 DUN yang ditandingi. 

Terima kasih kepada seluruh jentera yang sentiasa komited, istiqamah dan bekerja tanpa mengenal penat lelah demi memastikan agenda membela rakyat dapat diteruskan.

Semoga semangat yang ditunjukkan pada malam ini menjadi pemangkin untuk kita terus melangkah ke hadapan dengan penuh keyakinan, memperkukuh perpaduan serta meneruskan khidmat bakti kepada rakyat dan negeri yang kita cintai.

#PakatanHarapan
#BersihMuafakatSejahtera
#ProaktifMesraResponsif
#DemiNogori",https://www.facebook.com/dsaminuddinharun/posts/pfbid0kdrq5G4vUnpBvFZWkjS9oMHqAeCviyoNdPy2YXfHRVaWYmGY4cjkyLvuyB62CCUhl,,,positive,2026-06-12 17:44:54+00:00,0,0,3507,0,0.9994000971317291,3507,10521.0,,,positive,0.9980003237724304,malay,Malay/Bumiputera,love,0.05899833142757416,0.048520974814891815,0.0642736554145813,0.07179807126522064,0.6705015897750854,0.0375908799469471
facebook,comment,Y29tbWVudDoxNTM1Njg5NTkxMjUxNDU1XzE3NTkzOTU4MDU1MDQ4OTc=,tolong PH bermakna DAP kekal selama nya di Negeri Sembilan..Dajjal dan batu api sebenar ialah DAP.PKR pak turut yang menjayakan kan agenda DAP..Masa depan Negeri Sembilan jika PH masih menerajui Negeri Sembilan  akan sama seperti Pulau Pinang,,https://www.facebook.com/dsaminuddinharun/posts/pfbid0kdrq5G4vUnpBvFZWkjS9oMHqAeCviyoNdPy2YXfHRVaWYmGY4cjkyLvuyB62CCUhl,pfbid0kdrq5G4vUnpBvFZWkjS9oMHqAeCviyoNdPy2YXfHRVaWYmGY4cjkyLvuyB62CCUhl,negative,2026-06-12 22:49:24+00:00,0,0,545,0,0.0009122729301452859,1090,,Matahari Omar,0.0,negative,0.9969590902328491,malay,Malay/Bumiputera,love,0.044617246836423874,0.04037807509303093,0.3534264862537384,0.01920159161090851,0.4402157664299011,0.018611278384923935
facebook,comment,Y29tbWVudDoxNTM1Njg5NTkxMjUxNDU1XzE5MTkwNTY4Mjg3NTQ3MTA=,Terbaik..brape bas smlm dtg bwk???🤣ampuihhhhh,,https://www.facebook.com/dsaminuddinharun/posts/pfbid0kdrq5G4vUnpBvFZWkjS9oMHqAeCviyoNdPy2YXfHRVaWYmGY4cjkyLvuyB62CCUhl,pfbid0kdrq5G4vUnpBvFZWkjS9oMHqAeCviyoNdPy2YXfHRVaWYmGY4cjkyLvuyB62CCUhl,neutral,2026-06-13 02:57:46+00:00,111,0,9,0,0.5,129,,Izhunny Honey,0.0,neutral,0.991912841796875,malay,Malay/Bumiputera,love,0.03781760483980179,0.015621740370988846,0.026936793699860573,0.01596350222826004,0.7355701327323914,0.023982368409633636
facebook,comment,Y29tbWVudDoxNTM1Njg5NTkxMjUxNDU1XzEyNDkwMzMxMzA0NzUyMzQ=,Dewan tue kecik jer....sebab tue nampak ramai....aku tahu sebab dekat rumah aku..,,https://www.facebook.com/dsaminuddinharun/posts/pfbid0kdrq5G4vUnpBvFZWkjS9oMHqAeCviyoNdPy2YXfHRVaWYmGY4cjkyLvuyB62CCUhl,pfbid0kdrq5G4vUnpBvFZWkjS9oMHqAeCviyoNdPy2YXfHRVaWYmGY4cjkyLvuyB62CCUhl,neutral,2026-06-12 21:51:49+00:00,876,0,164,0,0.5,1204,,Zeddy Rooney,0.0,neutral,0.8090812563896179,english,Mixed/Urban,love,0.017010649666190147,0.015040062367916107,0.026970257982611656,0.01150166429579258,0.8062855005264282,0.05810096114873886
facebook,comment,Y29tbWVudDoxNTM1Njg5NTkxMjUxNDU1XzE1NTA5MTk2NDY3NDgyOTM=,"Mcm ni lah dulu suasana dan keadaan UMNO, last2 bungkus pd Pru 15....jgn ingat ramai yg dtg pada perhimpunan itu boleh menjanjikan kemenangan... kuasa di tangan rakyat...",,https://www.facebook.com/dsaminuddinharun/posts/pfbid0kdrq5G4vUnpBvFZWkjS9oMHqAeCviyoNdPy2YXfHRVaWYmGY4cjkyLvuyB62CCUhl,pfbid0kdrq5G4vUnpBvFZWkjS9oMHqAeCviyoNdPy2YXfHRVaWYmGY4cjkyLvuyB62CCUhl,negative,2026-06-12 22:28:18+00:00,220,0,31,0,0.0004939198493957297,282,,Zakaria Isa,0.0,negative,0.9983536005020142,malay,Malay/Bumiputera,no_clear_emotion,0.02055412530899048,0.01745285466313362,0.03902658820152283,0.017931748181581497,0.28567227721214294,0.07112249732017517
facebook,comment,Y29tbWVudDoxNTM1Njg5NTkxMjUxNDU1Xzg4MTU4Mjk1NDQ5MTE4Mw==,Lawan tetap lawan. Past PH menang besar.,,https://www.facebook.com/dsaminuddinharun/posts/pfbid0kdrq5G4vUnpBvFZWkjS9oMHqAeCviyoNdPy2YXfHRVaWYmGY4cjkyLvuyB62CCUhl,pfbid0kdrq5G4vUnpBvFZWkjS9oMHqAeCviyoNdPy2YXfHRVaWYmGY4cjkyLvuyB62CCUhl,negative,2026-06-13 00:13:25+00:00,86,0,14,0,0.06922574043273927,114,,Aznam Karim,0.0,negative,0.7692475318908691,multilingual,Unknown,no_clear_emotion,0.06040584668517113,0.015235424973070621,0.0722176805138588,0.025229766964912415,0.3341766893863678,0.034402258694171906
facebook,comment,Y29tbWVudDoxNTM1Njg5NTkxMjUxNDU1XzIwNzQyNzQ4OTk4MjcyMzc=,Klau mlayu bodo lgi nk undi party ni memang bodo lh,,https://www.facebook.com/dsaminuddinharun/posts/pfbid0kdrq5G4vUnpBvFZWkjS9oMHqAeCviyoNdPy2YXfHRVaWYmGY4cjkyLvuyB62CCUhl,pfbid0kdrq5G4vUnpBvFZWkjS9oMHqAeCviyoNdPy2YXfHRVaWYmGY4cjkyLvuyB62CCUhl,negative,2026-06-13 03:20:00+00:00,187,0,26,0,0.08836434781551361,239,,Zainap Yusof,0.0,negative,0.705452173948288,multilingual,Unknown,anger,0.33003342151641846,0.023120258003473282,0.08483431488275528,0.04955800622701645,0.2697829306125641,0.031466204673051834
facebook,comment,Y29tbWVudDoxNTM1Njg5NTkxMjUxNDU1XzQwNzc5MDE0OTIzNDUxNTA=,"Beghakkk la aii ""seluruh rakyat n9""...ber bas2 kek luar tu banyak eh org luar yo..💩💩💩",,https://www.facebook.com/dsaminuddinharun/posts/pfbid0kdrq5G4vUnpBvFZWkjS9oMHqAeCviyoNdPy2YXfHRVaWYmGY4cjkyLvuyB62CCUhl,pfbid0kdrq5G4vUnpBvFZWkjS9oMHqAeCviyoNdPy2YXfHRVaWYmGY4cjkyLvuyB62CCUhl,negative,2026-06-12 18:40:43+00:00,317,0,45,0,0.03758899569511415,407,,Hidayat Abdul Ghani,0.0,negative,0.8747033476829529,english,Mixed/Urban,no_clear_emotion,0.027425771579146385,0.011197257786989212,0.020104164257645607,0.023695340380072594,0.20823103189468384,0.05202624946832657
facebook,comment,Y29tbWVudDoxNTM1Njg5NTkxMjUxNDU1XzE3MjU0NTM1MDg0NDkwNDc=,Banyak org luar harap ph tumbang di n9 kli ni,,https://www.facebook.com/dsaminuddinharun/posts/pfbid0kdrq5G4vUnpBvFZWkjS9oMHqAeCviyoNdPy2YXfHRVaWYmGY4cjkyLvuyB62CCUhl,pfbid0kdrq5G4vUnpBvFZWkjS9oMHqAeCviyoNdPy2YXfHRVaWYmGY4cjkyLvuyB62CCUhl,neutral,2026-06-12 22:16:32+00:00,336,0,41,0,0.5,418,,Azman Bin Ismail,0.0,neutral,0.810773491859436,english,Mixed/Urban,sadness,0.07647395133972168,0.2292182892560959,0.053070101886987686,0.5103394985198975,0.05139339342713356,0.04311785101890564
facebook,comment,Y29tbWVudDoxNTM1Njg5NTkxMjUxNDU1Xzk0NDM2MDE5ODYzMjE3OA==,lautan merah .hebat org nogoriii...ini kalila jgn bgi peluang lagi geng tebuk atap....,,https://www.facebook.com/dsaminuddinharun/posts/pfbid0kdrq5G4vUnpBvFZWkjS9oMHqAeCviyoNdPy2YXfHRVaWYmGY4cjkyLvuyB62CCUhl,pfbid0kdrq5G4vUnpBvFZWkjS9oMHqAeCviyoNdPy2YXfHRVaWYmGY4cjkyLvuyB62CCUhl,neutral,2026-06-12 18:05:12+00:00,321,0,117,0,0.5,555,,Samsul Hj Yunus,0.0,neutral,0.854971706867218,english,Mixed/Urban,love,0.043577905744314194,0.054283179342746735,0.18003766238689423,0.016493147239089012,0.4851647913455963,0.034759096801280975
facebook,comment,Y29tbWVudDoxNTM1Njg5NTkxMjUxNDU1XzE1MzExNzcxODE5OTE4MTY=,Hero Tamil nih..,,https://www.facebook.com/dsaminuddinharun/posts/pfbid0kdrq5G4vUnpBvFZWkjS9oMHqAeCviyoNdPy2YXfHRVaWYmGY4cjkyLvuyB62CCUhl,pfbid0kdrq5G4vUnpBvFZWkjS9oMHqAeCviyoNdPy2YXfHRVaWYmGY4cjkyLvuyB62CCUhl,neutral,2026-06-12 23:38:25+00:00,60,0,2,0,0.5,64,,Tinta Jambu,0.0,neutral,0.7038232088088989,english,Mixed/Urban,love,0.20763136446475983,0.07883672416210175,0.08566665649414062,0.042123887687921524,0.33963772654533386,0.033849384635686874
facebook,post,27698002669834086,"Saya gagal dua kali cuba bina brand sendiri.

Lepas ayah saya kena strok tahun 2020, saya resign dari Qatar Airways dan ambik alih Matha'am. Setahun lepas tu, saya buka Machamee. Gagal. Saya rebrand jadi Dinosaurs Sandwich. Gagal lagi.

Bila fikir balik, mungkin saya terlalu sibuk nak buktikan yang saya pun boleh bina brand sendiri. Sedangkan perniagaan yang ayah saya bina selama bertahun-tahun ni sebenarnya dah ada depan mata. So saya berhenti kejar benda baru. Saya fokus balik pada Matha'am. Barulah mula nampak jalan satu per satu.

Saya habiskan dua tahun nak bina sesuatu sendiri. Rupanya, peluang tu memang dah ada. Cuma saya yang tak nampak. Pernah tak korang lalui benda yang sama? Sibuk cari peluang sampai tak sedar peluang tu sebenarnya dah ada depan mata?

#Mathaam
#BauKariLekatDiJari",https://www.facebook.com/syedamin1993/posts/pfbid05Pp43TdvL2FfK6zSXhX6vgUjzSnc1k4LAqeRnCEpxkrosGeo9V1PNkzXi2eLHKugl,,,negative,2026-06-20 12:03:39+00:00,0,0,189,0,0.0004997670650482289,189,567.0,,,negative,0.9983341097831726,malay,Malay/Bumiputera,surprise,0.013249935582280159,0.09298151731491089,0.015846051275730133,0.04511188715696335,0.014048576354980469,0.7770901322364807
facebook,comment,Y29tbWVudDoyNzY5ODAwMjY2OTgzNDA4Nl8xNjc1Mzk5NTMwMTcyMTY0,"Its not the failing, its about learning sometime from fail. U must learn alot, just my humble idea, probably buat a corner in Math'am itself ur Dinosour Sandwich, peminat atleast dapat rasa jugak in small output. Slowly make it big again. Some product take time to build a base.",,https://www.facebook.com/syedamin1993/posts/pfbid05Pp43TdvL2FfK6zSXhX6vgUjzSnc1k4LAqeRnCEpxkrosGeo9V1PNkzXi2eLHKugl,pfbid05Pp43TdvL2FfK6zSXhX6vgUjzSnc1k4LAqeRnCEpxkrosGeo9V1PNkzXi2eLHKugl,neutral,2026-06-22 01:58:16+00:00,9,0,1,0,0.5,11,,Zarinah Kamaldeen,0.0,neutral,0.6153735518455505,english,Mixed/Urban,sadness,0.02401290461421013,0.041397660970687866,0.00917372852563858,0.8794224262237549,0.016368519514799118,0.017198346555233
facebook,comment,Y29tbWVudDoyNzY5ODAwMjY2OTgzNDA4Nl8xNjgxMDM3MjYzMTMxMjM3,"Masih ingat lagi masa pembukaan Dinosaur Sandwich dahulu. Kami datang jauh dari Pahang semata-mata nak beri sokongan, dengan harapan kita sama-sama berjaya dan berkembang dalam dunia perniagaan.

Saya memang suka cara dan pemikiran Syed Amin yang sentiasa positif, berani mencuba dan tidak lokek berkongsi inspirasi kepada usahawan lain.

Dalam dunia bisnes ini, kita tidak rugi menyokong orang lain. Rezeki Allah itu luas. Hari ini kita sokong orang, esok lusa mungkin orang pula menyokong kita.

Semoga Allah SWT mempermudahkan urusan perniagaan kita semua, melimpahkan rezeki yang halal dan berkat, menguatkan semangat untuk terus berusaha, serta mengurniakan kejayaan kepada semua usahawan yang sedang berjuang. Aamiin. 🤲🏻",,https://www.facebook.com/syedamin1993/posts/pfbid05Pp43TdvL2FfK6zSXhX6vgUjzSnc1k4LAqeRnCEpxkrosGeo9V1PNkzXi2eLHKugl,pfbid05Pp43TdvL2FfK6zSXhX6vgUjzSnc1k4LAqeRnCEpxkrosGeo9V1PNkzXi2eLHKugl,positive,2026-06-20 12:30:53+00:00,17,0,2,0,0.9923931300640105,21,,Nyiorr Kisoor HQ,0.0,positive,0.9746437668800354,malay,Malay/Bumiputera,love,0.03175468370318413,0.019927674904465675,0.23264937102794647,0.019269466400146484,0.6149922013282776,0.020786968991160393
facebook,comment,Y29tbWVudDoyNzY5ODAwMjY2OTgzNDA4Nl8xMDQ2NzY2OTE4MDE0MjAw,"pernah.. teringat pesan dato azizan,kita berniaga ni,benda yg ada depan mata kita.
bagi percantikkan perjalanan perniagaan itu lebih tersusun.",,https://www.facebook.com/syedamin1993/posts/pfbid05Pp43TdvL2FfK6zSXhX6vgUjzSnc1k4LAqeRnCEpxkrosGeo9V1PNkzXi2eLHKugl,pfbid05Pp43TdvL2FfK6zSXhX6vgUjzSnc1k4LAqeRnCEpxkrosGeo9V1PNkzXi2eLHKugl,neutral,2026-06-21 23:42:20+00:00,4,0,1,0,0.5,6,,Abdul Azim Abdul Hamid,0.0,neutral,0.6478661894798279,malay,Malay/Bumiputera,love,0.03909926116466522,0.07903162389993668,0.052781689912080765,0.06181713566184044,0.3968255817890167,0.29151901602745056
facebook,comment,Y29tbWVudDoyNzY5ODAwMjY2OTgzNDA4Nl8xMDEyMzg1NDQ0ODE1MTE3,"Mantap Tuan Syed! Satu perkongsian yang sangat mahal. Kadang-kadang kita sibuk pusing satu dunia cari peluang baru, rupa-rupanya rezeki dan amanah yang paling berkat dah ada depan mata, tinggal nak gilap je. Masya-Allah Tabarakallah, moga Matha'am terus fly high dan makin melimpah ruah rezekinya! amin.",,https://www.facebook.com/syedamin1993/posts/pfbid05Pp43TdvL2FfK6zSXhX6vgUjzSnc1k4LAqeRnCEpxkrosGeo9V1PNkzXi2eLHKugl,pfbid05Pp43TdvL2FfK6zSXhX6vgUjzSnc1k4LAqeRnCEpxkrosGeo9V1PNkzXi2eLHKugl,positive,2026-06-21 05:20:00+00:00,4,0,1,0,0.9994085371494292,6,,Amar Samsuri,0.0,positive,0.9980284571647644,malay,Malay/Bumiputera,love,0.05888240784406662,0.06609097868204117,0.1427810937166214,0.029896479099988937,0.5382059216499329,0.03167011961340904
facebook,comment,Y29tbWVudDoyNzY5ODAwMjY2OTgzNDA4Nl8xMzM1ODY1NzY0Njc4OTkz,"Jujur cakap tuan , saya makan sini Dari zaman sekolah sampai dah nak masuk anak satu , rasa dah lain sikit , tak sama , memang bagus focus renovation semua , tapi focus juga dengan makanan , staff paling baik , Ali Khan lama tak nampak dia",,https://www.facebook.com/syedamin1993/posts/pfbid05Pp43TdvL2FfK6zSXhX6vgUjzSnc1k4LAqeRnCEpxkrosGeo9V1PNkzXi2eLHKugl,pfbid05Pp43TdvL2FfK6zSXhX6vgUjzSnc1k4LAqeRnCEpxkrosGeo9V1PNkzXi2eLHKugl,positive,2026-06-21 17:19:01+00:00,8,0,1,0,0.9993952512741089,10,,Muhammad Arif,0.0,positive,0.9979841709136963,malay,Malay/Bumiputera,sadness,0.02417255938053131,0.10730085521936417,0.01612975262105465,0.4269455671310425,0.07899655401706696,0.3048703968524933
facebook,comment,Y29tbWVudDoyNzY5ODAwMjY2OTgzNDA4Nl8zMTIyNjQ5ODAxMjYzNjcy,"MasyaAllah Tabarakallah! Syukur Tuan Syed Aminuddin diberikan kekuatan utk teruskan perjuangan bisnes ayahanda. 

Dari awal, saya terkejut tiba2 tuan buka Machamee-Dinasour Sandwich. Makanan memang semua sedap, teringat2. Tapi, mungkin lokasi vs trend makanan yg kurang sesuai.

Ingat lagi masa kami,  PakarHR bantu buat Strategic Planning dengan tuan, ketika sesi consultation, semangat tuan lebih nak teruskan perjuangan bisnes ayahanda ""Matha'am"". Masa inilah wujud tagline ""Bau Kari Lekat di Jari"" 😉

Saya percaya, ini yang terbaik & saya doakan moga tuan terus sukses dengan teruskan legasi bisnes ini. Terus fly high tuan 💪🏻",,https://www.facebook.com/syedamin1993/posts/pfbid05Pp43TdvL2FfK6zSXhX6vgUjzSnc1k4LAqeRnCEpxkrosGeo9V1PNkzXi2eLHKugl,pfbid05Pp43TdvL2FfK6zSXhX6vgUjzSnc1k4LAqeRnCEpxkrosGeo9V1PNkzXi2eLHKugl,positive,2026-06-20 23:56:14+00:00,5,0,2,0,0.9994117915630341,9,,Salwa Azlan,0.0,positive,0.9980393052101135,malay,Malay/Bumiputera,surprise,0.007482180837541819,0.028795475140213966,0.015388336963951588,0.023579398170113564,0.019267098978161812,0.8655803799629211
facebook,comment,Y29tbWVudDoyNzY5ODAwMjY2OTgzNDA4Nl8xNzI0MDEzNjQ4NjI5NTEx,"Machamee dgn Dinosour Sandwich tu boleh je pegi jauh..kunci nak pegi jauh ,sama mcm kunci Mathaam hari ni..Mathaam bukan baru buka 1 tahun terus jadi besar..kFC bukan baru 6 tahun bisnes terus orang kenal..pak mat westeng bukan sekali marketing terus orang nampak..mungkin ada benda2 lain dibalik tabir yang saya dan ramai tak tahu..tapi pada pendapat saya yg kecil ni ,Sabar kunci utama..",,https://www.facebook.com/syedamin1993/posts/pfbid05Pp43TdvL2FfK6zSXhX6vgUjzSnc1k4LAqeRnCEpxkrosGeo9V1PNkzXi2eLHKugl,pfbid05Pp43TdvL2FfK6zSXhX6vgUjzSnc1k4LAqeRnCEpxkrosGeo9V1PNkzXi2eLHKugl,negative,2026-06-22 01:44:17+00:00,4,0,2,0,0.00048206448554993786,8,,Zarin,0.0,negative,0.9983931183815002,malay,Malay/Bumiputera,surprise,0.01995728723704815,0.03369621932506561,0.017111780121922493,0.04273555800318718,0.11381369084119797,0.6287737488746643
facebook,comment,Y29tbWVudDoyNzY5ODAwMjY2OTgzNDA4Nl8xNTI2MjgxNDAyMzI1NTc3,Jujur cakap. Saya jarang ke mathaam. Tapi saya pelanggan setia dinasor sandwich tu. Sebab menu semua sedap. Teringat sampai hari ni.,,https://www.facebook.com/syedamin1993/posts/pfbid05Pp43TdvL2FfK6zSXhX6vgUjzSnc1k4LAqeRnCEpxkrosGeo9V1PNkzXi2eLHKugl,pfbid05Pp43TdvL2FfK6zSXhX6vgUjzSnc1k4LAqeRnCEpxkrosGeo9V1PNkzXi2eLHKugl,neutral,2026-06-22 02:24:11+00:00,3,0,1,0,0.5,5,,Sriwani Ramly,0.0,neutral,0.84482741355896,english,Mixed/Urban,love,0.0924433097243309,0.062038421630859375,0.05136493220925331,0.07522130012512207,0.5501697659492493,0.08888904750347137
facebook,comment,Y29tbWVudDoyNzY5ODAwMjY2OTgzNDA4Nl8yNDQ2OTk2NzA1NzI2Njgx,Perbaiki rase mknan... Sy sejak perubahan rasa mkanan trus dah x lepak situ...memg SEDAP tu sbjetif..tp klu yg sbjtif tu lah yg menyebabkn org2 lama yg slalu support xdtg...hnye org2 bru yg dtg.. yg 1st time rse akan berlalu pergi bila org ckp kedai ni dah xsedap...overclaim...sy ni peminat setia tomyam mataam dr sekolah 1999...rse tmyam skrg sgt2 kecewa.. dr 10 sy bg 1 je...dlu sy bangga bgtau org2 luar n kwn2.. tmyam mataam sedap... Lg sedap dr kedai2 siam area situ.. tp sekrg...hmmm...fikir2kanlah,,https://www.facebook.com/syedamin1993/posts/pfbid05Pp43TdvL2FfK6zSXhX6vgUjzSnc1k4LAqeRnCEpxkrosGeo9V1PNkzXi2eLHKugl,pfbid05Pp43TdvL2FfK6zSXhX6vgUjzSnc1k4LAqeRnCEpxkrosGeo9V1PNkzXi2eLHKugl,negative,2026-06-22 02:22:20+00:00,2,0,2,0,0.0015420198440551647,6,,Syed Burn,0.0,negative,0.9948599338531494,malay,Malay/Bumiputera,sadness,0.03410467505455017,0.0503065288066864,0.007732092868536711,0.8688838481903076,0.015187449753284454,0.014793509617447853
facebook,comment,Y29tbWVudDoyNzY5ODAwMjY2OTgzNDA4Nl85MjgzNTIwNDAyMjE2NTc=,Saya pernah makan roti nann dulu punya memang sedap roti besar..kali kedua makn roti nye kecik sikit dah kurang sikit chess nye...saya suka makan sebab sos pudina nye y sedap...,,https://www.facebook.com/syedamin1993/posts/pfbid05Pp43TdvL2FfK6zSXhX6vgUjzSnc1k4LAqeRnCEpxkrosGeo9V1PNkzXi2eLHKugl,pfbid05Pp43TdvL2FfK6zSXhX6vgUjzSnc1k4LAqeRnCEpxkrosGeo9V1PNkzXi2eLHKugl,negative,2026-06-22 09:07:50+00:00,0,0,1,0,0.14367977678775787,2,,Norfaizah Binti Abdullah Faizah,0.0,negative,0.5210674107074738,multilingual,Unknown,love,0.10783833265304565,0.2055855542421341,0.062226638197898865,0.10149012506008148,0.4138021171092987,0.0657818391919136
facebook,post,1576810742012019,Butuh Pengikut Yuk Kk,https://www.facebook.com/groups/309025558790550/posts/1576810742012019/,,,neutral,2026-06-22 14:54:02+00:00,0,0,27,0,0.5,27,81.0,,,neutral,0.7630653381347656,english,Mixed/Urban,no_clear_emotion,0.021342746913433075,0.01314995065331459,0.031170682981610298,0.021911432966589928,0.29796481132507324,0.03793846443295479
facebook,comment,Y29tbWVudDoxNTc2ODEwNzQyMDEyMDE5XzE1NzY4MTE3MDUzNDUyNTY=,Yuk kak duluan,,https://www.facebook.com/groups/309025558790550/posts/1576810742012019/,1576810742012019,negative,2026-06-22 14:54:37+00:00,1,0,0,0,0.1497958391904831,1,,Bunga Afrianda,0.0,negative,0.500680536031723,multilingual,Unknown,love,0.13372580707073212,0.10296095162630081,0.1383773237466812,0.08103489875793457,0.2892414927482605,0.09007258713245392
facebook,comment,Y29tbWVudDoxNTc2ODEwNzQyMDEyMDE5XzE1NzY4MTIwMjIwMTE4OTE=,Notifikasi masuk langsung meluncur 🚀✅💯,,https://www.facebook.com/groups/309025558790550/posts/1576810742012019/,1576810742012019,positive,2026-06-22 14:54:56+00:00,1,0,0,0,0.8625150442123413,1,,OsCar Ocidd,0.0,positive,0.5417168140411377,english,Mixed/Urban,no_clear_emotion,0.024999218061566353,0.02365884743630886,0.12556138634681702,0.014111910946667194,0.09484827518463135,0.04590844362974167
facebook,comment,Y29tbWVudDoxNTc2ODEwNzQyMDEyMDE5XzE1NzY4MTM3OTIwMTE3MTQ=,Yuk duluan kak,,https://www.facebook.com/groups/309025558790550/posts/1576810742012019/,1576810742012019,negative,2026-06-22 14:56:26+00:00,0,0,0,0,0.12513527870178223,0,,Oju Streak Dudut,0.0,negative,0.5828824043273926,multilingual,Unknown,no_clear_emotion,0.1012658178806305,0.09159908443689346,0.11769578605890274,0.07760854065418243,0.20925290882587433,0.1214495375752449
facebook,comment,Y29tbWVudDoxNTc2ODEwNzQyMDEyMDE5XzE1NzY4MTQxODIwMTE2NzU=,Yuk amanah,,https://www.facebook.com/groups/309025558790550/posts/1576810742012019/,1576810742012019,positive,2026-06-22 14:56:46+00:00,1,0,0,0,0.8835122615098953,1,,Ade Erma Suryani,0.0,positive,0.6117075383663177,multilingual,Unknown,no_clear_emotion,0.17898845672607422,0.11990538239479065,0.1193985566496849,0.07900014519691467,0.1814648061990738,0.09779645502567291
facebook,comment,Y29tbWVudDoxNTc2ODEwNzQyMDEyMDE5XzE1NzY4MTQzNzg2NzgzMjI=,Gas,,https://www.facebook.com/groups/309025558790550/posts/1576810742012019/,1576810742012019,positive,2026-06-22 14:56:53+00:00,0,0,0,0,0.8539909526705741,0,,Erma Yantii,0.0,positive,0.5133031755685806,multilingual,Unknown,love,0.14997948706150055,0.13978417217731476,0.1341637521982193,0.11826609820127487,0.17249982059001923,0.13265590369701385
facebook,comment,Y29tbWVudDoxNTc2ODEwNzQyMDEyMDE5XzE1NzY4MTQ2ODUzNDQ5NTg=,Yuk,,https://www.facebook.com/groups/309025558790550/posts/1576810742012019/,1576810742012019,negative,2026-06-22 14:57:05+00:00,1,0,0,0,0.19002902805805205,1,,Anselmus Wangge,0.0,negative,0.3665699064731598,multilingual,Unknown,love,0.12393923103809357,0.10247853398323059,0.13826078176498413,0.08836747705936432,0.2689370810985565,0.09824936091899872
facebook,comment,Y29tbWVudDoxNTc2ODEwNzQyMDEyMDE5XzE1NzY4MTQ5MTg2NzgyNjg=,Yuk,,https://www.facebook.com/groups/309025558790550/posts/1576810742012019/,1576810742012019,negative,2026-06-22 14:57:14+00:00,0,0,0,0,0.19002902805805205,0,,Winarsih Rahmi,0.0,negative,0.3665699064731598,multilingual,Unknown,love,0.12393923103809357,0.10247853398323059,0.13826078176498413,0.08836747705936432,0.2689370810985565,0.09824936091899872
facebook,comment,Y29tbWVudDoxNTc2ODEwNzQyMDEyMDE5XzE1NzY4MTUxMjg2NzgyNDc=,ayo kk,,https://www.facebook.com/groups/309025558790550/posts/1576810742012019/,1576810742012019,positive,2026-06-22 14:57:23+00:00,1,0,0,0,0.8077054664492607,1,,Cahaya Hati,0.0,positive,0.3590182214975357,multilingual,Unknown,love,0.14356601238250732,0.07709766924381256,0.16661083698272705,0.06419393420219421,0.325993150472641,0.061122212558984756
facebook,comment,Y29tbWVudDoxNTc2ODEwNzQyMDEyMDE5XzE1NzY4MTUxODIwMTE1NzU=,deluan kk,,https://www.facebook.com/groups/309025558790550/posts/1576810742012019/,1576810742012019,negative,2026-06-22 14:57:25+00:00,0,0,0,0,0.1571233481168747,0,,Madhy See'Stars,0.0,negative,0.47625550627708435,multilingual,Unknown,love,0.14288032054901123,0.07463672012090683,0.15233758091926575,0.058229632675647736,0.360370397567749,0.04633277282118797
facebook,comment,Y29tbWVudDoxNTc2ODEwNzQyMDEyMDE5XzE1NzY4MTc0ODIwMTEzNDU=,Yuk,,https://www.facebook.com/groups/309025558790550/posts/1576810742012019/,1576810742012019,negative,2026-06-22 14:59:13+00:00,0,0,0,0,0.19002902805805205,0,,Ichsan Bravo,0.0,negative,0.3665699064731598,multilingual,Unknown,love,0.12393923103809357,0.10247853398323059,0.13826078176498413,0.08836747705936432,0.2689370810985565,0.09824936091899872
facebook,post,3076507432559900,jambu kristal putih udah bunga lok pasuruhan lor 085283171206,https://www.facebook.com/groups/268271470050191/posts/3076507432559900/,,,neutral,2026-06-21 11:46:37+00:00,0,0,12,0,0.5,12,36.0,,,neutral,0.8226500153541565,english,Mixed/Urban,love,0.0559709258377552,0.020219197496771812,0.08169536292552948,0.018679942935705185,0.7295743823051453,0.013879220001399517
facebook,comment,Y29tbWVudDozMDc2NTA3NDMyNTU5OTAwXzMwNzY1MDgyMjU4OTMxNTQ=,harga,,https://www.facebook.com/groups/268271470050191/posts/3076507432559900/,3076507432559900,neutral,2026-06-21 11:47:31+00:00,0,0,3,0,0.5,6,,Ayahe Dika,0.0,neutral,0.731288731098175,malay,Malay/Bumiputera,no_clear_emotion,0.1320878267288208,0.067604199051857,0.14305591583251953,0.0591173991560936,0.20260578393936157,0.07089803367853165
facebook,comment,Y29tbWVudDozMDc2NTA3NDMyNTU5OTAwXzMwNzY1MTEyNzI1NTk1MTY=,lok ngendi suruane,,https://www.facebook.com/groups/268271470050191/posts/3076507432559900/,3076507432559900,neutral,2026-06-21 11:51:28+00:00,0,0,0,0,0.5,0,,Ayahe Dika,0.0,neutral,0.8018210530281067,english,Mixed/Urban,no_clear_emotion,0.15941858291625977,0.04458906501531601,0.10109564661979675,0.02589668147265911,0.2618589401245117,0.0246121808886528
facebook,comment,Y29tbWVudDozMDc2NTA3NDMyNTU5OTAwXzMwNzY1MjEzNTkyMjUxNzQ=,GLM ngeterne Reng pabrik indospace?,,https://www.facebook.com/groups/268271470050191/posts/3076507432559900/,3076507432559900,neutral,2026-06-21 12:05:34+00:00,0,0,0,0,0.5,0,,Anang Saputra,0.0,neutral,0.8889964818954468,english,Mixed/Urban,love,0.07269159704446793,0.01856341026723385,0.034795600920915604,0.019967688247561455,0.6236437559127808,0.019897477701306343
facebook,comment,Y29tbWVudDozMDc2NTA3NDMyNTU5OTAwXzMwNzY1NDYxMTU4ODkzNjU=,Ono tungale GK om,,https://www.facebook.com/groups/268271470050191/posts/3076507432559900/,3076507432559900,negative,2026-06-21 12:34:19+00:00,0,0,5,0,0.07257654368877411,10,,Iwan Awan,0.0,negative,0.7580781877040863,multilingual,Unknown,love,0.1228933036327362,0.022942807525396347,0.09610142558813095,0.02382606826722622,0.49901697039604187,0.0195061843842268
facebook,post,1610170094450868,"WTS

ROG XBOX ALLY X 1TB

Beli 16-02-2026

Rm3700 bole nego

Include Killswitch case

Reason jual sebab urgent duit and skrg fokus ns2 je😅

Ade apa apa soalan dm saya😇

Mohon shbt shbt dlm gp share kt kwn kwn lain supaya dpt bantu saya tq😇",https://www.facebook.com/groups/rogallymalaysia/posts/1610170094450868/,,,neutral,2026-06-22 04:22:59+00:00,0,0,11,0,0.5,11,33.0,,,neutral,0.9965296387672424,malay,Malay/Bumiputera,love,0.10249000787734985,0.11685096472501755,0.07269658148288727,0.04471956938505173,0.5529109239578247,0.03988435119390488
facebook,comment,Y29tbWVudDoxNjEwMTcwMDk0NDUwODY4XzE2MTAxNzc0NjQ0NTAxMzE=,boss kill switch case tu beli mana,,https://www.facebook.com/groups/rogallymalaysia/posts/1610170094450868/,1610170094450868,neutral,2026-06-22 04:35:31+00:00,1,0,1,0,0.5,3,,Mat Jiji,0.0,neutral,0.7011271715164185,english,Mixed/Urban,no_clear_emotion,0.05249050632119179,0.02002434805035591,0.05216411501169205,0.03238864243030548,0.2562846541404724,0.05203205347061157
facebook,comment,Y29tbWVudDoxNjEwMTcwMDk0NDUwODY4XzE2MTAxNzc1MTQ0NTAxMjY=,Sambung TV gmbar xpecah ke,,https://www.facebook.com/groups/rogallymalaysia/posts/1610170094450868/,1610170094450868,positive,2026-06-22 04:35:35+00:00,1,0,2,0,0.8684046342968941,5,,Weer Azman,0.0,positive,0.5613487809896469,multilingual,Unknown,no_clear_emotion,0.10936856269836426,0.03260788694024086,0.04027160629630089,0.048655904829502106,0.18435902893543243,0.037714190781116486
facebook,comment,Y29tbWVudDoxNjEwMTcwMDk0NDUwODY4XzE2MTAxNzc1NzQ0NTAxMjA=,,,https://www.facebook.com/groups/rogallymalaysia/posts/1610170094450868/,1610170094450868,neutral,2026-06-22 04:35:40+00:00,0,0,0,0,0.5,0,,Weer Azman,0.0,neutral,0.0,unknown,Unknown,neutral,0.0,0.0,0.0,0.0,0.0,0.0
facebook,comment,Y29tbWVudDoxNjEwMTcwMDk0NDUwODY4XzE2MTAxNzg5OTExMTY2NDU=,Kira jackpot dh ni.. 2tb ssd pun da mahal,,https://www.facebook.com/groups/rogallymalaysia/posts/1610170094450868/,1610170094450868,negative,2026-06-22 04:38:01+00:00,1,0,2,0,0.17412548661231994,5,,Muhammad Arqam Bin Bolhassan,0.0,negative,0.41958171129226685,multilingual,Unknown,love,0.04292077198624611,0.02947002463042736,0.04201711714267731,0.024172618985176086,0.76593017578125,0.0439947210252285
facebook,comment,Y29tbWVudDoxNjEwMTcwMDk0NDUwODY4XzE2MTAyMDc0NDQ0NDcxMzM=,Area mana?,,https://www.facebook.com/groups/rogallymalaysia/posts/1610170094450868/,1610170094450868,negative,2026-06-22 05:26:17+00:00,1,0,1,0,0.16612602174282073,3,,Jr Ashraf,0.0,negative,0.44624659419059753,multilingual,Unknown,love,0.164001002907753,0.11699427664279938,0.10593195259571075,0.07209707796573639,0.2533318102359772,0.102835513651371
facebook,post,122337767378062191,"আমার বড় চাচা আজ সকাল সাড়ে নয় ঘটিকায় মহান রবের ডাকে সাড়া দিয়ে পরপারে চলে গেছেন 🥹
ইন্নালিল্লাহি ওয়া ইন্না ইলাইহি রাজিউন।",https://www.facebook.com/muhammad.aminuddin.574263/posts/pfbid071jTFki6ixfELmpXTeWZfEpkE4dUz8WSZgYQvwVXTck27gSVvBSdQXhxJsqzaPDql,,,positive,2026-06-22 12:24:20+00:00,0,0,11,0,0.8876787424087524,11,33.0,,,positive,0.6255958080291748,multilingual,Unknown,happy,0.023564735427498817,0.07487191259860992,0.48896652460098267,0.024139512330293655,0.13188855350017548,0.07109735906124115
facebook,comment,Y29tbWVudDoxMjIzMzc3NjczNzgwNjIxOTFfMTMxMjgyMzMwNDE2NjgzMg==,ইন্না লিল্লাহি ওয়া ইন্না ইলাইহি রাজিউন।,,https://www.facebook.com/muhammad.aminuddin.574263/posts/pfbid071jTFki6ixfELmpXTeWZfEpkE4dUz8WSZgYQvwVXTck27gSVvBSdQXhxJsqzaPDql,pfbid071jTFki6ixfELmpXTeWZfEpkE4dUz8WSZgYQvwVXTck27gSVvBSdQXhxJsqzaPDql,negative,2026-06-22 15:32:34+00:00,0,0,0,0,0.14730229675769804,0,,Tamjid Hossain Tohin,0.0,negative,0.5089923441410065,multilingual,Unknown,love,0.03466789424419403,0.04767898842692375,0.07023636996746063,0.05284299701452255,0.7112910151481628,0.03623497113585472
facebook,comment,Y29tbWVudDoxMjIzMzc3NjczNzgwNjIxOTFfMzk2ODkyODc2NjU3NzA1Ng==,ইন্না লিল্লাহে ওয়া ইন্না ইলাইহে রাজিউন,,https://www.facebook.com/muhammad.aminuddin.574263/posts/pfbid071jTFki6ixfELmpXTeWZfEpkE4dUz8WSZgYQvwVXTck27gSVvBSdQXhxJsqzaPDql,pfbid071jTFki6ixfELmpXTeWZfEpkE4dUz8WSZgYQvwVXTck27gSVvBSdQXhxJsqzaPDql,negative,2026-06-22 14:12:40+00:00,0,0,0,0,0.16000554263591765,0,,Hasibul Hasan Tusar,0.0,negative,0.4666481912136078,multilingual,Unknown,love,0.03421326354146004,0.028251487761735916,0.08742138743400574,0.0364353209733963,0.7093241214752197,0.026901114732027054
facebook,comment,Y29tbWVudDoxMjIzMzc3NjczNzgwNjIxOTFfMjE1OTYwNTE4NDk3MDQxNA==,ইন্না লিল্লাহে ওয়া ইন্না ইলাইহে রাজিউন,,https://www.facebook.com/muhammad.aminuddin.574263/posts/pfbid071jTFki6ixfELmpXTeWZfEpkE4dUz8WSZgYQvwVXTck27gSVvBSdQXhxJsqzaPDql,pfbid071jTFki6ixfELmpXTeWZfEpkE4dUz8WSZgYQvwVXTck27gSVvBSdQXhxJsqzaPDql,negative,2026-06-22 12:32:40+00:00,0,0,0,0,0.16000554263591765,0,,MD Sajjad Hossain Rimon,0.0,negative,0.4666481912136078,multilingual,Unknown,love,0.03421326354146004,0.028251487761735916,0.08742138743400574,0.0364353209733963,0.7093241214752197,0.026901114732027054
facebook,comment,Y29tbWVudDoxMjIzMzc3NjczNzgwNjIxOTFfMzc2NzY4OTU2MDA0MDkzMQ==,"🥹?
Khushi hoili mone hoy",,https://www.facebook.com/muhammad.aminuddin.574263/posts/pfbid071jTFki6ixfELmpXTeWZfEpkE4dUz8WSZgYQvwVXTck27gSVvBSdQXhxJsqzaPDql,pfbid071jTFki6ixfELmpXTeWZfEpkE4dUz8WSZgYQvwVXTck27gSVvBSdQXhxJsqzaPDql,neutral,2026-06-22 12:49:25+00:00,0,0,0,0,0.5,0,,Mohaiminul Islam,0.0,neutral,0.7466303110122681,english,Mixed/Urban,happy,0.0788118988275528,0.1034214198589325,0.33152469992637634,0.05662112310528755,0.3141321837902069,0.04120221361517906
facebook,comment,Y29tbWVudDoxMjIzMzc3NjczNzgwNjIxOTFfMTA0MzU4NzQxMTQzNjIxNA==,ইন্নালিল্লাহি ওয়া ইন্নালিল্লাহি রাজিউন।,,https://www.facebook.com/muhammad.aminuddin.574263/posts/pfbid071jTFki6ixfELmpXTeWZfEpkE4dUz8WSZgYQvwVXTck27gSVvBSdQXhxJsqzaPDql,pfbid071jTFki6ixfELmpXTeWZfEpkE4dUz8WSZgYQvwVXTck27gSVvBSdQXhxJsqzaPDql,positive,2026-06-22 12:25:58+00:00,0,0,0,0,0.822918638586998,0,,এমডি. ফজলে রাব্বি শিহাব,0.0,positive,0.4097287952899933,multilingual,Unknown,love,0.03319217637181282,0.0579836443066597,0.07874736189842224,0.057215869426727295,0.7017171382904053,0.03302503004670143
facebook,comment,Y29tbWVudDoxMjIzMzc3NjczNzgwNjIxOTFfMTAzNDMzMDgwNTYwMDQ3Mw==,ইন্না লিল্লাহে ওয়া ইন্না ইলাইহে রাজিউন,,https://www.facebook.com/muhammad.aminuddin.574263/posts/pfbid071jTFki6ixfELmpXTeWZfEpkE4dUz8WSZgYQvwVXTck27gSVvBSdQXhxJsqzaPDql,pfbid071jTFki6ixfELmpXTeWZfEpkE4dUz8WSZgYQvwVXTck27gSVvBSdQXhxJsqzaPDql,negative,2026-06-22 12:37:26+00:00,0,0,0,0,0.16000554263591765,0,,Mashuka Jannat,0.0,negative,0.4666481912136078,multilingual,Unknown,love,0.03421326354146004,0.028251487761735916,0.08742138743400574,0.0364353209733963,0.7093241214752197,0.026901114732027054
facebook,comment,Y29tbWVudDoxMjIzMzc3NjczNzgwNjIxOTFfOTg3NzA0NTcwNjk4Mzgw,ইন্না লিল্লাহি ওয়া ইন্না ইলাইহি রাজিউন।,,https://www.facebook.com/muhammad.aminuddin.574263/posts/pfbid071jTFki6ixfELmpXTeWZfEpkE4dUz8WSZgYQvwVXTck27gSVvBSdQXhxJsqzaPDql,pfbid071jTFki6ixfELmpXTeWZfEpkE4dUz8WSZgYQvwVXTck27gSVvBSdQXhxJsqzaPDql,negative,2026-06-22 13:59:32+00:00,0,0,0,0,0.14730229675769804,0,,Abdullah Rajim,0.0,negative,0.5089923441410065,multilingual,Unknown,love,0.03466789424419403,0.04767898842692375,0.07023636996746063,0.05284299701452255,0.7112910151481628,0.03623497113585472
facebook,comment,Y29tbWVudDoxMjIzMzc3NjczNzgwNjIxOTFfMTU3NzYzODUwMzk3ODc1OA==,ইন্না লিল্লাহি ওয়া ইন্না ইলাইহি রাজিউন,,https://www.facebook.com/muhammad.aminuddin.574263/posts/pfbid071jTFki6ixfELmpXTeWZfEpkE4dUz8WSZgYQvwVXTck27gSVvBSdQXhxJsqzaPDql,pfbid071jTFki6ixfELmpXTeWZfEpkE4dUz8WSZgYQvwVXTck27gSVvBSdQXhxJsqzaPDql,negative,2026-06-22 13:26:10+00:00,0,0,0,0,0.1587539255619049,0,,Saif Al Rifat,0.0,negative,0.47082024812698364,multilingual,Unknown,love,0.03635747358202934,0.053090281784534454,0.0771641656756401,0.05553972348570824,0.6958065032958984,0.03700850158929825
facebook,comment,Y29tbWVudDoxMjIzMzc3NjczNzgwNjIxOTFfMTAzNjc4MTkyNTk1Njg2OQ==,ইন্না লিল্লাহি ওয়া ইন্না ইলাইহি রাজিউন।,,https://www.facebook.com/muhammad.aminuddin.574263/posts/pfbid071jTFki6ixfELmpXTeWZfEpkE4dUz8WSZgYQvwVXTck27gSVvBSdQXhxJsqzaPDql,pfbid071jTFki6ixfELmpXTeWZfEpkE4dUz8WSZgYQvwVXTck27gSVvBSdQXhxJsqzaPDql,negative,2026-06-22 12:49:36+00:00,0,0,0,0,0.14730229675769804,0,,Md Tanjib Sorkar Nirob,0.0,negative,0.5089923441410065,multilingual,Unknown,love,0.03466789424419403,0.04767898842692375,0.07023636996746063,0.05284299701452255,0.7112910151481628,0.03623497113585472
facebook,comment,Y29tbWVudDoxMjIzMzc3NjczNzgwNjIxOTFfOTU3Mzk2ODA3MjgwODcy,ইন্নালিল্লাহি ওয়া ইন্নালিল্লাহি রাজিউন,,https://www.facebook.com/muhammad.aminuddin.574263/posts/pfbid071jTFki6ixfELmpXTeWZfEpkE4dUz8WSZgYQvwVXTck27gSVvBSdQXhxJsqzaPDql,pfbid071jTFki6ixfELmpXTeWZfEpkE4dUz8WSZgYQvwVXTck27gSVvBSdQXhxJsqzaPDql,negative,2026-06-22 14:15:35+00:00,0,0,0,0,0.18168991506099702,0,,Mhr Rakib,0.0,negative,0.39436694979667664,multilingual,Unknown,love,0.03585045039653778,0.06557074934244156,0.08279942721128464,0.06075150892138481,0.6781303286552429,0.03651468828320503
facebook,post,2721808468213994,"Sale‼️
pwede sa Bajaj or xrm Tmx my may disc brake na po yung swimming arm KING DRUG +2
ONLY 5200",https://www.facebook.com/groups/350299672031564/posts/2721808468213994/,,,neutral,2026-06-21 07:10:39+00:00,0,0,11,0,0.5,11,33.0,,,neutral,0.851591169834137,english,Mixed/Urban,love,0.0498264878988266,0.02103082649409771,0.08021073043346405,0.02221931517124176,0.4559318423271179,0.034281883388757706
facebook,comment,Y29tbWVudDoyNzIxODA4NDY4MjEzOTk0XzI3MjE4MTA5OTQ4ODA0MDg=,,,https://www.facebook.com/groups/350299672031564/posts/2721808468213994/,2721808468213994,neutral,2026-06-21 07:13:55+00:00,0,0,0,0,0.5,0,,Aminuddin Abubakar,0.0,neutral,0.0,unknown,Unknown,neutral,0.0,0.0,0.0,0.0,0.0,0.0
facebook,comment,Y29tbWVudDoyNzIxODA4NDY4MjEzOTk0XzI3MjE4MTY3MzE1NDY1MDE=,Tropa avelable pa yong rem set mo,,https://www.facebook.com/groups/350299672031564/posts/2721808468213994/,2721808468213994,negative,2026-06-21 07:22:25+00:00,0,0,4,0,0.07657577991485595,8,,Alinor Sarip,0.0,negative,0.7447474002838135,multilingual,Unknown,love,0.11288263648748398,0.03785170242190361,0.27271196246147156,0.017721038311719894,0.43885406851768494,0.011749647557735443
facebook,comment,Y29tbWVudDoyNzIxODA4NDY4MjEzOTk0XzI3MjE4MzI0MTgyMTE1OTk=,Hm swing arm?,,https://www.facebook.com/groups/350299672031564/posts/2721808468213994/,2721808468213994,negative,2026-06-21 07:43:22+00:00,0,0,1,0,0.052458974719047535,2,,Sure_buyer_to_pm_ka_,0.0,negative,0.8251367509365082,multilingual,Unknown,love,0.07832807302474976,0.059935491532087326,0.1879165917634964,0.025625815615057945,0.3850926458835602,0.03755521401762962
facebook,comment,Y29tbWVudDoyNzIxODA4NDY4MjEzOTk0XzI3MjE4ODI3NTgyMDY1NjU=,Boss wla kai standard telescopic.s.xrm f i?,,https://www.facebook.com/groups/350299672031564/posts/2721808468213994/,2721808468213994,positive,2026-06-21 08:49:14+00:00,0,0,1,0,0.8191294148564339,2,,Jurland Jubahib,0.0,positive,0.39709804952144623,multilingual,Unknown,no_clear_emotion,0.021229302510619164,0.009323847480118275,0.029699068516492844,0.008422157727181911,0.07709560543298721,0.016772445291280746
facebook,post,2466524593821246,"আজ, জুন মাসের তৃতীয় রবিবার - ২১শে জুন ২০২৬ ""আন্তর্জাতিক বাবা দিবস"" উপলক্ষে সকল বাবার প্রতি শ্রদ্ধা ও ভালোবাসা রেখে Dhaka Polytechnic People’s Welfare Foundation -  এর পক্ষ থেকে ""ঢাকা পলিটেকনিক ইনস্টিটিউট ক্যাম্পাসে বৃক্ষরোপণ কর্মসূচি পালন করা হয় """,https://www.facebook.com/groups/136312846842444/posts/2466524593821246/,,,neutral,2026-06-21 11:52:03+00:00,0,0,6,0,0.5,6,18.0,,,neutral,0.7809367775917053,english,Mixed/Urban,love,0.053140297532081604,0.03753652051091194,0.05906668305397034,0.07700157910585403,0.6988818645477295,0.03108794614672661
facebook,comment,Y29tbWVudDoyNDY2NTI0NTkzODIxMjQ2XzI0NjY1MzM1MzA0ODcwMTk=,"প্রত্যেক বাবার ভালোবাসার মতোই পৃথিবী হোক সবুজ,
সুন্দর ও প্রাণবন্ত।",,https://www.facebook.com/groups/136312846842444/posts/2466524593821246/,2466524593821246,positive,2026-06-21 12:03:16+00:00,1,0,0,0,0.9704726785421371,1,,Mhr Rakib,0.0,positive,0.9015755951404572,multilingual,Unknown,love,0.060850583016872406,0.07113514840602875,0.22757475078105927,0.04564061388373375,0.5372462868690491,0.033238090574741364
facebook,comment,Y29tbWVudDoyNDY2NTI0NTkzODIxMjQ2XzI0NjY1NDg3MDM4MTg4MzU=,ভালো উদ্যোগ 💚🍀,,https://www.facebook.com/groups/136312846842444/posts/2466524593821246/,2466524593821246,negative,2026-06-21 12:24:46+00:00,1,0,0,0,0.10752341151237488,1,,MD Mehedi Hasan Siam,0.0,negative,0.6415886282920837,multilingual,Unknown,love,0.12928424775600433,0.0470711849629879,0.08699791878461838,0.029070600867271423,0.5733292698860168,0.02180512435734272
facebook,comment,Y29tbWVudDoyNDY2NTI0NTkzODIxMjQ2XzI0NjY4MTUyODA0NTg4NDQ=,"এই সুন্দর সুন্দর উদ্যোগ গুলো অব্যাহত থাকুক💙
কিপ ইট আপ আমীন😊",,https://www.facebook.com/groups/136312846842444/posts/2466524593821246/,2466524593821246,positive,2026-06-21 18:22:07+00:00,1,0,1,0,0.9470151424407959,3,,Muhammad Arif Billah,0.0,positive,0.8233838081359863,multilingual,Unknown,happy,0.028606349602341652,0.03377652168273926,0.7861498594284058,0.01168600469827652,0.10369263589382172,0.014026014134287834
facebook,comment,Y29tbWVudDoyNDY2NTI0NTkzODIxMjQ2XzI0NjcwNzU4NTM3NjYxMjA=,ভালো কাজ অব্যাহত থাকুক 🤍💚,,https://www.facebook.com/groups/136312846842444/posts/2466524593821246/,2466524593821246,negative,2026-06-22 02:02:31+00:00,1,0,0,0,0.14738797545433044,1,,Md. Mahian Islam,0.0,negative,0.5087067484855652,multilingual,Unknown,happy,0.02764354646205902,0.0545826256275177,0.7905147075653076,0.012327938340604305,0.074060820043087,0.016902659088373184
facebook,comment,Y29tbWVudDoyNDY2NTI0NTkzODIxMjQ2XzI0Njc0MzA0NDAzOTczMjg=,,,https://www.facebook.com/groups/136312846842444/posts/2466524593821246/,2466524593821246,neutral,2026-06-22 11:47:43+00:00,0,0,0,0,0.5,0,,Mobarok Mia,0.0,neutral,0.0,unknown,Unknown,neutral,0.0,0.0,0.0,0.0,0.0,0.0
facebook,post,4785337098377866,Lepas PRN naik harga balik,https://www.facebook.com/groups/1453145604930382/posts/4785337098377866/,,,negative,2026-06-22 10:36:57+00:00,0,0,6,0,0.10347638726234434,6,18.0,,,negative,0.6550787091255188,multilingual,Unknown,love,0.18301256000995636,0.026149259880185127,0.07547806203365326,0.031563129276037216,0.43337342143058777,0.020591920241713524
facebook,comment,Y29tbWVudDo0Nzg1MzM3MDk4Mzc3ODY2XzQ3ODUzNjk2MTUwNDEyODE=,"drpd ko bebal nya sblm prn lg,maklum la bebal ko sejak air mani ali pancut dlm pantat pelacur mak ko",,https://www.facebook.com/groups/1453145604930382/posts/4785337098377866/,4785337098377866,neutral,2026-06-22 11:20:53+00:00,1,0,0,0,0.5,1,,Bonzer Edd Bonzer Edd,0.0,neutral,0.805206835269928,english,Mixed/Urban,no_clear_emotion,0.10890628397464752,0.032001182436943054,0.04258006438612938,0.03735877200961113,0.20490619540214539,0.03652634844183922
facebook,comment,Y29tbWVudDo0Nzg1MzM3MDk4Mzc3ODY2XzQ3ODU0MTI5MTUwMzY5NTE=,Pombongak,,https://www.facebook.com/groups/1453145604930382/posts/4785337098377866/,4785337098377866,negative,2026-06-22 12:12:59+00:00,0,0,0,0,0.17883887887001038,0,,Ahmad Mahir,0.0,negative,0.4038704037666321,multilingual,Unknown,love,0.15040262043476105,0.12575584650039673,0.12445816397666931,0.09560726583003998,0.18934190273284912,0.12569889426231384
facebook,comment,Y29tbWVudDo0Nzg1MzM3MDk4Mzc3ODY2XzQ3ODU1MDMwMjE2OTQ2MDc=,Kau ni 24 jam berpolitik dalam ni,,https://www.facebook.com/groups/1453145604930382/posts/4785337098377866/,4785337098377866,neutral,2026-06-22 13:58:37+00:00,0,0,0,0,0.5,0,,LovelyLlama2580,0.0,neutral,0.8133547306060791,english,Mixed/Urban,no_clear_emotion,0.020611606538295746,0.007513340096920729,0.022261472418904305,0.008177254348993301,0.05368096008896828,0.03743509203195572
facebook,comment,Y29tbWVudDo0Nzg1MzM3MDk4Mzc3ODY2XzQ3ODU1MDYyMzE2OTQyODY=,,,https://www.facebook.com/groups/1453145604930382/posts/4785337098377866/,4785337098377866,neutral,2026-06-22 14:02:18+00:00,0,0,0,0,0.5,0,,LovelyLlama2580,0.0,neutral,0.0,unknown,Unknown,neutral,0.0,0.0,0.0,0.0,0.0,0.0
facebook,comment,Y29tbWVudDo0Nzg1MzM3MDk4Mzc3ODY2XzQ3ODU1MDcyOTgzNjA4NDY=,Tgok kerja orang bodoh musang king turun harga pun nak Klim aduuh,,https://www.facebook.com/groups/1453145604930382/posts/4785337098377866/,4785337098377866,neutral,2026-06-22 14:02:54+00:00,0,0,0,0,0.5,0,,LovelyLlama2580,0.0,neutral,0.791767418384552,english,Mixed/Urban,anger,0.26653769612312317,0.02819422446191311,0.07722976058721542,0.12804797291755676,0.2571783661842346,0.03531832620501518
facebook,post,122171288942962533,"PAS Yakin Bentuk Kerajaan 
Baharu Negeri Sembilan

SEREMBAN: PAS yakin berpeluang membentuk kerajaan baharu di Negeri Sembilan selepas pilihan raya akan datang berdasarkan perkembangan positif sokongan rakyat terhadap parti itu ketika ini.

Naib Presiden PAS, Dato’ Sri Amar D’Raja Mohd Amar Abdullah berkata, PAS kini berada pada kedudukan yang semakin kukuh selepas 75 tahun perjuangan.

Sumber:-https://harakahdaily.net/2026/06/14/pas-yakin-bentuk-kerajaan-baharu-negeri-sembilan/?",https://www.facebook.com/permalink.php?story_fbid=pfbid02JoVjXSCspJuFBY6rBUSxaRqgQZoQvZAccDAjDiGu8qtjwBDjVHmHyXRopH79HvgJl&id=61578875992858,,,positive,2026-06-16 01:47:37+00:00,0,0,747,0,0.9979527056217192,747,2241.0,,,positive,0.9931756854057312,malay,Malay/Bumiputera,happy,0.0273550096899271,0.0575055330991745,0.7713915109634399,0.010385202243924141,0.05121101438999176,0.02058597095310688
facebook,comment,Y29tbWVudDoxMjIxNzEyODg5NDI5NjI1MzNfMjYxNDA3OTI3MjM0MzU3MA==,Dari  tahun 50an dio yakin...🤣🤣🤣,,https://www.facebook.com/permalink.php?story_fbid=pfbid02JoVjXSCspJuFBY6rBUSxaRqgQZoQvZAccDAjDiGu8qtjwBDjVHmHyXRopH79HvgJl&id=61578875992858,pfbid02JoVjXSCspJuFBY6rBUSxaRqgQZoQvZAccDAjDiGu8qtjwBDjVHmHyXRopH79HvgJl,neutral,2026-06-16 04:43:23+00:00,37,0,1,0,0.5,39,,Afn Afnvbn,0.0,neutral,0.7071627378463745,english,Mixed/Urban,love,0.0357341505587101,0.017057523131370544,0.08560810983181,0.010223094373941422,0.6429916620254517,0.023200098425149918
facebook,comment,Y29tbWVudDoxMjIxNzEyODg5NDI5NjI1MzNfMjcxNDU0NTg2MTE3OTIzMDM=,"Parti yg mempunyai record terbanyak dimana pemimpin islam yg dikenakan membayar saman ganti rugi Fitnah ialah dari parti PAS. Parti PAS memang jaguh didalam isu Fitnah dan  membuat fitnah adalah salah satu mata pelajaran yg digemari oleh para pemimpin PAS PIS PUS  lelaki dan perempuan untuk menempah nama mereka  menjadi lebih terkenal. Berapa ramai pemimpin PAS PIS PUS telah membayar saman ganti ganti rugi, namun mereka tidak merasa malu dgn perbuatan mereka yg keji. Yg hairannya pemimpin2 tinggi PAS PIS PUS seperti Hadi Awang, Tuan Ibrahim Tuan Man dan yg lain2 bolih buat bodoh dan tidak mahu memberikan kenyataan mengenai kes2 fitnah yg melanda PAS PIS PUS. Nama aje parti islam tetapi menggunakan islam serta menonggang ugama islam untuk memperbodohkan penyokong2 mereka dan org2 islam. Apa punya bangang, bebal dan bengap pemimpin2 islam seperti Hadi Awang yg ada ilmu ugama dan mengetahui membuat fitnah ini ada dosa yg besar lebih besar dari dosa membunuh tetapi akhlak dan perangai pemimpin2 PAS PIS PUS seperti Hadi Awang adalah seperti berok kerana tidak mahu mengaku kesalahan yg telah dibuat oleh anggota nya dan seterusnya hendak membetulkan Kesalahan dan kesilapan serta ""mencuci""  pemikiran najis akal otak mereka supaya akal itu ditemankan dgn iman agar syiar islam yg mulia dijaga dgn baik tidak dimalukan dgn perbuatan pemimpin2 PAS PIS yg ketagih suka membuat Fitnah.",,https://www.facebook.com/permalink.php?story_fbid=pfbid02JoVjXSCspJuFBY6rBUSxaRqgQZoQvZAccDAjDiGu8qtjwBDjVHmHyXRopH79HvgJl&id=61578875992858,pfbid02JoVjXSCspJuFBY6rBUSxaRqgQZoQvZAccDAjDiGu8qtjwBDjVHmHyXRopH79HvgJl,negative,2026-06-16 03:14:15+00:00,143,0,42,0,0.0005105316638946422,227,,Zailaini Kasmani,0.0,negative,0.9982982277870178,malay,Malay/Bumiputera,anger,0.29391127824783325,0.03287971392273903,0.04935842752456665,0.2109430581331253,0.25188857316970825,0.025798171758651733
facebook,comment,Y29tbWVudDoxMjIxNzEyODg5NDI5NjI1MzNfMjQ2ODc4MzUyMzUzMTUxMA==,Pergi jahanamlah parti ajaran sesat dari N9 ini.,,https://www.facebook.com/permalink.php?story_fbid=pfbid02JoVjXSCspJuFBY6rBUSxaRqgQZoQvZAccDAjDiGu8qtjwBDjVHmHyXRopH79HvgJl&id=61578875992858,pfbid02JoVjXSCspJuFBY6rBUSxaRqgQZoQvZAccDAjDiGu8qtjwBDjVHmHyXRopH79HvgJl,negative,2026-06-16 02:01:38+00:00,141,0,34,0,0.08861356973648071,209,,Mohd Suffian Manap,0.0,negative,0.704621434211731,multilingual,Unknown,anger,0.46936097741127014,0.02588205225765705,0.08956382423639297,0.03792669251561165,0.15285202860832214,0.03038415126502514
facebook,comment,Y29tbWVudDoxMjIxNzEyODg5NDI5NjI1MzNfMTcxNDczODU5MzE3OTc1Mw==,"Elok2 air paip jernih,..berkeruh jadinya nanti",,https://www.facebook.com/permalink.php?story_fbid=pfbid02JoVjXSCspJuFBY6rBUSxaRqgQZoQvZAccDAjDiGu8qtjwBDjVHmHyXRopH79HvgJl&id=61578875992858,pfbid02JoVjXSCspJuFBY6rBUSxaRqgQZoQvZAccDAjDiGu8qtjwBDjVHmHyXRopH79HvgJl,neutral,2026-06-16 04:11:10+00:00,92,0,15,0,0.5,122,,Faisal Omar,0.0,neutral,0.8224818706512451,english,Mixed/Urban,love,0.08600723743438721,0.04694581776857376,0.3726251423358917,0.020020201802253723,0.3962862491607666,0.02014043554663658
facebook,comment,Y29tbWVudDoxMjIxNzEyODg5NDI5NjI1MzNfMzA1NDk1MjUwODA0ODU1OQ==,"Lebih baik pilih pembangunan macam Selangor dan Pulau Pinang.Pakatan HARAPAN sahaja dapat memakbulkan.

PMX HARAPAN DAP PKR AMANAH satu-satunya pakatan/pasukan yang mampu membawa Malaysia ke mercu kejayaan.

只有PMX HARAPAN DAP PKR AMANAH 能带给国家安稳及繁荣

拒绝Tolak BN PN PAS BERSAMA MCA 

支持Sokong HARAPAN DAP PKR AMANAH sepenuh hati dan sebulat suara 

Syabas PMX!

PMX jujur orangnya.Orang jujurlah dapat menguruskan negara ke mercu kejayaan.

Orang yang kurang jujur lagi gila kuasa akan ditolak.",,https://www.facebook.com/permalink.php?story_fbid=pfbid02JoVjXSCspJuFBY6rBUSxaRqgQZoQvZAccDAjDiGu8qtjwBDjVHmHyXRopH79HvgJl&id=61578875992858,pfbid02JoVjXSCspJuFBY6rBUSxaRqgQZoQvZAccDAjDiGu8qtjwBDjVHmHyXRopH79HvgJl,negative,2026-06-16 05:49:22+00:00,63,0,12,0,0.0006718397140502708,87,,Tey Shong Hui,0.0,negative,0.997760534286499,malay,Malay/Bumiputera,love,0.10288386046886444,0.028666412457823753,0.09285356104373932,0.04080607369542122,0.4936143159866333,0.024550437927246094
facebook,comment,Y29tbWVudDoxMjIxNzEyODg5NDI5NjI1MzNfNDA5MTc5MDMzNzc4OTA1NQ==,pombongak lak i pas...kuek  monipu eh,,https://www.facebook.com/permalink.php?story_fbid=pfbid02JoVjXSCspJuFBY6rBUSxaRqgQZoQvZAccDAjDiGu8qtjwBDjVHmHyXRopH79HvgJl&id=61578875992858,pfbid02JoVjXSCspJuFBY6rBUSxaRqgQZoQvZAccDAjDiGu8qtjwBDjVHmHyXRopH79HvgJl,neutral,2026-06-16 03:25:10+00:00,38,0,1,0,0.5,40,,Muhamad Idrus,0.0,neutral,0.8203123807907104,english,Mixed/Urban,love,0.1096174493432045,0.017026260495185852,0.054796889424324036,0.024256616830825806,0.5118672847747803,0.021326974034309387
facebook,comment,Y29tbWVudDoxMjIxNzEyODg5NDI5NjI1MzNfMTYxMDUzMjkzMDA0MzAxMQ==,bodoh la sapa2 undi puak2 penderhaka Tunku Mukhriz dan penghina sahabat2 Nabi....,,https://www.facebook.com/permalink.php?story_fbid=pfbid02JoVjXSCspJuFBY6rBUSxaRqgQZoQvZAccDAjDiGu8qtjwBDjVHmHyXRopH79HvgJl&id=61578875992858,pfbid02JoVjXSCspJuFBY6rBUSxaRqgQZoQvZAccDAjDiGu8qtjwBDjVHmHyXRopH79HvgJl,negative,2026-06-16 05:07:38+00:00,45,0,3,0,0.050104388594627375,51,,Haikal Rizqie,0.0,negative,0.8329853713512421,multilingual,Unknown,anger,0.3066691756248474,0.02193908579647541,0.09214115887880325,0.05574558675289154,0.23173679411411285,0.032334085553884506
facebook,comment,Y29tbWVudDoxMjIxNzEyODg5NDI5NjI1MzNfMjk5NzU2ODExNzMwMDk3Mw==,Berpuloh2 tahun berangan tak sudah🤣🤣🤣🤣🤣🤣,,https://www.facebook.com/permalink.php?story_fbid=pfbid02JoVjXSCspJuFBY6rBUSxaRqgQZoQvZAccDAjDiGu8qtjwBDjVHmHyXRopH79HvgJl&id=61578875992858,pfbid02JoVjXSCspJuFBY6rBUSxaRqgQZoQvZAccDAjDiGu8qtjwBDjVHmHyXRopH79HvgJl,negative,2026-06-16 08:28:06+00:00,9,0,0,0,0.0008794248104095348,9,,Noor Dinn,0.0,negative,0.9970685839653015,malay,Malay/Bumiputera,surprise,0.01049711648374796,0.10086456686258316,0.013827779330313206,0.05739676207304001,0.024712763726711273,0.7627137899398804
facebook,comment,Y29tbWVudDoxMjIxNzEyODg5NDI5NjI1MzNfMjcwMjI1NTE0NzczNjgwMzI=,Pelabur akan lari dan kemiskinan akan berlaku seperti negeri G4 dan akan menanggung bersama dosa penghina sahabat nabi.,,https://www.facebook.com/permalink.php?story_fbid=pfbid02JoVjXSCspJuFBY6rBUSxaRqgQZoQvZAccDAjDiGu8qtjwBDjVHmHyXRopH79HvgJl&id=61578875992858,pfbid02JoVjXSCspJuFBY6rBUSxaRqgQZoQvZAccDAjDiGu8qtjwBDjVHmHyXRopH79HvgJl,negative,2026-06-16 05:11:13+00:00,55,0,22,0,0.0010049164295196644,99,,Abdul Razak Hj Zakaria,0.0,negative,0.9966502785682678,malay,Malay/Bumiputera,anger,0.40467652678489685,0.02695327065885067,0.06257624179124832,0.14599716663360596,0.18271344900131226,0.0268869511783123
facebook,comment,Y29tbWVudDoxMjIxNzEyODg5NDI5NjI1MzNfMjI2NDM3MzMwNzY2MDU0NQ==,"Negeri sendiri huru hara tak payah dtg negeri lain nk sembang macam negeri yg kau perentah tu bagus,",,https://www.facebook.com/permalink.php?story_fbid=pfbid02JoVjXSCspJuFBY6rBUSxaRqgQZoQvZAccDAjDiGu8qtjwBDjVHmHyXRopH79HvgJl&id=61578875992858,pfbid02JoVjXSCspJuFBY6rBUSxaRqgQZoQvZAccDAjDiGu8qtjwBDjVHmHyXRopH79HvgJl,negative,2026-06-16 07:17:13+00:00,27,0,2,0,0.0004998385906219704,31,,Suli Pilah,0.0,negative,0.9983338713645935,malay,Malay/Bumiputera,fear,0.1736789047718048,0.26270201802253723,0.03721166402101517,0.07804647833108902,0.24014657735824585,0.08507470786571503
facebook,comment,Y29tbWVudDoxMjIxNzIwMzQ0MzY5NjI1MzNfMTUzNzMxMDk0NDc5NzY5Ng==,PAS PN terbaik,,https://www.facebook.com/permalink.php?story_fbid=pfbid022HWFZdfrA3CECbUzGN2zmuuaEPsctDCnwmF3EFRS1EGraiwM1AVXQB4aGdv7eqqLl&id=61578875992858,pfbid022HWFZdfrA3CECbUzGN2zmuuaEPsctDCnwmF3EFRS1EGraiwM1AVXQB4aGdv7eqqLl,neutral,2026-06-22 09:09:30+00:00,4,0,0,0,0.5,4,,Shaharizal Hamid,0.0,neutral,0.8973539471626282,malay,Malay/Bumiputera,love,0.16740474104881287,0.10946740210056305,0.12928210198879242,0.0878560021519661,0.2102355808019638,0.08967691659927368
facebook,post,1583700606659499,"PAS untuk semua
PAS wei ren ren
PAS yello rukkum",https://www.facebook.com/reel/850466444376868/,,,neutral,2026-06-15 03:21:45+00:00,0,0,158,0,0.5,158,474.0,,,neutral,0.878176212310791,english,Mixed/Urban,no_clear_emotion,0.037422556430101395,0.011257999576628208,0.0317472368478775,0.01624814048409462,0.2932673692703247,0.022761747241020203
facebook,post,1582555270107366,"SYUKUR ALHAMDULILLAH..SELAMAT BERJUANG DALAM SAF YG TERSUSUN

1.Dato Dr Mohamad Rafie Abd Malek-Mantan Pimpinan PKR NS,mantan Exco Kanan NS.

2.Dr.Rosli Yaakob-Bekas pimpinan Amanah NS

3.Dato Zaid Ibrahim-Bekas Menteri di JPM,mantan Ketua UMNO Bhg Kota Bharu

4.Datuk TPr Hj Lokman Omar-bekas Pengarah Perancang Bandar Majlis Perbandaran Seremban dan CEO Perbadanan Kampong Baru

5.Profesor Dr.Mohd Nasir Ibrahim-bekas CEO FINAS dan Timbalan  Rektor ASWARA

6.Dr.Md Nizam Baharom-bekas pimpinan Kelab Umno Manchester UK

7.Datuk Hj Ahmad Termizi Hj Musa-mantan SU UMNO Bahagian

8.Datuk Hamidah Osman-mantan Exco Kjaan Perak dan mantan Ketua Penerangan Wanita Umno Malaysia

9.Dato Muqarrabin Moktarudin-tokoh anak muda pendaki Everest,mantan Exco Pemuda Umno Malaysia 

10.Sdr Mustapha Shah-Bekas calun BN DUN Manong,Kuala Kangsar,mantan EXCO PEMUDA UMNO MSIA

11.Haji Anas Imam Sudin-Pengerusi NGO BARA

12.En Azlan Johar-personaliti TV,Pemain Bolasepak Profesional,Pengulas sukan

13.Saiful Azli Saiful Rizwan-bekas Naib Ketua Pemuda UMNO Bhg

14.Rahimi Usman-bekas pembantu Dato Seri Anwar Ibrahim

15.Mohd Dharfifi Mohd Dahlan-bekas jk Pemuda UMNO Bhg Setiawangsa

Semoga Allah swt terus menolong perjuangan ini..",https://www.facebook.com/pasnegeri9/posts/pfbid02wfB6YTPRioj3ePiXJSdPU88ANFM6nwrS4MGTgGrmdiW5VbtCCajW1GAjeb6wRk36l,,,positive,2026-06-13 18:48:34+00:00,0,0,79,0,0.9687591224908828,79,237.0,,,positive,0.8958637416362762,multilingual,Unknown,no_clear_emotion,0.11977814882993698,0.027105005457997322,0.07903007417917252,0.0305898766964674,0.13169889152050018,0.0275313351303339
facebook,comment,Y29tbWVudDoxNTgyNTU1MjcwMTA3MzY2XzE2ODA0MzE0OTY1NzI4MTI=,,,https://www.facebook.com/pasnegeri9/posts/pfbid02wfB6YTPRioj3ePiXJSdPU88ANFM6nwrS4MGTgGrmdiW5VbtCCajW1GAjeb6wRk36l,pfbid02wfB6YTPRioj3ePiXJSdPU88ANFM6nwrS4MGTgGrmdiW5VbtCCajW1GAjeb6wRk36l,neutral,2026-06-14 05:49:51+00:00,0,0,1,0,0.5,2,,PAS Negeri Sembilan,0.0,neutral,0.0,unknown,Unknown,neutral,0.0,0.0,0.0,0.0,0.0,0.0
facebook,comment,Y29tbWVudDoxNTgyNTU1MjcwMTA3MzY2XzI3MDk1MDU1MTMwMTE2MzY3,,,https://www.facebook.com/pasnegeri9/posts/pfbid02wfB6YTPRioj3ePiXJSdPU88ANFM6nwrS4MGTgGrmdiW5VbtCCajW1GAjeb6wRk36l,pfbid02wfB6YTPRioj3ePiXJSdPU88ANFM6nwrS4MGTgGrmdiW5VbtCCajW1GAjeb6wRk36l,neutral,2026-06-14 05:49:53+00:00,0,0,1,0,0.5,2,,PAS Negeri Sembilan,0.0,neutral,0.0,unknown,Unknown,neutral,0.0,0.0,0.0,0.0,0.0,0.0
facebook,comment,Y29tbWVudDoxNTgyNTU1MjcwMTA3MzY2XzMzNzU2NDk0NTU5NzIwMzI=,,,https://www.facebook.com/pasnegeri9/posts/pfbid02wfB6YTPRioj3ePiXJSdPU88ANFM6nwrS4MGTgGrmdiW5VbtCCajW1GAjeb6wRk36l,pfbid02wfB6YTPRioj3ePiXJSdPU88ANFM6nwrS4MGTgGrmdiW5VbtCCajW1GAjeb6wRk36l,neutral,2026-06-14 05:49:54+00:00,2,0,0,0,0.5,2,,PAS Negeri Sembilan,0.0,neutral,0.0,unknown,Unknown,neutral,0.0,0.0,0.0,0.0,0.0,0.0
facebook,comment,Y29tbWVudDoxNTgyNTU1MjcwMTA3MzY2XzEzMjA2OTM0MDM0ODc4OTM=,"Kono kelentong lagi laaa.... PAS ni bilo bukak kangkang Ajo dh Mohong Tergolak... @followers @highlight Ismail Mahat 
🤣🤣🤣🤣🤣",,https://www.facebook.com/pasnegeri9/posts/pfbid02wfB6YTPRioj3ePiXJSdPU88ANFM6nwrS4MGTgGrmdiW5VbtCCajW1GAjeb6wRk36l,pfbid02wfB6YTPRioj3ePiXJSdPU88ANFM6nwrS4MGTgGrmdiW5VbtCCajW1GAjeb6wRk36l,neutral,2026-06-14 02:19:17+00:00,9,0,1,0,0.5,11,,Shafi Hj Ismail,0.0,neutral,0.7555344700813293,english,Mixed/Urban,no_clear_emotion,0.06869743764400482,0.04268050938844681,0.05627533048391342,0.03197918459773064,0.23440203070640564,0.05192665383219719
facebook,comment,Y29tbWVudDoxNTgyNTU1MjcwMTA3MzY2XzEwMTgzMTM5Njc4MTI2Mjc=,Alhamdulillah,,https://www.facebook.com/pasnegeri9/posts/pfbid02wfB6YTPRioj3ePiXJSdPU88ANFM6nwrS4MGTgGrmdiW5VbtCCajW1GAjeb6wRk36l,pfbid02wfB6YTPRioj3ePiXJSdPU88ANFM6nwrS4MGTgGrmdiW5VbtCCajW1GAjeb6wRk36l,neutral,2026-06-14 05:48:03+00:00,0,0,0,0,0.5,0,,Mohamad Harun,0.0,neutral,0.6396102905273438,english,Mixed/Urban,no_clear_emotion,0.07745636254549026,0.08687907457351685,0.2357417643070221,0.0447528213262558,0.18604931235313416,0.067743681371212
facebook,comment,Y29tbWVudDoxNTgyNTU1MjcwMTA3MzY2XzE3MzU1ODk5NTc0MzI3ODA=,"Harap pergi usrah,program tarbiah. Bantu PAS Cawangan yang banyak kurang hidup",,https://www.facebook.com/pasnegeri9/posts/pfbid02wfB6YTPRioj3ePiXJSdPU88ANFM6nwrS4MGTgGrmdiW5VbtCCajW1GAjeb6wRk36l,pfbid02wfB6YTPRioj3ePiXJSdPU88ANFM6nwrS4MGTgGrmdiW5VbtCCajW1GAjeb6wRk36l,negative,2026-06-13 22:58:53+00:00,3,0,2,0,0.041043350100517295,7,,Muhammad Yahya Bin Samsul,0.0,negative,0.8631888329982758,multilingual,Unknown,sadness,0.11720546334981918,0.12533506751060486,0.010869533754885197,0.6925060153007507,0.028077799826860428,0.012585573829710484
facebook,comment,Y29tbWVudDoxNTgyNTU1MjcwMTA3MzY2XzEzNDczMTE5NDM5ODI0Nzg=,Bro Anas Sudin brapo kali nk join pas..raso dah 2 kali isytihar masuk pas.,,https://www.facebook.com/pasnegeri9/posts/pfbid02wfB6YTPRioj3ePiXJSdPU88ANFM6nwrS4MGTgGrmdiW5VbtCCajW1GAjeb6wRk36l,pfbid02wfB6YTPRioj3ePiXJSdPU88ANFM6nwrS4MGTgGrmdiW5VbtCCajW1GAjeb6wRk36l,neutral,2026-06-14 05:27:43+00:00,2,0,0,0,0.5,2,,Abu Mu'adz,0.0,neutral,0.8822194337844849,english,Mixed/Urban,no_clear_emotion,0.024877818301320076,0.010049467906355858,0.02435426041483879,0.010657365433871746,0.09759088605642319,0.03464946895837784
facebook,comment,Y29tbWVudDoxNTgyNTU1MjcwMTA3MzY2XzE2NjM3ODM1NDgwMDQ5MjQ=,WIN,,https://www.facebook.com/pasnegeri9/posts/pfbid02wfB6YTPRioj3ePiXJSdPU88ANFM6nwrS4MGTgGrmdiW5VbtCCajW1GAjeb6wRk36l,pfbid02wfB6YTPRioj3ePiXJSdPU88ANFM6nwrS4MGTgGrmdiW5VbtCCajW1GAjeb6wRk36l,positive,2026-06-14 13:36:50+00:00,0,0,0,0,0.8182266235351562,0,,Dokter Kim,0.0,positive,0.3940887451171875,english,Mixed/Urban,no_clear_emotion,0.10855197161436081,0.04444731026887894,0.0683581754565239,0.02338339574635029,0.30497705936431885,0.030576050281524658
facebook,comment,Y29tbWVudDoxNTgyNTU1MjcwMTA3MzY2XzEzNDQyNDk4MTExNzYwNTk=,Following - ULARMAK SUU 355 💉👁️☠️,,https://www.facebook.com/pasnegeri9/posts/pfbid02wfB6YTPRioj3ePiXJSdPU88ANFM6nwrS4MGTgGrmdiW5VbtCCajW1GAjeb6wRk36l,pfbid02wfB6YTPRioj3ePiXJSdPU88ANFM6nwrS4MGTgGrmdiW5VbtCCajW1GAjeb6wRk36l,negative,2026-06-15 14:14:49+00:00,0,0,0,0,0.16724649220705032,0,,Amir,0.0,negative,0.4425116926431656,multilingual,Unknown,no_clear_emotion,0.05572953075170517,0.03366075083613396,0.07493797689676285,0.03259747475385666,0.23262180387973785,0.047090474516153336
facebook,comment,Y29tbWVudDoxNTgyNTU1MjcwMTA3MzY2XzEzMTI1MjI4MDc3NDQ5MTI=,Ayuh hijaukan Malaysia,,https://www.facebook.com/pasnegeri9/posts/pfbid02wfB6YTPRioj3ePiXJSdPU88ANFM6nwrS4MGTgGrmdiW5VbtCCajW1GAjeb6wRk36l,pfbid02wfB6YTPRioj3ePiXJSdPU88ANFM6nwrS4MGTgGrmdiW5VbtCCajW1GAjeb6wRk36l,negative,2026-06-14 12:08:55+00:00,0,0,0,0,0.13400868773460387,0,,On Z Din,0.0,negative,0.5533043742179871,multilingual,Unknown,no_clear_emotion,0.1693306416273117,0.09932165592908859,0.12375355511903763,0.06862412393093109,0.1838255077600479,0.07252559810876846
facebook,post,1325583423094017,"DEWAN PEMUDA PAS NEGERI SEMBILAN MENGECAM PH MENGHINA INSTITUSI UNDANG YANG EMPAT

https://www.facebook.com/share/r/194N8fq2Gr/ 

#politik #malaysia #negerisembilan #PNBEST",https://www.facebook.com/reel/1928450044380089/,,,neutral,2026-06-15 06:16:44+00:00,0,0,55,0,0.5,55,165.0,,,neutral,0.6577627062797546,malay,Malay/Bumiputera,no_clear_emotion,0.07011260837316513,0.04735724627971649,0.09321662783622742,0.04970007762312889,0.173204705119133,0.052660904824733734
facebook,post,1794707644882022,"🔴((LIVE)) Ceramah Umum ""Nismilan Kito Tawan"" dan Pelancaran LOGO PRN PAS Nismilan 

Penceramah Jemputan : YB Datuk Ustaz Idris Ahmad ( Naib Presiden PAS / Ahli Parlimen Bagan Serai )

Tarikh : 21hb Jun 2026
Hari : Ahad
Masa : 7.00 mlm
Tempat : KOMPAS, Ampangan",https://www.facebook.com/pasnegeri9/videos/1794707644882022/,,,neutral,2026-06-21 13:17:02+00:00,0,0,49,0,0.5,49,147.0,,,neutral,0.9590634703636169,malay,Malay/Bumiputera,no_clear_emotion,0.021092018112540245,0.01639668084681034,0.028399527072906494,0.01617986150085926,0.0463651642203331,0.05265333130955696
facebook,comment,Y29tbWVudDoxNzk0NzA3NjQ0ODgyMDIyXzE0MTIxMDU2Nzc0MTAwOTA=,"Smg n9 jd pembuka jln kpd negeri lain d pantai barat kali ini.Kalau x ubah prn kali ni, entah bila pula nk angkat islam. Yakin ng PAS.",,https://www.facebook.com/pasnegeri9/videos/1794707644882022/,,negative,2026-06-21 14:59:34+00:00,4,0,1,0,0.0004821002483367809,6,,Rubihat Hashim,0.0,negative,0.9983929991722107,malay,Malay/Bumiputera,no_clear_emotion,0.026872828602790833,0.06498055905103683,0.015851637348532677,0.02991078980267048,0.10556231439113617,0.2565898597240448
facebook,comment,Y29tbWVudDoxNzk0NzA3NjQ0ODgyMDIyXzE5NTQ1MDgwNzE4NDkxNjc=,Semoga pas n pn dapat ambik alih pemerintahan yg sedia ada ini ke arah yg lebih baik lagi demi rakyat nismilan supaya hidup dalam aman sejahtera n membantu rakyat yg memerlukan,,https://www.facebook.com/pasnegeri9/videos/1794707644882022/,,positive,2026-06-21 14:12:34+00:00,3,0,0,0,0.9992223918437957,3,,Ucin Ucin Ki Ki,0.0,positive,0.9974079728126526,malay,Malay/Bumiputera,happy,0.04334912449121475,0.08851354569196701,0.726177453994751,0.018340855836868286,0.09078074991703033,0.013268889859318733
facebook,comment,Y29tbWVudDoxNzk0NzA3NjQ0ODgyMDIyXzIyNDI5Njk0ODYxMDk3NTU=,Ustad Rosmin bakal calon ada kelayakan,,https://www.facebook.com/pasnegeri9/videos/1794707644882022/,,neutral,2026-06-21 14:17:01+00:00,3,0,0,0,0.5,3,,Hashim Mohd Hashim Mohd,0.0,neutral,0.8382045030593872,malay,Malay/Bumiputera,no_clear_emotion,0.026254208758473396,0.052552688866853714,0.10732493549585342,0.014877638779580593,0.0897781252861023,0.036560021340847015
facebook,comment,Y29tbWVudDoxNzk0NzA3NjQ0ODgyMDIyXzE0NDgxMzcyODczMjY5NDY=,Allahuakhbar Terus ISTIQAMAH hingga kemenangan Siiru ala Barakatillah PAS4ALL,,https://www.facebook.com/pasnegeri9/videos/1794707644882022/,,neutral,2026-06-21 14:51:21+00:00,2,0,0,0,0.5,2,,Abu Afiq Ab,0.0,neutral,0.5509526133537292,english,Mixed/Urban,no_clear_emotion,0.04138393700122833,0.018056344240903854,0.09856396168470383,0.02115917019546032,0.26930275559425354,0.026364194229245186
facebook,comment,Y29tbWVudDoxNzk0NzA3NjQ0ODgyMDIyXzE0NjA4MDQzNzkzOTQ1ODU=,Insyaallah n9 kita ubah,,https://www.facebook.com/pasnegeri9/videos/1794707644882022/,,neutral,2026-06-21 14:34:12+00:00,1,0,0,0,0.5,1,,Abu Habib,0.0,neutral,0.6097131371498108,english,Mixed/Urban,happy,0.04345468059182167,0.1549677699804306,0.5579783320426941,0.013916096650063992,0.10200248658657074,0.04122845456004143
facebook,comment,Y29tbWVudDoxNzk0NzA3NjQ0ODgyMDIyXzg5MTQ5NzU5MzI4Nzc4NA==,Qunut nazilah,,https://www.facebook.com/pasnegeri9/videos/1794707644882022/,,neutral,2026-06-21 14:57:57+00:00,1,0,0,0,0.5,1,,Syazan Razakmohtar,0.0,neutral,0.7570717930793762,english,Mixed/Urban,no_clear_emotion,0.1426064521074295,0.11645837873220444,0.13538481295108795,0.06519760936498642,0.14675748348236084,0.09815433621406555
facebook,comment,Y29tbWVudDoxNzk0NzA3NjQ0ODgyMDIyXzE4NDgwMjIxODY2MDI0Njk=,DUN Lubok Merbau hadir,,https://www.facebook.com/pasnegeri9/videos/1794707644882022/,,neutral,2026-06-21 15:16:14+00:00,1,0,0,0,0.5,1,,Zulkifli Ahmad,0.0,neutral,0.8163002729415894,english,Mixed/Urban,no_clear_emotion,0.02651064656674862,0.01227334514260292,0.033840764313936234,0.01211452390998602,0.07969894260168076,0.02614295296370983
facebook,comment,Y29tbWVudDoxNzk0NzA3NjQ0ODgyMDIyXzk5Nzc3MDIyOTc4NTQ2OA==,"PPBM dah start d johor, PAS Negeri Sembilan dok lena lagi ka?",,https://www.facebook.com/pasnegeri9/videos/1794707644882022/,,neutral,2026-06-21 13:23:43+00:00,0,0,2,0,0.5,4,,Murad Marzuki,0.0,neutral,0.9036691784858704,english,Mixed/Urban,fear,0.04381764680147171,0.5290261507034302,0.22840382158756256,0.03606891259551048,0.041250258684158325,0.09003240615129471
facebook,comment,Y29tbWVudDoxNzk0NzA3NjQ0ODgyMDIyXzE0NDc1MjkyMjQwNTg1MDU=,"9.30 tak mula lagi.. 
Cuba lihat pihak lawan.. Menepati masa jadi keutamaan..",,https://www.facebook.com/pasnegeri9/videos/1794707644882022/,,negative,2026-06-21 13:35:24+00:00,0,0,1,0,0.14584894627332687,2,,Penyokong Kerajaan,0.0,negative,0.5138368457555771,multilingual,Unknown,fear,0.014987797476351261,0.6896166205406189,0.03862595930695534,0.015474190935492516,0.015089532360434532,0.19122272729873657
facebook,comment,Y29tbWVudDoxNzk0NzA3NjQ0ODgyMDIyXzEzNzUyNzQwNjc5ODY0MjY=,Sy bukan Ahli PAS. InSyAllah sy undi PAS kali ni... 👍👍👍,,https://www.facebook.com/pasnegeri9/videos/1794707644882022/,,positive,2026-06-21 14:28:29+00:00,2,0,1,0,0.9638037860393524,4,,Fazly MdShah,0.0,positive,0.8793459534645081,english,Mixed/Urban,no_clear_emotion,0.06057726964354515,0.03638438507914543,0.024871572852134705,0.03400135785341263,0.2847459018230438,0.10244615375995636
facebook,post,1578406770522216,"1. PAS tidak mengambil keputusan berdasarkan sentimen atau kepentingan jangka pendek, sebaliknya berdasarkan penilaian terhadap kemampuan sesuatu kerjasama untuk mencapai matlamat yang lebih besar iaitu penyatuan ummah dan kestabilan politik negara. Ia bukan menggembirakan tetapi ia ubat pahit yang perlu ditelan demi kemaslahatan yang lebih besar.

2. Perkara yang paling utama bagi PAS ialah penyatuan ummah. Apabila BERSATU di dalam Mesyuarat Majlis Tertinggi Perikatan Nasional mengambil sikap menentang kemasukan parti-parti seperti BERJASA, PEJUANG, IMAN dan PUTRA walaupun kertas cadangan sudah disiapkan, tindakan tersebut jelas merosakkan gagasan penyatuan yang dihasratkan selama ini.

3. Ditambah pula dengan kronologi sikap BERSATU di Perlis dan Negeri Sembilan, keadaan itu telah menjejaskan moral jentera PAS untuk terus bekerja bersama BERSATU dalam pilihan raya akan datang.

4. Kedudukan PAS dan BERSATU dalam Perikatan Nasional akan diuruskan mengikut peruntukan perlembagaan dan saluran yang sewajarnya. Sudah tentu PAS dan BERSATU tidak boleh terus berada di bawah payung yang sama berikutan keputusan yang dibuat semalam.

YB Ustaz Fadhli Shaari
Ketua Penerangan PAS Pusat
09hb Jun 2026",https://www.facebook.com/pasnegeri9/posts/pfbid0rqAJW39Sp9tMw8DGAxfdvMMZSvZCDRB1GpbQPyCdBm3txYFPTG5d6h35NiuLrBfbl,,,negative,2026-06-09 00:35:18+00:00,0,0,20,0,0.0006801009178161732,20,60.0,,,negative,0.9977329969406128,malay,Malay/Bumiputera,anger,0.3256218135356903,0.15406832098960876,0.16190996766090393,0.044472042471170425,0.1257661134004593,0.02590707316994667
facebook,comment,Y29tbWVudDoxNTc4NDA2NzcwNTIyMjE2XzE0NzI0MTMxMjA4NzIxNzA=,Yoko.. 😂.. ummah mano tu.. byk kali dah dongar ummah² ni.. tp camtu yo.. melayu menjahanamkan melayu gak,,https://www.facebook.com/pasnegeri9/posts/pfbid0rqAJW39Sp9tMw8DGAxfdvMMZSvZCDRB1GpbQPyCdBm3txYFPTG5d6h35NiuLrBfbl,pfbid0rqAJW39Sp9tMw8DGAxfdvMMZSvZCDRB1GpbQPyCdBm3txYFPTG5d6h35NiuLrBfbl,neutral,2026-06-09 01:47:22+00:00,1,0,0,0,0.5,1,,Fareez Adnan,0.0,neutral,0.8091190457344055,english,Mixed/Urban,anger,0.39360255002975464,0.02047964371740818,0.0698949545621872,0.03256962075829506,0.29747501015663147,0.023626035079360008
facebook,comment,Y29tbWVudDoxNTc4NDA2NzcwNTIyMjE2Xzk3NDUzNzM2NTM0NDI0NQ==,Keputusan yang tepat... Dulu ada pemimpin mereka kata.. PAS... Parti Ajaran Sesat... So berpisah itu betul... Cari Sahabat lain Yang faham peraturan dan adab adab bersahabat.,,https://www.facebook.com/pasnegeri9/posts/pfbid0rqAJW39Sp9tMw8DGAxfdvMMZSvZCDRB1GpbQPyCdBm3txYFPTG5d6h35NiuLrBfbl,pfbid0rqAJW39Sp9tMw8DGAxfdvMMZSvZCDRB1GpbQPyCdBm3txYFPTG5d6h35NiuLrBfbl,negative,2026-06-09 02:42:37+00:00,0,0,3,0,0.0005352079868316539,6,,Mohd Ehwan Supaat,0.0,negative,0.9982159733772278,malay,Malay/Bumiputera,anger,0.38336125016212463,0.01924116536974907,0.06252218037843704,0.035630106925964355,0.22345909476280212,0.025592561811208725
facebook,comment,Y29tbWVudDoxNTc4NDA2NzcwNTIyMjE2XzIyNjI2NzczNzc0NzI5OTM=,"Dua ciri ulama su’ yang paling berbahaya di dalam masyarakat kita pada hari ini ialah ulama su’ yang menyesatkan orang ramai dengan ajaran sesat dan kedua, ulama su’ yang menjadi tukang sebar fitnah.

Golongan pertama ini menyesatkan orang ramai dengan ajaran dan fatwa-fatwa mereka yang salah.

Ulama-ulama demikian suka mentafsir ayat-ayat al-Quran serta hadis-hadis nabi mengikut nafsu sendiri.

Apa yang sebenarnya `haram’ menurut Allah swt dikatakan `halal’, dan sebaliknya.

Ulama su’ jenis kedua adalah ulama yang menjadi penyebar fitnah. Rasulullah SAW pernah bersabda:

“Akan datang suatu zaman di mana agama Islam hanya tinggal namanya sahaja, dan al-Quran pula hanya tinggal huruf dan tulisannya. Masjid-masjidnya cantik dan megah, tetapi sunyi daripada petunjuk. Ulama mereka adalah manusia yang paling jahat di antara yang ada di bawah langit. Daripada para ulama ini muncul bermacam-macam fitnah dan (fitnah itu) kembali ke dalam lingkungan mereka.” (Hadis Riwayat Baihaqi)",,https://www.facebook.com/pasnegeri9/posts/pfbid0rqAJW39Sp9tMw8DGAxfdvMMZSvZCDRB1GpbQPyCdBm3txYFPTG5d6h35NiuLrBfbl,pfbid0rqAJW39Sp9tMw8DGAxfdvMMZSvZCDRB1GpbQPyCdBm3txYFPTG5d6h35NiuLrBfbl,negative,2026-06-09 19:22:45+00:00,0,0,0,0,0.0005028069019317738,0,,Jailani Kenk,0.0,negative,0.9983239769935608,malay,Malay/Bumiputera,anger,0.569835901260376,0.021064257249236107,0.07500052452087402,0.03188323229551315,0.1331595480442047,0.016535617411136627
facebook,comment,Y29tbWVudDoxNTc4NDA2NzcwNTIyMjE2XzEyNDQ2NDQ2MDc1Nzk5NzY=,Kami faham,,https://www.facebook.com/pasnegeri9/posts/pfbid0rqAJW39Sp9tMw8DGAxfdvMMZSvZCDRB1GpbQPyCdBm3txYFPTG5d6h35NiuLrBfbl,pfbid0rqAJW39Sp9tMw8DGAxfdvMMZSvZCDRB1GpbQPyCdBm3txYFPTG5d6h35NiuLrBfbl,positive,2026-06-09 00:46:53+00:00,1,0,0,0,0.8278677612543106,1,,Norli Liza,0.0,positive,0.426225870847702,multilingual,Unknown,love,0.28861120343208313,0.06603393703699112,0.07858765125274658,0.03734682872891426,0.3579128384590149,0.03390982747077942
facebook,comment,Y29tbWVudDoxNTc4NDA2NzcwNTIyMjE2XzI3ODcwNzYxMzI1ODY2Njk3,Kami faham dan patuh keputusan PAS Pusat,,https://www.facebook.com/pasnegeri9/posts/pfbid0rqAJW39Sp9tMw8DGAxfdvMMZSvZCDRB1GpbQPyCdBm3txYFPTG5d6h35NiuLrBfbl,pfbid0rqAJW39Sp9tMw8DGAxfdvMMZSvZCDRB1GpbQPyCdBm3txYFPTG5d6h35NiuLrBfbl,positive,2026-06-09 00:43:00+00:00,1,0,1,0,0.999148792028427,3,,Kuyau Norizan,0.0,positive,0.9971626400947571,malay,Malay/Bumiputera,love,0.04817328602075577,0.012912517413496971,0.049351323395967484,0.02713930606842041,0.7918230891227722,0.021255647763609886
facebook,comment,Y29tbWVudDoxNTc4NDA2NzcwNTIyMjE2XzI3MzExOTAwMTA1MDg4MzYy,"Alhamdulillah Itulah yang sebaiknya.
Mantap dan terbaik.
Kekal berprinsip demi penyatuan ummah ke arah lebih baik dan segar bersama mereka yang ikhlas berjuang dan jujur.
Hanya PAS Harapan Rakyat Malaysia .
Pas for All.",,https://www.facebook.com/pasnegeri9/posts/pfbid0rqAJW39Sp9tMw8DGAxfdvMMZSvZCDRB1GpbQPyCdBm3txYFPTG5d6h35NiuLrBfbl,pfbid0rqAJW39Sp9tMw8DGAxfdvMMZSvZCDRB1GpbQPyCdBm3txYFPTG5d6h35NiuLrBfbl,positive,2026-06-09 01:31:48+00:00,0,0,0,0,0.9994084656238555,0,,Apek Garry,0.0,positive,0.9980282187461853,malay,Malay/Bumiputera,happy,0.04791259765625,0.048657506704330444,0.8069134950637817,0.009777732193470001,0.04427943378686905,0.011501476168632507
facebook,comment,Y29tbWVudDoxNTc4NDA2NzcwNTIyMjE2XzIyNDMzNjI1NDMxNjY1MTg=,Pasni dia bg dalil boleh kerjasama dgn umdap plak,,https://www.facebook.com/pasnegeri9/posts/pfbid0rqAJW39Sp9tMw8DGAxfdvMMZSvZCDRB1GpbQPyCdBm3txYFPTG5d6h35NiuLrBfbl,pfbid0rqAJW39Sp9tMw8DGAxfdvMMZSvZCDRB1GpbQPyCdBm3txYFPTG5d6h35NiuLrBfbl,positive,2026-06-09 01:48:16+00:00,0,0,3,0,0.9932632386684417,6,,Muhannad Jamil,0.0,positive,0.9775441288948059,malay,Malay/Bumiputera,love,0.048587825149297714,0.0095013827085495,0.06202984228730202,0.014800699427723885,0.60868901014328,0.01887194812297821
facebook,comment,Y29tbWVudDoxNTc4NDA2NzcwNTIyMjE2Xzk4NjAxOTIxNDIzMTczNg==,Kami dengar dan ikut perintah,,https://www.facebook.com/pasnegeri9/posts/pfbid0rqAJW39Sp9tMw8DGAxfdvMMZSvZCDRB1GpbQPyCdBm3txYFPTG5d6h35NiuLrBfbl,pfbid0rqAJW39Sp9tMw8DGAxfdvMMZSvZCDRB1GpbQPyCdBm3txYFPTG5d6h35NiuLrBfbl,positive,2026-06-09 02:26:36+00:00,0,0,1,0,0.9860648691654205,2,,Ab Halim,0.0,positive,0.9535495638847351,malay,Malay/Bumiputera,no_clear_emotion,0.18491961061954498,0.08821742236614227,0.1199326142668724,0.06627852469682693,0.2173525094985962,0.06605987995862961
facebook,comment,Y29tbWVudDoxNTc4NDA2NzcwNTIyMjE2XzIwNjQwMDY4Nzc0ODc3OTY=,Jalan terus...takbirrr,,https://www.facebook.com/pasnegeri9/posts/pfbid0rqAJW39Sp9tMw8DGAxfdvMMZSvZCDRB1GpbQPyCdBm3txYFPTG5d6h35NiuLrBfbl,pfbid0rqAJW39Sp9tMw8DGAxfdvMMZSvZCDRB1GpbQPyCdBm3txYFPTG5d6h35NiuLrBfbl,neutral,2026-06-09 00:53:42+00:00,0,0,0,0,0.5,0,,Ismail Mahat,0.0,neutral,0.7885522842407227,english,Mixed/Urban,no_clear_emotion,0.13238602876663208,0.06937015056610107,0.12201949954032898,0.05668755993247032,0.2668758034706116,0.05312183126807213
facebook,comment,Y29tbWVudDoxNTc4NDA2NzcwNTIyMjE2Xzk3NzExMTQzODQzMjUwMQ==,,,https://www.facebook.com/pasnegeri9/posts/pfbid0rqAJW39Sp9tMw8DGAxfdvMMZSvZCDRB1GpbQPyCdBm3txYFPTG5d6h35NiuLrBfbl,pfbid0rqAJW39Sp9tMw8DGAxfdvMMZSvZCDRB1GpbQPyCdBm3txYFPTG5d6h35NiuLrBfbl,neutral,2026-06-09 03:00:57+00:00,2,0,0,0,0.5,2,,Lan Lah,0.0,neutral,0.0,unknown,Unknown,neutral,0.0,0.0,0.0,0.0,0.0,0.0
facebook,post,1589561699406723,"Alhamdulillah...Sekitar ceramah sempena menjelangnya pilihan raya negeri Negeri Sembilan malam tadi di KOMPAS, Ampangan, Seremban. 

PAS Negeri Sembilan iltizam komited di bawah Perikatan Nasional menggunakan slogan ""Nismilan Kito Tawan"" dengan tema ""Beradat, Muafakat, Berkat"". 

Penceramah malam tadi ialah: 

- Dato' Dr Mohamad Rafie Ab Malek, Mantan ADUN Ampangan & Mantan EXCO Kerajaan Negeri Sembilan
- AF Ustaz Mohd Fairuz Mohd Isa,  Pesuruhjaya PAS Negeri, Mantan Adun Serting.
- Muhammad Irsyaddudin Mohd Fadli,  Ketua Pemuda Negeri Sembilan
- AF Ustaz Zakaria Khalim, Timbalan Pesuruhjaya 3 PAS Negeri Sembilan / YDP PAS Kawasan Tampin
- AF Ustaz Rosmin Adam, Yang Dipertua PAS Kawasan Seremban

Ceramah dikelola oleh Ketua Penerangan PAS Negeri Sembilan, Ismail Mahat.

Ribuan Terima Kasih...Semua yg hadir mlm tadi.

Tunggu Ceramah Umum - ""Nismilan Kito Tawan"" yg berikutnya di Dun-Dun sekitar Negeri Sembilan ini...In Sya Allah.

#PRNNegeriSembilan2026
#PasNismilan
#NismilanKitoTawan
#BeradatMuafakatBerkat",https://www.facebook.com/pasnegeri9/posts/pfbid029e5cEVJeD346K2uwfBMDAi9gVdwuRzegJmFph9rPE3n4b8wwyJpt5JtaWo5MTZPDl,,,positive,2026-06-22 01:18:50+00:00,0,0,14,0,0.9993616342544556,14,42.0,,,positive,0.9978721141815186,malay,Malay/Bumiputera,no_clear_emotion,0.03792675957083702,0.02261383831501007,0.043470822274684906,0.02815159782767296,0.10123584419488907,0.03607238829135895
facebook,comment,Y29tbWVudDoxNTg5NTYxNjk5NDA2NzIzXzE3NDE2NDYxOTAxODMxOTU=,"PAS Pilihan Terbaik & SOLID Rakyat Malaysia...
P emimpin
A gamawan
S opan Santun
Ayuh Rakyat Malaysia, Kita Memilih Pemimpin yg memimpin masyarakat ke arah cara hidup Islam & naikkan ekonomi dengan cara Islam sebenar, dgn adanya majority kuasa politik Pas, mereka dpt mengatur &  mengawal cukai2 yg selama ini memBebankan rakyat.......Pilihlah Calon Pas sbg undi anda dikawasan  Adun & Parlimen pd PRU16 nnti, buat masa skg PM Pas shj Rakyat, belum lihat prestasi pentadbirannya Di Putrajaya, 
insha'Allah Terbukti pemimpin Pas boleh mentadbir Negara dengan konsep Islam sebenar, jika Ahli Parlimen Pas ada kuasa majority dalam Kerajaan Parlimen Malaysia, & dapat diuruskan dgn lebih baik mengikut acuan Islam sebenar.
#IslamUntukSemua
#PASPilihanLebihBaikAnakMuda
#DenganIslamSemuaBangsaAmanDamai",,https://www.facebook.com/pasnegeri9/posts/pfbid029e5cEVJeD346K2uwfBMDAi9gVdwuRzegJmFph9rPE3n4b8wwyJpt5JtaWo5MTZPDl,pfbid029e5cEVJeD346K2uwfBMDAi9gVdwuRzegJmFph9rPE3n4b8wwyJpt5JtaWo5MTZPDl,negative,2026-06-22 02:07:54+00:00,3,0,0,0,0.0004886448383331077,3,,Azahar Hadzir,0.0,negative,0.9983711838722229,malay,Malay/Bumiputera,love,0.039022546261548996,0.03748491778969765,0.1543419361114502,0.03673809394240379,0.34318825602531433,0.049985550343990326
facebook,comment,Y29tbWVudDoxNTg5NTYxNjk5NDA2NzIzXzk3Njc2MjM1ODUxMDgyMA==,Tahniah PAS Negeri Sembilan. Berdiri juga bulu roma bila ditiup,,https://www.facebook.com/pasnegeri9/posts/pfbid029e5cEVJeD346K2uwfBMDAi9gVdwuRzegJmFph9rPE3n4b8wwyJpt5JtaWo5MTZPDl,pfbid029e5cEVJeD346K2uwfBMDAi9gVdwuRzegJmFph9rPE3n4b8wwyJpt5JtaWo5MTZPDl,neutral,2026-06-22 03:56:22+00:00,2,0,0,0,0.5,2,,Badzli Bakar,0.0,neutral,0.8244534730911255,english,Mixed/Urban,no_clear_emotion,0.03948238492012024,0.022097552195191383,0.10332213342189789,0.01597565785050392,0.25949323177337646,0.022725317627191544
facebook,comment,Y29tbWVudDoxNTg5NTYxNjk5NDA2NzIzXzE5ODM3NjI4MDIyNTg2NjM=,Alhamdulillah,,https://www.facebook.com/pasnegeri9/posts/pfbid029e5cEVJeD346K2uwfBMDAi9gVdwuRzegJmFph9rPE3n4b8wwyJpt5JtaWo5MTZPDl,pfbid029e5cEVJeD346K2uwfBMDAi9gVdwuRzegJmFph9rPE3n4b8wwyJpt5JtaWo5MTZPDl,neutral,2026-06-22 01:52:44+00:00,0,0,0,0,0.5,0,,Hdr Widad,0.0,neutral,0.6396102905273438,english,Mixed/Urban,no_clear_emotion,0.07745636254549026,0.08687907457351685,0.2357417643070221,0.0447528213262558,0.18604931235313416,0.067743681371212
facebook,comment,Y29tbWVudDoxNTg5NTYxNjk5NDA2NzIzXzg4ODgzNzYxMDIzMDYxMg==,Nk jdi kerajaan ke.. Pas ne dh bengap tolol.. sewa permis pon x boleh bayar.. Harakah pon hutang lgi.. Level mimpin pelarian Rohingya Nepal bangla Pakistan😂😂😂😂 pati tin milo😂😂 Low class😂😂,,https://www.facebook.com/pasnegeri9/posts/pfbid029e5cEVJeD346K2uwfBMDAi9gVdwuRzegJmFph9rPE3n4b8wwyJpt5JtaWo5MTZPDl,pfbid029e5cEVJeD346K2uwfBMDAi9gVdwuRzegJmFph9rPE3n4b8wwyJpt5JtaWo5MTZPDl,negative,2026-06-22 02:34:28+00:00,0,0,0,0,0.0005065083503723034,0,,Jumian Agility,0.0,negative,0.9983116388320923,malay,Malay/Bumiputera,love,0.22732050716876984,0.13666872680187225,0.029583435505628586,0.06790681183338165,0.4398764669895172,0.021932410076260567
facebook,comment,Y29tbWVudDoxNTg5NTYxNjk5NDA2NzIzXzE1NjM3ODUyMDUwODQxNTU=,Alhamdulillah,,https://www.facebook.com/pasnegeri9/posts/pfbid029e5cEVJeD346K2uwfBMDAi9gVdwuRzegJmFph9rPE3n4b8wwyJpt5JtaWo5MTZPDl,pfbid029e5cEVJeD346K2uwfBMDAi9gVdwuRzegJmFph9rPE3n4b8wwyJpt5JtaWo5MTZPDl,neutral,2026-06-22 01:27:30+00:00,0,0,0,0,0.5,0,,Rozmal Malakan,0.0,neutral,0.6396102905273438,english,Mixed/Urban,no_clear_emotion,0.07745636254549026,0.08687907457351685,0.2357417643070221,0.0447528213262558,0.18604931235313416,0.067743681371212
facebook,comment,Y29tbWVudDoxNTg5NTYxNjk5NDA2NzIzXzE3Njg2OTU4MDc4MjI0MzA=,#NismilanKitoTawan,,https://www.facebook.com/pasnegeri9/posts/pfbid029e5cEVJeD346K2uwfBMDAi9gVdwuRzegJmFph9rPE3n4b8wwyJpt5JtaWo5MTZPDl,pfbid029e5cEVJeD346K2uwfBMDAi9gVdwuRzegJmFph9rPE3n4b8wwyJpt5JtaWo5MTZPDl,neutral,2026-06-22 01:59:01+00:00,1,0,0,0,0.5,1,,Shahrikhuzaimie Mansur,0.0,neutral,0.8214405179023743,english,Mixed/Urban,no_clear_emotion,0.11772774904966354,0.047092195600271225,0.07564947009086609,0.03461918979883194,0.3235936164855957,0.04577319324016571
facebook,comment,Y29tbWVudDoxNTg5NTYxNjk5NDA2NzIzXzE3MDk0MzQwMzAyNDQ5OTY=,BarakaLlah feekum ajmain,,https://www.facebook.com/pasnegeri9/posts/pfbid029e5cEVJeD346K2uwfBMDAi9gVdwuRzegJmFph9rPE3n4b8wwyJpt5JtaWo5MTZPDl,pfbid029e5cEVJeD346K2uwfBMDAi9gVdwuRzegJmFph9rPE3n4b8wwyJpt5JtaWo5MTZPDl,neutral,2026-06-22 02:03:52+00:00,0,0,0,0,0.5,0,,Redzuan Mohd Zin,0.0,neutral,0.7429364919662476,english,Mixed/Urban,love,0.09802288562059402,0.047995250672101974,0.06806966662406921,0.07215075939893723,0.6250181198120117,0.030373258516192436
facebook,comment,Y29tbWVudDoxNTg5NTYxNjk5NDA2NzIzXzI0OTg5OTU2MDcyNDI4ODA=,Semoga trus istiqomah...,,https://www.facebook.com/pasnegeri9/posts/pfbid029e5cEVJeD346K2uwfBMDAi9gVdwuRzegJmFph9rPE3n4b8wwyJpt5JtaWo5MTZPDl,pfbid029e5cEVJeD346K2uwfBMDAi9gVdwuRzegJmFph9rPE3n4b8wwyJpt5JtaWo5MTZPDl,neutral,2026-06-22 01:35:45+00:00,0,0,0,0,0.5,0,,Rohaizi Ismail,0.0,neutral,0.7995541095733643,english,Mixed/Urban,no_clear_emotion,0.10544492304325104,0.0718671903014183,0.08238311111927032,0.03609719127416611,0.07904060930013657,0.04460561275482178
facebook,comment,Y29tbWVudDoxNTg5NTYxNjk5NDA2NzIzXzE2OTY4Nzg0NDQ2ODQ4NDQ=,Alhamdulillah,,https://www.facebook.com/pasnegeri9/posts/pfbid029e5cEVJeD346K2uwfBMDAi9gVdwuRzegJmFph9rPE3n4b8wwyJpt5JtaWo5MTZPDl,pfbid029e5cEVJeD346K2uwfBMDAi9gVdwuRzegJmFph9rPE3n4b8wwyJpt5JtaWo5MTZPDl,neutral,2026-06-22 06:09:00+00:00,0,0,0,0,0.5,0,,Rohayati Yatie,0.0,neutral,0.6396102905273438,english,Mixed/Urban,no_clear_emotion,0.07745636254549026,0.08687907457351685,0.2357417643070221,0.0447528213262558,0.18604931235313416,0.067743681371212
facebook,comment,Y29tbWVudDoxNTg5NTYxNjk5NDA2NzIzXzE2NzEyNzU5ODcyNTY3Mzg=,Tahniah PAS N9!,,https://www.facebook.com/pasnegeri9/posts/pfbid029e5cEVJeD346K2uwfBMDAi9gVdwuRzegJmFph9rPE3n4b8wwyJpt5JtaWo5MTZPDl,pfbid029e5cEVJeD346K2uwfBMDAi9gVdwuRzegJmFph9rPE3n4b8wwyJpt5JtaWo5MTZPDl,neutral,2026-06-22 03:06:58+00:00,0,0,0,0,0.5,0,,Nazir Ramlan,0.0,neutral,0.7615224123001099,english,Mixed/Urban,love,0.18657180666923523,0.0651155412197113,0.08315471559762955,0.03031105175614357,0.41253212094306946,0.031450241804122925
facebook,post,1579260943770132,PAS PILIHAN TERBAIK...,https://www.facebook.com/pasnegeri9/posts/pfbid02BfbAhKm3JBosTkxUV26tDJW1vJtPzpBi6xJQAuAntsUdBvAcUALLVfjatyj8vbVzl,,,neutral,2026-06-09 23:56:07+00:00,0,0,5,0,0.5,5,15.0,,,neutral,0.9970699548721313,malay,Malay/Bumiputera,love,0.04382558912038803,0.019047053530812263,0.06832406669855118,0.013649779371917248,0.417574942111969,0.02794087491929531
facebook,comment,Y29tbWVudDoxNTc5MjYwOTQzNzcwMTMyXzE1Mzk3MDI0MDA5MDA5ODc=,Party mana sokong yam tuan besar tengku muhris..itu lah pilihan pengundi di n9..,,https://www.facebook.com/pasnegeri9/posts/pfbid02BfbAhKm3JBosTkxUV26tDJW1vJtPzpBi6xJQAuAntsUdBvAcUALLVfjatyj8vbVzl,pfbid02BfbAhKm3JBosTkxUV26tDJW1vJtPzpBi6xJQAuAntsUdBvAcUALLVfjatyj8vbVzl,neutral,2026-06-10 00:47:20+00:00,1,0,0,0,0.5,1,,Asa'ad Asa'ad Asa'ad,0.0,neutral,0.8857969641685486,english,Mixed/Urban,no_clear_emotion,0.05886851251125336,0.012060752138495445,0.05561048164963722,0.019331596791744232,0.38863614201545715,0.021461036056280136
facebook,comment,Y29tbWVudDoxNTc5MjYwOTQzNzcwMTMyXzE3NDQwNDI1NTM0Mzc1MDU=,Pas terbaik. Parti yg ajak org solat dan tutup aurat dgn betul,,https://www.facebook.com/pasnegeri9/posts/pfbid02BfbAhKm3JBosTkxUV26tDJW1vJtPzpBi6xJQAuAntsUdBvAcUALLVfjatyj8vbVzl,pfbid02BfbAhKm3JBosTkxUV26tDJW1vJtPzpBi6xJQAuAntsUdBvAcUALLVfjatyj8vbVzl,positive,2026-06-11 08:06:19+00:00,0,0,0,0,0.999233853816986,0,,Norhayati Taman,0.0,positive,0.9974461793899536,malay,Malay/Bumiputera,love,0.034898679703474045,0.011074933223426342,0.03912682458758354,0.015391859225928783,0.7639335989952087,0.024730907753109932
facebook,comment,Y29tbWVudDoxNTc5MjYwOTQzNzcwMTMyXzQzODkxMTk1MDEzNDY4MDU=,Pemimpin berceramah perlu dengan adab dan merasai struggle rakyat. Bukan ajak rakyat buat dosa mencarut memaki. Terbaik PAS,,https://www.facebook.com/pasnegeri9/posts/pfbid02BfbAhKm3JBosTkxUV26tDJW1vJtPzpBi6xJQAuAntsUdBvAcUALLVfjatyj8vbVzl,pfbid02BfbAhKm3JBosTkxUV26tDJW1vJtPzpBi6xJQAuAntsUdBvAcUALLVfjatyj8vbVzl,negative,2026-06-10 01:07:30+00:00,0,0,0,0,0.0004803478717804177,0,,Dewan Muslimat PAS Negeri Sembilan,0.0,negative,0.9983988404273987,malay,Malay/Bumiputera,love,0.10622011125087738,0.02074574865400791,0.04481152817606926,0.03774141147732735,0.6646466851234436,0.020143410190939903
facebook,comment,Y29tbWVudDoxNTc5MjYwOTQzNzcwMTMyXzE5NDA3MDQ0MzY2MDQ5Nzc=,Huhhh. Sadis PH mcm mni,,https://www.facebook.com/pasnegeri9/posts/pfbid02BfbAhKm3JBosTkxUV26tDJW1vJtPzpBi6xJQAuAntsUdBvAcUALLVfjatyj8vbVzl,pfbid02BfbAhKm3JBosTkxUV26tDJW1vJtPzpBi6xJQAuAntsUdBvAcUALLVfjatyj8vbVzl,neutral,2026-06-10 00:15:59+00:00,0,0,0,0,0.5,0,,Amad Faqroul,0.0,neutral,0.7318335175514221,english,Mixed/Urban,no_clear_emotion,0.15684199333190918,0.025528952479362488,0.06528731435537338,0.04701770469546318,0.3297916352748871,0.03770623356103897
facebook,comment,Y29tbWVudDoxNTc5MjYwOTQzNzcwMTMyXzEwMDE4MjEwNzU2NzE1MTY=,Kita support PAS....Terbaik,,https://www.facebook.com/pasnegeri9/posts/pfbid02BfbAhKm3JBosTkxUV26tDJW1vJtPzpBi6xJQAuAntsUdBvAcUALLVfjatyj8vbVzl,pfbid02BfbAhKm3JBosTkxUV26tDJW1vJtPzpBi6xJQAuAntsUdBvAcUALLVfjatyj8vbVzl,positive,2026-06-10 00:25:53+00:00,0,0,0,0,0.8974955469369887,0,,Ismail Mahat,0.0,positive,0.6583184897899628,multilingual,Unknown,love,0.03000994212925434,0.017273856326937675,0.1626514494419098,0.01417266670614481,0.7267091274261475,0.01509951613843441
facebook,post,1582326850130208,"LIVE!!!

Assalamualaikum dan Salam Sejahtera,
Untuk makluman semua,

JEMPUTAN KE PROGRAM CERAMAH UMUM :
AMBANG PILIHANRAYA

📅 Tarikh: 13 JUN 2026 ( SABTU - MLM INI )
🕘 Masa: 9.15 malam
📍 Tempat: Markas PAS Kawasan Seremban ( Berhadapan Stesen Petronas Jalan Seremban - Jelebu )

=========================
PENCERAMAH JEMPUTAN:

🎤YB DATO' SRI TUAN IBRAHIM TUAN MAN
( TIMBALAN PRESIDEN PAS / AHLI PARLIMEN KUBANG KERIAN )

🎤 YB DATO' SRI AMAR DIRAJA DATO' HAJI NIK AMAR NIK ABDULLAH
( NAIB PRESIDEN PAS / SPEAKER DUN NEGERI KELANTAN )

🎤 TAN SRI ANUAR MUSA
( TIMBALAN PENGARAH PILIHANRAYA PAS PUSAT )

🎤 YB  DR. HAIM HILMAN
( AJK PAS PUSAT / EXCO KERAJAAN NEGERI KEDAH  )

=========================
Nota : Gerai Jualan makanan dan minuman ada disediakan.

✨ SEMUA DIJEMPUT HADIR ✨

Ribuan Terima Kasih.

Wassalam...

#PASNismilan
#NismilanKitoTawan
#BeradatMuafakatBerkat",https://www.facebook.com/pasnegeri9/posts/pfbid0vXm19WqguDUk5pdbjEmAktApVSfAjJgQdUVDQp5Pcg5Aj9yRuaGMzuAFGzoDRGXfl,,,neutral,2026-06-13 13:20:42+00:00,0,0,3,0,0.5,3,9.0,,,neutral,0.753938615322113,malay,Malay/Bumiputera,no_clear_emotion,0.07835741341114044,0.04202985018491745,0.05630525201559067,0.039222899824380875,0.09180905669927597,0.07054854929447174
facebook,comment,Y29tbWVudDoxNTgyMzI2ODUwMTMwMjA4XzI1NTY3NjgxMjgxMDM0MzM=,Ada live tak,,https://www.facebook.com/pasnegeri9/posts/pfbid0vXm19WqguDUk5pdbjEmAktApVSfAjJgQdUVDQp5Pcg5Aj9yRuaGMzuAFGzoDRGXfl,pfbid0vXm19WqguDUk5pdbjEmAktApVSfAjJgQdUVDQp5Pcg5Aj9yRuaGMzuAFGzoDRGXfl,positive,2026-06-13 13:46:01+00:00,0,0,2,0,0.8995847016572952,4,,Mohd Noor Zakaria,0.0,positive,0.6652823388576508,multilingual,Unknown,love,0.15891823172569275,0.12256734818220139,0.12646391987800598,0.09019804745912552,0.20890593528747559,0.11385229974985123
