Platform,Type,ID,Text,URL,Parent_Post_URL,Parent_Post_ID,Sentiment,Date,likes,shares,comments_count,views,sentiment_score,total_engagement,engagement_score,sentiment_label,sentiment_confidence,detected_language,demographic,emotion_primary,emotion_anger,emotion_fear,emotion_happy,emotion_sadness,emotion_love,emotion_surprise
threads,post,3.8712893054414244e+18,"Di sebalik kata, “Kita kahwin tau”, Allah akan uji dengan:

- Bergaduh.
- Tidak memahami antara satu sama lain.
- Overthinking.
- Belajar bertahan.

Dan satu lagi. Belajar untuk terus memilih satu sama lain setiap hari.",https://www.threads.com/@nabil.pauzi/post/DW5lRzBmtS9,,,positive,2026-05-29 19:26:56.940466,11408,0,0,0,0.9994097530841827,11408,11408.0,positive,0.9980325102806091,malay,Malay/Bumiputera,anger,0.5616016387939453,0.19900721311569214,0.010772190056741238,0.1511985957622528,0.048095397651195526,0.01373680867254734
threads,post,3.815684102347659e+18,"Sekarang kalau terasa or sakit hati pun, I choose to keep it silent je. Malas nak fikir or argue dengan orang. Lama lama lupa. Its better that way. Menahan diri supaya tidak terasa hati dan tidak mudah emosi is another level of pain and susah. Actually banyak sangat benda aku nak terasa sekarang ni. Its not about sensitive or what. Dah nama pun hati kan. But at the end I'll prefer to pendam. Because nobody cares and it still won't change anything.",https://www.threads.com/@raulaziz/post/DT0CHmHiZZE,,,negative,2026-05-29 19:26:56.940517,556,0,0,0,0.15632340610027312,556,556.0,negative,0.4789219796657562,english,Mixed/Urban,love,0.1663532853126526,0.04058613255620003,0.02217135764658451,0.16255688667297363,0.5511379837989807,0.02228514663875103
threads,post,3.8954520664883994e+18,"Orang Malaysia mungkin dah lupa, dunia sekarang dalam krisis bekalan global. Krisis ini wujud sejak US lancarkan serangan ke atas Iran pada 28 Februari 2026. Banyak negara yang dah terkesan dengan krisis ni. Bezanya kita, kesan krisis ni lambat sampai ke negara ni.",https://www.threads.com/@syafiqalmahdaly/post/DYPbQP2mjXI,,,negative,2026-05-29 19:26:56.940357,402,0,0,0,0.000506615638732888,402,402.0,negative,0.9983112812042236,malay,Malay/Bumiputera,sadness,0.07729293406009674,0.06323868036270142,0.009040068835020065,0.6314935088157654,0.08849205076694489,0.069732166826725
threads,post,3.6163172776729334e+18,Penghasut kaum Dari segi apa ? halang sesuatu bangsa bersatu padu Dan menentang ke ? Supaya korang boleh sewenang² tadbir negara Dan diam ikut telunjuk saje ? Siapa rasa senang dengan statement ni ? Dengan isu² berbangkit harapkan kere jaan selesaikan berat sebelah. Tanah nilai 10j dapat free². Perghh pedih mat,https://www.threads.com/@imanxnaim/post/DIvvWdqzYeL,,,negative,2026-05-29 19:26:56.940076,377,0,0,0,0.0004838705062866211,377,377.0,negative,0.9983870983123779,malay,Malay/Bumiputera,love,0.3228183686733246,0.029240410774946213,0.06519966572523117,0.03936384618282318,0.3663765788078308,0.021084601059556007
threads,post,3.72801876772112e+18,"Mmg sepatutnya di beri pada PAS memerintah selama sepenggal untuk rakyat M'sia dpt menilai sendiri,,semua parti sblm ni dah memerintah ini kali bagi PAS plk
Walaupun beliau hanya melontar pendapat dr lubuk hati tapi yakin lah kamu selepas ini kamu akn digelar ""Walaun"" sama mcm kami yg brada didalam PAS ni dan bukan lakon2.. 😂😂😂.. Alhamdullillah, PRO PASPN.",https://www.threads.com/@poklan5858/post/DO8lVE-AcAE,,,negative,2026-05-29 19:26:56.939905,330,0,0,0,0.0005085110664367898,330,330.0,negative,0.9983049631118774,malay,Malay/Bumiputera,no_clear_emotion,0.02032168209552765,0.04434394836425781,0.22995033860206604,0.01233903132379055,0.2363625019788742,0.1035384088754654
threads,post,3.9075342030931185e+18,"Before I masuk semester sekarang ni, I tak pernah betul-betul tahu auditing ni buat apa until I ambil subject audit. I just imagine audit ni hanyalah: ""check financial statements and detect errors.""

Rupanya it's way more complicated daripada tu. Nampak cliché kan? Tapi bukan I seorang je accounting student yang fikir macam tu dulu.",https://www.threads.com/@qyleaa_/post/DY6WaebDe75,,,neutral,2026-05-29 19:26:56.940302,258,0,0,0,0.5,258,258.0,neutral,0.6650152206420898,english,Mixed/Urban,love,0.06253457814455032,0.041752226650714874,0.028629489243030548,0.12764900922775269,0.5214090943336487,0.09649007767438889
threads,post,3.778438864475246e+18,dah terlaksana ke apa yang tuanku hajatkan atau retorik nak butakan pandangan rakyat dengan alasan..,https://www.threads.com/@tengkuraq75/post/DRvtiDSk867,,,negative,2026-05-29 19:26:56.939631,236,0,0,0,0.00048530101776123047,236,236.0,negative,0.9983823299407959,malay,Malay/Bumiputera,surprise,0.0176363717764616,0.25324565172195435,0.11308596283197403,0.02782840095460415,0.11166326701641083,0.37157294154167175
threads,post,3.8820420822244367e+18,Saya bersuara pasal PATI 😁 itu hak rakyat tempatan bah tahap kemanusiaannya ni lain sampai doakan kawan dia sendiri jatuh sebab bersuara pasal PATI waishhhhh kena cakap lagi mengaibkan diri 🤭🤣,https://www.threads.com/@rzierslie_/post/DXfyLSyGvav,,,negative,2026-05-29 19:26:56.939403,209,0,0,0,0.0004806339740753285,209,209.0,negative,0.9983978867530823,malay,Malay/Bumiputera,love,0.16687048971652985,0.0229133740067482,0.04750727862119675,0.09435834735631943,0.3766854405403137,0.029166579246520996
threads,post,3.831651957497536e+18,Yang parti Bersatu ni pun. Orang sibuk perjuangkan tanah tuan tanah yang dicerobohi rumah anutan haram. Dia lorat dengan drama politik bangang dia. bubarkan jela parti bersatu tu. Jentera pun harapkan PAS je,https://www.threads.com/@tok.jiz/post/DUswyeFkh68,,,negative,2026-05-29 19:26:56.940568,207,0,0,0,0.027180996537208568,207,207.0,negative,0.9093966782093048,multilingual,Unknown,anger,0.6481751799583435,0.02640329673886299,0.09974842518568039,0.018687741830945015,0.07398353517055511,0.01512841135263443
threads,post,3.697595402154305e+18,Allah angkat dia utk rakyat menilai.. penyokong tegar or pembangkang dpt merasa.. beban or nikmat sendiri fikir🤣🤣🤣🤣,https://www.threads.com/@poklan5858/post/DNQf210hmYr,,,negative,2026-05-29 19:26:56.940129,185,0,0,0,0.05038910731673241,185,185.0,negative,0.8320363089442253,multilingual,Unknown,sadness,0.09386696666479111,0.12587320804595947,0.03859015926718712,0.5784901976585388,0.06617425382137299,0.03185667470097542
threads,post,3.8081124740429225e+18,"Kalau buat runtuh lepastu runtuh lagi tu apa maksudnya 

Sebuah negeri Pas",https://www.threads.com/@bro.lemaan/post/DTZIh5wD_Ud,,,negative,2026-05-29 19:26:56.939551,124,0,0,0,0.08704425394535065,124,124.0,negative,0.7098524868488312,multilingual,Unknown,love,0.06928959488868713,0.022104917094111443,0.055924490094184875,0.03143754601478577,0.4158479869365692,0.031144341453909874
threads,post,3.8575878141129513e+18,"Sebarang Anasir Ancam Perpaduan Mesti Dibanteras Tanpa Kompromi - DYMM Agong

Nasihat tegas buat penceroboh haram.",https://www.threads.com/@the_azzamhasban/post/DWI5622E_u0,,,neutral,2026-05-29 19:26:56.939777,103,0,0,0,0.5,103,103.0,neutral,0.873845636844635,english,Mixed/Urban,no_clear_emotion,0.1416340470314026,0.02655436284840107,0.0923425704240799,0.02340870164334774,0.2187466323375702,0.0345710925757885
threads,post,3.9075172807712154e+18,"hi semuaaaa, barang apa yang best and worth untuk pakai masuk uni? tak kisah daily or dalam bilik. thank you in advance!",https://www.threads.com/@mfizz.di/post/DY6SkOSEZDf,,,positive,2026-05-29 19:26:56.940244,87,0,0,0,0.940887439250946,87,87.0,positive,0.8029581308364868,english,Mixed/Urban,love,0.02778134122490883,0.015265306457877159,0.022124888375401497,0.022359920665621758,0.8508269786834717,0.024013420566916466
threads,post,3.7917900248589363e+18,"Jangan nak salahkan BERSATU, PAS, PN pula, Wak Jahid dari UMNO jer yang tak nak Melayu bersatu, BERSATU dengan PAS tiada masalah. 

Masa PAS/UMNO jemput BERSATU dalam MN kita ON jer Wak Jahid AKA UMNO yang tak nak.

Lepastu korang nak salahkan BERSATU/MELAYU  ker...",https://www.threads.com/@komrad_ipin/post/DSfJPAWliRC,,,negative,2026-05-29 19:26:56.939841,76,0,0,0,0.0005035221576690785,76,76.0,negative,0.9983215928077698,malay,Malay/Bumiputera,love,0.22905543446540833,0.026761677116155624,0.04094819724559784,0.061127714812755585,0.40766894817352295,0.026579266414046288
threads,post,3.903561734305326e+18,"Hi semua..saya ada soalan kepada senior² politeknik or similar..kalau bleh jawab la so bleh jadi pendorong sy nak masuk poli 🥹Please jgn kecam

1.Boleh bawak item² ni tak dekat hostel?
-mini washing machine
-mini portable pot
-iron
dan sebagainya yg most orang ingt boleh tapi tak
2.Politeknik selalu tak buat lawatan sambil belajar especially PSA?
3.Yuran semester semua kena bayar sekaligus ke? Tk bleh bayar asing² like tiap² sem?

TQ",https://www.threads.com/@shpeelestara._/post/DYsPLckE6Td,,,negative,2026-05-29 19:26:56.940618,74,0,0,0,0.0004806339740753285,74,74.0,negative,0.9983978867530823,malay,Malay/Bumiputera,surprise,0.03524373099207878,0.1224542185664177,0.014312000945210457,0.03923674672842026,0.046283282339572906,0.5701388716697693
threads,post,3.7240039794468547e+18,"PAS YANG MENGKHIANATI MUAFAKAT NASIONAL 

Kerana wang Pas sanggup meninggalkan penyatuan orang Melayu dalam Muafakat Nasional",https://www.threads.com/@sufyaini/post/DOuUeOBEiQb,,,neutral,2026-05-29 19:26:56.939966,59,0,0,0,0.5,59,59.0,neutral,0.8415668606758118,english,Mixed/Urban,love,0.09564030915498734,0.03164344280958176,0.04281625896692276,0.24956369400024414,0.3092379570007324,0.03703708201646805
threads,post,3.793202886546257e+18,"Kita kerjasama dgn PH utk bentuk kerajaan stabil. Tapi sekiranya PH tak hormati UMNO sebagai rakan sekutu, eloklah kita putuskan hubungan.",https://www.threads.com/@cghazleen.ismail/post/DSkKe2Vk3M9,,,negative,2026-05-29 19:26:56.939705,51,0,0,0,0.0006072342395782582,51,51.0,negative,0.9979758858680725,malay,Malay/Bumiputera,love,0.21554481983184814,0.015904316678643227,0.03131125867366791,0.07017684727907181,0.5626642107963562,0.021632930263876915
threads,post,3.794978212090607e+18,Alhamdulilah PAS parti yang tegas. Yang zsokong besang presideng terus dia buang! Syukur keberkesanan Qunut Nazillah. Hancurlah penunggang agama!!!!,https://www.threads.com/@al_habsyi_news/post/DSqeJPGAfbf,,,negative,2026-05-29 19:26:56.940024,48,0,0,0,0.0006655275821685902,48,48.0,negative,0.9977815747261047,malay,Malay/Bumiputera,love,0.1080654188990593,0.05871690437197685,0.23132748901844025,0.022042138502001762,0.3515048921108246,0.020734582096338272
threads,post,3.9075228883380833e+18,"hi sr and br, nak tanya macam mana nak study abroad after asasi di uia? sebb uia ni kan asasi tertutup. or just apply je mana ii program overseas after asasi ?",https://www.threads.com/@btrisiaa_/post/DY6T10vGY45,,,neutral,2026-05-29 19:26:56.940183,38,0,0,0,0.5,38,38.0,neutral,0.9315030574798584,english,Mixed/Urban,no_clear_emotion,0.10835441201925278,0.04656369984149933,0.035909589380025864,0.017719445750117302,0.07270632684230804,0.15001308917999268
threads,post,3.907580835658877e+18,"Hi guys , share dkt mana korang beli linen / cotton blouse or tshirt dekat Malaysia ni .online or kedai both suggestion I ok je ...#panasberkicap 😅😂🤣",https://www.threads.com/@ikin.nura/post/DY6hBEYkkdg,,,neutral,2026-05-29 19:26:56.940411,15,0,0,0,0.5,15,15.0,neutral,0.9975971579551697,malay,Malay/Bumiputera,love,0.030438082292675972,0.021238654851913452,0.026367884129285812,0.033118318766355515,0.6882325410842896,0.08804089576005936
threads,comment,3.8820420822244367e+18,Saya bersuara pasal PATI 😁 itu hak rakyat tempatan bah tahap kemanusiaannya ni lain sampai doakan kawan dia sendiri jatuh sebab bersuara pasal PATI waishhhhh kena cakap lagi mengaibkan diri 🤭🤣,https://www.threads.com/@rzierslie_/post/DXfyLSyGvav,https://www.threads.com/@rzierslie_/post/DXfyLSyGvav,DXfyLSyGvav,negative,,209,0,88,0,0.0004806339740753285,297,,negative,0.9983978867530823,malay,Malay/Bumiputera,love,0.16687048971652985,0.0229133740067482,0.04750727862119675,0.09435834735631943,0.3766854405403137,0.029166579246520996
threads,comment,,sebut pasal PATI meroyan friendslist Facebook siap sebut education is number 2 adab is number 1 kunun 🤣🤣 baru ak tau bersuara pasal PATI ni tiada adab,,https://www.threads.com/@rzierslie_/post/DXfyLSyGvav,DXfyLSyGvav,neutral,,0,0,0,0,0.5,0,,neutral,0.688273012638092,english,Mixed/Urban,love,0.035791248083114624,0.06238679587841034,0.06247643381357193,0.05233895778656006,0.4300139546394348,0.13928720355033875
threads,comment,,Bincangkan 🤣,,https://www.threads.com/@rzierslie_/post/DXfyLSyGvav,DXfyLSyGvav,neutral,,0,0,0,0,0.5,0,,neutral,0.7497149109840393,english,Mixed/Urban,love,0.19971099495887756,0.06015412136912346,0.0865715891122818,0.030544033274054527,0.4349248707294464,0.02548183873295784
threads,comment,,"Sorrylah sis , nda saitu paham bm. 🫩 
Teruskan pertahankan hakmu sebagai rakyat Malaysia. 
Kalau nda kena injak2 kita",,https://www.threads.com/@rzierslie_/post/DXfyLSyGvav,DXfyLSyGvav,negative,,42,0,1,0,0.000484800338745095,43,,negative,0.9983839988708496,malay,Malay/Bumiputera,love,0.08896548300981522,0.01459410134702921,0.03693968057632446,0.033517491072416306,0.6841801404953003,0.02041112259030342
threads,comment,,Ya ba kita bersuara pasal PATI ba ni,,https://www.threads.com/@rzierslie_/post/DXfyLSyGvav,DXfyLSyGvav,neutral,,20,0,0,0,0.5,20,,neutral,0.6954725980758667,english,Mixed/Urban,love,0.04921157658100128,0.018276777118444443,0.025519801303744316,0.018425319343805313,0.8027880787849426,0.016082478687167168
threads,comment,,Dia ckp pasal ADAP? kalau betul ada ADAP mesti DOKUMEN SAH pun ada kan😆,,https://www.threads.com/@rzierslie_/post/DXfyLSyGvav,DXfyLSyGvav,negative,,17,0,1,0,0.00048619508743286133,18,,negative,0.9983793497085571,malay,Malay/Bumiputera,love,0.03968576714396477,0.01186136994510889,0.027331657707691193,0.01659984700381756,0.6380932331085205,0.034983210265636444
threads,comment,,Betul 😁👍,,https://www.threads.com/@rzierslie_/post/DXfyLSyGvav,DXfyLSyGvav,positive,,2,0,0,0,0.8053903177380561,2,,positive,0.35130105912685394,multilingual,Unknown,love,0.20418018102645874,0.06302650272846222,0.08304015547037125,0.04127851128578186,0.399840772151947,0.024872533977031708
threads,comment,,blh ja pun jdi brjaya tpi d negara sdiri la ya bkn d sni . klau masuknya scara PATI d negara org cuba explain kono mcm mana mau brjaya tu . ndpyh mau ckp isu plarian . tda perangg d sna tu . jdi PATI bukan musibah goblok tpi pilihan dia jdi PATI . klau kau masuk scara SAH tda pun yg kisah . ni msuk scara HARAM pastu claimed smua bnda mau sama rata .Tuhan pn nda jg bodoh mau mnghukum hambany smbarangan.dh terang lgi brsuluh ba tu msukk scara HARAM tu. mau lgi brfalsafah melibatkan Tuhan?mikirayau,,https://www.threads.com/@rzierslie_/post/DXfyLSyGvav,DXfyLSyGvav,neutral,,15,0,2,0,0.5,17,,neutral,0.8281514048576355,english,Mixed/Urban,love,0.22954097390174866,0.030709408223628998,0.07718347758054733,0.052707478404045105,0.30140775442123413,0.028448808938264847
threads,comment,,"dia mcmmn a mau ckp sis , drg blg ic ni nd d bwa mati na budu mn yg bckp tu ? kau mati nnt icmu jg d cari d jpn sn dia pikir ic tu hiasaka astaga😭",,https://www.threads.com/@rzierslie_/post/DXfyLSyGvav,DXfyLSyGvav,negative,,7,0,1,0,0.07355169653892518,8,,negative,0.7548276782035828,multilingual,Unknown,love,0.0766511932015419,0.027045007795095444,0.01712304726243019,0.0291903056204319,0.7315315008163452,0.029753506183624268
threads,comment,,Kan Susah owh meninggal ni mau daftar surat mati tu berurusan semuanya pakai ic ah🫠,,https://www.threads.com/@rzierslie_/post/DXfyLSyGvav,DXfyLSyGvav,negative,,0,0,0,0,0.13083370327949523,0,,negative,0.5638876557350159,english,Mixed/Urban,anger,0.26609429717063904,0.20021311938762665,0.04012428969144821,0.14404194056987762,0.24519647657871246,0.036185845732688904
threads,comment,,"Lahh tiber pula dia tu emosi? Suruh lah dia pigi bagi bantuan makanan ba sna kg yg kena musibah tu… drpda dia sibuk mempost n emosi smpai ckp psl jatuh la apala. Lari topic sda kwn mu tu, ckp byk and emosi sj lebih🫢",,https://www.threads.com/@rzierslie_/post/DXfyLSyGvav,DXfyLSyGvav,negative,,7,0,1,0,0.06484357416629791,8,,negative,0.783854752779007,multilingual,Unknown,anger,0.5210968852043152,0.020948756486177444,0.051534563302993774,0.027843305841088295,0.10178903490304947,0.017494847998023033
threads,comment,,Ya ba emosi betul tiber kan 🤣,,https://www.threads.com/@rzierslie_/post/DXfyLSyGvav,DXfyLSyGvav,neutral,,3,0,0,0,0.5,3,,neutral,0.7989180684089661,english,Mixed/Urban,anger,0.6540061235427856,0.034552883356809616,0.049061696976423264,0.045996274799108505,0.12156560271978378,0.010828507132828236
threads,comment,,Kwn sis tu pati ker? Kalau pati patut la dia merentan sgt.. teruskan bising sis isu pendatang ni… nmpknya skg mereka mula trgugat krna sudah ramai wrganegara yg bersuara… kte patut prthankan hak kte demi generasi kte akan dtg..,,https://www.threads.com/@rzierslie_/post/DXfyLSyGvav,DXfyLSyGvav,negative,,4,0,1,0,0.0004941701889037975,5,,negative,0.9983527660369873,malay,Malay/Bumiputera,love,0.043688610196113586,0.021073034033179283,0.03055412881076336,0.017359834164381027,0.5816534161567688,0.05335051566362381
threads,comment,,Ada ic tu tak pasti kenapa dia terlalu kemanusiaan ni 😁 sebab tu sy x berhenti bersuara mengenai PATI ni,,https://www.threads.com/@rzierslie_/post/DXfyLSyGvav,DXfyLSyGvav,negative,,1,0,2,0,0.051532718539237965,3,,negative,0.8282242715358734,multilingual,Unknown,surprise,0.043759554624557495,0.14498990774154663,0.022081583738327026,0.10095331817865372,0.3162041902542114,0.3176294267177582
threads,comment,,"Isunya di sini, kita memang tidak pandang pun status tu, manusia sesama manusia juga kita ada perikemanusiaan. Namun yang buat kita rasa kecewa tu apabila mereka sendiri tidak menghargai pertolongan yang diberikan. Kita tahu mereka dalam situasi yang benar2 darurat. Kerajaan dan pihak yang terlibat sudah sehabis baik membantu, tapi apa yang mereka balas? Jadi fikir2 kan lah. Tidak ada sedikit rasa pun mau rendahkan mereka2 ini.",,https://www.threads.com/@rzierslie_/post/DXfyLSyGvav,DXfyLSyGvav,negative,,7,0,1,0,0.006825149059295654,8,,negative,0.9772495031356812,malay,Malay/Bumiputera,sadness,0.01923801377415657,0.020116368308663368,0.006950300186872482,0.9120633006095886,0.016248704865574837,0.01451205089688301
threads,comment,,"Kalau kita tiada perikemanusiaan lama sudah  PTI lenyap dari Sabah, Malaysia.. tidak dorng sampai beranak pinak bergenerasi di sini secara HARAM. Mungkin sudah sampai masanya kita pribumi Sabah bersatu melaporkan kepada pihak berkuasa sesiapa sahaja yang menjadi enabler PTI sebab sesungguhnya mereka adalah pengkhianat negara Malaysia.",,https://www.threads.com/@rzierslie_/post/DXfyLSyGvav,DXfyLSyGvav,negative,,2,0,2,0,0.0004892528057098278,4,,negative,0.9983691573143005,malay,Malay/Bumiputera,sadness,0.17185470461845398,0.035093940794467926,0.03225703164935112,0.5367810130119324,0.10278938710689545,0.027463803067803383
threads,comment,,Azan bh telinga ny🤣,,https://www.threads.com/@rzierslie_/post/DXfyLSyGvav,DXfyLSyGvav,neutral,,4,0,1,0,0.5,5,,neutral,0.7550463080406189,english,Mixed/Urban,no_clear_emotion,0.06063289940357208,0.08298781514167786,0.0845986157655716,0.06259997189044952,0.1502339094877243,0.1309228241443634
threads,comment,,🤣🤣 Tambah rukyah sekali,,https://www.threads.com/@rzierslie_/post/DXfyLSyGvav,DXfyLSyGvav,neutral,,1,0,1,0,0.5,2,,neutral,0.6095597147941589,english,Mixed/Urban,no_clear_emotion,0.03983655571937561,0.011963584460318089,0.06964939832687378,0.01091009471565485,0.17800463736057281,0.02923859842121601
threads,comment,,Bnyk kawan ku juga bgni back up yg pti ni ai bikin tinggi darah saja🤣 susa bh kita ni terpaling ic 🤣🤣🤣🤣🤣,,https://www.threads.com/@rzierslie_/post/DXfyLSyGvav,DXfyLSyGvav,neutral,,2,0,1,0,0.5,3,,neutral,0.6409965753555298,english,Mixed/Urban,love,0.04516974464058876,0.07340766489505768,0.09770748764276505,0.04177936911582947,0.36695489287376404,0.10305263847112656
threads,comment,,Ya ba sandi ba terlampau back up sampai doakan kejatuhan haha,,https://www.threads.com/@rzierslie_/post/DXfyLSyGvav,DXfyLSyGvav,neutral,,0,0,0,0,0.5,0,,neutral,0.8172196745872498,english,Mixed/Urban,surprise,0.038660187274217606,0.11591639369726181,0.02923077531158924,0.02532838098704815,0.09174555540084839,0.49874699115753174
threads,comment,,Ndada harapan sda org begitu tu. Sya pn sda jumpa org bgini yg paling support PATI🙂‍↔️🙂‍↔️🙂‍↔️. Nda buli trima undang-undang negara.,,https://www.threads.com/@rzierslie_/post/DXfyLSyGvav,DXfyLSyGvav,positive,,2,0,1,0,0.9699010908603667,3,,positive,0.8996703028678894,malay,Malay/Bumiputera,love,0.06734282523393631,0.02953893132507801,0.06091735512018204,0.027334658429026604,0.763248085975647,0.01623564213514328
threads,comment,,🤣🤣 kita cakap apapun tetap melawan nd mau terima kenyataan,,https://www.threads.com/@rzierslie_/post/DXfyLSyGvav,DXfyLSyGvav,neutral,,2,0,1,0,0.5,3,,neutral,0.6734820604324341,english,Mixed/Urban,love,0.05876350775361061,0.011464172974228859,0.03074057772755623,0.02597752772271633,0.7656599283218384,0.016844164580106735
threads,comment,,Dibenci tu undang-undang sma imigresen.😀,,https://www.threads.com/@rzierslie_/post/DXfyLSyGvav,DXfyLSyGvav,negative,,1,0,0,0,0.0010813415050506814,1,,negative,0.9963955283164978,malay,Malay/Bumiputera,love,0.08023929595947266,0.01896630972623825,0.07390277832746506,0.032139457762241364,0.525503933429718,0.024351516738533974
threads,comment,,bole ka minta number dia hehehe,,https://www.threads.com/@rzierslie_/post/DXfyLSyGvav,DXfyLSyGvav,neutral,,1,0,1,0,0.5,2,,neutral,0.596832811832428,english,Mixed/Urban,love,0.11602707207202911,0.053020019084215164,0.19427314400672913,0.04048938304185867,0.42660292983055115,0.026498571038246155
threads,comment,,Hahaha sd sy delete 🤣,,https://www.threads.com/@rzierslie_/post/DXfyLSyGvav,DXfyLSyGvav,positive,,1,0,1,0,0.8106271877884864,2,,positive,0.36875729262828827,multilingual,Unknown,love,0.05914885923266411,0.01933116465806961,0.02782699465751648,0.11927828192710876,0.6310744881629944,0.03154652938246727
threads,comment,,HAHAHAHAH aiya,,https://www.threads.com/@rzierslie_/post/DXfyLSyGvav,DXfyLSyGvav,neutral,,0,0,0,0,0.5,0,,neutral,0.592103123664856,english,Mixed/Urban,love,0.027386248111724854,0.0390176884829998,0.06001723185181618,0.030379537492990494,0.5554885864257812,0.08897602558135986
threads,comment,,Aik tiba2 masuk air😂,,https://www.threads.com/@rzierslie_/post/DXfyLSyGvav,DXfyLSyGvav,neutral,,1,0,1,0,0.5,2,,neutral,0.8075137734413147,english,Mixed/Urban,surprise,0.02750531956553459,0.043597541749477386,0.025517422705888748,0.028430726379156113,0.021182196214795113,0.7195615172386169
threads,comment,,🤣🤣,,https://www.threads.com/@rzierslie_/post/DXfyLSyGvav,DXfyLSyGvav,positive,,0,0,0,0,0.8714138269424438,0,,positive,0.5713794231414795,multilingual,Unknown,love,0.1973509043455124,0.04891955479979515,0.08751074224710464,0.027549095451831818,0.36112865805625916,0.02514372020959854
threads,comment,,"Terang2 pendatang asing TANPA IZIN.  Salah tetap salah. Bukan sebab bangga ada ic, apa ingat senangka apply ic kalau bukan Malaysian Citizen? 🤣",,https://www.threads.com/@rzierslie_/post/DXfyLSyGvav,DXfyLSyGvav,negative,,2,0,1,0,0.0016576230525970348,3,,negative,0.9944745898246765,malay,Malay/Bumiputera,love,0.03578422591090202,0.03776233643293381,0.38642939925193787,0.021245185285806656,0.4245719611644745,0.029788797721266747
threads,comment,,Hahahah 🤣🤣,,https://www.threads.com/@rzierslie_/post/DXfyLSyGvav,DXfyLSyGvav,negative,,0,0,0,0,0.15688835084438324,0,,negative,0.47703883051872253,multilingual,Unknown,love,0.1177239641547203,0.045378342270851135,0.0651044026017189,0.03705722466111183,0.6451990008354187,0.017096878960728645
threads,comment,,Nda payah ko layan pti2 ni,,https://www.threads.com/@rzierslie_/post/DXfyLSyGvav,DXfyLSyGvav,neutral,,1,0,1,0,0.5,2,,neutral,0.8524744510650635,english,Mixed/Urban,anger,0.24030151963233948,0.10797958821058273,0.03721112385392189,0.1812673956155777,0.21557331085205078,0.06584864109754562
threads,comment,,Ya hahaa sd block tapi ada kawan ss ba status dia makin meroyan 🤣🤣,,https://www.threads.com/@rzierslie_/post/DXfyLSyGvav,DXfyLSyGvav,negative,,0,0,0,0,0.0004929006099700928,0,,negative,0.9983569979667664,malay,Malay/Bumiputera,love,0.09072965383529663,0.03234940022230148,0.05550147965550423,0.02762182615697384,0.5832287073135376,0.029115084558725357
threads,comment,,Mau aku kasih kena orang begini tauuuu hahahahaha,,https://www.threads.com/@rzierslie_/post/DXfyLSyGvav,DXfyLSyGvav,neutral,,1,0,1,0,0.5,2,,neutral,0.6153691411018372,english,Mixed/Urban,love,0.050452589988708496,0.0589698851108551,0.018040983006358147,0.10215895622968674,0.5244433879852295,0.1615252047777176
threads,comment,,Masalah otak sd hahah,,https://www.threads.com/@rzierslie_/post/DXfyLSyGvav,DXfyLSyGvav,neutral,,0,0,0,0,0.5,0,,neutral,0.9938591122627258,malay,Malay/Bumiputera,love,0.13393664360046387,0.05791451409459114,0.13883769512176514,0.051207736134529114,0.39849328994750977,0.04380352422595024
threads,comment,,pati kali cinta hati dia tu 🤣 ndabaaa,,https://www.threads.com/@rzierslie_/post/DXfyLSyGvav,DXfyLSyGvav,positive,,1,0,1,0,0.8394890666007995,2,,positive,0.46496355533599854,multilingual,Unknown,love,0.11584344506263733,0.08476392924785614,0.05215127021074295,0.15092194080352783,0.48894909024238586,0.052116602659225464
threads,comment,,Awas haha🤣,,https://www.threads.com/@rzierslie_/post/DXfyLSyGvav,DXfyLSyGvav,positive,,0,0,0,0,0.8820642709732055,0,,positive,0.6068809032440186,multilingual,Unknown,no_clear_emotion,0.13773053884506226,0.1390058547258377,0.12967495620250702,0.10535940527915955,0.17058241367340088,0.1467491239309311
threads,comment,,"Becakap pasal adab tapi adab org2 yg kena musibah tu dia nd tinguk. Berbalik dgn ayat dia sndri, pasal org yg kena musibah tu tiada adab la org2 local nd mau pandang dari segi kemanusiaan suda. Aip buli ka gitu.",,https://www.threads.com/@rzierslie_/post/DXfyLSyGvav,DXfyLSyGvav,negative,,3,0,0,0,0.0004929721355438343,3,,negative,0.9983567595481873,malay,Malay/Bumiputera,love,0.1843353807926178,0.05685822665691376,0.031733717769384384,0.03805200010538101,0.4225676357746124,0.04028547555208206
threads,comment,,mcm x sedar2 oh kan yg btul2 mmback up pati.. x belajar dri kes tanduo ka,,https://www.threads.com/@rzierslie_/post/DXfyLSyGvav,DXfyLSyGvav,neutral,,4,0,0,0,0.5,4,,neutral,0.8839628100395203,english,Mixed/Urban,surprise,0.013761050999164581,0.09500233829021454,0.01316332258284092,0.04465799033641815,0.024458402767777443,0.7691330313682556
threads,comment,,Aku rasa pilipin itu kawan mu. Hahaha percaya lah ic beli kali dia tu,,https://www.threads.com/@rzierslie_/post/DXfyLSyGvav,DXfyLSyGvav,positive,,1,0,1,0,0.999155443906784,2,,positive,0.9971848130226135,malay,Malay/Bumiputera,love,0.02457945980131626,0.013520861975848675,0.04490100219845772,0.01468119490891695,0.859908938407898,0.021117353811860085
threads,comment,,🤣🤣 kan knapa dia mengamuk sampai tahap begitu,,https://www.threads.com/@rzierslie_/post/DXfyLSyGvav,DXfyLSyGvav,positive,,1,0,0,0,0.8298163324594497,1,,positive,0.4327211081981659,multilingual,Unknown,no_clear_emotion,0.04309821128845215,0.04210657253861427,0.021267356351017952,0.11413802951574326,0.24484185874462128,0.24722133576869965
threads,comment,,"Tpi yg PATI paling BIADAP. Ckp sma dia kita beradab sma org yg tau adab, dan tdk BIADAP. Mencuri hak org beradab la kunun tu, curi air , curi karan, buang sampah. Itu yg dia katakan kita perlu beradab. Najis",,https://www.threads.com/@rzierslie_/post/DXfyLSyGvav,DXfyLSyGvav,positive,,2,0,0,0,0.9966225087642668,2,,positive,0.9887416958808899,malay,Malay/Bumiputera,love,0.10693327337503433,0.0666893795132637,0.04197942838072777,0.03890087082982063,0.40968093276023865,0.05768723785877228
threads,comment,,. isu pati d sabah TIDAK AKAN pernah selesai.. 😂 saya ulang TIDAK AKAN PERNAH SELESAI,,https://www.threads.com/@rzierslie_/post/DXfyLSyGvav,DXfyLSyGvav,neutral,,1,0,1,0,0.5,2,,neutral,0.9974714517593384,malay,Malay/Bumiputera,surprise,0.024795696139335632,0.2804185152053833,0.01514717098325491,0.049862343817949295,0.02435041405260563,0.5736650228500366
threads,comment,,Sebab itu kita kena bersuara hahaha 😂,,https://www.threads.com/@rzierslie_/post/DXfyLSyGvav,DXfyLSyGvav,negative,,1,0,1,0,0.1725344941020012,2,,negative,0.42488501965999603,multilingual,Unknown,anger,0.5968140959739685,0.02328253537416458,0.0676635354757309,0.038728050887584686,0.10135747492313385,0.01667230762541294
threads,comment,,Nak bersuara mcm mana lagi.. ?? Hilang suara da ni.. 😂😂😂,,https://www.threads.com/@rzierslie_/post/DXfyLSyGvav,DXfyLSyGvav,neutral,,0,0,1,0,0.5,1,,neutral,0.7787402868270874,english,Mixed/Urban,surprise,0.008218934759497643,0.036110587418079376,0.01430496945977211,0.02484823577105999,0.02923250012099743,0.836600661277771
threads,comment,,Teruskan saja post ba jangan senyap selamani saya diam ya ni kali pertama saya aktif di laman sosial bersuara isu PATI 🤣🤣 biar satu malaysia tau ni isu yg kita hadap,,https://www.threads.com/@rzierslie_/post/DXfyLSyGvav,DXfyLSyGvav,positive,,0,0,0,0,0.9823656737804412,0,,positive,0.941218912601471,malay,Malay/Bumiputera,love,0.08907542377710342,0.019007151946425438,0.04846057668328285,0.03144236281514168,0.5202279090881348,0.031580593436956406
threads,comment,,Ada tu kluarganya pati tulah dia p bela2. Suka juga dia d curi karan sma air nya kali,,https://www.threads.com/@rzierslie_/post/DXfyLSyGvav,DXfyLSyGvav,positive,,1,0,1,0,0.996480906009674,2,,positive,0.9882696866989136,malay,Malay/Bumiputera,love,0.04159076139330864,0.010910757817327976,0.026662668213248253,0.015189829282462597,0.8677852153778076,0.011044151149690151
threads,comment,,Ni real sy baru detect ba di fb saya. Bergeng2 komen pasal sy bersuara pasal PATI hurm rupanya keluarga durang PATI 🤣🤣🤣,,https://www.threads.com/@rzierslie_/post/DXfyLSyGvav,DXfyLSyGvav,positive,,0,0,0,0,0.9976480424404144,0,,positive,0.9921601414680481,malay,Malay/Bumiputera,no_clear_emotion,0.019669685512781143,0.01652233675122261,0.03889232128858566,0.011427327990531921,0.09310774505138397,0.05662338063120842
threads,comment,,"Boleh lapor enabler PTI kepada pihak berkuasa, dia boleh didakwa dibawah SOSMA.",,https://www.threads.com/@rzierslie_/post/DXfyLSyGvav,DXfyLSyGvav,negative,,1,0,0,0,0.000698608160018932,1,,negative,0.9976713061332703,malay,Malay/Bumiputera,no_clear_emotion,0.01937522552907467,0.007346672005951405,0.01812232844531536,0.010917983949184418,0.08142893761396408,0.03407607227563858
threads,comment,,Haiyaa... Yg menyokong PATI.. N hak kemanusiaan dia sebab kaum kerabat dia byk yg xda dokumen sah masuk Malaysia... Takut kaum kerabat dia di hina... Bodoh betul... Sama lah macam israel dulu.. Di kasihani oleh Palestinian... Last2... Begini lah kita ni sekarang... Sy sedangkan budak2 or orang2 guna bahasa indonesia jak pun mcm sy mo tampar...kalau yg masuk negara ni ada dokumen sah macam pasport ok lah... Ni... Dorang mo sokong PATI.. Ihhhh ganjil... Enablers,,https://www.threads.com/@rzierslie_/post/DXfyLSyGvav,DXfyLSyGvav,negative,,1,0,0,0,0.0005085110664367898,1,,negative,0.9983049631118774,malay,Malay/Bumiputera,anger,0.2888777554035187,0.026140661910176277,0.04544743895530701,0.20172612369060516,0.2561756670475006,0.032441072165966034
threads,comment,,Saya komen yg d fb terus kena block bah 😆,,https://www.threads.com/@rzierslie_/post/DXfyLSyGvav,DXfyLSyGvav,negative,,0,0,1,0,0.0004969596862792747,1,,negative,0.9983434677124023,malay,Malay/Bumiputera,love,0.2584158778190613,0.01874496415257454,0.04407617449760437,0.03843840956687927,0.4075167179107666,0.026176294311881065
threads,comment,,🤣🤣🤣 Koyak sd tuu,,https://www.threads.com/@rzierslie_/post/DXfyLSyGvav,DXfyLSyGvav,positive,,0,0,0,0,0.8395489200949668,0,,positive,0.46516306698322296,multilingual,Unknown,anger,0.5099285244941711,0.022925138473510742,0.09360266476869583,0.02804121933877468,0.15204478800296783,0.019703242927789688
threads,comment,,Report aduan PATI disini,,https://www.threads.com/@rzierslie_/post/DXfyLSyGvav,DXfyLSyGvav,neutral,,0,0,0,0,0.5,0,,neutral,0.6736360788345337,english,Mixed/Urban,love,0.1425754427909851,0.03830704838037491,0.09737787395715714,0.03636806085705757,0.4596520662307739,0.02163812331855297
threads,comment,,Nyah ..pengkhianat ngara.. bkn bangga sbb  ada ic ...bengong ...,,https://www.threads.com/@rzierslie_/post/DXfyLSyGvav,DXfyLSyGvav,negative,,1,0,0,0,0.08596596121788025,1,,negative,0.7134467959403992,multilingual,Unknown,happy,0.015495751984417439,0.025075184181332588,0.8883009552955627,0.006861671805381775,0.03633914887905121,0.012135856784880161
threads,comment,,Suruh la dia yang hulurkan duit dengan PATI tu,,https://www.threads.com/@rzierslie_/post/DXfyLSyGvav,DXfyLSyGvav,negative,,1,0,0,0,0.006878864765167247,1,,negative,0.9770704507827759,malay,Malay/Bumiputera,love,0.09253891557455063,0.02334909699857235,0.047104015946388245,0.033568304032087326,0.4268133342266083,0.03819412365555763
threads,comment,,Mmg jenis tdk tau malu bah durang ni,,https://www.threads.com/@rzierslie_/post/DXfyLSyGvav,DXfyLSyGvav,neutral,,0,0,1,0,0.5,1,,neutral,0.8338661789894104,english,Mixed/Urban,love,0.112516388297081,0.09756340831518173,0.015590937808156013,0.2884000837802887,0.38115769624710083,0.04942145571112633
threads,comment,,Ya ba bikin geram belum lagi nampak di fb tu 🤣 main hari pembalasan 😂 lucu betul,,https://www.threads.com/@rzierslie_/post/DXfyLSyGvav,DXfyLSyGvav,neutral,,0,0,1,0,0.5,1,,neutral,0.7484247088432312,english,Mixed/Urban,happy,0.019800515845417976,0.349465548992157,0.39903873205184937,0.015043407678604126,0.04718812182545662,0.13430118560791016
threads,comment,,Lama sia di sdkn jd tau sdh gaya2 drng ni..kadang ndak sdh dpt kasian,,https://www.threads.com/@rzierslie_/post/DXfyLSyGvav,DXfyLSyGvav,negative,,1,0,1,0,0.0016674220561981312,2,,negative,0.9944419264793396,malay,Malay/Bumiputera,fear,0.04668198153376579,0.4140530526638031,0.013025284744799137,0.3293977677822113,0.04164322093129158,0.12983503937721252
threads,comment,,Itula tu nd bole sd ba di kesian,,https://www.threads.com/@rzierslie_/post/DXfyLSyGvav,DXfyLSyGvav,neutral,,1,0,0,0,0.5,1,,neutral,0.882028341293335,english,Mixed/Urban,love,0.06374223530292511,0.016885003075003624,0.03424014896154404,0.018066367134451866,0.7288949489593506,0.01840294525027275
threads,comment,3.8081124740429225e+18,"Kalau buat runtuh lepastu runtuh lagi tu apa maksudnya 

Sebuah negeri Pas",https://www.threads.com/@bro.lemaan/post/DTZIh5wD_Ud,https://www.threads.com/@bro.lemaan/post/DTZIh5wD_Ud,DTZIh5wD_Ud,negative,,124,0,113,0,0.08704425394535065,237,,negative,0.7098524868488312,multilingual,Unknown,love,0.06928959488868713,0.022104917094111443,0.055924490094184875,0.03143754601478577,0.4158479869365692,0.031144341453909874
threads,comment,,"Dah pernah komen dulu; buat siasatan RCA/Root Cause Analysis.
Bila dah tau punca/root causes kenapa roboh; baru boleh tangan/counter measures. 

Byk kemungkinan sbb roboh ie;
1. Rekabentuk; wrong design, incomplete data, safety factor etc
2. Kontraktor; competency, limited access equipment/resources, 
3. Method of statement/pembinaan.",,https://www.threads.com/@bro.lemaan/post/DTZIh5wD_Ud,DTZIh5wD_Ud,neutral,,2,0,0,0,0.5,2,,neutral,0.6140679121017456,english,Mixed/Urban,anger,0.5378914475440979,0.19610370695590973,0.03671279549598694,0.04814380407333374,0.026634961366653442,0.06427174061536789
threads,comment,,Projek dibawah pusat brp..jgn Bodo sgt..tu dibawah JPS..jps bawah negeri ka bro..klau bodo belajar,,https://www.threads.com/@bro.lemaan/post/DTZIh5wD_Ud,DTZIh5wD_Ud,neutral,,0,0,0,0,0.5,0,,neutral,0.7875657677650452,english,Mixed/Urban,anger,0.2917938828468323,0.022727064788341522,0.09048447012901306,0.044134315103292465,0.27580660581588745,0.030516698956489563
threads,comment,,"maksud nya setiap thun mmg tggu duit dari federal..secara tak langsung bule rembat sikit buat modal kawen 2,3 & 4…",,https://www.threads.com/@bro.lemaan/post/DTZIh5wD_Ud,DTZIh5wD_Ud,neutral,,6,0,7,0,0.5,13,,neutral,0.838972270488739,english,Mixed/Urban,love,0.16678020358085632,0.11903869360685349,0.13250643014907837,0.042110830545425415,0.2535412311553955,0.040711745619773865
threads,comment,,@bro.lemaan menunjukkan keb0 d0han demi susap pedigree 🐖🐖🐖🐖 silap tu untul selangor darul kandan b4b1 ni untuk lemaan 🐕‍🦺🐕‍🦺🐕‍🦺,,https://www.threads.com/@bro.lemaan/post/DTZIh5wD_Ud,DTZIh5wD_Ud,negative,,0,0,0,0,0.08185044229030608,0,,negative,0.7271651923656464,multilingual,Unknown,no_clear_emotion,0.20669090747833252,0.049169592559337616,0.09486858546733856,0.03489888086915016,0.1215299516916275,0.028633438050746918
threads,comment,,apa salahnya dia ambik pasir banyak2 pastu timbus kat tepi pantai2 tu untuk elakkan hakisan. boleh jugak letak batu2 pemecah ombak.,,https://www.threads.com/@bro.lemaan/post/DTZIh5wD_Ud,DTZIh5wD_Ud,negative,,0,0,0,0,0.0004845142364501842,0,,negative,0.998384952545166,malay,Malay/Bumiputera,anger,0.6671866178512573,0.023631980642676353,0.06207352876663208,0.0205446295440197,0.07310344278812408,0.015550590120255947
threads,comment,,"Setakat hari ni dah berapa collection dpt, bang? Mesti RM10k sebulan, kan... Mcm geng Ceplos tu tuai hasil, kan 
🫵😏",,https://www.threads.com/@bro.lemaan/post/DTZIh5wD_Ud,DTZIh5wD_Ud,negative,,16,0,0,0,0.07739984393119811,16,,negative,0.7420005202293396,multilingual,Unknown,love,0.02977767586708069,0.013665818609297276,0.02161475084722042,0.02156238816678524,0.5235772132873535,0.0371207594871521
threads,comment,,"Jgn tanya kontraktor...tanya pihak mana yang luluskan plan. Kontraktor bina ikut plan..kalau tak ikut plan, tak dapat bayaran.",,https://www.threads.com/@bro.lemaan/post/DTZIh5wD_Ud,DTZIh5wD_Ud,negative,,0,0,0,0,0.05643361508846284,0,,negative,0.8118879497051239,multilingual,Unknown,anger,0.3109123408794403,0.26416856050491333,0.021440565586090088,0.08700226992368698,0.08689708262681961,0.109098419547081
threads,comment,,kalau asyik gagal..bukan salah contractor..salah consultan cop ayam..compony kroni2...,,https://www.threads.com/@bro.lemaan/post/DTZIh5wD_Ud,DTZIh5wD_Ud,neutral,,0,0,0,0,0.5,0,,neutral,0.696264386177063,english,Mixed/Urban,no_clear_emotion,0.22925253212451935,0.019236193969845772,0.043979983776807785,0.027797941118478775,0.2714731991291046,0.028638340532779694
threads,comment,,Nak memerintah malaysia? Buat tembok pon gagal.,,https://www.threads.com/@bro.lemaan/post/DTZIh5wD_Ud,DTZIh5wD_Ud,negative,,0,0,0,0,0.040918730199337006,0,,negative,0.8636042326688766,multilingual,Unknown,surprise,0.023542368784546852,0.20931725203990936,0.0184013769030571,0.05390293523669243,0.011030535213649273,0.64616459608078
threads,comment,,👆contoh walanon ceplos menipu resume masa interview.,,https://www.threads.com/@bro.lemaan/post/DTZIh5wD_Ud,DTZIh5wD_Ud,positive,,121,0,1,0,0.8666183322668075,122,,positive,0.5553944408893585,multilingual,Unknown,no_clear_emotion,0.2958330810070038,0.02165018953382969,0.08450234681367874,0.04563488811254501,0.19945551455020905,0.027725322172045708
threads,comment,,Terengganu darul runtuh,,https://www.threads.com/@bro.lemaan/post/DTZIh5wD_Ud,DTZIh5wD_Ud,positive,,0,0,0,0,0.8113527387380599,0,,positive,0.3711757957935333,multilingual,Unknown,love,0.19304393231868744,0.05498389154672623,0.08979678153991699,0.049876291304826736,0.41497769951820374,0.030657002702355385
threads,comment,,Kawan saya cakap mesti ada Ra …ah 🫢 ada lapisan broker,,https://www.threads.com/@bro.lemaan/post/DTZIh5wD_Ud,DTZIh5wD_Ud,neutral,,0,0,0,0,0.5,0,,neutral,0.9940986633300781,malay,Malay/Bumiputera,love,0.050327952951192856,0.010815735906362534,0.040094416588544846,0.019527122378349304,0.8007585406303406,0.01663830690085888
threads,comment,,Un teknologi,,https://www.threads.com/@bro.lemaan/post/DTZIh5wD_Ud,DTZIh5wD_Ud,neutral,,2,0,1,0,0.5,3,,neutral,0.5810512900352478,english,Mixed/Urban,love,0.1283477544784546,0.09734061360359192,0.11118341237306595,0.08037509769201279,0.23376882076263428,0.11694900691509247
threads,comment,,"Un teknologi kepala bapak kau. Ni project persekutuan. China, Jepun dgn Europe pun jadi macam ni. Hakisan laut, sink hole, landslide siapa boleh halang? Bodoh tu simpan sikit.",,https://www.threads.com/@bro.lemaan/post/DTZIh5wD_Ud,DTZIh5wD_Ud,negative,,0,0,1,0,0.14632063508033752,1,,negative,0.5122645497322083,english,Mixed/Urban,anger,0.28301525115966797,0.023414617404341698,0.0973198413848877,0.058425020426511765,0.24156329035758972,0.035449448972940445
threads,comment,,Un berbicara,,https://www.threads.com/@bro.lemaan/post/DTZIh5wD_Ud,DTZIh5wD_Ud,neutral,,0,0,1,0,0.5,1,,neutral,0.7364254593849182,english,Mixed/Urban,no_clear_emotion,0.13705956935882568,0.08630918711423874,0.10633653402328491,0.06124148517847061,0.2231694608926773,0.1039944514632225
threads,comment,,Waliwat kepanasan 🫢,,https://www.threads.com/@bro.lemaan/post/DTZIh5wD_Ud,DTZIh5wD_Ud,neutral,,0,0,0,0,0.5,0,,neutral,0.7697600722312927,english,Mixed/Urban,no_clear_emotion,0.1203804761171341,0.030943023040890694,0.07602021843194962,0.03401636704802513,0.2522262930870056,0.029970191419124603
threads,comment,,Project sungai klu modal ciput mana kuat tekanan lebih kuat.. modal kawin klu mmg gaji Dia apa masalah..lu lebih la🤔,,https://www.threads.com/@bro.lemaan/post/DTZIh5wD_Ud,DTZIh5wD_Ud,negative,,0,0,0,0,0.0004891455173492432,0,,negative,0.9983695149421692,malay,Malay/Bumiputera,love,0.0693894773721695,0.029629848897457123,0.055074892938137054,0.022810766473412514,0.7500172853469849,0.012570544146001339
threads,comment,,Maksudnya tebing tu cara buatnye tak btol..kalo tepi laut mcm nie kene buat cerucuk bg ad ketahanan struktur tanah supaya tak mudah ad pergerakkan tanah yg besar.. kalo buat atas permukaan je tak functionla.. nie bukan masalah negeri nie masalah contractor bingai..,,https://www.threads.com/@bro.lemaan/post/DTZIh5wD_Ud,DTZIh5wD_Ud,negative,,1,0,0,0,0.049584710597991966,1,,negative,0.8347176313400269,multilingual,Unknown,anger,0.7912890315055847,0.08670156449079514,0.032089028507471085,0.014411584474146366,0.037316977977752686,0.008143271319568157
threads,comment,,Negeri pas tebing runtuh.negeri walanon Melayu bela babi besar-besaran. Mantap,,https://www.threads.com/@bro.lemaan/post/DTZIh5wD_Ud,DTZIh5wD_Ud,neutral,,100,0,3,0,0.5,103,,neutral,0.8411140441894531,english,Mixed/Urban,love,0.08053570985794067,0.017310138791799545,0.060585230588912964,0.02351704239845276,0.6845874786376953,0.016818571835756302
threads,comment,,"Errr.. Ini yg terbaru ke, gambar runtuh yang sebelum ni? Apa ke teruk sangat kalau ada runtuhan yg baru..",,https://www.threads.com/@bro.lemaan/post/DTZIh5wD_Ud,DTZIh5wD_Ud,negative,,0,0,0,0,0.00048723220825197533,0,,negative,0.9983758926391602,malay,Malay/Bumiputera,love,0.23306603729724884,0.024034788832068443,0.05026700347661972,0.09226438403129578,0.2852037250995636,0.03832342103123665
threads,comment,,runtuh balik?,,https://www.threads.com/@bro.lemaan/post/DTZIh5wD_Ud,DTZIh5wD_Ud,neutral,,0,0,0,0,0.5,0,,neutral,0.7658385038375854,english,Mixed/Urban,love,0.12016147375106812,0.13929609954357147,0.09287498146295547,0.09759324043989182,0.2808641195297241,0.1310988813638687
threads,comment,,Maksudnya rekabentuk kena buat lain..jurutera kena design lebih kukuh...yg pun tak tau jawapan ka?..,,https://www.threads.com/@bro.lemaan/post/DTZIh5wD_Ud,DTZIh5wD_Ud,neutral,,0,0,0,0,0.5,0,,neutral,0.8187311291694641,english,Mixed/Urban,fear,0.023787137120962143,0.8680340647697449,0.03778024762868881,0.009263193234801292,0.015378935262560844,0.03398976847529411
threads,comment,,"bro,sebelum buat projek,jkr yg perlu teliti, aku hairan kenapa pesisiran ni xletak batu pemecah ombak dulu baru buat jalan tar tu, engineer jkr ni semua bodo ka ye?",,https://www.threads.com/@bro.lemaan/post/DTZIh5wD_Ud,DTZIh5wD_Ud,neutral,,13,0,0,0,0.5,13,,neutral,0.8062705397605896,english,Mixed/Urban,anger,0.3093540668487549,0.02698456682264805,0.04665571451187134,0.06619688868522644,0.22188307344913483,0.04446091875433922
threads,comment,,Igt org nk la tu pangkah PH🤣🤣,,https://www.threads.com/@bro.lemaan/post/DTZIh5wD_Ud,DTZIh5wD_Ud,neutral,,1,0,0,0,0.5,1,,neutral,0.6338427066802979,english,Mixed/Urban,no_clear_emotion,0.07111924886703491,0.017393656075000763,0.025690600275993347,0.020116640254855156,0.32496777176856995,0.032773423939943314
threads,comment,,Kalau KL/Selangor lepas banjir.. banjir lagi ertinya apa?,,https://www.threads.com/@bro.lemaan/post/DTZIh5wD_Ud,DTZIh5wD_Ud,neutral,,0,0,0,0,0.5,0,,neutral,0.8377688527107239,english,Mixed/Urban,love,0.25412607192993164,0.032756030559539795,0.07359669357538223,0.05162263661623001,0.39071130752563477,0.021849077194929123
threads,comment,,boooooo..xmodal dh ke..,,https://www.threads.com/@bro.lemaan/post/DTZIh5wD_Ud,DTZIh5wD_Ud,negative,,0,0,0,0,0.14771299213171005,0,,negative,0.5076233595609665,multilingual,Unknown,love,0.07284142822027206,0.0626683384180069,0.04393962398171425,0.031422995030879974,0.3823690414428711,0.04634657874703407
threads,comment,,"Kalau xtau beza mana 1 tanggungjawab negeri @ federal maksudnya apa?? 

Seekor walanon BODOH",,https://www.threads.com/@bro.lemaan/post/DTZIh5wD_Ud,DTZIh5wD_Ud,neutral,,4,0,0,0,0.5,4,,neutral,0.8742477893829346,english,Mixed/Urban,surprise,0.032491520047187805,0.2577860951423645,0.009622081182897091,0.1165197566151619,0.046070318669080734,0.4833343029022217
threads,comment,,Ada lg ka isu pas bang klo isu lama jgn up lah la nie isu babi  hahaha tau dak babi tue hhah,,https://www.threads.com/@bro.lemaan/post/DTZIh5wD_Ud,DTZIh5wD_Ud,negative,,0,0,0,0,0.0639079749584198,0,,negative,0.7869734168052673,multilingual,Unknown,love,0.0560523197054863,0.016667746007442474,0.022013472393155098,0.0253387950360775,0.8144508004188538,0.0178733728826046
threads,comment,,,,https://www.threads.com/@bro.lemaan/post/DTZIh5wD_Ud,DTZIh5wD_Ud,neutral,,2,0,1,0,0.5,3,,neutral,0.0,unknown,Unknown,neutral,0.0,0.0,0.0,0.0,0.0,0.0
threads,comment,,Org sembang psl babi dasar dungu punya walanon. Dah xde modal lh tu kihkihkih undi pH dapat sekali babi🤪,,https://www.threads.com/@bro.lemaan/post/DTZIh5wD_Ud,DTZIh5wD_Ud,neutral,,0,0,0,0,0.5,0,,neutral,0.7197698354721069,english,Mixed/Urban,fear,0.09336807578802109,0.5453131198883057,0.031297873705625534,0.03791116923093796,0.1666383296251297,0.05521548166871071
threads,comment,,Kat daerah batu pahat ada satu kawasan tebing tiap2 bulan runtuh .pas ke yg memerintah negeri johor .,,https://www.threads.com/@bro.lemaan/post/DTZIh5wD_Ud,DTZIh5wD_Ud,neutral,,0,0,0,0,0.5,0,,neutral,0.7917235493659973,english,Mixed/Urban,love,0.18726401031017303,0.026962637901306152,0.07116483151912689,0.04228432476520538,0.4120369851589203,0.02828034572303295
threads,comment,,Babi mana babi..,,https://www.threads.com/@bro.lemaan/post/DTZIh5wD_Ud,DTZIh5wD_Ud,neutral,,2,0,1,0,0.5,3,,neutral,0.899369478225708,english,Mixed/Urban,love,0.12150019407272339,0.05325385555624962,0.0742177814245224,0.034623563289642334,0.528558611869812,0.021627085283398628
threads,comment,,"Dok babi sini babi sana. Benteng tu berapi Kali babi doh, tak siap x2 pun",,https://www.threads.com/@bro.lemaan/post/DTZIh5wD_Ud,DTZIh5wD_Ud,negative,,0,0,0,0,0.07693546414375305,0,,negative,0.7435484528541565,multilingual,Unknown,fear,0.15571296215057373,0.5814664363861084,0.059178464114665985,0.02986329421401024,0.10388422012329102,0.031121717765927315
threads,comment,,Nk alih cerita babi ka babi,,https://www.threads.com/@bro.lemaan/post/DTZIh5wD_Ud,DTZIh5wD_Ud,neutral,,1,0,0,0,0.5,1,,neutral,0.8510016798973083,english,Mixed/Urban,love,0.04732464626431465,0.019326813519001007,0.02588893286883831,0.031188681721687317,0.7508101463317871,0.025524837896227837
threads,comment,,Dr salahkan pas baik ko salahkan tuhan kau je... ajar tuhan kau jgn buat ombak blh x sial? Jenis kaum DAP gay..,,https://www.threads.com/@bro.lemaan/post/DTZIh5wD_Ud,DTZIh5wD_Ud,negative,,0,0,0,0,0.061840233206748974,0,,negative,0.7938658893108368,multilingual,Unknown,love,0.17398467659950256,0.019836796447634697,0.061774831265211105,0.038793209940195084,0.44821470975875854,0.03025488741695881
threads,comment,,cam bodo la nak compare tebing runtuh dengan babi,,https://www.threads.com/@bro.lemaan/post/DTZIh5wD_Ud,DTZIh5wD_Ud,negative,,7,0,0,0,0.0717928022146225,7,,negative,0.7606906592845917,multilingual,Unknown,anger,0.30928874015808105,0.02542811632156372,0.0692422017455101,0.08129192888736725,0.2739591598510742,0.03351675719022751
threads,comment,,Rasuah,,https://www.threads.com/@bro.lemaan/post/DTZIh5wD_Ud,DTZIh5wD_Ud,negative,,0,0,0,0,0.15527385324239731,0,,negative,0.48242048919200897,multilingual,Unknown,no_clear_emotion,0.09083818644285202,0.06678682565689087,0.10523779690265656,0.056140314787626266,0.12571166455745697,0.08330151438713074
threads,comment,,"Hakisan Air Laut..
Ombak2..",,https://www.threads.com/@bro.lemaan/post/DTZIh5wD_Ud,DTZIh5wD_Ud,neutral,,6,0,0,0,0.5,6,,neutral,0.8923445343971252,english,Mixed/Urban,no_clear_emotion,0.05923208221793175,0.02590135857462883,0.05001158267259598,0.04284173995256424,0.3614806532859802,0.048012685030698776
threads,comment,,"Nanti, PAS nak.muafakat dgn PN dulu. Lepas bermuafakat fakatan, kita buat lah benteng Pantai tu. Rakyat belakang. Main politik kerje PAS. Buat kerje kemudian.",,https://www.threads.com/@bro.lemaan/post/DTZIh5wD_Ud,DTZIh5wD_Ud,negative,,0,0,0,0,0.0005055069923400879,0,,negative,0.9983149766921997,malay,Malay/Bumiputera,no_clear_emotion,0.08487505465745926,0.016218151897192,0.05391043797135353,0.02847299911081791,0.2723408043384552,0.030627330765128136
threads,comment,,Maksud dia kandang babi,,https://www.threads.com/@bro.lemaan/post/DTZIh5wD_Ud,DTZIh5wD_Ud,negative,,0,0,0,0,0.0005369782447814941,0,,negative,0.998210072517395,malay,Malay/Bumiputera,love,0.07350348681211472,0.027117418125271797,0.09909538924694061,0.029458902776241302,0.46525201201438904,0.0226573646068573
threads,comment,,masyukkkkk,,https://www.threads.com/@bro.lemaan/post/DTZIh5wD_Ud,DTZIh5wD_Ud,negative,,0,0,0,0,0.1490730330348015,0,,negative,0.5030898898839951,multilingual,Unknown,love,0.14562752842903137,0.10307947546243668,0.19240498542785645,0.0774483010172844,0.26994606852531433,0.07787948101758957
threads,comment,,mung oyk mari beloh maner nie .ak nok g tgk,,https://www.threads.com/@bro.lemaan/post/DTZIh5wD_Ud,DTZIh5wD_Ud,neutral,,0,0,1,0,0.5,1,,neutral,0.8053724765777588,english,Mixed/Urban,love,0.0655284970998764,0.021169884130358696,0.059466492384672165,0.028509847819805145,0.4972947835922241,0.02589794248342514
threads,comment,,"Tempahan/ pertanyaan:

Mr&Mrs Baker Bangi
www.wasap.my/01135252613/mrmrsbakerbangi",,https://www.threads.com/@bro.lemaan/post/DTZIh5wD_Ud,DTZIh5wD_Ud,negative,,0,0,0,0,0.1472930923104286,0,,negative,0.5090230256319046,multilingual,Unknown,love,0.05448209494352341,0.042291734367609024,0.029153961688280106,0.049861423671245575,0.4659651815891266,0.12305038422346115
threads,comment,,Apa kata kau pulak gi buat bang... Nk tengok boleh tahan lama mana.. Sebab kau cerdik...,,https://www.threads.com/@bro.lemaan/post/DTZIh5wD_Ud,DTZIh5wD_Ud,negative,,0,0,0,0,0.11691883206367493,0,,negative,0.6102705597877502,multilingual,Unknown,love,0.07482485473155975,0.01808510161936283,0.03370528668165207,0.023874083533883095,0.7340737581253052,0.02178412303328514
threads,comment,,PAS akan kata ini insyaAllah,,https://www.threads.com/@bro.lemaan/post/DTZIh5wD_Ud,DTZIh5wD_Ud,neutral,,0,0,0,0,0.5,0,,neutral,0.9974766373634338,malay,Malay/Bumiputera,love,0.02494995854794979,0.030834682285785675,0.1636611819267273,0.013444202020764351,0.6366638541221619,0.03244984894990921
threads,comment,,Ni projek kerajaan persekutuan tp knp nak Salah kan kerajaan negeri plk.,,https://www.threads.com/@bro.lemaan/post/DTZIh5wD_Ud,DTZIh5wD_Ud,neutral,,49,0,1,0,0.5,50,,neutral,0.8568825125694275,english,Mixed/Urban,love,0.14186158776283264,0.0177172664552927,0.053835317492485046,0.04096958041191101,0.4763215184211731,0.028436455875635147
threads,comment,,Ceplos memang begitu tugasnya Kata RR,,https://www.threads.com/@bro.lemaan/post/DTZIh5wD_Ud,DTZIh5wD_Ud,positive,,0,0,0,0,0.8663289800286292,0,,positive,0.5544299334287643,multilingual,Unknown,love,0.057452309876680374,0.029103998094797134,0.04294601455330849,0.027743525803089142,0.7764575481414795,0.020325016230344772
threads,comment,,Mcm biasa..anjing politik menyalak😆🤣🤣,,https://www.threads.com/@bro.lemaan/post/DTZIh5wD_Ud,DTZIh5wD_Ud,neutral,,0,0,0,0,0.5,0,,neutral,0.5964141488075256,english,Mixed/Urban,love,0.0889071449637413,0.0196406040340662,0.06173085793852806,0.023560140281915665,0.43033671379089355,0.026845766231417656
threads,comment,,Machai bab bukak kandang babi tak nak cerita ke chaiii hahahahaa,,https://www.threads.com/@bro.lemaan/post/DTZIh5wD_Ud,DTZIh5wD_Ud,neutral,,1,0,0,0,0.5,1,,neutral,0.7732479572296143,english,Mixed/Urban,surprise,0.01722416840493679,0.06997519731521606,0.011674645356833935,0.037334468215703964,0.04186275601387024,0.7453077435493469
threads,comment,,maksudnya kena bina lg la…,,https://www.threads.com/@bro.lemaan/post/DTZIh5wD_Ud,DTZIh5wD_Ud,neutral,,0,0,0,0,0.5,0,,neutral,0.8203714489936829,english,Mixed/Urban,love,0.1113542839884758,0.03018019162118435,0.0560031533241272,0.04510350525379181,0.4872165024280548,0.040772080421447754
threads,comment,,Kalau negeri PAS macam buat tak tahu...tapi negeri DAP...belum buat permohonan  rancang mengatasi...begitulah bangsatnya segelintir pemimpin Melayu,,https://www.threads.com/@bro.lemaan/post/DTZIh5wD_Ud,DTZIh5wD_Ud,negative,,5,0,2,0,0.0005074024200439342,7,,negative,0.9983086585998535,malay,Malay/Bumiputera,fear,0.030574211850762367,0.5602381229400635,0.012159478850662708,0.05078214406967163,0.02378987893462181,0.2878313660621643
threads,comment,,Maksud nya mudah je Selangor nak jadi penternak babi no 1 Dunia ...,,https://www.threads.com/@bro.lemaan/post/DTZIh5wD_Ud,DTZIh5wD_Ud,neutral,,9,0,0,0,0.5,9,,neutral,0.8227754831314087,english,Mixed/Urban,love,0.015206260606646538,0.019526882097125053,0.058696504682302475,0.015921592712402344,0.7790317535400391,0.050268951803445816
threads,comment,,"kat negara luar mcm jepun,cina dn banyak lg runtuh juga kalau buat dkt tepi pantai,ko ni kenape PASjuga ko petik,mcm katak bwh tempurung ja, ko x kenal dunia luar,klo bodo tu simpan sikit nnti malu ank cucu.",,https://www.threads.com/@bro.lemaan/post/DTZIh5wD_Ud,DTZIh5wD_Ud,neutral,,1,0,0,0,0.5,1,,neutral,0.813281774520874,english,Mixed/Urban,anger,0.36191725730895996,0.021445270627737045,0.07380834221839905,0.04281171038746834,0.25032174587249756,0.02865552343428135
threads,comment,,Kere2 jaan persekutuan yg buat ni kan ...rasuah banyak sangat lepas tu tunjuk jari ke orang lain. Dia lupa empat lg jari tunjuk kan diri sendiri,,https://www.threads.com/@bro.lemaan/post/DTZIh5wD_Ud,DTZIh5wD_Ud,negative,,1,0,0,0,0.0005001604557037242,1,,negative,0.9983327984809875,malay,Malay/Bumiputera,love,0.09448888152837753,0.12254171073436737,0.01766381226480007,0.27774977684020996,0.2838221490383148,0.10436796396970749
threads,comment,,Nak alihkan isu babi tu la tu.. Xde modal.. Sultan pon dah bersuara,,https://www.threads.com/@bro.lemaan/post/DTZIh5wD_Ud,DTZIh5wD_Ud,neutral,,0,0,0,0,0.5,0,,neutral,0.8330219984054565,english,Mixed/Urban,surprise,0.011964489705860615,0.045573942363262177,0.014850392937660217,0.02518332749605179,0.030623916536569595,0.8098834156990051
threads,comment,,Nak alihkan isu babi tu la tu.. Xde modal.. Sultan pon dah bersuara,,https://www.threads.com/@bro.lemaan/post/DTZIh5wD_Ud,DTZIh5wD_Ud,neutral,,0,0,0,0,0.5,0,,neutral,0.8330219984054565,english,Mixed/Urban,surprise,0.011964489705860615,0.045573942363262177,0.014850392937660217,0.02518332749605179,0.030623916536569595,0.8098834156990051
threads,comment,,Salah DAP,,https://www.threads.com/@bro.lemaan/post/DTZIh5wD_Ud,DTZIh5wD_Ud,negative,,4,0,0,0,0.14958703368902207,4,,negative,0.5013765543699265,multilingual,Unknown,no_clear_emotion,0.16914528608322144,0.05095163360238075,0.06465569883584976,0.028683269396424294,0.2386654168367386,0.056422553956508636
threads,comment,,"Itu tanda Allah nk gulung bumi dhtu , tunggu matahari naik ikut barat ja nie",,https://www.threads.com/@bro.lemaan/post/DTZIh5wD_Ud,DTZIh5wD_Ud,neutral,,1,0,0,0,0.5,1,,neutral,0.7958086133003235,english,Mixed/Urban,happy,0.02874603122472763,0.06408882886171341,0.7380580306053162,0.012349022552371025,0.09404066205024719,0.015765460208058357
threads,comment,,nk kondem.ngeri org...ngeri lain pun bYk juga masalh cuma wlnon tak nmpk atau buat buta ja.,,https://www.threads.com/@bro.lemaan/post/DTZIh5wD_Ud,DTZIh5wD_Ud,neutral,,0,0,0,0,0.5,0,,neutral,0.7783083915710449,english,Mixed/Urban,fear,0.022061776369810104,0.7284572720527649,0.012250141240656376,0.06569626927375793,0.011062094010412693,0.1471496820449829
threads,comment,,simple je bnde ni tanggungjawab kerajaan pusat. xkn sbb pas perintah xnk keluar peruntukan utk negeri tu. better jd pembangkang jela sng kan.,,https://www.threads.com/@bro.lemaan/post/DTZIh5wD_Ud,DTZIh5wD_Ud,negative,,4,0,0,0,0.09579171538352965,4,,negative,0.6806942820549011,multilingual,Unknown,love,0.315194696187973,0.040981028228998184,0.05879378318786621,0.035629160702228546,0.372419536113739,0.020358510315418243
threads,comment,,Buat kandang babi LA.. Baru x runtuh. But uh🖕,,https://www.threads.com/@bro.lemaan/post/DTZIh5wD_Ud,DTZIh5wD_Ud,negative,,4,0,0,0,0.10884768962860106,4,,negative,0.6371743679046631,english,Mixed/Urban,anger,0.4496501386165619,0.05106588825583458,0.06876156479120255,0.04940561205148697,0.18165111541748047,0.034208573400974274
threads,comment,,Bela Babi juga tak runtuh2 di selangor malah akan jadi hub babi,,https://www.threads.com/@bro.lemaan/post/DTZIh5wD_Ud,DTZIh5wD_Ud,neutral,,4,0,0,0,0.5,4,,neutral,0.7598659992218018,english,Mixed/Urban,love,0.1653337925672531,0.043486811220645905,0.10760071873664856,0.04817371070384979,0.3153093457221985,0.047810398042201996
threads,comment,,projek bawah kerajjan ko lah walanon.. tu jkr ahmad mazlan.. apa punya bodoh nk jd macai pom,,https://www.threads.com/@bro.lemaan/post/DTZIh5wD_Ud,DTZIh5wD_Ud,neutral,,0,0,0,0,0.5,0,,neutral,0.8200154304504395,english,Mixed/Urban,no_clear_emotion,0.21654027700424194,0.02659408003091812,0.08947758376598358,0.07223609834909439,0.24555161595344543,0.04112142324447632
threads,comment,,Jnis walanon mkn taik babi mmng mcm ni kan..🫢🫢,,https://www.threads.com/@bro.lemaan/post/DTZIh5wD_Ud,DTZIh5wD_Ud,neutral,,0,0,0,0,0.5,0,,neutral,0.6567323803901672,english,Mixed/Urban,love,0.06055280193686485,0.0168344434350729,0.02552391216158867,0.025536347180604935,0.8152803778648376,0.013296551071107388
threads,comment,,Bro leman bodoh bebal. Itu kerajaan pusat tanggung sial,,https://www.threads.com/@bro.lemaan/post/DTZIh5wD_Ud,DTZIh5wD_Ud,neutral,,0,0,0,0,0.5,0,,neutral,0.7191262245178223,english,Mixed/Urban,love,0.24109534919261932,0.028007328510284424,0.0937812402844429,0.07425801455974579,0.28046828508377075,0.040172360837459564
threads,comment,3.778438864475246e+18,dah terlaksana ke apa yang tuanku hajatkan atau retorik nak butakan pandangan rakyat dengan alasan..,https://www.threads.com/@tengkuraq75/post/DRvtiDSk867,https://www.threads.com/@tengkuraq75/post/DRvtiDSk867,DRvtiDSk867,negative,,236,0,140,0,0.00048530101776123047,376,,negative,0.9983823299407959,malay,Malay/Bumiputera,surprise,0.0176363717764616,0.25324565172195435,0.11308596283197403,0.02782840095460415,0.11166326701641083,0.37157294154167175
threads,comment,,Sembangggg Kari asam pedas...😁,,https://www.threads.com/@tengkuraq75/post/DRvtiDSk867,DRvtiDSk867,neutral,,31,0,2,0,0.5,33,,neutral,0.7100855708122253,english,Mixed/Urban,love,0.08672985434532166,0.02932628057897091,0.07732964307069778,0.01697513274848461,0.7162954211235046,0.012709365226328373
threads,comment,,"Perkara 44 Perlembagaan Persekutuan menyatakan:

“Parlimen terdiri daripada Yang di-Pertuan Agong, Dewan Negara dan Dewan Rakyat.”",,https://www.threads.com/@tengkuraq75/post/DRvtiDSk867,DRvtiDSk867,neutral,,4,0,1,0,0.5,5,,neutral,0.5234590768814087,malay,Malay/Bumiputera,no_clear_emotion,0.08183356374502182,0.019498411566019058,0.09334880113601685,0.027101408690214157,0.1641971617937088,0.025786781683564186
threads,comment,,🤣🤣🤣 itu parlimen.. agensi penguatkuasa seperti PDRM SPRM JIM AKPS ke mana ?,,https://www.threads.com/@tengkuraq75/post/DRvtiDSk867,DRvtiDSk867,negative,,0,0,1,0,0.10367167443037031,1,,negative,0.6544277518987656,multilingual,Unknown,no_clear_emotion,0.062203299254179,0.021905433386564255,0.04831771180033684,0.014875548891723156,0.06954778730869293,0.04674247279763222
threads,comment,,Menjawab di parlimen. Agong tu sendiri salah satu komponen parlimen.,,https://www.threads.com/@tengkuraq75/post/DRvtiDSk867,DRvtiDSk867,positive,,2,0,1,0,0.8227085545659065,3,,positive,0.4090285152196884,multilingual,Unknown,no_clear_emotion,0.018565146252512932,0.008271033875644207,0.021187882870435715,0.009311131201684475,0.0656188353896141,0.02021108940243721
threads,comment,,🤣🤣🤣🤣 dah tau komponen.. tu statement tipu rakyat la.. bijak².. bertahun dah rakyat di kencing..,,https://www.threads.com/@tengkuraq75/post/DRvtiDSk867,DRvtiDSk867,neutral,,1,0,1,0,0.5,2,,neutral,0.6679733991622925,english,Mixed/Urban,love,0.08443306386470795,0.01555909775197506,0.051609769463539124,0.021321412175893784,0.44726309180259705,0.02195587009191513
threads,comment,,Hahaha.. takde apa nak sembang lah tu.. haha,,https://www.threads.com/@tengkuraq75/post/DRvtiDSk867,DRvtiDSk867,negative,,1,0,1,0,0.07719201743602752,2,,negative,0.7426932752132416,multilingual,Unknown,love,0.15626667439937592,0.18745727837085724,0.08579059690237045,0.07078228890895844,0.24346844851970673,0.08716882765293121
threads,comment,,Hmmmm makin hilang la local lain nak dapat tender petronas semua payung kuning dapat....sekarang pun mega project  semua payung kuning ada kepentingan...kalau tambah lagi sprm elok sangat lah tu 😅,,https://www.threads.com/@tengkuraq75/post/DRvtiDSk867,DRvtiDSk867,negative,,0,0,1,0,0.0004998028278350719,1,,negative,0.9983339905738831,malay,Malay/Bumiputera,fear,0.04589695483446121,0.30133047699928284,0.016865773126482964,0.20334124565124512,0.17668645083904266,0.18750037252902985
threads,comment,,bukti tuan...setakat hearsay saya dah dengar pun.. buktikan..,,https://www.threads.com/@tengkuraq75/post/DRvtiDSk867,DRvtiDSk867,neutral,,1,0,0,0,0.5,1,,neutral,0.8206711411476135,english,Mixed/Urban,no_clear_emotion,0.011276990175247192,0.02174387313425541,0.031396426260471344,0.016211621463298798,0.14451324939727783,0.34109482169151306
threads,comment,,petronas ye...sprm tak,,https://www.threads.com/@tengkuraq75/post/DRvtiDSk867,DRvtiDSk867,neutral,,2,0,2,0,0.5,4,,neutral,0.7872284650802612,malay,Malay/Bumiputera,surprise,0.017527524381875992,0.07110387831926346,0.013242860324680805,0.023542268201708794,0.034942902624607086,0.724039614200592
threads,comment,,"Cuma jkmr dan 4 badan yg lain sbg pelengkap pemantaun sprm perlu di beri kuasa arahan dan menilai  kecekapan sprm mengambil tindakan yg sama tanpa prejudis , sbb amalan west minister salah slp terbukti bersalah begitu juga dlm islam menjaga aib adalah sangat , sedangkan allah menjaga aib hambanya.
Prosedur tahanan dan di bawa ke mahkamah juga perlu di betulkan.
1. Perlukah bergari
2. Adakah telah bersalah
3. Bolehkan guna apa yg di medsos sbg bahan asli?
4. Adakah artificial intelligence sah",,https://www.threads.com/@tengkuraq75/post/DRvtiDSk867,DRvtiDSk867,negative,,0,0,1,0,0.00048049092292784534,1,,negative,0.9983983635902405,malay,Malay/Bumiputera,no_clear_emotion,0.2653181850910187,0.031632911413908005,0.057023387402296066,0.07067274302244186,0.11279290169477463,0.04441707208752632
threads,comment,,kita bole minta... tapi apakah semua di ketengahkan akan dilaksana mengikut apa yang ditetapkan..,,https://www.threads.com/@tengkuraq75/post/DRvtiDSk867,DRvtiDSk867,negative,,0,0,0,0,0.05573424696922302,0,,negative,0.8142191767692566,malay,Malay/Bumiputera,love,0.09801379591226578,0.12980134785175323,0.047067392617464066,0.12492501735687256,0.48508232831954956,0.06373676657676697
threads,comment,,Letak bawah parlimen jer....dah serik tengok sejarah sultan melaka dgn hang tuah hang jebat dan sejarah lakmana bentan dgn sultan mahmud mangkat di julang...cukop-cukop lah..,,https://www.threads.com/@tengkuraq75/post/DRvtiDSk867,DRvtiDSk867,negative,,8,0,1,0,0.06421669721603393,9,,negative,0.7859443426132202,multilingual,Unknown,anger,0.6448702216148376,0.029752500355243683,0.07255773991346359,0.016280686482787132,0.08229847997426987,0.01703283004462719
threads,comment,,letak bawah parlimen di manipulasi  pulak oleh ahli politaik.. tu yang tanya dah buat ke.. 🤣🤣🤣 dah buat ker... aritu bersungguh sangat.. kalo dia jadi agong.. at last ermm... sembang juga,,https://www.threads.com/@tengkuraq75/post/DRvtiDSk867,DRvtiDSk867,negative,,9,0,1,0,0.000504058599472057,10,,negative,0.9983198046684265,malay,Malay/Bumiputera,no_clear_emotion,0.052607789635658264,0.01261797547340393,0.04640466347336769,0.01509258896112442,0.1977108120918274,0.02588142268359661
threads,comment,,"beza ye letak bawah parlimen dengan letak bawah kerajaan dengan letak bawah agong. agong individu yg mempunyai kuasa, bawah parlimen mean transparency lebih jelas, bawah kerajaan mcm sekarang sprm masih tak boleh bertindak lebih dari sepatutnya",,https://www.threads.com/@tengkuraq75/post/DRvtiDSk867,DRvtiDSk867,negative,,2,0,0,0,0.00051138997077943,2,,negative,0.9982953667640686,malay,Malay/Bumiputera,fear,0.2297351211309433,0.5788319706916809,0.04037315025925636,0.023226991295814514,0.033133216202259064,0.048148009926080704
threads,comment,,"Betul ke ni. Tak dengar apa berita yg sahih dari Parlimen atau pun media. Kalau betul,😉 kenapa tak masuk sekali badan kehakiman dibawah seliaan KDYDPA juga. Harap harap ini bukan retorik dan nak lihat realitinya.",,https://www.threads.com/@tengkuraq75/post/DRvtiDSk867,DRvtiDSk867,negative,,1,0,2,0,0.0005054712295532449,3,,negative,0.9983150959014893,malay,Malay/Bumiputera,surprise,0.013936798088252544,0.04725944995880127,0.013694153167307377,0.04091905429959297,0.025313427671790123,0.7987477779388428
threads,comment,,"Ko pergi lah tanya kt YDPA Sultan Ibrahim  sendiri 
Menyalak kt sini dah kenapa???",,https://www.threads.com/@tengkuraq75/post/DRvtiDSk867,DRvtiDSk867,negative,,1,0,1,0,0.0004830479621887318,2,,negative,0.9983898401260376,malay,Malay/Bumiputera,love,0.0405961349606514,0.01417375449091196,0.024514248594641685,0.018850045278668404,0.6909594535827637,0.06242326647043228
threads,comment,,ko apa hal... jubo tu dah xde org nak sendal ke.. nak emosi.. aku kacau burit mak ko ke sial..,,https://www.threads.com/@tengkuraq75/post/DRvtiDSk867,DRvtiDSk867,neutral,,6,0,1,0,0.5,7,,neutral,0.896672785282135,english,Mixed/Urban,anger,0.3590719997882843,0.02377142384648323,0.06101059913635254,0.04409470781683922,0.2579820454120636,0.028969107195734978
threads,comment,,"Aku tak emosi pun  cuma Aku kesian manusia hasil dr 
kondom pecah  kt  lorong blkng  chow kit mcm ko ni 
Marah marah bila Aku reply kihkihkihkih kihkihkihkih",,https://www.threads.com/@tengkuraq75/post/DRvtiDSk867,DRvtiDSk867,neutral,,1,0,3,0,0.5,4,,neutral,0.8782599568367004,english,Mixed/Urban,love,0.1743829995393753,0.02237384021282196,0.07133222371339798,0.055124301463365555,0.3761911988258362,0.03410855308175087
threads,comment,,Boleh maki ke tak.. Ke?,,https://www.threads.com/@tengkuraq75/post/DRvtiDSk867,DRvtiDSk867,negative,,8,0,2,0,0.11979737430810927,10,,negative,0.600675418972969,multilingual,Unknown,surprise,0.00919321272522211,0.035723332315683365,0.012470259331166744,0.022327909246087074,0.037120185792446136,0.8098854422569275
threads,comment,,Blueprint dah ade kat johor ..hadap je la,,https://www.threads.com/@tengkuraq75/post/DRvtiDSk867,DRvtiDSk867,neutral,,0,0,1,0,0.5,1,,neutral,0.7954381704330444,english,Mixed/Urban,love,0.0395192950963974,0.012873771600425243,0.05670325458049774,0.016977272927761078,0.6082786321640015,0.021237611770629883
threads,comment,,setakat blueprint tapi masih di state settlement bukan di federal.. usah mimpi la.. sesilap sampai habis tempoh jawatan pun x di laksana .,,https://www.threads.com/@tengkuraq75/post/DRvtiDSk867,DRvtiDSk867,negative,,0,0,0,0,0.08436876833438872,0,,negative,0.7187707722187042,multilingual,Unknown,surprise,0.020931074395775795,0.33932623267173767,0.02295318804681301,0.02654024213552475,0.013699016533792019,0.5382235646247864
threads,comment,,Hidup lagi,,https://www.threads.com/@tengkuraq75/post/DRvtiDSk867,DRvtiDSk867,neutral,,0,0,1,0,0.5,1,,neutral,0.4799838066101074,english,Mixed/Urban,no_clear_emotion,0.16142134368419647,0.03549912944436073,0.06983514130115509,0.02845309115946293,0.3315573036670685,0.03025331348180771
threads,comment,,🤣🤣🤣,,https://www.threads.com/@tengkuraq75/post/DRvtiDSk867,DRvtiDSk867,positive,,0,0,0,0,0.8714138269424438,0,,positive,0.5713794231414795,multilingual,Unknown,love,0.14792075753211975,0.12130556255578995,0.12291078269481659,0.10294070094823837,0.24597132205963135,0.09604188799858093
threads,comment,,Letak sprm je bawah agong,,https://www.threads.com/@tengkuraq75/post/DRvtiDSk867,DRvtiDSk867,negative,,0,0,1,0,0.09637928009033203,1,,negative,0.6787357330322266,malay,Malay/Bumiputera,no_clear_emotion,0.08614476770162582,0.015486624091863632,0.062437232583761215,0.011712180450558662,0.07103897631168365,0.016893185675144196
threads,comment,,"ntah .. dia dah buat ke tidak.. ,🤣🤣",,https://www.threads.com/@tengkuraq75/post/DRvtiDSk867,DRvtiDSk867,negative,,1,0,0,0,0.000486910343170166,1,,negative,0.9983769655227661,malay,Malay/Bumiputera,surprise,0.008185278624296188,0.031139781698584557,0.010349263437092304,0.027471525594592094,0.04092511534690857,0.8139771223068237
threads,comment,,Pasti sultan menyakau..hahaa,,https://www.threads.com/@tengkuraq75/post/DRvtiDSk867,DRvtiDSk867,neutral,,0,0,1,0,0.5,1,,neutral,0.7117239832878113,english,Mixed/Urban,love,0.034930258989334106,0.03295744210481644,0.06945742666721344,0.013757362961769104,0.7764249444007874,0.024467214941978455
threads,comment,,hat yang ko tuduh sultan xpe.. suci la.. org² mcm ko bole masuk surga la.. sembang,,https://www.threads.com/@tengkuraq75/post/DRvtiDSk867,DRvtiDSk867,neutral,,0,0,0,0,0.5,0,,neutral,0.8143905401229858,english,Mixed/Urban,love,0.13034507632255554,0.015597082674503326,0.033858511596918106,0.02241755649447441,0.6710532307624817,0.019229672849178314
threads,comment,,Cam mna menteri² nk kutip 💰👛💰👛 klu gi kat Agong,,https://www.threads.com/@tengkuraq75/post/DRvtiDSk867,DRvtiDSk867,neutral,,0,0,1,0,0.5,1,,neutral,0.8046249747276306,english,Mixed/Urban,no_clear_emotion,0.21551834046840668,0.034078795462846756,0.07453273236751556,0.02089131996035576,0.10272236913442612,0.034222763031721115
threads,comment,,kata Agong nak perangi RASUAH menteri kena terima la,,https://www.threads.com/@tengkuraq75/post/DRvtiDSk867,DRvtiDSk867,neutral,,1,0,0,0,0.5,1,,neutral,0.8667283058166504,english,Mixed/Urban,anger,0.5987338423728943,0.03101488947868347,0.09506577253341675,0.021896125748753548,0.08874354511499405,0.018207531422376633
threads,comment,,letak FAM sekali 🫣,,https://www.threads.com/@tengkuraq75/post/DRvtiDSk867,DRvtiDSk867,neutral,,2,0,1,0,0.5,3,,neutral,0.8446994423866272,english,Mixed/Urban,no_clear_emotion,0.14714111387729645,0.13939085602760315,0.12007354199886322,0.0980047658085823,0.16440312564373016,0.13959288597106934
threads,comment,,🤣🤣🤣 tu dia.. habis semua di kautnya..,,https://www.threads.com/@tengkuraq75/post/DRvtiDSk867,DRvtiDSk867,negative,,0,0,1,0,0.11218420118093489,1,,negative,0.626052662730217,multilingual,Unknown,no_clear_emotion,0.025602512061595917,0.026631098240613937,0.07055545598268509,0.016445090994238853,0.31286630034446716,0.04275590553879738
threads,comment,,haha 🤫 jgn ckp kuat sngt,,https://www.threads.com/@tengkuraq75/post/DRvtiDSk867,DRvtiDSk867,negative,,0,0,1,0,0.19212474748492242,1,,negative,0.35958417505025864,multilingual,Unknown,happy,0.02568422444164753,0.10130613297224045,0.7361659407615662,0.010805767960846424,0.07953767478466034,0.024530533701181412
threads,comment,,🤓🤓🤓,,https://www.threads.com/@tengkuraq75/post/DRvtiDSk867,DRvtiDSk867,positive,,0,0,0,0,0.8714138269424438,0,,positive,0.5713794231414795,multilingual,Unknown,love,0.15991654992103577,0.12161806225776672,0.10787171125411987,0.09256765991449356,0.2434672862291336,0.09856560826301575
threads,comment,,"Please jgn... Learn from the past, how Dr.M did to them..",,https://www.threads.com/@tengkuraq75/post/DRvtiDSk867,DRvtiDSk867,negative,,5,0,1,0,0.11940436363220214,6,,negative,0.6019854545593262,english,Mixed/Urban,love,0.011696689762175083,0.008268220350146294,0.019185693934559822,0.020017096772789955,0.6462751626968384,0.06830856949090958
threads,comment,,apa kena kait mengait lak ni.. dia yang minta.. rakyat tanya la.. adeeh,,https://www.threads.com/@tengkuraq75/post/DRvtiDSk867,DRvtiDSk867,positive,,0,0,0,0,0.881265652179718,0,,positive,0.6042188405990601,multilingual,Unknown,love,0.08533009141683578,0.07764127105474472,0.03365764021873474,0.09252861887216568,0.6122764348983765,0.04299662634730339
threads,comment,,Sembang jugak,,https://www.threads.com/@tengkuraq75/post/DRvtiDSk867,DRvtiDSk867,negative,,2,0,1,0,0.06453773081302644,3,,negative,0.7848742306232452,multilingual,Unknown,love,0.18751229345798492,0.09858772158622742,0.12691384553909302,0.07880327105522156,0.2610207498073578,0.08143764734268188
threads,comment,,kan...,,https://www.threads.com/@tengkuraq75/post/DRvtiDSk867,DRvtiDSk867,negative,,0,0,0,0,0.18562328964471816,0,,negative,0.38125570118427277,multilingual,Unknown,love,0.17253227531909943,0.06275038421154022,0.05946569889783859,0.041100531816482544,0.3525698184967041,0.06254366785287857
threads,comment,,Letak sekali polis,,https://www.threads.com/@tengkuraq75/post/DRvtiDSk867,DRvtiDSk867,neutral,,0,0,1,0,0.5,1,,neutral,0.720405638217926,english,Mixed/Urban,love,0.1550390124320984,0.085689015686512,0.12791602313518524,0.06887522339820862,0.3368958532810211,0.06579966098070145
threads,comment,,"aku stuju.. 
sebenarnya agensi penguatkuasa ni aka PDRM SRRM JIM AKPS duk bawah agong..",,https://www.threads.com/@tengkuraq75/post/DRvtiDSk867,DRvtiDSk867,negative,,1,0,1,0,0.04319349825382235,2,,negative,0.8560216724872589,multilingual,Unknown,no_clear_emotion,0.023171616718173027,0.009719634428620338,0.026334434747695923,0.00717532355338335,0.06470183283090591,0.05067386478185654
threads,comment,,Sedih kan sebenarnya bila kuasa agong dilimitkan,,https://www.threads.com/@tengkuraq75/post/DRvtiDSk867,DRvtiDSk867,neutral,,1,0,0,0,0.5,1,,neutral,0.8075619339942932,english,Mixed/Urban,sadness,0.016255727037787437,0.02465808391571045,0.005902070086449385,0.9185134768486023,0.012322857044637203,0.013514199294149876
threads,comment,,Sokong tuanku....,,https://www.threads.com/@tengkuraq75/post/DRvtiDSk867,DRvtiDSk867,positive,,0,0,1,0,0.832107363641262,1,,positive,0.44035787880420685,multilingual,Unknown,no_clear_emotion,0.10486535727977753,0.025484271347522736,0.07335898280143738,0.02269061841070652,0.20422913134098053,0.018520785495638847
threads,comment,,nak sokong apa nya.. buat pun dak lagi,,https://www.threads.com/@tengkuraq75/post/DRvtiDSk867,DRvtiDSk867,neutral,,0,0,0,0,0.5,0,,neutral,0.7860438227653503,english,Mixed/Urban,surprise,0.010617516934871674,0.05206124484539032,0.011997428722679615,0.026860464364290237,0.021624524146318436,0.8227143883705139
threads,comment,,SPRM setuju. Please lah ! Penat dah nie layan.,,https://www.threads.com/@tengkuraq75/post/DRvtiDSk867,DRvtiDSk867,negative,,2,0,2,0,0.02419154942035673,4,,negative,0.9193615019321442,multilingual,Unknown,love,0.0503503791987896,0.020786849781870842,0.09384867548942566,0.013499190099537373,0.7536898255348206,0.017680427059531212
threads,comment,,"Ahli parlimen kerajaan dan pembangkang di lantik dlm jk penasihat sprm

https://www.bernama.com/bm/news.php?id=2419969",,https://www.threads.com/@tengkuraq75/post/DRvtiDSk867,DRvtiDSk867,negative,,1,0,1,0,0.0010393381118774525,2,,negative,0.9965355396270752,malay,Malay/Bumiputera,no_clear_emotion,0.021511875092983246,0.009932875633239746,0.02172790840268135,0.012284843251109123,0.05192076042294502,0.03830926492810249
threads,comment,,dilantik jk penasihat sprm tu ✅ tapi kepada siapa ia melaporkan ? kalo setakat umum di parlimen tapi tiada tindakan susulan pun xde guna..,,https://www.threads.com/@tengkuraq75/post/DRvtiDSk867,DRvtiDSk867,negative,,0,0,0,0,0.0005000531673431396,0,,negative,0.9983331561088562,malay,Malay/Bumiputera,surprise,0.013527925126254559,0.044430460780858994,0.017905402928590775,0.026751883327960968,0.037085387855768204,0.7156367897987366
threads,comment,,X laksana lagi kan ?,,https://www.threads.com/@tengkuraq75/post/DRvtiDSk867,DRvtiDSk867,neutral,,0,0,1,0,0.5,1,,neutral,0.9032537341117859,english,Mixed/Urban,love,0.08688784390687943,0.031227989122271538,0.10577347874641418,0.024938495829701424,0.459571897983551,0.023233743384480476
threads,comment,,belum...,,https://www.threads.com/@tengkuraq75/post/DRvtiDSk867,DRvtiDSk867,negative,,0,0,0,0,0.15214384496212005,0,,negative,0.4928538501262665,multilingual,Unknown,no_clear_emotion,0.19387272000312805,0.06966112554073334,0.0986655130982399,0.028449518606066704,0.21193526685237885,0.05553760007023811
threads,comment,,Sembang je,,https://www.threads.com/@tengkuraq75/post/DRvtiDSk867,DRvtiDSk867,negative,,1,0,0,0,0.13493123352527617,1,,negative,0.5502292215824127,multilingual,Unknown,love,0.19551752507686615,0.07645515352487564,0.10604638606309891,0.059149496257305145,0.31184691190719604,0.061140235513448715
threads,comment,,Aku doa doa untuk sultan sultan dan agong ni time jumaat. Memang turun tangan dah. Sikit pun tak ada yang berDaulat dah. Semua BerDuit je. Dulu tu semangat la juga nak mempertahan sultan sultan ni. Hmm last last hanya kekecewaan.,,https://www.threads.com/@tengkuraq75/post/DRvtiDSk867,DRvtiDSk867,negative,,4,0,1,0,0.001027965545654319,5,,negative,0.9965734481811523,malay,Malay/Bumiputera,surprise,0.01836896687746048,0.09171105921268463,0.017401259392499924,0.12057285755872726,0.10552098602056503,0.560253918170929
threads,comment,,Sultan² mana peduli pon pada rakyat...pagar istana pon dh x kisah pasal rakyat,,https://www.threads.com/@tengkuraq75/post/DRvtiDSk867,DRvtiDSk867,negative,,0,0,0,0,0.18105336874723432,0,,negative,0.3964887708425522,multilingual,Unknown,love,0.10312186181545258,0.0152608472853899,0.04106598347425461,0.04314780235290527,0.5422782301902771,0.03683165833353996
threads,comment,,Agong pn xleh percaya sgt..ltk bawah raja2 melayu,,https://www.threads.com/@tengkuraq75/post/DRvtiDSk867,DRvtiDSk867,negative,,1,0,0,0,0.13730711191892622,1,,negative,0.5423096269369125,multilingual,Unknown,surprise,0.018970876932144165,0.13404470682144165,0.019554829224944115,0.03084857575595379,0.02007473260164261,0.7294903993606567
threads,comment,,Ada agong kw skrg ni .mcm xdw jer,,https://www.threads.com/@tengkuraq75/post/DRvtiDSk867,DRvtiDSk867,negative,,0,0,0,0,0.12576070725917815,0,,negative,0.5807976424694061,multilingual,Unknown,no_clear_emotion,0.05517950654029846,0.011799518950283527,0.04997552931308746,0.015271466225385666,0.19897539913654327,0.023478921502828598
threads,comment,,"Lain mcm jerrr , prawn under noodle 🍜",,https://www.threads.com/@tengkuraq75/post/DRvtiDSk867,DRvtiDSk867,neutral,,22,0,0,0,0.5,22,,neutral,0.8706533312797546,english,Mixed/Urban,love,0.08893167972564697,0.0266426894813776,0.0622224286198616,0.04159242659807205,0.48815757036209106,0.03416626527905464
threads,comment,,"Kebanyakan jabatan2 ni dibelakangnya ""diraja Malaysia"" kan??",,https://www.threads.com/@tengkuraq75/post/DRvtiDSk867,DRvtiDSk867,negative,,2,0,0,0,0.0005858659744262806,2,,negative,0.9980471134185791,malay,Malay/Bumiputera,love,0.029416095465421677,0.011978639289736748,0.025479914620518684,0.022625604644417763,0.6385501027107239,0.03522362560033798
threads,comment,,"Aku tak nak bagi sebab. Apa yang boleh aku kata, jangan ubah.",,https://www.threads.com/@tengkuraq75/post/DRvtiDSk867,DRvtiDSk867,neutral,,0,0,0,0,0.5,0,,neutral,0.9519308805465698,malay,Malay/Bumiputera,anger,0.3082667291164398,0.09551050513982773,0.029020950198173523,0.207280695438385,0.19175070524215698,0.06588084250688553
threads,comment,,😃😝😀😀😆😆😁😁😁😃😃😝😝😝😀😀😀😆😆😁😁😅😅😄😄😂🤣🤣🤣,,https://www.threads.com/@tengkuraq75/post/DRvtiDSk867,DRvtiDSk867,positive,,1,0,0,0,0.8714138269424438,1,,positive,0.5713794231414795,multilingual,Unknown,love,0.06174003705382347,0.046236902475357056,0.0776350274682045,0.03752731531858444,0.6369377374649048,0.030871976166963577
threads,comment,,"SPRM aku setuju
Petronas tu mcm x perlulah tuanku nak kawal.",,https://www.threads.com/@tengkuraq75/post/DRvtiDSk867,DRvtiDSk867,positive,,0,0,0,0,0.9993769228458405,0,,positive,0.9979230761528015,malay,Malay/Bumiputera,love,0.053366608917713165,0.02339416742324829,0.049448855221271515,0.019948063418269157,0.7597032189369202,0.02611319161951542
threads,comment,,Sume ada kepentingan jer tu xda lain yg pting ada masyuk dlm poket..,,https://www.threads.com/@tengkuraq75/post/DRvtiDSk867,DRvtiDSk867,negative,,1,0,0,0,0.10734234452247618,1,,negative,0.6421921849250793,multilingual,Unknown,love,0.12459728121757507,0.060817185789346695,0.08533820509910583,0.026649300009012222,0.42782971262931824,0.026163682341575623
threads,comment,,Molek juga ni dak royalty minyak pun x nak byr bila kerajaan pusat berkuasa,,https://www.threads.com/@tengkuraq75/post/DRvtiDSk867,DRvtiDSk867,negative,,0,0,0,0,0.0770716980099678,0,,negative,0.743094339966774,multilingual,Unknown,love,0.19886372983455658,0.06115375831723213,0.04824824631214142,0.07486400008201599,0.4014842212200165,0.04219463840126991
threads,comment,,Daulat tuanku!,,https://www.threads.com/@tengkuraq75/post/DRvtiDSk867,DRvtiDSk867,negative,,0,0,0,0,0.07937479466199873,0,,negative,0.7354173511266708,multilingual,Unknown,love,0.1584429293870926,0.062185708433389664,0.0726042240858078,0.04383192956447601,0.5039280652999878,0.03128251060843468
threads,comment,,No komeng,,https://www.threads.com/@tengkuraq75/post/DRvtiDSk867,DRvtiDSk867,negative,,0,0,0,0,0.06019456386566163,0,,negative,0.7993514537811279,multilingual,Unknown,love,0.11677518486976624,0.04621093347668648,0.07564715296030045,0.031687624752521515,0.42641356587409973,0.03858643397688866
threads,comment,,Klu yg ni pun 2x5 juga... checkmate,,https://www.threads.com/@tengkuraq75/post/DRvtiDSk867,DRvtiDSk867,neutral,,16,0,0,0,0.5,16,,neutral,0.8059336543083191,english,Mixed/Urban,no_clear_emotion,0.043833497911691666,0.01600487530231476,0.017424719408154488,0.022849190980196,0.37427809834480286,0.07725047320127487
threads,comment,,Alamak...,,https://www.threads.com/@tengkuraq75/post/DRvtiDSk867,DRvtiDSk867,positive,,0,0,0,0,0.8332930788397789,0,,positive,0.444310262799263,multilingual,Unknown,no_clear_emotion,0.1924358457326889,0.040787775069475174,0.06055452674627304,0.019270915538072586,0.10883886367082596,0.037008702754974365
threads,comment,,nak gelak boleh ke???,,https://www.threads.com/@tengkuraq75/post/DRvtiDSk867,DRvtiDSk867,neutral,,0,0,0,0,0.5,0,,neutral,0.9967308044433594,malay,Malay/Bumiputera,love,0.13724157214164734,0.07392870634794235,0.15606144070625305,0.04864966869354248,0.35128214955329895,0.0383421964943409
threads,comment,,Dunia ni mmg tempat diorg. Tunggu je la nnt hari pembalasan nnt,,https://www.threads.com/@tengkuraq75/post/DRvtiDSk867,DRvtiDSk867,neutral,,0,0,0,0,0.5,0,,neutral,0.8158889412879944,english,Mixed/Urban,love,0.05168915539979935,0.0262236837297678,0.038707148283720016,0.03162439540028572,0.60797119140625,0.03313136845827103
threads,comment,,Malas nak komen lebih2 🤣,,https://www.threads.com/@tengkuraq75/post/DRvtiDSk867,DRvtiDSk867,neutral,,1,0,0,0,0.5,1,,neutral,0.8123949766159058,english,Mixed/Urban,no_clear_emotion,0.034357670694589615,0.033973246812820435,0.015730436891317368,0.04255479946732521,0.12855234742164612,0.19451004266738892
threads,comment,,Jahanam dia sauk utk anak beranak dia. Rakyat J pun tak mahu dia ni,,https://www.threads.com/@tengkuraq75/post/DRvtiDSk867,DRvtiDSk867,negative,,2,0,0,0,0.03618306219577788,2,,negative,0.8793897926807404,multilingual,Unknown,surprise,0.03567054867744446,0.2246774137020111,0.0163759496062994,0.0932188406586647,0.03283955156803131,0.5331984162330627
threads,comment,,Ank buat masalah tak bersuara plk!,,https://www.threads.com/@tengkuraq75/post/DRvtiDSk867,DRvtiDSk867,negative,,0,0,0,0,0.0004943847656250222,0,,negative,0.99835205078125,malay,Malay/Bumiputera,fear,0.14764061570167542,0.6678146123886108,0.011819940060377121,0.09991107881069183,0.007529109250754118,0.051503736525774
threads,comment,,Kah,,https://www.threads.com/@tengkuraq75/post/DRvtiDSk867,DRvtiDSk867,negative,,0,0,0,0,0.18191921710968018,0,,negative,0.3936026096343994,multilingual,Unknown,love,0.17319612205028534,0.07417809218168259,0.11878519505262375,0.03581530973315239,0.302234947681427,0.03648195043206215
threads,comment,,Tabung haji sekali,,https://www.threads.com/@tengkuraq75/post/DRvtiDSk867,DRvtiDSk867,neutral,,0,0,0,0,0.5,0,,neutral,0.6972403526306152,english,Mixed/Urban,happy,0.16415420174598694,0.1300753653049469,0.2364700585603714,0.070249043405056,0.20630496740341187,0.07238710671663284
threads,comment,,Tak boleh buat apa apa,,https://www.threads.com/@tengkuraq75/post/DRvtiDSk867,DRvtiDSk867,negative,,0,0,0,0,0.08226438760757446,0,,negative,0.7257853746414185,malay,Malay/Bumiputera,love,0.21177805960178375,0.0365736223757267,0.1157882958650589,0.020708836615085602,0.37535569071769714,0.0170571468770504
threads,comment,,"Baru la nampak,da tanda tangani perjanjian gadai kan negara serta kerusi emas juga digadainye dengan bantuan US",,https://www.threads.com/@tengkuraq75/post/DRvtiDSk867,DRvtiDSk867,negative,,0,0,0,0,0.018032509088516224,0,,negative,0.9398916363716125,malay,Malay/Bumiputera,no_clear_emotion,0.00978843867778778,0.025487907230854034,0.05330222472548485,0.011983559466898441,0.05566389858722687,0.32108479738235474
threads,comment,,tengkuraq kau 75🤭,,https://www.threads.com/@tengkuraq75/post/DRvtiDSk867,DRvtiDSk867,negative,,0,0,0,0,0.13747532218694686,0,,negative,0.5417489260435104,multilingual,Unknown,love,0.09884119778871536,0.045586567372083664,0.13395404815673828,0.03636918216943741,0.444646418094635,0.03643425554037094
threads,comment,,Yg nie mampus. Hahaha,,https://www.threads.com/@tengkuraq75/post/DRvtiDSk867,DRvtiDSk867,neutral,,1,0,0,0,0.5,1,,neutral,0.6546533107757568,english,Mixed/Urban,surprise,0.028781358152627945,0.12950481474399567,0.010953632183372974,0.0945226401090622,0.01545290183275938,0.6785221099853516
threads,comment,3.793202886546257e+18,"Kita kerjasama dgn PH utk bentuk kerajaan stabil. Tapi sekiranya PH tak hormati UMNO sebagai rakan sekutu, eloklah kita putuskan hubungan.",https://www.threads.com/@cghazleen.ismail/post/DSkKe2Vk3M9,https://www.threads.com/@cghazleen.ismail/post/DSkKe2Vk3M9,DSkKe2Vk3M9,negative,,51,0,58,0,0.0006072342395782582,109,,negative,0.9979758858680725,malay,Malay/Bumiputera,love,0.21554481983184814,0.015904316678643227,0.03131125867366791,0.07017684727907181,0.5626642107963562,0.021632930263876915
threads,comment,,"Kalau ada menteri dari DAP mencuri RM1BN, ditangkap dan dipenjara, awak akan menyambut kerana dia membuat kesalahan. Skrg tukar ke UMNO, mengapa double standard? 
Segala kesalahan perlu dihukum tak kira kaum atau kepercayaan atau dari parti apa, itulah keadilan. Sila menghormati hak markamah and hak orang lain yang percaya sistem keadilan dan bukan kerana kamu suka/benci se-seorang. Sekian, terima kasih",,https://www.threads.com/@cghazleen.ismail/post/DSkKe2Vk3M9,DSkKe2Vk3M9,negative,,4,0,0,0,0.0004808485507964977,4,,negative,0.998397171497345,malay,Malay/Bumiputera,anger,0.44829297065734863,0.025476815178990364,0.06676805019378662,0.030467769131064415,0.12838071584701538,0.023840315639972687
threads,comment,,Cakap banyak buat ape? Kalau berani buat dulu baru cakap. All talks but no action. Typical Malays,,https://www.threads.com/@cghazleen.ismail/post/DSkKe2Vk3M9,DSkKe2Vk3M9,negative,,1,0,0,0,0.0831984043121338,1,,negative,0.7226719856262207,english,Mixed/Urban,love,0.07051371783018112,0.028003429993987083,0.025223441421985626,0.05037146806716919,0.6034716963768005,0.042151935398578644
threads,comment,,Cikgu rasa macam pernah dengar benda yg sama tak?,,https://www.threads.com/@cghazleen.ismail/post/DSkKe2Vk3M9,DSkKe2Vk3M9,neutral,,9,0,1,0,0.5,10,,neutral,0.872611939907074,english,Mixed/Urban,surprise,0.011236069723963737,0.032811108976602554,0.013417793437838554,0.04574090614914894,0.05120151489973068,0.787064254283905
threads,comment,,Yg ni mcm mana?,,https://www.threads.com/@cghazleen.ismail/post/DSkKe2Vk3M9,DSkKe2Vk3M9,neutral,,0,0,1,0,0.5,1,,neutral,0.9357513189315796,english,Mixed/Urban,no_clear_emotion,0.07726656645536423,0.04440559819340706,0.0860128253698349,0.03524667024612427,0.3201148211956024,0.04251987859606743
threads,comment,,"Well, you know the answer, isn't it?",,https://www.threads.com/@cghazleen.ismail/post/DSkKe2Vk3M9,DSkKe2Vk3M9,neutral,,4,0,0,0,0.5,4,,neutral,0.735509991645813,english,Mixed/Urban,surprise,0.021084140986204147,0.07861344516277313,0.03677619993686676,0.0789373517036438,0.3222668766975403,0.4123590886592865
threads,comment,,Eh eh kau. Telan la ayat sendiri.,,https://www.threads.com/@cghazleen.ismail/post/DSkKe2Vk3M9,DSkKe2Vk3M9,negative,,41,0,2,0,0.08378183841705322,43,,negative,0.7207272052764893,multilingual,Unknown,no_clear_emotion,0.03753388673067093,0.018762018531560898,0.03318672999739647,0.0191293153911829,0.3475381135940552,0.0666525587439537
threads,comment,,"Dah byk kali cakap ,bagi amaran tapi tetap tak putus hubungan . Sebijik mcm MIC dan MCA . Lain kali tok sah bagi amaran,  putus je la",,https://www.threads.com/@cghazleen.ismail/post/DSkKe2Vk3M9,DSkKe2Vk3M9,negative,,0,0,0,0,0.000501948595046986,0,,negative,0.99832683801651,malay,Malay/Bumiputera,love,0.13458555936813354,0.02908017858862877,0.022740483283996582,0.20404459536075592,0.5283950567245483,0.027043739333748817
threads,comment,,Macai najib mesti bodo ea,,https://www.threads.com/@cghazleen.ismail/post/DSkKe2Vk3M9,DSkKe2Vk3M9,neutral,,8,0,0,0,0.5,8,,neutral,0.8363363146781921,english,Mixed/Urban,love,0.24711133539676666,0.026258617639541626,0.09964770078659058,0.048957325518131256,0.2755867838859558,0.033284664154052734
threads,comment,,,,https://www.threads.com/@cghazleen.ismail/post/DSkKe2Vk3M9,DSkKe2Vk3M9,neutral,,1,0,0,0,0.5,1,,neutral,0.0,unknown,Unknown,neutral,0.0,0.0,0.0,0.0,0.0,0.0
threads,comment,,UMNO mana berani makcik.. makcik lagi berani dari UMNO🤣,,https://www.threads.com/@cghazleen.ismail/post/DSkKe2Vk3M9,DSkKe2Vk3M9,neutral,,0,0,0,0,0.5,0,,neutral,0.7142667174339294,english,Mixed/Urban,love,0.05401146411895752,0.02963799610733986,0.055897876620292664,0.03163554519414902,0.6417709589004517,0.03146030381321907
threads,comment,,Ni cikgu masih berkhidmat ke? Elakkan daripada buat kenyataan awam berkenaan politik. Nanti cikgu jugak yang susah,,https://www.threads.com/@cghazleen.ismail/post/DSkKe2Vk3M9,DSkKe2Vk3M9,negative,,12,0,1,0,0.10594710409641264,13,,negative,0.6468429863452911,multilingual,Unknown,love,0.14951473474502563,0.13873091340065002,0.03918902575969696,0.12832581996917725,0.3983743488788605,0.07792168855667114
threads,comment,,ye berkhidmat di SK teluk menara. gov servant pastu berpolitik,,https://www.threads.com/@cghazleen.ismail/post/DSkKe2Vk3M9,DSkKe2Vk3M9,neutral,,0,0,1,0,0.5,1,,neutral,0.817150354385376,english,Mixed/Urban,no_clear_emotion,0.08042726665735245,0.016176685690879822,0.05268904194235802,0.026289382949471474,0.31036704778671265,0.02565194107592106
threads,comment,,Dia takkan tak tahu pekeliling dah keluar tentang larangan penjawat awam untuk mengeluarkan kenyataan awam berunsur politik samada untuk parti Kerajaan & Pembangkang. Ini dah terang-terangan buat kesalahan.,,https://www.threads.com/@cghazleen.ismail/post/DSkKe2Vk3M9,DSkKe2Vk3M9,negative,,1,0,0,0,0.000501447916030906,1,,negative,0.9983285069465637,malay,Malay/Bumiputera,anger,0.2827509939670563,0.07027601450681686,0.024186426773667336,0.17568616569042206,0.0968332588672638,0.11034796386957169
threads,comment,,Cikgu mengajar sekolah mna ya? Nak tahu jugak sbb x nak hntr anak ke sekolah cikgu. Nnt jadi penyakau pulak.,,https://www.threads.com/@cghazleen.ismail/post/DSkKe2Vk3M9,DSkKe2Vk3M9,neutral,,1,0,0,0,0.5,1,,neutral,0.7208372950553894,english,Mixed/Urban,love,0.11577007174491882,0.20716047286987305,0.0344972088932991,0.10378337651491165,0.22378496825695038,0.1851429045200348
threads,comment,,"Percayalah, UMNO takkan berani berpisah dengan DAP",,https://www.threads.com/@cghazleen.ismail/post/DSkKe2Vk3M9,DSkKe2Vk3M9,negative,,0,0,0,0,0.15402292907238005,0,,negative,0.4865902364253998,multilingual,Unknown,love,0.08849093317985535,0.12412271648645401,0.027293767780065536,0.17318907380104065,0.2614079415798187,0.2089725285768509
threads,comment,,,,https://www.threads.com/@cghazleen.ismail/post/DSkKe2Vk3M9,DSkKe2Vk3M9,neutral,,0,0,0,0,0.5,0,,neutral,0.0,unknown,Unknown,neutral,0.0,0.0,0.0,0.0,0.0,0.0
threads,comment,,Bila akta tahanan rumah dikuatkuasakan?,,https://www.threads.com/@cghazleen.ismail/post/DSkKe2Vk3M9,DSkKe2Vk3M9,negative,,1,0,0,0,0.0016753435134887473,1,,negative,0.9944155216217041,malay,Malay/Bumiputera,no_clear_emotion,0.051435451954603195,0.0551803857088089,0.12471826374530792,0.013092863373458385,0.07757598161697388,0.11670450121164322
threads,comment,,"Dah byk kali cakap ,bagi amaran tapi tetap tak putus hubungan . Sebijik mcm MIC dan MCA . Lain kali tok sah bagi amaran,  putus je la",,https://www.threads.com/@cghazleen.ismail/post/DSkKe2Vk3M9,DSkKe2Vk3M9,negative,,0,0,0,0,0.000501948595046986,0,,negative,0.99832683801651,malay,Malay/Bumiputera,love,0.13458555936813354,0.02908017858862877,0.022740483283996582,0.20404459536075592,0.5283950567245483,0.027043739333748817
threads,comment,,Hormat pencuri?,,https://www.threads.com/@cghazleen.ismail/post/DSkKe2Vk3M9,DSkKe2Vk3M9,neutral,,2,0,0,0,0.5,2,,neutral,0.8759938478469849,english,Mixed/Urban,no_clear_emotion,0.10313277691602707,0.041460875421762466,0.12350244075059891,0.03430557996034622,0.2815556824207306,0.026665782555937767
threads,comment,,Cik. Gi main pesbuk sana.,,https://www.threads.com/@cghazleen.ismail/post/DSkKe2Vk3M9,DSkKe2Vk3M9,neutral,,0,0,0,0,0.5,0,,neutral,0.8340169787406921,english,Mixed/Urban,love,0.05340646207332611,0.03627419471740723,0.02602168545126915,0.05478053539991379,0.7329420447349548,0.03602837026119232
threads,comment,,"wah kerja cikgu di sekolah KERAJAAN lepas tu terang2 berpolitik, sokong penyamun pulak tu",,https://www.threads.com/@cghazleen.ismail/post/DSkKe2Vk3M9,DSkKe2Vk3M9,neutral,,6,0,0,0,0.5,6,,neutral,0.6569471955299377,english,Mixed/Urban,no_clear_emotion,0.09316620230674744,0.015203502960503101,0.062874935567379,0.03383750841021538,0.24617135524749756,0.030122585594654083
threads,comment,,Go putuskan go. Sembang poen apa lg,,https://www.threads.com/@cghazleen.ismail/post/DSkKe2Vk3M9,DSkKe2Vk3M9,negative,,19,0,0,0,0.1301090106368065,19,,negative,0.5663032978773117,multilingual,Unknown,love,0.061442382633686066,0.018607689067721367,0.11549816280603409,0.02228269726037979,0.608737051486969,0.016265591606497765
threads,comment,,"Elehh  berkerjasama kerana nak kuasa memerintah.  Jadi m  enteri. 
Kenapa puan tak hormati undang undang negara?",,https://www.threads.com/@cghazleen.ismail/post/DSkKe2Vk3M9,DSkKe2Vk3M9,negative,,9,0,0,0,0.05894081890583039,9,,negative,0.8035306036472321,multilingual,Unknown,love,0.09206582605838776,0.012812658213078976,0.018117696046829224,0.0355488583445549,0.6967008709907532,0.029192917048931122
threads,comment,,Tebal,,https://www.threads.com/@cghazleen.ismail/post/DSkKe2Vk3M9,DSkKe2Vk3M9,positive,,0,0,0,0,0.8350169256329536,0,,positive,0.45005641877651215,multilingual,Unknown,no_clear_emotion,0.07892441004514694,0.04378948360681534,0.0647687315940857,0.029980288818478584,0.2951224148273468,0.04420958459377289
threads,comment,,"Okay makcik, noted",,https://www.threads.com/@cghazleen.ismail/post/DSkKe2Vk3M9,DSkKe2Vk3M9,neutral,,0,0,0,0,0.5,0,,neutral,0.7507696747779846,english,Mixed/Urban,no_clear_emotion,0.09529426693916321,0.05570761486887932,0.13663522899150848,0.06407902389764786,0.16818475723266602,0.04665996506810188
threads,comment,,"Leave umno if you unable to make umno leave, or else just shut up",,https://www.threads.com/@cghazleen.ismail/post/DSkKe2Vk3M9,DSkKe2Vk3M9,negative,,0,0,0,0,0.0851500689983368,0,,negative,0.7161664366722107,english,Mixed/Urban,anger,0.5795690417289734,0.2607044279575348,0.04016933590173721,0.038503848016262054,0.021173518151044846,0.02795625478029251
threads,comment,,Celebrate for the justice.,,https://www.threads.com/@cghazleen.ismail/post/DSkKe2Vk3M9,DSkKe2Vk3M9,neutral,,1,0,0,0,0.5,1,,neutral,0.8008199334144592,english,Mixed/Urban,no_clear_emotion,0.047440242022275925,0.06690648943185806,0.18034584820270538,0.03421905264258385,0.1660270094871521,0.10315507650375366
threads,comment,,Macik you sokong pencuri Ka?,,https://www.threads.com/@cghazleen.ismail/post/DSkKe2Vk3M9,DSkKe2Vk3M9,neutral,,0,0,0,0,0.5,0,,neutral,0.9108842611312866,english,Mixed/Urban,love,0.10532748699188232,0.015980154275894165,0.056859154254198074,0.026171408593654633,0.5524052977561951,0.02319033071398735
threads,comment,,🤡🤡🤡,,https://www.threads.com/@cghazleen.ismail/post/DSkKe2Vk3M9,DSkKe2Vk3M9,positive,,0,0,0,0,0.8714138269424438,0,,positive,0.5713794231414795,multilingual,Unknown,love,0.17286241054534912,0.09109237790107727,0.10922510176897049,0.06688544899225235,0.3631429076194763,0.05320591479539871
threads,comment,,"Ini kerjasama antara BN dengan PH dalam kerajaan, bukan UMNO dengan DAP seperti Zahid betulkan hari itu.",,https://www.threads.com/@cghazleen.ismail/post/DSkKe2Vk3M9,DSkKe2Vk3M9,negative,,3,0,0,0,0.0012768208980560303,3,,negative,0.9957439303398132,malay,Malay/Bumiputera,no_clear_emotion,0.06758171319961548,0.01317956019192934,0.05532313510775566,0.03205163776874542,0.3326402008533478,0.02919662743806839
threads,comment,,Hormat siapa?  yg sokong pencuri billion2 itu Mereka di UMNO......Malu betul .,,https://www.threads.com/@cghazleen.ismail/post/DSkKe2Vk3M9,DSkKe2Vk3M9,negative,,2,0,0,0,0.04470055103302001,2,,negative,0.8509981632232666,multilingual,Unknown,love,0.07420516759157181,0.013881797902286053,0.0520988404750824,0.030370943248271942,0.43058040738105774,0.03158585727214813
threads,comment,,Dh blah setakatsembang segera putuskan!🤯,,https://www.threads.com/@cghazleen.ismail/post/DSkKe2Vk3M9,DSkKe2Vk3M9,negative,,0,0,0,0,0.030698829889297508,0,,negative,0.897670567035675,multilingual,Unknown,love,0.045268118381500244,0.05207206681370735,0.3297385275363922,0.016412554308772087,0.44779425859451294,0.024477362632751465
threads,comment,,Eh..eh..eh..salah PH plak ke? The first things first is kenapa sakau 1MDB?SRC? Mesti lah ada sebab dan akibat dr perbuatan sendiri..UMNO ni penyokong penyamun ke?no tanya sikit....,,https://www.threads.com/@cghazleen.ismail/post/DSkKe2Vk3M9,DSkKe2Vk3M9,neutral,,0,0,0,0,0.5,0,,neutral,0.5633994936943054,english,Mixed/Urban,no_clear_emotion,0.0985502228140831,0.01772395148873329,0.03767876327037811,0.04820983484387398,0.27783864736557007,0.046213299036026
threads,comment,,Celebrate for the justices,,https://www.threads.com/@cghazleen.ismail/post/DSkKe2Vk3M9,DSkKe2Vk3M9,neutral,,13,0,0,0,0.5,13,,neutral,0.7669631242752075,english,Mixed/Urban,happy,0.054947420954704285,0.06009111925959587,0.4823880195617676,0.016825098544359207,0.13158029317855835,0.025760995224118233
threads,comment,,Putus lah jika UMNO masih nak selamatkan pengkhianak Melayu Islam yang mencuri wang rakyat.,,https://www.threads.com/@cghazleen.ismail/post/DSkKe2Vk3M9,DSkKe2Vk3M9,negative,,2,0,0,0,0.0005081534385681374,2,,negative,0.998306155204773,malay,Malay/Bumiputera,anger,0.36758697032928467,0.048806723207235336,0.16694772243499756,0.044614095240831375,0.2865181565284729,0.024596618488430977
threads,comment,,"/ ... Hormat rasuah, penyamun ke. Itu la BN DUMNO",,https://www.threads.com/@cghazleen.ismail/post/DSkKe2Vk3M9,DSkKe2Vk3M9,neutral,,0,0,0,0,0.5,0,,neutral,0.5001941323280334,english,Mixed/Urban,no_clear_emotion,0.1344560831785202,0.019147947430610657,0.06802589446306229,0.042578019201755524,0.2641853094100952,0.03681788966059685
threads,comment,,Apa kaitan dgn Ph...simpan sikit bodoh tu kat anak cucu,,https://www.threads.com/@cghazleen.ismail/post/DSkKe2Vk3M9,DSkKe2Vk3M9,neutral,,1,0,0,0,0.5,1,,neutral,0.7233622074127197,english,Mixed/Urban,love,0.21400706470012665,0.029629075899720192,0.03950492665171623,0.18070703744888306,0.3612632155418396,0.03200312703847885
threads,comment,3.8575878141129513e+18,"Sebarang Anasir Ancam Perpaduan Mesti Dibanteras Tanpa Kompromi - DYMM Agong

Nasihat tegas buat penceroboh haram.",https://www.threads.com/@the_azzamhasban/post/DWI5622E_u0,https://www.threads.com/@the_azzamhasban/post/DWI5622E_u0,DWI5622E_u0,neutral,,103,0,43,0,0.5,146,,neutral,0.873845636844635,english,Mixed/Urban,no_clear_emotion,0.1416340470314026,0.02655436284840107,0.0923425704240799,0.02340870164334774,0.2187466323375702,0.0345710925757885
threads,comment,,@arun_dorasamy Orang Macam Kau La Kan,,https://www.threads.com/@the_azzamhasban/post/DWI5622E_u0,DWI5622E_u0,neutral,,14,0,1,0,0.5,15,,neutral,0.8724547624588013,english,Mixed/Urban,love,0.05557188391685486,0.015312601812183857,0.01918395236134529,0.0253482386469841,0.8142457604408264,0.016660291701555252
threads,comment,,Ni penghasut no 1..boleh dah buang kerakyatan tu..,,https://www.threads.com/@the_azzamhasban/post/DWI5622E_u0,DWI5622E_u0,negative,,0,0,0,0,0.03944882154464724,0,,negative,0.8685039281845093,multilingual,Unknown,sadness,0.07339277863502502,0.026371072977781296,0.01466311700642109,0.7249077558517456,0.09583709388971329,0.023357566446065903
threads,comment,,Nasihat je la LEVEL raja sekarang.,,https://www.threads.com/@the_azzamhasban/post/DWI5622E_u0,DWI5622E_u0,neutral,,0,0,0,0,0.5,0,,neutral,0.8104608654975891,english,Mixed/Urban,no_clear_emotion,0.041641008108854294,0.012300712056457996,0.03906483203172684,0.024689042940735817,0.19305714964866638,0.039603039622306824
threads,comment,,"Mohon Tuanku YDPA tegur geng Penyembah Berhala Pendatang Haram ni dgn Penaung Kunyit Tua secara terbuka tanpa berkiasan, Islam Dan Melayu ada tahap kesabaran nya, Daulat Tuanku!",,https://www.threads.com/@the_azzamhasban/post/DWI5622E_u0,DWI5622E_u0,negative,,1,0,0,0,0.01581169813871386,1,,negative,0.9472943395376205,multilingual,Unknown,love,0.0436423122882843,0.02405315265059471,0.04151048883795738,0.02763969823718071,0.6357513070106506,0.029494458809494972
threads,comment,,Kerajaan madanon cari salah orang melayu Dan islam je..bangsa lain suci..nuar sial,,https://www.threads.com/@the_azzamhasban/post/DWI5622E_u0,DWI5622E_u0,positive,,17,0,1,0,0.8312633708119392,18,,positive,0.4375445693731308,multilingual,Unknown,love,0.1344480812549591,0.01644577831029892,0.05889482423663139,0.028373392298817635,0.6155838370323181,0.016095736995339394
threads,comment,,"Dia nakkan gaji penjawat awam, mean org PA semua india/cina",,https://www.threads.com/@the_azzamhasban/post/DWI5622E_u0,DWI5622E_u0,neutral,,0,0,0,0,0.5,0,,neutral,0.7388301491737366,english,Mixed/Urban,love,0.03568718954920769,0.015329493209719658,0.025965651497244835,0.041590094566345215,0.5292927622795105,0.04798286408185959
threads,comment,,nasihat je ke,,https://www.threads.com/@the_azzamhasban/post/DWI5622E_u0,DWI5622E_u0,neutral,,3,0,0,0,0.5,3,,neutral,0.6852485537528992,english,Mixed/Urban,love,0.20065942406654358,0.11231699585914612,0.11683810502290726,0.08300858736038208,0.2139291763305664,0.08142586052417755
threads,comment,,"Kerajaan kita tafsir lain bro. Yang dia nampak ZV, FW & TD ancam perpaduan.",,https://www.threads.com/@the_azzamhasban/post/DWI5622E_u0,DWI5622E_u0,negative,,5,0,0,0,0.00048049092292784534,5,,negative,0.9983983635902405,malay,Malay/Bumiputera,love,0.04774662107229233,0.01144444476813078,0.049569081515073776,0.021214904263615608,0.5078769326210022,0.02338367886841297
threads,comment,,Harap pmx & kpn paham apa yg YDPA cakap,,https://www.threads.com/@the_azzamhasban/post/DWI5622E_u0,DWI5622E_u0,negative,,1,0,0,0,0.06684704124927521,1,,negative,0.7771765291690826,multilingual,Unknown,love,0.10557957738637924,0.03561230003833771,0.034463364630937576,0.03861457109451294,0.6403291821479797,0.029097778722643852
threads,comment,,sembang je,,https://www.threads.com/@the_azzamhasban/post/DWI5622E_u0,DWI5622E_u0,negative,,2,0,0,0,0.13493123352527617,2,,negative,0.5502292215824127,multilingual,Unknown,love,0.16099782288074493,0.12874287366867065,0.11600781232118607,0.08591710776090622,0.1948833018541336,0.13010969758033752
threads,comment,,Cari punca...akan nampak jelas...,,https://www.threads.com/@the_azzamhasban/post/DWI5622E_u0,DWI5622E_u0,negative,,0,0,0,0,0.18540658056735992,0,,negative,0.3819780647754669,multilingual,Unknown,surprise,0.014029223471879959,0.2379780411720276,0.20561403036117554,0.01918031834065914,0.0280454158782959,0.42246535420417786
threads,comment,,"Hahahaha 😂🤣 
Apa tu perpaduan?? Motor Honda ke??",,https://www.threads.com/@the_azzamhasban/post/DWI5622E_u0,DWI5622E_u0,neutral,,0,0,1,0,0.5,1,,neutral,0.6823107600212097,english,Mixed/Urban,no_clear_emotion,0.030573630705475807,0.011557363905012608,0.027477562427520752,0.026783818379044533,0.33938124775886536,0.060916464775800705
threads,comment,,"Tu peraduan bang, atok saya menang peraduan pergi Umrah lepas beli kedai motor apek 😆",,https://www.threads.com/@the_azzamhasban/post/DWI5622E_u0,DWI5622E_u0,neutral,,0,0,0,0,0.5,0,,neutral,0.9966568946838379,malay,Malay/Bumiputera,love,0.028080588206648827,0.009927196428179741,0.05141892656683922,0.013699776493012905,0.5225370526313782,0.019924893975257874
threads,comment,,Harap menteri menteri buat kerja penceroboh tanah perlu di ambil tindakan,,https://www.threads.com/@the_azzamhasban/post/DWI5622E_u0,DWI5622E_u0,negative,,0,0,0,0,0.1014451503753662,0,,negative,0.6618494987487793,multilingual,Unknown,anger,0.6403675675392151,0.03581985831260681,0.07879649102687836,0.02868983894586563,0.056675855070352554,0.019126230850815773
threads,comment,,Pecat menteri KDN dan KPN,,https://www.threads.com/@the_azzamhasban/post/DWI5622E_u0,DWI5622E_u0,negative,,6,0,1,0,0.036274440586566925,7,,negative,0.8790851980447769,multilingual,Unknown,anger,0.5846606492996216,0.07387883216142654,0.09042860567569733,0.029048513621091843,0.05716996639966965,0.031391773372888565
threads,comment,,Ada lgsatu timbalan menteri undang2 sbb backup okt,,https://www.threads.com/@the_azzamhasban/post/DWI5622E_u0,DWI5622E_u0,negative,,0,0,0,0,0.00048184990882871315,0,,negative,0.9983938336372375,malay,Malay/Bumiputera,anger,0.4921528697013855,0.1087118536233902,0.13725656270980835,0.029892107471823692,0.05127247795462608,0.05693753808736801
threads,comment,,Feeeemson??? Booo,,https://www.threads.com/@the_azzamhasban/post/DWI5622E_u0,DWI5622E_u0,negative,,1,0,0,0,0.10364280939102172,1,,negative,0.6545239686965942,multilingual,Unknown,love,0.05527534708380699,0.015335454605519772,0.05378343164920807,0.021603457629680634,0.6381717920303345,0.019626596942543983
threads,comment,,Sembang je sampai sekarang,,https://www.threads.com/@the_azzamhasban/post/DWI5622E_u0,DWI5622E_u0,neutral,,3,0,0,0,0.5,3,,neutral,0.7301979660987854,english,Mixed/Urban,love,0.1593998223543167,0.041046999394893646,0.11969251930713654,0.025374453514814377,0.45147109031677246,0.023098254576325417
threads,comment,,"MENTERI PERPADUAN
......SAH
DAH BOLEH LETAK JAWATAN",,https://www.threads.com/@the_azzamhasban/post/DWI5622E_u0,DWI5622E_u0,negative,,2,0,0,0,0.15369079560041427,2,,negative,0.4876973479986191,multilingual,Unknown,no_clear_emotion,0.08931894600391388,0.1258552074432373,0.1563788652420044,0.01606537215411663,0.03706873580813408,0.0536532923579216
threads,comment,,😂 😂 😂 😂 kepada melayu,,https://www.threads.com/@the_azzamhasban/post/DWI5622E_u0,DWI5622E_u0,positive,,0,0,1,0,0.9002083420753478,1,,positive,0.6673611402511597,malay,Malay/Bumiputera,love,0.03330092877149582,0.04011918976902962,0.055727433413267136,0.04163986071944237,0.5904718041419983,0.04725119099020958
threads,comment,,"Kepada pariah yg menyemak kt malaysia , dah lah pariah kasta hina 🤣🤣🤣🤣",,https://www.threads.com/@the_azzamhasban/post/DWI5622E_u0,DWI5622E_u0,negative,,0,0,1,0,0.0004941701889037975,1,,negative,0.9983527660369873,malay,Malay/Bumiputera,love,0.18353533744812012,0.023055078461766243,0.05393734201788902,0.11544922739267349,0.4546111524105072,0.031201405450701714
threads,comment,,YDPA dah bertitah..... Yang berkenaan perlu ambil berat dan bertindak... Sebelum rakyat yang bertindak,,https://www.threads.com/@the_azzamhasban/post/DWI5622E_u0,DWI5622E_u0,negative,,9,0,1,0,0.1362818330526352,10,,negative,0.5457272231578827,multilingual,Unknown,no_clear_emotion,0.2860320806503296,0.03435824066400528,0.09156651049852371,0.01933290623128414,0.09115074574947357,0.02483387105166912
threads,comment,,Hasut pandai. Bila Panggil kedepan lari.,,https://www.threads.com/@the_azzamhasban/post/DWI5622E_u0,DWI5622E_u0,negative,,1,0,1,0,0.0734965682029724,2,,negative,0.7550114393234253,multilingual,Unknown,love,0.057217467576265335,0.028424076735973358,0.15032005310058594,0.015397434122860432,0.3764232099056244,0.029665924608707428
threads,comment,,Walhal dalang yang wujudkan isu perkauman tu semua dari ker4j44n....yang kantoi nya bila nak dekat mengundi baru timbul....lawak2😆,,https://www.threads.com/@the_azzamhasban/post/DWI5622E_u0,DWI5622E_u0,negative,,5,0,0,0,0.0005008041858672874,5,,negative,0.9983306527137756,malay,Malay/Bumiputera,no_clear_emotion,0.1576666533946991,0.046334944665431976,0.10561888664960861,0.03548184409737587,0.23034685850143433,0.03670145198702812
threads,comment,,"Daulat tuanku, pencerobohan Tanah Melayu harus di hukum, sebelum jadi barah,",,https://www.threads.com/@the_azzamhasban/post/DWI5622E_u0,DWI5622E_u0,neutral,,0,0,0,0,0.5,0,,neutral,0.8465920686721802,english,Mixed/Urban,no_clear_emotion,0.18255305290222168,0.024972636252641678,0.10887821018695831,0.03705528751015663,0.21507473289966583,0.03380961716175079
threads,comment,,Ahli parliament tu la batu api,,https://www.threads.com/@the_azzamhasban/post/DWI5622E_u0,DWI5622E_u0,neutral,,1,0,0,0,0.5,1,,neutral,0.8710779547691345,english,Mixed/Urban,no_clear_emotion,0.08856087177991867,0.011691936291754246,0.0516631044447422,0.023801498115062714,0.174544557929039,0.028983738273382187
threads,comment,,Sembang,,https://www.threads.com/@the_azzamhasban/post/DWI5622E_u0,DWI5622E_u0,negative,,1,0,0,0,0.1415502279996872,1,,negative,0.5281659066677094,multilingual,Unknown,love,0.20790016651153564,0.050878506153821945,0.08997704833745956,0.02657650224864483,0.35452017188072205,0.029080241918563843
threads,comment,3.7917900248589363e+18,"Jangan nak salahkan BERSATU, PAS, PN pula, Wak Jahid dari UMNO jer yang tak nak Melayu bersatu, BERSATU dengan PAS tiada masalah. 

Masa PAS/UMNO jemput BERSATU dalam MN kita ON jer Wak Jahid AKA UMNO yang tak nak.

Lepastu korang nak salahkan BERSATU/MELAYU  ker...",https://www.threads.com/@komrad_ipin/post/DSfJPAWliRC,https://www.threads.com/@komrad_ipin/post/DSfJPAWliRC,DSfJPAWliRC,negative,,76,0,151,0,0.0005035221576690785,227,,negative,0.9983215928077698,malay,Malay/Bumiputera,love,0.22905543446540833,0.026761677116155624,0.04094819724559784,0.061127714812755585,0.40766894817352295,0.026579266414046288
threads,comment,,Hmmm..kemapa dia menolak semasa Agung minta dia bergabung.?,,https://www.threads.com/@komrad_ipin/post/DSfJPAWliRC,DSfJPAWliRC,negative,,28,0,3,0,0.0005869030952453391,31,,negative,0.9980436563491821,malay,Malay/Bumiputera,love,0.07876844704151154,0.06652608513832092,0.027705451473593712,0.09884630888700485,0.6178430318832397,0.05069770663976669
threads,comment,,"PAS tu dlm PN, UMNO tu dalam BN. Ko punya statement pun dah ke laut. X payah sembang politik la mat!",,https://www.threads.com/@komrad_ipin/post/DSfJPAWliRC,DSfJPAWliRC,neutral,,37,0,2,0,0.5,39,,neutral,0.7614525556564331,english,Mixed/Urban,love,0.2552109658718109,0.024856630712747574,0.05486875772476196,0.04010078310966492,0.360564649105072,0.025551360100507736
threads,comment,,"PAS + PN + UMNO + BN . 

PN = PAS + BERSATU + GERAKAN 
BN = UMNO + MCA + MIC 

Knp tak ckap gabung PN + BN ja . 

Masa nak tubuhkan kerajaan dulu kan YDPA mintak PN gabung ngan BN . PN yg tolak . YDPA dan PAGOH sndri yg cakap . Knp nak tanya tak boleh ke . Salahkan PAGOH . Nak salahkan parti lain buat apa .",,https://www.threads.com/@komrad_ipin/post/DSfJPAWliRC,DSfJPAWliRC,negative,,6,0,2,0,0.0005116403102874978,8,,negative,0.9982945322990417,malay,Malay/Bumiputera,no_clear_emotion,0.21859022974967957,0.06755819916725159,0.034288715571165085,0.05413764342665672,0.15157601237297058,0.10956375300884247
threads,comment,,"Buat apa umno nak bersatu dgn  pn bersatu nak bunuh umno, umno tak bodoh.",,https://www.threads.com/@komrad_ipin/post/DSfJPAWliRC,DSfJPAWliRC,negative,,0,0,1,0,0.05282573103904725,1,,negative,0.8239142298698425,multilingual,Unknown,no_clear_emotion,0.21546374261379242,0.02534978650510311,0.09862859547138214,0.07893060892820358,0.26338064670562744,0.04022140055894852
threads,comment,,Kalau bersatu nak bunuh UMNO xde nya Abah sokong Pak Mail jadi Pm9,,https://www.threads.com/@komrad_ipin/post/DSfJPAWliRC,DSfJPAWliRC,negative,,0,0,0,0,0.07279714643955232,0,,negative,0.7573428452014923,multilingual,Unknown,love,0.11975280195474625,0.020296605303883553,0.05625109001994133,0.04912763833999634,0.5846682190895081,0.020964376628398895
threads,comment,,Buang masa sengkokol dgn PNPAS,,https://www.threads.com/@komrad_ipin/post/DSfJPAWliRC,DSfJPAWliRC,negative,,1,0,1,0,0.0030951976776122936,2,,negative,0.989682674407959,malay,Malay/Bumiputera,love,0.23995552957057953,0.022858265787363052,0.07188675552606583,0.05358368158340454,0.3978980779647827,0.0226146150380373
threads,comment,,Yang tak buang masa Sokong DAP ye tak,,https://www.threads.com/@komrad_ipin/post/DSfJPAWliRC,DSfJPAWliRC,negative,,0,0,1,0,0.0004898965358733909,1,,negative,0.9983670115470886,malay,Malay/Bumiputera,love,0.0788804292678833,0.022597718983888626,0.03591102361679077,0.048375725746154785,0.6917068958282471,0.029415754601359367
threads,comment,,,,https://www.threads.com/@komrad_ipin/post/DSfJPAWliRC,DSfJPAWliRC,neutral,,0,0,0,0,0.5,0,,neutral,0.0,unknown,Unknown,neutral,0.0,0.0,0.0,0.0,0.0,0.0
threads,comment,,"Bila terdesak cakap umno xnak bersatu dlm MN, ehh ko curah racun ,ko pecah tembok umno ,ko nk bubar umno, ko khianat umno ,ko fitnah umno ,ko penjarakan bossku ,ko tuduh Zahid perasuah ..tetiba cakap umno xmahu ajak bersatu . Lebih baik ajak manusia yg tahu menjaga hati umno dn tahu membalas budi .daripada mengajar manusia khianat seperti bersatu.",,https://www.threads.com/@komrad_ipin/post/DSfJPAWliRC,DSfJPAWliRC,negative,,0,0,1,0,0.000512927770614624,1,,negative,0.9982902407646179,malay,Malay/Bumiputera,anger,0.657780647277832,0.03620653226971626,0.024335423484444618,0.03678087517619133,0.1217975839972496,0.018046041950583458
threads,comment,,Pm9 pak mail dari UMNO sape yang suppor? Sape khianat? Yang sokong DAP sape?,,https://www.threads.com/@komrad_ipin/post/DSfJPAWliRC,DSfJPAWliRC,neutral,,0,0,0,0,0.5,0,,neutral,0.8348165154457092,english,Mixed/Urban,no_clear_emotion,0.26201173663139343,0.024459844455122948,0.09865511208772659,0.051917389035224915,0.2391148954629898,0.03465614840388298
threads,comment,,"Boleh, tapi akan bergaduh 
Berebut kerusi pula......",,https://www.threads.com/@komrad_ipin/post/DSfJPAWliRC,DSfJPAWliRC,negative,,0,0,0,0,0.026216948032379173,0,,negative,0.9126101732254028,malay,Malay/Bumiputera,anger,0.33227306604385376,0.023795101791620255,0.0808325707912445,0.05017358064651489,0.2538241744041443,0.025627268478274345
threads,comment,,Bersatu ditubuhkan utk bunuh UMNO. Idea penubuhan Bersatu dtg dr Lim Kit Siang. Pi tanya Mahathir tu.,,https://www.threads.com/@komrad_ipin/post/DSfJPAWliRC,DSfJPAWliRC,neutral,,3,0,2,0,0.5,5,,neutral,0.8135389089584351,english,Mixed/Urban,no_clear_emotion,0.045871227979660034,0.014304986223578453,0.05701163783669472,0.025966361165046692,0.4073064625263214,0.03479922562837601
threads,comment,,"Persoalannya….nee masalah siapa/apa; Agama atau bangsa..cuba pikirin????…..

kalu org Islam boleh bersatu…dah lama dah negara-nagara Islam dgn penduduk 500juta disekeliling Israel tuu …dgn sekelip mata jaa boleh tawan Israel yg berpenduduk 10juta org….

Jawapan: 
bukan masalah agama…bukan bangsa…tapi masalah akhlak perasuah Muslim yg di terlampau.",,https://www.threads.com/@komrad_ipin/post/DSfJPAWliRC,DSfJPAWliRC,negative,,0,0,1,0,0.000500446557998635,1,,negative,0.9983318448066711,malay,Malay/Bumiputera,no_clear_emotion,0.08164848387241364,0.04511604830622673,0.03490108624100685,0.04517657309770584,0.2692519724369049,0.06954322755336761
threads,comment,,The best for Msia is….let’s the Non Bumi memerintah….mcam Spore….barulah maju…dan lahirkan rakyat yg berakhlak tinggi ..😁😁😁Muslim kita nee dah lah kurang akhlak…kuat rasuah plak😁😁😁….dah bagi cam kat Melayu memerintah dah hampir 70thn…hancus…!!,,https://www.threads.com/@komrad_ipin/post/DSfJPAWliRC,DSfJPAWliRC,positive,,0,0,0,0,0.9775978505611419,0,,positive,0.9253261685371399,english,Mixed/Urban,sadness,0.07893279939889908,0.07032983750104904,0.023432152345776558,0.482105016708374,0.278589129447937,0.02828245609998703
threads,comment,,Mana boleh UMNO ada kekeruhan bersatu bersih cara depa laa,,https://www.threads.com/@komrad_ipin/post/DSfJPAWliRC,DSfJPAWliRC,negative,,0,0,0,0,0.0007070124149322621,0,,negative,0.9976432919502258,malay,Malay/Bumiputera,love,0.11878441274166107,0.06284581869840622,0.09090134501457214,0.0548647977411747,0.5068642497062683,0.027115341275930405
threads,comment,,"Yg mengkhianati umno adalah pas, tinggal Muafakat Nasional utk sertai Bersatu dlm PN",,https://www.threads.com/@komrad_ipin/post/DSfJPAWliRC,DSfJPAWliRC,negative,,2,0,0,0,0.000502520799636863,2,,negative,0.9983249306678772,malay,Malay/Bumiputera,sadness,0.2648293375968933,0.039414092898368835,0.04285698011517525,0.2707182765007019,0.1666775345802307,0.035539645701646805
threads,comment,,Macam ni jer level PN nak takbir negara? Lupakan jelah.dalam bersatu pon sebok suruh president letak jawatan.pas pulak nak kuasai PN. Last last sekali salah president umno jugak 🤣,,https://www.threads.com/@komrad_ipin/post/DSfJPAWliRC,DSfJPAWliRC,negative,,11,0,0,0,0.04429506808519362,11,,negative,0.8523497730493546,multilingual,Unknown,no_clear_emotion,0.18310800194740295,0.022475188598036766,0.04415012523531914,0.08529161661863327,0.29598328471183777,0.0376325324177742
threads,comment,,"Kalau PAS/UMNO ajak AMANAH, PAS setuju tak?",,https://www.threads.com/@komrad_ipin/post/DSfJPAWliRC,DSfJPAWliRC,negative,,1,0,0,0,0.018781882524490368,1,,negative,0.9373937249183655,malay,Malay/Bumiputera,love,0.04157475382089615,0.025617077946662903,0.08256004750728607,0.017391936853528023,0.6453582048416138,0.04531093314290047
threads,comment,,"Boleh dan terbaik tapi Parti Bunga BERSATU kena buang RACIST Melayu ,  PAS kena buang anasir2 Syiah Khawarij Dan ikut Islam yg di ajarkan oleh Rasulullah SAW , UMNO shj yg Betul skrg di bawah Zahid dia sudah buang Racist Melayu dan perjuangkan UMNO utk semua Bangsa Msia.",,https://www.threads.com/@komrad_ipin/post/DSfJPAWliRC,DSfJPAWliRC,negative,,1,0,0,0,0.00048726797103881836,1,,negative,0.9983757734298706,malay,Malay/Bumiputera,love,0.24148765206336975,0.022545674815773964,0.04158471152186394,0.09904418885707855,0.442923367023468,0.021553903818130493
threads,comment,,"Ayat bodoh standart yg selalu dengar, tak join psl ada DAP, kalau midin setuju jd TPM ok jer dgn DAP pun😂🤣",,https://www.threads.com/@komrad_ipin/post/DSfJPAWliRC,DSfJPAWliRC,negative,,0,0,0,0,0.0004955291748046653,0,,negative,0.9983482360839844,malay,Malay/Bumiputera,love,0.18169745802879333,0.025299200788140297,0.07034619152545929,0.061596132814884186,0.49038413166999817,0.026262210682034492
threads,comment,,Tapi taknak Bersatu sbb Bersatu pengkhianat UMNO,,https://www.threads.com/@komrad_ipin/post/DSfJPAWliRC,DSfJPAWliRC,negative,,5,0,0,0,0.1650374874472618,5,,negative,0.44987504184246063,multilingual,Unknown,anger,0.6150856018066406,0.04371792823076248,0.05056294798851013,0.13327734172344208,0.07134253531694412,0.01627800613641739
threads,comment,,Bual apa ni.. 33 bulan dorg ni semua jadi kerajaan dgn langkah sheraton.. tukar² PM dari mahyudin ke ismail sabri..,,https://www.threads.com/@komrad_ipin/post/DSfJPAWliRC,DSfJPAWliRC,neutral,,6,0,1,0,0.5,7,,neutral,0.7996250987052917,english,Mixed/Urban,no_clear_emotion,0.062289729714393616,0.014464340172708035,0.06613112986087799,0.026611264795064926,0.28768718242645264,0.02776140533387661
threads,comment,,Betul masa 33 bulan masing2 tikam belakang sesama sendiri.,,https://www.threads.com/@komrad_ipin/post/DSfJPAWliRC,DSfJPAWliRC,negative,,1,0,0,0,0.0006002247333526389,1,,negative,0.9979992508888245,malay,Malay/Bumiputera,no_clear_emotion,0.04780072346329689,0.013204628601670265,0.05605309456586838,0.015180078335106373,0.16775217652320862,0.02162747271358967
threads,comment,,Boleh boleh. Boleh byat pesta sakau,,https://www.threads.com/@komrad_ipin/post/DSfJPAWliRC,DSfJPAWliRC,neutral,,0,0,0,0,0.5,0,,neutral,0.9941446185112,malay,Malay/Bumiputera,no_clear_emotion,0.06792252510786057,0.054662708193063736,0.05680518597364426,0.014742222614586353,0.2017715573310852,0.11044356971979141
threads,comment,,Sesiapa yg cuba bergabung dgn parti pelacur Pas memang dia akan di khianati..itu lah perangai sial Pas..siapa yg bg banyak dedak di situ lah lobai berlongok..,,https://www.threads.com/@komrad_ipin/post/DSfJPAWliRC,DSfJPAWliRC,negative,,2,0,0,0,0.0005114257335662731,2,,negative,0.998295247554779,malay,Malay/Bumiputera,love,0.2722024917602539,0.022523125633597374,0.07473829388618469,0.06281965225934982,0.2795873284339905,0.03426013141870499
threads,comment,,Kenapa bila UMNO suruh PAS juga jemput AMANAH utk bersatu knp PAS tak mahu pula awak punya komen ni serupa lancau punya komen …,,https://www.threads.com/@komrad_ipin/post/DSfJPAWliRC,DSfJPAWliRC,negative,,0,0,0,0,0.0005013763904571644,0,,negative,0.9983287453651428,malay,Malay/Bumiputera,no_clear_emotion,0.0926637351512909,0.06365487724542618,0.024622922763228416,0.12405575066804886,0.20577581226825714,0.2224341779947281
threads,comment,,Pandai twist cerita. Itu mmg kepakaran penganut walaun. Twist facts,,https://www.threads.com/@komrad_ipin/post/DSfJPAWliRC,DSfJPAWliRC,neutral,,1,0,0,0,0.5,1,,neutral,0.830108642578125,english,Mixed/Urban,love,0.037670381367206573,0.010174055583775043,0.028506340458989143,0.01730090193450451,0.8525220155715942,0.012030361220240593
threads,comment,,"Mana boleh sebab jawatan terhad 
Pembahagian kerusi akan timbul permasalahan, letih asyik dengar Majlis ilmu di masjid dan surau masuk telinga kanan keluar telinga kiri itu Melayu shj.....",,https://www.threads.com/@komrad_ipin/post/DSfJPAWliRC,DSfJPAWliRC,negative,,0,0,0,0,0.0007557570934295654,0,,negative,0.9974808096885681,malay,Malay/Bumiputera,sadness,0.21782392263412476,0.27608028054237366,0.02658616565167904,0.38646596670150757,0.038736749440431595,0.024314099922776222
threads,comment,,Hindraf LTTE Gerakan yg buat petisyen mahkamah tolak hudud tolak jawi boleh ke,,https://www.threads.com/@komrad_ipin/post/DSfJPAWliRC,DSfJPAWliRC,negative,,0,0,0,0,0.0006815850734710471,0,,negative,0.9977280497550964,malay,Malay/Bumiputera,no_clear_emotion,0.26987531781196594,0.03200017660856247,0.04920690879225731,0.02820628508925438,0.135708749294281,0.03644325211644173
threads,comment,,"Apa benda la Nak Bersatu kena join parti. Perpaduan dalam islam, Sepatutnya tanpa parti politik. Kita pemimpin parti atas nama Islam. Tapi Masih lagi dengan cara la. Nak suruh rakyat bersatu dalam parti mereka sahaja. Nampak sangat benda tu bukan jadi realiti. makin berpecah adalah.",,https://www.threads.com/@komrad_ipin/post/DSfJPAWliRC,DSfJPAWliRC,negative,,1,0,0,0,0.0005079030990600697,1,,negative,0.9983069896697998,malay,Malay/Bumiputera,sadness,0.04420958086848259,0.11706560850143433,0.010891690850257874,0.6326410174369812,0.045899853110313416,0.08695673197507858
threads,comment,,"Nak bersatu kena satu paksi. Klu banyak paksi nak bersatu mcm mana. Sosialis, sekular, evangelist, liberal dan mcm2 lagi. Klu nak bersatu atas dasar islam/melayu, ada ahli sunnah, ada syiah, ada wahabi dan lain2 firqah/fahaman. Pas dengan aliran taqribnya, umno dengan fahaman semangat kebangsaan. Kat situ pun susah nak bersama",,https://www.threads.com/@komrad_ipin/post/DSfJPAWliRC,DSfJPAWliRC,negative,,0,0,0,0,0.00048256516456601783,0,,negative,0.9983914494514465,malay,Malay/Bumiputera,no_clear_emotion,0.140761598944664,0.15820759534835815,0.04106207564473152,0.05148563161492348,0.2245679646730423,0.07947525382041931
threads,comment,,Pisaang,,https://www.threads.com/@komrad_ipin/post/DSfJPAWliRC,DSfJPAWliRC,neutral,,0,0,0,0,0.5,0,,neutral,0.4420761168003082,english,Mixed/Urban,love,0.20478634536266327,0.0509619414806366,0.09256532043218613,0.025026151910424232,0.313302606344223,0.028430020436644554
threads,comment,,BN tetap dengan PH PRU 16,,https://www.threads.com/@komrad_ipin/post/DSfJPAWliRC,DSfJPAWliRC,neutral,,1,0,0,0,0.5,1,,neutral,0.9977158308029175,malay,Malay/Bumiputera,love,0.1228191927075386,0.04837067052721977,0.11033540964126587,0.059900376945734024,0.320634126663208,0.04408353194594383
threads,comment,,Kesian kat amanah tak di jemput hahahaha....sembangggg,,https://www.threads.com/@komrad_ipin/post/DSfJPAWliRC,DSfJPAWliRC,neutral,,0,0,1,0,0.5,1,,neutral,0.57720947265625,english,Mixed/Urban,fear,0.15957655012607574,0.6311935782432556,0.016954800114035606,0.031878795474767685,0.049802713096141815,0.06844627857208252
threads,comment,,Amanah tetap dgn Anwar walaupun Dap tak ada..tak kira Anwar tukar Parti mana..,,https://www.threads.com/@komrad_ipin/post/DSfJPAWliRC,DSfJPAWliRC,negative,,0,0,0,0,0.16377236545085908,0,,negative,0.4540921151638031,multilingual,Unknown,no_clear_emotion,0.05733737722039223,0.07264932990074158,0.020566226914525032,0.01996840536594391,0.15916956961154938,0.0941167101264
threads,comment,,"tak bolih bersatu sebab jawatan pm cuma satu..
.",,https://www.threads.com/@komrad_ipin/post/DSfJPAWliRC,DSfJPAWliRC,neutral,,0,0,0,0,0.5,0,,neutral,0.7372135519981384,english,Mixed/Urban,fear,0.07331971079111099,0.7516449093818665,0.010275422595441341,0.06694570183753967,0.006823841482400894,0.07901046425104141
threads,comment,,"Kau cakap nak melayu bersatu, tapi kau kat sini duk kutuk parti melayu.
Kebebalan apakah ini🤣",,https://www.threads.com/@komrad_ipin/post/DSfJPAWliRC,DSfJPAWliRC,negative,,2,0,0,0,0.000507652759552002,2,,negative,0.9983078241348267,malay,Malay/Bumiputera,love,0.07711397111415863,0.01729290373623371,0.025426054373383522,0.04018419608473778,0.535956084728241,0.041312023997306824
threads,comment,,"Xada wak Jahid, UMNO dh kena talkin, faham?",,https://www.threads.com/@komrad_ipin/post/DSfJPAWliRC,DSfJPAWliRC,negative,,0,0,0,0,0.09279975593090056,0,,negative,0.6906674802303314,multilingual,Unknown,love,0.058699291199445724,0.017999595031142235,0.04441884905099869,0.028273839503526688,0.7502334117889404,0.01839347556233406
threads,comment,,tak boleh kena alim dulu  macam parti saya pas. yang lain adalah kurang fitnah nya.,,https://www.threads.com/@komrad_ipin/post/DSfJPAWliRC,DSfJPAWliRC,negative,,0,0,0,0,0.0005055069923400879,0,,negative,0.9983149766921997,malay,Malay/Bumiputera,love,0.25548744201660156,0.03573303669691086,0.04669914022088051,0.2376759946346283,0.29747122526168823,0.0360567644238472
threads,comment,,Bersatu nak hapuskan Umno... Nak haramkan Umno... Sebab tu Umno tak leh terima Bersatu...,,https://www.threads.com/@komrad_ipin/post/DSfJPAWliRC,DSfJPAWliRC,neutral,,6,0,1,0,0.5,7,,neutral,0.8251468539237976,english,Mixed/Urban,fear,0.2207799106836319,0.37228742241859436,0.03300252556800842,0.12836892902851105,0.08593764156103134,0.09522230178117752
threads,comment,,"UMNO jangan sekali kali"" Tungging Pungkok"" lagi . BERSATU ialah Parti yg kebanyakanya ahli ahli PENGKHIANAT UMNO.Dia boleh pergi jahanam jauh jauh dari UMNO.",,https://www.threads.com/@komrad_ipin/post/DSfJPAWliRC,DSfJPAWliRC,negative,,1,0,0,0,0.000497281551361084,1,,negative,0.9983423948287964,malay,Malay/Bumiputera,love,0.23420450091362,0.02045104280114174,0.06857560575008392,0.05806340277194977,0.3982629179954529,0.026402421295642853
threads,comment,,Haha dgn budak kecik boleh la sembang mcm ni,,https://www.threads.com/@komrad_ipin/post/DSfJPAWliRC,DSfJPAWliRC,negative,,0,0,0,0,0.08971256911754608,0,,negative,0.7009581029415131,multilingual,Unknown,love,0.06878020614385605,0.01874116063117981,0.03562735766172409,0.029133247211575508,0.7109693288803101,0.02415105327963829
threads,comment,,Masa korang jilat DAP..kerah ahli undi DAP masa dalam PR dlu..sampaikan DAP kuat di Selangor..di Penang..masa tu babi2 pemimpin korang tengah buat apa??..masa korang kerah ahli sampai berbaring depan konvoi Sultan di Perak hanya kerana kerajaan DAP di Perak yang disokong ulama Jahat korang yang sial2 tu korang tengah buat apa??..korang memang Sial..,,https://www.threads.com/@komrad_ipin/post/DSfJPAWliRC,DSfJPAWliRC,negative,,7,0,0,0,0.0005084395408630482,7,,negative,0.9983052015304565,malay,Malay/Bumiputera,love,0.17087547481060028,0.019328825175762177,0.04602862522006035,0.0725884810090065,0.33140161633491516,0.0331905297935009
threads,comment,,"Boleh , siapa PM?",,https://www.threads.com/@komrad_ipin/post/DSfJPAWliRC,DSfJPAWliRC,negative,,0,0,0,0,0.12288267910480499,0,,negative,0.59039106965065,multilingual,Unknown,no_clear_emotion,0.1525612473487854,0.08695890009403229,0.050451021641492844,0.04629942402243614,0.2969317138195038,0.047807805240154266
threads,comment,,"Pemimpin politik melayu yg tak mahu bersatu kerana masing gila jawatan pm n menteri ,jangan salahkan oranv melayu",,https://www.threads.com/@komrad_ipin/post/DSfJPAWliRC,DSfJPAWliRC,neutral,,0,0,0,0,0.5,0,,neutral,0.7723402976989746,english,Mixed/Urban,anger,0.7528316974639893,0.05162465199828148,0.055624425411224365,0.019510336220264435,0.03710920736193657,0.016846274957060814
threads,comment,,xblh semua nk jd PM,,https://www.threads.com/@komrad_ipin/post/DSfJPAWliRC,DSfJPAWliRC,positive,,0,0,0,0,0.8500821113586425,0,,positive,0.5002737045288086,multilingual,Unknown,fear,0.20489782094955444,0.6193329095840454,0.015611904673278332,0.06040465086698532,0.013005349785089493,0.0652972087264061
threads,comment,,Yg tolak saranan ydpa dulu din cirit dgn hadi mereng.. jd menatang walaun xpayah nk meroyan sgt la,,https://www.threads.com/@komrad_ipin/post/DSfJPAWliRC,DSfJPAWliRC,neutral,,1,0,0,0,0.5,1,,neutral,0.8274030089378357,english,Mixed/Urban,anger,0.5722041130065918,0.2571306526660919,0.01905335672199726,0.034716490656137466,0.048134319484233856,0.024957232177257538
threads,comment,,Melayu jgn bersatu... dan tak boleh bersatu...nanti dapat kuasa berbalah juga rebut jawatan... jawatan dlm parti pun berebut...sailang sini sailang sana... elok lah buat parti masing-masing...dan eloklah berpecah...,,https://www.threads.com/@komrad_ipin/post/DSfJPAWliRC,DSfJPAWliRC,negative,,0,0,0,0,0.0005080461502074973,0,,negative,0.9983065128326416,malay,Malay/Bumiputera,anger,0.7409954071044922,0.04830941557884216,0.06365909427404404,0.02277706190943718,0.05838653817772865,0.009572900831699371
threads,comment,,UMNO sebuah parti yg cukup lama ditubuhkan....mau tau laaa,,https://www.threads.com/@komrad_ipin/post/DSfJPAWliRC,DSfJPAWliRC,neutral,,0,0,0,0,0.5,0,,neutral,0.6367446780204773,english,Mixed/Urban,love,0.034097325056791306,0.009338818490505219,0.024989841505885124,0.01908283866941929,0.7963393330574036,0.0253769364207983
threads,comment,,"Yg jadi masalah besar sekarang ini ialah BERSATU.UMNO tak boleh dan tak akan terima DAJAL CELAKA ini.
Dari ahli UMNO tahun 1967.",,https://www.threads.com/@komrad_ipin/post/DSfJPAWliRC,DSfJPAWliRC,negative,,1,0,0,0,0.00048092007637023926,1,,negative,0.9983969330787659,malay,Malay/Bumiputera,fear,0.144059419631958,0.5073384642601013,0.018646081909537315,0.15409190952777863,0.09636157006025314,0.054877180606126785
threads,comment,,Dah tersepit baru nk cari umno,,https://www.threads.com/@komrad_ipin/post/DSfJPAWliRC,DSfJPAWliRC,neutral,,0,0,0,0,0.5,0,,neutral,0.7694423198699951,english,Mixed/Urban,anger,0.53652024269104,0.2881501615047455,0.06220144405961037,0.02318374067544937,0.028834937140345573,0.017590733245015144
threads,comment,,"Bubar la Bersatu, Pejuwang, masok Umno balik.",,https://www.threads.com/@komrad_ipin/post/DSfJPAWliRC,DSfJPAWliRC,neutral,,1,0,0,0,0.5,1,,neutral,0.9148539900779724,english,Mixed/Urban,no_clear_emotion,0.06108279898762703,0.01348019577562809,0.05314243584871292,0.02944687195122242,0.34416723251342773,0.025102835148572922
threads,comment,,"tak boleh boh
sebab semua gila dunia nok berebut jadi PM",,https://www.threads.com/@komrad_ipin/post/DSfJPAWliRC,DSfJPAWliRC,neutral,,0,0,0,0,0.5,0,,neutral,0.6744551062583923,english,Mixed/Urban,fear,0.24019017815589905,0.5700926780700684,0.034513164311647415,0.02874371036887169,0.041361041367053986,0.04454607516527176
threads,comment,,Umno xnk melayu bersatu ???? Yg tinggalkan umno tu siapa?? Bukan pas ke smpai snggup cium din cirit tu,,https://www.threads.com/@komrad_ipin/post/DSfJPAWliRC,DSfJPAWliRC,neutral,,0,0,0,0,0.5,0,,neutral,0.7752591371536255,english,Mixed/Urban,sadness,0.019330115988850594,0.023963455110788345,0.007656261324882507,0.9016876816749573,0.02094614878296852,0.016075775027275085
threads,comment,,"Dulu dah muafakat nasional kenapa lari,",,https://www.threads.com/@komrad_ipin/post/DSfJPAWliRC,DSfJPAWliRC,neutral,,0,0,0,0,0.5,0,,neutral,0.7328799366950989,english,Mixed/Urban,no_clear_emotion,0.03229944780468941,0.02839796431362629,0.024091284722089767,0.05564918369054794,0.3172132074832916,0.20814910531044006
threads,comment,,Ait salah zahid lak ... pas yg tikam blkng keluar dr mn lepas tu buat pn dgn beesatu hahaha siap zaman 33 bulan nak haram kan umno lagi ...,,https://www.threads.com/@komrad_ipin/post/DSfJPAWliRC,DSfJPAWliRC,neutral,,0,0,0,0,0.5,0,,neutral,0.7827820777893066,english,Mixed/Urban,love,0.10497875511646271,0.05201387777924538,0.04711398854851723,0.04337364807724953,0.5337210297584534,0.06669944524765015
threads,comment,,PAS Pengkhianat MN.,,https://www.threads.com/@komrad_ipin/post/DSfJPAWliRC,DSfJPAWliRC,neutral,,0,0,0,0,0.5,0,,neutral,0.8333194851875305,english,Mixed/Urban,anger,0.4221173822879791,0.02205544151365757,0.08500753343105316,0.07188189029693604,0.18930862843990326,0.02482539787888527
threads,comment,,Yang jahat PAS..Hadi awang..taki..dan Sam..yg risakan penyatuan melayu MN..ni puaka,,https://www.threads.com/@komrad_ipin/post/DSfJPAWliRC,DSfJPAWliRC,negative,,5,0,0,0,0.00048081278800965466,5,,negative,0.9983972907066345,malay,Malay/Bumiputera,anger,0.32106220722198486,0.03055547922849655,0.06777384132146835,0.04390716925263405,0.2003609985113144,0.02698485553264618
threads,comment,,Skrg pon PAS mula rasai bebanan yg Bersatu bawa.,,https://www.threads.com/@komrad_ipin/post/DSfJPAWliRC,DSfJPAWliRC,neutral,,1,0,0,0,0.5,1,,neutral,0.8732873797416687,english,Mixed/Urban,happy,0.021159088239073753,0.08445453643798828,0.7729158401489258,0.01740163005888462,0.05984164774417877,0.028689945116639137
threads,comment,,"Hahaha dah buta mata Dan buta hdti ke,? Masa zaman tebuk atap tu, bukankah dah bergabung! Tapi apa Melayu buat, adalah 29 konsert LGBT 2022 anjuran Pas/PN. Jenuh lebai2 kena joget sebagai tuan rumah...",,https://www.threads.com/@komrad_ipin/post/DSfJPAWliRC,DSfJPAWliRC,negative,,0,0,0,0,0.00048227906227110706,0,,negative,0.9983924031257629,malay,Malay/Bumiputera,surprise,0.03257116675376892,0.058221329003572464,0.014511743560433388,0.07264860719442368,0.16765949130058289,0.4100547134876251
threads,comment,,Semua nk jadi pM sbb nk selamatkan tengkok masing2 😄✌️,,https://www.threads.com/@komrad_ipin/post/DSfJPAWliRC,DSfJPAWliRC,neutral,,0,0,0,0,0.5,0,,neutral,0.5802008509635925,english,Mixed/Urban,happy,0.23969388008117676,0.06022050604224205,0.5399593710899353,0.011330485343933105,0.09265506267547607,0.01549365185201168
threads,comment,,"Dalam PN pon dah perang berebut kuasa tu ada hati nak bergabung ..
Dah2 lah masa kuat nak makan orang ..",,https://www.threads.com/@komrad_ipin/post/DSfJPAWliRC,DSfJPAWliRC,negative,,0,0,0,0,0.07754219770431517,0,,negative,0.7415260076522827,multilingual,Unknown,love,0.1496230810880661,0.05568748340010643,0.2196771651506424,0.01579463854432106,0.4016437232494354,0.017923051491379738
threads,comment,,Tuanku Agung suruh bergabung bentuk kerajaan perpaduan pun kau derhaka lagi sembang acah2 konon gabung parti politik.,,https://www.threads.com/@komrad_ipin/post/DSfJPAWliRC,DSfJPAWliRC,neutral,,41,0,1,0,0.5,42,,neutral,0.7071008682250977,english,Mixed/Urban,love,0.0686853900551796,0.01570613868534565,0.03707811236381531,0.024744177237153053,0.4851074516773224,0.03265802562236786
threads,comment,,Benar…setuju statement ni.. mereka yg ingkar..lagi mau tunjuk hero..walaun tersakiti!!,,https://www.threads.com/@komrad_ipin/post/DSfJPAWliRC,DSfJPAWliRC,neutral,,5,0,0,0,0.5,5,,neutral,0.7358648777008057,english,Mixed/Urban,sadness,0.07295118272304535,0.05691951885819435,0.010034802369773388,0.7457971572875977,0.04885825514793396,0.03959424048662186
threads,comment,,Dulu masa pas umno on.pas lari ikut bersatu sebab bersatu byk duit tak kan lupa kot,,https://www.threads.com/@komrad_ipin/post/DSfJPAWliRC,DSfJPAWliRC,neutral,,1,0,0,0,0.5,1,,neutral,0.7467361092567444,english,Mixed/Urban,love,0.04932612180709839,0.03362824767827988,0.04755205661058426,0.03712478280067444,0.7864232063293457,0.02367551624774933
threads,comment,,"PAS JAHAT TAK BOLEH BUAT KAWAN… DAH HABIS PARTI DIA DAH BERGABUNG, BETUL TGKU RAZALIGH KATA PAS PARTI PELACUR",,https://www.threads.com/@komrad_ipin/post/DSfJPAWliRC,DSfJPAWliRC,neutral,,0,0,0,0,0.5,0,,neutral,0.6568074226379395,malay,Malay/Bumiputera,fear,0.08822314441204071,0.6136413216590881,0.02563779428601265,0.024883586913347244,0.015791039913892746,0.1675705462694168
threads,comment,,Kesihan lh cmnie..politik  setiap detik kn berubah..kawan leh jd lawan..,,https://www.threads.com/@komrad_ipin/post/DSfJPAWliRC,DSfJPAWliRC,neutral,,0,0,0,0,0.5,0,,neutral,0.8032307624816895,english,Mixed/Urban,love,0.0318242572247982,0.009973080828785896,0.022952482104301453,0.016013897955417633,0.798901379108429,0.027145085856318474
threads,comment,,Pas aja btol Bersatu nak kuasa PN bole la sikit toleransi,,https://www.threads.com/@komrad_ipin/post/DSfJPAWliRC,DSfJPAWliRC,neutral,,0,0,0,0,0.5,0,,neutral,0.7942938208580017,english,Mixed/Urban,love,0.049622543156147,0.028632521629333496,0.08017576485872269,0.01736450381577015,0.7202557325363159,0.021390482783317566
threads,comment,,bangang,,https://www.threads.com/@komrad_ipin/post/DSfJPAWliRC,DSfJPAWliRC,negative,,0,0,0,0,0.17520434707403182,0,,negative,0.41598550975322723,multilingual,Unknown,love,0.150316521525383,0.0934688150882721,0.1455487161874771,0.06859291344881058,0.2950294315814972,0.0841354951262474
threads,comment,,Nyata2 Zahid sdh pastikan dlm Bersatu adalah PNgkhianat2 Umno lg nk bergabung.Zahid cerdiklah,,https://www.threads.com/@komrad_ipin/post/DSfJPAWliRC,DSfJPAWliRC,negative,,0,0,0,0,0.0005067944526672141,0,,negative,0.9983106851577759,malay,Malay/Bumiputera,no_clear_emotion,0.13269169628620148,0.022578401491045952,0.07862544804811478,0.06923273205757141,0.25941184163093567,0.03650343790650368
threads,comment,,ingat lah bangsat mana yg KHIANAT MN...bukan UMNO,,https://www.threads.com/@komrad_ipin/post/DSfJPAWliRC,DSfJPAWliRC,neutral,,2,0,0,0,0.5,2,,neutral,0.781153678894043,english,Mixed/Urban,love,0.0688209980726242,0.022616665810346603,0.03135901317000389,0.033541250973939896,0.6960843801498413,0.03763894364237785
threads,comment,,dah tikam umno pastu ajak baik2.. jilake,,https://www.threads.com/@komrad_ipin/post/DSfJPAWliRC,DSfJPAWliRC,negative,,0,0,0,0,0.11665075421333312,0,,negative,0.6111641526222229,multilingual,Unknown,love,0.08595886081457138,0.03971582651138306,0.08351382613182068,0.03636538237333298,0.6402546763420105,0.03690609335899353
threads,comment,,.. . siapa yang berguling2 atas jalanraya bersama DAP... sebelum PRU14..demi utk jatuhkan kuasa Melayu 😁 deyyyyyyyyyy pooooo 💩 daah,,https://www.threads.com/@komrad_ipin/post/DSfJPAWliRC,DSfJPAWliRC,negative,,0,0,0,0,0.03683201372623446,0,,negative,0.8772266209125519,multilingual,Unknown,no_clear_emotion,0.09665326029062271,0.018604185432195663,0.047628507018089294,0.03316295146942139,0.16903087496757507,0.03110416978597641
threads,comment,,Kau tak tanya Kat kepala bersatu dan kepala PAS ke?,,https://www.threads.com/@komrad_ipin/post/DSfJPAWliRC,DSfJPAWliRC,negative,,0,0,0,0,0.0004807412624359131,0,,negative,0.9983975291252136,malay,Malay/Bumiputera,surprise,0.05344335362315178,0.03476253151893616,0.013923617079854012,0.05998484417796135,0.2439887970685959,0.3534497618675232
threads,comment,,Eh eh kau .....dh Memang pas pn yg tknk Bersatu padu ...apa sbb?..rupanya ada sbb....Agung suruh Bersatu padu tknk....last2 meroyannn...meroyan situ spai mampos jgn berangan nk berkuasa...puiiii...walauuun🤣,,https://www.threads.com/@komrad_ipin/post/DSfJPAWliRC,DSfJPAWliRC,negative,,4,0,0,0,0.0005055069923400879,4,,negative,0.9983149766921997,malay,Malay/Bumiputera,no_clear_emotion,0.0832711011171341,0.057776276022195816,0.04379848763346672,0.04434552788734436,0.2946310043334961,0.08659738302230835
threads,comment,,"Kau yang nak,tuan hj dan abah kau tak nak,kau saja pipi tersorong sorong,kau dah tahu pun kan saja kau nak jadi isu hehehe ,perlembagaan negara dijunjung",,https://www.threads.com/@komrad_ipin/post/DSfJPAWliRC,DSfJPAWliRC,neutral,,0,0,0,0,0.5,0,,neutral,0.7738595604896545,english,Mixed/Urban,love,0.24423670768737793,0.02712135948240757,0.04765622317790985,0.04260702803730965,0.4580928385257721,0.02492038905620575
threads,comment,,PAS n BERSATU kuat kencing,,https://www.threads.com/@komrad_ipin/post/DSfJPAWliRC,DSfJPAWliRC,neutral,,1,0,0,0,0.5,1,,neutral,0.7814850807189941,english,Mixed/Urban,happy,0.10915710031986237,0.17182564735412598,0.302898645401001,0.021870125085115433,0.2687680721282959,0.029964638873934746
threads,comment,,ko borak apa mat,,https://www.threads.com/@komrad_ipin/post/DSfJPAWliRC,DSfJPAWliRC,neutral,,0,0,0,0,0.5,0,,neutral,0.8371366262435913,english,Mixed/Urban,love,0.19492104649543762,0.058609090745449066,0.1355503499507904,0.03878152370452881,0.33869537711143494,0.036131586879491806
threads,comment,,Ko rasa ko nak x joint kembali kwn2 yg telah khianatkan ko...ko rasa mcmana..,,https://www.threads.com/@komrad_ipin/post/DSfJPAWliRC,DSfJPAWliRC,neutral,,1,0,0,0,0.5,1,,neutral,0.9094609022140503,english,Mixed/Urban,sadness,0.06022177264094353,0.01979758031666279,0.011417067609727383,0.834015429019928,0.03425101935863495,0.017467496916651726
threads,comment,,Melayu Bersatu dalam Madani jangan Bersatu dengan PASBERSATU,,https://www.threads.com/@komrad_ipin/post/DSfJPAWliRC,DSfJPAWliRC,neutral,,1,0,0,0,0.5,1,,neutral,0.9966811537742615,malay,Malay/Bumiputera,love,0.19606918096542358,0.020452292636036873,0.05949537828564644,0.0594768263399601,0.44688481092453003,0.028521878644824028
threads,comment,,Kenapa pas tak nak bergabung dengan amanah? Tiba umno kena bergabung dengan bersatu??? Pundek,,https://www.threads.com/@komrad_ipin/post/DSfJPAWliRC,DSfJPAWliRC,negative,,0,0,1,0,0.08278959095478058,1,,negative,0.7240346968173981,multilingual,Unknown,surprise,0.12304219603538513,0.12115420401096344,0.0423467718064785,0.13874658942222595,0.1175137311220169,0.24411557614803314
threads,comment,,"Sape kata tak nak? Kalau PAN tidak bersama DAP, Pas okay jer..",,https://www.threads.com/@komrad_ipin/post/DSfJPAWliRC,DSfJPAWliRC,negative,,0,0,0,0,0.06625406742095946,0,,negative,0.7791531085968018,malay,Malay/Bumiputera,love,0.1068480983376503,0.03694142773747444,0.02760637179017067,0.09635414183139801,0.5653585195541382,0.07623370736837387
threads,comment,,Pas Dan Bersatu dah khianati UMNO ..kan gitu ..,,https://www.threads.com/@komrad_ipin/post/DSfJPAWliRC,DSfJPAWliRC,negative,,0,0,0,0,0.06922321021556854,0,,negative,0.7692559659481049,multilingual,Unknown,love,0.12140680104494095,0.016766667366027832,0.06048014014959335,0.041026804596185684,0.48893165588378906,0.030297385528683662
threads,comment,,"Dulu Bersatu la yg.tak nak Umno. Pas pun sama .. Sekarang ni...nk pula. Npknya sesama pemimpin ni berbelit2 tak kiralah Umno ke Pas ke... Bersatu ke.. 
Rakyat yg npknya bersungguh2 Nk kan Penyatuan. Apalah kesudahannya...",,https://www.threads.com/@komrad_ipin/post/DSfJPAWliRC,DSfJPAWliRC,negative,,0,0,0,0,0.07114049792289734,0,,negative,0.7628650069236755,multilingual,Unknown,surprise,0.02482840046286583,0.06942790746688843,0.015655577182769775,0.04788437858223915,0.08146315813064575,0.5247929096221924
threads,comment,,"Sambungan...
Lu Olang tak lak akai looo.
Melayu adalah bangsa yg tak boleh dipercayai..kepala otak ..Katak...melompat saja.Padan Muka Melayu.
Dari ahli UMNO tahun 1967.",,https://www.threads.com/@komrad_ipin/post/DSfJPAWliRC,DSfJPAWliRC,negative,,0,0,0,0,0.0004885375499725231,0,,negative,0.9983715415000916,malay,Malay/Bumiputera,fear,0.24492453038692474,0.4191322326660156,0.034368377178907394,0.03016781434416771,0.04352036863565445,0.12895013391971588
threads,comment,,PAS lah yang cakap UMNO kafir...jangan lupa pulak..,,https://www.threads.com/@komrad_ipin/post/DSfJPAWliRC,DSfJPAWliRC,negative,,3,0,0,0,0.15447236448526383,3,,negative,0.4850921183824539,multilingual,Unknown,love,0.1463027447462082,0.0181130263954401,0.054168544709682465,0.06458695232868195,0.45641979575157166,0.030208401381969452
threads,comment,,Kepala butoh..cukup2 la jadi munafik .,,https://www.threads.com/@komrad_ipin/post/DSfJPAWliRC,DSfJPAWliRC,neutral,,1,0,0,0,0.5,1,,neutral,0.7346529364585876,english,Mixed/Urban,love,0.17960427701473236,0.025711070746183395,0.09886496514081955,0.055135227739810944,0.3484298884868622,0.034049566835165024
threads,comment,,Awat tak jemput PAN masa tu??..PAS xnak??..,,https://www.threads.com/@komrad_ipin/post/DSfJPAWliRC,DSfJPAWliRC,negative,,0,0,0,0,0.000800049304962136,0,,negative,0.9973331689834595,malay,Malay/Bumiputera,surprise,0.010360894724726677,0.04874739050865173,0.01185807678848505,0.03656233847141266,0.019685279577970505,0.8400068283081055
threads,comment,,Semua berasal dari umno,,https://www.threads.com/@komrad_ipin/post/DSfJPAWliRC,DSfJPAWliRC,neutral,,0,0,0,0,0.5,0,,neutral,0.7813244462013245,english,Mixed/Urban,love,0.10162121802568436,0.024053264409303665,0.10967597365379333,0.03186866268515587,0.38228923082351685,0.020998885855078697
threads,comment,,"Ya,memang betul.UMNO tidak Mahu sebab:-
Dari tahun 50an,ahli ahli UMNO  telah keluar dari parti dan menubuhkan  PAS .Mereka telah mengkhabarkan UMNO.Begitu juga Bersatu ahli2 nya org UMNO juga.Pengkhisnat..
Sekarang hendak bersatu pula...PAS, BERSATU dan UMNO.Persetankanlah Idealogy Ini.Taik akan bercampur dgn bangkai dan diangkat jadi makhluk HARAM JADAH.
Jauh panggang dari api atau tinggi lagi langit dari bumi.
Fikir fikirlah dgn otak yg kelambut.
Cina Tepok tangan .Waaa lu manyak babut looo.",,https://www.threads.com/@komrad_ipin/post/DSfJPAWliRC,DSfJPAWliRC,negative,,0,0,0,0,0.0005050063133239524,0,,negative,0.9983166456222534,malay,Malay/Bumiputera,anger,0.344757616519928,0.15663087368011475,0.06193655729293823,0.05608250945806503,0.19504448771476746,0.03909006342291832
threads,comment,,"Insyaallah kaum melayu tidak kira lah parti apa akan tetap bersatu apabila mereka benar benar tersepit dalam kemelut politik survival ini..

Kaum melayu telah pun mengharungi berbagai peristiwa pahit sejak dahulu lagi dan kaum melayu tetap berjaya mengatasi ujian yang berat, walaupun kaum melayu munafik yang sedikit bilangan nya terus berusaha mengagalkan usaha penyatuan kaum melayu dengan berbagai bagai kaedah dan alasan…

Hanya masa saja yang akan menentukan..",,https://www.threads.com/@komrad_ipin/post/DSfJPAWliRC,DSfJPAWliRC,negative,,0,0,0,0,0.0004893243312835693,0,,negative,0.9983689188957214,malay,Malay/Bumiputera,anger,0.3015948235988617,0.256994366645813,0.1055779829621315,0.10964672267436981,0.13269805908203125,0.01829681172966957
threads,comment,,Admin ni bodoh dan bangang...jgn cuba nk bodohkan org pula...sejarahnya ada..cerita sebenar ada...kau jgn nak buat naratif yg menunjukkan parti sesat kau tu suci dan betul...,,https://www.threads.com/@komrad_ipin/post/DSfJPAWliRC,DSfJPAWliRC,neutral,,0,0,0,0,0.5,0,,neutral,0.7895241379737854,english,Mixed/Urban,anger,0.30695828795433044,0.023996388539671898,0.09822339564561844,0.05678241327404976,0.22057004272937775,0.032367270439863205
threads,comment,3.72801876772112e+18,"Mmg sepatutnya di beri pada PAS memerintah selama sepenggal untuk rakyat M'sia dpt menilai sendiri,,semua parti sblm ni dah memerintah ini kali bagi PAS plk
Walaupun beliau hanya melontar pendapat dr lubuk hati tapi yakin lah kamu selepas ini kamu akn digelar ""Walaun"" sama mcm kami yg brada didalam PAS ni dan bukan lakon2.. 😂😂😂.. Alhamdullillah, PRO PASPN.",https://www.threads.com/@poklan5858/post/DO8lVE-AcAE,https://www.threads.com/@poklan5858/post/DO8lVE-AcAE,DO8lVE-AcAE,negative,,330,0,76,0,0.0005085110664367898,406,,negative,0.9983049631118774,malay,Malay/Bumiputera,no_clear_emotion,0.02032168209552765,0.04434394836425781,0.22995033860206604,0.01233903132379055,0.2363625019788742,0.1035384088754654
threads,comment,,Sekadar teguran buat parti politik 🤑,,https://www.threads.com/@poklan5858/post/DO8lVE-AcAE,DO8lVE-AcAE,neutral,,3,0,2,0,0.5,5,,neutral,0.7311666011810303,english,Mixed/Urban,no_clear_emotion,0.03118671290576458,0.016793405637145042,0.049079909920692444,0.022499313578009605,0.3425869345664978,0.048277758061885834
threads,comment,,"4Negeri yg Di perintah Pas Jadi apa?
Kelantan SMP Kini tak Ada lebih Raya kenapa?",,https://www.threads.com/@poklan5858/post/DO8lVE-AcAE,DO8lVE-AcAE,negative,,5,0,1,0,0.000485873222351052,6,,negative,0.9983804225921631,malay,Malay/Bumiputera,surprise,0.026368357241153717,0.09626880288124084,0.023828022181987762,0.0675366148352623,0.2079956978559494,0.4154914915561676
threads,comment,,Jd apa?? Bagi tau sat .,,https://www.threads.com/@poklan5858/post/DO8lVE-AcAE,DO8lVE-AcAE,neutral,,0,0,0,0,0.5,0,,neutral,0.8747116327285767,english,Mixed/Urban,love,0.04381169378757477,0.015185926109552383,0.01818927563726902,0.02837158553302288,0.5341259837150574,0.056710388511419296
threads,comment,,"🔥 Ramai orang cakap susah nak cari… so aku share terus, nanti korang tak pening cari lagi — pelurus rambut basah ni 😍💇✨ Stok makin laju habis, jangan tunggu nanti SOLD OUT 😱‼️
👉 https://s.shopee.com.my/Le5YW28f9",,https://www.threads.com/@poklan5858/post/DO8lVE-AcAE,DO8lVE-AcAE,positive,,0,0,0,0,0.9840213298797607,0,,positive,0.9467377662658691,english,Mixed/Urban,fear,0.029172683134675026,0.4907485246658325,0.01757987029850483,0.11335314065217972,0.06331262737512589,0.25196874141693115
threads,comment,,Betul sepatutnya kita beri peluang pada Pas selepas apa yang berlaku sejak akhir akhir ini.,,https://www.threads.com/@poklan5858/post/DO8lVE-AcAE,DO8lVE-AcAE,positive,,0,0,0,0,0.9993235290050506,0,,positive,0.9977450966835022,malay,Malay/Bumiputera,love,0.038381919264793396,0.01851850561797619,0.08031495660543442,0.022624976933002472,0.4976119101047516,0.02708546817302704
threads,comment,,tgk negeri dijaga pun...hmmmmm,,https://www.threads.com/@poklan5858/post/DO8lVE-AcAE,DO8lVE-AcAE,neutral,,1,0,0,0,0.5,1,,neutral,0.8202487230300903,english,Mixed/Urban,no_clear_emotion,0.02878006547689438,0.038105327636003494,0.10736297816038132,0.017128076404333115,0.11150600016117096,0.15807203948497772
threads,comment,,Nk tgu negara betul2 hancur baru puas hati bereksperimen?,,https://www.threads.com/@poklan5858/post/DO8lVE-AcAE,DO8lVE-AcAE,neutral,,1,0,0,0,0.5,1,,neutral,0.7960816025733948,english,Mixed/Urban,anger,0.3849841356277466,0.2619767487049103,0.0814654529094696,0.14291943609714508,0.07068905979394913,0.022263579070568085
threads,comment,,PN,,https://www.threads.com/@poklan5858/post/DO8lVE-AcAE,DO8lVE-AcAE,positive,,0,0,0,0,0.8742986142635345,0,,positive,0.5809953808784485,multilingual,Unknown,no_clear_emotion,0.12006327509880066,0.08683126419782639,0.07372994720935822,0.04592568799853325,0.2696164846420288,0.07232692092657089
threads,comment,,Maleh aku.... Pas apa je boleh buat... X de contoh terbaik... 😂😂😂😂,,https://www.threads.com/@poklan5858/post/DO8lVE-AcAE,DO8lVE-AcAE,negative,,0,0,0,0,0.011041599512100209,0,,negative,0.9631946682929993,malay,Malay/Bumiputera,love,0.03901425749063492,0.0904022753238678,0.015235531143844128,0.0730179026722908,0.42611318826675415,0.27747878432273865
threads,comment,,"bg la cukup jumbeloh dulu kalau nk perintah sendiri. ni xckup jumbeloh, pstu nk gabung dgn parti lain pon takmau, pastu nak jd pm. buat negara sndiri la cmtu pstu buat perlembagaan sendiri.",,https://www.threads.com/@poklan5858/post/DO8lVE-AcAE,DO8lVE-AcAE,negative,,2,0,0,0,0.0005122840404510609,2,,negative,0.9982923865318298,malay,Malay/Bumiputera,fear,0.06246957182884216,0.6208653450012207,0.015431077219545841,0.025665292516350746,0.030579302459955215,0.16859523952007294
threads,comment,3.7240039794468547e+18,"PAS YANG MENGKHIANATI MUAFAKAT NASIONAL 

Kerana wang Pas sanggup meninggalkan penyatuan orang Melayu dalam Muafakat Nasional",https://www.threads.com/@sufyaini/post/DOuUeOBEiQb,https://www.threads.com/@sufyaini/post/DOuUeOBEiQb,DOuUeOBEiQb,neutral,,59,0,53,0,0.5,112,,neutral,0.8415668606758118,english,Mixed/Urban,love,0.09564030915498734,0.03164344280958176,0.04281625896692276,0.24956369400024414,0.3092379570007324,0.03703708201646805
threads,comment,,"si acap nie.. Semua org tahu cerita la acap oi.. Yg zahid letakkan syarat klu nk umno join, syarat nye lepaskan 47kes Die tu.. Anwar je yg sanggup buat, tu yg jadi umdap.. Sbb bole je zahid pilih utk join pas n bersatu..",,https://www.threads.com/@sufyaini/post/DOuUeOBEiQb,DOuUeOBEiQb,neutral,,7,0,0,0,0.5,7,,neutral,0.7719963192939758,english,Mixed/Urban,no_clear_emotion,0.03358696401119232,0.013440779410302639,0.03004845790565014,0.015515003353357315,0.41275423765182495,0.03819412365555763
threads,comment,,Antara pakistan jual karpet kelentong dgn org darah pakistan kuat kelentong dan nasi pakistan..aku pilih nasi pakistan,,https://www.threads.com/@sufyaini/post/DOuUeOBEiQb,DOuUeOBEiQb,negative,,1,0,0,0,0.05813652724027635,1,,negative,0.8062115758657455,multilingual,Unknown,love,0.03412216529250145,0.010474225506186485,0.026944536715745926,0.011630467139184475,0.8485021591186523,0.013674339279532433
threads,comment,,Pas jugak disalahkan😂😂😂😂😂😂😂masa midin jd pm spe beria suh buat pru dan ugut klo x…mereka tarik sokongan…sudah nya midin letak jawatan bg ismail sabri…spe yg mengkhianati muafakat nasional masa tuu😂😂😂😂😂😂😂😂😂😂sbb midin xnk kompromi dlm 47 kes yg sdang berjalan…masing2 ugut nk tarik sokongan😂😂😂😂😂😂😂bila da abis pru gabung ngn cikgu plak😂😂😂😂😂😂😂btol2 anjing tersepit…,,https://www.threads.com/@sufyaini/post/DOuUeOBEiQb,DOuUeOBEiQb,negative,,2,0,0,0,0.0005069017410278542,2,,negative,0.9983103275299072,malay,Malay/Bumiputera,no_clear_emotion,0.25982630252838135,0.03595738857984543,0.0584908053278923,0.043510936200618744,0.2061268389225006,0.03606847673654556
threads,comment,,Yg Provok Siang Malam & Cepat2 Tinggalkan Saudara SeIslam Memilih Si Kafir DAP Tu Tak Mengkhianati MUAFAKAT ? ATAU Kamu Takut President Kamu Dipenjara Sptmn PH 1.0 Telah Buat Kpd DS Najib ? Kah Kah Kah,,https://www.threads.com/@sufyaini/post/DOuUeOBEiQb,DOuUeOBEiQb,negative,,14,0,0,0,0.04645465314388275,14,,negative,0.8451511561870575,multilingual,Unknown,sadness,0.02399473637342453,0.0240478552877903,0.008483854122459888,0.8897470235824585,0.02439456805586815,0.01688450388610363
threads,comment,,Umnon tak bole sakau kalo gabung pas sbb tu umnon panas dan tggalkan MN🤣🤣🤣,,https://www.threads.com/@sufyaini/post/DOuUeOBEiQb,DOuUeOBEiQb,negative,,3,0,0,0,0.0004930794239044189,3,,negative,0.9983564019203186,malay,Malay/Bumiputera,anger,0.6394450664520264,0.05998212844133377,0.05161428079009056,0.012906786054372787,0.08904150873422623,0.026155970990657806
threads,comment,,"Mana asas tuduhan, jangan jadi MUNAFIK atas kepentingan sendiri...",,https://www.threads.com/@sufyaini/post/DOuUeOBEiQb,DOuUeOBEiQb,positive,,0,0,0,0,0.8250431314110755,0,,positive,0.41681043803691864,multilingual,Unknown,love,0.2274899184703827,0.020324643701314926,0.06610647588968277,0.044867854565382004,0.46164506673812866,0.023301690816879272
threads,comment,,Bukan UMNO ke yang tinggalkan MN sebab tak nak bersama dengan BERSATU? Fitnah apa ni?,,https://www.threads.com/@sufyaini/post/DOuUeOBEiQb,DOuUeOBEiQb,negative,,2,0,0,0,0.04174734503030775,2,,negative,0.8608421832323074,multilingual,Unknown,sadness,0.01835043355822563,0.02509274333715439,0.007971732877194881,0.9022159576416016,0.02020496316254139,0.015565970912575722
threads,comment,,Gile dh seraf ni...umno kena sita melalui ismail sabri 170juta bro...,,https://www.threads.com/@sufyaini/post/DOuUeOBEiQb,DOuUeOBEiQb,neutral,,1,0,0,0,0.5,1,,neutral,0.6625387072563171,english,Mixed/Urban,love,0.1061728224158287,0.02041872777044773,0.04926026239991188,0.028976116329431534,0.5286816358566284,0.01663578301668167
threads,comment,,Baik tumpu tempat NK bertanding Pru ..,,https://www.threads.com/@sufyaini/post/DOuUeOBEiQb,DOuUeOBEiQb,positive,,0,0,0,0,0.8602475494146347,0,,positive,0.5341584980487823,multilingual,Unknown,happy,0.034780554473400116,0.030115371569991112,0.6320603489875793,0.01063424814492464,0.20952878892421722,0.017246386036276817
threads,comment,,"Tan Sri anuar Musa dan Dato' Sri Shahidan ada jawapan nya,.....",,https://www.threads.com/@sufyaini/post/DOuUeOBEiQb,DOuUeOBEiQb,neutral,,1,0,0,0,0.5,1,,neutral,0.9327182769775391,malay,Malay/Bumiputera,love,0.0309140682220459,0.01172926090657711,0.0474160835146904,0.01542684156447649,0.5498838424682617,0.023656470701098442
threads,comment,,SIAPA TINGGAL SIAPA...WAJIDI...,,https://www.threads.com/@sufyaini/post/DOuUeOBEiQb,DOuUeOBEiQb,neutral,,0,0,0,0,0.5,0,,neutral,0.7367638349533081,english,Mixed/Urban,anger,0.4454192817211151,0.03201165422797203,0.08967792987823486,0.03604039177298546,0.09749627113342285,0.023908859118819237
threads,comment,,buktikan?… rasanya tak pernah lagi mereka² semua terpalik kes rasuah atau saag guna kuasa.,,https://www.threads.com/@sufyaini/post/DOuUeOBEiQb,DOuUeOBEiQb,negative,,0,0,0,0,0.0005009829998016135,0,,negative,0.9983300566673279,malay,Malay/Bumiputera,surprise,0.007870014756917953,0.03483019769191742,0.010608810931444168,0.0304215420037508,0.030911479145288467,0.8396543860435486
threads,comment,,lahhh..tibberrr..,,https://www.threads.com/@sufyaini/post/DOuUeOBEiQb,DOuUeOBEiQb,neutral,,0,0,0,0,0.5,0,,neutral,0.7147038578987122,english,Mixed/Urban,love,0.12269618362188339,0.030537553131580353,0.039698198437690735,0.02191372774541378,0.547457754611969,0.028246186673641205
threads,comment,,"Hahaha...tkyah lah nk meng""ANUAR ANUAR"" kan kami ni....kami kenal dh skrg ni.....",,https://www.threads.com/@sufyaini/post/DOuUeOBEiQb,DOuUeOBEiQb,negative,,4,0,0,0,0.04906852841377257,4,,negative,0.8364382386207581,multilingual,Unknown,love,0.046342041343450546,0.02167559415102005,0.01577625796198845,0.05140393599867821,0.7259916663169861,0.08555281907320023
threads,comment,,Haha kau borak yang politik wang nih umno 😂😂 Tak yah bgthu pon rakyat dh tau,,https://www.threads.com/@sufyaini/post/DOuUeOBEiQb,DOuUeOBEiQb,neutral,,1,0,0,0,0.5,1,,neutral,0.5901347994804382,english,Mixed/Urban,love,0.23871444165706635,0.025811443105340004,0.05582909658551216,0.07592064887285233,0.42102354764938354,0.03503136336803436
threads,comment,,Rakyat dah tau dah .x yah kasi alasan.,,https://www.threads.com/@sufyaini/post/DOuUeOBEiQb,DOuUeOBEiQb,neutral,,4,0,0,0,0.5,4,,neutral,0.7313024401664734,english,Mixed/Urban,sadness,0.16319914162158966,0.12196172773838043,0.019555585458874702,0.3720546364784241,0.2251577526330948,0.042324066162109375
threads,comment,,"Yang sakau tu kamu puak umngok, peruntukkan pun tak bagi kata orang tamakkan duit, cukuplah rakyat dah tahu siapa kaki sakau wang negara",,https://www.threads.com/@sufyaini/post/DOuUeOBEiQb,DOuUeOBEiQb,neutral,,13,0,0,0,0.5,13,,neutral,0.7813704013824463,english,Mixed/Urban,surprise,0.041612736880779266,0.060909122228622437,0.017555784434080124,0.05291125550866127,0.25718986988067627,0.29073891043663025
threads,comment,,Ni statement mengata atau fitnah ni.,,https://www.threads.com/@sufyaini/post/DOuUeOBEiQb,DOuUeOBEiQb,neutral,,0,0,0,0,0.5,0,,neutral,0.8342469930648804,english,Mixed/Urban,no_clear_emotion,0.2279793918132782,0.02192414551973343,0.08364426344633102,0.04707860201597214,0.23569056391716003,0.037058040499687195
threads,comment,,"Kalau pas nak duit, dah lama join PH jadi kerajaan dulu.",,https://www.threads.com/@sufyaini/post/DOuUeOBEiQb,DOuUeOBEiQb,neutral,,11,0,1,0,0.5,12,,neutral,0.8265491127967834,english,Mixed/Urban,love,0.054964952170848846,0.015665845945477486,0.029958533123135567,0.030896741896867752,0.7703885436058044,0.028192762285470963
threads,comment,,Setuju!,,https://www.threads.com/@sufyaini/post/DOuUeOBEiQb,DOuUeOBEiQb,negative,,0,0,0,0,0.1444765493273735,0,,negative,0.5184115022420883,multilingual,Unknown,love,0.14245857298374176,0.046349119395017624,0.08235585689544678,0.026661846786737442,0.4260016977787018,0.02949686348438263
threads,comment,,"Pas dan Umno tidak salah. Pengkhianat yg salah. Krg igt pengkhianat senang hati ka klau Pas dan Umno ni bersatu. Menggulupur puak2 pembenci islam dan si kitol dengar. Pro Umno salahkan Pas, pro Pas salahkan Umno. Pdahal ada si kitol yg jd punca muafakat nasional ni rosak.",,https://www.threads.com/@sufyaini/post/DOuUeOBEiQb,DOuUeOBEiQb,negative,,0,0,0,0,0.0005102097988128884,0,,negative,0.9982993006706238,malay,Malay/Bumiputera,anger,0.4722665548324585,0.026649432256817818,0.056525085121393204,0.07560037821531296,0.22725538909435272,0.020200755447149277
threads,comment,,Mudah je.. PAS x nk pemimpin rasuah 47 kes dan barua DAP..,,https://www.threads.com/@sufyaini/post/DOuUeOBEiQb,DOuUeOBEiQb,negative,,1,0,0,0,0.17207781225442886,1,,negative,0.4264072924852371,multilingual,Unknown,love,0.17625978589057922,0.021008936688303947,0.08043871819972992,0.052089791744947433,0.35522758960723877,0.0372946634888649
threads,comment,,Ckp depan cermin. Wak pornorogo awal2 lg dh deal dgn anwar.wak ni kalo depan pas mmg berlakon hebat.,,https://www.threads.com/@sufyaini/post/DOuUeOBEiQb,DOuUeOBEiQb,neutral,,10,0,0,0,0.5,10,,neutral,0.8183109760284424,english,Mixed/Urban,love,0.0209296066313982,0.007161970250308514,0.046861231327056885,0.010122585110366344,0.7682167291641235,0.022079242393374443
threads,comment,,dia ni pun sudah pandai menipu juga dah setakat berkawan dengan walanon kesiannn dia,,https://www.threads.com/@sufyaini/post/DOuUeOBEiQb,DOuUeOBEiQb,negative,,2,0,0,0,0.0004992306232452504,2,,negative,0.9983358979225159,malay,Malay/Bumiputera,love,0.09840044379234314,0.022413471713662148,0.042606208473443985,0.039727501571178436,0.5807743668556213,0.031222235411405563
threads,comment,,"Jgn dok puaing fakta la. Pas dah ajak umno bersama sekali bersaru. Tp umno tolak sebab masih ada bersatu dlm MN, kau masih lg nak belit faktar nak salqh org lain. Dah tak laku dah alasan kau",,https://www.threads.com/@sufyaini/post/DOuUeOBEiQb,DOuUeOBEiQb,neutral,,6,0,0,0,0.5,6,,neutral,0.7258154153823853,english,Mixed/Urban,sadness,0.0819266140460968,0.2963281273841858,0.011730886995792389,0.3087337911128998,0.05861056596040726,0.20396949350833893
threads,comment,,PAS bukan pelahap bukan mcm kau org semua habis tanah Melayu nak dijual nya. Mana katanya parti yg membela nasib org Melayu,,https://www.threads.com/@sufyaini/post/DOuUeOBEiQb,DOuUeOBEiQb,neutral,,7,0,0,0,0.5,7,,neutral,0.7884513735771179,english,Mixed/Urban,love,0.11563533544540405,0.01700013503432274,0.06341489404439926,0.04240085929632187,0.5573604702949524,0.025186434388160706
threads,comment,,Org lain dah tahu cerita sebenar...tak perlu nk spin,,https://www.threads.com/@sufyaini/post/DOuUeOBEiQb,DOuUeOBEiQb,neutral,,2,0,0,0,0.5,2,,neutral,0.8234620690345764,english,Mixed/Urban,fear,0.03600633516907692,0.36818230152130127,0.03678569197654724,0.1191391795873642,0.05290931835770607,0.31296947598457336
threads,comment,,"Pas skg ada atok madey yg bnyk $$$$$$, janji masyukkkkk,  nk perkasakn tempolok2 lowby,,,,,",,https://www.threads.com/@sufyaini/post/DOuUeOBEiQb,DOuUeOBEiQb,negative,,2,0,3,0,0.07256792485713959,5,,negative,0.758106917142868,multilingual,Unknown,love,0.09883973002433777,0.13871712982654572,0.06941778212785721,0.035015709698200226,0.41146135330200195,0.043406736105680466
threads,comment,,Juak2 ko jer yang  percaya,,https://www.threads.com/@sufyaini/post/DOuUeOBEiQb,DOuUeOBEiQb,negative,,2,0,0,0,0.0009115040302276611,2,,negative,0.9969616532325745,malay,Malay/Bumiputera,surprise,0.020808599889278412,0.07849762588739395,0.05081666260957718,0.014354721643030643,0.042016010731458664,0.5954916477203369
threads,comment,,Sedap dah lod pada wk jahi ni,,https://www.threads.com/@sufyaini/post/DOuUeOBEiQb,DOuUeOBEiQb,negative,,0,0,0,0,0.09618061780929565,0,,negative,0.6793979406356812,multilingual,Unknown,sadness,0.01568920537829399,0.02642027661204338,0.006235427688807249,0.9194822907447815,0.011100517585873604,0.01329641044139862
threads,comment,,buta mata hati umdap mantap ni,,https://www.threads.com/@sufyaini/post/DOuUeOBEiQb,DOuUeOBEiQb,neutral,,3,0,0,0,0.5,3,,neutral,0.797380805015564,english,Mixed/Urban,happy,0.017199615016579628,0.0828263908624649,0.8196133375167847,0.00982743687927723,0.03355244919657707,0.021484853699803352
threads,comment,,puak bodoh ni tak sudah2 fitnah org..,,https://www.threads.com/@sufyaini/post/DOuUeOBEiQb,DOuUeOBEiQb,neutral,,2,0,0,0,0.5,2,,neutral,0.762023389339447,english,Mixed/Urban,love,0.2697933316230774,0.027805320918560028,0.08287026733160019,0.09502370655536652,0.28178083896636963,0.038989219814538956
threads,comment,3.794978212090607e+18,Alhamdulilah PAS parti yang tegas. Yang zsokong besang presideng terus dia buang! Syukur keberkesanan Qunut Nazillah. Hancurlah penunggang agama!!!!,https://www.threads.com/@al_habsyi_news/post/DSqeJPGAfbf,https://www.threads.com/@al_habsyi_news/post/DSqeJPGAfbf,DSqeJPGAfbf,negative,,48,0,27,0,0.0006655275821685902,75,,negative,0.9977815747261047,malay,Malay/Bumiputera,love,0.1080654188990593,0.05871690437197685,0.23132748901844025,0.022042138502001762,0.3515048921108246,0.020734582096338272
threads,comment,,Undang2 apa nembolehkan bye election setakat dipecat parti,,https://www.threads.com/@al_habsyi_news/post/DSqeJPGAfbf,DSqeJPGAfbf,negative,,0,0,1,0,0.00048776865005495385,1,,negative,0.9983741044998169,malay,Malay/Bumiputera,love,0.16554471850395203,0.02365805394947529,0.07549886405467987,0.03749026730656624,0.364922434091568,0.03194091096520424
threads,comment,,Nenggiri,,https://www.threads.com/@al_habsyi_news/post/DSqeJPGAfbf,DSqeJPGAfbf,neutral,,2,0,0,0,0.5,2,,neutral,0.6062172651290894,english,Mixed/Urban,no_clear_emotion,0.17891466617584229,0.12730824947357178,0.11995775252580643,0.09700259566307068,0.1797783076763153,0.11074929684400558
threads,comment,,"Kesan parti yg memperjuang kan islam ,tidak berdolak dalik ,untok buang penyakit yang ada, bukan seperti parti haparak yg tidak tegas ,pelihara yg berpenyakit dalam parti ,yang akan merebak kelak",,https://www.threads.com/@al_habsyi_news/post/DSqeJPGAfbf,DSqeJPGAfbf,negative,,4,0,0,0,0.0004984974861145242,4,,negative,0.9983383417129517,malay,Malay/Bumiputera,anger,0.623878002166748,0.22173365950584412,0.01931474171578884,0.04840458557009697,0.04991592466831207,0.01398858055472374
threads,comment,,Harap2 lepas ini Tuan Presideng sekali dibuang..dan PAS dibubar kan,,https://www.threads.com/@al_habsyi_news/post/DSqeJPGAfbf,DSqeJPGAfbf,negative,,1,0,2,0,0.0006235063076019398,3,,negative,0.9979216456413269,malay,Malay/Bumiputera,sadness,0.029474733397364616,0.02602376788854599,0.008047996088862419,0.8147462606430054,0.05813157558441162,0.03613925352692604
threads,comment,,Ketegasan pas buat kn non2 tersakiti... 🤣🤣🤣,,https://www.threads.com/@al_habsyi_news/post/DSqeJPGAfbf,DSqeJPGAfbf,neutral,,13,0,1,0,0.5,14,,neutral,0.680382251739502,english,Mixed/Urban,sadness,0.0793578177690506,0.04824627935886383,0.01004117913544178,0.7737836837768555,0.04561121016740799,0.023239996284246445
threads,comment,,Sebab depa xsempat nk gunakan 3 stooges tu haha,,https://www.threads.com/@al_habsyi_news/post/DSqeJPGAfbf,DSqeJPGAfbf,negative,,0,0,0,0,0.0004851222038269043,0,,negative,0.9983829259872437,malay,Malay/Bumiputera,fear,0.19829609990119934,0.6364772915840149,0.009907055646181107,0.09403599798679352,0.015252884477376938,0.0322008915245533
threads,comment,,Mereka tidak minat dah dgn PAS,,https://www.threads.com/@al_habsyi_news/post/DSqeJPGAfbf,DSqeJPGAfbf,negative,,0,0,0,0,0.000695013999938987,0,,negative,0.9976832866668701,malay,Malay/Bumiputera,no_clear_emotion,0.21941065788269043,0.04122622683644295,0.07098355144262314,0.063697449862957,0.20934970676898956,0.024539759382605553
threads,comment,,Kejamnya Taliban PAS Afghanistan ni. Dengan umat Islam pun dia tibai. Kalau yg tak sokong Taliban PAS ni nanti kena cop masuk neraka dan kafir la,,https://www.threads.com/@al_habsyi_news/post/DSqeJPGAfbf,DSqeJPGAfbf,negative,,0,0,0,0,0.0005070090293884388,0,,negative,0.9983099699020386,malay,Malay/Bumiputera,anger,0.4787091314792633,0.027006542310118675,0.06721099466085434,0.055127885192632675,0.220228910446167,0.021087562665343285
threads,comment,,Jatuh kapir x?,,https://www.threads.com/@al_habsyi_news/post/DSqeJPGAfbf,DSqeJPGAfbf,neutral,,1,0,0,0,0.5,1,,neutral,0.8934254050254822,english,Mixed/Urban,no_clear_emotion,0.10904721170663834,0.04692927002906799,0.08727463334798813,0.032196044921875,0.2932091951370239,0.02873569168150425
threads,comment,,Musuh dalam gebor,,https://www.threads.com/@al_habsyi_news/post/DSqeJPGAfbf,DSqeJPGAfbf,neutral,,0,0,0,0,0.5,0,,neutral,0.7745615243911743,english,Mixed/Urban,no_clear_emotion,0.13152000308036804,0.038065142929553986,0.07588046789169312,0.027469854801893234,0.31272780895233154,0.024681055918335915
threads,comment,,pengikut mat sabun/mat petai😄,,https://www.threads.com/@al_habsyi_news/post/DSqeJPGAfbf,DSqeJPGAfbf,neutral,,0,0,0,0,0.5,0,,neutral,0.641831636428833,english,Mixed/Urban,no_clear_emotion,0.032343149185180664,0.014314970001578331,0.036736857146024704,0.022052913904190063,0.36799442768096924,0.04717886075377464
threads,comment,,"Byk2 lagi la baca Qunut Nazilah kpd PMX. Kifarah dtg kpd puak2 yg membacanya. Aamiin ya rabb. Takdir, takdir, Takdir kpd 3 ADUN ni.",,https://www.threads.com/@al_habsyi_news/post/DSqeJPGAfbf,DSqeJPGAfbf,neutral,,8,0,4,0,0.5,12,,neutral,0.7847809791564941,english,Mixed/Urban,no_clear_emotion,0.016506340354681015,0.029480554163455963,0.023334279656410217,0.03567223623394966,0.1420571357011795,0.2916175127029419
threads,comment,,Komen bodo barua harbi.,,https://www.threads.com/@al_habsyi_news/post/DSqeJPGAfbf,DSqeJPGAfbf,neutral,,2,0,0,0,0.5,2,,neutral,0.8424627780914307,english,Mixed/Urban,anger,0.45525527000427246,0.02195725403726101,0.11236327886581421,0.033311404287815094,0.17518062889575958,0.02183147333562374
threads,comment,,Ni baru betul.. buang je pengkhianat.. apatah lagi jika makan rasuah.. tak seperti parti lain yg makan rasuah pun dibiarkan terus jadi ahli parti.. yg paling win tu depa ingat walanon tak tahu yg nama depa pun tersabit sama dlm video rasuah albert tei tapi depa tahu walanon akan ttp sokong memBABI buta jer.. 😁,,https://www.threads.com/@al_habsyi_news/post/DSqeJPGAfbf,DSqeJPGAfbf,negative,,10,0,1,0,0.08069339990615845,11,,negative,0.7310220003128052,multilingual,Unknown,no_clear_emotion,0.11464495211839676,0.02184085175395012,0.04164081811904907,0.07486389577388763,0.30009233951568604,0.05479120835661888
threads,comment,,Pas perlu kekalkan adun yg bersih,,https://www.threads.com/@al_habsyi_news/post/DSqeJPGAfbf,DSqeJPGAfbf,neutral,,0,0,1,0,0.5,1,,neutral,0.7340671420097351,english,Mixed/Urban,love,0.03817339986562729,0.018202975392341614,0.22511029243469238,0.015168516896665096,0.5916650891304016,0.019375644624233246
threads,comment,,Setuju tuan.. cuma adun2 tu bukan isu rasuah tapi isu tak hormati pimpinan tanpa sebab2 yg wajar..,,https://www.threads.com/@al_habsyi_news/post/DSqeJPGAfbf,DSqeJPGAfbf,negative,,0,0,0,0,0.15595841109752653,0,,negative,0.4801386296749115,multilingual,Unknown,love,0.057075027376413345,0.014502000994980335,0.01740063913166523,0.019653990864753723,0.5564469695091248,0.09518830478191376
threads,comment,,Kasihan non,,https://www.threads.com/@al_habsyi_news/post/DSqeJPGAfbf,DSqeJPGAfbf,neutral,,3,0,0,0,0.5,3,,neutral,0.5780159831047058,english,Mixed/Urban,love,0.1941850483417511,0.1290379911661148,0.09669864177703857,0.08379478007555008,0.22913451492786407,0.08614261448383331
threads,comment,,Agama baru madani dap bolih masuk surga,,https://www.threads.com/@al_habsyi_news/post/DSqeJPGAfbf,DSqeJPGAfbf,neutral,,3,0,0,0,0.5,3,,neutral,0.7860804796218872,malay,Malay/Bumiputera,love,0.042175162583589554,0.025520000606775284,0.15729786455631256,0.024769816547632217,0.6532288193702698,0.019134407863020897
threads,comment,3.6163172776729334e+18,Penghasut kaum Dari segi apa ? halang sesuatu bangsa bersatu padu Dan menentang ke ? Supaya korang boleh sewenang² tadbir negara Dan diam ikut telunjuk saje ? Siapa rasa senang dengan statement ni ? Dengan isu² berbangkit harapkan kere jaan selesaikan berat sebelah. Tanah nilai 10j dapat free². Perghh pedih mat,https://www.threads.com/@imanxnaim/post/DIvvWdqzYeL,https://www.threads.com/@imanxnaim/post/DIvvWdqzYeL,DIvvWdqzYeL,negative,,377,0,73,0,0.0004838705062866211,450,,negative,0.9983870983123779,malay,Malay/Bumiputera,love,0.3228183686733246,0.029240410774946213,0.06519966572523117,0.03936384618282318,0.3663765788078308,0.021084601059556007
threads,comment,,Menteri Melayu takut hilang kuasa. Takut jd rusuhan kaum. Jd awl2 dia tutup mulut Melayu dulu. Mulut kaum lain dia kenyangkan pun Takpa sebab dorang tau Melayu lembut hati tak merusuh kasar mcm kaum2 lain (kebiasaan mmg kaum pendatang suka merusuh kt negara dia berlindung)... Apa boleh buat. Dlu raja2 Melayu dan Sultan jual negara kt British. Zmn moden ni terjadi lagi pemimpin Melayu sikit2 ditindas dan tergadai tanah,,https://www.threads.com/@imanxnaim/post/DIvvWdqzYeL,DIvvWdqzYeL,negative,,29,0,1,0,0.0005067586898803711,30,,negative,0.9983108043670654,malay,Malay/Bumiputera,anger,0.7096177339553833,0.12724517285823822,0.039596881717443466,0.059057265520095825,0.029835881665349007,0.014460298232734203
threads,comment,,Takut hilang kuasa..tapi tak sedar tanahair dah nak hancur dikerjakan puak DAP..sudahnya jadi menteri yg taraf anjing belaan je..malu la camni,,https://www.threads.com/@imanxnaim/post/DIvvWdqzYeL,DIvvWdqzYeL,negative,,3,0,0,0,0.0005109965801238792,3,,negative,0.9982966780662537,malay,Malay/Bumiputera,sadness,0.01736658625304699,0.030912473797798157,0.005857723765075207,0.9059845805168152,0.011173121631145477,0.020269449800252914
threads,comment,,Termasuk laa hang penghasut kaum. Terima tanah nilai 10j dapat free? Mana fakta hang dapat free?? Jenis penghasut kaum macam hang ni camna boleh membiak dalam @threads ya? skmm_mcmc @pdrmsia_official @fahmifadzil.1,,https://www.threads.com/@imanxnaim/post/DIvvWdqzYeL,DIvvWdqzYeL,negative,,7,0,3,0,0.051778145134449005,10,,negative,0.82740618288517,multilingual,Unknown,love,0.027178965508937836,0.013834050856530666,0.018963877111673355,0.02106858417391777,0.605510413646698,0.13259601593017578
threads,comment,,"Sblum ada kuasa,rakyat dibenarkan bercakap apa2 shj...setelah ada kuasa,rakyat nk bercakap disekat dihalang...HANG TGGU PRU16...",,https://www.threads.com/@imanxnaim/post/DIvvWdqzYeL,DIvvWdqzYeL,negative,,46,0,3,0,0.04789310395717622,49,,negative,0.840356320142746,multilingual,Unknown,anger,0.7092973589897156,0.06729559600353241,0.04455599933862686,0.024487951770424843,0.03298451378941536,0.035478733479976654
threads,comment,,"klau kau je bleh ckp org tak bleh , tu bacul namanya .. bangsat. Agama kau sndiri pun kau tak bleh nak pertahankann? issue kalimah Allah, issue masjid ? issue tanah raub, apa cerita diam ? tangkapan dah buat ? org dah jelas ceroboh tanah tu ..",,https://www.threads.com/@imanxnaim/post/DIvvWdqzYeL,DIvvWdqzYeL,negative,,1,0,0,0,0.1370036780834198,1,,negative,0.5433210730552673,english,Mixed/Urban,fear,0.11033497750759125,0.6185512542724609,0.017925944179296494,0.04181995242834091,0.06906452029943466,0.07560455054044724
threads,comment,,Tunggu pilihan raya…akan datang…,,https://www.threads.com/@imanxnaim/post/DIvvWdqzYeL,DIvvWdqzYeL,positive,,1,0,0,0,0.8193321496248245,1,,positive,0.3977738320827484,multilingual,Unknown,no_clear_emotion,0.09731104224920273,0.16550308465957642,0.047048624604940414,0.09069600701332092,0.15300555527210236,0.17061690986156464
threads,comment,,Menteri gol dan gincu sangat bangang,,https://www.threads.com/@imanxnaim/post/DIvvWdqzYeL,DIvvWdqzYeL,negative,,2,0,0,0,0.0005033791065215953,2,,negative,0.998322069644928,malay,Malay/Bumiputera,no_clear_emotion,0.1386575996875763,0.02025184966623783,0.10071294009685516,0.019531920552253723,0.2733398377895355,0.02300395257771015
threads,comment,,"So siapa? Yg aku nampak org2 dia ja mula dulu....ke setiap kali og dia buat, dia buta....pekak, bisu...sin chew daily tu...awat hang diam seribu bahasa...",,https://www.threads.com/@imanxnaim/post/DIvvWdqzYeL,DIvvWdqzYeL,neutral,,22,0,0,0,0.5,22,,neutral,0.7558701038360596,english,Mixed/Urban,love,0.04339824616909027,0.01925712078809738,0.01656521111726761,0.028591623529791832,0.47873160243034363,0.10124241560697556
threads,comment,,"Kau lbh senang bersama masuk kuil,tanam musang king lombong emas,buka ladang babi.
Undang-undang kena sblh pihak.
Banyak kena tangkap, penjara org Melayu.",,https://www.threads.com/@imanxnaim/post/DIvvWdqzYeL,DIvvWdqzYeL,negative,,4,0,0,0,0.0004929363727569358,4,,negative,0.9983568787574768,malay,Malay/Bumiputera,love,0.1266869157552719,0.017141180112957954,0.08688638359308243,0.02095166966319084,0.5860586762428284,0.017965994775295258
threads,comment,,"hahaha ni org paggil kuman seberang nampak gajah depan mata xnmpk.. dorg buat org xpooo jgn org usik or tegur dorang terus jd SALAH, HUKUMAN MESTI DIJALANKAN! 🤣🤣 drpd pemimpin smpaikan sekecik2 ankbuah semua politaik narcissistic 🙄",,https://www.threads.com/@imanxnaim/post/DIvvWdqzYeL,DIvvWdqzYeL,neutral,,2,0,0,0,0.5,2,,neutral,0.4627772271633148,english,Mixed/Urban,love,0.08615732192993164,0.0230698399245739,0.03372489660978317,0.023527206853032112,0.4187485873699188,0.042518068104982376
threads,comment,,"Awak sudah menjadi kerajaan sekarang,, hari hari awak cakap negatif, menteri bodoh bahlol,,, awak sepatutnya bercakap sebagai seorang menteri,,,,",,https://www.threads.com/@imanxnaim/post/DIvvWdqzYeL,DIvvWdqzYeL,neutral,,2,0,0,0,0.5,2,,neutral,0.7310628890991211,english,Mixed/Urban,anger,0.6423308253288269,0.022946149110794067,0.059416141360998154,0.03680725023150444,0.06709985435009003,0.016554487869143486
threads,comment,,"Tbh bila tengok pelbagai situasi jadi kat malaysia, nampak jelas menteri ni punya definisi penghasut kaum dan agama adalah orang M",,https://www.threads.com/@imanxnaim/post/DIvvWdqzYeL,DIvvWdqzYeL,negative,,1,0,0,0,0.000483262538909901,1,,negative,0.9983891248703003,malay,Malay/Bumiputera,anger,0.42996641993522644,0.07831693440675735,0.15630732476711273,0.023678811267018318,0.06908963620662689,0.05421271175146103
threads,comment,,Kebebasan bersuara adalah hak rakyat - Bak kata kaum pembangkang kerajaan zaman dulu2 di negara gohedgostan. Dekat2 dengan negara setan. Bukan Malaysia ye.,,https://www.threads.com/@imanxnaim/post/DIvvWdqzYeL,DIvvWdqzYeL,negative,,3,0,0,0,0.0004943490028381237,3,,negative,0.9983521699905396,malay,Malay/Bumiputera,love,0.23673765361309052,0.023588791489601135,0.08951220661401749,0.07134469598531723,0.286897212266922,0.03561384230852127
threads,comment,,Kes bendera terbalik sin chew daily mana pergi mamat spek mata beruban ni? Takde kena hukuman pun?,,https://www.threads.com/@imanxnaim/post/DIvvWdqzYeL,DIvvWdqzYeL,neutral,,4,0,0,0,0.5,4,,neutral,0.8635874390602112,english,Mixed/Urban,anger,0.3143925070762634,0.023921336978673935,0.05570496991276741,0.045975733548402786,0.2625219523906708,0.03197922557592392
threads,comment,,kerajaan lemah berlembut dengan DAP SEBAB NAK BERKUASA,,https://www.threads.com/@imanxnaim/post/DIvvWdqzYeL,DIvvWdqzYeL,negative,,0,0,0,0,0.07633588314056397,0,,negative,0.7455470561981201,multilingual,Unknown,anger,0.6726039052009583,0.10527945309877396,0.04583740234375,0.08838333934545517,0.037768106907606125,0.012063470669090748
threads,comment,,Aku tiap Kali nampak muka dia ni kan mcm nak tampo2 je mulut dia. Geram aihh,,https://www.threads.com/@imanxnaim/post/DIvvWdqzYeL,DIvvWdqzYeL,negative,,8,0,1,0,0.07539205849170685,9,,negative,0.7486931383609772,multilingual,Unknown,love,0.024434393271803856,0.015107337385416031,0.01669696904718876,0.035127103328704834,0.552700400352478,0.18813106417655945
threads,comment,,"Klu ada ular ngan dia ni, bunuh dia dulu jgn bunuh ular tu. Hahahhaa",,https://www.threads.com/@imanxnaim/post/DIvvWdqzYeL,DIvvWdqzYeL,negative,,0,0,0,0,0.0005044341087341309,0,,negative,0.9983185529708862,malay,Malay/Bumiputera,love,0.042920034378767014,0.014096264727413654,0.017896078526973724,0.0244996789842844,0.82285076379776,0.024484986439347267
threads,comment,,"Tah la..sedih kdang2..dok negara sndiri tp xd pemimpin yg btul2 pertahankan maruah agama..bila kena tang kaum lain ada la yg terpaling ke depan..bila kena kt agama sndiri, balik2 ""perpaduan,perpaduan n perpaduan""..",,https://www.threads.com/@imanxnaim/post/DIvvWdqzYeL,DIvvWdqzYeL,negative,,1,0,0,0,0.0005031287670135276,1,,negative,0.9983229041099548,malay,Malay/Bumiputera,sadness,0.039007361978292465,0.07955130189657211,0.008681133389472961,0.8230074644088745,0.019077060744166374,0.016882872208952904
threads,comment,,Ni la melayu BANGSAT....Tali barut...,,https://www.threads.com/@imanxnaim/post/DIvvWdqzYeL,DIvvWdqzYeL,neutral,,0,0,0,0,0.5,0,,neutral,0.7364233136177063,english,Mixed/Urban,love,0.048536986112594604,0.011837858706712723,0.03944522142410278,0.01939149759709835,0.5459660291671753,0.022149285301566124
threads,comment,,Lepas ni kau tau lah nasib kau.,,https://www.threads.com/@imanxnaim/post/DIvvWdqzYeL,DIvvWdqzYeL,neutral,,0,0,0,0,0.5,0,,neutral,0.7664825916290283,english,Mixed/Urban,happy,0.15296976268291473,0.21392318606376648,0.3463912904262543,0.05647311359643936,0.1024298146367073,0.03723249211907387
threads,comment,,Takut dengan bayang-bayang. Tampuk kuasa sangat lazat. Sebab tu takut sepanjang masa 🤣,,https://www.threads.com/@imanxnaim/post/DIvvWdqzYeL,DIvvWdqzYeL,negative,,0,0,0,0,0.00048817992210387073,0,,negative,0.9983727335929871,malay,Malay/Bumiputera,anger,0.52156662940979,0.14390967786312103,0.10203824937343597,0.04785260558128357,0.06880588084459305,0.04764026775956154
threads,comment,,Dia ni la PUNCA...,,https://www.threads.com/@imanxnaim/post/DIvvWdqzYeL,DIvvWdqzYeL,negative,,0,0,0,0,0.09133870303630828,0,,negative,0.695537656545639,multilingual,Unknown,love,0.06407351791858673,0.025346294045448303,0.03014422208070755,0.03977980092167854,0.5755482912063599,0.06170371174812317
threads,comment,,What a joke? 😂😂😂😂,,https://www.threads.com/@imanxnaim/post/DIvvWdqzYeL,DIvvWdqzYeL,negative,,6,0,1,0,0.050632274150848394,7,,negative,0.8312257528305054,english,Mixed/Urban,no_clear_emotion,0.022120537236332893,0.041350897401571274,0.03604023903608322,0.026411959901452065,0.17953641712665558,0.298782616853714
threads,comment,,He's a joke,,https://www.threads.com/@imanxnaim/post/DIvvWdqzYeL,DIvvWdqzYeL,neutral,,0,0,0,0,0.5,0,,neutral,0.5817257165908813,english,Mixed/Urban,love,0.10324031859636307,0.04689566791057587,0.1301833838224411,0.02095731534063816,0.35451024770736694,0.051800698041915894
threads,comment,,beban siak dia ni.,,https://www.threads.com/@imanxnaim/post/DIvvWdqzYeL,DIvvWdqzYeL,negative,,0,0,0,0,0.07416511774063111,0,,negative,0.752782940864563,multilingual,Unknown,no_clear_emotion,0.09137243032455444,0.07728781551122665,0.14374151825904846,0.0418771468102932,0.22592990100383759,0.05611630529165268
threads,comment,,Sengal,,https://www.threads.com/@imanxnaim/post/DIvvWdqzYeL,DIvvWdqzYeL,neutral,,1,0,0,0,0.5,1,,neutral,0.713092029094696,malay,Malay/Bumiputera,love,0.15503768622875214,0.10008042305707932,0.11473339051008224,0.07618552446365356,0.22324353456497192,0.11034059524536133
threads,comment,,Bagus2.. pegi tangkap pak menteri kesayangan korang tu dulu..,,https://www.threads.com/@imanxnaim/post/DIvvWdqzYeL,DIvvWdqzYeL,negative,,0,0,0,0,0.000492650270462025,0,,negative,0.9983578324317932,malay,Malay/Bumiputera,anger,0.5584775805473328,0.05875784531235695,0.1221998929977417,0.02062058448791504,0.0810573399066925,0.03168346360325813
threads,comment,,"Bela satu kaum ja, Melayu pi melingkup",,https://www.threads.com/@imanxnaim/post/DIvvWdqzYeL,DIvvWdqzYeL,neutral,,3,0,0,0,0.5,3,,neutral,0.8312158584594727,english,Mixed/Urban,no_clear_emotion,0.07043147087097168,0.012603048235177994,0.053769610822200775,0.0212284866720438,0.40400993824005127,0.019316276535391808
threads,comment,,Muka mcm nak kena 👋,,https://www.threads.com/@imanxnaim/post/DIvvWdqzYeL,DIvvWdqzYeL,positive,,3,0,0,0,0.8176987960934639,3,,positive,0.3923293203115463,multilingual,Unknown,love,0.07056183367967606,0.028696561232209206,0.1303224265575409,0.02267828956246376,0.46020543575286865,0.019934844225645065
threads,comment,,problem,,https://www.threads.com/@imanxnaim/post/DIvvWdqzYeL,DIvvWdqzYeL,positive,,1,0,0,0,0.8652134716510772,1,,positive,0.5507115721702576,multilingual,Unknown,love,0.15174131095409393,0.12714198231697083,0.1373307853937149,0.10204688459634781,0.19545789062976837,0.11631618440151215
threads,comment,,"Sandal selesa buat pakai harian 😍 Tengok pun tau sandal macamni lembut sangat dipakai, tak sakit kaki. Tak menyesal beliii satu lenjann pakai hari²
👉🏻https://s.shopee.com.my/1LSdoBItV7",,https://www.threads.com/@imanxnaim/post/DIvvWdqzYeL,DIvvWdqzYeL,positive,,0,0,0,0,0.9583116590976715,0,,positive,0.861038863658905,english,Mixed/Urban,love,0.17695076763629913,0.052385419607162476,0.03666628152132034,0.15184977650642395,0.5164511799812317,0.035501450300216675
threads,comment,,Bodoh,,https://www.threads.com/@imanxnaim/post/DIvvWdqzYeL,DIvvWdqzYeL,positive,,0,0,0,0,0.8233789458870887,0,,positive,0.4112631529569626,multilingual,Unknown,no_clear_emotion,0.12355192005634308,0.038824860006570816,0.10061296820640564,0.028768472373485565,0.2657732367515564,0.030821872875094414
threads,comment,,Semoga org2 mcm ni cilaka dunia dan akhirat sekiranya tidak bertaubat. Mmg dasar pengkhianat bangsa dan agama,,https://www.threads.com/@imanxnaim/post/DIvvWdqzYeL,DIvvWdqzYeL,positive,,0,0,0,0,0.9017932415008545,0,,positive,0.6726441383361816,multilingual,Unknown,anger,0.5974692702293396,0.03276214376091957,0.10760516673326492,0.04744346812367439,0.09464604407548904,0.019893638789653778
threads,comment,3.697595402154305e+18,Allah angkat dia utk rakyat menilai.. penyokong tegar or pembangkang dpt merasa.. beban or nikmat sendiri fikir🤣🤣🤣🤣,https://www.threads.com/@poklan5858/post/DNQf210hmYr,https://www.threads.com/@poklan5858/post/DNQf210hmYr,DNQf210hmYr,negative,,185,0,12,0,0.05038910731673241,197,,negative,0.8320363089442253,multilingual,Unknown,sadness,0.09386696666479111,0.12587320804595947,0.03859015926718712,0.5784901976585388,0.06617425382137299,0.03185667470097542
threads,comment,,Dia ni sapa pulakkkkk??? 😆😆😆😆 apa jwtn dia dlm parti kah3,,https://www.threads.com/@poklan5858/post/DNQf210hmYr,DNQf210hmYr,negative,,0,0,0,0,0.06905181258916854,0,,negative,0.7698272913694382,multilingual,Unknown,love,0.0635182112455368,0.020671173930168152,0.03640294447541237,0.04066750407218933,0.557661771774292,0.044518377631902695
threads,comment,,Saya pon bks pengundi PKR..setia undi PKR walaupon tak menang.. sehingga lah PH berkuasa nampak DAP makin biadap pelbagai isu2 Islam Dan isu Melayu,,https://www.threads.com/@poklan5858/post/DNQf210hmYr,DNQf210hmYr,negative,,1,0,0,0,0.0005029141902923584,1,,negative,0.9983236193656921,malay,Malay/Bumiputera,fear,0.01930065266788006,0.7316436767578125,0.0337287001311779,0.07183011621236801,0.013720071874558926,0.11211558431386948
threads,comment,,Alhamdulillah terselamat dari NERAKA,,https://www.threads.com/@poklan5858/post/DNQf210hmYr,DNQf210hmYr,positive,,1,0,0,0,0.89247208237648,1,,positive,0.6415736079216003,english,Mixed/Urban,happy,0.03352969139814377,0.10802996158599854,0.7459526658058167,0.011055013164877892,0.021674636751413345,0.031202320009469986
threads,comment,,mn nk download ni.. nk bg geng walanon..,,https://www.threads.com/@poklan5858/post/DNQf210hmYr,DNQf210hmYr,neutral,,0,0,1,0,0.5,1,,neutral,0.8681104779243469,english,Mixed/Urban,love,0.04950866103172302,0.026883356273174286,0.03800656273961067,0.030825313180685043,0.6343256235122681,0.08399158716201782
threads,comment,,"Cara nak save video dalam Threads:-

Share -> Copy link

Buka browser search “download threads video” -> pilih mana2 link -> past link dalam column tuh -> download -> buka video and save to device",,https://www.threads.com/@poklan5858/post/DNQf210hmYr,DNQf210hmYr,neutral,,1,0,0,0,0.5,1,,neutral,0.8910157084465027,english,Mixed/Urban,surprise,0.014806331135332584,0.04503782093524933,0.017581691965460777,0.03885815292596817,0.04572229087352753,0.6903674006462097
threads,comment,,Akhirnya byk yg Insaf Dan Sedar,,https://www.threads.com/@poklan5858/post/DNQf210hmYr,DNQf210hmYr,negative,,2,0,0,0,0.15176124572753905,2,,negative,0.4941291809082031,multilingual,Unknown,sadness,0.016454724594950676,0.027985190972685814,0.006093859672546387,0.9101724624633789,0.01285590324550867,0.016203077509999275
threads,comment,,Boleh berambus dah tu,,https://www.threads.com/@poklan5858/post/DNQf210hmYr,DNQf210hmYr,negative,,0,0,0,0,0.0020545005798339733,0,,negative,0.9931516647338867,malay,Malay/Bumiputera,love,0.1150403544306755,0.06126120686531067,0.2663079798221588,0.025678694248199463,0.3463175892829895,0.01909535564482212
threads,comment,,Harap dia minta maaf lah dkt org² yg dia dah terlepas kutuk tu.,,https://www.threads.com/@poklan5858/post/DNQf210hmYr,DNQf210hmYr,neutral,,1,0,0,0,0.5,1,,neutral,0.7822523713111877,english,Mixed/Urban,love,0.10659203678369522,0.10508840531110764,0.02878481149673462,0.26205822825431824,0.401600182056427,0.04603191837668419
threads,comment,,"Patut ke buat pool untuk pemimpin mana yang akan dibuang. Senang nak tahu ahli politik yg jadi lembu,sapa jadi ular Dan sapa yg selalu jadi kambing hitam",,https://www.threads.com/@poklan5858/post/DNQf210hmYr,DNQf210hmYr,negative,,0,0,0,0,0.0005098879337310791,0,,negative,0.9983003735542297,malay,Malay/Bumiputera,surprise,0.013829302974045277,0.035652343183755875,0.013975255191326141,0.10711269080638885,0.07178904116153717,0.6371181607246399
threads,comment,,"mengaku terus,,,, cyber trooper mmg menyakitkan hati semua orang,,, setiap komen ade je dia mencelah punye  Laa ayat terpaling tegar",,https://www.threads.com/@poklan5858/post/DNQf210hmYr,DNQf210hmYr,neutral,,0,0,0,0,0.5,0,,neutral,0.7820793390274048,english,Mixed/Urban,love,0.3549363911151886,0.018123053014278412,0.042607326060533524,0.07750733196735382,0.37606632709503174,0.023741193115711212
threads,comment,,pergi lepak blueboy lah nuat berahim…,,https://www.threads.com/@poklan5858/post/DNQf210hmYr,DNQf210hmYr,neutral,,0,0,0,0,0.5,0,,neutral,0.8479740023612976,english,Mixed/Urban,anger,0.5285291075706482,0.03348980471491814,0.09648513793945312,0.018590817227959633,0.07549944519996643,0.026277896016836166
threads,comment,,"Alhamdullillah..
ALLAH DAH BUKA HIJAB....",,https://www.threads.com/@poklan5858/post/DNQf210hmYr,DNQf210hmYr,positive,,2,0,0,0,0.9445658564567565,2,,positive,0.815219521522522,english,Mixed/Urban,happy,0.028763506561517715,0.19731652736663818,0.3542236089706421,0.03585931658744812,0.14329864084720612,0.14711898565292358
