Platform,Type,ID,Text,URL,Parent_Post_URL,Parent_Post_ID,Sentiment,Date,likes,shares,comments_count,views,sentiment_score,total_engagement,engagement_score,author,author_followers,sentiment_label,sentiment_confidence,detected_language,demographic,emotion_primary,emotion_anger,emotion_fear,emotion_happy,emotion_sadness,emotion_love,emotion_surprise
youtube,post,Jk_7B1omiUM,Adam PAS Solo,https://www.youtube.com/watch?v=Jk_7B1omiUM,,,neutral,2025-06-29 19:33:21+00:00,4,0,0,186,0.5,5,4.186,,,neutral,0.9972323775291443,malay,Malay/Bumiputera,no_clear_emotion,0.11282080411911011,0.04434117302298546,0.08689052611589432,0.027158131822943687,0.2823109030723572,0.0412648543715477
youtube,post,F1pNOZnlPzM,"🙋🏾‍♂️ Salut les gars, c’est Le Telra !

Aujourd’hui, on se retrouve pour 2 nouveaux clips : 
JolaGreen23
GRADUR feat SDM




💬 Dis-moi en commentaire ce que t’as pensé de ces clips
🔥 Quel est ton morceau préféré ?
👍 Like si tu veux d’autres découvertes de ce style
🔔 Abonne-toi pour ne rien rater des prochaines écoutes !

Ma playlist Deezer Le Telra 2026 : https://link.deezer.com/s/327BH6SKWVw...

🔴 RETROUVE-MOI PARTOUT

🎮 Chaîne Gaming :    / @letelragaming  
🎵 TikTok :   / le.telra  
📸 Snapchat :   / afzgh7ga  

🔥 Bienvenue sur ma chaîne Le Telra — Bousillé de RAP 🎶🔥",https://www.youtube.com/watch?v=F1pNOZnlPzM,,,positive,2026-02-03 16:30:09+00:00,15,0,8,393,0.8552983999252319,26,39.393,,,positive,0.5176613330841064,english,Mixed/Urban,love,0.02496856451034546,0.0284548532217741,0.033954914659261703,0.033666159957647324,0.48595401644706726,0.17548461258411407
youtube,comment,Ugznk3TZBDrlIv194t14AaABAg,Incroyable gradur sdm j'écoute tout le temps ce son,,https://www.youtube.com/watch?v=F1pNOZnlPzM,F1pNOZnlPzM,neutral,,1,0,1,0,0.5,111,,"{'id': 'UCg3zadvz5i9xPgKxeyzS0zw', 'name': '@Vazco31_.', 'thumbnails': 'https://yt3.ggpht.com/2dhaT70nNbuV1-4KZVzhLH19gZdBnk-rtrWjIU_Bj0axwJ_NsGqyuBkTM6FI56wB8Qvi17B4Ww=s88-c-k-c0x00ffffff-no-rj'}",0.0,neutral,0.5730355381965637,english,Mixed/Urban,no_clear_emotion,0.24789486825466156,0.11821062117815018,0.02980106696486473,0.12411550432443619,0.06464492529630661,0.13677451014518738
youtube,comment,Ugzz4gCroBAkXFDkfeN4AaABAg,🔥🔥 Réagis à l’EP d osirus jack force mon   Reuf,,https://www.youtube.com/watch?v=F1pNOZnlPzM,F1pNOZnlPzM,neutral,,1,0,1,0,0.5,111,,"{'id': 'UCFjGl39Wjx9Pxr502xP29qA', 'name': '@tavareslns5998', 'thumbnails': 'https://yt3.ggpht.com/ytc/AIdro_nHKE7LzNm8cE-UxmqxGJGftKRghfo2bS9Zdvy-v1qWDwk=s88-c-k-c0x00ffffff-no-rj'}",0.0,neutral,0.6792341470718384,english,Mixed/Urban,no_clear_emotion,0.04143090173602104,0.020836826413869858,0.09369321167469025,0.014955305494368076,0.13652896881103516,0.027794774621725082
youtube,comment,UgwpNoB_1wKqGJz-ORt4AaABAg,En vrai tu peux écouter Gobi de Jolagreen,,https://www.youtube.com/watch?v=F1pNOZnlPzM,F1pNOZnlPzM,neutral,,1,0,1,0,0.5,111,,"{'id': 'UCnvf_wj7iERozTUXoiuFRVg', 'name': '@roarlalo24', 'thumbnails': 'https://yt3.ggpht.com/ytc/AIdro_kMYxzuoALeklp701_RTTqcGyDmQBNx8RUq7hexDYiJAbjeefA32v6O8iwKUH_tJvomYg=s88-c-k-c0x00ffffff-no-rj'}",0.0,neutral,0.8720207214355469,english,Mixed/Urban,no_clear_emotion,0.02286117896437645,0.028500255197286606,0.04764760285615921,0.01709895022213459,0.19062046706676483,0.172483891248703
youtube,comment,UgztOhQJHZKS58vE3st4AaABAg,Tu parle trop vite 🤦🏾‍♂️,,https://www.youtube.com/watch?v=F1pNOZnlPzM,F1pNOZnlPzM,negative,,1,0,1,0,0.11369413733482361,111,,"{'id': 'UCLP9HiSJkgRtGzO6M8stzxg', 'name': '@Djeska_002', 'thumbnails': 'https://yt3.ggpht.com/6UUxg5Up5rSYa4vuFQ5cDr4dn4h6s8mH4YxzIIW4_C97vZjMIwbAH1QiYd-lfu7nFvKtgW3KIQ=s88-c-k-c0x00ffffff-no-rj'}",0.0,negative,0.6210195422172546,english,Mixed/Urban,love,0.05526488274335861,0.027341756969690323,0.028176764026284218,0.035809893161058426,0.7124245762825012,0.026914160698652267
youtube,post,4OB8VrESYKk,"♫ Gradur - Pas solo (Lyrics) 

🎧 Écoutez/Téléchargez ici: https://open.spotify.com/track/5N3lIBZ88nT... 

📝 Lyrics: 

Mm, mm, mm-mm
Mm-mm-mm (han, han-han-han, han-han)
Mm-mm-mm-mm
Mm-mm-mm, mm-mm-mm-mm
Chill
Toleka (mm-mm-mm-mm)
C'est nous les méchants, c'est vous les porcs
J'fais du biff, les gars m'en voulaient pas (chill)
Et de base, le buzz, j'en voulais même pas
On m'a dit ""fais du sale, ça fera des lovés, bro""
J'me rappelle tous ces chiens, ils m'donnaient pas la force
Aujourd'hui, eux reviennent pé-pro, on va sucer leur barre
C'est plus comme avant, j'suis dans l'bolide allemand
Avec Saddam, Akla Mar, ces bâtards à jamais (ooh)
J'ai plus l'temps pour les trois-huit, j'ai des nouveaux plavons
J'suis une reusta comme Travis, bah, ouais, j'suis grave fort
On vient du bitumes, bah, ouais, qu'on a erré
J'veux pas d'ton amitié, t'es rempli d'intérêts
Petit joueur d'vant la juge, gros sourire à la barre (à la barre)
Ils savent pas les plans qu'j'élabore (j'élabore)
C'était pas nous à la base
On l'a coupée ici, on la revendait là-bas
On regarde plus derrière, faut qu'j'aille de l'avant (toleka)
Perdu des amis d'enfance (bah)
C'est pas grave, tant que j'fais d'l'oseille
J'continue à rendre fermement (chill)
J'dis fermement, mental en béton (mental en béton)
Revendeur d'bédo, j'allais solo en démo (chill)
Seul dans ma gova, tout seul, j'suis gaufré
Seul alors que j'ai mis personne de côté
J'remplis mes concerts, à personne, j'veux causer
Ils disent que j'fais des money, yeah, hein, hein, hein (hein, hein)
Chemin parsemé, j'prie mon Dieu plus d'une fois par semaine
Si j'veux atteindre le sommet, j'ai besoin d'vous, j'y arriverai pas solo (on y va)
Solo, solo, j'me console avec de l'Absolut (vite, vite, vite)
J'y arriverai pas solo-
Y a qu'en équipe que j'peux aller droit au but (ô, Dieu)
J'm'entoure d'assassins
C'est les seuls gars qui avec moi sont grave sincères par ici (vite, vite, vite)
J'regarde ma SACEM
Mais j'suis fier d'avoir accompli des trucs grandioses jusqu'ici (vite, vite, vite)
Tu guettes bizarrement
Quand tu vois que des M, j'en fais rentrer dix par an, cinq (boum)
J'suis ton fils, maman
Mais ces ignares, avec le temps, ils disparaissent vite (vite, vite, vite)
J'suis un vrai, c'est des faux
Même si je sais qu'j'en ai plusieurs de défauts graves (graves)
Plusieurs fois, t'as fait faute, obligé d'en juger
Tu veux mon mal en fait, grave (deh)
Chemin parsemé d'embûches
Au final, j'crois qu'j'préfère ma vie d'avant (rien)
Toi, tu montes ta belle vie d'lux
Ils veulent savoir combien t'as pris d'avance (non, c'est serré)
Jeux noir comme Avisa, j'veux être riche et avoir ma vie d'avant (rey)
C'est moi qu'ai choisi ça (ooh)
Le gang à la mort, à la vie, bro
Seul dans ma gova, tout seul, j'suis gaufré
Seul alors que j'ai mis personne de côté
J'remplis mes concerts, à personne, j'veux causer
Ils disent que j'fais des money, yeah, hein, hein, hein (hein, hein)
Chemin parsemé, j'prie mon Dieu plus d'une fois par semaine
Si j'veux atteindre le sommet, j'ai besoin d'vous, j'y arriverai pas solo
Choyé
Chemin parsemé, j'prie mon Dieu plus d'une fois par semaine (ooh)
Si j'veux atteindre le sommet, j'ai besoin d'vous, j'y arriverai pas solo
Pas solo, pas solo
Pas solo, pas solo
 
👉 Abonnez-vous et cliquez sur la cloche (🔔) pour ne jamais manquer une nouvelle mise en ligne! 
👍 N'oubliez pas d'aimer la vidéo si vous l'avez appréciée : cela aide vraiment la chaîne à se développer! 

⚠️ Disclaimer ⚠️
Cette vidéo a pour seul but de partager les paroles complètes de la chanson avec les mélomanes. 
Si vous possédez les droits et souhaitez qu'ils soient supprimés, veuillez ne pas supprimer la chaîne; contactez-nous par e-mail afin que nous puissions procéder à la suppression. 
Merci pour votre coopération! 

#Gradur #Passolo #OnLyrics #lyrics #lyricsvideo",https://www.youtube.com/watch?v=4OB8VrESYKk&list=RD4OB8VrESYKk&start_radio=1,,,neutral,2026-02-03 23:04:56+00:00,13,0,0,765,0.5,20,13.765,,,neutral,0.8722400069236755,english,Mixed/Urban,love,0.06076716259121895,0.06251895427703857,0.019330104812979698,0.10395947098731995,0.6170112490653992,0.056655120104551315
youtube,post,Coz42eHFi_E,ce son n'est a moi il est a GRADUR lien de le musique:    • GRADUR FEAT. SDM - PAS SOLO (CLIP OFFICIEL),https://www.youtube.com/watch?v=Coz42eHFi_E&list=RDCoz42eHFi_E&start_radio=1,,,neutral,2026-02-01 11:00:20+00:00,6,0,2,176,0.5,9,12.176,,,neutral,0.8463571667671204,english,Mixed/Urban,no_clear_emotion,0.017420439049601555,0.016009192913770676,0.02292846515774727,0.01017631683498621,0.03458845242857933,0.031792737543582916
youtube,post,O2QEEqQGl68,AKACORLEONE´s solo show at Kolly Gallery Geneva in April 2022.,https://www.youtube.com/watch?v=O2QEEqQGl68,,,neutral,2025-02-17 21:24:49+00:00,0,0,0,9,0.5,0,0.009,,,neutral,0.8793141841888428,english,Mixed/Urban,no_clear_emotion,0.03226262331008911,0.05061592906713486,0.34239110350608826,0.014523771591484547,0.08794569224119186,0.040402431041002274
youtube,post,thSjxHTgsyQ,Gradur - Pas solo (feat. SDM),https://www.youtube.com/watch?v=thSjxHTgsyQ&list=RDthSjxHTgsyQ&start_radio=1,,,negative,2026-01-29 23:02:04+00:00,376,0,13,39317,0.15112041682004929,782,454.317,,,negative,0.4962652772665024,multilingual,Unknown,no_clear_emotion,0.011109248735010624,0.008473466150462627,0.024921147152781487,0.008381558582186699,0.03298799693584442,0.026750579476356506
youtube,post,0B_SPKs6DVs,Babar pas solo,https://www.youtube.com/watch?v=0B_SPKs6DVs,,,positive,2019-10-27 13:13:32+00:00,2,0,0,15,0.8975052028894424,2,2.015,,,positive,0.6583506762981415,multilingual,Unknown,no_clear_emotion,0.14640647172927856,0.10425374656915665,0.13058193027973175,0.06906545162200928,0.18806540966033936,0.08919902890920639
youtube,post,qR5J6D39K6w,"""PAS SOLO"", extrait de mon album ""DÉCENNIE""
Disponible sur toutes les plateformes : https://gradur.lnk.to/PasSolo

Accor Arena, vendredi 16 octobre 2026
Lien billetterie: https://www.ticketmaster.fr/fr/liste/...

Suivez-moi sur mes réseaux :
Instagram :   / gradurofficiel243  
Twitter : https://x.com/gradidur?s=21
Snapchat : gradurlevrai
TikTok : https://www.tiktok.com/@gradurtiktok?...

Production : Bien Vu Production
Directrice de production : Ambre Causero
Assistante de production : Lou-Ana Thirache
Assistante de production : Tyfène Torralvo
Chef opérateur : Zhao Peng
1er assistant caméra : Camille Groscarret
2nd assistant caméra : Arthur Pomponne
Chef électricien : Noé Dingoyan
Électricien : Selim Begh
Électricien : Solenn Colbatz
Régisseuse générale : Lou-Ana Thirache
Cheffe maquilleuse : Saleha Bouchama
VFX company : YO!
Montage : Bien Vu
Étalonnage : L’Enfant Soleil
Paroles et interprétation : Gradur, Sdm
Mix / master : Ilyes Zennache
Composition : Tld Mucho, rims stefio",https://www.youtube.com/watch?v=qR5J6D39K6w&list=RDqR5J6D39K6w&start_radio=1,,,neutral,2026-01-30 17:00:41+00:00,21000,0,668,2314084,0.5,44808,25318.084,,,neutral,0.8832018375396729,english,Mixed/Urban,no_clear_emotion,0.030862219631671906,0.024586951360106468,0.04464978724718094,0.020550020039081573,0.11376060545444489,0.054691772907972336
youtube,post,67QKyphWxjY,"Provided to YouTube by D'Or et de Platine

Je suis pas solo · JUL

La zone en personne

℗ D'Or et de Platine / Musicast

Released on: 2018-12-07

: JUL
Composer: JUL
Lyricist: JUL

Auto-generated by YouTube.",https://www.youtube.com/watch?v=67QKyphWxjY&list=RD67QKyphWxjY&start_radio=1,,,neutral,2018-12-06 23:07:55+00:00,13000,0,121,1911298,0.5,32233,15274.298,,,neutral,0.9349374771118164,english,Mixed/Urban,no_clear_emotion,0.013227960094809532,0.027063501998782158,0.03056698851287365,0.01635267585515976,0.04987490549683571,0.12755052745342255
youtube,post,HkAQcxJ_U2I,"Gradur - Pas solo
Stream/Download:

(Lyrics/Paroles):

C’est nous les méchants, c’est vous les porcs
J’fais du biff les gars m’en voulez pas
Et de base le buzz j’en voulais même pas
On m’a dit fais du sale ça fera des lovés
J’me rappelle tous ces chiens ils m’donnaient pas la force
Aujourd’hui, ils reviennent pepom, va sucer là bas
C’est plus comme avant, j’suis dans le bolide Allemand
Avec Sadam Hatlar Hama, ces batards, à jamais

J’ai plus l’temps pour les 3/8
J’ai des nouveaux plavons
J’suis une re-sta comme Travis 
Beh ouais j’suis ultra fort
On vient du bitume
Beh ouais qu’on a éré 
J’veux pas de ton amitié, t’es rempli d’intérêts

Un petit joint devant la juge, gros sourire à la barre
Ils savent pas les plans que j’élabore
C’était pas nous à la base
On la coupait ici, on la revendait là bas

On regarde plus derrière, faut que j’aille de l’avant
Perdu des amis d’enfance
C’est pas grave tant que j’fais de l’oseille
J’continue à rendre fière maman
Elle dit fermement « mental en béton » 
Revendeur bédo, j’allais solo aux rendez-vous

Seul dans ma gava, tout seul j’suis coffré 
Seul alors que j’ai mis personne de côté 
J’remplis mes concert, à personne j’veux causer
Ils disent que j’fais des manières 

Chemin par semaine, j’prie mon Dieu plus d’une fois par semaine
Si j’veux atteindre le sommet j’ai besoin de vous, j’y arriverai pas solo

Solo solo, j’me console avec de l’absolut
J’y arriverai pas solo, y’a qu’en équipe que j’peux aller droit au but 
J’m’entoure d’assassins, c’est les seuls avec qui moi ils sont grave sincères par ici
J’regarde ma Sacem et j’suis fier d’avoir accomplis des trucs grandioses jusqu’ici 
 
Tu guettes bizarrement
Tu vois que des N gens faire rentrer 10 parts en zinc
J’suis ton fils maman, mes ennemis arrivent avec le temps ils disparaissent vite
J’suis un vrai ces défauts, même si je sais qu’j’en ai plusieurs des défauts 
Grave
Plusieurs fois t’as fait faux, t’es obligé d’en juger tu veux mon mal enfaite
Grave

Chemin parsemé d’embuches, au final j’crois que j’préfère ma vie d’avant
Toi tu montres ta belle vie de luxe, ils veulent savoir combien t’as pris d’avance
J’suis noir comme un visage, j’veux être riche et avoir ma vie d’avant
C’est moi qui ai choisi ça, le Congo, la morale a vida

Seul dans ma gava, tout seul j’suis coffré 
Seul alors que j’ai mis personne de côté 
J’remplis mes concert, à personne j’veux causer
Ils disent que j’fais des manières

Chemin parsemé, j’prie mon Dieu plus d’une fois par semaine
Si j’veux atteindre le sommet j’ai besoin d’vous, j’y arriverai pas solo

(Chemin parsemé, j’prie mon Dieu plus d’une fois par semaine)
(Si j’veux atteindre le sommet j’ai besoin d’vous, j’y arriverai pas solo)
(Pas solo, pas solo, pas solo, pas solo)

Tags:
Pas solo Paroles
Gradur Pas solo
Pas solo Gradur
Chemin parsemé j’prie mon Dieu plus d’une fois par semaine
Si j’veux atteindre le sommet j’ai besoin d’vous j’y arriverai pas solo
Gradur Pas solo Paroles
Pas solo Gradur Paroles
Gradur Paroles Pas solo
Pas solo Paroles Gradur
Pas solo

#Gradur #Passolo #Paroles 

Contact: ypmamusic@gmail.com",https://www.youtube.com/watch?v=HkAQcxJ_U2I&list=RDHkAQcxJ_U2I&start_radio=1,,,neutral,2026-01-31 15:51:43+00:00,122,0,8,14760,0.5,277,160.76,,,neutral,0.8244598507881165,english,Mixed/Urban,love,0.06408671289682388,0.08683308213949203,0.10043761879205704,0.09409134835004807,0.5470101833343506,0.03665691986680031
youtube,post,Koe3u_0hXxY,Ellie PAS Solo,https://www.youtube.com/watch?v=Koe3u_0hXxY,,,neutral,2025-06-29 19:33:32+00:00,3,0,0,154,0.5,4,3.154,,,neutral,0.5714231133460999,english,Mixed/Urban,love,0.1705242395401001,0.11556921154260635,0.13194213807582855,0.09019934386014938,0.24665378034114838,0.08715327829122543
youtube,post,MVOz04jlCko,Mathew PAS Solo,https://www.youtube.com/watch?v=MVOz04jlCko,,,neutral,2025-06-29 19:30:03+00:00,1,0,0,62,0.5,1,1.062,,,neutral,0.6174189448356628,english,Mixed/Urban,love,0.13726265728473663,0.0783517137169838,0.2311522513628006,0.04384321719408035,0.3130664825439453,0.038760386407375336
youtube,post,wuOZwjt-s2Q,"PAS 2019 Keyboard Solo video submission.
The Solo is Libertango, arranged by Eric Sammut, for marimba.",https://www.youtube.com/watch?v=wuOZwjt-s2Q&list=RDwuOZwjt-s2Q&start_radio=1,,,neutral,2019-02-09 23:41:49+00:00,6,0,7,53,0.5,13,27.053,,,neutral,0.9495181441307068,english,Mixed/Urban,no_clear_emotion,0.013093981891870499,0.008797370828688145,0.03474216163158417,0.009235885925590992,0.06382638961076736,0.01584199257194996
youtube,post,pM-m4Omh7DU,"Choreographed by Rachel Kreiling
Jump Pittsburgh",https://www.youtube.com/watch?v=pM-m4Omh7DU,,,neutral,2016-03-21 00:25:47+00:00,9,0,0,289,0.5,11,9.289,,,neutral,0.8820987939834595,english,Mixed/Urban,no_clear_emotion,0.008803055621683598,0.010276122950017452,0.026836201548576355,0.005712949205189943,0.04944154992699623,0.021098537370562553
youtube,post,hc0V4vkgU0c,"Gradur x SDM - Pas Solo (Paroles/Lyrics)

➡️ Crédits vidéos :
🔸 gradur feat sdm pas solo
🔸 gradur terrasser
🔸 gradur sheguey 8 dani alves
🔸 gradur sheguey59
🔸 gradur le mouvement feat zed niska guy2bezbar
🔹 sdm cartier santos
🔹 sdm redescends ft tiakolaofficiel
🔹 sdm bolide allemand 12
🔹 sdm gradur feat pas solo
🔹 sdm prince de la calle

🌟 Découvrez plus de magie en vous rendant sur notre site web ! 🚀 Cliquez sur le lien ci-dessous pour consulter les dernières paroles & nouveautés :  
🔗 https://tvrapinternational.com/artistes/ 💫

Si la vidéo te plaît et que tu aimes notre contenu, lâche UN LIKE 👍 et n’oublie pas de t’abonner et d’activer la cloche 🔔  
➡️    / @tvrapinternational  

⬇️ Retrouvez Gradur sur ses réseaux sociaux ⬇️
  / gradurofficiel243  
  / gradidur  

⬇️ Retrouvez SDM sur ses réseaux sociaux ⬇️
  / sdm__92  
   / @sdm92  

⬇️ Nos réseaux sociaux ⬇️  
◾️ Instagram : tv_rap_international  
◾️ TikTok : tvr_officiel  
◾️ Facebook : Tvr Actus  
◾️ Snapchat : tv_rap  
◾️ X : tvrap63170

En cas de problème pour les droits d’auteurs :  
➡️ tvrap63170@gmail.com

✅ Les paroles ✅
⚡ Couplet 1 : Gradur ⚡
C'est nous les méchants, c'est vous les porcs
J'fais du biff, les gars m'en voulez pas
Et de base le buzz j'en voulais même pas
On m'a dit : ""fais du sale, ça fera des lovés propres""
J'me rappelle tous ces chiens, ils m'donnaient pas la force
Aujourd'hui reviennent pé-pom, va sucer là-bas
C'est plus comme avant, j'suis dans l'bolide allemand
Avec sa dame à Clamart, ces bâtards ragent à mort
J'ai plus l'temps pour les trois-huit, j'ai des nouveaux plavons
J'suis un re-sta comme Travis, bah ouais, j'suis ultra fort
On vient du bitume, bah ouais qu'on a erré
J'veux pas d'ton amitié, t'es rempli d'intérêt
P'tit joueur d'vant la juge, gros sourire à la barre
Ils savent pas les plans qu'j'élabore
C'était pas nous à la base
On l'a coupé ici, on la r'vendait là-bas
On regarde plus derrière, faut qu'j'aille de l'avant
Perdu des amis d'enfance
C'est pas grave tant que j'fais d'l'oseille
J'continue à rendre fière maman
Lundi fermement
Mental en béton
Revendeur d'bédo
J'allais solo en démo

⚡ Refrain ⚡
Seul dans ma gova
Tout seul j'suis coffré
Seul alors que j'ai mis personne de côté
J'remplis mes concerts
À personne j'veux causer
Ils disent que j'fais des manières
Chemin parsemé
J'prie mon Dieu plus d'une fois par semaine
Si j'veux atteindre le sommet
J'ai besoin d'vous, j'y arriverai pas solo
Solo solo
J'me console avec de l'Absolut
J'y arriverai pas solo
Y a qu'en équipe que j'peux aller droit au but
J'm'entoure d'assassins
C'est les seuls gars qui avec moi sont grave sincères par ici
J'regarde ma SACEM
Mais j'suis fier d'avoir accompli des trucs grandioses jusqu'ici
Tu guettes bizarrement
Quand tu vois que des M, j'en fais rentrer dix par ans zinc'
J'suis ton fils maman
Mes ennemis arrivent, avec le temps ils disparaissent vite
J'suis un vrai, c'est des faux
Même si je sais qu'j'en ai plusieurs des défauts (grave)
Plusieurs fois t'as fait faute
Obligé d'en juger qu'tu veux mon mal en fait (grave)

Chemin parsemé d'embûches
Au final j'crois qu'j'préfère ma vie d'avant
Quand tu montres ta belle vie d'luxe
Ils veulent savoir combien t'as pris d'avance
⚡ ?] noir comme [?], j'veux être riche et avoir ma vie d'avant C'est moi qui ai choisi ça Le gang à la mort à la vida [Refrain ⚡
Seul dans ma gova
Tout seul j'suis coffré
Seul alors que j'ai mis personne de côté
J'remplis mes concerts
À personne j'veux causer
Ils disent que j'fais des manières
Chemin parsemé
J'prie mon Dieu plus d'une fois par semaine
Si j'veux atteindre le sommet
J'ai besoin d'vous, j'y arriverai pas solo",https://www.youtube.com/watch?v=hc0V4vkgU0c&list=RDhc0V4vkgU0c&start_radio=1,,,neutral,2026-02-08 09:00:06+00:00,67,0,1,6162,0.5,129,76.162,,,neutral,0.8798742890357971,english,Mixed/Urban,love,0.0737629309296608,0.02303587831556797,0.03598005697131157,0.03622402250766754,0.538916289806366,0.042027417570352554
youtube,post,ItC1pbv3N7o,"FOLLOW ME !
https://linktr.ee/IboDalli
FREE DOWNLOAD :   / dj-ibo-3",https://www.youtube.com/watch?v=ItC1pbv3N7o&list=RDItC1pbv3N7o&start_radio=1,,,neutral,2026-02-12 12:17:14+00:00,6,0,0,420,0.5,10,6.42,,,neutral,0.506344735622406,english,Mixed/Urban,love,0.036135658621788025,0.026713818311691284,0.037304263561964035,0.03463907539844513,0.3495367765426636,0.19262249767780304
youtube,post,lnDTOo4QsE4,DISERBU MONYET PAS SOLO HIKING DI BUKIT LEMBAH GEDONG,https://www.youtube.com/watch?v=lnDTOo4QsE4,,,neutral,2024-05-07 04:36:59+00:00,7,0,2,116,0.5,10,13.116,,,neutral,0.7387480139732361,english,Mixed/Urban,no_clear_emotion,0.2885178029537201,0.06756024062633514,0.09635478258132935,0.03468133136630058,0.16384103894233704,0.039616767317056656
youtube,comment,UgwZKZdJ76mokz63uKJ4AaABAg,Capek banget kayak nya ya kalau solo 😭😭,,https://www.youtube.com/watch?v=lnDTOo4QsE4,lnDTOo4QsE4,neutral,,1,0,0,0,0.5,100,,"{'id': 'UCUmRrYJ8aT9TkZ02Wiv7kzg', 'name': '@FendiDie-wx1kw', 'thumbnails': 'https://yt3.ggpht.com/ytc/AIdro_lRTWRoJ5Mm1J6dwSFwLZYO2tYqK3zKpN4VbdDGguTxhPP-sB_V7uVUqTAw-NzD5GCobQ=s88-c-k-c0x00ffffff-no-rj'}",0.0,neutral,0.9938207268714905,malay,Malay/Bumiputera,fear,0.17579175531864166,0.3225189745426178,0.06587933003902435,0.13581900298595428,0.20516258478164673,0.03640051186084747
youtube,comment,UgyRD9oRBpcNyyYi4MZ4AaABAg,Lucu😂😂,,https://www.youtube.com/watch?v=lnDTOo4QsE4,lnDTOo4QsE4,positive,, ,0,0,0,0.8714138269424438,0,,"{'id': 'UCxK0YqOxRSbs-0x5kjEZ7Ag', 'name': '@DinaAyu-hd4sw', 'thumbnails': 'https://yt3.ggpht.com/ytc/AIdro_nsY7Wz66Qkthpw8X7S-QjH6rLsZ8W4MCt8yLMHraVlOilDEr_euLO-DWFfReOv4gst5w=s88-c-k-c0x00ffffff-no-rj'}",0.0,positive,0.5713794231414795,multilingual,Unknown,love,0.15717345476150513,0.12872803211212158,0.13292530179023743,0.0945100411772728,0.1994592845439911,0.11046779900789261
youtube,post,SVxdkCLM0zM,Greg Hersey PAS Solo Artist Submission,https://www.youtube.com/watch?v=SVxdkCLM0zM&list=RDSVxdkCLM0zM&start_radio=1,,,neutral,2019-12-11 05:25:39+00:00,1,0,0,78,0.5,1,1.078,,,neutral,0.9394843578338623,english,Mixed/Urban,no_clear_emotion,0.04106062650680542,0.014050178229808807,0.05880675092339516,0.01526076253503561,0.2429577261209488,0.021301912143826485
youtube,post,0_Ujemoh86I,"Gradur ft. SDM pas solo instru 🎹🎹🔥 

Tiktok :   / jaleelwyns  

Snapchat :   / @jaleelwyns  

#gradur #sdm #instru #rapfr",https://www.youtube.com/watch?v=0_Ujemoh86I&list=RD0_Ujemoh86I&start_radio=1,,,neutral,2026-02-01 01:27:57+00:00,8,0,1,251,0.5,11,11.251,,,neutral,0.6288912296295166,english,Mixed/Urban,love,0.07418660074472427,0.022933365777134895,0.06360185891389847,0.0289236418902874,0.5035412311553955,0.024351153522729874
youtube,post,kN0_JobAZqs,"KETEMU PRIAIDAMAN PAS SOLO RANKED! AUTO KASIH PAHAM! | BELERICK BEST BUILD 2023 | MOBILE LEGENDS✓

LINK DONASI :

Saweria : https://saweria.co/GigaM4n
Sociabuzz : https://sociabuzz.com/gigaman/tribe

TAGS:

CARA MAIN BELERICK
TUTORIAL BELERICK TERBARU
BUILD BELERICK TERKERAS DAN TERSAKIT 2023 
SETTINGAN ITEM DAN EMBLEM TANK BELERICK
BELERICK OFFLANE TERKUAT 2023 TANK
BUILD BELERICK TERKUAT 2023 TANK
BUILD EMBLEM BELERICK TERKUAT
BUILD ITEM BELERICK TERKUAT
BELERICK EMBLEM TANK TERKERAS
BELERICK EMBLEM TANK OFFLANER
SETTINGAN ITEM DAN EMBLEM BELERICK
BUILD BELERICK KERAS BANGET
BUILD BELERICK TERKUAT
BUILD BELERICK TERKUAT 2023
BUILD BELERICK TERBARU
BUILD BELERICK PALING SAKIT
BUILD BELERICK TANK TERKUAT
BUILD BELERICK MAGE TERSAKIT
BUILD BELERICK TOP GLOBAL
BUILD BELERICK TOP 1 GLOBAL
BUILD DAN EMBLEM GATOTKACA
BUILD BELERICK MOBILE LEGEND
EMBLEM BELEEICK TERKUAT
EMBLEM BELERICK TERKERAS
EMBLEM TOP 1 GLOBAL BELERICK
BEKERICK BEST BUILD
BELERICK NEW BUILD
BELERICK NEW META BUILD
BELERICK EMBLEM TANK
BELERICK TANK
BELERICK SUPPORT
BELERICK OFFLANER


build belerick tank terkuat 2023, build belerick tank terkuat dan tersakit 2023, build dan emblem belerick tank terkuat dan tersakit 2023
build belerick terkuat 2023, build belerick terkuat tersakit 2023, build belerick tank terkuat 2023, build belerick terkuat dan tersakit 2023 emblem mage, build belerick terkuat dan tersakit 2023 emblem tank, build belerick terkuat dan tersakit 2023 tank, build belerick terkuat dan tersakit 2023 mage, build belerick terkuat dan tersakit 2023 top global, build belerick terkuat dan tersakit 2023 jess no limit, build belerick terkuat dan sakit 2023, belerick dan Emblem Tank Terkuat 2023, Build belerick terkuat dan tersakit 2023, belerick the best build 2023, build belerick tersakit, build belerick terkuat 2023, Build belerick paling terkuat 2023, build belerick terkuat dan tersakit, belerick mobile legend, build belerick top 1 global 2023, build dan emblem belerick tersakit 2023, belerick, belerick keras kuat mematikan, belerick best build 2023, belerick hypercarry full damage, belerick maniac, belerick savage, belerick top global, belerick full damage, Build belerick full tank, belerick best build 2023


HASHTAG:

#Belerickguide
#BelerickGigaman #BuildbelerickTerbaru2023  #BuildbelerickTopGlobal2023
#belerickEmblemTankTerkeras2023 #BuildbelerickTersakit2023  #belerickBuildHyperCarry2023  #MetaBuildbelerick2023  #belerickEmbelmTankTerkeras2023 #SettinganItemDanEmblembelerick2023
#belerickEmblemMageOfflane  #BuildbelerickTerkuatDanTersakit2023  #BuildEmblembelerickOfflanerTerkuat2023 #BuildbelerickTerkuatDanTersakit2023  #BuildEmblembelerickTerkuatDanTersakit2023  #BuildItembelerickTerkuatDanTersakit2023  #BuildDanEmblembelerickTerkuat2023  #BuildDanEmblembelerickTersakit2023  
 #BuildbelerickTersakit2023 
 #BuildbelerickTersakit2023 
 #CaraMainbelerickHyperCarry 
 #BuildbelerickTersakit2023 
 #belerickEmblemMageOfflaner 
 #BuildItembelerickTersakit2023 
 #BuildbelerickTerkuat2023 
 #BestBuildbelerick2023  #BuildbelerickTerkuatDanTersakit2023 
 #BuildbelerickTerkuat2023 
 #BuildbelerickMobileLegend 
 #belerickNewBuild2023 
 #belerickEmbelmTankOfflaner 
 #Buildbelerick2023 
 #belerickTankTerkuat 
 #belerickBuildMageFullDamage   #belerickTersakit   #belerickTerkeras   #belerickTerkuat   #belerickTank #belerickFighter #belerickOfflaner #belerickMobileLegend #GameplaybelerickMobileLegend #TopGlobalbelerick #belerickFullDamage #belerick #Tank #Offlaner #Mage #Fighter #Assassin #Support #gigaman #Top1Globalbelerick2023   #EmblembelerickTersakit2023  #EmblembelerickTerkuatDanTersakit2023 
 #belerickEmblemTankOfflaner2023 
 #EmblembelerickTersakit2023 
 #EmblembelerickKerasBanget2023 
 #EmblembelerickTopGlobal2023 
 #EmblembelerickNewSeason28
 #BuildTopGlobalbelerick2023 
 #belerickTop1GlobalNewSeason2023 
 #BuildEmblembelerickTerbaru2023
 #Build belerickPalingSakit2023  #BuildbelerickBangetTopGlobalIndonesia 
 #BuildbelerickkacaHyperCarry 
 #BuildbelerickNewSeason28
 #BuildbelerickBaruRilis2023 
 #BuildbelerickSekaliUltiRata 
 #belerickTersakitGakAdaObat 
 #belerickRevam #belerickNewMeta 
 #OfflaNernewSeason28
 #belerickTheBestBuild2023 
 #belerickVsYin",https://www.youtube.com/watch?v=kN0_JobAZqs,,,positive,2023-04-18 04:00:54+00:00,33,0,20,1085,0.9182837486267089,63,94.085,,,positive,0.7276124954223633,english,Mixed/Urban,no_clear_emotion,0.13197576999664307,0.06955457478761673,0.13127176463603973,0.042368125170469284,0.1871391087770462,0.0430564284324646
youtube,comment,UgycWl_4XVSNeVUYYAF4AaABAg,kelaz rusuh bgt bang🔥,,https://www.youtube.com/watch?v=kN0_JobAZqs,kN0_JobAZqs,negative,,2,0,0,0,0.06025165021419526,200,,"{'id': 'UCR-drHnmqHiBDFs7w5S6h8A', 'name': '@OzoraChanneL', 'thumbnails': 'https://yt3.ggpht.com/GSD28uBRrwUuJtEJwfhkzaH_GR9Dd4XPswcfg2XGkpVNOYBTImi0y4xjxIMATOQwDJnOfqnNHak=s88-c-k-c0x00ffffff-no-rj'}",0.0,negative,0.7991611659526825,multilingual,Unknown,love,0.07170312106609344,0.021295076236128807,0.06220294162631035,0.01841290481388569,0.6518000960350037,0.018110694363713264
youtube,comment,Ugxw4T7kmyr_02q3sUR4AaABAg,bagi set emblem ama build bg,,https://www.youtube.com/watch?v=kN0_JobAZqs,kN0_JobAZqs,neutral,,2,0,2,0,0.5,222,,"{'id': 'UCvnSts99WEl-Pi8QkkxPbyA', 'name': '@sensorkabeh7598', 'thumbnails': 'https://yt3.ggpht.com/ytc/AIdro_mbdw79JGc5mlEFb4L_fDS_eNfnZ3cB5TODqlDQLt_5YWQ-7_FLklstw7UB2tMe0YfK6w=s88-c-k-c0x00ffffff-no-rj'}",0.0,neutral,0.8172191381454468,english,Mixed/Urban,no_clear_emotion,0.029435835778713226,0.012770378962159157,0.04200635850429535,0.009838977828621864,0.11959324777126312,0.018822921440005302
youtube,comment,Ugz8DrEwV9PSqYA8XMp4AaABAg,Great play brother 🔥,,https://www.youtube.com/watch?v=kN0_JobAZqs,kN0_JobAZqs,neutral,,2,0,0,0,0.5,200,,"{'id': 'UCg3KlgZVwibzZeW36t7GzJg', 'name': '@BERTAGZZZ', 'thumbnails': 'https://yt3.ggpht.com/_fMcaBrU8MVQDl7AdazrthRwTZz5Fk4uQ6okE4EOE0qoDj0oQkO0eNRX8tuT07eRWljRAbuN=s88-c-k-c0x00ffffff-no-rj'}",0.0,neutral,0.6430940628051758,english,Mixed/Urban,love,0.08481863886117935,0.042802318930625916,0.10973412543535233,0.02302376739680767,0.42461615800857544,0.02947326749563217
youtube,comment,Ugxs8XiIlthkAENvI2V4AaABAg,"mantap, kasih paham musuhnya bro",,https://www.youtube.com/watch?v=kN0_JobAZqs,kN0_JobAZqs,neutral,,2,0,0,0,0.5,200,,"{'id': 'UCJTw2kLeOUCxtufXOpdEH-g', 'name': '@AUONTV', 'thumbnails': 'https://yt3.ggpht.com/_levkYUYKl6r7Sc2vVV2-kbbPSZ1Z4M1qiJi9FhpeS4U-aenUB_c29yiIIqrJj7N3iOVW6Qc=s88-c-k-c0x00ffffff-no-rj'}",0.0,neutral,0.7946859002113342,english,Mixed/Urban,love,0.07523544132709503,0.02546720951795578,0.07972117513418198,0.03044390305876732,0.5966317057609558,0.031124690547585487
youtube,comment,UgwvRGxSIUYc9F12VbB4AaABAg,Gile bisa nabrak pria idaman mantap,,https://www.youtube.com/watch?v=kN0_JobAZqs,kN0_JobAZqs,neutral,,1,0,0,0,0.5,100,,"{'id': 'UCXuGGIZHg2-sLueEOqrUTaw', 'name': '@bangghanie', 'thumbnails': 'https://yt3.ggpht.com/xRXSAip3uS5cHNoI5Xt3YYtLKc_WMtgVE5RDexrWCFcdRAC7To8AFhVRmLXD7za3z-B7Vt5k5w=s88-c-k-c0x00ffffff-no-rj'}",0.0,neutral,0.7897282242774963,english,Mixed/Urban,love,0.04750191047787666,0.05007626861333847,0.3730541467666626,0.015113303437829018,0.4555830955505371,0.026616454124450684
youtube,comment,Ugy9tE6i0geIgv6qQfF4AaABAg,"Mantap gigaman, big like👍",,https://www.youtube.com/watch?v=kN0_JobAZqs,kN0_JobAZqs,positive,,1,0,0,0,0.9753323853015898,100,,"{'id': 'UCvNKxcO2YebXY57IKeUfeQw', 'name': '@GAMERSOMBONG88', 'thumbnails': 'https://yt3.ggpht.com/09J_3R8SMY4HT_TlDFN6jYzPA3-WLGxlrJ27W6AnOxVPsmGm0ZHqCbt0pFdRVHz95YKMhjsg=s88-c-k-c0x00ffffff-no-rj'}",0.0,positive,0.9177746176719666,english,Mixed/Urban,love,0.037324417382478714,0.02390599437057972,0.12768805027008057,0.015214077197015285,0.6883429884910583,0.019772173836827278
youtube,comment,UgxC7Mrfr3QXabjF9qV4AaABAg,Nice gameplay bang kasih bang dia 😁,,https://www.youtube.com/watch?v=kN0_JobAZqs,kN0_JobAZqs,positive,,1,0,0,0,0.9384691417217255,100,,"{'id': 'UC48M2Zfxtbl4J8_Fy9ebgyA', 'name': '@Ciko_Gaming3747', 'thumbnails': 'https://yt3.ggpht.com/egq7WELQfBK5lz6C5epPc7UDiklZDTLTOuyZTCd2wFKW7Gna0ITlXvcLx-F1g3dITkU2U2K5eQ=s88-c-k-c0x00ffffff-no-rj'}",0.0,positive,0.7948971390724182,multilingual,Unknown,happy,0.02627803198993206,0.026819271966814995,0.5514616370201111,0.013083886355161667,0.3287525773048401,0.02016456052660942
youtube,post,RK-GT3MyGag,"L'émotion pure s'invite sur Fliptones Music. ✨

Aujourd'hui, nous revisitons le titre puissant de Gradur et SDM, ""Pas Solo"", dans une version Gospel magistrale. On a troqué l'instru trap pour un piano solennel et des harmonies vocales profondes.

Quand le texte de Gradur et le flow de SDM rencontrent la puissance d'une chorale, le message du morceau prend une dimension spirituelle et universelle. ""Pas Solo"", car on avance ensemble, avec la foi et la force du collectif. Préparez-vous à une expérience musicale qui touche l'âme.

Dans cette vidéo :

Une réinterprétation Gospel complète du hit ""Pas Solo"".

Un arrangement choral et piano signé Fliptones Music.

La rencontre entre l'énergie du Nord (59), du 92 et la ferveur du Gospel.

📌 Abonne-toi pour plus d'émotions : https://www.youtube.com/@FliptonesMusic 🔔 Active la cloche pour ne rater aucune de nos créations quotidiennes !

Lien du clip original de Gradur & SDM : https://www.youtube.com/watch?v=f_VpPST_1pU

#Gradur #SDM #PasSolo #GospelCover #FliptonesMusic #SoulMusic #Chorale #UrbanGospel #RepriseInsolite #Ocho #Spirituel

🏷️ Tags pour l'algorithme (Catégorisés)
Artistes & Titre : Gradur, SDM, Pas Solo, Gradur Pas Solo, SDM Pas Solo.

Genre & Style : Gospel Cover, Reprise Gospel, Chorale, Soul Cover, Harmonies Vocales, Urban Gospel.

Mots-clés de recherche : Fliptones Music, Piano Cover Rap, Musique Émouvante, SDM Gospel, Gradur Gospel, Remix Spirituel, Version Acoustique.",https://www.youtube.com/watch?v=RK-GT3MyGag&list=RDRK-GT3MyGag&start_radio=1,,,neutral,2026-02-04 18:14:04+00:00,7,0,0,560,0.5,12,7.56,,,neutral,0.7593596577644348,english,Mixed/Urban,happy,0.05934072658419609,0.06420648097991943,0.40168076753616333,0.048852864652872086,0.2163768708705902,0.0377272367477417
youtube,post,nOas9syx0Lc,"""Premier pas"" single dispo sur toutes les plateformes.
🎧 https://ampl.ink/PremierPas

J'ai enfin trouvé une façon de vous partager mes compos à deux guitares dans une seule et même vidéo ""Live"" 😁

https://www.nicolas-gardel.com

   • Nicolas Gardel - Premier Pas (Solo en duo)",https://www.youtube.com/watch?v=nOas9syx0Lc&list=RDnOas9syx0Lc&start_radio=1,,,neutral,2026-03-12 10:21:26+00:00,15,0,3,1770,0.5,35,25.77,,,neutral,0.7888674139976501,english,Mixed/Urban,happy,0.02659333124756813,0.06879523396492004,0.45517072081565857,0.02446509525179863,0.19797751307487488,0.07624686509370804
youtube,post,KVE9Xx6m7jI,"Provided to YouTube by Symphonic Distribution

Pas solo · Dfresh Sande

My way

℗ 2022 Éloquence Music Group

Released on: 2022-05-13

Writer: Daniel Sande

Auto-generated by YouTube.",https://www.youtube.com/watch?v=KVE9Xx6m7jI&list=RDKVE9Xx6m7jI&start_radio=1,,,neutral,2022-08-11 23:23:25+00:00,0,0,0,32,0.5,0,0.032,,,neutral,0.9245423674583435,english,Mixed/Urban,no_clear_emotion,0.011992372572422028,0.025410598143935204,0.03406967967748642,0.013290236704051495,0.057260580360889435,0.10707666724920273
youtube,post,5I53hIqADT0,"My submission for the 2020 PAS Solo Drumset Competition.

Playing with Dave Weckl's ""Apocalypso"" off of the album Convergence.",https://www.youtube.com/watch?v=5I53hIqADT0&list=RD5I53hIqADT0&start_radio=1,,,neutral,2020-08-09 01:02:54+00:00,10,0,1,329,0.5,14,13.329,,,neutral,0.8652358055114746,english,Mixed/Urban,no_clear_emotion,0.038076478987932205,0.03647933900356293,0.16162827610969543,0.013625159859657288,0.061841003596782684,0.026233430951833725
youtube,post,RWUUor62lTA,"WELCOME TO MY CHANNEL

BANTU CHANNEL INI TEBUS 1000 SUBSCRIBER GUYS


LINK DONATE : https://saweria.co/camlargaming

TIKTOK: tiktok.com/@CAMCLARGAMING

INTAGRAM : https://instagram.com/herman_fuad16?igshid=ZDdkNTZiNTM=



Music intro
When you are using this track, please add this in your description: Track: Vizzen & Protolizard - Heaven Knows [NCS Releases] Music provided by NoCopyrightSounds. Watch:   ￼ • Vizzen & Protoliz...   Free Download / Stream: http://ncs.io/HeavenKnows - - - - - - - - - - - - - - - - - - - - - - - - - - - - - - - - - - - - - - ©️ Check out our Usage Policy on how to use NCS music in your videos: http://ncs.io/UsagePolicy To request a commercial license visit: http://ncs.io/Commercial NCS: Music Without Limitations. #nocopyrightsounds #copyrightfree

Top 20 NSC Gaming Music Mix 2021 ♫ Best Mobile legends Music ML Songs ♫ 🎧 Track list: 00:00 - Fearless 03:14 - On & On 06:42 - Heroes Tonight 10:10 - Why we lose 13:43 - Cradles 17:12 - Superhero 20:14 - Make Me Move 23:30 - Where We Started 27:12 - Light It Up 30:17 - Why Do I 34:00 - Perfect 10 37:24 - Control 40:11 - After the Storm 43:47 - Crazy 46:55 - Alibi 50:08 - Everything 54:35 - Hellcat 58:21 - Force 01:02:22 - Spectre 01:06:08 - Invincible Music by: ▶ NoCopyrightSounds / NCS ♫   ￼ / nocopyrightsounds   https://soundcloud.com/nocopyrightsounds https://instagram.com/nocopyrightsounds https://facebook.com/NoCopyrightSounds https://twitter.com/NCSounds ⚠ If you are an artist, producer, record owner or photographer and you don't want to see your work in this video, please get in touch with me instead of reporting it and I will delete this video as soon as possible! ⚠ Email: 💌 akarimusic.media@gmail.com 💌 ◢ Please Share this Mix on Social sites (Facebook, Google +, Twitter etc.) to more person could listen it! #ncsmusic #ncsrelease #ncssongs",https://www.youtube.com/watch?v=RWUUor62lTA,,,positive,2023-04-20 16:08:20+00:00,0,0,8,107,0.8618449211120605,9,24.107,,,positive,0.5394830703735352,english,Mixed/Urban,no_clear_emotion,0.0307085569947958,0.08210919052362442,0.045829541981220245,0.081299789249897,0.1120217889547348,0.288845032453537
youtube,comment,UgzVqqEXqmhWsDt3xIN4AaABAg,ni saya yang thamuz tadi hehe,,https://www.youtube.com/watch?v=RWUUor62lTA,RWUUor62lTA,negative,,0,0,0,0,0.08409724831581114,0,,"{'id': 'UCM4LwyLFMBaxg_q_88EveZQ', 'name': '@BorutoSenpa1', 'thumbnails': [{'url': 'https://yt3.ggpht.com/PkCulH8nacAVMkKGg9ZN5aIA5lasV7FKQP3ZVHGAY5NLCxlekcgkBgUWHeRDh2U_rgFCbm1Q=s88-c-k-c0x00ffffff-no-rj', 'width': 88, 'height': 88}]}",0.0,negative,0.7196758389472961,multilingual,Unknown,no_clear_emotion,0.010327708907425404,0.02132132090628147,0.0464763417840004,0.012418991886079311,0.19395606219768524,0.2419220209121704
youtube,comment,Ugz2kFrfhLvOvGbKnhJ4AaABAg,Keren❤,,https://www.youtube.com/watch?v=RWUUor62lTA,RWUUor62lTA,positive,,0,0,0,0,0.8714138269424438,0,,"{'id': 'UCMQU-zWnsuC7UrwxGb1RSpA', 'name': '@VanBlotoFamily', 'thumbnails': [{'url': 'https://yt3.ggpht.com/-R2CkHdIpcHfkNJBzkoE1js5R9kyJxHx2r6w6FRY8kQ754AP9JHtadljIWI_v7_7XkQC3oes=s88-c-k-c0x00ffffff-no-rj', 'width': 88, 'height': 88}]}",0.0,positive,0.5713794231414795,multilingual,Unknown,love,0.12134920060634613,0.09561262279748917,0.049730777740478516,0.06644019484519958,0.4304996728897095,0.07898017019033432
youtube,comment,UgyIvkL5fKM6wZOzOsd4AaABAg,"tabrak partyan ku di jam set 5 dong bang, ckckck",,https://www.youtube.com/watch?v=RWUUor62lTA,RWUUor62lTA,neutral,,0,0,0,0,0.5,0,,"{'id': 'UCKsoqWkR5npjARLX7C5vBHQ', 'name': '@useryt92837', 'thumbnails': [{'url': 'https://yt3.ggpht.com/TnV-imD0XWZYAtS8hphNrS9-aER6EfZxJJZRIT4fQzE8ftKh7-ZqXSSFLo2KsuFhFfKOHY1AiQ=s88-c-k-c0x00ffffff-no-rj', 'width': 88, 'height': 88}]}",0.0,neutral,0.7831189632415771,english,Mixed/Urban,no_clear_emotion,0.06835997849702835,0.0176890566945076,0.052128974348306656,0.013489561155438423,0.17231404781341553,0.025257272645831108
youtube,comment,UgyJIlIDKBDFCmJb40J4AaABAg,"oh ini tigrealny , banyak gaya njis",,https://www.youtube.com/watch?v=RWUUor62lTA,RWUUor62lTA,positive,,0,0,0,0,0.8882605269551277,0,,"{'id': 'UCYjUfs13MItkWe_ibuOgcKg', 'name': '@rennyedinn', 'thumbnails': [{'url': 'https://yt3.ggpht.com/ytc/AIdro_lR5lJKHBKma-MFNoEi_D8kgDi-B-WvpslIDTgGkzP_wkHD4scTan_E6xxFUNBzY--ofA=s88-c-k-c0x00ffffff-no-rj', 'width': 88, 'height': 88}]}",0.0,positive,0.6275350898504257,multilingual,Unknown,love,0.062465354800224304,0.01448187418282032,0.044285792857408524,0.015299197286367416,0.7638875246047974,0.01309556607156992
youtube,comment,UgyFBNuYVI2DNr7P9H94AaABAg,Nih org make hayabusa g ngotak,,https://www.youtube.com/watch?v=RWUUor62lTA,RWUUor62lTA,neutral,,0,0,0,0,0.5,0,,"{'id': 'UCvtepCkyB4czEE1ZWJXty1Q', 'name': '@Triostorestock1', 'thumbnails': [{'url': 'https://yt3.ggpht.com/f1jwnNPXiDo1_KW3BzsQDDuho3Jj6yWUJSFqeUVyMgycmTYdW8uY3j1R4_EBs1MBtvHRfNAc2A=s88-c-k-c0x00ffffff-no-rj', 'width': 88, 'height': 88}]}",0.0,neutral,0.7388325929641724,english,Mixed/Urban,love,0.12131369858980179,0.04472877457737923,0.06236370652914047,0.0460134856402874,0.5004464983940125,0.03486445173621178
youtube,comment,Ugw2_To6N_RBDxZh7Yt4AaABAg,Hero spoky,,https://www.youtube.com/watch?v=RWUUor62lTA,RWUUor62lTA,neutral,,0,0,0,0,0.5,0,,"{'id': 'UCkVppdyuYT3kwU-9fbYC2dQ', 'name': '@kamalrobusta', 'thumbnails': [{'url': 'https://yt3.ggpht.com/ytc/AIdro_n7417ek-18wzJI3ZENBm0JLEsWrCcksbQ7WKdHv1tzFUdXjGULqP2rM3Knc8d3lEC4qw=s88-c-k-c0x00ffffff-no-rj', 'width': 88, 'height': 88}]}",0.0,neutral,0.6216791272163391,english,Mixed/Urban,no_clear_emotion,0.1712864339351654,0.05295218899846077,0.1266183704137802,0.027407214045524597,0.2778598368167877,0.027657361701130867
youtube,comment,UgyPeXFQxDx0GiFWg214AaABAg,Woi gw player aldous yg lu troll cox,,https://www.youtube.com/watch?v=RWUUor62lTA,RWUUor62lTA,neutral,,0,0,1,0,0.5,11,,"{'id': 'UCUwtcfQ3Gxj_tdqO6gTKskw', 'name': '@putraembunn.s2981', 'thumbnails': [{'url': 'https://yt3.ggpht.com/ytc/AIdro_k2Kpq3seIei8hY8fCAMpXJmVgnFfYqjKOFvoL4OUklksQ=s88-c-k-c0x00ffffff-no-rj', 'width': 88, 'height': 88}]}",0.0,neutral,0.7403005361557007,english,Mixed/Urban,love,0.10364736616611481,0.016987359151244164,0.0671132281422615,0.027891963720321655,0.5838143825531006,0.023925889283418655
youtube,post,SEdvhb_PLCk,"HANABI VS ALL IN‼️JANGAN BERHARAP DIBANTU TEAM SENDIRI PAS  SOLO ‼️APA LAGI DAPAT TEAMNYA 2 2 1 - MOBILE LEGENDS

Tag :
#mobilelegends #hanabi #hanabimobilelegends #mlbb #hanabigoldlane #skinhanabicollector #skinhanabiterbaru #buildhanabi #buildhanabipalingsakit #buildhanabipalingsakit2023 #buildhanabitersakit2023 #buildhanabitersakit #gameplayproplayer #gameplay #gameplayhanabi #tutorialhanabi #hanabisavage #hanabimontage",https://www.youtube.com/watch?v=SEdvhb_PLCk,,,neutral,2024-06-29 13:24:18+00:00,1,0,3,484,0.5,8,10.484,,,neutral,0.8149875402450562,english,Mixed/Urban,sadness,0.08203388005495071,0.12181820720434189,0.01742747612297535,0.5165156126022339,0.09764624387025833,0.1062227413058281
youtube,comment,Ugys249MqwvNfA0jHXR4AaABAg,😮keren Brother😮,,https://www.youtube.com/watch?v=SEdvhb_PLCk,SEdvhb_PLCk,neutral,,1,0,0,0,0.5,100,,"{'id': 'UC59fiCH2TSseZM9kbnBytQA', 'name': '@albertwigunaofficial7662', 'thumbnails': 'https://yt3.ggpht.com/71uTEFILZxw8M-WXR9Bpzy-LPp_h5zW3uIeHfDFVf1oFyBnYaYTxBQ6_iIP6E5aJHEaRpSiTLVs=s88-c-k-c0x00ffffff-no-rj'}",0.0,neutral,0.7139782309532166,english,Mixed/Urban,love,0.10887955129146576,0.077646903693676,0.12213116884231567,0.05256348103284836,0.2999148964881897,0.06311871111392975
youtube,post,JPImx5IYhNE,"*Paroles en description*
●💰 Téléchargez maintenant : http://lacaveainstrumental.fr/
●🔥 Soutenez la chaîne, abonnez-vous ☛ www.youtube.com/@LaCaveaInstrumental
●🌴 Deuxième chaîne : https://www.youtube.com/@don4kwat237  
●🌎 Site Web : http://lacaveainstrumental.fr/ 

[Couplet 1 : Gradur]
C'est nous les méchants, c'est vous les porcs
J'fais du biff, les gars m'en voulez pas
Et de base le buzz j'en voulais même pas
On m'a dit : ""fais du sale, ça fera des lovés propres""
J'me rappelle tous ces chiens, ils m'donnaient pas la force
Aujourd'hui reviennent pé-pom, va sucer là-bas
C'est plus comme avant, j'suis dans l'bolide allemand
Avec Saddam à Clamart, ces bâtards ragent à mort

J'ai plus l'temps pour les trois-huit, j'ai des nouveaux plavons
J'suis un re-sta comme Travis, bah ouais, j'suis ultra fort
On vient du bitume, bah ouais qu'on a erré
J'veux pas d'ton amitié, t'es rempli d'intérêt
P'tit joueur d'vant la juge, gros sourire à la barre
Ils savent pas les plans qu'j'élabore
C'était pas nous à la base
On l'a coupé ici, on la r'vendait là-bas
On regarde plus derrière, faut qu'j'aille de l'avant
Perdu des amis d'enfance
C'est pas grave tant que j'fais d'l'oseille
J'continue à rendre fière maman
Lundi fermement
Mental en béton
Revendeur d'bédo
J'allais solo en démo

[Refrain]
Seul dans ma gova
Tout seul j'suis coffré
Seul alors que j'ai mis personne de côté
J'remplis mes concerts
À personne j'veux causer
Ils disent que j'fais des manières
Chemin parsemé
J'prie mon Dieu plus d'une fois par semaine
Si j'veux atteindre le sommet
J'ai besoin d'vous, j'y arriverai pas solo

[Couplet 2 : SDM]
Solo solo
J'me console avec de l'Absolut
J'y arriverai pas solo
Y a qu'en équipe que j'peux aller droit au but
J'm'entoure d'assassins
C'est les seuls gars qui avec moi sont grave sincères par ici
J'regarde ma SACEM
Mais j'suis fier d'avoir accompli des trucs grandioses jusqu'ici
Tu guettes bizarrement
Quand tu vois que des M, j'en fais rentrer dix par ans zinc'
J'suis ton fils maman
Mes ennemis arrivent, avec le temps ils disparaissent vite
J'suis un vrai, c'est des faux
Même si je sais qu'j'en ai plusieurs des défauts (grave)
Plusieurs fois t'as fait faute
Obligé d'en juger qu'tu veux mon mal en fait (grave)
Chemin parsemé d'embûches
Au final j'crois qu'j'préfère ma vie d'avant
Quand tu montres ta belle vie d'luxe
Ils veulent savoir combien t'as pris d'avance
J'suis noir comme ma visa, j'veux être riche et avoir ma vie d'avant
C'est moi qui ai choisi ça
Le gang à la mort à la vida

[Refrain]
Seul dans ma gova
Tout seul j'suis coffré
Seul alors que j'ai mis personne de côté
J'remplis mes concerts
À personne j'veux causer
Ils disent que j'fais des manières
Chemin parsemé
J'prie mon Dieu plus d'une fois par semaine
Si j'veux atteindre le sommet
J'ai besoin d'vous, j'y arriverai pas solo
________________________________________

📕Découvrez nos playlists : https://www.youtube.com/@LaCaveaInstrumental/playlists

Gradur ft. SDM - Pas Solo (Instru) Produced by TLD Mucho, Rim’s & Stefio.

📱 Retrouvez-nous sur les réseaux sociaux :
➡️ TikTok : https://www.tiktok.com/@lacaveainstrumental
➡️ Instagram : https://www.instagram.com/lacaveainstrumental/
➡️ Email : lacaveainstrumental@gmail.com

La Cave, source #1 d'instrumentals de l'industrie musicale française sur le net. Abonnez-vous !
________________________________________

⚠️ CLAUSE DE NON-RESPONSABILITÉ : l'instrumental présenté dans la vidéo est la propriété de Gradur et de Grand Sheguey Production Service. Il est destiné uniquement à un usage non commercial. Toute reproduction, distribution ou utilisation commerciale non autorisée de l'instrumental est strictement interdite et peut donner lieu à des poursuites judiciaires. Il est conseillé aux spectateurs de respecter les droits de propriété intellectuelle des créateurs et de s'abstenir d'utiliser les instrumentals à des fins commerciales sans autorisation appropriée. Nous vous remercions de votre compréhension et de votre coopération.

#gradur #sdm #passolo #instrumental #paroles #rapfr #producedby #lacaveainstrumental",https://www.youtube.com/watch?v=JPImx5IYhNE&list=RDJPImx5IYhNE&start_radio=1,,,neutral,2026-02-25 11:00:29+00:00,10,0,2,596,0.5,17,16.596,,,neutral,0.8745551705360413,english,Mixed/Urban,love,0.06088746711611748,0.04148654639720917,0.03164539486169815,0.06080828607082367,0.6857618689537048,0.0305393747985363
youtube,post,7x1449HqVts,"Provided to YouTube by Naxos Digital Services

Jérusalem. Ballabili: III. Pas solo · Antonio De Almeida · Monte Carlo National Opera Orchestra · Giuseppe Verdi

Verdi: Complete Ballet Music & Opera Chorus

℗ 2026 Urania Records

Released on: 2026-02-16

Composer: Giuseppe Verdi

Auto-generated by YouTube.",https://www.youtube.com/watch?v=7x1449HqVts&list=RD7x1449HqVts&start_radio=1,,,neutral,2026-02-16 00:04:53+00:00,0,0,0,9,0.5,0,0.009,,,neutral,0.9378963708877563,english,Mixed/Urban,no_clear_emotion,0.01563357189297676,0.017746221274137497,0.029619349166750908,0.011685037985444069,0.10837244987487793,0.04095711186528206
youtube,post,vZ2fpugcat4,Gokyo ri - Cho la pas solo trekking,https://www.youtube.com/watch?v=vZ2fpugcat4,,,neutral,2024-05-04 06:57:34+00:00,20,0,0,110,0.5,21,20.11,,,neutral,0.935059130191803,english,Mixed/Urban,love,0.0911288782954216,0.013980559073388577,0.06190446764230728,0.024146676063537598,0.5356122255325317,0.017208246514201164
youtube,comment,UgwUd--73B7dvMb6AMJ4AaABAg,Wow niçe,,https://www.youtube.com/watch?v=vZ2fpugcat4,vZ2fpugcat4,neutral,,1,0,0,0,0.5,100,,"{'id': 'UCdyilwEMQLo63vTShP6RQAA', 'name': '@bhimghale4745', 'thumbnails': [{'url': 'https://yt3.ggpht.com/ytc/AIdro_k5qNPhNB2H8gzdRDmQ0_EKY3y8DX5KNSB7mj9Sos8=s88-c-k-c0x00ffffff-no-rj', 'width': 88, 'height': 88}]}",0.0,neutral,0.7655030488967896,english,Mixed/Urban,no_clear_emotion,0.13587085902690887,0.08163294196128845,0.0969524011015892,0.054495666176080704,0.1864819973707199,0.09849759936332703
youtube,comment,UgztK_QNhYCDK5z8g-54AaABAg,Luar biasa indah,,https://www.youtube.com/watch?v=vZ2fpugcat4,vZ2fpugcat4,neutral,,0,0,0,0,0.5,0,,"{'id': 'UCj_dV9-qJbORp4eHvPOfjcQ', 'name': '@RatuBagus-zz5pp', 'thumbnails': [{'url': 'https://yt3.ggpht.com/ytc/AIdro_lXNBnVor2T5FVc9Go-w378cXn6JmX-YLkW1G6mVZyFzwgLjg01XTaBOrjvCuKmfuRq9g=s88-c-k-c0x00ffffff-no-rj', 'width': 88, 'height': 88}]}",0.0,neutral,0.8434044122695923,english,Mixed/Urban,love,0.21533678472042084,0.04662054777145386,0.06720252335071564,0.04004545882344246,0.3538343012332916,0.028528202325105667
youtube,comment,Ugyh6sC_oE8UXbE0Moh4AaABAg,Keren...❤,,https://www.youtube.com/watch?v=vZ2fpugcat4,vZ2fpugcat4,negative,,0,0,0,0,0.160632660984993,0,,"{'id': 'UCPa7Jsji4x9NOZDLp70WvCQ', 'name': '@JilaniAzzahro', 'thumbnails': [{'url': 'https://yt3.ggpht.com/ytc/AIdro_mC2odFZ1kGPBUChuHWNZ1JK_4mjJVCvc5a2ByyMf41phParpcxezeBnRCMYVoX50n2Bw=s88-c-k-c0x00ffffff-no-rj', 'width': 88, 'height': 88}]}",0.0,negative,0.46455779671669006,multilingual,Unknown,no_clear_emotion,0.1301535815000534,0.10670318454504013,0.18655167520046234,0.06726106256246567,0.21302488446235657,0.07764765620231628
youtube,comment,UgzDMIymOmdi3uNQOel4AaABAg,Keren,,https://www.youtube.com/watch?v=vZ2fpugcat4,vZ2fpugcat4,positive,,0,0,0,0,0.840567198395729,0,,"{'id': 'UCPa7Jsji4x9NOZDLp70WvCQ', 'name': '@JilaniAzzahro', 'thumbnails': [{'url': 'https://yt3.ggpht.com/ytc/AIdro_mC2odFZ1kGPBUChuHWNZ1JK_4mjJVCvc5a2ByyMf41phParpcxezeBnRCMYVoX50n2Bw=s88-c-k-c0x00ffffff-no-rj', 'width': 88, 'height': 88}]}",0.0,positive,0.46855732798576355,multilingual,Unknown,love,0.07461762428283691,0.05007984861731529,0.06238643825054169,0.024318406358361244,0.37464240193367004,0.06147787347435951
youtube,comment,UgxIr-4z70rcUj2358N4AaABAg,keren,,https://www.youtube.com/watch?v=vZ2fpugcat4,vZ2fpugcat4,positive,,0,0,0,0,0.840567198395729,0,,"{'id': 'UCGdKWCY0O37eMHR0Qm3YfeQ', 'name': '@donner1031', 'thumbnails': [{'url': 'https://yt3.ggpht.com/ytc/AIdro_mcJ_2MGa-m3L6wFdL2IJtYRYKGPKJVKLebxpp5dzi2INI=s88-c-k-c0x00ffffff-no-rj', 'width': 88, 'height': 88}]}",0.0,positive,0.46855732798576355,multilingual,Unknown,love,0.1666625738143921,0.13358327746391296,0.12343624234199524,0.10152647644281387,0.2014089673757553,0.11134747415781021
youtube,comment,UgyNTAK00eChRq59ePN4AaABAg,Keren,,https://www.youtube.com/watch?v=vZ2fpugcat4,vZ2fpugcat4,positive,,0,0,0,0,0.840567198395729,0,,"{'id': 'UCPa7Jsji4x9NOZDLp70WvCQ', 'name': '@JilaniAzzahro', 'thumbnails': [{'url': 'https://yt3.ggpht.com/ytc/AIdro_mC2odFZ1kGPBUChuHWNZ1JK_4mjJVCvc5a2ByyMf41phParpcxezeBnRCMYVoX50n2Bw=s88-c-k-c0x00ffffff-no-rj', 'width': 88, 'height': 88}]}",0.0,positive,0.46855732798576355,multilingual,Unknown,love,0.07461762428283691,0.05007984861731529,0.06238643825054169,0.024318406358361244,0.37464240193367004,0.06147787347435951
youtube,post,3mqYAtJCfAM,"CELINE DION  ANTWERPEN  21/11/2013
Je Sais Pas.....Solo du saxe Alto and lead guitar",https://www.youtube.com/watch?v=3mqYAtJCfAM,,,neutral,2021-04-06 10:00:22+00:00,0,0,0,201,0.5,2,0.201,,,neutral,0.8773372173309326,english,Mixed/Urban,no_clear_emotion,0.026995092630386353,0.012634488753974438,0.048183247447013855,0.010211878456175327,0.12155260890722275,0.017610367387533188
youtube,post,IAjOqXbsq5Q,"Game mobile legend bang bang, pas mau solo rank ketemu cold ditambah team gua yang pro nya minta ampun sampai ngalahin top global

Music
Lost Sky - Where We Started (feat.Jex) [NCS Release]
   • Lost Sky - Where We Started (feat. Jex) | ...  

Beat Core & Ashley Apollodor - Everyday [NCS Release]
   • Beatcore & Ashley Apollodor - Everyday | M...  

Rival & Cadmium X Rogers & Dean -  I Gave It All (feat.Harley Bird)
   • CADMIUM X Rival X Rogers & Dean - I Gave I...  

Lost Sky - Vision [NCS Release]
   • Lost Sky - Vision | Dubstep | NCS - Copyri...  

Different Heaven - Nekozilla [NCS Release]
   • Different Heaven - Nekozilla | Electro | N...",https://www.youtube.com/watch?v=IAjOqXbsq5Q,,,neutral,2020-03-30 13:05:34+00:00,17,0,4,239,0.5,23,29.239,,,neutral,0.8348643183708191,english,Mixed/Urban,love,0.0811522901058197,0.05673608183860779,0.02588854730129242,0.08763429522514343,0.680853009223938,0.026099786162376404
youtube,comment,UgzCOOosnHMeOJjT6nB4AaABAg,Mantab,,https://www.youtube.com/watch?v=IAjOqXbsq5Q,IAjOqXbsq5Q,positive,,1,0,0,0,0.85164165943861,100,,"{'id': 'UCSNNKDDl7r-DR1NGqx7YabQ', 'name': '@umiratna9450', 'thumbnails': 'https://yt3.ggpht.com/zXpaAJxrYAjSMdXBDvcjrgck5Kr-joaaHKrTKWiZxOSPalCU9PNtHPO0d_4ULQf1gVuiRFlGiA=s88-c-k-c0x00ffffff-no-rj'}",0.0,positive,0.5054721981287003,multilingual,Unknown,no_clear_emotion,0.10167111456394196,0.04471728205680847,0.068315289914608,0.022447619587183,0.28923168778419495,0.0348786823451519
youtube,comment,Ugxy7c0Tk0QxfX3z8Z54AaABAg,Mntap eh,,https://www.youtube.com/watch?v=IAjOqXbsq5Q,IAjOqXbsq5Q,negative,,1,0,0,0,0.13861286044120788,100,,"{'id': 'UCMr8k1WmW_vo4Q6tMmQcXCw', 'name': '@ahmaddzzz', 'thumbnails': 'https://yt3.ggpht.com/49qWARpDBfWOL9D3czc6xJqmPPqCtqg_02nDEPzO7trcDaO99keMn-pB_JgXkSPrHOaYr0lx=s88-c-k-c0x00ffffff-no-rj'}",0.0,negative,0.5379571318626404,multilingual,Unknown,love,0.164805606007576,0.1049143597483635,0.12374857813119888,0.0833713561296463,0.2571367025375366,0.07831930369138718
youtube,comment,UgyOx_qk5wiCtH0fKBF4AaABAg,Mane suare ee,,https://www.youtube.com/watch?v=IAjOqXbsq5Q,IAjOqXbsq5Q,neutral,,1,0,1,0,0.5,111,,"{'id': 'UCs6fzpsFiCwBbJwVCw67w3Q', 'name': '@reyhalputraadammaqhabir5346', 'thumbnails': 'https://yt3.ggpht.com/ytc/AIdro_mg_HaexQGzgL9Tr1cnxrPPx7zAa1f8v0U4RgITdHx-vBU=s88-c-k-c0x00ffffff-no-rj'}",0.0,neutral,0.44654005765914917,multilingual,Unknown,love,0.15065747499465942,0.1321628987789154,0.1249275878071785,0.09680981189012527,0.19751706719398499,0.12087208032608032
youtube,post,vlMukZ3Q_T0,Pov ton pote te laisse pas solo build,https://www.youtube.com/watch?v=vlMukZ3Q_T0,,,neutral,2025-09-21 09:46:55+00:00,1,0,0,15,0.5,1,1.015,,,neutral,0.8757959008216858,english,Mixed/Urban,love,0.2770186960697174,0.04866207391023636,0.03217202052474022,0.07185105234384537,0.3871971368789673,0.02206665650010109
youtube,post,_ii8PUiIMfA,"Hayabusa Tobi dikira NNAEL sama Publik pas Solo Ranked - Mobile Legends 

Hallo semuanya Saya Bitobi, Terimakasih telah menonton
jangan lupa tetap support channel ini dengan cara Subscribe, like dan komen ya.

Note : ""Semua Butuh Proses. Syukuri Apa Yang Kita Punya dan Gunakan Semaksimal Mungkin :)""

tag :
#tutorialhayabusa 
#bestbuildhayabusa 
#mobilelegends 
#hayabusamontage 
#hayabusagameplay 
#hayabusafasthand 
#itemhayabusaterbaru",https://www.youtube.com/watch?v=_ii8PUiIMfA,,,negative,2024-09-12 04:00:25+00:00,2,0,2,206,0.10798547565937042,6,8.206,,,negative,0.6400484144687653,multilingual,Unknown,love,0.06427353620529175,0.03676255792379379,0.07190800458192825,0.04429999366402626,0.4836248755455017,0.05402539297938347
youtube,comment,UgzJZ9kMZLdiBc4GAsJ4AaABAg,semangat bg 🤜,,https://www.youtube.com/watch?v=_ii8PUiIMfA,_ii8PUiIMfA,negative,,2,0,1,0,0.15782841593027114,211,,"{'id': 'UCndIkN52IicjMdJqGTP9JZQ', 'name': '@debiafrianto8724', 'thumbnails': 'https://yt3.ggpht.com/ytc/AIdro_n6ym4oHCP956Eudrd0hhZJuuSBOWMWnx1nlNxNttN3h7g=s88-c-k-c0x00ffffff-no-rj'}",0.0,negative,0.4739052802324295,multilingual,Unknown,love,0.17413853108882904,0.08956144750118256,0.10881134122610092,0.056943491101264954,0.2732803523540497,0.06419715285301208
youtube,post,4xfNHgcl-es,"Judul: DAPET TIM TROLL PAS SOLO RANK, GINI CARANYA BIAR TETAP SNOWBALL - MLBB

Video ini berisi tentang helcurt,
helcurt best build 2023,
helcurt gameplay,
build helcurt tersakit 2023,
top global helcurt,
rekomendasi emblem helcurt,
helcurt best build 2022,
helcurt bug,
helcurt ban,
helcurt best build,
helcurt guide,
helcurt top 1 global,
helcurt build,
helcurt tutorial,
helcurt attack speed build,
helcurt assassin emblem,
alasan helcurt di ban moonton,
apakah helcurt dihapus,
helcurt best build 2023 emblem

Musik di video ini:
Track: Max Brhon - The Future  [NCS Release]
Music provided by NoCopyrightSounds.
Watch:    • Max Brhon - The Future | House | NCS - Cop...  
Free Download / Stream: http://ncs.io/TheFuture

Track: Lost Sky - Where We Started (feat. Jex) [NCS Release]
Music provided by NoCopyrightSounds.
Watch:    • Lost Sky - Where We Started (feat. Jex) | ...  
Free Download / Stream: http://ncs.io/WhereWeStarted

Track: Unknown Brain - Say Goodbye (ft. Marvin Divine) [NCS Release]
Music provided by NoCopyrightSounds.
Watch:    • Unknown Brain - Say Goodbye (ft. Marvin Di...  
Free Download / Stream: http://ncs.io/SayGoodbye

Track: CHENDA - For You [NCS Release]
Music provided by NoCopyrightSounds.
Watch:    • CHENDA - For You | DnB | NCS - Copyright F...  
Free Download / Stream: http://ncs.io/CH_ForYou

Track: Cream Blade - Daydream (feat. romi) [NCS Release]
Music provided by NoCopyrightSounds.
Watch:    • Cream Blade - Daydream (feat. romi) | DnB ...  
Free Download / Stream: https://ncs.io/CDaydream",https://www.youtube.com/watch?v=4xfNHgcl-es,,,neutral,2024-01-02 11:11:20+00:00,5,0,4,407,0.5,13,17.407,,,neutral,0.7904407978057861,english,Mixed/Urban,sadness,0.08905082941055298,0.08785432577133179,0.013648731634020805,0.6031022667884827,0.1157805547118187,0.0490761324763298
youtube,comment,UgwTASMNHeAYo16UQkR4AaABAg,Pertama lagi,,https://www.youtube.com/watch?v=4xfNHgcl-es,4xfNHgcl-es,neutral,, ,0,1,0,0.5,11,,"{'id': 'UC7Y-QzTAO6auER9yF2Xb31w', 'name': '@ThifariSyahrullah', 'thumbnails': 'https://yt3.ggpht.com/ytc/AIdro_mglSGNWk20-HpB6wp4hDTlkjSknX7Mob79E28e-oGndr22p_2wSbntTBphlxeuIcZhlA=s88-c-k-c0x00ffffff-no-rj'}",0.0,neutral,0.5065503716468811,english,Mixed/Urban,no_clear_emotion,0.19822578132152557,0.04041538015007973,0.06462723016738892,0.027159463614225388,0.19253253936767578,0.0490313358604908
youtube,comment,Ugz9wrk7HU6JOVYCWJx4AaABAg,Kedua,,https://www.youtube.com/watch?v=4xfNHgcl-es,4xfNHgcl-es,positive,, ,0,1,0,0.8841919422149658,11,,"{'id': 'UCHkvjyYeVwnmn4ykpMsVNiQ', 'name': '@kangrofi4718', 'thumbnails': 'https://yt3.ggpht.com/c5l9X2uQuspXJ91cmg3HyLIkX_Gw0QQ_QkbU0vrE7PkPzImJszd6Y77sFcNWWMKHMZnx37q4PJk=s88-c-k-c0x00ffffff-no-rj'}",0.0,positive,0.6139731407165527,multilingual,Unknown,no_clear_emotion,0.14432579278945923,0.06779874861240387,0.06252161413431168,0.042474113404750824,0.21980780363082886,0.05982600525021553
youtube,post,uC_Jh1sGJP0,BlackBetty (pas solo),https://www.youtube.com/watch?v=uC_Jh1sGJP0&list=RDuC_Jh1sGJP0&start_radio=1,,,negative,2018-01-04 22:14:01+00:00,0,0,0,21,0.14297846406698225,0,0.021,,,negative,0.5234051197767258,multilingual,Unknown,no_clear_emotion,0.01148184109479189,0.008367189206182957,0.030564699321985245,0.010254897177219391,0.16970868408679962,0.024913271889090538
youtube,post,TFLtmptuV-4,"Provided to YouTube by DistroKid

Pas Solo (feat. Zepho) · Biz Ice · Zepho

Synergie

℗ Violence Music

Released on: 2021-03-15

Auto-generated by YouTube.",https://www.youtube.com/watch?v=TFLtmptuV-4&list=RDTFLtmptuV-4&start_radio=1,,,neutral,2021-03-27 20:58:53+00:00,2,0,0,616,0.5,8,2.616,,,neutral,0.9480063915252686,english,Mixed/Urban,no_clear_emotion,0.019360143691301346,0.01654895953834057,0.03546648100018501,0.014417375437915325,0.09635595232248306,0.05522551387548447
youtube,post,4lUiXtajUOk,KETEMU SUPREM PAS SOLO RANK |JADI BERASA EASY LAWAN NYA #mlbb,https://www.youtube.com/watch?v=4lUiXtajUOk,,,neutral,2022-06-22 18:47:55+00:00,61,0,9,642,0.5,76,88.642,,,neutral,0.8426616191864014,english,Mixed/Urban,no_clear_emotion,0.16336657106876373,0.06778345257043839,0.1619124561548233,0.039073530584573746,0.22107641398906708,0.03993399441242218
youtube,comment,UgzqX_5QgfwIIwb5YlJ4AaABAg,Nanti Ki subrice,,https://www.youtube.com/watch?v=4lUiXtajUOk,4lUiXtajUOk,neutral,,1,0,0,0,0.5,100,,"{'id': 'UC0qzbeu1_MNKD6pcZRofH-Q', 'name': '@syarifmaulana9219', 'thumbnails': 'https://yt3.ggpht.com/ytc/AIdro_nuNlfceTDiBSTQUhxQ56YDJFbBu1DjRfTpJMFP6ck9D0x3tsglom8eMUA2blBLpRVU8w=s88-c-k-c0x00ffffff-no-rj'}",0.0,neutral,0.7300588488578796,english,Mixed/Urban,love,0.12683627009391785,0.05150621756911278,0.1382816731929779,0.04845578223466873,0.29989340901374817,0.048808563500642776
youtube,comment,UgzTwFU5SJcT6jSfbh94AaABAg,Give skin lesle bang,,https://www.youtube.com/watch?v=4lUiXtajUOk,4lUiXtajUOk,neutral,,1,0,5,0,0.5,155,,"{'id': 'UC0qzbeu1_MNKD6pcZRofH-Q', 'name': '@syarifmaulana9219', 'thumbnails': 'https://yt3.ggpht.com/ytc/AIdro_nuNlfceTDiBSTQUhxQ56YDJFbBu1DjRfTpJMFP6ck9D0x3tsglom8eMUA2blBLpRVU8w=s88-c-k-c0x00ffffff-no-rj'}",0.0,neutral,0.6741422414779663,english,Mixed/Urban,no_clear_emotion,0.10693719983100891,0.05989321693778038,0.11347493529319763,0.051009830087423325,0.28098610043525696,0.04109431803226471
youtube,comment,UgwIZMIxQimJcV3nXLZ4AaABAg,Mainnya hebat! Bantu channel juga ya ka  makasii,,https://www.youtube.com/watch?v=4lUiXtajUOk,4lUiXtajUOk,neutral,, ,0,1,0,0.5,11,,"{'id': 'UCOp6A54Ipy-SZdVUnHE9pyA', 'name': '@G-azura', 'thumbnails': 'https://yt3.ggpht.com/vOQg3ssMbraIhN8cEQod6KAKJXwVC83xAZ-pjQ8GyqUHgSloN6QRIQTb_S87nIdW6t21fHxLaw=s88-c-k-c0x00ffffff-no-rj'}",0.0,neutral,0.8061002492904663,english,Mixed/Urban,love,0.03807329759001732,0.022925537079572678,0.21743346750736237,0.015134437941014767,0.6078077554702759,0.0236218199133873
youtube,post,vWSO1q2EHhU,"Black coast-TRNDSTTR (Lucian Remix)
   • Black Coast - TRNDSTTR (Lucian Remix)",https://www.youtube.com/watch?v=vWSO1q2EHhU&list=RDvWSO1q2EHhU&start_radio=1,,,neutral,2015-07-29 18:06:29+00:00,5,0,0,74,0.5,5,5.074,,,neutral,0.9211837649345398,english,Mixed/Urban,love,0.028827518224716187,0.015454933047294617,0.04500633850693703,0.02914711833000183,0.6642892360687256,0.02414405532181263
youtube,post,5L2fbqBNSl0,"Nah di video kali ini,  gameplay gusion kurang agresif, tapi syukur karna ini hero favorit,  saya jadi tau sedikit timing-timing yang pas ketika menggunakan hero ini, dan akhirnya keberuntungan masih berpihak, sehingga bisa VICTORY. 
-------------------------------------------------------------------
 
Intro&Outro:Jim Yosef - Firefly [NCS Release]
▽ Connect with NCS
Facebook   / nocopyrightsounds  
Twitch   / nocopyrightsounds  
Twitter   / ncsounds  
Spotify http://spoti.fi/NCS
SoundCloud   / nocopyrightsounds  
Google+ http://google.com/+nocopyrightsounds
Instagram   / nocopyrightsounds_  
▽ Follow Jim Yosef
SoundCloud   / jim-yosef  
Facebook   / jimyosefmusic  
YouTube    / jimboowshttps:  

Backsound.
Track: Tinoma-Find You(Ncs Release) 
Music provided by NoCopyrightSound.
Watch:   • Tinoma - Find You | Trap | NCS - Copyright...  
Free download/stream:http://ncs.io/TFindYou

Saran&kritik agar lebih baik lagi kedepannya. 

ig:   / andrerai_045  

Terima kasih!!! 🙂🙂🙂",https://www.youtube.com/watch?v=5L2fbqBNSl0,,,neutral,2020-05-24 06:18:06+00:00,45,0,0,223,0.5,47,45.223,,,neutral,0.8303777575492859,english,Mixed/Urban,fear,0.16764959692955017,0.3034490644931793,0.040751468390226364,0.12218987941741943,0.18108150362968445,0.07805387675762177
youtube,post,gc2-bLZ8wM8,"ASLI NGAKAK PAS SOLO RANKED MOBILE LEGEND - BEST HERO FOR SOLO RANKED ML   #1

divideo ini gue main game yang banyak banget peminatnya yaitu mobile legend bro,skrng gue LG main di mode solo ranked mobile legend and yah gmn keseruanya kalian tonton videonya sampe habis hh
-
follow for sosmed 
• Instagram : @erwin0224

#mobilelegends  #solorankmobilelegend #mememobilelegends",https://www.youtube.com/watch?v=gc2-bLZ8wM8,,,positive,2022-02-03 04:00:53+00:00,7,0,8,134,0.9498631477355957,16,31.134,,,positive,0.8328771591186523,english,Mixed/Urban,love,0.025497211143374443,0.021611617878079414,0.04019654169678688,0.024101227521896362,0.5203152894973755,0.10635453462600708
youtube,comment,UgxTeE7iz8XFmjYTqwl4AaABAg,Anjay hh,,https://www.youtube.com/watch?v=gc2-bLZ8wM8,gc2-bLZ8wM8,positive,,1,0,0,0,0.8203631371259689,100,,"{'id': 'UCzRm8Po6sjJDn-RjUUlsAjA', 'name': '@raniani-b5e', 'thumbnails': 'https://yt3.ggpht.com/BvtITETf1mhcsF0BGezEJqUzWk2krsmwLOc1ahF1U7I-PIlNTVFcfU5yz8mtUySkzmm-Xt-P8g=s88-c-k-c0x00ffffff-no-rj'}",0.0,positive,0.4012104570865631,multilingual,Unknown,love,0.14362147450447083,0.11941570043563843,0.10511543601751328,0.07088807970285416,0.254543662071228,0.10145995765924454
youtube,comment,Ugy95ewHpzj5kO49y1x4AaABAg,Nooob itu🤣😅,,https://www.youtube.com/watch?v=gc2-bLZ8wM8,gc2-bLZ8wM8,neutral,,2,0,1,0,0.5,211,,"{'id': 'UCIBS1q1TjfOvnHJ6emEniVQ', 'name': '@rizamuhammad0342', 'thumbnails': 'https://yt3.ggpht.com/UCY3HYTkgN67i0fdeSwoXYHbyercAoKwGc42A7Tj-aV7qz4I5Xpiie3NrxjuJweOmwyRz488uQ=s88-c-k-c0x00ffffff-no-rj'}",0.0,neutral,0.6114212870597839,english,Mixed/Urban,love,0.14260825514793396,0.0677865743637085,0.11894051730632782,0.05665907263755798,0.4073154628276825,0.04308684170246124
youtube,comment,Ugza5BDdf2Frar4HQrB4AaABAg,Mabar yuk bang,,https://www.youtube.com/watch?v=gc2-bLZ8wM8,gc2-bLZ8wM8,negative,, ,0,0,0,0.1390538200736046,0,,"{'id': 'UCApaEHemboCa1_WZynblXWw', 'name': '@MADFIHA_CHANNEL', 'thumbnails': 'https://yt3.ggpht.com/Uapw47eN4ikBhPn54yRRRJJcyljk04uhDo-_6Kmk8C0LxWHt8hvGsho5142SL0TBoqAKxE7bmA=s88-c-k-c0x00ffffff-no-rj'}",0.0,negative,0.536487266421318,multilingual,Unknown,no_clear_emotion,0.1839885264635086,0.10249584913253784,0.12937422096729279,0.054612208157777786,0.2025650590658188,0.07407703250646591
youtube,comment,UgxYBxjmybUzo52dwrZ4AaABAg,Mabar bang ? Name : fandi8302,,https://www.youtube.com/watch?v=gc2-bLZ8wM8,gc2-bLZ8wM8,neutral,,3,0,3,0,0.5,333,,"{'id': 'UC-gvthlOjpDsdShXD_YpO7g', 'name': '@alufeed1950', 'thumbnails': 'https://yt3.ggpht.com/RlPkSWJgq4zAOwKbpCl2XrMNAlsw0QOxKx1mEhnCcDbZ6Z9DPomK4FiFz7Mc1O4mXLxuLhGgpQ=s88-c-k-c0x00ffffff-no-rj'}",0.0,neutral,0.8767328262329102,english,Mixed/Urban,love,0.05616917461156845,0.033474549651145935,0.07293857634067535,0.039772335439920425,0.6460713744163513,0.03983829542994499
youtube,post,GuCo6VacIP4,#mobilelegends #cyclopshyper #mlbb,https://www.youtube.com/watch?v=GuCo6VacIP4,,,neutral,2025-06-03 02:07:13+00:00,3,0,5,430,0.5,12,18.43,,,neutral,0.8369179964065552,english,Mixed/Urban,love,0.04626572132110596,0.016512736678123474,0.04698687419295311,0.019556580111384392,0.6567102670669556,0.019618790596723557
youtube,comment,UgwaiUp0HNMEDHxjfkl4AaABAg,Boleh mabar kak,,https://www.youtube.com/watch?v=GuCo6VacIP4,GuCo6VacIP4,neutral,,2,0,1,0,0.5,211,,"{'id': 'UC9zeK1NBrx9d6-8Zmn_iI8A', 'name': '@paygame01', 'thumbnails': 'https://yt3.ggpht.com/cfYzfROQoESpNJT2NLeQKBUgXFX9Y3PEbX-036snRJTJREyP0WIFFJKWs3rlxf9sV5NwsySmkQ=s88-c-k-c0x00ffffff-no-rj'}",0.0,neutral,0.9968281388282776,malay,Malay/Bumiputera,no_clear_emotion,0.13426034152507782,0.079224593937397,0.12885229289531708,0.0598679818212986,0.20122991502285004,0.07409694045782089
youtube,comment,UgwAHLRf_by243dsfyJ4AaABAg,Id brapa kak,,https://www.youtube.com/watch?v=GuCo6VacIP4,GuCo6VacIP4,neutral,,2,0,1,0,0.5,211,,"{'id': 'UC9zeK1NBrx9d6-8Zmn_iI8A', 'name': '@paygame01', 'thumbnails': 'https://yt3.ggpht.com/cfYzfROQoESpNJT2NLeQKBUgXFX9Y3PEbX-036snRJTJREyP0WIFFJKWs3rlxf9sV5NwsySmkQ=s88-c-k-c0x00ffffff-no-rj'}",0.0,neutral,0.8118889331817627,english,Mixed/Urban,love,0.17144569754600525,0.12794460356235504,0.1545802652835846,0.0813629999756813,0.21103811264038086,0.09478335082530975
youtube,post,VAxh8Z9kemw,Pas solo Rank dapet Team Publik Kompak lagi... Adeeeeemm bener,https://www.youtube.com/watch?v=VAxh8Z9kemw,,,neutral,2019-05-11 02:30:14+00:00,1,0,0,16,0.5,1,1.016,,,neutral,0.7821951508522034,english,Mixed/Urban,no_clear_emotion,0.015619459562003613,0.06177438423037529,0.24791865050792694,0.02307978831231594,0.24211564660072327,0.1416473090648651
youtube,post,TBtqKubJLNs,"Ketemu Masha Global Pas Solo Rank, Apakah Hylosku Bisa Menang? - Build Hylos Terkuat 2022

Makasih ya udah mampir ke channel ini, yuk bantu like, subscribe, dan nyalakan loncengnya supaya ga ketinggalan konten dari channel ini. Dan mudah-mudahan channel ini makin berkembang lagi kedepannya :)

Donasi
https://saweria.co/Suitostudio

keyword:
build hylos tersakit
build hylos tersakit 2022
build hylos tank terkuat
build hylos top global
build hylos xp lane
build hylos tank tersakit
cara main hylos
cara pakai hylos
build hylos mm
build hylos terkuat 2022
build hylos tebal
hylos tutorial
tutorial hylos
hylos xp lane
build hylos tersakit dan terkuat
tank terkuat
tank tersakit
hylos top global
top global hylos
hylos offlaner
best build hylos
hylos savage
cara hylos rusuh
hylos best build
hylos gameplay
cara rotasi hylos
cara cover hylos
cara teamfight hylos
hylos vs masha
counter masha pake hylos
top global masha
hylos vs masha

#hylos #mlbb #mobilelegends",https://www.youtube.com/watch?v=TBtqKubJLNs,,,neutral,2022-06-02 10:20:39+00:00,0,0,0,16,0.5,0,0.016,,,neutral,0.8490814566612244,english,Mixed/Urban,sadness,0.22653543949127197,0.16617709398269653,0.026445064693689346,0.28408774733543396,0.15206168591976166,0.07247765362262726
youtube,post,uAyHae3yO3E,"#beatrix #mobilelegends #beatrix1hit #beatrixbestbuild #buildbeatrix

KETEMU YOUTUBER LAGI PAS SOLO RANK!! AUTO KASIH PAHAM || BUILD BEATRIX TERSAKIT 2023

MUSIK : NEFFEX, NCS

Jangan lupa like komen dan subscribe jika kalian suka dengan video saya🙏


Tags
beatrix, beatrix best build 2023, beatrix 1 hit, build beatrix tersakit 2024, build beatrix tersakit 2023, build beatrix 2024, build beatrix tersakit, build beatrix 1 hit, build beatrix skylar, build beatrix skylar m4, build beatrix tersakit 2023 1hit, build beatrix attack speed, build beatrix tersakit 2023 1 hit sniper, beatrix top 1 global, beatrix best build, beatrix m4, beatrix emblem and build 2023, beatrix emblem and build 2024, gameplay beatrix, mobile legends, gameplay beatrix top global, gameplay beatrix skylar, beatrix gameplay tutorial, beatrix gameplay sniper, beatrix mlbb build, beatrix mlbb skin, beatrix mlbb best build, beatrix mlbb counter, beatrix mlbb hd wallpaper, beatrix mlbb release date, beatrix mlbb emblem, beatrix mlbb guide, beatrix gameplay mlbb, beatrix mlbb skin baru, skill beatrix mlbb, beatrix sniper build, beatrix ml sniper, beatrix mobile legends, beatrix mobile legends build, beatrix mobile legends build 2023, beatrix mobile legends build terbaik, build para beatrix mobile legends, emblem beatrix mobile legends, build terbaik untuk beatrix mobile legends, beatrix mobile legends guide,  beatrix mobile legends gameplay, item beatrix mobile legend,sniper beatrix,emblem beatrix tersakit 2023,sniper 1 hit beatrix,best build beatrix 2023, beatrix nerf,vtutorial beatrix,  beatrix build emblem, beatrix gold lane, cheat damage beatrix, auto aim sniper beatrix, beatrix montage, 1 hit 1 kill sniper beatrix, 1 hit kill build beatrix, gameplay beatrix, combo beatrix, guide beatrix, beatrix jungler, beatrix tertinggi, top global beatrix, beatrix oheb , tips dan trik beatrix, beatrix maniac, beatrix savage, beatrix rotasi, insting sniper beatrix, prediksi sniper beatrix, build dewa beatrix 1 hit, akurasi sempurna sniper beatrix 1 hit, beatrix sniper tutorial, beatrix sniper gameplay, beatrix assasin, beatrix marksman, beatrix nibiru, beatrix renner, beatrix bennet, beatrix wesker, pro beatrix, topindonesiabeatrix, beatrix marksman, marksman, item build rahasia beatrix, 1X hit mati, top 1 mobile legends,

#mobilelegends #TopglobalBeatrix #BeatrixBestBuild #Beatrix #Beatrixgameplay #MLBB #Beatrixmontage #TopglobalBeatrix #Top1Beatrix #Top1globalBeatrix #Beatrixml #BeatrixGod #Beatrixprank #Beatrixmaniac #Beatrixsavage #Beatrixtutorials #Beatrixbestbuild #NerfedBeatrix #Beatrixnerfe #Beatrix2021 #BestBeatrixbuild #Beatrixworldrank #GoldlaneBeatrix #JungleBeatrix",https://www.youtube.com/watch?v=uAyHae3yO3E,,,neutral,2023-10-29 11:02:20+00:00,2,0,0,53,0.5,2,2.053,,,neutral,0.6584461331367493,english,Mixed/Urban,sadness,0.10229334980249405,0.09164022654294968,0.017012985423207283,0.5353755354881287,0.12494558095932007,0.07191940397024155
youtube,post,u4qAUCIbrIo,"For business contact https://linktr.ee/luckyrsad

Follow mediasosial gw,
Instagram :    / luckyrsad    
Tiktok :   / luckyrsad  

Support gw juga,
Saweria : https://saweria.co/luckyrsad

Join Discord,
Discord :    / discord  

Thanks for watching, see you in next video

#mlbb #mlbbindonesia #indopride #gameplay #tutorialgameplay #tutorialmobilelegend #fyp #5aatnyaindonesia #mlbbcreatorcamp #mobilelegends #bestmarksman #mpli #mpl #mplid #mplindonesia #forgaming #streamer",https://www.youtube.com/watch?v=u4qAUCIbrIo,,,neutral,2023-12-27 08:00:26+00:00,2,0,0,226,0.5,4,2.226,,,neutral,0.6963132619857788,english,Mixed/Urban,no_clear_emotion,0.062491998076438904,0.04442901536822319,0.0943845734000206,0.03854497894644737,0.3616146147251129,0.033198025077581406
youtube,post,iXTmUbPG1f0,"Roshow cerita nih pengalamannya pas main solo rank, liat deh ekspresinya ckckck",https://www.youtube.com/watch?v=iXTmUbPG1f0,,,neutral,2020-06-03 09:12:48+00:00,177,0,41,4142,0.5,259,304.142,,,neutral,0.7931954264640808,english,Mixed/Urban,no_clear_emotion,0.014572320505976677,0.00857962854206562,0.02158675342798233,0.009890398010611534,0.07823476940393448,0.05296088755130768
youtube,comment,UgwhEPIY55-RehXDGzh4AaABAg,Apa gua doang giliran mabar atau ga scrim selalu beban giliran main solo selalu mvp,,https://www.youtube.com/watch?v=iXTmUbPG1f0,iXTmUbPG1f0,negative,,5,0,0,0,0.14426958560943604,500,,"{'id': 'UC1w_GsH0REP7L6Z-8vnkRAg', 'name': '@akhdansinggalang177', 'thumbnails': 'https://yt3.ggpht.com/ytc/AIdro_lDqGIVh4x0xCrET5zE1CrFMCBEcLCx7FVPFzm4mAAvjvU=s88-c-k-c0x00ffffff-no-rj'}",0.0,negative,0.5191013813018799,multilingual,Unknown,surprise,0.02418128028512001,0.049014799296855927,0.01685391552746296,0.039955947548151016,0.14828841388225555,0.49858465790748596
youtube,comment,Ugzml0M9pyafrleuVml4AaABAg,Ngakak bang wkwkwwk,,https://www.youtube.com/watch?v=iXTmUbPG1f0,iXTmUbPG1f0,negative,, ,0,0,0,0.15148635506629943,0,,"{'id': 'UCGwiF8DawAGW7X2a3zoMeUw', 'name': '@ourobayeee', 'thumbnails': 'https://yt3.ggpht.com/2kF3oNfD4kRUaU3GXZIBxfIpVtjwODJhw-vXFyjQMVrpQ1T9pXZ4wzKw4fuCYXWrtEfwTzAUzQ=s88-c-k-c0x00ffffff-no-rj'}",0.0,negative,0.4950454831123352,multilingual,Unknown,love,0.04262097552418709,0.05940544232726097,0.03567100688815117,0.042920634150505066,0.5791711211204529,0.059823062270879745
youtube,comment,UgzHHeXY4GJiBlgAgX54AaABAg,Enak lagi kalo bisa pilih map,,https://www.youtube.com/watch?v=iXTmUbPG1f0,iXTmUbPG1f0,neutral,,3,0,2,0,0.5,322,,"{'id': 'UCPqc4w1HNZe-mBc3gJoBrJw', 'name': '@m.a.zamzami7251', 'thumbnails': 'https://yt3.ggpht.com/k0odiG4Bsu9XY_LvV64dP1hQRWIyIU9BUlAbxdvnsL0ZIEBuNqUKK1n-b2poxBpKZckr7vLtAQ=s88-c-k-c0x00ffffff-no-rj'}",0.0,neutral,0.7730896472930908,english,Mixed/Urban,love,0.04188089072704315,0.02190065011382103,0.07492261379957199,0.01427607424557209,0.7977418303489685,0.01665823720395565
youtube,comment,UgyKkLJjaqSTQfUdji94AaABAg,Thumbnail nya 😁,,https://www.youtube.com/watch?v=iXTmUbPG1f0,iXTmUbPG1f0,neutral,, ,0,0,0,0.5,0,,"{'id': 'UC6gExy5jfJReJdz-Ddlc9rw', 'name': '@MikhailHaqeen', 'thumbnails': 'https://yt3.ggpht.com/ytc/AIdro_kGyv-lQjKk6UbAk8lq4rBoH7sIzzhYDmINXE4YwQgrTu4=s88-c-k-c0x00ffffff-no-rj'}",0.0,neutral,0.5799954533576965,english,Mixed/Urban,love,0.028422515839338303,0.03089493326842785,0.10866205394268036,0.025443075224757195,0.4865555465221405,0.07387618720531464
youtube,comment,Ugwyr2t_XbVn6Ose3VR4AaABAg,Banyak orang main hardpoint itu habis rebut terus kabur padahal sudah tuh rebut kembali,,https://www.youtube.com/watch?v=iXTmUbPG1f0,iXTmUbPG1f0,neutral,,1,0,1,0,0.5,111,,"{'id': 'UCpbvQCvLYZIyuIM60uQZ8nw', 'name': '@rizzy3009', 'thumbnails': 'https://yt3.ggpht.com/ytc/AIdro_lzwdVhVO8CspGW9KDEhcIcugOK2RrZqiR0RKYkp68gmA=s88-c-k-c0x00ffffff-no-rj'}",0.0,neutral,0.7694658041000366,english,Mixed/Urban,love,0.0844278559088707,0.03995746374130249,0.029173070564866066,0.15974099934101105,0.44382449984550476,0.04908610135316849
youtube,comment,Ugzryv7VEKylXDvPrT14AaABAg,Mantap punya 2 Chanel bang roshow,,https://www.youtube.com/watch?v=iXTmUbPG1f0,iXTmUbPG1f0,neutral,, ,0,1,0,0.5,11,,"{'id': 'UC2aPIwF4Ay2N0KcLthurFJA', 'name': '@dimasputra4064', 'thumbnails': 'https://yt3.ggpht.com/ytc/AIdro_lftcz7wbqfv9ZygTPotsLO_tQBDI3DiyUHDagMbdIga6U=s88-c-k-c0x00ffffff-no-rj'}",0.0,neutral,0.8657324314117432,english,Mixed/Urban,love,0.05217592045664787,0.03273262828588486,0.24171650409698486,0.01522801723331213,0.5028126835823059,0.021817756816744804
youtube,comment,UgzNoJTn4d3i71q3Boh4AaABAg,First komen,,https://www.youtube.com/watch?v=iXTmUbPG1f0,iXTmUbPG1f0,neutral,, ,0,1,0,0.5,11,,"{'id': 'UCWCVFMbeq6exaSKq3G10CKA', 'name': '@kangcorjalan8673', 'thumbnails': 'https://yt3.ggpht.com/ytc/AIdro_mB8FuzyOKqMHxfPkEEiYVkbhnxXSbOAwQfHycBbJFFIos=s88-c-k-c0x00ffffff-no-rj'}",0.0,neutral,0.6528649926185608,english,Mixed/Urban,no_clear_emotion,0.028466172516345978,0.03253826126456261,0.07880404591560364,0.01643695868551731,0.042625099420547485,0.07164427638053894
youtube,comment,UgzkBemukowBJAb3tgp4AaABAg,Bang videonya jangan di kecilkan,,https://www.youtube.com/watch?v=iXTmUbPG1f0,iXTmUbPG1f0,neutral,, ,0,0,0,0.5,0,,"{'id': 'UCeSRKFBIAVIs41R52oHCIaw', 'name': '@kucingkokkotak1643', 'thumbnails': 'https://yt3.ggpht.com/QI-_uTxjRHY3uhLis4pZbN5siZ2FsdbP94W-Fri9zaWvxVqOZ5Xygr7w54XBMDNCYjHbbf8y=s88-c-k-c0x00ffffff-no-rj'}",0.0,neutral,0.7991797924041748,english,Mixed/Urban,love,0.06554702669382095,0.029811838641762733,0.046188630163669586,0.03293169289827347,0.7142540812492371,0.028671931475400925
youtube,comment,Ugwp21IYkMcrrDg4Acl4AaABAg,coba sensi lo turunin bang,,https://www.youtube.com/watch?v=iXTmUbPG1f0,iXTmUbPG1f0,negative,,1,0,0,0,0.10232694447040558,100,,"{'id': 'UCpCr1yQAZyMHsIiI-kHn7Tg', 'name': '@22_irfanwijaya50', 'thumbnails': 'https://yt3.ggpht.com/ytc/AIdro_nmVXsZ7kBJ_YLImyR5Cw3HyBurQLkt6tX6C_vkGL0LxSg=s88-c-k-c0x00ffffff-no-rj'}",0.0,negative,0.6589101850986481,multilingual,Unknown,love,0.16008026897907257,0.08231772482395172,0.11905887722969055,0.058570560067892075,0.3256833553314209,0.049157630652189255
youtube,comment,UgxcP9JQXW1vFrKla1x4AaABAg,"Kalo gua solo dari awal,emang temen gua gk ada yg main codm mentok sampe master V gk pernah ke legend :(",,https://www.youtube.com/watch?v=iXTmUbPG1f0,iXTmUbPG1f0,negative,, ,0,1,0,0.11543805599212645,11,,"{'id': 'UCSJAcBVEIJ3CUWesiGYkgXA', 'name': '@rifqilittlebit4760', 'thumbnails': 'https://yt3.ggpht.com/ytc/AIdro_kEDmjgcqcmP4nkYlt3ObwF-anCt0YyItV7SX6bX7j-tg=s88-c-k-c0x00ffffff-no-rj'}",0.0,negative,0.6152064800262451,multilingual,Unknown,surprise,0.012927078641951084,0.07977182418107986,0.013036184944212437,0.03725424408912659,0.030000345781445503,0.791719913482666
youtube,comment,Ugxvrt9wljwacQPrRPF4AaABAg,makanya jangan kebanyakan nyabun bang 😶,,https://www.youtube.com/watch?v=iXTmUbPG1f0,iXTmUbPG1f0,neutral,, ,0,0,0,0.5,0,,"{'id': 'UCOZKKMpBxyoRXY297mUAYNQ', 'name': '@calvinc714', 'thumbnails': 'https://yt3.ggpht.com/ytc/AIdro_lhzr-zmuiHqUrVFkFOCiOdRPTffXUrbOm4vaK3UX0=s88-c-k-c0x00ffffff-no-rj'}",0.0,neutral,0.9174467921257019,malay,Malay/Bumiputera,love,0.1502283811569214,0.03219366446137428,0.05348219722509384,0.024392710998654366,0.6168040633201599,0.018031861633062363
youtube,comment,UgyrMZqzmfIh9CB6IvZ4AaABAg,Rimo kalo upload jgn vidio lama lah,,https://www.youtube.com/watch?v=iXTmUbPG1f0,iXTmUbPG1f0,neutral,, ,0,1,0,0.5,11,,"{'id': 'UCcIIcBUOGN0PkOkGmFnK7Gw', 'name': '@rafly2593', 'thumbnails': 'https://yt3.ggpht.com/ytc/AIdro_kXHSxI0tWs_-BMt3P5kGRr3w82c9mV8IndVJN7FS7zbZ2Q=s88-c-k-c0x00ffffff-no-rj'}",0.0,neutral,0.8801445960998535,english,Mixed/Urban,love,0.07268033921718597,0.014354215934872627,0.033130157738924026,0.015562775544822216,0.5702018737792969,0.024022269994020462
youtube,comment,UgzBKS2zYpqc65VTpS14AaABAg,Bukan udh punya type 25yg lgend,,https://www.youtube.com/watch?v=iXTmUbPG1f0,iXTmUbPG1f0,negative,, ,0,1,0,0.10414296984672547,11,,"{'id': 'UC4Fs2wdHfsmgMik4-7ns8MA', 'name': '@decade5682', 'thumbnails': 'https://yt3.ggpht.com/C4E0c1I0AM0jsonQIuBZ5-zI3Zr0du4n519Yi1kEYkf7fsei6dCjJyoTaOf5pUZSXmwIO61OTQ=s88-c-k-c0x00ffffff-no-rj'}",0.0,negative,0.6528567671775818,multilingual,Unknown,love,0.07422611862421036,0.16487398743629456,0.04042660817503929,0.04636932164430618,0.2572946548461914,0.21819178760051727
youtube,comment,UgzRqf4ILqSnIY4kSqV4AaABAg,"Iya lo enak punya team ,gg pula , apalah daya gua solo player ,3 akun berhasil ke legendary pun karna HOKI :')",,https://www.youtube.com/watch?v=iXTmUbPG1f0,iXTmUbPG1f0,positive,,1,0,4,0,0.9072501957416534,144,,"{'id': 'UCV898SV9-3hfv-XhMSlwqwQ', 'name': '@muhamadjordisugrama3044', 'thumbnails': 'https://yt3.ggpht.com/6QByq4ujvbgCPxN9AGOn-j1s2FDxAIHcjcJvJQGN5jzFnyuQ7M4iRvZ14B9faQxV6XXfisTgPaU=s88-c-k-c0x00ffffff-no-rj'}",0.0,positive,0.6908339858055115,english,Mixed/Urban,happy,0.03666507452726364,0.1097327247262001,0.3126411437988281,0.02098315767943859,0.2555449604988098,0.06270667165517807
youtube,post,Swo85YJm-e8,GRADUR x  SDM -PAS SOLO ( instrumental) by el Rosario beat,https://www.youtube.com/watch?v=Swo85YJm-e8&list=RDSwo85YJm-e8&start_radio=1,,,neutral,2026-02-05 19:36:25+00:00,1,0,0,110,0.5,2,1.11,,,neutral,0.8961287140846252,english,Mixed/Urban,no_clear_emotion,0.04365842789411545,0.014658949337899685,0.06055670231580734,0.015866247937083244,0.13056711852550507,0.017917202785611153
youtube,post,7lM4c3lSfYc,"Budayakan Lek, Komen & Subrek yaa guys 😘 Jangan lupa bantu share juga ketemen2 kalian.. Agar Channel ini makin berkembang 😅❤ ======= 
======= 
Follow IG : @hi.khoooo
============== 
 👇👇👇
 Instagram :    / hi.khoooo  

TikTok : https://www.tiktok.com/@wislychannel?...
 
🔥CARA PAKE PRESET 1 :    • GINI CARA PAKAI PRESET XML/ GOGGLE DRIVE, ...  

❣️CARA NGATASIN LOADING SCREEN NGE STUCK, GA BISA LOGIN, MACET, LAYAR HITAM : 
   • GINI CARA NGATASIN LOADING SCREEN KALIAN Y...  

💥CARA PAKAI LOADING SCREEN TERBARU 2022 :    • Gini Cara Pasang Loading Screen FF Max Ter...  

tags :loading screen ff evos,
loading screen ff tik tok,
loading screen ff max,
loading screen ff rrq,
loading screen ff aura,
cara mengganti loading screen ff,
cara ubah loading screen ff,
cara mengubah loading screen ff,
cara buat loading screen ff,
cara bikin loading screen ff,
cara mengubah loading screen ff menjadi video,
cara mengganti loading screen ff terbaru,
cara mengganti loading screen ff terbaru 2021,
cara ubah loading screen ff evos,
cara membuat loading screen ff evos,
download loading screen ff,
script loading screen ff evos,
config loading screen ff evos,
loading ff,
ganti loading screen ff,
cara ganti loading screen ff,
green screen loading ff,
tutor ganti loading screen ff,
ganti loading screen ff jadi video,
loading screen mobile legends ff,
cara mengubah loading screen ff evos,
ff new loading screen,
cara mengganti loading screen ff pake video,
ff loading screen problem,
cara pasang loading screen ff,
cara merubah loading screen ff,
script loading screen ff,
tutor loading screen ff,
tutorial loading screen ff,
cara tukar loading screen ff,
ubah loading screen ff,
cara ubah loading screen ff video,
ff week 7 loading screen,
cara mengganti loading screen ff 2021,
cara ubah loading screen ff 2021

#TUTORIALLOADINGSCREENFF #tutorialloadingscreenff  #BUATFOTODIFF #buatfotodiff #tutorialloadingscreenff #loadingscreenmllb #loadingscreenffjedagjedug",https://www.youtube.com/watch?v=7lM4c3lSfYc,,,positive,2025-06-21 06:20:53+00:00,3,0,0,141,0.9359532475471496,4,3.141,,,positive,0.7865108251571655,english,Mixed/Urban,love,0.09475600719451904,0.05474451556801796,0.06605162471532822,0.061640482395887375,0.32685789465904236,0.07516106218099594
youtube,post,shfv-b2K3Cw,BIDADA RECORDS / JUNE 2012,https://www.youtube.com/watch?v=shfv-b2K3Cw&list=RDshfv-b2K3Cw&start_radio=1,,,neutral,2012-06-13 13:52:56+00:00,44,0,4,5411,0.5,102,61.411,,,neutral,0.898514449596405,english,Mixed/Urban,love,0.051604557782411575,0.02406013011932373,0.09898873418569565,0.01730354130268097,0.6353328824043274,0.019118869677186012
youtube,post,Qb9tW5BgN1Y,"#Gradur #SDM #PasSolo #LyricsVideo

🎵 Gradur – Pas Solo ft. SDM (Lyrics / Paroles Video)

Lyrics video for “Pas Solo” by Gradur featuring SDM, a hard-hitting francophone rap track packed with confident flows, heavy production, and raw street energy 🇫🇷🔥
The collaboration blends powerful delivery and sharp lyricism, showcasing the chemistry between Gradur and SDM.

Follow along with the lyrics (paroles) and dive into the intense vibe of this standout French rap release.

If you enjoyed the video, don’t forget to like, comment, and subscribe for more lyrics videos and international music.

📌 Disclaimer:
I do not own the rights to this song. All rights belong to Gradur, SDM, and the respective copyright holders. This video is made for promotional and entertainment purposes only.

📩 Copyright Notice:
If you are the copyright owner and would like this video removed, please contact me directly.

🏷️ TAGS

Gradur Pas Solo
Pas Solo Gradur
Gradur Pas Solo SDM
Pas Solo lyrics
Pas Solo paroles
Gradur lyrics
SDM lyrics
rap francais
french rap 2024
trap francais
street rap france
lyrics video
paroles video
trending french rap
pas solo song lyrics
#RapFrancais
#FrenchRap
#TrapFrancais
#Paroles
#NewMusic",https://www.youtube.com/watch?v=Qb9tW5BgN1Y&list=RDQb9tW5BgN1Y&start_radio=1,,,neutral,2026-02-11 14:49:52+00:00,9,0,0,988,0.5,18,9.988,,,neutral,0.5491917133331299,english,Mixed/Urban,happy,0.03932949900627136,0.035862769931554794,0.43778154253959656,0.019132500514388084,0.15030156075954437,0.036884065717458725
youtube,post,1IREJfCOduI,"Gradur, SDM - Pas Solo (Version Skyrock)",https://www.youtube.com/watch?v=1IREJfCOduI&list=RD1IREJfCOduI&start_radio=1,,,neutral,2026-02-13 18:33:04+00:00,6,0,0,686,0.5,12,6.686,,,neutral,0.8847813010215759,english,Mixed/Urban,no_clear_emotion,0.013199244625866413,0.009385950863361359,0.02846694178879261,0.011035026051104069,0.045025501400232315,0.02060609869658947
youtube,post,53S_unpsKFU,"35th Annual Print Artist Series Concert Series: Nathaniel Parker

Piano Sonata No. 23, Op. 57 “Appassionata” . Ludwig van Beethoven
    Allegro assai
    Andante con moto
    Allegro ma non troppo - Presto
 
Sonetto 104 del Petrarca, S. 161, No. 5  . . . . . . . . . . . . . . Franz Liszt

Gargoyles, Op. 29. . . . . . . . . . . . . . . . . . . . .   . . . .Lowell Liebermann
     Presto
     Adagio semplice, ma con molto rubato
     Allegro Moderato
     Presto feroce",https://www.youtube.com/watch?v=53S_unpsKFU&list=RD53S_unpsKFU&start_radio=1,,,neutral,2018-11-04 02:05:05+00:00,0,0,1,57,0.5,1,3.057,,,neutral,0.9976977705955505,malay,Malay/Bumiputera,love,0.09734819084405899,0.06121525168418884,0.046733494848012924,0.09413135796785355,0.6056789755821228,0.044761139899492264
youtube,post,unXx28oAJBE,"Gradur, SDM - Pas solo ( Version Skyrock )",https://www.youtube.com/watch?v=unXx28oAJBE&list=RDunXx28oAJBE&start_radio=1,,,neutral,2026-02-04 18:39:33+00:00,10,0,0,913,0.5,19,10.913,,,neutral,0.8935006856918335,english,Mixed/Urban,no_clear_emotion,0.01219366304576397,0.008089721202850342,0.026638749986886978,0.009988933801651001,0.04862816631793976,0.019715309143066406
youtube,post,JKxAbWYYatk,"Selamat datang di channel Moar official, Thank you sudah menonton, kalau suka dengan channel ini jagan lupa Like, Subscribe, dan nyalain loncengnya, Enjoy this video.... 
Disarankan kalau bisa 720p60 atau 1080p60, biar kualitas video bagus. 

Moarofficial #rubymobilelegends#MLBB


Aku hanya publik yang masih pemula 

📌My video just for entertainment purpose only. 

Device : Oppo A57


#ruby 
#Moarofficial
#MLBB
#rubybestbuild
#gameplayruby2024


Tag spesial

Gameplay Top Global ruby, best build ruby, tutorial ruby mobile legends, tutorial ruby sakit, tutorial ruby combo, tutorial ruby offlaner, tutorial ruby mobile legend, tutorial ruby terbaru 2024, tips and trik ruby, build ruby, build ruby, ruby mobile legends best build, ruby best build, ruby build ml, ruby damage build, ruby gameplay tutorial, ruby mobile legends gameplay, ruby mlbb, ruby best build and emblem, ruby best build, ruby best build and combo, ruby top 1 global emblem, ruby top 1 global build, ruby best build top 1 global, ruby gameplay, top global ruby, mobile legends

#ruby #buildrubyterbaru #mlbb",https://www.youtube.com/watch?v=JKxAbWYYatk,,,negative,2024-03-19 13:14:56+00:00,6,0,3,768,0.12645836770534516,16,15.768,,,negative,0.5784721076488495,multilingual,Unknown,love,0.07561294734477997,0.06144373118877411,0.029537301510572433,0.16707490384578705,0.47467395663261414,0.07335860282182693
youtube,comment,UgzihQcsfgk0sJTg-WF4AaABAg,semangat bang👍,,https://www.youtube.com/watch?v=JKxAbWYYatk,JKxAbWYYatk,negative,,1,0,0,0,0.1516328752040863,100,,"{'id': 'UCdPCyZRTQumeWGN20k8VrpQ', 'name': '@jembutireng7414', 'thumbnails': 'https://yt3.ggpht.com/ytc/AIdro_l1eCqfi2vVSTgt58n4ZoII4Z6Wwk9mDV9GmvRrRuZhMPU=s88-c-k-c0x00ffffff-no-rj'}",0.0,negative,0.49455708265304565,multilingual,Unknown,no_clear_emotion,0.11218120157718658,0.041690558195114136,0.09778780490159988,0.019564179703593254,0.11167086660861969,0.030533630400896072
youtube,comment,UgzccYipCpRRgZZB9E94AaABAg,Hai,,https://www.youtube.com/watch?v=JKxAbWYYatk,JKxAbWYYatk,neutral,,1,0,1,0,0.5,111,,"{'id': 'UCgjkDvrmgOPwqMqzXc19F4g', 'name': '@angelalanang2469', 'thumbnails': 'https://yt3.ggpht.com/r7msK2o04eGLmIUkWLXeHsBbtzz6lwfcNIKgBagFSdM4urVGvE-XGKR9QJi4jpznRkPm0QMR=s88-c-k-c0x00ffffff-no-rj'}",0.0,neutral,0.5151814222335815,english,Mixed/Urban,love,0.1165347546339035,0.060685835778713226,0.13652998208999634,0.054862942546606064,0.37223297357559204,0.05038924515247345
youtube,post,mEqDgOYoZ4Y,"Early Game Susah? Pakai Benedettank untuk kasih preassure ke musuh.

Music dari NoCopyrightSounds.
http://spoti.fi/NCS​

------------------
Tag
#Benedetta ##Benedettank #mlbb #Tank #Alchephys",https://www.youtube.com/watch?v=mEqDgOYoZ4Y,,,neutral,2021-08-04 17:55:23+00:00,0,0,0,8,0.5,0,0.008,,,neutral,0.8742037415504456,english,Mixed/Urban,love,0.2022145539522171,0.033509235829114914,0.04436473548412323,0.05057285726070404,0.33777445554733276,0.028061406686902046
youtube,post,Nzkyubw_qVk,"Jadi gua lagi solo rank, trus Voice nya di on, suaranya cewe wkwk..

Dukung Gua Dengan Cara
Like. Komen. Share. Dan
Subscribe.

      Udah gitu aja


Instagram: guahendrii_



#CEWEK #PROPLAYER# MLBB",https://www.youtube.com/watch?v=Nzkyubw_qVk,,,neutral,2020-07-17 14:10:23+00:00,30,0,4,1928,0.5,53,43.928,,,neutral,0.8955515623092651,english,Mixed/Urban,no_clear_emotion,0.025236330926418304,0.02160784974694252,0.0549016110599041,0.019323378801345825,0.25425273180007935,0.06352634727954865
youtube,comment,UgwFn8yjkeOypOhxwct4AaABAg,Nice dah aku subscribe moga maju yah,,https://www.youtube.com/watch?v=Nzkyubw_qVk,Nzkyubw_qVk,positive,,2,0,1,0,0.9607592642307281,211,,"{'id': 'UCa5kzeJTZj_Pdbz1mF6MoiQ', 'name': '@ardanisuhod9204', 'thumbnails': [{'url': 'https://yt3.ggpht.com/rqtxQWMWNXrJVekKQbCMKW0KdelTRcDSx7WOADOmetAbqsZEw1BHpp32t_13f7zEd2WeREy_=s88-c-k-c0x00ffffff-no-rj', 'width': 88, 'height': 88}]}",0.0,positive,0.8691975474357605,english,Mixed/Urban,happy,0.03664226830005646,0.08344276994466782,0.470896452665329,0.02396259643137455,0.29735317826271057,0.04816248267889023
youtube,comment,UgzTdJcg-r27wzP4GOR4AaABAg,"Suara ngerusuk """,,https://www.youtube.com/watch?v=Nzkyubw_qVk,Nzkyubw_qVk,negative,,1,0,1,0,0.12209175825119017,111,,"{'id': 'UC-IOSgRGKJTfZwjVMyihtjQ', 'name': '@rifkifajriansyah304', 'thumbnails': [{'url': 'https://yt3.ggpht.com/ytc/AIdro_kriQdrxjg11WaDg4ycwE1zq5AzF4CZP3oUwVrUyaY=s88-c-k-c0x00ffffff-no-rj', 'width': 88, 'height': 88}]}",0.0,negative,0.5930274724960327,multilingual,Unknown,love,0.15872810781002045,0.02896404266357422,0.0833423063158989,0.023930275812745094,0.3735167384147644,0.021286986768245697
youtube,post,2hGI6gD4DLU,"bantu support ya 
#mobilelegends #mlbb #story #mlbbhighlights",https://www.youtube.com/watch?v=2hGI6gD4DLU,,,neutral,2024-07-25 18:42:31+00:00,1,0,0,1,0.5,1,1.001,,,neutral,0.6986852884292603,english,Mixed/Urban,love,0.05851216986775398,0.030156325548887253,0.06096593663096428,0.03172718733549118,0.7482101321220398,0.014991934411227703
youtube,post,XXs1qegpxxc,"SUBSCRIBE YA
JANGAN LUPA LIKE NYA JUGA



DAN KALIAN BISA COMEN MAU GAMEPLAY APA LAGI OKE....",https://www.youtube.com/watch?v=XXs1qegpxxc,,,negative,2020-07-21 02:40:14+00:00,5,0,1,18,0.16658669114112853,6,8.018,,,negative,0.44471102952957153,multilingual,Unknown,no_clear_emotion,0.10186968743801117,0.08882652223110199,0.04595743492245674,0.03577681630849838,0.09277769923210144,0.16688528656959534
youtube,comment,UgxCe0y0hkDRS3pfUS14AaABAg,"Gampe play yuzhong solo rank ,",,https://www.youtube.com/watch?v=XXs1qegpxxc,XXs1qegpxxc,negative,,1,0,0,0,0.14812937825918196,100,,"{'id': 'UCmbUVFM2GQZDejdmbG7ciFQ', 'name': '@khelmi6151', 'thumbnails': [{'url': 'https://yt3.ggpht.com/ytc/AIdro_lco_W9q6C7xNC3AVl1EgtAwolkL05eQwNBUnU9DAV1wXM=s88-c-k-c0x00ffffff-no-rj', 'width': 88, 'height': 88}]}",0.0,negative,0.5062354058027267,multilingual,Unknown,no_clear_emotion,0.1023140624165535,0.014615279622375965,0.055078234523534775,0.017995497211813927,0.2234824299812317,0.01711258292198181
youtube,post,R2yXSml7tfg,"“Je ne sais pas” — meaning “I don’t know” — is my soulful Afro-fusion song about love, doubt, and the fear of losing someone you can’t let go of.
Solo Version",https://www.youtube.com/watch?v=R2yXSml7tfg&list=RDR2yXSml7tfg&start_radio=1,,,neutral,2025-11-22 12:58:48+00:00,4,0,1,97,0.5,5,7.097,,,neutral,0.6810610890388489,english,Mixed/Urban,sadness,0.08230157196521759,0.3380061984062195,0.1061340793967247,0.35352233052253723,0.08018641918897629,0.024658232927322388
youtube,post,W66Zq5pfFL4,Subscript saya,https://www.youtube.com/watch?v=W66Zq5pfFL4,,,negative,2021-07-03 09:12:00+00:00,1,0,0,5,0.13276858627796173,1,1.005,,,negative,0.5574380457401276,multilingual,Unknown,no_clear_emotion,0.1585669368505478,0.08708320558071136,0.0851028636097908,0.07271583378314972,0.16040095686912537,0.07415386289358139
youtube,post,sbGJlodlELY,"The Best Gameplay Natan, Best Build and Emblem Natan mobile legends gameplay pro player, Natan best build tersakit and emblem 2025, Natan top 1 global, Build Natan tersakit 2025. Best Build and Emblem!! - Build Top 1 Global Natan ~ MLBB ~ Mobile Legends ~ Mobile Legend ~ Mobile Legends: Bang Bang
_______________________________________________________________________________________________
Selamat datang di Channel Lazyyy. , Tujuan Bermain Mobile legends Dengan Have Fun . Di sini, Anda akan menemukan Tutorial Penguasaan Bermain Mobile Legends Bang Bang, Mikro/Makro Penguasaan Hero & Kelucuan  Seputar Mobile Legends  yang akan membawa pengalaman bermain game Anda ke level selanjutnya atau Hanya Sekedar Hiburan Saja.

Don't forget to LIKE, SHARE and SUBSCRIBE :)
Happy Watching & Watching Until The End


Jangan Lupa Follow 
INSTAGRAM: 12novandi
  / 12novandi  

TIKTOK: @lazyy_12
  / lazyy_12  

Youtube: Lazyyy.
   / @lazyyy  .


#mobilelegends #mobilelegendsbangbang #mlbb #mobilelegend #mlbbidcreator #mobilelegendsindonesia #mobilelegendstipsandtricks #mobilelegendsid #lazyyy 
#natan #natanmontage #natanmobilelegends #natan1vs5moments #natanml #natanmaniac #natanmlbb #natanbrokendamage #natanbuild #natanbuild #natanbestbuild #natantutorial #natantiktok #natantopglobal #natangameplay #natansavage",https://www.youtube.com/watch?v=sbGJlodlELY,,,positive,2025-04-02 02:00:38+00:00,0,0,0,1,0.974509036540985,0,0.001,,,positive,0.9150301218032837,english,Mixed/Urban,sadness,0.08880110830068588,0.10371082276105881,0.04223046079277992,0.34182021021842957,0.2710956335067749,0.0760437622666359
youtube,post,mCs8l6wkeJ8,"Terimakasih yang sudah mau mampir, Jangan lupa Untuk Like dan SUBSCRIBE karena itu GRATIS... 

Di video kali ini gw akan memberikan video gameplay dari hero yang bagus TERUTAMA SAAT SOLO RANKED.

Jadi silahkan menonton video gw tersebut meski gw sendiri BUKAN sebagai PRO PLAYER tapi gw akan membagi pengalaman gw



Tips Solo Ranked
Gameplay Yu Zhong
Build Yu Zhong
Build Yu Zhong Terbaru
Build Yu Zhong 2024
Build Tersakit Yu Zhong
Yu Zhong Tutorial
Top Global Yu Zhong
Tips Yu Zhong
Player solo
Solo Ranked
Ranked
MLBB
MobileLegends

#mobilelegends #MLBB #yuzhong #solorank #tutorial",https://www.youtube.com/watch?v=mCs8l6wkeJ8,,,positive,2024-08-18 15:21:12+00:00,4,0,1,65,0.9994040846824646,5,7.065,,,positive,0.9980136156082153,malay,Malay/Bumiputera,sadness,0.11834561824798584,0.1165308803319931,0.024686945602297783,0.33938178420066833,0.18286782503128052,0.12388535588979721
youtube,post,WbElF6O-EHE,"halo semuanya... terimakasih yang sudah menonton
Tetap dukung channel ini dengan like komen dan subscribe
Yok sawer pas aku live:
https://saweria.co/Radencokro
jangan lupa follow juga di instagram ya
@alif_lam_sukun

#mlbb
#radencokro",https://www.youtube.com/watch?v=WbElF6O-EHE,,,positive,2023-11-14 06:00:11+00:00,2,0,0,6,0.9993910491466522,2,2.006,,,positive,0.9979701638221741,malay,Malay/Bumiputera,love,0.05171731859445572,0.032090675085783005,0.03464626520872116,0.053599607199430466,0.5855385065078735,0.09058374911546707
youtube,post,QVsZ51nHt8k,"halo guys welcome back to my channel 
kali ini saya review elite pass yg baru 


jangan lupa subcribe :    / variell1  
like dan share juga
........    

join my discord :   / discord  

ok sampai bertemu lagi di next video 


bye bye ........




walaupun kalah tetap berjuang karna kemenangan tidak indah jika anda tidak pernah berjuang ...

hehe",https://www.youtube.com/watch?v=QVsZ51nHt8k,,,positive,2020-09-20 14:19:50+00:00,13,0,9,43,0.9993389606475829,22,40.043,,,positive,0.9977965354919434,malay,Malay/Bumiputera,love,0.09861721843481064,0.03312017768621445,0.04387171193957329,0.14269043505191803,0.6203634738922119,0.017539305612444878
youtube,comment,Ugxm3vA31NuhO6tX3qB4AaABAg,Bang main among us,,https://www.youtube.com/watch?v=QVsZ51nHt8k,QVsZ51nHt8k,neutral,,4,0,4,0,0.5,444,,"{'id': 'UCW2UrLjni6xMij-eppCd0IA', 'name': '@hoshinoAKP', 'thumbnails': 'https://yt3.ggpht.com/TeQTd1WcBv993XeuF8QxdUJOBkYZ4jgEYf4MoK-Q4RaGnY_2DDGXxsBoJf3l91-S8JLY_zbpuw=s88-c-k-c0x00ffffff-no-rj'}",0.0,neutral,0.8107263445854187,english,Mixed/Urban,no_clear_emotion,0.0850682482123375,0.03031856007874012,0.17962078750133514,0.024227458983659744,0.22313793003559113,0.029871931299567223
youtube,comment,Ugyh-7j_Y5wSeOzpkoN4AaABAg,👍🏻👍🏻🇮🇩,,https://www.youtube.com/watch?v=QVsZ51nHt8k,QVsZ51nHt8k,positive,,1,0,0,0,0.8714138269424438,100,,"{'id': 'UCcTm2SYdIQ3hn6e_7oIps8w', 'name': '@RafaelMorrisonn', 'thumbnails': 'https://yt3.ggpht.com/mRDFQGCvQ-dJtz9NTx6PiyvJT3akGiVUu2jmz3y6vHcZdO9I55EHotujMgA7UQZl35kNHqpa=s88-c-k-c0x00ffffff-no-rj'}",0.0,positive,0.5713794231414795,multilingual,Unknown,love,0.047652509063482285,0.033867016434669495,0.10240090638399124,0.03652235493063927,0.5367982983589172,0.03900688886642456
youtube,comment,UgyfgORw0jlEA1HJNuF4AaABAg,Menurut ku layar di lebarkan,,https://www.youtube.com/watch?v=QVsZ51nHt8k,QVsZ51nHt8k,neutral,,3,0,1,0,0.5,311,,"{'id': 'UCBfmi-4eYSLcGPsoR1bQRjQ', 'name': '@ReyzoSamp', 'thumbnails': 'https://yt3.ggpht.com/8nKEFz9Sg7Z0IRFZ83FoXM893R4QIIoALwdpd4wme0yNUYMuBAv8TyHUbDS0lJj3cFyDmx4d=s88-c-k-c0x00ffffff-no-rj'}",0.0,neutral,0.793326199054718,english,Mixed/Urban,love,0.10718949139118195,0.04682593420147896,0.11463397741317749,0.03597832843661308,0.35707613825798035,0.04025822877883911
youtube,post,_l4HNZPyTBI,"Thank you sudah menonton video ini. Jika kamu menyukai video ini, bisa di like dan subscribe yaa, semoga menghibur :)

Instagram :   / agamlaa  
Tiktok : tiktok.com/@agamlatifullah_

Kalau kalian punya saran untuk channel ini, bisa ketik di kolom komentar. Supaya channel ini bisa lebih berkembang untuk kedepannya",https://www.youtube.com/watch?v=_l4HNZPyTBI,,,positive,2023-12-07 12:43:41+00:00,2,0,2,35,0.9994014918804168,4,8.035,,,positive,0.9980049729347229,malay,Malay/Bumiputera,love,0.04797189310193062,0.06691665202379227,0.23643870651721954,0.043519094586372375,0.4344785213470459,0.08102148026227951
youtube,comment,UgzK8Z_X-CVjrHQt-Fl4AaABAg,"Akhirnya yg pertama,",,https://www.youtube.com/watch?v=_l4HNZPyTBI,_l4HNZPyTBI,neutral,,1,0,0,0,0.5,100,,"{'id': 'UCGv5iJuunfg5cId4kZMOdRA', 'name': '@moderatorkg6760', 'thumbnails': 'https://yt3.ggpht.com/e6ddvX9rSIHBCQldVl20KOOExl9ajIYu5aH6RbGfsZFsldW33Zu1TGDVDoWqJEvZeVyEVToUzw=s88-c-k-c0x00ffffff-no-rj'}",0.0,neutral,0.7839478850364685,english,Mixed/Urban,love,0.1112510934472084,0.10919585824012756,0.13095778226852417,0.09883030503988266,0.22144797444343567,0.13213445246219635
youtube,comment,UgxdCi89QAKP912kXu14AaABAg,Hi bg hehe,,https://www.youtube.com/watch?v=_l4HNZPyTBI,_l4HNZPyTBI,positive,,1,0,0,0,0.8494081079959869,100,,"{'id': 'UCGv5iJuunfg5cId4kZMOdRA', 'name': '@moderatorkg6760', 'thumbnails': 'https://yt3.ggpht.com/e6ddvX9rSIHBCQldVl20KOOExl9ajIYu5aH6RbGfsZFsldW33Zu1TGDVDoWqJEvZeVyEVToUzw=s88-c-k-c0x00ffffff-no-rj'}",0.0,positive,0.4980270266532898,english,Mixed/Urban,no_clear_emotion,0.1439388394355774,0.13641352951526642,0.12881045043468475,0.09461139887571335,0.18550683557987213,0.12245117127895355
youtube,post,pxCeVACSGv0,"28 - 29 April 2023. Pertama kali camp di pinggir telaga. Diluar ekspektasi, berharap dapet view senja di telaga cebong dan sunrise di bukit sikunir. Eh tapi malah cuaca kurang mendukung, pusing ga tu. Tontonin sampe akhir ya.

Enjoy the video, semoga suka!

Follow me on
Instagram: https://instagram.com/nvaayu__?igshid=Y2ZmNzg0YzQ=
Tiktok: https://www.tiktok.com/@nvaayu__?_t=8ZTSQVzFNRa&_r=1

#solocamping #bukitsikunir #telagacebong",https://www.youtube.com/watch?v=pxCeVACSGv0,,,neutral,2023-05-04 12:46:24+00:00,51,0,12,1429,0.5,77,88.429,,,neutral,0.7536170482635498,english,Mixed/Urban,fear,0.23595933616161346,0.5408769249916077,0.05156044661998749,0.0483364462852478,0.046554647386074066,0.03374140337109566
youtube,comment,UgzgqPJek2uivIx2tBt4AaABAg,satu hobi 🍃,,https://www.youtube.com/watch?v=pxCeVACSGv0,pxCeVACSGv0,neutral,,1,0,0,0,0.5,100,,"{'id': 'UCIFH0ad5-ZMNGKO9B5oQC4w', 'name': '@petualangresahhh', 'thumbnails': 'https://yt3.ggpht.com/klsYbDV3PulIsSI32M5zZeX_H_n2Wfeb8trY4cbPxdskPQ_yw5k8WN65gj7sZICvN7b-3lwp=s88-c-k-c0x00ffffff-no-rj'}",0.0,neutral,0.6056857109069824,english,Mixed/Urban,no_clear_emotion,0.15903311967849731,0.14264389872550964,0.12442388385534286,0.09891697019338608,0.17704135179519653,0.11999017000198364
youtube,comment,UgxN1WklkD2rzRF4ewB4AaABAg,"Semangat kawan 🤝
Salam satu hobi
Banyuwangi nyimak ☝️",,https://www.youtube.com/watch?v=pxCeVACSGv0,pxCeVACSGv0,positive,,2,0,0,0,0.9156971514225005,200,,"{'id': 'UCqUJtmTTG2jjizHcV7mnBvw', 'name': '@campersbwi.99', 'thumbnails': 'https://yt3.ggpht.com/CiPEjRNyQ-naaexCMFrGUEVwd7aSjiCtmUioQCsFqqm4QfPqhsdN4DVlnl0iuHw6FbkqMwAqRQ=s88-c-k-c0x00ffffff-no-rj'}",0.0,positive,0.7189905047416687,english,Mixed/Urban,love,0.039972975850105286,0.009393969550728798,0.05526324734091759,0.01866922341287136,0.709311842918396,0.01635667122900486
youtube,comment,UgwjFlLRSQhK3gTqdn14AaABAg,Smngt kak,,https://www.youtube.com/watch?v=pxCeVACSGv0,pxCeVACSGv0,negative,, ,0,0,0,0.11259175837039948,0,,"{'id': 'UCMbVhLaIWdsAMPruniWmzfw', 'name': '@zonajenaa', 'thumbnails': 'https://yt3.ggpht.com/fCgu7dGkY57u46Twiq1Hy6jimiWkSEmyNSO5SWTKlv7WRJsD_Bg6Zubde_aBm2bLRcFMWoi0Qg=s88-c-k-c0x00ffffff-no-rj'}",0.0,negative,0.6246941387653351,multilingual,Unknown,love,0.15309594571590424,0.12345750629901886,0.10786855220794678,0.09993406385183334,0.2169177383184433,0.12100417166948318
youtube,comment,Ugz3ZQAioYxYhmJQLft4AaABAg,Wih keren kakak. Pemberani. Keep safety ya kak. Sehat dan sukses selalu. Salam kenal dari Dhiasyafa Channel yaa👋👏👍,,https://www.youtube.com/watch?v=pxCeVACSGv0,pxCeVACSGv0,positive,,1,0,0,0,0.9801025554537772,100,,"{'id': 'UCPH6Y9Iqyp7hQ9XYd-D5egg', 'name': '@DhiasyafaChannel', 'thumbnails': 'https://yt3.ggpht.com/OPJ9eETV4osuSAktIDOARF2n668G5aV1t5-jVtLM1EMnGoY1l5OLJSvj7LljjTHZKZ6l1ZXuXsk=s88-c-k-c0x00ffffff-no-rj'}",0.0,positive,0.9336751848459244,multilingual,Unknown,happy,0.039226703345775604,0.04430664703249931,0.6441383361816406,0.017155002802610397,0.1752677857875824,0.020185889676213264
youtube,comment,UgwQwJeMPkb30MKeH2t4AaABAg,"Semangat kk salam kenal teman baru sangat memotivasi luar biasa,,,",,https://www.youtube.com/watch?v=pxCeVACSGv0,pxCeVACSGv0,positive,, ,0,1,0,0.914547860622406,11,,"{'id': 'UCcMee7HfnfkID17gUP_A9tA', 'name': '@oivlogs', 'thumbnails': 'https://yt3.ggpht.com/Mh_a2RgYzSmkNWTOi8Ja8YpgfW5-mp8HF3tbQPL08aPhWLxC9luaNDUTduIk9D2hKMGdO68thg=s88-c-k-c0x00ffffff-no-rj'}",0.0,positive,0.71515953540802,multilingual,Unknown,happy,0.026314841583371162,0.040927454829216,0.6143439412117004,0.01533898338675499,0.09122826904058456,0.030649902299046516
youtube,comment,UgztiIuO4UlkM7Ha4M14AaABAg,"mantaaap kali kaka
semangaaaat semangaaat
sukses & sehat sellu ya ka
semoga cepat nyampe 100rb sub",,https://www.youtube.com/watch?v=pxCeVACSGv0,pxCeVACSGv0,neutral,, ,0,1,0,0.5,11,,"{'id': 'UCXJvmp0Jvp3erWQydHRMN0Q', 'name': '@Ali_Roadtrip', 'thumbnails': 'https://yt3.ggpht.com/boURqXP-L82Y2H2-QHLFwJTWcZfcVGvly1n4vrTaq46pND5N_gBrWPVD7P8y8BeRDBmWOLOi=s88-c-k-c0x00ffffff-no-rj'}",0.0,neutral,0.8569517135620117,english,Mixed/Urban,happy,0.03391130641102791,0.0700758844614029,0.6966198682785034,0.013501619920134544,0.14174100756645203,0.01799469254910946
youtube,post,cKiwLNF_UV8,"NGERASA DI AWASIN SOSOK GAK BERWUJUD PAS SOLO HIKING PERTAMA KALI || PUNCAK LALANA CIAMPEA BOGOR

Pertama kali solo hiking apakah jadi pendakian yg horror? 

Haiii temen-temen! Seneng banget akhirnya bisa aktif lagi di Channel yg udah mati suri ini hihi. Kali ini aku buat vlog pertama kali solo hiking. Jujur agak ngeri-ngeri sedep👻 tapi seru banget langsung tonton sampe akhir yaa!

Oiya aku bakal terus buat vlog tentang main di Alam nih! Biar tetep semangat buat videonya, kamu bisa bantu SUBSCRIBE, LIKE, COMMENT, dan SHARE ke semua social media kamu✨

I hope u enjoy this video! Selamat menonton🌲
————————————————
Follow another social media:
•Instagram 
  / azizahabqoriyah_  
•Tiktok

https://www.tiktok.com/@azizahabqoriy...
•Email
Abqoriyahnur71@gmail.com


Tags:
Pendakian gunung sendiri
Solo hiking pertama kali
Pendakian gunung
Pendakian gunung yang cocok untuk pemula
Gunung untuk pendaki pemula
Latihan fisik sebelum pendakian
Gangguan saat solo hiking
Solo hiking perempuan
Pendak perempuan sendiri
Gunung indonesia untuk pendaki pemula
Wisata alam di bogor
Tempat healing di bogor
Latihan trekking
Solo hiking wanita
Solo hiking gunung
Gunung yang cocok untuk pendaki pemula",https://www.youtube.com/watch?v=cKiwLNF_UV8,,,negative,2023-01-12 09:13:28+00:00,45,0,8,271,0.12578798085451126,55,69.271,,,negative,0.5807067304849625,multilingual,Unknown,no_clear_emotion,0.06818478554487228,0.1153949648141861,0.08828739076852798,0.040846481919288635,0.10432034730911255,0.1642598658800125
youtube,comment,Ugx59JPdfKZljnwXc-p4AaABAg,Nice,,https://www.youtube.com/watch?v=cKiwLNF_UV8,cKiwLNF_UV8,positive,,0,0,0,0,0.877514100074768,0,,"{'id': 'UCApcmzfMRp-KsJ2UwBgUJqg', 'name': '@udanudan_u7857', 'thumbnails': [{'url': 'https://yt3.ggpht.com/ytc/AIdro_leQMPNs8fJl38aQz7X49IQdNjP-2F_WE5A-ESbTMRAOg=s88-c-k-c0x00ffffff-no-rj', 'width': 88, 'height': 88}]}",0.0,positive,0.5917136669158936,english,Mixed/Urban,love,0.0982847660779953,0.0845530703663826,0.13704825937747955,0.0594044104218483,0.3142802119255066,0.09392223507165909
youtube,comment,UgxbjnJTWggMnXrD6EF4AaABAg,Wahhh,,https://www.youtube.com/watch?v=cKiwLNF_UV8,cKiwLNF_UV8,positive,,0,0,0,0,0.8343140885233878,0,,"{'id': 'UC3cIOLIkkhN4g59iGksBCeA', 'name': '@julianazulfikar3875', 'thumbnails': [{'url': 'https://yt3.ggpht.com/ytc/AIdro_mhRZb3vp_Cdd_w4_JxTseqLdVKeEtTnzs1n_8F4FYnnw=s88-c-k-c0x00ffffff-no-rj', 'width': 88, 'height': 88}]}",0.0,positive,0.44771362841129303,multilingual,Unknown,love,0.2493622601032257,0.0787602961063385,0.08210666477680206,0.03759129345417023,0.26024484634399414,0.05089477449655533
youtube,comment,UgzcPAGztdPX6eCtFih4AaABAg,🔥🔥🔥,,https://www.youtube.com/watch?v=cKiwLNF_UV8,cKiwLNF_UV8,positive,,0,0,0,0,0.8714138269424438,0,,"{'id': 'UCa0arufM57DH8dZKuZQlHcQ', 'name': '@poncoajipamungkas9762', 'thumbnails': [{'url': 'https://yt3.ggpht.com/ytc/AIdro_naCIs0YelKYOZJWEDNqQKHRUicuO9CFUI_5LpSk6bzIEc=s88-c-k-c0x00ffffff-no-rj', 'width': 88, 'height': 88}]}",0.0,positive,0.5713794231414795,multilingual,Unknown,love,0.1640661060810089,0.11686228215694427,0.13225270807743073,0.10279060155153275,0.21539954841136932,0.09343886375427246
youtube,comment,UgzcBazRvJ2Kasa3xZV4AaABAg,Semangaaaatt kaka... Subscribe gaissss... 🔥🔥🔥,,https://www.youtube.com/watch?v=cKiwLNF_UV8,cKiwLNF_UV8,positive,,0,0,0,0,0.9194077908992767,0,,"{'id': 'UCm9VZpX_1IzPyAuF542B3mw', 'name': '@anitanuzroh6', 'thumbnails': [{'url': 'https://yt3.ggpht.com/ytc/AIdro_mHiB9-1ThCutZffbFe_YcQT-P3vi8Yh3OMUfGi8K3nMgk=s88-c-k-c0x00ffffff-no-rj', 'width': 88, 'height': 88}]}",0.0,positive,0.7313593029975891,english,Mixed/Urban,love,0.07249223440885544,0.023641269654035568,0.08045748621225357,0.01633569411933422,0.6858462691307068,0.01646307483315468
youtube,comment,Ugw-AXLTRY8djKmkTDR4AaABAg,gokil🔥🔥,,https://www.youtube.com/watch?v=cKiwLNF_UV8,cKiwLNF_UV8,positive,,0,0,0,0,0.924148792028427,0,,"{'id': 'UCBhVeKRW6eXJppNDngMW27w', 'name': '@shintacahyanaputri5007', 'thumbnails': [{'url': 'https://yt3.ggpht.com/ytc/AIdro_noyxx3Z02PWeZ2WOR4hHiMMQjKdZoxTMXgGcl5xSwGDQ=s88-c-k-c0x00ffffff-no-rj', 'width': 88, 'height': 88}]}",0.0,positive,0.7471626400947571,english,Mixed/Urban,love,0.14319969713687897,0.06871245801448822,0.10877449810504913,0.054996736347675323,0.4011068344116211,0.05202668905258179
youtube,comment,Ugw0YIAT5dhc07FrphJ4AaABAg,Berani bgt mbakk😍,,https://www.youtube.com/watch?v=cKiwLNF_UV8,cKiwLNF_UV8,positive,,0,0,0,0,0.9426537632942199,0,,"{'id': 'UC_Z6bjTYKCdYzO4duhFWSZA', 'name': '@Nurhayati-vc1po', 'thumbnails': [{'url': 'https://yt3.ggpht.com/ytc/AIdro_mVYsh4_7tPnhk4WYSdJnsULsk1BHYmbthLeH2eoiV5JeggNIweaGnRuf_CWe9Mf5bHig=s88-c-k-c0x00ffffff-no-rj', 'width': 88, 'height': 88}]}",0.0,positive,0.8088458776473999,english,Mixed/Urban,love,0.047294873744249344,0.02493669092655182,0.03651854768395424,0.02326285094022751,0.8114503026008606,0.01548298355191946
youtube,comment,Ugy2XIFDyeiYqR9_DsB4AaABAg,Mampir mbak,,https://www.youtube.com/watch?v=cKiwLNF_UV8,cKiwLNF_UV8,neutral,,0,0,0,0,0.5,0,,"{'id': 'UCYp0PUDpT1yak9JIjvGm_CQ', 'name': '@bybo01', 'thumbnails': [{'url': 'https://yt3.ggpht.com/Zt0eVtA6j6_wSsxmQ3B_geqSy7Z3xqqRhONWQJqDATYvp0yMCNu-CjIlMDGpzQmlCwySqXy9Dw=s88-c-k-c0x00ffffff-no-rj', 'width': 88, 'height': 88}]}",0.0,neutral,0.7927978038787842,english,Mixed/Urban,love,0.17622822523117065,0.11960216611623764,0.12964802980422974,0.10420875251293182,0.21739539504051208,0.09918714314699173
youtube,comment,UgzTqvREY7_qR9mIPDV4AaABAg,ka jijahh berani bgtt🥺😭,,https://www.youtube.com/watch?v=cKiwLNF_UV8,cKiwLNF_UV8,neutral,,0,0,0,0,0.5,0,,"{'id': 'UCxDLTxhO2H-NjL8LETth6EA', 'name': '@fidafajrien6362', 'thumbnails': [{'url': 'https://yt3.ggpht.com/ytc/AIdro_kr9ZWU_rXQya2MT7kBTxO4f6P_G6GE4ZJJlAELhhTvOxc=s88-c-k-c0x00ffffff-no-rj', 'width': 88, 'height': 88}]}",0.0,neutral,0.5195844769477844,english,Mixed/Urban,love,0.12518496811389923,0.14887918531894684,0.04383309558033943,0.05513788014650345,0.4868043065071106,0.03774647414684296
youtube,post,ZMUvTvthuWE,"Link untuk sawer :

https://sociabuzz.com/rendypratama_26...

----------------------------------------------------------------

©CREDITS MUSIC

Joakim karud - dreams

Joakim karud- canals

----------------------------------------------------------------

Alat tempur yang di pake

Device yang dipake :
Realme 7i (8,128)
Headphone 100rb an
Mic Clip on 20rb an

Aplikasi editing :
Edit video pake (capcut)
Edit suara pake (easy voice recorder)
Edit thumbnail pake (pixellab)

----------------------------------------------------------------
Bantuan pendukung dalam pembuatan video atau konten

Roko lintingan rasa green tea ice by camlok + kopi kapal api
----------------------------------------------------------------
Media sosial gw ada di tentang channel YouTube ini langsung aja di cek",https://www.youtube.com/watch?v=ZMUvTvthuWE,,,positive,2023-02-27 08:11:48+00:00,5,0,5,176,0.8455293118953704,11,20.176,,,positive,0.4850977063179016,multilingual,Unknown,no_clear_emotion,0.05616942420601845,0.0354328453540802,0.09219416230916977,0.035911235958337784,0.36411911249160767,0.04755081236362457
youtube,comment,Ugxn1P0wwHXqOUrYak54AaABAg,Hallo masbro 🤙,,https://www.youtube.com/watch?v=ZMUvTvthuWE,ZMUvTvthuWE,negative,, ,0,1,0,0.1489931657910347,11,,"{'id': 'UCS9QWJPjJi7uo9xAF0CXiEQ', 'name': '@arsya81', 'thumbnails': 'https://yt3.ggpht.com/wDjI77Q0dcRi_VHpmockFQpaDVnMauD2aiZPpUHE3o5GeWmochSqouTddZpnsNT4z1Q7e9G1Vw=s88-c-k-c0x00ffffff-no-rj'}",0.0,negative,0.5033561140298843,multilingual,Unknown,love,0.14150211215019226,0.05306137353181839,0.07163012027740479,0.04385719820857048,0.540444552898407,0.024350173771381378
youtube,comment,UgwgWfD8s-yF__EzojV4AaABAg,"Jungler:Aldos
Midlane: cecil
Goldlane: hababi
Exp: sun
Roamer: franco
Auto winn bang",,https://www.youtube.com/watch?v=ZMUvTvthuWE,ZMUvTvthuWE,neutral,, ,0,2,0,0.5,22,,"{'id': 'UCps-HwDWbydme4YOt9H7t3A', 'name': '@muhammadmarwanazmi4842', 'thumbnails': 'https://yt3.ggpht.com/ytc/AIdro_nJtwYnoXrztu9LVwWQfNfyZRvCF0oLpUfrHB5XPdZThV8=s88-c-k-c0x00ffffff-no-rj'}",0.0,neutral,0.8429110050201416,english,Mixed/Urban,love,0.0732046440243721,0.021047012880444527,0.07237783819437027,0.02355104871094227,0.6680039763450623,0.01459065917879343
youtube,post,QooRYEABVak,"New Target: 259/1000subs,let's go!!🔥

✋ DISCLAIMER: 
A : usahakan menonton dengan resolusi 720p agar tidak burik :v
B : try watching at 720p resolution so it doesn't break :v

A : Video ini dimaksudkan untuk tujuan hiburan saja
B : This video was meant to be for entertainment purposes only 


👍 LIKE
📤 SHARE
✔️ SUBSCRIBE 




HasTag :
Tag 
Hero Nolan Assassin
Hero baru Nolan
Hero Nolan
Nolan Assassin
Nolan Hyper
Nolan Jungle
Nolan Hero baru
Hero baru nolan Assassin
Hero Nolan mobile legends
Hero Nolan mobile legends bang bang
Cara combo Nolan
Cara gunakan ultimate Nolan
Cara belajar Nolan
Cara Bermain Nolan
Cara belajar Hero Nolan
Cara Combo Ulti Nolan
Cara main Hero baru nolan
Cara Combo Skil Nolan
Skin Hero nolan
Build hero Nolan
Build tersakit Nolan
Build hero Nolan paling sakit
Item Nolan
Item tersakit Nolan
Item hero Nolan paling sakit
Emblem Nolan
Emblem tersakit Nolan
Emblem hero Nolan paling sakit
Build hero Nolan 2024
Build tersakit Nolan 2024
Nolan best build 2024
Emblem hero Nolan 2024
Emblem tersakit Nolan 2024
Item hero Nolan 2024
Item tersakit Nolan 2024
tutorial hero Nolan 2024
tutorial hero Nolan
tutorial hero Nolan pemula
tutorial hero
tutorial hero Nolan terbaru
item hero Nolan paling sakit
item hero Nolan tersakit
item hero Nolan paling sakit 2024
tutorial pake hero Nolan
top global hero Nolan
hero Nolan
hero Nolan emblem tersakit
hero Nolan ml
hero Nolan terbaru
hero Nolan 2024
hero Nolan top global
hero Nolan tersakit
hero Nolan mobile legend
hero Nolan di buff
hero Nolan di mobile legends
item tersakit Nolan top global 2024
item Nolan tersakit dan terkuat 2024
build item Nolan tersakit 2024
item terkuat dan tersakit Nolan
item dan emblem Nolan tersakit 2024
build dan item Nolan tersakit
 build hero Nolan tersakit emblem Nolan terbaru 2024
emblem Nolan top 1 global emblem Nolan tersakit
hero Nolan mobile legend
hero Nolan terbaru
item hero Nolan
cara menggunakan hero Nolan biar sakit 2024
review hero baru Nolan
ml new hero Nolan best build
build hero Nolan tersakit 2024
cara main hero Nolan top 1 global
cerita hero Nolan mobile legend
new hero Nolan mobile legends
mlbb new hero Nolan top 1 global indonesia
Nolan Emblem assassin
Nolan emblem physical
Nolan emblem magical
Nolan emblem tank
Nolan emblem  jungle
Nolan emblem mage
Nolan emblem fhigther
Nolan emblem  support
Nolan emblem marksman
emblem Hero baru
top global Nolan mobilelegends
top global Nolan mobilegend
Mobile legends bang bang top global
mobile legends bang bang livestreaming
mobile legends bang bang live
mobile legends bang bang 
Mpl
Mpl Indonesia

HasTag :
#HeroNolan #combotersakit2024
#NollansML #bestbuildNolan #gameplayNolan #tutorialNolan #buildtersakitNolan #buildterkuatNolan #itemtersakitNolan #itemterkuatNolan #Nolanbrutaldame  #Nolanhackdamage #Nolancheatdamage  #carabermainNolan #tipsNolan #trickNolan #topglobalNolan #Nolansupreme #comboNolan #comboNolanterbaru #comboNolanrevamp #Nolanguide #mobilelegends #mobilelegendsindonesia #nolanskin11",https://www.youtube.com/watch?v=QooRYEABVak,,,negative,2025-02-17 04:55:18+00:00,0,0,0,124,0.13319555819034576,1,0.124,,,negative,0.5560148060321808,multilingual,Unknown,sadness,0.1510859727859497,0.07704255729913712,0.016877556219697,0.5765173435211182,0.08384736627340317,0.04705503582954407
youtube,post,Efk5PkACEaA,"LEGEND RASA EPIC! KETEMU TIM BIKIN EMOSI PAS SOLO RANK LANGSUNG MODE SERIUS PAKAI HERO GUSION - MLBB

Device Poco M4 Pro + Record

#solorank 
#gusion
#mobilelegends",https://www.youtube.com/watch?v=Efk5PkACEaA,,,neutral,2023-02-22 17:46:24+00:00,0,0,0,13,0.5,0,0.013,,,neutral,0.5955380797386169,english,Mixed/Urban,no_clear_emotion,0.09854231029748917,0.0338570736348629,0.09353768825531006,0.02897094003856182,0.21355906128883362,0.031958602368831635
youtube,post,Ts1UpdaCQLE,"Harith adalah hero mage yang kuat di Mobile Legends. Harith ML merupakan satu-satunya mage yang dapat menimbulkan serangan critical. Tak hanya itu saja, Harith juga memiliki kelincahan yang membuat musuh akan sulit untuk menangkapnya. 

Berikut kekuatan Harith ML.

Lincah dan Cepat
Hero Harith termasuk lincah karena memiliki skill Chrono Dash yang membuatnya bisa bergerak cepat.

Sulit Dikalahkan
Dengan kemampuan melarikan diri, Harith sulit untuk ditangkap. Hero Harith termasuk hero mage yang sulit untuk dikalahkan.

Skill Pasif yang Berguna
Harith punya skill pasif yang unik. Harith kebal terhadap serangan Crowd Control lawan. Harith juga dengan mudah membebaskan diri dari serangan Crowd Control lawan. 

Mobilitas Tinggi
Dengan Chrono Dash dan Flicker, Harith bisa leluasa untuk kabur dari serangan musuh. Walaupun dikepung musuh, Harith masih bisa selamat.

Cooldown Skill Singkat
Dengan cooldown skill yang singkat, Harith bisa menjadi sangat lincah. Sebab hero ini sering menggunakan skill-skill miliknya.

Berikut kelemahan Harith ML.

Sulit Dikuasai
Harith memang menjadi hero yang menakutkan di Land of Dawn. Namun, sepertinya kamu harus berlatih keras untuk menguasai Harith. Sebab Harith termasuk hero yang sulit untuk dikuasai.

Lemah di Early Game
Harith termasuk lemah di early game. Jadi, kamu harus bermain aman di awal permainan. Namun, ketika item build Harith sudah komplit, dia bakalan jadi hero yang kuat.

Lingkup Area Damage Kecil
Sebagai hero Mage, Harith memiliki lingkup area damage yang kecil. Sehingga damage yang dikeluarkan Harith hanya terbatas di area kecil itu saja.


Pasif – Key Insight

Harith mengurangi durasi efek Crowd Control yang diterimanya hingga 45% (tergantung jumlah hero musuh di dekatnya).

Skill 1 – Synchro Fission

Harith menciptakan bayangan dirinya ke lokasi yang ditentukan. Kemudian mereka mengeluarkan Synchro Fission ke arah satu sama lain, memberikan 236 (+84% Total Magic Power) Magic Damage ke semua unit musuh di jalurnya. Ketika kedua Synchro Fission bertabrakan, sebuah ledakan akan terjadi, memberikan 590 (+210% Total Magic Power) Magic Damage ke semua musuh di area ledakan.

Skill 2 – Chrono Dash

Harith berlari ke arah yang ditentukan. Ketika tiba, dia mencuri kekuatan dari hero lawan di sekitar, menghasilkan shield yang menyerap 185 (+140% Total Magic Power) Damage dan memperkuat Basic Attack berikutnya. 

Basic Attack Harith yang diperkuat memberikan 225 (+100% Total Magic Power) Magic Damage dan menyebabkan 40% Slow. Menyerang lawan dengan Basic Attack yang diperkuat mengurangi Cooldown Chrono Dash berikutnya selama 3 detik.

Skill 3 – Zaman Force

Harith memanggil Zaman Force. Saat celah multidimensi muncul, cooldown Chrono Dash berkurang 4 detik. Retakan multidimensi menyebabkan 70% slow ke hero lawan di area, dan menyebabkan 35% slow ke hero lawan secara terus-menerus setelahnya.

Jika Harith bersentuhan dengan retakan ketika menggunakan Chrono Dash, dia akan menyerap energi di dalamnya serta mengurangi cooldown Synchro Fission/Chrono Dash masing-masing sebesar 1 detik / 3 detik.
#mlbbph #mlbbindia #mlbbindo #mobilegends",https://www.youtube.com/watch?v=Ts1UpdaCQLE,,,negative,2025-01-29 11:15:41+00:00,2,0,0,280,0.0004884302616119385,4,2.28,,,negative,0.9983718991279602,malay,Malay/Bumiputera,anger,0.6332017183303833,0.1141452044248581,0.07404103130102158,0.019691292196512222,0.05264759063720703,0.021202048286795616
youtube,post,AgeT5sCshUE,😱Ketemu R7 Pas Solo Rank Kita Bantai Bos😤,https://www.youtube.com/watch?v=AgeT5sCshUE,,,negative,2020-09-28 09:41:20+00:00,6,0,0,46,0.10872450470924377,6,6.046,,,negative,0.6375849843025208,english,Mixed/Urban,love,0.02859034761786461,0.010100926272571087,0.022491952404379845,0.022453106939792633,0.7383222579956055,0.022515591233968735
youtube,post,A31-TZbFanY,ketemu citer pas solo vs sekuat,https://www.youtube.com/watch?v=A31-TZbFanY,,,neutral,2020-11-07 06:45:57+00:00,1,0,0,5,0.5,1,1.005,,,neutral,0.8854202032089233,english,Mixed/Urban,no_clear_emotion,0.058619990944862366,0.010052955709397793,0.024380343034863472,0.009830372408032417,0.05776265636086464,0.025774773210287094
youtube,post,QwGv-oTzTW0,SERING TERJADI PAS SOLO VS SQUAD,https://www.youtube.com/watch?v=QwGv-oTzTW0,,,neutral,2020-11-06 03:42:54+00:00,3,0,0,46,0.5,3,3.046,,,neutral,0.8672140836715698,english,Mixed/Urban,no_clear_emotion,0.03675444424152374,0.02752023935317993,0.05540255457162857,0.013061153702437878,0.044955793768167496,0.023264268413186073
youtube,post,fL3NIBhOS9Y,comeback pas solo rank - Johnson | mobile legends,https://www.youtube.com/watch?v=fL3NIBhOS9Y,,,neutral,2024-06-11 04:22:25+00:00,0,0,0,19,0.5,0,0.019,,,neutral,0.8422490954399109,english,Mixed/Urban,no_clear_emotion,0.021047232672572136,0.009045887738466263,0.05844563990831375,0.011377540417015553,0.18993528187274933,0.030707329511642456
youtube,post,9fkUGUMUS14,"lagi belajar ngeyutub ya tmn2
kalo suka sama konten saya, jngan lupa di like komen sama subscribnya ya, ngga buang2 waktu kok xixi

Pengin belajar Main johnson di solo ranked?
tonton video ini pasti kalian langsung bisa, mudah banget kok xixixi

belajar main jhonson roam. belajar main johnson roam
tutorial main jhonson mobile legend. belajar main johnson mobile legend



aplikasi live + recording yang saya gunakan
https://play.google.com/store/apps/de...


OPEN DONASI UNTUK PERALATAN LIVE + PERALATAN KONTEN
     dan mesti biar semangat juga ngontenya xixi
              https://saweria.co/CHOPERJON
.
.
.
.
.
.
.
.
.
.
.
.
.
.

maap ya tmen tmen, gabisa ngedit kaya orang2 hehe😁
maap ya deskripsinya segini aja, bingung mikirnya xixixi
 
makasih ssmua yang udah nonton, dukung channel ini terus yaaa....

#mlbb​ #mlbbcreatorcamp​ #mobilelegends​ #mobilelegend #mobilelegendsbangbang",https://www.youtube.com/watch?v=9fkUGUMUS14,,,positive,2025-05-21 12:52:32+00:00,0,0,11,89,0.999341982603073,11,33.089,,,positive,0.9978066086769104,malay,Malay/Bumiputera,no_clear_emotion,0.04498496279120445,0.08844777196645737,0.07040727138519287,0.059697333723306656,0.2334100604057312,0.1918569952249527
youtube,comment,UgzRIB4s6khMrMYmKqB4AaABAg,kok suaranya delay bangg????,,https://www.youtube.com/watch?v=9fkUGUMUS14,9fkUGUMUS14,negative,,1,0,8,0,0.07352996170520781,188,,"{'id': 'UClLJ_1TktlRtKjRI6Q3lk-g', 'name': '@cipoenktheblacknife', 'thumbnails': [{'url': 'https://yt3.ggpht.com/ytc/AIdro_lrpMH5vmaC0QLN_AUjdrhG-G356BNNOKl-i5FCTRrV0ZUqNdVlI1C1gngRWKwvb-iSFw=s88-c-k-c0x00ffffff-no-rj', 'width': 88, 'height': 88}]}",0.0,negative,0.7549001276493073,multilingual,Unknown,sadness,0.12862363457679749,0.07661306113004684,0.01193021610379219,0.6459022164344788,0.03827877715229988,0.04205595701932907
youtube,post,GnoB_IN2CCk,ID ada di Video HIGHLIGHT PERTAMA,https://www.youtube.com/watch?v=GnoB_IN2CCk,,,positive,2023-03-03 01:48:07+00:00,0,0,0,8,0.8272820964455604,0,0.008,,,positive,0.42427365481853485,multilingual,Unknown,no_clear_emotion,0.01061402726918459,0.008516699075698853,0.023373262956738472,0.006703436840325594,0.05777938663959503,0.022356322035193443
youtube,post,TMpNs0rzcV0,selamat datang di channel ini apa bila ada kekurangan atau saran silahkan tulis di komentar jangan lupa LIKE COMMENT dan SUBSCRIBE,https://www.youtube.com/watch?v=TMpNs0rzcV0,,,positive,2023-05-21 18:35:45+00:00,3,0,0,9,0.9954366326332091,3,3.009,,,positive,0.9847887754440308,malay,Malay/Bumiputera,love,0.024557407945394516,0.012859497219324112,0.047987669706344604,0.02163451723754406,0.7545260787010193,0.02625981718301773
youtube,post,MRT9yinLpdM,#mlbb #mobilelegends,https://www.youtube.com/watch?v=MRT9yinLpdM,,,neutral,2024-04-12 07:43:13+00:00,0,0,0,34,0.5,0,0.034,,,neutral,0.8462822437286377,english,Mixed/Urban,love,0.03635221719741821,0.016042444854974747,0.03910769894719124,0.018579162657260895,0.5710247755050659,0.031781185418367386
youtube,post,R85GVYlC4Jo,"So guys, disini gue mau liatin keseruan gue pas se-tim ama top angela Hongkong. Seru banget dah, tontonin sampe abis ya. Kritik dan saran silahkan ditulis dikolom komentar dibawah ya guys. Be smart!

Jangan lupa untuk di like, comment dan subscribe guys. Share juga kalo bisa! Thanks! Be better with positive work! :D

Related tag:
psg rrq vs evos mpl season 3 mobile legend match 2,mlbb indonesia,mpl season 3,mpl season 3 live,rrq,evos,rrq vs evos,evos vs rrq,rrq vs evos match 2,evos vs rrq match 2,rrq vs evos mpl season 3,rrq vs evos mpl season 3 match 2,mpl season 3 rrq,mpl season 3 rrq vs evos",https://www.youtube.com/watch?v=R85GVYlC4Jo,,,negative,2019-02-26 10:56:09+00:00,6,0,0,41,0.11696314215660095,6,6.041,,,negative,0.6101228594779968,multilingual,Unknown,love,0.03013843670487404,0.020677518099546432,0.1896848827600479,0.018315911293029785,0.4243473410606384,0.03711441904306412
youtube,post,Wy3g2Xz5sKc,Halo Terima kasih telah menonton,https://www.youtube.com/watch?v=Wy3g2Xz5sKc,,,neutral,2024-06-28 22:00:05+00:00,2,0,7,89,0.5,9,23.089,,,neutral,0.7922344207763672,english,Mixed/Urban,love,0.13379807770252228,0.0375312939286232,0.07370245456695557,0.02853533811867237,0.3843655288219452,0.020435353741049767
youtube,post,rcysfdl06es,"subscribe terus channel gua karena cenel ini sangat sepi




SUBSCRIBE WOYYYYY!!!!",https://www.youtube.com/watch?v=rcysfdl06es,,,positive,2023-06-03 07:31:13+00:00,0,0,1,5,0.9977717280387878,1,3.005,,,positive,0.9925724267959595,malay,Malay/Bumiputera,love,0.06803259253501892,0.03775756061077118,0.07351509481668472,0.029379479587078094,0.7014687657356262,0.023257825523614883
youtube,post,KSm3NbODsKM,Pal pal dil k pas solo,https://www.youtube.com/watch?v=KSm3NbODsKM&list=RDKSm3NbODsKM&start_radio=1,,,neutral,2017-01-30 15:46:30+00:00,5,0,0,61,0.5,5,5.061,,,neutral,0.8202078938484192,english,Mixed/Urban,love,0.08787713944911957,0.03789570555090904,0.09599532186985016,0.032709311693906784,0.4363994896411896,0.035565104335546494
youtube,post,BHQpzG2vkf8,"Jikalau Kalian ingin Mencari Pro Player Saya mundur ❌
Tetapi jika Kalian mencari player barbar Saya maju😜💗

Bye See you Again guys, terima kasih Sudah menonton! 
Jangan lupa like komen dan share nya ya.

Follow My media sosial:

Instagram:  / rifa_alkhulwani  

NICKNAME:NAC RAN LEGEND
MY GUILD  :NAC ID
DEVICE       :ROG PHONE 5",https://www.youtube.com/watch?v=BHQpzG2vkf8,,,positive,2021-08-23 14:38:10+00:00,37,0,18,161,0.9994084298610686,56,91.161,,,positive,0.9980280995368958,malay,Malay/Bumiputera,no_clear_emotion,0.0358271598815918,0.02509751357138157,0.018083564937114716,0.0256981048732996,0.33812814950942993,0.1373017579317093
youtube,post,1NA1cZskBHQ,"●
Weh video baru nih
○
Jangan dihujat ya gan, baru belajar ngedit xD
●
Nickname MLBB : 
1. StatTrak™ NadeKing
2. SF_Jeff_RG
3. StatTrak™ KennyS
○
Instagram : @harizmeme
  / harizmeme  
Tiktok : @nakkuslowwxd
https://vm.tiktok.com/ZSpkTeyC/
YT : NakkuSloww xD
   / @nakkuslowwxd5133  
●
Jangan lupa
Subscribe (Kalo perlu)
Follow (Biar gk ketinggalan)
Share (Ke temen² kalian)
Comment (Always positive)
Like (Wajib kalo yang ini mah)
○",https://www.youtube.com/watch?v=1NA1cZskBHQ,,,neutral,2020-12-10 00:10:47+00:00,11,0,1,33,0.5,12,14.033,,,neutral,0.8426811695098877,english,Mixed/Urban,no_clear_emotion,0.06390371173620224,0.04320074990391731,0.04576842859387398,0.05419431999325752,0.3262164294719696,0.09689019620418549
youtube,post,1yuwL-zqSlU,"bangke ini orang  , awalnya jadi temen pas solo rank ,pas udah terakhiran gua di hianatin 😅",https://www.youtube.com/watch?v=1yuwL-zqSlU,,,neutral,2019-08-09 19:26:27+00:00,2,0,0,8,0.5,2,2.008,,,neutral,0.8331037759780884,english,Mixed/Urban,love,0.089902862906456,0.024331677705049515,0.06951276957988739,0.02193320542573929,0.47151392698287964,0.04089352861046791
youtube,post,MUH3o35Skyw,"BANTU SUPORT NYA YAH GUYSS😇😇
Open give way klau udah tembus 700 subrek",https://www.youtube.com/watch?v=MUH3o35Skyw,,,positive,2020-03-25 23:02:13+00:00,5,0,0,49,0.9603441834449767,5,5.049,,,positive,0.8678139448165894,english,Mixed/Urban,love,0.054893504828214645,0.03377518430352211,0.10617480427026749,0.022176727652549744,0.49804139137268066,0.02998659573495388
youtube,post,oPcs8ofpI6E,"This is Brett Buxton’s submission for the 2022 Percussive Arts Society solo artist competition.

Track:

In Five by Dave Weckl/Steve Weingart",https://www.youtube.com/watch?v=oPcs8ofpI6E&list=RDoPcs8ofpI6E&start_radio=1,,,neutral,2023-05-27 15:25:55+00:00,5,0,2,97,0.5,7,11.097,,,neutral,0.9104328155517578,english,Mixed/Urban,no_clear_emotion,0.01587560772895813,0.025495294481515884,0.08538571745157242,0.01418664213269949,0.06111463904380798,0.04578821733593941
youtube,post,1upcNqv87fs,#mobilelegends #mlbb #beatrix ‪@Junaidi162‬,https://www.youtube.com/watch?v=1upcNqv87fs,,,neutral,2023-12-16 23:15:57+00:00,3,0,0,29,0.5,3,3.029,,,neutral,0.9089348316192627,english,Mixed/Urban,love,0.04138389229774475,0.014807214960455894,0.05131889879703522,0.01765419729053974,0.6834569573402405,0.016533594578504562
youtube,post,oo5ikL6Cjik,"KHUFRA BEST MOMENT PAS SOLO RANK‼️ - MOBILE LEGENDS INDONESIA

Konten kali ini saya bermain game mobile legends menggunakan hero khufra, KHUFRA BEST MOMENT PAS SOLO RANK‼️ - MOBILE LEGENDS INDONESIA

Gimana keseruannya? Tonton sampai habis

Subscribe :    / pixbyy  

Tag :
KHUFRA MONTAGE
KHUFRA GAMEPLAY
KHUFRA MOMENT
KHUFRA BEST BUILD 2023 
KHUFRA TOP GLOBAL 2023
KHUFRA LJ
KHUFRA MONTAGE 2023
KHUFRA BEST MONTAGE
KHUFRA BEST MOMENT

#pixbyy #gameplay #mobilelegends #mobilelegendsindonesia #mlbb #khufra #khufratank #khufralj #khufragameplay #khuframontage",https://www.youtube.com/watch?v=oo5ikL6Cjik,,,positive,2023-02-05 11:16:55+00:00,9,0,2,62,0.9958589732646941,11,15.062,,,positive,0.9861965775489807,malay,Malay/Bumiputera,no_clear_emotion,0.021967757493257523,0.022699221968650818,0.044017042964696884,0.016429873183369637,0.16465836763381958,0.05180799216032028
youtube,post,WgKqutETPe4,KETEMU CHEAT PAS SOLO RANK FIX CHEAT AUTO HEADSHOT,https://www.youtube.com/watch?v=WgKqutETPe4,,,negative,2021-03-24 12:38:42+00:00,3,0,3,22,0.11595879793167113,6,12.022,,,negative,0.6134706735610962,english,Mixed/Urban,love,0.15235354006290436,0.042300861328840256,0.08039559423923492,0.031974632292985916,0.3390081226825714,0.02562415599822998
youtube,post,7iWWJFgupu4,"halo semua ini video yang saya lagi main free fire max jangan lupa like, share dan subscribe ya semoga terhibur terima kasih",https://www.youtube.com/watch?v=7iWWJFgupu4,,,positive,2023-12-27 12:38:47+00:00,1,0,0,35,0.9994115412235259,1,1.035,,,positive,0.9980384707450867,malay,Malay/Bumiputera,happy,0.028282642364501953,0.13157039880752563,0.49042776226997375,0.02372804656624794,0.19981174170970917,0.062390029430389404
youtube,post,PZCVnaO4O10,Bkent kocak pas solo rank,https://www.youtube.com/watch?v=PZCVnaO4O10,,,negative,2021-02-25 17:28:45+00:00,0,0,2,2,0.1754728093743324,2,6.002,,,negative,0.4150906354188919,multilingual,Unknown,no_clear_emotion,0.041980642825365067,0.011317861266434193,0.033389363437891006,0.012680879794061184,0.12235795706510544,0.017233986407518387
youtube,post,xD90qciUZW4,bantu saya dengan like👍& subscribe🔔,https://www.youtube.com/watch?v=xD90qciUZW4,,,neutral,2020-10-19 13:14:35+00:00,4,0,0,13,0.5,4,4.013,,,neutral,0.9249456524848938,malay,Malay/Bumiputera,love,0.031218359246850014,0.03700478374958038,0.049480922520160675,0.02492574043571949,0.5839807391166687,0.10192935913801193
youtube,post,pu81PxXgPHM,solo ranked,https://www.youtube.com/watch?v=pu81PxXgPHM,,,negative,2023-02-15 04:57:57+00:00,0,0,0,24,0.14379498660564421,0,0.024,,,negative,0.5206833779811859,multilingual,Unknown,love,0.1428614854812622,0.148372620344162,0.13010171055793762,0.11770737916231155,0.15799148380756378,0.15050482749938965
youtube,post,G88kbk19kqk,"Performed by Andrew Au on December 19th, 2021",https://www.youtube.com/watch?v=G88kbk19kqk&list=RDG88kbk19kqk&start_radio=1,,,neutral,2022-02-08 17:00:08+00:00,24,0,2,1497,0.5,40,31.497,,,neutral,0.9329130053520203,english,Mixed/Urban,no_clear_emotion,0.015586805529892445,0.025610575452446938,0.11390155553817749,0.014569434337317944,0.16862258315086365,0.06895895302295685
youtube,post,v40SLNVbaF8,Pakek satu set lengkap hasil hoki langsunggg bantai bantai solo vs squad 14kill !!!!! #freefire #garenafreefire #freefiremax #quiz #reaction #wouldyourather #ff #memes,https://www.youtube.com/watch?v=v40SLNVbaF8,,,neutral,2024-12-13 09:30:30+00:00,1,0,1,44,0.5,2,4.044,,,neutral,0.7223955988883972,english,Mixed/Urban,no_clear_emotion,0.05739930644631386,0.01602446474134922,0.09241291135549545,0.016488542780280113,0.3010823428630829,0.025158077478408813
youtube,post,xNyQ-isauOk,Hombre d'août,https://www.youtube.com/watch?v=xNyQ-isauOk&list=RDxNyQ-isauOk&start_radio=1,,,negative,2018-09-23 07:21:22+00:00,2,0,0,47,0.10321690589189528,2,2.047,,,negative,0.6559436470270157,multilingual,Unknown,no_clear_emotion,0.0500008650124073,0.021113578230142593,0.09396450221538544,0.013677326962351799,0.18182684481143951,0.024256497621536255
youtube,post,jpTgv35P8KI,"Halo Teman Teman Welcome To My Channel, Jangan Lupa Subscribe, Like, Comment, Share Ke Teman Teman Kalian Ya.


Device : Vivo S1 Pro
Rekaman : Du Recorder Pro
Nick : ELS.Lɪᴏɴɢ`건
ID : 458494615",https://www.youtube.com/watch?v=jpTgv35P8KI,,,positive,2020-05-16 13:38:34+00:00,15,0,15,79,0.8752573788166046,30,60.079,,,positive,0.5841912627220154,english,Mixed/Urban,love,0.04644014686346054,0.039157234132289886,0.04640553891658783,0.04703608155250549,0.4002208709716797,0.13521942496299744
youtube,post,a6lZ2WONbhk,"KETEMU LETDA HYPER PAS SOLO VS SQUAD, AMPUNN OMM!",https://www.youtube.com/watch?v=a6lZ2WONbhk,,,negative,2020-01-29 04:17:21+00:00,6,0,1,32,0.08766011595726012,7,9.032,,,negative,0.7077996134757996,multilingual,Unknown,no_clear_emotion,0.13087105751037598,0.0370255745947361,0.07560677826404572,0.028516752645373344,0.17749370634555817,0.03184547275304794
youtube,post,ViwgLv4lS1U,NGAJAK ALIANSI PAS SOLO VS SQUAD? MUSUH BERCANDA?😂👌,https://www.youtube.com/watch?v=ViwgLv4lS1U,,,positive,2019-12-25 00:45:49+00:00,6,0,3,37,0.8860401451587676,9,15.037,,,positive,0.6201338171958923,english,Mixed/Urban,no_clear_emotion,0.11339720338582993,0.03582097589969635,0.07308540493249893,0.023128146305680275,0.289355993270874,0.03781864419579506
youtube,post,QkA7-q6MIVo,"https://www.facebook.com/profile.php?...
BREVE KILLER",https://www.youtube.com/watch?v=QkA7-q6MIVo,,,neutral,2020-07-24 09:35:29+00:00,16,0,10,127,0.5,27,46.127,,,neutral,0.7363429665565491,english,Mixed/Urban,no_clear_emotion,0.06046426296234131,0.04236841946840286,0.05594220012426376,0.03875057399272919,0.18948113918304443,0.08720467239618301
youtube,post,ryUUeheUKhY,"Momen lucu dan trik jitu hadapi tim ngetrol ketika solo rank,yg berujung malah menang dan malah req minta mabar lagi suruh gendong #fannymonteg #mlbb #mlbbcreatorcamp",https://www.youtube.com/watch?v=ryUUeheUKhY,,,negative,2024-02-08 22:22:07+00:00,0,0,0,7,0.060126525163650524,0,0.007,,,negative,0.7995782494544983,multilingual,Unknown,love,0.09043136984109879,0.0778467208147049,0.03734235092997551,0.06720907241106033,0.6376886367797852,0.040780000388622284
youtube,post,m_hQUG1jveA,"Video gameplay fortnite kali ini gue sudah berjuang solo mati matian di fortnite eh malah ada player yg nyampah wkwk, tonton aja lah ya.

Mau main bareng sambil tukar tukaran kata kasar sama gue?
Join aja group Discord disini   / discord  
Karena info open mabar bakal gue infoin di group itu.

Mau support gue dengan cara lain seperti memberi sedekah?
Donasi aja ke sociabuzz https://sociabuzz.com/budiproblem/donate atau paypal https://www.paypal.me/budiproblem

Mau support gue dengan cara lain seperti ""support a creator"" di item shop fortnite?
pake aja code BUDI_PROBLEM di support a creator item shop fortnite lu

Tertarik menonton Video Gameplay Fortnite lainnya?
Cek aja homepage channel youtube gue disini    / budiproblem  

Tertarik melihat behind the scene channel youtube gue ini?
Cek aja akun instagram gue disini   / budiproblem   atau akun tiktok gue disini   / budiproblem  

Terima Kasih telah menonton.

#fortnite
#fortnitebattleroyale
#fortnitegameplay
#fortnitehighlight
#fortniteclips
#bringbackseaservers
#fortniteindonesia
#fortniteasia
#budiproblem
#problemgamer
#problemsquad
#problemos
#fortnitevsfreefire
#fnvsff",https://www.youtube.com/watch?v=m_hQUG1jveA,,,neutral,2020-06-21 23:06:39+00:00,3,0,0,28,0.5,3,3.028,,,neutral,0.8480084538459778,english,Mixed/Urban,no_clear_emotion,0.02526809461414814,0.03222670778632164,0.029296845197677612,0.031404633074998856,0.2822098433971405,0.2606774568557739
youtube,post,pgxXLvMJhnY,DI AKUN KECIL BAGUS TEAM PAS SOLO WKWKWKK,https://www.youtube.com/watch?v=pgxXLvMJhnY,,,positive,2023-02-08 15:29:34+00:00,0,0,0,2,0.8075131207704543,0,0.002,,,positive,0.358377069234848,multilingual,Unknown,no_clear_emotion,0.08833079785108566,0.028394624590873718,0.07991068065166473,0.018949083983898163,0.2427876889705658,0.0189738180488348
youtube,post,LOWB1h_3jdE,Gw main mm pas solo rank (gw jadi beban njir 🗿),https://www.youtube.com/watch?v=LOWB1h_3jdE,,,neutral,2026-03-30 11:01:09+00:00,1,0,2,18,0.5,3,7.018,,,neutral,0.8999088406562805,english,Mixed/Urban,no_clear_emotion,0.06027268245816231,0.015830691903829575,0.05961064621806145,0.02140149287879467,0.3299577832221985,0.024480998516082764
youtube,post,28kE4YbJG84,"terima kasih sudah menonton, semoga teman-teman terhibur..'


tunggu vidio saya selanjud nya..

#support1ksubs
#FREEFIREKALIMANTANTENGAH",https://www.youtube.com/watch?v=28kE4YbJG84,,,negative,2019-10-18 16:20:19+00:00,9,0,6,117,0.05258204340934752,16,27.117,,,negative,0.8247265219688416,multilingual,Unknown,love,0.04989464581012726,0.11728093773126602,0.2582099139690399,0.036776598542928696,0.45046815276145935,0.034191589802503586
youtube,post,a2GSWqE1EZg,Video game semogo gawe seneng ya  #hiburan #game #mlbb #mobilelegend,https://www.youtube.com/watch?v=a2GSWqE1EZg,,,neutral,2020-09-06 13:16:33+00:00,15,0,0,46,0.5,15,15.046,,,neutral,0.8519385457038879,english,Mixed/Urban,love,0.038381822407245636,0.022902702912688255,0.3368864059448242,0.02111775428056717,0.5337727665901184,0.014911314472556114
youtube,post,8CRoWUHUrwo,"di subscribe yah 
thank youu
love u all:*

ig: bungazzhra
email: bungazzahra00@gmail.com
tiktok: ungeee_",https://www.youtube.com/watch?v=8CRoWUHUrwo,,,positive,2021-01-31 03:00:03+00:00,5,0,0,27,0.9756544649600982,5,5.027,,,positive,0.9188482165336609,english,Mixed/Urban,love,0.10211095958948135,0.0890972837805748,0.05182633176445961,0.14162416756153107,0.5004045367240906,0.05782196298241615
youtube,post,FdZ-RzdWZ40,"Tonton sampai Habis ya..
Penjelasan soal Cheatnya ada di late minute Video ini

Jangan lup subscribe",https://www.youtube.com/watch?v=FdZ-RzdWZ40,,,negative,2019-08-31 00:25:51+00:00,1,0,0,23,0.07677430808544158,1,1.023,,,negative,0.7440856397151947,multilingual,Unknown,no_clear_emotion,0.07277360558509827,0.027657417580485344,0.032027676701545715,0.04452304169535637,0.2106349617242813,0.11613580584526062
youtube,post,JCI88b9fFdY,Gradur - Pas solo (feat. SDM) (Instrumental),https://www.youtube.com/watch?v=JCI88b9fFdY&list=RDJCI88b9fFdY&start_radio=1,,,neutral,2026-02-01 15:29:04+00:00,4,0,1,205,0.5,7,7.205,,,neutral,0.8779423236846924,english,Mixed/Urban,no_clear_emotion,0.010109842754900455,0.007977570407092571,0.021105432882905006,0.007303622085601091,0.022873425856232643,0.018245596438646317
youtube,post,GduwmT0BObs,"◄Je suis pas solo► prod by MikyMike

Instagram :   / prod_by_mikymike  
TikTok :   / mikymikeprod",https://www.youtube.com/watch?v=GduwmT0BObs&list=RDGduwmT0BObs&start_radio=1,,,neutral,2024-07-12 07:00:08+00:00,14,0,1,1163,0.5,26,18.163,,,neutral,0.9264146685600281,english,Mixed/Urban,no_clear_emotion,0.027237309142947197,0.05030382424592972,0.029627865180373192,0.03461388126015663,0.18690340220928192,0.23648208379745483
youtube,post,x2bW7HmLEAI,"Jangan lupa like, comment dan subs yaa man temanns",https://www.youtube.com/watch?v=x2bW7HmLEAI,,,positive,2020-08-04 10:17:24+00:00,320,0,67,9805,0.8655089884996414,485,530.805,,,positive,0.5516966283321381,multilingual,Unknown,love,0.05083806812763214,0.01712869666516781,0.030522843822836876,0.02020476572215557,0.766015350818634,0.024502461776137352
youtube,post,fcZIrURan7U,"#solo rank epic egois 
jangan lupa follow IG : syahrun_chan",https://www.youtube.com/watch?v=fcZIrURan7U,,,neutral,2020-08-12 16:47:26+00:00,0,0,0,5,0.5,0,0.005,,,neutral,0.8570905327796936,english,Mixed/Urban,love,0.043586716055870056,0.01409727893769741,0.03701777756214142,0.01917172223329544,0.8008592128753662,0.017578789964318275
youtube,post,8sRWSU90Plo,"#starcitizen 
🎁 STAR-3S37-JCMY 🎁",https://www.youtube.com/watch?v=8sRWSU90Plo,,,neutral,2026-03-07 21:34:56+00:00,0,0,0,36,0.5,0,0.036,,,neutral,0.5335388779640198,english,Mixed/Urban,love,0.042482372373342514,0.030229419469833374,0.05143829062581062,0.025376202538609505,0.7324877977371216,0.025945862755179405
youtube,post,FUcc4dlKezw,"Teen Solo
K2 Studios 
The Dance Awards- Las Vegas 2018",https://www.youtube.com/watch?v=FUcc4dlKezw,,,neutral,2018-07-01 17:56:19+00:00,1,0,0,166,0.5,2,1.166,,,neutral,0.881597638130188,english,Mixed/Urban,no_clear_emotion,0.015220309607684612,0.010289888828992844,0.0646766796708107,0.010606172494590282,0.13206860423088074,0.024141890928149223
youtube,post,tIp24PzuY2w,"Bantu dukungannya dengan
-like
-coment
-subscribe",https://www.youtube.com/watch?v=tIp24PzuY2w,,,positive,2024-08-18 08:03:51+00:00,1,0,1,3,0.8346796602010726,2,4.003,,,positive,0.4489322006702423,multilingual,Unknown,love,0.041295088827610016,0.02480931580066681,0.07294201850891113,0.028132418170571327,0.5207201242446899,0.06588811427354813
youtube,post,t30FM0ll_T0,3/5/16 Tchaikovsky Pas Solo Variation / Emily Ricca,https://www.youtube.com/watch?v=t30FM0ll_T0,,,neutral,2016-03-16 17:24:58+00:00,0,0,0,77,0.5,0,0.077,,,neutral,0.9235378503799438,english,Mixed/Urban,love,0.03841754049062729,0.020595423877239227,0.036915525794029236,0.017787573859095573,0.6619031429290771,0.020951149985194206
youtube,post,MCb886SwT5k,"jangan lupa subscribe bagi yg sudah nonton Vidio ini  ya, buat kembangin Chanel ini",https://www.youtube.com/watch?v=MCb886SwT5k,,,positive,2021-05-15 19:44:17+00:00,1,0,0,9,0.996283996105194,1,1.009,,,positive,0.987613320350647,malay,Malay/Bumiputera,love,0.024378517642617226,0.014935812912881374,0.024417169392108917,0.027325762435793877,0.6020463705062866,0.09279957413673401
youtube,post,qU_0P0sicDs,PAS solo “Let It Rip” by Danny Raymond Jr.,https://www.youtube.com/watch?v=qU_0P0sicDs,,,neutral,2021-03-20 22:43:28+00:00,6,0,1,141,0.5,8,9.141,,,neutral,0.8416472673416138,english,Mixed/Urban,no_clear_emotion,0.019436053931713104,0.008202009834349155,0.027106789872050285,0.007790560368448496,0.06642527878284454,0.015212426893413067
youtube,post,xI_4jfNqs6k,"ig : hapiz.id
 tags:donkey bar bar, papidonkey, donkey, mobile legends adventure, MLBB, DRIAN, MINESKI, ZX, ONIC, EVOS, DONKEY CHOU, KIDO, DOTA 2, MOONTON, AEROWOLF, BEKENT, NXL, TOP GLOBAL CHOU, CHOU, TANK, MOBILE LEGENDS",https://www.youtube.com/watch?v=xI_4jfNqs6k,,,neutral,2020-06-04 06:25:47+00:00,9,0,4,34,0.5,13,21.034,,,neutral,0.8305754661560059,english,Mixed/Urban,no_clear_emotion,0.07138662785291672,0.02777905948460102,0.06343019753694534,0.027098601683974266,0.23481552302837372,0.03963843733072281
youtube,post,cliELmILJQc,"Tch pas solo, English National Ballet, London, 2007.
Peasant pas de deux solo Giselle, English National Ballet, Barcelona, Spain, 2006.
Don Quixote, Royal New Zealand Ballet, Auckland, 2008.",https://www.youtube.com/watch?v=cliELmILJQc&list=RDcliELmILJQc&start_radio=1,,,neutral,2010-07-17 07:52:53+00:00,8,0,1,1685,0.5,25,12.685,,,neutral,0.8915328979492188,english,Mixed/Urban,no_clear_emotion,0.023271284997463226,0.013711629435420036,0.05517192929983139,0.014203138649463654,0.13428764045238495,0.02124468795955181
youtube,post,hdG-rytRvrA,Album : La Zone En Personne (2018),https://www.youtube.com/watch?v=hdG-rytRvrA&list=RDhdG-rytRvrA&start_radio=1,,,positive,2025-09-22 17:02:37+00:00,8,0,0,350,0.8978261649608612,11,8.35,,,positive,0.6594205498695374,multilingual,Unknown,love,0.028381478041410446,0.009973748587071896,0.03662389889359474,0.019394610077142715,0.597028374671936,0.03531316667795181
youtube,post,rxp1sjWIgmc,"Prelude in F Minor by Casey Cangelosi performed by James VanMaren 3/16/2013 at PAS Utah.

James was awarded 2nd Place in Keyboard Percussion - High School for this performance.",https://www.youtube.com/watch?v=rxp1sjWIgmc&list=RDrxp1sjWIgmc&start_radio=1,,,neutral,2013-03-19 04:41:43+00:00,2,0,0,224,0.5,4,2.224,,,neutral,0.7703261971473694,english,Mixed/Urban,no_clear_emotion,0.01593097671866417,0.029287664219737053,0.06712798774242401,0.01802784390747547,0.0725908949971199,0.046628329902887344
youtube,post,lKeW11RNPvc,"Ohallo Guys👋
Selamat Datang DiChannel : Dzaki Dragneel

So Guys Di Vidio Kali Ini
Ketemu Teman Sendiri Pas Solo Vs Squad😬🥵!!? || FREE FIRE INDONESIA 

===================================
»Guild : @serdadu_ns
»Nick  FF : SRD•NㅤEㅤEㅤL々

===================================
          👉Follow My Social Media👈
»IG :   / dzaki_a.d  
»FB :Kii Dragneel 

===================================
Okee Guys😄
Terimakasih Telah Menonton VidioNya 😁🙏
Semoga Kalian Suka Dan Terhibur✨

Jangan Lupa Untuk👇
LIKE👍
SHARE KE TEMEN TEMEN KALIAN✌️
COMMENT✍️
SUBSCRIBE YA GUYS😁🙏

Aku Dzaki Dragneel And See You Next Time👋😉👋",https://www.youtube.com/watch?v=lKeW11RNPvc,,,negative,2019-12-23 01:22:56+00:00,19,0,10,110,0.0015745103359222634,30,49.11,,,negative,0.9947516322135925,malay,Malay/Bumiputera,love,0.08314171433448792,0.0611838772892952,0.11003296822309494,0.06911209970712662,0.5042179226875305,0.05967323109507561
youtube,post,dZ-Xq7uB7e0,"KETIKA GUIN MAU DI COUNTER LYLIA PAS SOLO RANK TAPI SIA SIA! BUILD GUINEVERE TERSAKIT 2022 - MLBB


Hai Guys! Aku user baru Guinevere nih bantu di subscribe, like, koment, dan share guys biar aku rajin upload video

.Yang Buat Aku Seneng
1.Subcribe channel aku🥰
2.Like video ini
3.Koment video ini
4.Share video ini


.ID Mlbb:1136763671


.Build & Emblem
Ada di video


.Device : Redmi 9A
Edit : Kinemaster Pro
          PicsArt Pro


.Bcksound By
NoCopyRightSound (NCS)
~https://youtube.com/c/NoCopyrightSounds


#guinevere
#guineverebestbuild
#VenusMI
#mobilelegends 


Tags:
Tutorial Guinevere
Guinevere Tutorial
build Guinevere
build guinevere paling sakit
build Guinevere Tersakit
build Guinevere Tersakit 2022
dll


.",https://www.youtube.com/watch?v=dZ-Xq7uB7e0,,,neutral,2022-03-02 17:00:12+00:00,13,0,3,52,0.5,16,22.052,,,neutral,0.46201130747795105,malay,Malay/Bumiputera,sadness,0.06088370829820633,0.07256202399730682,0.012482785619795322,0.6776047348976135,0.06251272559165955,0.0748787373304367
youtube,post,4zVblVTZAXY,My video entry for the 2020 Percussive Arts Society solo drum set competition. Enjoy!,https://www.youtube.com/watch?v=4zVblVTZAXY&list=RD4zVblVTZAXY&start_radio=1,,,positive,2019-12-13 05:15:26+00:00,0,0,0,71,0.9679987967014312,0,0.071,,,positive,0.8933293223381042,english,Mixed/Urban,no_clear_emotion,0.014750725589692593,0.04002747684717178,0.22737127542495728,0.014388619922101498,0.07303305715322495,0.057146184146404266
youtube,post,3J9815KGWAY,"C'est nous les méchants, c'est vous les porcs
J'fais du biff, les gamins voulaient pas
Et de base le buzz j'en voulais même pas
On m'a dit: Fais du sale, ça fera des [?]
J'me rappelle tous ces chiens, ils m'donnaient pas la force
Aujourd'hui reviennent pé-pom, va sucer là-bas
C'est plus comme avant, j'suis dans l'bolide allemand
Avec sa dame à Clamart, ces bâtards [?]

J'ai plus l'temps pour les [?], j'ai des nouveaux plavons
J'suis un re-sta comme Tranis, bah ouais, j'suis ultra fort
On vient du bitume, bah ouais qu'on a erré
J'veux pas d'ton amitié, t'es rempli d'intérêt
[?] d'vant la juge, gros sourire à la barre
Ils savent pas les plans qu'j'élabore
C'était pas nous à la base
On l'a coupé ici, on la r'vendait là-bas
On regarde plus derrière, faut qu'j'aille de l'avant
Perdu des amis d'enfance
C'est pas grave tant qu'j'pète d'l'oseille
J'continue à rendre fière maman
Lundi fermement, mental en béton
Revendeur d'bédo
J'allais solo [?]
Seul dans ma gova
Tout seul j'suis coffré
Seul alors que j'ai mis personne de côté
J'remplis mes concerts
À personne j'veux causer
Ils disent que j'fais des manières
[?]
J'prie mon Dieu plus d'une fois par semaine
Si j'veux attendre le sommet
J'ai besoin d'vous, j'y arriverai pas solo

Solo solo j'me console avec de l'Absolut
J'y arriverai pas solo
Y a qu'en équipe que j'peux aller droit au but
J'm'entoure d'assassins
C'est [?]
Grave sincère par ici
J'regarde ma sincère mais j' suis fier d'avoir accompli des trucs grandiose jusqu'ici
Tu guettes bizarrement, toi tu vois que des [?] dix par ans sin-c'
J'suis ton fils maintenant, mes ennemis arrivent avec le temps et disparaissent vite
J'suis un vrai [?]
Même si je sais qu'j'en ai plusieurs des défauts, grave
Plusieurs fois t'as fait fautes
Obligé d'en juger qu'tu veux mon mal en fait, grave
[?] au final j'crois qu'j'préfère ma vie d'avant
Quand tu montres [?]
Ils veulent savoir combien t'as pris d'avance
C'est moi qui ai choisi ça
Le gang à la mort à la vida

Seul dans ma gova
Tout seul j'suis coffré
Seul alors que j'ai mis personne de côté
J'remplis mes concerts
À personne j'veux causer
Ils disent que j'fais des manières
[?]
J'prie mon Dieu plus d'une fois par semaine
Si j'veux attendre le sommet
J'ai besoin d'vous, j'y arriverai pas solo",https://www.youtube.com/watch?v=3J9815KGWAY&list=RD3J9815KGWAY&start_radio=1,,,neutral,2026-02-05 20:27:40+00:00,2,0,1,157,0.5,4,5.157,,,neutral,0.7395726442337036,english,Mixed/Urban,love,0.06910141557455063,0.13004764914512634,0.10611832141876221,0.10476616770029068,0.47273606061935425,0.047266144305467606
youtube,post,QA-xHC927NQ,"V,ACORDION FR7X ROLAND.ΚΥΡΙΑΚΟΣ ΚΩΝΣΤΑΝΤΑΚΗΣ",https://www.youtube.com/watch?v=QA-xHC927NQ&list=RDQA-xHC927NQ&start_radio=1,,,neutral,2014-01-18 20:11:07+00:00,28,0,0,1658,0.5,44,29.658,,,neutral,0.8117388486862183,english,Mixed/Urban,love,0.10957985371351242,0.06423861533403397,0.0941544845700264,0.055648110806941986,0.35752707719802856,0.03990621119737625
youtube,post,zc7POftZ4I0,"Hallo Bos...
Jangan lupa share ke teman kalian ya

● ● ● ● ● ● ● ● ● ● ● ● ● ● ● ● ● ● ● ● ● ● ● ● ● ● ● ● ● ● ● ● ● ● ●
► Support : https://saweria.co/BosAndriyan
► SUBSCRIBE : https://www.youtube.com/channel/UCmUGpPIGBZbedlewamsxdtw?sub_confirmation=1
► FOR BUSINESS INQUIRIES : Andriyansyah.yt@gmail.com
● ● ● ● ● ● ● ● ● ● ● ● ● ● ● ● ● ● ● ● ● ● ● ● ● ● ● ● ● ● ● ● ● ● ●
Thanks For Watching
Don't Forget LIKE, COMMENT, SUBSCRIBE and SHARE this video
#mobilelegens #mlbb #mobile legends #live #livestream #mobilegendshort DIPILIHIN HERO SAMA MONTOON PAS SOLO RANK - MOBILE LEGENDS",https://www.youtube.com/watch?v=zc7POftZ4I0,,,neutral,2024-04-08 00:00:19+00:00,1,0,0,71,0.5,1,1.071,,,neutral,0.7885331511497498,english,Mixed/Urban,love,0.03141334652900696,0.03439939022064209,0.03564683720469475,0.05714566633105278,0.4216868579387665,0.16282212734222412
youtube,post,9DlRp228RjY,4keus mapesa petit extrait du titre mapesa de 4keus gang à apprécier bientôt je ferais des freestyle soyez prêt,https://www.youtube.com/watch?v=9DlRp228RjY,,,neutral,2018-12-16 10:27:33+00:00,70,0,4,5681,0.5,130,87.681,,,neutral,0.8393862843513489,english,Mixed/Urban,happy,0.0178305022418499,0.06613645702600479,0.8420840501785278,0.007470172364264727,0.03047630377113819,0.01623382233083248
youtube,post,VFco3XJld9U,"Bagi semuanya yang nonton jangan lupa ya subscribe nya dan juga kasih like
Inget 1 subscribe aja sangat ngebantu banget buat Chanel ini dan 1 like aja gw udah seneng banget
Oh Iya, Follow Juga Y Instagram RubahCyber😁
  / rubahcyber_  
========================================
Ayo bantu Chanel ini mencapai 1000 subscriber lebih di bulan ini🙏🏻😇
========================================
Chanel ini akan bermain game PUBG-M Lite saja

bagi kalian yg ingin memainkan game yang gw mainin, nih gw kasih link nya:
https://www.pubgmlite.com/en-US/m/
Dan juga bisa menggunakan app store bawaan,seperti: GetApps dan yang lain nya
========================================
SELAMAT MENONTON ENJOY!!!!😀😁",https://www.youtube.com/watch?v=VFco3XJld9U,,,negative,2020-03-19 00:56:07+00:00,4,0,0,17,0.0017944693565368763,4,4.017,,,negative,0.9940184354782104,malay,Malay/Bumiputera,love,0.03874242678284645,0.03327504172921181,0.07560316473245621,0.03515554592013359,0.5269253849983215,0.0876464694738388
youtube,post,6cpjolYg9Oc,"SUBSCRIBE MY CHANNEL SEBELUM,SEDANG,DAN SESUDAH NONTON :

KATEGORI CHANNEL
 HANYA SEBATAS GAMEPLAY DAN FUNNYMOMENT

MAU UPLOAD SETIAP HARI? LIKE VIDEO INI JANGAN CUMA NONTON

SHARE AGAR CHANNEL INI LEBIH LUAS DGN KELUCUAN (mungkin)

-COMMENT KALO KALIAN REQUEST VIDEO ATAU BERIKAN SAYA SARAN ATAU KRITIK YG BERKAITAN DENGAN VIDEO ATAU CHANNEL

™Dukung Saya Sampai Titik Darah Penghabisan 
 
™SEEYOUNEXTTIME

™MY SOSIAL MEDIA
📲 vieckeval@gmail.com
📲 instagram : vieckeval
📲tiktok :tiktok.com/@viccc.4",https://www.youtube.com/watch?v=6cpjolYg9Oc,,,neutral,2023-10-02 22:27:47+00:00,0,0,2,11,0.5,2,6.011,,,neutral,0.929355800151825,malay,Malay/Bumiputera,surprise,0.050405148416757584,0.0937144011259079,0.04140889644622803,0.04727819934487343,0.060966651886701584,0.43750113248825073
youtube,post,Ze63ExRP5gk,"ZILONG ROAM, ditroll 3 MM pas solo rank...!!!
 
assalamualaikum guys
 jadi disini saya upload video gameplay sya pas main solo rank terus di troll 3 mm, otomatis sya pake ZILONG ROAM dong hampir kalah sih...!! tapi dapat momentum bisa ratain musuh 
 nonton videonya sampe habis ygy 
 jgn lupa like, share, coment dan subscribe ygy..!!!",https://www.youtube.com/watch?v=Ze63ExRP5gk,,,positive,2023-09-07 05:10:23+00:00,1,0,0,5,0.995972967147827,1,1.005,,,positive,0.9865765571594238,malay,Malay/Bumiputera,no_clear_emotion,0.03194750100374222,0.030272509902715683,0.012121270410716534,0.04311021417379379,0.104161337018013,0.19140185415744781
youtube,post,n38vzk29Y4Y,"KESALAHAN USER ZHASK, INILAH ALASAN AKU MALES PAKAI ZHASK PAS SOLO RANKED ~ MOBILE LEGENDS

Terima Kasih Teman Teman ku, Yang Sudah Selalu Suport Aku Sampai Detik Ini Dari Berbagai Aspek. Dalam Bentuk Perjuangan Push Rank, Saweran, Subscribe, Interaksi Dan Doa Kalian Membantu Channel Aku Lebih Berkembang.

Yang Belum Subscribes Monggolah Subscribe, Satu Subscribe Jutaan Pahala Menanti Anda 🙏

💵💵💵 LINK DONASI : 

http://saweria.co/Petrussofficial
(bantu donasi bisa dengan via DANA)

🔔 FOLLOW JUGA SOSIAL MEDIA AKU :

➡️ Facebook Page :
https://www.facebook.com/profile.php?...
➡️ TIKTOK :
https://www.tiktok.com/@beasternarmyo...
➡️ Instagram :
https://www.instagram.com/putraeka668...

TAG LINE :

Mobile Legends: Bang Bang, Mobile Legends, Mlbb Creator Camp, Mlbb Id Creator, MCC 1126 ID, Petruss Official

#mobilelegends
#mlbbcreatorcamp
#petrussofficial",https://www.youtube.com/watch?v=n38vzk29Y4Y,,,neutral,2023-04-29 19:58:32+00:00,3,0,2,101,0.5,6,9.101,,,neutral,0.973838746547699,malay,Malay/Bumiputera,love,0.057898130267858505,0.08187295496463776,0.14410313963890076,0.06269627809524536,0.35520216822624207,0.08495739847421646
youtube,post,6UVzk2gDiPI,"Cape-cape ngetank MMnya bloon. Magenya banyak alesan

mobile legends
mobile legends indonesia
solo rank mobile legends
solo push rank mobile legends
mobile legends gameplay",https://www.youtube.com/watch?v=6UVzk2gDiPI,,,neutral,2023-11-09 10:00:07+00:00,0,0,0,28,0.5,0,0.028,,,neutral,0.8440502882003784,english,Mixed/Urban,no_clear_emotion,0.03743613138794899,0.012926299124956131,0.0535476878285408,0.009149563498795033,0.11306093633174896,0.021050283685326576
youtube,post,A1E2Sfc5nC8,"Subs Channel Youtube & follow Nimo

https://svip.nimo.tv/apakidi",https://www.youtube.com/watch?v=A1E2Sfc5nC8,,,neutral,2021-12-10 05:30:01+00:00,0,0,0,6,0.5,0,0.006,,,neutral,0.8641493320465088,english,Mixed/Urban,no_clear_emotion,0.050711072981357574,0.03098195791244507,0.045218709856271744,0.03980354964733124,0.22503645718097687,0.07333074510097504
youtube,post,muUtPnmlUco,Meta Aneh Pas SOLO Rank. Menit Ke 6 Sudah minta Surrend? Dasar Mental Tempe❗❗#solorank#mlbb #viral,https://www.youtube.com/watch?v=muUtPnmlUco,,,neutral,2022-07-16 08:20:13+00:00,3,0,0,106,0.5,4,3.106,,,neutral,0.9199153780937195,english,Mixed/Urban,love,0.08362796157598495,0.08522608876228333,0.034960705786943436,0.09004614502191544,0.6154269576072693,0.042151451110839844
youtube,post,-1BKo16JxI4,HIGHLIGHT BRODY @MobileLegends5v5MOBA @mobilelegends_indonesia THANK U BG LEXZY SARAN PICK HERONYA MEMUASKAN,https://www.youtube.com/watch?v=-1BKo16JxI4,,,positive,2023-01-11 15:18:45+00:00,2,0,0,11,0.9857806801795959,2,2.011,,,positive,0.9526022672653198,english,Mixed/Urban,love,0.10848384350538254,0.055679820477962494,0.17124688625335693,0.03994724899530411,0.42087632417678833,0.03627098724246025
youtube,post,DjF_XEf-bI8,"Itu gw Gatau Itu Fake Atau Real Tpi Mmg Ada Id Ny :@PRESIDENMLBB

Subscribe Sm Like Ya Mkasi

Song Used:
1. Lost Sky - Need You [NCS]
2. Diamond Eyes - Everyting
3. Asence - Places Like That [NCS]



#Mobilelegend #MLBB #Atlas",https://www.youtube.com/watch?v=DjF_XEf-bI8,,,neutral,2021-01-20 01:07:59+00:00,3,0,0,28,0.5,3,3.028,,,neutral,0.9834655523300171,malay,Malay/Bumiputera,love,0.023082664236426353,0.01734820194542408,0.032992277294397354,0.023183705285191536,0.6477053165435791,0.028908953070640564
youtube,post,AOr5_JdtyJQ,Murray PAS solo Maryland 2/4/23,https://www.youtube.com/watch?v=AOr5_JdtyJQ&list=RDAOr5_JdtyJQ&start_radio=1,,,neutral,2023-02-06 05:00:05+00:00,0,0,0,12,0.5,0,0.012,,,neutral,0.94122713804245,english,Mixed/Urban,no_clear_emotion,0.030205924063920975,0.014354152604937553,0.04539380222558975,0.012548346072435379,0.09381107240915298,0.015017437748610973
youtube,post,aPxq8tID71M,"Ketemu Letda Hyper Pas Solo Squad Di Rank!!?!😮😮 Auto Tusunn,.jangan lupa like dan subscribe!!!",https://www.youtube.com/watch?v=aPxq8tID71M,,,negative,2023-07-08 04:46:33+00:00,2,0,0,10,0.06147587299346924,2,2.01,,,negative,0.7950804233551025,multilingual,Unknown,love,0.0317414253950119,0.029324106872081757,0.030392056331038475,0.04310412332415581,0.3124660849571228,0.2978556752204895
youtube,post,t1-38hVtOVY,#mobilelegends #mlbb #mlbbcreatorcamp #fypage #followme #mlbbshorts #follow #followforfollowback #followforfollow,https://www.youtube.com/watch?v=t1-38hVtOVY,,,neutral,2024-05-23 01:34:23+00:00,0,0,0,4,0.5,0,0.004,,,neutral,0.7105328440666199,english,Mixed/Urban,love,0.05303075909614563,0.012905845418572426,0.0405731238424778,0.022731704637408257,0.6712872982025146,0.017867503687739372
youtube,post,TjSuQLbsmx4,"Waah gila sih .. Hoki ketemu publik jago jago semua , Jadi satu tim pula .. Ganyang ga tuuuh ??? 
Walaupun ga mabar tapi chemistry udah lagi kaya mabar aja cok !! Map Auto Teraaaaang Cooooook !!!


Semoga terhibur..!
.
.
.
.
.
.
.
.
.
.
.
Youtube : 
   / @mnizaaar  

Facebook  :  https://www.facebook.com/profile.php?...

Instagram : https://instagram.com/mnizaar_?igshid...",https://www.youtube.com/watch?v=TjSuQLbsmx4,,,neutral,2023-03-06 06:01:29+00:00,0,0,0,36,0.5,0,0.036,,,neutral,0.7738583087921143,english,Mixed/Urban,fear,0.07549416273832321,0.5062107443809509,0.15832307934761047,0.03727233409881592,0.13280396163463593,0.0457218773663044
youtube,post,N8tj1wGkoAM,rank gw Gold 3 tapi kok ketemu Master  pas solo Vs squad Aneh!,https://www.youtube.com/watch?v=N8tj1wGkoAM,,,positive,2022-05-12 08:58:02+00:00,0,0,0,1,0.8070914596319199,0,0.001,,,positive,0.35697153210639954,multilingual,Unknown,surprise,0.019128989428281784,0.11568976193666458,0.03147235885262489,0.03299888223409653,0.09568850696086884,0.538581132888794
youtube,post,J7N6KIx3zns,Top glob 1 gatot kaca selamat menonton top global 1 gatot kaca jangan lupa subcribe top globa)   gatot kaca,https://www.youtube.com/watch?v=J7N6KIx3zns,,,neutral,2020-12-10 02:44:51+00:00,11,0,0,118,0.5,12,11.118,,,neutral,0.7776526212692261,english,Mixed/Urban,love,0.05594839155673981,0.01520659402012825,0.12407628446817398,0.013405762612819672,0.5260986685752869,0.014486883766949177
youtube,post,CfRMopYKZKE,ANGELA DAPAT KILL PERTAMA PAS SOLO RANK!! Mobile Lagend #game #mobilelegends,https://www.youtube.com/watch?v=CfRMopYKZKE,,,positive,2022-01-01 13:22:50+00:00,6,0,0,28,0.8544761955738067,6,6.028,,,positive,0.5149206519126892,english,Mixed/Urban,love,0.036440908908843994,0.013864084146916866,0.07612375169992447,0.014783204533159733,0.6124293208122253,0.01815975457429886
youtube,post,omUHubRPTQU,Bantu subscribe ngab 🗿,https://www.youtube.com/watch?v=omUHubRPTQU,,,neutral,2022-03-22 03:49:25+00:00,0,0,0,59,0.5,0,0.059,,,neutral,0.7612602114677429,english,Mixed/Urban,no_clear_emotion,0.04483671486377716,0.024572623893618584,0.09768825769424438,0.01921834610402584,0.2851438820362091,0.025735298171639442
youtube,post,g5XKrI3NZ5w,"Mobile Legend,HERO INI IMBA BANGET BISA GENDONG GENDONG PAS SOLO",https://www.youtube.com/watch?v=g5XKrI3NZ5w,,,neutral,2023-10-02 06:03:39+00:00,0,0,0,2,0.5,0,0.002,,,neutral,0.6241304278373718,english,Mixed/Urban,no_clear_emotion,0.07063253223896027,0.16301904618740082,0.13707390427589417,0.025057867169380188,0.09050492942333221,0.1720929592847824
youtube,post,uacWTMOp3JY,Pas solo rank ketemu -Uchiha-Tok Dalang. auto di gendong,https://www.youtube.com/watch?v=uacWTMOp3JY,,,neutral,2022-01-11 13:01:19+00:00,7,0,0,22,0.5,7,7.022,,,neutral,0.9157261252403259,english,Mixed/Urban,no_clear_emotion,0.035479217767715454,0.012429749593138695,0.04789542406797409,0.012530145235359669,0.13584968447685242,0.019160043448209763
youtube,post,-FvDNpdJUzk,Jangan lupa Subscrib Chanel ALL Ygy,https://www.youtube.com/watch?v=-FvDNpdJUzk,,,neutral,2022-12-22 04:22:55+00:00,3,0,0,43,0.5,3,3.043,,,neutral,0.8219173550605774,english,Mixed/Urban,love,0.049428291618824005,0.01918873004615307,0.026408109813928604,0.019395016133785248,0.7962614297866821,0.01878819428384304
youtube,post,NsOCfbxKyHc,lama gk pake kadita akhirnya pake lagi walau jarinagn merah kuning hijau,https://www.youtube.com/watch?v=NsOCfbxKyHc,,,neutral,2020-12-05 06:36:12+00:00,0,0,0,3,0.5,0,0.003,,,neutral,0.7767176628112793,english,Mixed/Urban,fear,0.026253022253513336,0.44627416133880615,0.022938290610909462,0.11070210486650467,0.0726451501250267,0.2819594144821167
youtube,post,hryvYR26aT8,Ya Begitulah Moonton Kasih Gw Tim Pas Solo Rank #mlbb #edith,https://www.youtube.com/watch?v=hryvYR26aT8,,,neutral,2023-02-22 22:18:50+00:00,0,0,0,18,0.5,0,0.018,,,neutral,0.9143236875534058,english,Mixed/Urban,love,0.03531922027468681,0.014410281553864479,0.030286747962236404,0.020843850448727608,0.8155790567398071,0.01396081130951643
youtube,post,Wq_Jrcf5GFI,"#mobilelegends   #edith   #mlbb  #edit 

Bismillah
Shodaqoh seikhlasnya di : https://sociabuzz.com/gps_way/donate
atau bisa di : https://saweria.co/GPSWay

Yang mau mabar, bisa masuk grup ya..
ID GRUP 1 : 2590942
ID GRUP 2 : 3109166

Bisa juga gabung ke Grup WA, biar bisa janjian mabar sama sharing hal yang bermanfaat :
https://chat.whatsapp.com/L0mkurI9ysR...

Jazakalloh bagi yang sudah menonton, jangan lupa subsribe, like dan komen agar selalu ada perbaikan ke video berikutnya.
Jangan lupa juga nyalakan lonceng notifikasinya agar teman-teman selalu terupdate saat tim GPS Way Upload video.
Terima kasih bagi yang udah mau share video nya ke teman-teman kalian.

Semoga Bermanfaat.
Enjoy ;)


Tim GPS Way
#mobilelegendsindonesia #mlbbindonesia",https://www.youtube.com/watch?v=Wq_Jrcf5GFI,,,positive,2023-08-13 12:30:15+00:00,9,0,10,86,0.9975577771663665,19,39.086,,,positive,0.9918592572212219,malay,Malay/Bumiputera,love,0.059558507055044174,0.05065273120999336,0.08584539592266083,0.0627780631184578,0.41713929176330566,0.08557498455047607
youtube,post,rPqjOD45bwY,"Assalamualaikum
Welcome back
Saya Irfan di channel Irfan IDN

Jangan lupa untuk
Subscribe
Like
Command
Share

Join to discord   / discord  

My IG @ irfan.gt_
My FB Irfan Zul Karnain

Enjoy this video",https://www.youtube.com/watch?v=rPqjOD45bwY,,,positive,2020-04-25 06:41:51+00:00,12,0,1,42,0.8757237613201141,13,15.042,,,positive,0.5857458710670471,english,Mixed/Urban,love,0.05523708090186119,0.04233505204319954,0.047649819403886795,0.06818024069070816,0.5260195136070251,0.10292499512434006
youtube,post,cQSFe49pSUE,"Di gendong Maungzy Kw pas Solo Rank, Aldous gue gak mau kalah!",https://www.youtube.com/watch?v=cQSFe49pSUE,,,neutral,2020-01-26 07:28:33+00:00,2,0,0,8,0.5,2,2.008,,,neutral,0.7456913590431213,english,Mixed/Urban,love,0.14697730541229248,0.11996165663003922,0.03220122307538986,0.08371561020612717,0.38149839639663696,0.11271607875823975
youtube,post,raFnA-J-nHk,solo pas solo - Amy Lee - Love Exists - choregraphy,https://www.youtube.com/watch?v=raFnA-J-nHk,,,neutral,2022-07-08 20:57:52+00:00,13,0,0,231,0.5,15,13.231,,,neutral,0.817441463470459,english,Mixed/Urban,love,0.10542388260364532,0.07899899035692215,0.05106887221336365,0.13618342578411102,0.523584246635437,0.049120184034109116
youtube,post,m4P0CvjiC0U,"Hai gengs... video kali ini aku mau share terkait tempat tinggal aku pas solo travel di Bandung tahun lalu. Hihihihi udah arsip bgt tapi sayang kalo gak di share. Semoga video ini dapat membantu teman-teman yang juga ingin ke bandung dan mau stay dideket braga ya. Overall aku sangat rekomendasi. 

Jangan lupa like dan tinggalakan komentar ya untuk semangatin aku upload video lebih sering. See you on next video. Happy Watching.

Berikut link kalau mau book ya : https://www.instagram.com/themorceroom/",https://www.youtube.com/watch?v=m4P0CvjiC0U,,,positive,2024-03-12 14:31:18+00:00,8,0,2,395,0.9993999183177947,13,14.395,,,positive,0.9979997277259827,malay,Malay/Bumiputera,love,0.07667224109172821,0.06261339783668518,0.07465863972902298,0.08787571638822556,0.6247968673706055,0.038573287427425385
youtube,post,9hZSc-XfAxk,"Ketemu evos pas lagi solo rank,rasanya seperti mimpi😱

#lancelotml #lancelot mobile legend",https://www.youtube.com/watch?v=9hZSc-XfAxk,,,neutral,2020-04-12 08:02:56+00:00,34,0,0,83,0.5,34,34.083,,,neutral,0.6285196542739868,english,Mixed/Urban,surprise,0.0177717674523592,0.0915716141462326,0.20954717695713043,0.022767089307308197,0.21319715678691864,0.34545549750328064
youtube,post,1bXbRBhK5ZA,#irvandsss #mobilelegends #mlbb #mlbbcreatorcamp,https://www.youtube.com/watch?v=1bXbRBhK5ZA,,,neutral,2025-04-23 02:59:19+00:00,5,0,4,81,0.5,9,17.081,,,neutral,0.7702579498291016,english,Mixed/Urban,love,0.06365416198968887,0.017346953973174095,0.04830145090818405,0.022608159109950066,0.6490121483802795,0.016380447894334793
youtube,post,YFqEHryTyJs,Ketemu Chet pas solo vs duo,https://www.youtube.com/watch?v=YFqEHryTyJs,,,neutral,2020-12-11 06:00:55+00:00,2,0,0,5,0.5,2,2.005,,,neutral,0.9202927350997925,english,Mixed/Urban,no_clear_emotion,0.044994059950113297,0.010303550399839878,0.0273477490991354,0.010048295371234417,0.11777901649475098,0.019181404262781143
youtube,post,Ez0e5rQS3Y0,"Hello Guys Welcome To my Channel 😊

Yang mau mabar
Add id : 1119441568 
___________________________________________________________________________                                         

Thanks Yang Udah Nonton Jangan Lupa Klik Tombol Subscribe nya Agar Saya Lebih Semangat Lagi Buat Konten nya

___________________________________________________________________________


Tag :
Gusion
Hero MLBB
Top Global Gusion
Build By Top Global Gusion
Top 1 Global Gusion
Gusion Gameplay
Gusion revamp 2022
Gusion Montage
Tutorial Gusion
Solo Rank Top Global Gusion
Gameplay Mobile Legends
Gusion KOF

#mlbb 
#gameplay 
#gameplaymlbb 
#mobilelegends 
#montagevideo 
#buildtersakit2022 
#buildtopglobal 
#tutorial 
#tutorialgusion 
#gusionkofskin",https://www.youtube.com/watch?v=Ez0e5rQS3Y0,,,positive,2022-11-30 09:42:24+00:00,5,0,0,24,0.8882320642471313,5,5.024,,,positive,0.6274402141571045,english,Mixed/Urban,sadness,0.0828033983707428,0.11483652144670486,0.024627985432744026,0.3071422278881073,0.2579573392868042,0.12605324387550354
youtube,post,6w8-qncIobs,cuaca cerah pas solo haiking,https://www.youtube.com/watch?v=6w8-qncIobs,,,neutral,2021-11-25 11:39:24+00:00,1,0,1,8,0.5,2,4.008,,,neutral,0.776145875453949,english,Mixed/Urban,happy,0.019334811717271805,0.03503427654504776,0.8857277631759644,0.00649251276627183,0.027066413313150406,0.010015632025897503
youtube,post,EAh4Mv9vB4g,Dapat kawan noob. Eh pas solo malah menang!!! #ClashRoyale,https://www.youtube.com/watch?v=EAh4Mv9vB4g,,,negative,2018-03-07 09:03:41+00:00,0,0,0,1,0.04844711422920228,0,0.001,,,negative,0.8385096192359924,multilingual,Unknown,no_clear_emotion,0.15754151344299316,0.019880788400769234,0.05658505856990814,0.08181807398796082,0.19438236951828003,0.03177717328071594
youtube,post,VQ8HkgGoH5E,"Di video Mobile Legends kali ini, Xry Gaming bakal tunjukin gameplay Granger yang walaupun kalah bisa tetap MVP. Kita bakal cobain build GRANGER terkuat 2025 Tonton sampai habis — Walaupun Defeat🤣
Support terus channel Xry Gaming biar makin semangat upload konten gameplay, tips, dan trik Mobile Legends lainnya. Jangan lupa Like, Comment, dan Subscribe ya guys!
#XryGaming #MobileLegends #MLBBIndonesia #Gameplaygranger #MobileLegendsIndonesia #MLBB2025 #TopGlobalgranger #BuildTersakit",https://www.youtube.com/watch?v=VQ8HkgGoH5E,,,positive,2025-12-11 12:41:05+00:00,0,0,0,19,0.9994051575660705,0,0.019,,,positive,0.9980171918869019,malay,Malay/Bumiputera,love,0.08265369385480881,0.04633772373199463,0.019111864268779755,0.26776453852653503,0.31703609228134155,0.06261646747589111
youtube,post,o1nyUnAYVgk,"Hallo brodi ,thanks buat kalian yang sudah menonton bantu dukung dan suport terus chanel ane ya ges ya hehe cek juga sosmed ane 
Instagram :dadut1990_

#dadutngevlog #mobilterbalik #kecelakaan #nightride #soloNR",https://www.youtube.com/watch?v=o1nyUnAYVgk,,,negative,2022-03-10 01:36:00+00:00,12,0,2,91,0.1181459829211235,14,18.091,,,negative,0.6061800569295883,multilingual,Unknown,no_clear_emotion,0.04094429314136505,0.020694619044661522,0.04290447384119034,0.017541462555527687,0.10855250805616379,0.04780988395214081
youtube,post,BPBaDNIoyKc,"rekomendasi mie ayam solo panjul harga 10k rasa mantap,,lokasi jln petemon kali samping indomaret #streetfood #food #visitkuliner #yukkulinerbareng #kuliner #foodie #kulinersurabaya #cooking #jajanan",https://www.youtube.com/watch?v=BPBaDNIoyKc,,,neutral,2026-05-05 07:00:18+00:00,8,0,8,523,0.5,21,32.523,,,neutral,0.876542329788208,english,Mixed/Urban,love,0.13037405908107758,0.042013105005025864,0.10263527184724808,0.041505929082632065,0.5176507234573364,0.031964607536792755
youtube,post,8tm8g5hQ9sc,"video ini hanya untuk hiburan saja 


#NWWJ02",https://www.youtube.com/watch?v=8tm8g5hQ9sc,,,positive,2022-02-10 23:06:50+00:00,8,0,0,15,0.9900735199451446,8,8.015,,,positive,0.9669117331504822,malay,Malay/Bumiputera,no_clear_emotion,0.021020617336034775,0.021760305389761925,0.023586248978972435,0.03894602507352829,0.14180748164653778,0.21665117144584656
youtube,post,kwnWQu13AGU,TOP1 OU PAS SOLO VS SQUAD 18KILLS,https://www.youtube.com/watch?v=kwnWQu13AGU,,,neutral,2018-03-06 08:50:15+00:00,5,0,2,59,0.5,7,11.059,,,neutral,0.6907925605773926,english,Mixed/Urban,no_clear_emotion,0.04462112858891487,0.011851360090076923,0.04211536794900894,0.010978851467370987,0.11055881530046463,0.01685556396842003
youtube,post,2Rt4LoQcdbE,"Assalammualikum wr wb ,kali ini saya akan membagi kan game play mobile legend bang bang .Maaf kalo video nya patah patah

DEVICE = SAMSUNG J4+


#RRQ_Lemon
#Balmon
#ZR9",https://www.youtube.com/watch?v=2Rt4LoQcdbE,,,negative,2020-10-02 18:32:38+00:00,51,0,2,444,0.05784655809402467,57,57.444,,,negative,0.8071781396865845,malay,Malay/Bumiputera,love,0.03984297439455986,0.05145006999373436,0.05365002527832985,0.0629233568906784,0.444492906332016,0.2208644300699234
youtube,post,EZz5dPb_nzU,"Lagi malassss ngedit...jadi rekam pakai sena 10c evo...upload langsung.....
curhatan gw pas kemaren ke bandung pakai knalpot lone rider di z1000 sugomi...

#z1000 #sugomi #sena",https://www.youtube.com/watch?v=EZz5dPb_nzU,,,neutral,2020-12-04 18:24:20+00:00,10,0,6,93,0.5,16,28.093,,,neutral,0.8345916271209717,english,Mixed/Urban,no_clear_emotion,0.054520316421985626,0.04330199956893921,0.05668575316667557,0.039016008377075195,0.1699642390012741,0.06894225627183914
youtube,post,wtUM7BPn3hE,"Join this channel to get access to perks:
   / @vancagaming  

song used : crabulon theme - terraria by dm dokuro! 
   • Terraria Calamity Mod Music - ""1NF3S+@+!0N...  

#mobilelegends #topglobal #vanca #vancagaming",https://www.youtube.com/watch?v=wtUM7BPn3hE,,,neutral,2025-07-10 11:30:52+00:00,707,0,154,17550,0.5,1036,1186.55,,,neutral,0.5324874520301819,english,Mixed/Urban,love,0.04802630469202995,0.02018466591835022,0.05383193865418434,0.024208800867199898,0.4325338304042816,0.02651163563132286
youtube,post,ehjpeSkH8AU,"Parah kan, makanya kalian jangan pernah ngalah kalo mau menang di solo rank, karena kalo ngalah kawan kalian belum tentu gg, auto jadi ta3k lah tu

kalau sudah 1000 Subs kita bakalan live streaming ya, kalian liat aja nanti bagaimana perjuangan solo rank sampai ke mythic dan kita juga bakalan bagi2 diamond pas di 1000 subs meskipun belum monet


dan kalau sudah monet, 100 dolars pertama bakalan kita bagi2 untuk kawan2 yang sudah subscribe, jadi ayo bantu channel ini sama2 😁


Ini Janji kita dari pertama bwat channel ini ya, kalian bisa cek di profil/info channel ini


Yang mau kasih dukungan boleh disini👇

https://sociabuzz.com/debocah/donate

#mlbb #mobilelegendsindonesia #barats #harley #melissa #saber #cicimlbb #cyclops #faramismlbb #belerick #chou",https://www.youtube.com/watch?v=ehjpeSkH8AU,,,negative,2024-03-31 22:42:33+00:00,0,0,0,155,0.0004859805107116921,1,0.155,,,negative,0.9983800649642944,malay,Malay/Bumiputera,love,0.22626741230487823,0.07397223263978958,0.05204172432422638,0.026091646403074265,0.4702261984348297,0.020056134089827538
youtube,post,h4YpqvTOnz4,"Hello ges gue kali ini mabar dengan teman 1 squad gue si fanny, karena biasa kalau solo kita pake hero jungler disini kita mabar pun tetap pakai hero jungler. Langsung nonton aja untuk keseruannya kita push rank & sedikit tips untuk pakai harley mid laner hehe.

Track : Janji - We Are Heroes Tonight
Music provided by NoCopyrightSound
Watch :    • Janji - Heroes Tonight (feat. Johnning) | ...  

#mobilelegends #mlbb  #mobilelegendsindonesia",https://www.youtube.com/watch?v=h4YpqvTOnz4,,,positive,2024-01-27 08:06:53+00:00,13,0,0,158,0.9993926942348479,14,13.158,,,positive,0.9979756474494934,malay,Malay/Bumiputera,love,0.03916566073894501,0.019558684900403023,0.06840549409389496,0.026437798514962196,0.4407169818878174,0.038798943161964417
youtube,post,RubYZQQi85c,"Gradur, SDM - Pas solo (Version Skyrock)",https://www.youtube.com/watch?v=RubYZQQi85c&list=RDRubYZQQi85c&start_radio=1,,,neutral,2026-02-12 11:36:04+00:00,19,0,1,1777,0.5,37,23.777,,,neutral,0.8774814605712891,english,Mixed/Urban,no_clear_emotion,0.010893936268985271,0.008791913278400898,0.0249498188495636,0.00992291234433651,0.035979025065898895,0.020257817581295967
youtube,post,qkZ36XYI3Ew,"Thanks for your support with subscribe, like, comment and share my vidio gameplay sun guys 🙏🏻

USER SUN WAJIB NONTON GAMEPLAY INI
Semoga terhibur guys

SOUND By :    / @nocopyrightsounds  

My channel :    / @hanekage1  


Sun top global
Emblem sun tersakit
Emblem sun terbaru
Cara main sun 
Cara main sun terbaru
Build sun terkuat
Build sun tersakit
Build sun terbaru
Sun hyper terkuat 
Sun hyper terbaru
Gameplay sun hyper
Gameplay sun explane
Gameplay sun goldlane
Tutorial gameplay sun
Emblem sun termeta
Montage sun
Sun spell fliker
Sun spell petrify
Sun spell inspire
Gameplay sun top global



#tutorialsun #mobilelegends #mlbb #topglobalsun #buildsun #sunml #tutorial #sunmlbb #mobilelegendsbangbang #buildsuntersakit #sunmlbb #mlbb
#bestbuildsun #mobilelegends #sunnewbuild #sunmobilelegendsbestbuild #gameplaysun #emblemsun #emblemsunterbaru #buildsunpalingsakitdankuat #gameplaysunlategame #sunhyper #sunhypercary #sunexplane #sungameplay #sunemblemsuport #suntiktok
#like #comment #share #montage",https://www.youtube.com/watch?v=qkZ36XYI3Ew,,,positive,2024-09-29 15:00:51+00:00,6,0,8,1622,0.9575181365013121,30,31.622,,,positive,0.8583937883377075,english,Mixed/Urban,sadness,0.14685799181461334,0.16066980361938477,0.03627536818385124,0.3201909363269806,0.24118876457214355,0.04443106800317764
youtube,post,j0RAHXjVnto,"GRADUR (feat. SDM) - Pas Solo (version instrumentale originale) | Album ""DÉCENNIE"" | Janvier 2026",https://www.youtube.com/watch?v=j0RAHXjVnto&list=RDj0RAHXjVnto&start_radio=1,,,neutral,2026-01-31 03:37:22+00:00,37,0,13,1483,0.5,64,77.483,,,neutral,0.9393154382705688,english,Mixed/Urban,no_clear_emotion,0.0288435947149992,0.01763027347624302,0.06472118198871613,0.012865716591477394,0.19401973485946655,0.025745583698153496
youtube,post,q8tYXV3SF4c,"SHAREfactory™
https://store.playstation.com/#!/fr-f...",https://www.youtube.com/watch?v=q8tYXV3SF4c,,,neutral,2018-11-06 18:22:10+00:00,0,0,0,7,0.5,0,0.007,,,neutral,0.8563476800918579,english,Mixed/Urban,love,0.05971718579530716,0.04364645108580589,0.06002534553408623,0.04699026048183441,0.41840076446533203,0.11384788155555725
youtube,post,0JraM-SG5wA,"RRQ Lemon ganti Nick biar ga dikenal pas solo rank , pick Eudora nostalgia MPL Season 6",https://www.youtube.com/watch?v=0JraM-SG5wA,,,neutral,2023-07-02 05:15:50+00:00,0,0,0,3,0.5,0,0.003,,,neutral,0.9023807048797607,english,Mixed/Urban,love,0.0794239491224289,0.04855579137802124,0.02825063467025757,0.13335157930850983,0.6394582390785217,0.03584899753332138
youtube,post,l5d4OqKLomw,"Hari ini aku mencoba naik Kereta Api BIAS (Bandara Adi Soemarmo) dari Stasiun Ngawi  menuju Solo Balapan. 🚆

Kereta ini dikenal nyaman, cepat, dan jadi salah satu pilihan transportasi terbaik dari dan menuju pusat kota Solo.

Di video ini aku akan share pengalaman lengkap naik kereta BIAS, mulai dari suasana di stasiun, kondisi di dalam kereta, hingga perjalanan sampai di Solo Balapan. Buat kalian yang penasaran, tonton sampai habis ya! 🙌

Jangan lupa support channel ini dengan cara like, komen, dan subscribe supaya aku makin semangat bikin konten perjalanan berikutnya ✨

#masyaallahtabarakallah 
#KeretaApi #TravelVlog #JalanJalan #PengalamanNaikKereta #KeretaApiIndonesia",https://www.youtube.com/watch?v=l5d4OqKLomw,,,positive,2025-09-26 09:01:21+00:00,11,0,8,753,0.9994016349315642,26,35.753,,,positive,0.9980054497718811,malay,Malay/Bumiputera,surprise,0.013598861172795296,0.035640183836221695,0.03178274631500244,0.0233402531594038,0.065616674721241,0.6617649793624878
youtube,post,RCnw1IIAnNU,"😁 SELAMAT DATANG REK  DI CHANEL Cupu Ini😇
CHANNEL INI DIBUAT UNTUK HIBURAN , EDUKASI, DAN INFORMASI 
SUPPORT CHANNEL INI SUPAYA BERKEMBANG DENGAN LIKE KOMEN DAN SUBS REKK!!! ✊
BISA REQUEST YA UNTUK MAU NGONTEN APA ,, MAKASIH Supportnya KAWAN KU SMUA 😎
=========================================================================
ATAU JUGA BISA SUPPORT : https://saweria.co/fradilanvigar      🤍🤍🤍
=========================================================================
😇 Bergabunglah bersama saya dalam petualangan unik, kita menyelami dunia kegembiraan dan kesejukan di dunia game. Dalam serial YouTube saya ini, saya berusaha menghadirkan yang terbaik untuk menghibur kalian 😇
OH IYA!! Ini adalah clip saya pas lagi mabar sama temen,, clip kalo ACE itu main sendiri ,, kalo sama temen soalnya aku jadi cupu wwkwkwkwkwkwk
=========================================================================
BISA JUGA IKUTI 😁 :
📲IG : @fradilanvigar
📲Tiktok : @fradilan1
🕹️Discord :   / discord  
=========================================================================
Syiar Agama 
Telegram info tentang gaza : https://t.me/gazaupdated
Donasi bisa ikuti instagram : kilatqolbu
=========================================================================
copy lagu intro: 
Track: Infraction, MOKKA- Place to Hide
Music provided by Infraction No Copyright Music
Spotify: https://bit.ly/429n5Ux

copyright lagu Youtube
Track: Crushed Candy - Oh My Gawd [NCS Release]
Music provided by NoCopyrightSounds.
Watch: http://ncs.lnk.to/CC_OMGAT/youtube

Track: NEFFEX - Desperate [NCS Release]
Music provided by NoCopyrightSounds.
Watch: http://ncs.lnk.to/DesperateAT/youtube
Free Download / Stream: http://ncs.io/Desperate

Track: if found - Dead of Night   [NCS Release]
Music provided by NoCopyrightSounds.
Watch more NCS on YouTube: https://NCS.lnk.to/YouTubeAT

Free Download / Stream: https://ncs.io/DeadofNight
=========================================================================
#valorant  #games #valorantclips   #gaming #games  #lawak #gamelawak #fradilanvalorant #fypシ゚viral #2024 #new #valoranindonesia #valorantindo #riotgames #riot #2024 #prx",https://www.youtube.com/watch?v=RCnw1IIAnNU,,,positive,2024-07-29 06:00:11+00:00,13,0,12,102,0.9987131118774413,26,49.102,,,positive,0.9957103729248047,malay,Malay/Bumiputera,love,0.09381482005119324,0.06975449621677399,0.11912711709737778,0.06625697016716003,0.42017608880996704,0.05716767907142639
youtube,post,_q77zrZFMyo,Edited by YouCut:https://youcutapp.page.link/BestEditor,https://www.youtube.com/watch?v=_q77zrZFMyo,,,neutral,2022-10-12 20:28:54+00:00,10,0,3,2146,0.5,34,21.146,,,neutral,0.6480318903923035,english,Mixed/Urban,no_clear_emotion,0.017428353428840637,0.039121683686971664,0.05317456275224686,0.023928167298436165,0.1251254379749298,0.21849308907985687
youtube,post,yyinJe9iUjI,"Ketemu Publik Yang Ngerti Makro Mikro Pas Solo Ranked Auto Win - Mobile Legends

Hallo semuanya Saya Bitobi, Terimakasih telah menonton
jangan lupa tetap support channel ini dengan cara Subscribe, like dan komen ya.

Note : ""Semua Butuh Proses. Syukuri Apa Yang Kita Punya dan Gunakan Semaksimal Mungkin :)""

Tempat Top Up Termurah No.1 di Indonesia
https://www.radjatopup.id/id

tag :
#tutorialhayabusa 
#bestbuildhayabusa 
#mobilelegends 
#hayabusamontage 
#hayabusagameplay 
#hayabusafasthand 
#itemhayabusaterbaru",https://www.youtube.com/watch?v=yyinJe9iUjI,,,positive,2024-10-04 04:00:56+00:00,3,0,0,546,0.9994001686573029,8,3.5460000000000003,,,positive,0.9980005621910095,malay,Malay/Bumiputera,love,0.08703797310590744,0.054821696132421494,0.08964018523693085,0.057756226509809494,0.37573811411857605,0.07594441622495651
youtube,post,JufoRldhrHc,"Gradur, SDM Pas solo (Version Skyrock) 🎶",https://www.youtube.com/watch?v=JufoRldhrHc&list=RDJufoRldhrHc&start_radio=1,,,neutral,2026-02-22 15:21:15+00:00,3,0,0,109,0.5,4,3.109,,,neutral,0.847816526889801,english,Mixed/Urban,no_clear_emotion,0.02182016521692276,0.020808115601539612,0.04046270623803139,0.0195713322609663,0.20832747220993042,0.06263038516044617
youtube,post,EL6OTNaIK7Q,Broadcasted live on Twitch -- Watch live at   / jojolezozo,https://www.youtube.com/watch?v=EL6OTNaIK7Q,,,neutral,2022-09-02 16:30:01+00:00,0,0,0,10,0.5,0,0.01,,,neutral,0.9060840010643005,english,Mixed/Urban,no_clear_emotion,0.023086154833436012,0.01530412957072258,0.03154147043824196,0.014730517752468586,0.05908200144767761,0.07727999985218048
youtube,post,2K9171HZJ6g,Pos na pas solo sto custom xoris filous kai xoris bot🤔🤨,https://www.youtube.com/watch?v=2K9171HZJ6g,,,neutral,2019-08-27 20:45:20+00:00,0,0,0,16,0.5,0,0.016,,,neutral,0.8728734254837036,english,Mixed/Urban,love,0.055050648748874664,0.018614232540130615,0.06066052243113518,0.016638631001114845,0.7079461216926575,0.015017536468803883
youtube,post,2-F3r9oJ6uk,"Video perdana!! Jangan lupa subscribe gan and teken lonceng nya itung-itung sedekah wkwk,Enjoyin aja tuh video",https://www.youtube.com/watch?v=2-F3r9oJ6uk,,,positive,2023-03-10 12:29:43+00:00,4,0,2,16,0.8907997786998748,6,10.016,,,positive,0.6359992623329163,english,Mixed/Urban,love,0.04053619131445885,0.02455676905810833,0.03841070458292961,0.03405030444264412,0.660108208656311,0.05460081622004509
youtube,post,_iK16Dp5xd0,"Konflik dalaman Perikatan Nasional semakin memuncak apabila Mursyidul Am PAS mencadangkan agar parti itu bergerak solo dalam pilihan raya umum sekiranya krisis kepimpinan PN gagal diselesaikan. Cadangan ini mencetuskan persoalan besar tentang masa depan gabungan pembangkang dan kesan politiknya terhadap landskap nasional.

Whisper Politics – Kami bisik, anda fikir.

#WhisperPolitics #PolitikMalaysia #PAS #PN #KrisisPolitik #PilihanRayaUmum #PolitikPembangkang #AnalisisPolitik #IsuSemasa

Disclaimer: Kandungan video ini bertujuan untuk analisis dan pendidikan politik semata-mata. Semua pandangan berasaskan laporan media sahih dan tidak mewakili mana-mana parti politik. Whisper Politics menolak sebarang fitnah, hasutan, atau ucapan kebencian, dan menghormati undang-undang Malaysia di bawah Akta Komunikasi dan Multimedia 1998.",https://www.youtube.com/watch?v=_iK16Dp5xd0,,,negative,2026-01-30 10:34:39+00:00,17,0,14,2295,0.0005058646202087402,53,61.295,,,negative,0.9983137845993042,malay,Malay/Bumiputera,anger,0.3879598379135132,0.1844160407781601,0.10450567305088043,0.048033639788627625,0.0721811056137085,0.03129712864756584
youtube,post,vVkTVsB2e6s,"Berbagi ilmu tentang drafting yang 60% berpengaruh buat kesempatan menang mobile legend lu!

#mobilelegends #mlbb",https://www.youtube.com/watch?v=vVkTVsB2e6s,,,positive,2026-01-31 12:00:09+00:00,0,0,0,17,0.9132861673831939,0,0.017,,,positive,0.7109538912773132,multilingual,Unknown,love,0.030553484335541725,0.022867681458592415,0.16899137198925018,0.01571294292807579,0.47340255975723267,0.03360055014491081
youtube,post,d0VN3EI5Xqg,"Provided to YouTube by DistroKid

Pas solo · Rivalis · Damien VALDAN

Plus Jamais Seul

℗ 11674175 Records DK

Released on: 2026-02-14

Auto-generated by YouTube.",https://www.youtube.com/watch?v=d0VN3EI5Xqg&list=RDd0VN3EI5Xqg&start_radio=1,,,neutral,2026-02-15 16:31:11+00:00,8,0,0,272,0.5,10,8.272,,,neutral,0.9478329420089722,english,Mixed/Urban,no_clear_emotion,0.012774097733199596,0.02074509859085083,0.02254067175090313,0.012571376748383045,0.05885809659957886,0.08628210425376892
youtube,post,r63Hzh_K8xw,"Hai guys di vidio kali ini aku akan ngasih tahu ke kalian yg suka di troll, biar kalian tetep menang nih tonton vidio nya sampe habis biar kalian paham biar ga emosi trus pas di troll!!",https://www.youtube.com/watch?v=r63Hzh_K8xw,,,negative,2023-06-17 09:38:41+00:00,2,0,0,5,0.0012081205844879372,2,2.005,,,negative,0.9959729313850403,malay,Malay/Bumiputera,love,0.12660819292068481,0.01260058768093586,0.06917478889226913,0.015330498106777668,0.5783570408821106,0.017415571957826614
youtube,post,rp2RXZXh1tc,"Bawa enjoy aja buat pembelajaran mau tau siapa bang Alex? Langsung kepoin ig nya 

6LxI9xljkJrsC6uSGBbSplhtWGMRXkoHxMt59ucflZC9AxD7NlN05nEH7WyTFzCy
And yt channel BANGALEX",https://www.youtube.com/watch?v=rp2RXZXh1tc,,,neutral,2019-01-28 00:42:59+00:00,9,0,0,104,0.5,10,9.104,,,neutral,0.7023594975471497,english,Mixed/Urban,love,0.038477689027786255,0.01416362076997757,0.04780003800988197,0.01806647703051567,0.7991167306900024,0.014499695040285587
youtube,post,n9a05Ze8kJc,"► Subscribe Entruv gratis : http://bit.ly/Entruvsub
► Topup di Codashop : https://coda.shop/Entruv
► Follow Instagram : @alexanderentruv dan @codashop.idofficial

Aura Esports FF and PUBGM Coach
Follow Facebook Entruv :   / entruv  
Device yang di pake: Iphone XS MAX

► Video PUBG Mobile : http://bit.ly/entruvpubgm
► Video Analisa PUBG Mobile : http://bit.ly/entruvanalisapubgm
► Video PUBG PC : http://bit.ly/entruvpubg

Endorse/Business inquiries contact:
Email: team.entruv@gmail.com

Jgn lupa klik tombol subscribe ya friends biar ga ketinggalan video berikut Entruv. Thank you!

#PUBGM #codashop #PUBGMINDONESIA #PUBGMOBILEKREATOR #Entruv",https://www.youtube.com/watch?v=n9a05Ze8kJc,,,neutral,2020-09-10 06:00:08+00:00,2600,0,253,63668,0.5,3489,3422.668,,,neutral,0.8854648470878601,english,Mixed/Urban,love,0.04455452412366867,0.0392799973487854,0.03683784604072571,0.05965859070420265,0.43153899908065796,0.15459993481636047
youtube,post,tTxbrqOoWao,WS tertinggi Pas Solo,https://www.youtube.com/watch?v=tTxbrqOoWao,,,neutral,2026-05-20 06:57:38+00:00,1,0,0,40,0.5,1,1.04,,,neutral,0.8088829517364502,english,Mixed/Urban,love,0.14965100586414337,0.05117536708712578,0.09598756581544876,0.02818955108523369,0.40485879778862,0.027662834152579308
youtube,post,B0nD7SWVOwc,"""King Serenity x Locko x Sergio Alejandro - All For U (Ameyatchi)"" available here : https://CantStop.lnk.to/AllForU

℗ & © 2023 Can't Stop Productions / SLS / Carry Out Production

More about King Serenity : 
  / kingserenityofficiel  
  / kingserenityofficiel  
  / djkingserenity  

More about Locko : 
  / lockofficial  
  / lockofficial  

More about Sergio Alejandro : 
  / sergioalejandro_hr  

---
Paroles : 
J’te vois winer, j’parle à mon corps 
Mets le feu, ton body sur le dancefloor 
Laisse moi jouer de la percu sur ton bam bam 
Me laisse pas solo 
I am losing control 
J’te veux sur ma moto 
Juste pour moi solo 
 

Latest designer Ta ta 
I’ll get if for you 
Tranqui’ conmigo tú estás bien 
Veux-tu de nous 
Dueña de mi corazón
Ayuwuuu 
What can I do, pour toi je ferais tout tout tout 
Maldigo el tiempo sin tu amor 
Pour toi je suis prêt à tout 
 
 
Dime dime dime dónde estás
Y dile dile que me quieres más
Y dicen dicen que no va a durar
Como Shakira y Piqué
Cuando tú no estés bien llama al celular (911)
Si estás triste sin mi te paso a buscar
 
 
Latest designer Ta ta 
I’ll get if for you 
Tranqui’ conmigo tú estás bien 
Veux-tu de nous 
Dueña de mi corazón
Ayuwuuu 
What can I do, pour toi je ferais tout tout tout 
Maldigo el tiempo sin tu amor 
Pour toi je suis prêt à tout 
 
 
Cuando tú no estés bien llama al celular 
Si estás triste sin mi te paso a buscar
Me laisse pas solo
I am losing control
J’te veux sur ma moto
Juste pour moi solo



#AllForU 
#Ameyatchi 
#KingSerenity
#Locko 
#SergioAlejandro
#CantStop 
#CantStopProductions
#SLS 
#CarryOutProduction",https://www.youtube.com/watch?v=B0nD7SWVOwc&list=RDB0nD7SWVOwc&start_radio=1,,,neutral,2023-06-14 12:51:18+00:00,18000,0,181,5928900,0.5,77470,24471.9,,,neutral,0.8947684168815613,english,Mixed/Urban,sadness,0.07166765630245209,0.27061453461647034,0.06922166794538498,0.389251172542572,0.1389172077178955,0.028914188966155052
youtube,post,Ff2C8T3Tb6U,"TERIMA KASIH BUAT YANG SUDAH MENONTON DAN SUPPORTNYA 😘 

GUNAKAN EARPHONE ATAU HEADSHET UNTUK KUALITAS PENDENGARAN VIDEO.

_____________________________________________ 

THANK YOU FOR LOOKING AT MY VIDEO AND YOUR SUPPORT 😘 

USE EARPHONE OR HEADSHET FOR HEARING VIDEO QUALITY.

Donasi : https://saweria.co/arsita

💌 Sosial Media :

Instagram : @arsitaesterada 
  / arsita_esterada  

💎💎💎💎💎💎💎💎💎💎💎💎💎💎💎💎

🌀 My ID Games :


Add me Free Fire 
ID   : 670705966

Add me Mobile Legend
ID   : 97531786

💎💎💎💎💎💎💎💎💎💎💎💎💎💎💎💎

Device :

Realme 5i


Alat Editing :

KineMaster
PixelLab


Aplikasi Record:

Omlete Arcade




❤️ Please Comment, Like and Subscribe Thank you :)
#freefire #budi01gaming",https://www.youtube.com/watch?v=Ff2C8T3Tb6U,,,positive,2021-10-22 19:19:08+00:00,68,0,36,423,0.9044353425502777,108,176.423,,,positive,0.681451141834259,english,Mixed/Urban,no_clear_emotion,0.050548847764730453,0.038320161402225494,0.0629163607954979,0.03795841336250305,0.2808314561843872,0.09314076602458954
youtube,post,WQ02gSigKY8,Brayden PAS Solo,https://www.youtube.com/watch?v=WQ02gSigKY8,,,positive,2025-06-29 19:30:47+00:00,0,0,0,106,0.856614077091217,1,0.106,,,positive,0.5220469236373901,multilingual,Unknown,love,0.20095178484916687,0.04701060429215431,0.10791637748479843,0.026623064652085304,0.3284742534160614,0.02185365930199623
youtube,post,2nuTRDplM2g,"New Song, New Vision, New Life",https://www.youtube.com/watch?v=2nuTRDplM2g&list=RD2nuTRDplM2g&start_radio=1,,,positive,2021-10-27 11:54:46+00:00,8,0,0,1415,0.9436649024486541,22,9.415,,,positive,0.8122163414955139,english,Mixed/Urban,happy,0.024030199274420738,0.056512679904699326,0.38089418411254883,0.021046677604317665,0.12429414689540863,0.09955625981092453
youtube,post,00utdL1RMwE,"""Pas solo en Randoh"" - Présentation de l'Association",https://www.youtube.com/watch?v=00utdL1RMwE,,,neutral,2025-03-10 10:07:21+00:00,2,0,0,38,0.5,2,2.038,,,neutral,0.9387447237968445,english,Mixed/Urban,no_clear_emotion,0.014228371903300285,0.006704892497509718,0.0303095281124115,0.007724669296294451,0.043926902115345,0.018643993884325027
youtube,post,jE2cBypjG3g,Ne Me Quitte Pas SOLO #JacquesBrel #Smule 11Geniefere22 #love,https://www.youtube.com/watch?v=jE2cBypjG3g&list=RDjE2cBypjG3g&start_radio=1,,,neutral,2026-01-29 01:41:45+00:00,1,0,0,18,0.5,1,1.018,,,neutral,0.7546536922454834,english,Mixed/Urban,love,0.11558400094509125,0.0826382040977478,0.04534133896231651,0.18443705141544342,0.47014519572257996,0.04818184673786163
youtube,post,ya1YYYEQvkw,Entraînement pas solo,https://www.youtube.com/watch?v=ya1YYYEQvkw,,,positive,2016-03-31 12:02:24+00:00,1,0,0,145,0.8193894863128661,2,1.145,,,positive,0.3979649543762207,multilingual,Unknown,no_clear_emotion,0.0839439183473587,0.03885927423834801,0.170518159866333,0.019906960427761078,0.3113565146923065,0.031514376401901245
youtube,post,EO5MgR5Xgo8,"Direction les tropiques avec Fliptones Music ! 🥰

On revisite le banger ""Pas Solo"" de Gradur et SDM dans une version Zouk Love inédite. On a transformé l'énergie trap originale en une vibe douce, rythmée et sensuelle. Le flow de SDM et la puissance de Gradur se marient parfaitement avec les mélodies chaleureuses des Antilles.

Idéal pour vos moments de détente, pour danser à deux ou simplement pour redécouvrir ce hit avec une touche de soleil.

Dans cette vidéo :

Remix Zouk Love exclusif du titre ""Pas Solo"".

Une production signée Fliptones Music pour une ambiance caribéenne garantie.

Le mélange surprenant entre le Rap de rue et la douceur du Zouk.

📌 Abonne-toi pour plus de remixes Zouk & Tropical : https://www.youtube.com/@FliptonesMusic 🔔 Active la cloche pour ne rater aucune de nos sorties quotidiennes !

Écoutez l'original de Gradur & SDM : https://www.youtube.com/watch?v=f_VpPST_1pU

#Gradur #SDM #PasSolo #ZoukLove #FliptonesMusic #Zouk2026 #RemixZouk #RapFrancais #Antilles #VibeTropicale #Kizomba

🏷️ Tags pour l'algorithme (Catégorisés)
Artistes & Titre : Gradur, SDM, Pas Solo, Gradur Pas Solo, SDM Pas Solo.

Genre & Style : Zouk Love, Zouk Remix, Remix Zouk 2026, Kizomba Style, French Zouk, Tropical Remix.

Mots-clés de recherche : Fliptones Music, Remix Rap Français, SDM Zouk, Gradur Zouk, Musique de soirée, Zouk Instrumental, Slow Jam.",https://www.youtube.com/watch?v=EO5MgR5Xgo8&list=RDEO5MgR5Xgo8&start_radio=1,,,positive,2026-02-03 08:30:08+00:00,0,0,0,240,0.9098185718059539,2,0.24,,,positive,0.6993952393531799,english,Mixed/Urban,love,0.0595327652990818,0.03812563791871071,0.05789121240377426,0.038692839443683624,0.7503693699836731,0.024574724957346916
youtube,post,8_CJnFKfX9A,"Ikuti gameplay alucard top global ini, untuk mempelajari rotasi,build alucard tersakit 2025 dan mikro skillnya,jangan di skip ya guys!

Saya harap Anda menikmati video saya. Terima kasih sudah menonton, Klik Like, Share, Subscribe, dan jangan lupa klik lonceng notifikasinya untuk mendapatkan update video-video saya selanjutnya.

Video ini hanya untuk hiburan semata dan tidak ada maksud untuk menyesatkan pemirsa.
Tidak ada Pelanggaran Hak Cipta yang dimaksudkan Kredit kepada pemilik musik dan gambar yang saya gunakan di semua video saya.
THUMBNAIL HANYA UNTUK TUJUAN HIBURAN SEMATA.

Ikuti sosial media saya : 
Tiktok: www.tiktok.com/@alucardvampire_
Instagram: https://instagram.com/charliew18_?igshid=NGVhN2U2NjQ0Yg%3D%3D&utm_source=qr

Joki di Vampirestore_
Whatsapp : 082329601118


6K Pertandingan alucard
_________________________________________

--KREDIT UNTUK MUSIK YANG DIGUNAKAN--
1. NOCOPYRIGHTSOUNDS
2. MUSIK NEFFEX
_________________________________________

#mobilelegends
 #MLBB
#topglobalalucard
 #Vampireee 
_________________________________________
Tag:
Alucard Terbaru Build Alucard Tersakit 2025,build alucard reavmp,Alucard hyper carry build,Rahasia build Alucard,Alucard build, mobile legends, alucard, gameplay alucard, alucard mobile legends, build alucard terbaik, build alucard paling sakit alucard top 1 global build alucard top global, new build alucard paling sakit - top global build alucard gameplay, build alucard cold, build alucard top 1 global savage alucard top global savage, build alucard sakit, build alucard tersakit, tips dan trik Alucard, alucard best build top global mobile legends Build alucard 2025 Build Alucard Tersakit 2025 Build Alucard Cold terbaru 2025 Build Alucard paling sakit 2025 Build Alucard tersakit Cold Build Alucard Top 1 Global 2025 Build Alucard tersakit 2025 jess no limit Build Alucard Jess No Limit Build Alucard Tersakit dan Terkuat 2025 Item Alucard tersakit item alucard tersakit 2025 item alucard item alucard paling sakit item alucard cold item alucard tersakit top global 1 item alucard yang paling sakit item alucard cold paling sakit 2025 item alucard jess no limit item alucard paling sakit savage mobile legends build alucard tersakit alucard top 1 global 2025 alucard revamp 2025 alucard revamp game,alucard top 1,alucard build,alucard best build,alucard top 1 global alucard top 1 global build alucard new build 2025 alucard build 2025 alucard savage 1 vs 5 alucard savage build alucard best build savage build alucard paling sakit 2025 build alucard tersakit alucard pro player top 1 alucard global ,raja dunia alucard,alucard best build 2025 top 1 global,top global alucard 2025,alucard alucard fredo,vampireee,mobilelegends,alucard",https://www.youtube.com/watch?v=8_CJnFKfX9A,,,positive,2025-01-02 12:50:04+00:00,161,0,36,3569,0.9993958950042724,232,272.569,,,positive,0.9979863166809082,malay,Malay/Bumiputera,sadness,0.08071430772542953,0.06382584571838379,0.011636854149401188,0.6494952440261841,0.07560747116804123,0.07107548415660858
youtube,post,pApSfV_Sp90,TOP 1 OU PAS ? SOLO VS SQUAD,https://www.youtube.com/watch?v=pApSfV_Sp90,,,positive,2018-11-02 12:11:23+00:00,2,0,0,6,0.9690055683255194,2,2.006,,,positive,0.8966852277517319,multilingual,Unknown,no_clear_emotion,0.01262223906815052,0.0072633372619748116,0.021654555574059486,0.006602441426366568,0.0382104255259037,0.023878658190369606
youtube,post,IGcbEVCfnNA,"Explications et points techniques des variations de pas que vous retrouverez dans nos chorégraphies de rock :
kicks et pas de bourrée
croise devant 
Kick et croise derrière 
1 2 kick pose
charleston gauche
Charlot",https://www.youtube.com/watch?v=IGcbEVCfnNA,,,neutral,2020-04-18 10:54:49+00:00,33,0,0,4436,0.5,77,37.436,,,neutral,0.8767688870429993,english,Mixed/Urban,no_clear_emotion,0.041030339896678925,0.008876672945916653,0.03735185042023659,0.007338135968893766,0.037650544196367264,0.015670664608478546
youtube,post,FyElrTZxqMs,"SHAREfactory™
https://store.playstation.com/#!/fr-f...",https://www.youtube.com/watch?v=FyElrTZxqMs,,,neutral,2017-12-03 20:42:57+00:00,1,0,1,21,0.5,2,4.021,,,neutral,0.8563476800918579,english,Mixed/Urban,love,0.05971718579530716,0.04364645108580589,0.06002534553408623,0.04699026048183441,0.41840076446533203,0.11384788155555725
youtube,post,ksoYQDOoAU4,Solo Baptiste Brondy - La possibilité d'une île - Aubert chante Houellebecq - Châlons en Champagne - 14 octobre 2014,https://www.youtube.com/watch?v=ksoYQDOoAU4,,,neutral,2014-10-26 20:47:44+00:00,0,0,0,1054,0.5,10,1.054,,,neutral,0.9431561231613159,english,Mixed/Urban,no_clear_emotion,0.04360529035329819,0.01849980093538761,0.07152898609638214,0.013158038258552551,0.31559431552886963,0.019949590787291527
youtube,post,rW8Tj6CoE8A,"SHAREfactory™
https://store.playstation.com/#!/fr-f...",https://www.youtube.com/watch?v=rW8Tj6CoE8A,,,neutral,2019-02-18 17:54:19+00:00,3,0,0,19,0.5,3,3.019,,,neutral,0.8563476800918579,english,Mixed/Urban,love,0.05971718579530716,0.04364645108580589,0.06002534553408623,0.04699026048183441,0.41840076446533203,0.11384788155555725
youtube,post,M2brD-TObO4,premiers pas solo,https://www.youtube.com/watch?v=M2brD-TObO4,,,neutral,2016-12-25 01:47:10+00:00,2,0,3,46,0.5,5,11.046,,,neutral,0.7770057320594788,english,Mixed/Urban,love,0.15969130396842957,0.10441646724939346,0.12402753531932831,0.06830910593271255,0.24639490246772766,0.08629213273525238
youtube,post,ObQPD-1_RJI,Salut à tous nouvelle vidéo sur fortnite  TOP 1  ou pas ?,https://www.youtube.com/watch?v=ObQPD-1_RJI,,,neutral,2018-02-23 20:00:02+00:00,4,0,3,29,0.5,7,13.029,,,neutral,0.9041506052017212,english,Mixed/Urban,love,0.029229475185275078,0.04276126250624657,0.11661853641271591,0.03176024183630943,0.46953684091567993,0.14454500377178192
youtube,post,up9VOI7EfoE,"Petit exemple parfait de comment le mode ranked est completement faussé par les rage-quit , jsui bloqué a 1600 de cote en saison 4 car je joue seul , super blizzard de pas sanctionner ce comportement !",https://www.youtube.com/watch?v=up9VOI7EfoE,,,neutral,2017-03-24 12:20:17+00:00,1,0,5,55,0.5,6,16.055,,,neutral,0.6097323298454285,english,Mixed/Urban,anger,0.5463802814483643,0.09174183756113052,0.07061529904603958,0.048028990626335144,0.09371021389961243,0.02312556654214859
youtube,post,GgR28NLKTls,Je n'aime pas solo,https://www.youtube.com/watch?v=GgR28NLKTls,,,neutral,2020-06-04 13:30:29+00:00,37,0,3,1192,0.5,51,47.192,,,neutral,0.8508261442184448,english,Mixed/Urban,love,0.11743802577257156,0.1087057888507843,0.150338277220726,0.0738450139760971,0.3073720633983612,0.09873218834400177
youtube,post,maEfU4IL3JU,"FORTNITE
https://store.playstation.com/#!/fr-f...",https://www.youtube.com/watch?v=maEfU4IL3JU,,,neutral,2018-06-21 23:20:00+00:00,1,0,0,10,0.5,1,1.01,,,neutral,0.8489846587181091,english,Mixed/Urban,love,0.07683367282152176,0.04958401620388031,0.056258514523506165,0.04995662719011307,0.5045512318611145,0.07218591868877411
youtube,post,e4XR3arUCeI,"Fortnite
https://store.playstation.com/#!/fr-c...",https://www.youtube.com/watch?v=e4XR3arUCeI,,,neutral,2018-05-05 17:14:54+00:00,3,0,0,16,0.5,3,3.016,,,neutral,0.8181383609771729,english,Mixed/Urban,no_clear_emotion,0.03307566046714783,0.04132341593503952,0.02965080738067627,0.03301267698407173,0.18980661034584045,0.1676204353570938
youtube,post,l2Zd-PX9TEA,"Si tu veux plusse d'animation abo toi.


#BRAWLSTARS 
#ANIMATION  #SUPERCEL",https://www.youtube.com/watch?v=l2Zd-PX9TEA,,,neutral,2019-05-16 12:31:01+00:00,9,0,12,130,0.5,22,45.13,,,neutral,0.9062055349349976,english,Mixed/Urban,love,0.025635844096541405,0.01684616506099701,0.06131650507450104,0.012524924241006374,0.7935482263565063,0.021275199949741364
youtube,post,95nF1nFxUkg,"Skema Conseil Nice Sophia-Antipolis organise LA soirée dévoilement des noms et logos des listes BDE 2016 SKEMA Business School.

Musiques : R3HAB & KSHMR - Karate ; Alabina - Alabina ; Battlefield 4 ""Stutter"" Theme - Johan Skugge & Jukka Rintamäki ; Fractal System & Rocksted - Time To Move (Angelz I'm A G Edit) [Vocal Deep Bass House]",https://www.youtube.com/watch?v=95nF1nFxUkg,,,neutral,2015-10-05 20:11:32+00:00,1,0,0,1017,0.5,11,2.0170000000000003,,,neutral,0.864761471748352,english,Mixed/Urban,no_clear_emotion,0.03425414487719536,0.01684533804655075,0.06031425669789314,0.014744567684829235,0.1053156927227974,0.02080490067601204
youtube,post,gqst9BGHIO8,[ 💯 Nightcore 💯 ] ~ Gradur & SDM ~ Pas Solo ~ 💯 ✌️ 💯 ✌️ 💯,https://www.youtube.com/watch?v=gqst9BGHIO8&list=RDgqst9BGHIO8&start_radio=1,,,neutral,2026-03-02 16:59:41+00:00,4,0,0,117,0.5,5,4.117,,,neutral,0.896329402923584,english,Mixed/Urban,no_clear_emotion,0.020216550678014755,0.01343079935759306,0.04577234387397766,0.014956001192331314,0.1091824322938919,0.033418022096157074
youtube,post,K408MrUrkYY,eedf,https://www.youtube.com/watch?v=K408MrUrkYY&list=RDK408MrUrkYY&start_radio=1,,,negative,2011-04-01 10:36:47+00:00,0,0,0,233,0.19406687915325166,2,0.233,,,negative,0.3531104028224945,multilingual,Unknown,love,0.15686053037643433,0.12343111634254456,0.109150730073452,0.0808483362197876,0.19995808601379395,0.13458193838596344
youtube,post,sIg9zggxBRk,Bantu subscribe ngab 🗿,https://www.youtube.com/watch?v=sIg9zggxBRk,,,neutral,2022-04-01 14:20:39+00:00,0,0,0,22,0.5,0,0.022,,,neutral,0.7612602114677429,english,Mixed/Urban,no_clear_emotion,0.04483671486377716,0.024572623893618584,0.09768825769424438,0.01921834610402584,0.2851438820362091,0.025735298171639442
youtube,post,ChV3XQv9_ac,"5 royal pas,solo versus squat,dan nonton video ini insya allah kalian bakalan cepat pintar main pubg jangan lupa susbckerbe ya gais yg tidak susbckreb dapat pahala",https://www.youtube.com/watch?v=ChV3XQv9_ac,,,positive,2020-08-27 09:16:06+00:00,2,0,1,12,0.9985552370548247,3,5.012,,,positive,0.9951841235160828,malay,Malay/Bumiputera,love,0.03573254123330116,0.10030031204223633,0.3582097589969635,0.02294124849140644,0.3664047420024872,0.04379623010754585
youtube,post,-ubudPbjg5A,petite solo squad du matin pour ce mettre en jambes   -- Watch live at   / tunainlive,https://www.youtube.com/watch?v=-ubudPbjg5A,,,neutral,2024-06-14 11:22:09+00:00,2,0,0,6,0.5,2,2.006,,,neutral,0.9467931389808655,english,Mixed/Urban,no_clear_emotion,0.006146957632154226,0.007827241905033588,0.027919651940464973,0.006823985371738672,0.02325347252190113,0.051601771265268326
youtube,post,_N02kdZ9nxw,11. Biz Ice feat Zepho - Pas Solo,https://www.youtube.com/watch?v=_N02kdZ9nxw&list=RD_N02kdZ9nxw&start_radio=1,,,neutral,2021-06-29 06:03:10+00:00,52,0,4,1085,0.5,66,65.085,,,neutral,0.8728709816932678,english,Mixed/Urban,no_clear_emotion,0.028858812525868416,0.010402662679553032,0.03718607872724533,0.011548713780939579,0.11985890567302704,0.019310064613819122
youtube,post,FzHkzTY6AJE,Record e ra fulll,https://www.youtube.com/watch?v=FzHkzTY6AJE,,,neutral,2020-01-24 23:58:15+00:00,5,0,10,46,0.5,15,35.046,,,neutral,0.63605797290802,english,Mixed/Urban,no_clear_emotion,0.06472627818584442,0.029402991756796837,0.15323586761951447,0.019109390676021576,0.21118110418319702,0.022595137357711792
youtube,post,CLaNilHfKSc,Je ne vous oublie pas solo,https://www.youtube.com/watch?v=CLaNilHfKSc&list=RDCLaNilHfKSc&start_radio=1,,,neutral,2018-05-22 22:25:57+00:00,0,0,0,6,0.5,0,0.006,,,neutral,0.811420738697052,english,Mixed/Urban,sadness,0.041939884424209595,0.04025197774171829,0.018143927678465843,0.6299231648445129,0.1869221031665802,0.05036264657974243
youtube,post,sCYg0C1CmRw,Top 1 ou pas . Solo 8 kill,https://www.youtube.com/watch?v=sCYg0C1CmRw,,,neutral,2018-12-28 18:17:53+00:00,8,0,4,23,0.5,12,20.023,,,neutral,0.9001284241676331,english,Mixed/Urban,no_clear_emotion,0.007617420516908169,0.011784221045672894,0.01390538178384304,0.00756783178076148,0.01978440396487713,0.06323004513978958
youtube,post,VYJVLnLgjPs,"Para Kartini, pernah ingin menjelajahi Indonesia sendiri, tapi masih ragu atau takut menghadapi tantangan saat solo travelling? Menikmati perjalanan seorang diri bisa sangat menyenangkan, tapi ada beberapa hal penting yang perlu diperhatikan agar pengalaman Anda tetap aman, nyaman, dan berkesan.

Di episode OTISTA (Obrolan & Tips Setiap Siang) kali ini, Fadilah Umi Laila (Wonosobo, Jawa Tengah) akan membagikan rekomendasi tempat-tempat menarik di Indonesia yang cocok untuk solo traveller, lengkap dengan tips praktis dan hal-hal yang perlu diperhatikan sebelum, selama, dan setelah perjalanan. Mulai dari persiapan, keamanan, hingga cara menikmati perjalanan sendiri tanpa merasa kesepian, semua dibahas dengan hangat dan realistis.

Episode ini sangat cocok untuk perempuan dewasa yang ingin mengeksplorasi dunia sendiri, mencari inspirasi perjalanan, atau sekadar ingin belajar bagaimana merencanakan solo travelling dengan percaya diri dan tenang. Dengarkan sampai akhir, karena memahami diri sendiri dan lingkungan adalah kunci agar setiap perjalanan menjadi pengalaman yang menyenangkan dan bermakna.

Follow Our Podcast buat tahu episode terbaru Kartini Podcast, dan jangan lupa share episode ini ke teman-teman Anda ya.
This is Kartini Podcast, A Podcast From Kartini Radio, Suara Wanita Masa kini.

FOLLOW OUR SOCIAL MEDIA
WhatsApp, SMS, Telegram : 0877-4313-6010
E-mail (include Business & Partnership) : ⁠⁠⁠⁠⁠⁠⁠⁠⁠⁠⁠⁠⁠⁠⁠⁠⁠⁠⁠kartiniradio.official@gmail.com
Website : ⁠⁠⁠⁠⁠⁠⁠⁠⁠⁠⁠⁠⁠⁠⁠⁠⁠⁠⁠⁠⁠⁠⁠⁠⁠⁠⁠⁠⁠⁠⁠⁠⁠⁠⁠https://bit.ly/kartiniradio⁠⁠⁠⁠⁠⁠⁠ / ⁠⁠⁠⁠⁠⁠⁠⁠⁠⁠⁠⁠⁠⁠⁠⁠⁠⁠⁠⁠⁠⁠⁠⁠⁠⁠⁠⁠⁠⁠⁠⁠⁠⁠⁠http://kartiniradio.42web.io/⁠⁠⁠⁠⁠⁠⁠
X : ⁠⁠⁠⁠⁠⁠⁠⁠⁠⁠⁠⁠⁠⁠⁠⁠⁠⁠⁠⁠⁠⁠⁠⁠⁠⁠⁠⁠⁠⁠⁠⁠⁠⁠⁠https://x.com/kartiniradio⁠⁠⁠⁠⁠⁠
Instagram Kartini Radio : ⁠⁠⁠⁠⁠⁠⁠⁠⁠⁠⁠⁠⁠⁠⁠⁠⁠⁠⁠⁠⁠⁠⁠⁠⁠⁠⁠⁠⁠⁠⁠⁠⁠⁠⁠  / kartiniradioid⁠⁠⁠⁠⁠⁠⁠⁠⁠⁠⁠⁠⁠⁠  
Instagram Dila : ⁠⁠⁠⁠⁠⁠⁠⁠⁠⁠⁠⁠⁠⁠⁠⁠⁠⁠⁠⁠⁠⁠⁠⁠⁠⁠⁠⁠⁠⁠⁠⁠⁠⁠⁠  / fadilahlaila_  
Tiktok : ⁠⁠⁠⁠⁠⁠⁠⁠⁠⁠⁠⁠⁠⁠⁠⁠⁠⁠⁠⁠⁠⁠⁠⁠⁠⁠⁠⁠⁠⁠⁠⁠⁠⁠⁠  / kartiniradio⁠⁠⁠⁠⁠⁠⁠  
YouTube : ⁠⁠⁠⁠⁠⁠⁠⁠⁠⁠⁠⁠⁠⁠⁠⁠⁠⁠⁠⁠⁠⁠⁠⁠⁠⁠⁠⁠⁠⁠⁠⁠⁠⁠⁠   / @kartiniradio  
WhatsApp Channel : https://whatsapp.com/channel/0029VbAk...",https://www.youtube.com/watch?v=VYJVLnLgjPs,,,positive,2026-03-05 10:00:00+00:00,0,0,0,6,0.9994110763072968,0,0.006,,,positive,0.9980369210243225,malay,Malay/Bumiputera,anger,0.6810365915298462,0.09372013062238693,0.03325239196419716,0.12870992720127106,0.023401927202939987,0.012767231091856956
youtube,post,5o15JMoAPE8,beban party GG nya pas solo terus🤦,https://www.youtube.com/watch?v=5o15JMoAPE8,,,negative,2022-06-21 01:19:14+00:00,2,0,0,7,0.15773548632860182,2,2.007,,,negative,0.4742150455713272,multilingual,Unknown,anger,0.31120890378952026,0.04383223131299019,0.051700085401535034,0.03436791151762009,0.23089361190795898,0.02049398235976696
youtube,post,GQbN-VuVAPo,"Abonné vous a ma chaîne et liker et partager cette video! 


SHAREfactory™
https://store.playstation.com/#!/fr-f...",https://www.youtube.com/watch?v=GQbN-VuVAPo,,,neutral,2019-07-09 15:52:15+00:00,8,0,0,51,0.5,8,8.051,,,neutral,0.7886897325515747,english,Mixed/Urban,love,0.025035085156559944,0.012688052840530872,0.022553881630301476,0.027399512007832527,0.4718247354030609,0.08859845250844955
youtube,post,Hj4d6xprGIM,"Turnê do Sesi - Maria Gadú e OSC
Luiz Alves - Trompete

Me siga nas redes sociais:
Instagram:https://instagram.com/luizalvestrp?ig...
Facebook: https://www.facebook.com/luizeduardoa...",https://www.youtube.com/watch?v=Hj4d6xprGIM,,,neutral,2019-10-27 13:25:57+00:00,7,0,0,109,0.5,8,7.109,,,neutral,0.882498025894165,english,Mixed/Urban,no_clear_emotion,0.02984129823744297,0.016373855993151665,0.03272799402475357,0.020558815449476242,0.2023402750492096,0.03328624367713928
youtube,post,Wjy9DBg6vpc,#raffy,https://www.youtube.com/watch?v=Wjy9DBg6vpc,,,positive,2020-05-26 06:01:54+00:00,9,0,8,69,0.8660673305392265,17,33.069,,,positive,0.5535577684640884,multilingual,Unknown,love,0.16015467047691345,0.12185052782297134,0.10502219945192337,0.08942045271396637,0.21539846062660217,0.12081927806138992
youtube,post,aJqYnThugcE,REVIEW BUNDLE ELIT PAS SOLO RANKED,https://www.youtube.com/watch?v=aJqYnThugcE,,,neutral,2021-07-30 08:34:55+00:00,3,0,3,37,0.5,6,12.037,,,neutral,0.8501572012901306,english,Mixed/Urban,no_clear_emotion,0.03213569149374962,0.017043355852365494,0.13300544023513794,0.009391111321747303,0.0858420580625534,0.023567764088511467
youtube,post,,,https://www.youtube.com/watch?v=8qCpGDUek6A&list=RD8qCpGDUek6A&start_radio=1,,,neutral,,0,0,0,0,0.5,0,0.0,,,neutral,0.0,unknown,Unknown,neutral,0.0,0.0,0.0,0.0,0.0,0.0
youtube,post,x3VpnzXO1DQ,#top1supreme#soloranked#hayabusamobilelegend,https://www.youtube.com/watch?v=x3VpnzXO1DQ,,,positive,2019-09-15 04:36:51+00:00,7,0,3,69,0.856000530719757,10,16.069,,,positive,0.5200017690658569,english,Mixed/Urban,no_clear_emotion,0.05505502223968506,0.01862208917737007,0.07619214057922363,0.014911114238202572,0.16457438468933105,0.022366298362612724
youtube,post,uqz-dyWU4UY,"Solo Freestyle Hip Hop 
Pourquoi Pas ? - Nathan

Flume feat. T-Shirt - On Top
   • Flume - On Top feat. T.Shirt",https://www.youtube.com/watch?v=uqz-dyWU4UY,,,neutral,2015-08-01 14:45:07+00:00,1,0,0,63,0.5,1,1.063,,,neutral,0.9509668350219727,english,Mixed/Urban,love,0.028122451156377792,0.009644175879657269,0.045347217470407486,0.017703650519251823,0.6878005266189575,0.021984269842505455
youtube,post,wlK_EzXCLOI,Video de mon premier passage en solo 1er pas au Grand Prix de France d'Avignon.,https://www.youtube.com/watch?v=wlK_EzXCLOI,,,neutral,2009-10-13 15:11:44+00:00,0,0,0,355,0.5,3,0.355,,,neutral,0.8994817137718201,english,Mixed/Urban,no_clear_emotion,0.008545821532607079,0.012249568477272987,0.04487549141049385,0.007066353224217892,0.03407595306634903,0.03693070262670517
youtube,post,,,https://www.youtube.com/watch?v=Wi9pAIF_mNg&list=RDWi9pAIF_mNg&start_radio=1,,,neutral,,0,0,0,0,0.5,0,0.0,,,neutral,0.0,unknown,Unknown,neutral,0.0,0.0,0.0,0.0,0.0,0.0
youtube,post,6TbafxBjCJc,"Solo (pas solo) - Time, Hans Zimmer Cover - chorégraphie danse contempo 2018",https://www.youtube.com/watch?v=6TbafxBjCJc,,,neutral,2022-05-29 08:27:15+00:00,5,0,0,185,0.5,6,5.185,,,neutral,0.9278920292854309,english,Mixed/Urban,no_clear_emotion,0.018969178199768066,0.008017812855541706,0.03020600974559784,0.008578325621783733,0.06852329522371292,0.015747033059597015
youtube,post,uNLdY6MU-1s,"Gradur, SDM Pas solo (Version Skyrock) 🎶",https://www.youtube.com/watch?v=uNLdY6MU-1s&list=RDuNLdY6MU-1s&start_radio=1,,,neutral,2026-02-28 14:20:04+00:00,2,0,0,208,0.5,4,2.208,,,neutral,0.847816526889801,english,Mixed/Urban,no_clear_emotion,0.02182016521692276,0.020808115601539612,0.04046270623803139,0.0195713322609663,0.20832747220993042,0.06263038516044617
youtube,post,BoBRzmalmTU,yo tous le monde.,https://www.youtube.com/watch?v=BoBRzmalmTU,,,positive,2020-02-16 20:38:58+00:00,2,0,0,85,0.9506052434444427,2,2.085,,,positive,0.8353508114814758,multilingual,Unknown,love,0.10884538292884827,0.05615221709012985,0.10491936653852463,0.030510680750012398,0.38332435488700867,0.028586121276021004
youtube,post,QXFNK-vY4VA,"Solo contemporain / Top score overall Pre-Teen / View Dance Challenge
Danseuse Magali Champagne 
Chorégraphe Shanny Cuillerier QMDA",https://www.youtube.com/watch?v=QXFNK-vY4VA&list=RDQXFNK-vY4VA&start_radio=1,,,neutral,2021-07-17 17:01:23+00:00,9,0,0,396,0.5,12,9.396,,,neutral,0.8515515327453613,english,Mixed/Urban,no_clear_emotion,0.012043995782732964,0.010932725854218006,0.03120947815477848,0.008913211524486542,0.0696839988231659,0.023738861083984375
youtube,post,Pri1ogIE93Q,"Gradur, SDM Pas solo (Version Skyrock) 🎶",https://www.youtube.com/watch?v=Pri1ogIE93Q&list=RDPri1ogIE93Q&start_radio=1,,,neutral,2026-03-02 11:06:50+00:00,2,0,0,61,0.5,2,2.061,,,neutral,0.847816526889801,english,Mixed/Urban,no_clear_emotion,0.02182016521692276,0.020808115601539612,0.04046270623803139,0.0195713322609663,0.20832747220993042,0.06263038516044617
youtube,post,,,https://www.youtube.com/watch?v=p1dY0sFPXyc&list=RDp1dY0sFPXyc&start_radio=1,,,neutral,,0,0,0,0,0.5,0,0.0,,,neutral,0.0,unknown,Unknown,neutral,0.0,0.0,0.0,0.0,0.0,0.0
youtube,post,QQZ7iiiDROY,"ce soir dans top gear:

on insulte les allemands (encore)
Kurt Cobain reload
un gros dieu égyptien",https://www.youtube.com/watch?v=QQZ7iiiDROY,,,neutral,2025-10-20 10:00:51+00:00,14,0,1,236,0.5,17,17.236,,,neutral,0.8464674949645996,english,Mixed/Urban,happy,0.02286241389811039,0.060918089002370834,0.320100873708725,0.028590431436896324,0.22059115767478943,0.06778242439031601
youtube,post,y5R3EQ_uyjs,"SHAREfactory™
https://store.playstation.com/#!/fr-f...",https://www.youtube.com/watch?v=y5R3EQ_uyjs,,,neutral,2018-04-05 11:36:41+00:00,2,0,0,6,0.5,2,2.006,,,neutral,0.8563476800918579,english,Mixed/Urban,love,0.05971718579530716,0.04364645108580589,0.06002534553408623,0.04699026048183441,0.41840076446533203,0.11384788155555725
youtube,post,6tqmrWektE8,Et si tu n'existais pas (solo)!🔥❤️🔥,https://www.youtube.com/watch?v=6tqmrWektE8&list=RD6tqmrWektE8&start_radio=1,,,positive,2022-10-29 05:03:59+00:00,1,0,0,5,0.9828631341457366,1,1.005,,,positive,0.9428771138191223,english,Mixed/Urban,surprise,0.030431821942329407,0.16577717661857605,0.019757280126214027,0.17831823229789734,0.15421445667743683,0.39648640155792236
youtube,post,4-KHiCS5lw8,Gradur feat SDM pas solo version Skyrock,https://www.youtube.com/watch?v=4-KHiCS5lw8&list=RD4-KHiCS5lw8&start_radio=1,,,neutral,2026-02-25 21:14:24+00:00,3,0,0,126,0.5,4,3.126,,,neutral,0.8459333181381226,english,Mixed/Urban,no_clear_emotion,0.012272922322154045,0.006773073226213455,0.02370026335120201,0.0074396380223333836,0.032883740961551666,0.014850286766886711
youtube,post,LoLjqDH1OhY,"Halo cuy! 
Live Setiap hari di Tiktok :   / oscarpratama_  
Top up Resmi 24jam Termurah hanya di : https://badboystore.id/
Support Badboy ⬇️
https://sociabuzz.com/bangboylive
Jangan lupa Sosial Media Badboy yang lain
Instagram → @oscarpratama_   / oscarpratama_  

https://sg.creatorhub.pubgmobile.com/...

Tolong share ke sosial media kalian ya untuk support kita agar channel kita terus berkembang dan makin semangat upload video lucu terbaru. Thank you cuy!!

#PUBGMNextStarProgram
#PUBGMOBILE 
#PUBGMOBILEC7S19",https://www.youtube.com/watch?v=LoLjqDH1OhY,,,positive,2024-08-09 11:38:56+00:00,99,0,9,1680,0.9994008839130402,124,127.68,,,positive,0.9980029463768005,malay,Malay/Bumiputera,love,0.0727299153804779,0.05948726460337639,0.17091651260852814,0.05351424962282181,0.43843576312065125,0.051523059606552124
youtube,post,VuYq2yLqPaw,"""Ne vous étonnez pas s'ils ne vous reconnaissent pas : ils sont sujets à des absences""
Chorégraphie  : Viktor Pêche 
Danse : Catherine Châtelin",https://www.youtube.com/watch?v=VuYq2yLqPaw&list=RDVuYq2yLqPaw&start_radio=1,,,neutral,2025-01-08 07:03:19+00:00,1,0,0,10,0.5,1,1.01,,,neutral,0.8458570241928101,english,Mixed/Urban,love,0.20589731633663177,0.04044712334871292,0.020798183977603912,0.03840155899524689,0.565737247467041,0.02759900689125061
youtube,post,U3twL8zf7Nk,dapet bocil kntd pas solo rank... rasanya ahh mantap...,https://www.youtube.com/watch?v=U3twL8zf7Nk,,,neutral,2021-07-28 20:31:09+00:00,2,0,0,53,0.5,2,2.053,,,neutral,0.8248757123947144,english,Mixed/Urban,happy,0.015184137038886547,0.05873909965157509,0.8569193482398987,0.008256953209638596,0.028523901477456093,0.017268994823098183
youtube,post,dF4RcNThazY,"Hallo teman"" salam kenal 🧸
Saweria: https://saweria.co/Andrip6
Instagram:   / andrip6  
Tiktok: tiktok.com/@2gdanya",https://www.youtube.com/watch?v=dF4RcNThazY,,,neutral,2025-01-03 11:53:26+00:00,2,0,0,40,0.5,2,2.04,,,neutral,0.5552607774734497,english,Mixed/Urban,love,0.07002520561218262,0.04339700564742088,0.058476004749536514,0.042579635977745056,0.6191856861114502,0.05094683915376663
youtube,post,jkcKgxKi5_U,#mlbb,https://www.youtube.com/watch?v=jkcKgxKi5_U,,,positive,2021-08-09 01:10:49+00:00,60,0,0,96,0.8481139332056045,60,60.096,,,positive,0.4937131106853485,multilingual,Unknown,love,0.15942883491516113,0.1266675889492035,0.10865874588489532,0.09324771165847778,0.21020200848579407,0.12715399265289307
youtube,post,ipSSUH6PrX4,"Provided to YouTube by Universal Music Group

Verdi: Jérusalem / Act 3: Airs de Ballet No. 3 Pas solo: Andante · Orchestre de la Suisse Romande · Fabio Luisi

Verdi: Jérusalem

℗ 2000 Universal International Music B.V.

Released on: 2000-01-01

Producer: Wilhelm Hellweg
Composer: Giuseppe Verdi
Lyricist: Alphonse Royer
Lyricist: Gustave Vaëz

Auto-generated by YouTube.",https://www.youtube.com/watch?v=ipSSUH6PrX4&list=RDipSSUH6PrX4&start_radio=1,,,neutral,2018-12-12 11:17:07+00:00,0,0,0,89,0.5,0,0.089,,,neutral,0.9260231852531433,english,Mixed/Urban,no_clear_emotion,0.020490316674113274,0.024551663547754288,0.03265395015478134,0.014240715652704239,0.09062869846820831,0.057327207177877426
youtube,post,tTO7TbjHCB4,Ben Smith_-_Ne me laisse pas solo,https://www.youtube.com/watch?v=tTO7TbjHCB4&list=RDtTO7TbjHCB4&start_radio=1,,,neutral,2024-09-01 19:00:29+00:00,57,0,14,427,0.5,75,99.427,,,neutral,0.8896819949150085,english,Mixed/Urban,sadness,0.05095145106315613,0.14197812974452972,0.012186698615550995,0.6668576598167419,0.026738779619336128,0.07081133872270584
youtube,post,mhjLJ7sd83k,Jeux de société n'est pas Solo,https://www.youtube.com/watch?v=mhjLJ7sd83k,,,neutral,2020-09-24 17:22:32+00:00,46,0,35,814,0.5,89,151.814,,,neutral,0.8363673090934753,english,Mixed/Urban,no_clear_emotion,0.1977970153093338,0.032786522060632706,0.05740884691476822,0.02188248559832573,0.10983089357614517,0.024537289515137672
youtube,post,zrKS0sTn81U,"Antara yang menarik tengah hari ini;

1. PAS Selangor nafi mahu gerak solo hadapi PRU16
2. Radzi Jidin tak ada ‘locus standi’ untuk ulas prestasi ringgit – AMK
3. Peja bantu menang 5 kerusi di sebalik kritikan, kata ketua PN NS
4. Rombakan exco Johor perlihat ‘tiada kesatuan’ BN-PH, kata penganalisis
5. NGO Swiss gesa kerajaan bekukan aset Taib
6. daftar pemilihan bulan januari dibuka untuk semakan - SPR

#nextstepnews #nextstepmalaysia",https://www.youtube.com/watch?v=zrKS0sTn81U,,,negative,2024-02-22 05:01:42+00:00,257,0,66,27564,0.009828615188598622,598,482.564,,,negative,0.9672379493713379,malay,Malay/Bumiputera,fear,0.06746524572372437,0.4368387758731842,0.029756806790828705,0.060100261121988297,0.03787411376833916,0.24098892509937286
youtube,post,BVuYL9vG644,N'HÉSITEZ PAS À LÂCHER DES LIKES À COMMENTER ET À VOUS ABONNÉS POUR PLUS DE VIDÉOS !,https://www.youtube.com/watch?v=BVuYL9vG644,,,neutral,2017-04-14 23:51:54+00:00,7,0,0,67,0.5,7,7.067,,,neutral,0.7927367091178894,english,Mixed/Urban,surprise,0.02995406836271286,0.20817236602306366,0.03620690479874611,0.036592572927474976,0.03596729040145874,0.5253021121025085
youtube,post,nprSm57nAHA,"---------- Abonnez vous mes petits ;) --------------
Mes vidéos de Cube World n'ont pas de suite, le numéro d'épisode indique seulement l'ordre dans lequel elles ont été faites.",https://www.youtube.com/watch?v=nprSm57nAHA,,,neutral,2013-07-05 08:14:00+00:00,7,0,2,166,0.5,10,13.166,,,neutral,0.8177905082702637,english,Mixed/Urban,no_clear_emotion,0.014010942541062832,0.035456012934446335,0.02128766104578972,0.02198919840157032,0.04242265224456787,0.3219190537929535
youtube,post,1qXVn1-dchA,"#apadiapodcast Episod 10 (Special Episode): Untuk Episod 10 yang cukup istimewa ini, kami menampilkan tetamu istimewa iaitu Dr. Mohd Mazri Yahya: AJK PAS Pusat & Timbalan Pesuruhjaya PAS Johor untuk bersama kami mengupas hal ehwal parti PAS secara mendalam.

Topik hangat yang kami kupas bersama Dr. Mazri pada episod kali ini ialah:-

1. Latar Belakang Dr. Mazri Yahya
2. Penerimaan Parti PAS di Johor
3. Cepumas Question Time (CQT): Edisi PAS

Click linktr.ee di bio kami dan layan episod 10 'Apa Dia Podcast' di platform YouTube dan Spotify.

#santaitapisampai #partiislamsemalaysia #pas #islam",https://www.youtube.com/watch?v=1qXVn1-dchA,,,neutral,2023-11-06 12:00:10+00:00,28,0,10,3416,0.5,72,61.416,,,neutral,0.9680367708206177,malay,Malay/Bumiputera,no_clear_emotion,0.020776385441422462,0.013406206853687763,0.032948680222034454,0.022750606760382652,0.13630938529968262,0.056831568479537964
youtube,post,eF6_jxcBGZU,"Provided to YouTube by Universal Music Group

Verdi: Jérusalem / Act 3: Airs de Ballet No. 3 Pas solo: Scherzando · Orchestre de la Suisse Romande · Fabio Luisi

Verdi: Jérusalem

℗ 2000 Universal International Music B.V.

Released on: 2000-01-01

Producer: Wilhelm Hellweg
Composer: Giuseppe Verdi
Lyricist: Alphonse Royer
Lyricist: Gustave Vaëz

Auto-generated by YouTube.",https://www.youtube.com/watch?v=eF6_jxcBGZU&list=RDeF6_jxcBGZU&start_radio=1,,,neutral,2018-12-12 11:17:08+00:00,0,0,0,96,0.5,0,0.096,,,neutral,0.9269525408744812,english,Mixed/Urban,no_clear_emotion,0.023645443841814995,0.02793082594871521,0.0327480174601078,0.015830859541893005,0.08796378970146179,0.06020752340555191
youtube,post,kwtQIcMv4dE,"SHAREfactory™
https://store.playstation.com/#!/fr-f...",https://www.youtube.com/watch?v=kwtQIcMv4dE,,,neutral,2020-03-06 06:49:18+00:00,0,0,0,1,0.5,0,0.001,,,neutral,0.8563476800918579,english,Mixed/Urban,love,0.05971718579530716,0.04364645108580589,0.06002534553408623,0.04699026048183441,0.41840076446533203,0.11384788155555725
youtube,post,aWRP79skJyQ,"Sky Defender est de retour dans une cinquième saison opposant 5 défenseurs à 15 attaquants jouant en solo pour le contrôle d’une cité !

** MON PACK DE TEXTURE EST PRIVÉ ! **
Mais il est au 3/4 basé sur le Enhanced !

═══════════════════════════════════════════

Les Participants :

■ Armthebitch :    / armthebiitch  
■ As2Pik :    / themagohamot  
■ Aurélien Sama :    / aureliensama  
■ Aypierre :    / aypierre  
■ Bigbublle :   / bigbublle1963  
■ Blondie :    / pepperandblondie  
■ ChooseAGame :    / chooseag  
■ Fukano :    / fuuukano  
■ MrBboy45 :    / mrbboy45  
■ Newtiteuf :    / newtiteufprod  
■ PopiGames :    / luckilucgame  
■ Saradine :    / saradinegaming  
■ SianaPanda :    / sianapandagaming  
■ Siphano :    / siphano13  
■ Skygrope :    / skygropespotdejeux  
■ SuperBrioche :    / superbrioche666  
■ Sytorax :   / sytorax  
■ TheMissAddict :    / natouilla  
■ Unsterbliicher :    / unsterbliicher  
■ Wolf :    / onyblockx  

Les épisodes sont tous tournés avant la diffusion pour éviter le spoil. Ils sont diffusés tous les 2 jours !

Remerciements particuliers à la Team Endorah pour le château.
Remerciement spécial a Snik3eS pour le plugin et le serveur.
Remerciement à Looky pour le logo de la saison.
Remerciement à Flandra pour le dessin de la miniature.

■ Musique Introduction :    • |Musique libre de droits| Ezietto - Histor...  

═══════════════════════════════════════════

■ Condition de Victoire Attaquant : L'un des attaquants doit décrocher la bannière du château après que l'intégralité des défenseurs soient morts.

■ Condition de Victoire Défenseurs : L'intégralité des attaquants doivent être morts.

Les Défenseurs forment une team de 5. Les Attaquants jouent tous en solo. Alliance ET Trahison autorisées entre les attaquants seulement si la somme de la nouvelle équipe n'excède pas 3 personnes. Chaque équipe est secrète pour les autres joueurs.

Un seul attaquant peut gagner. Des attaquants s'étant alliés devront donc s'affronter à la fin du jeu.

Possibilité pour les attaquants de venir piller les coffres de défenseurs.

Aucune restriction. Possibilité de poser et casser n'importe quel bloc à n'importe quel endroit. Château compris.

20% de chance d'obtenir une potion de n'importe quelle sorte lorsqu'un mob hostile est tué.

Un joueur se faisant tuer par un autre joueur lâche sa tête au sol. En la mangeant, celui qui l'a récupéré obtient un bonus forcément positif durant 2min.

Chaque joueur possède 30 coeurs.

Mode Hardcore activé.

Plugin Mumble actif.

Luminosité à 100% maximum.

Mods interdits hormis Optifine & Shaders.

═══════════════════════════════════════════

Toute insulte envers l'un des joueurs ou un autre viewer entraînera un ban immédiat.

═══════════════════════════════════════════",https://www.youtube.com/watch?v=aWRP79skJyQ,,,neutral,2016-08-01 15:00:00+00:00,1600,0,348,72442,0.5,2672,2716.442,,,neutral,0.8601583242416382,english,Mixed/Urban,no_clear_emotion,0.10592765361070633,0.021497048437595367,0.07830195873975754,0.01984335482120514,0.1666892170906067,0.023087700828909874
youtube,post,yjnJR0nfqLc,"Salut ! Je reprends les vidéos et lives à un rythme régulier. Nouveautés sur ma chaine, les Let's Play et le fait que vous puissiez entendre mes potes. 
Je ferai 2 vidéos par semaines (Lundi et Vendredi) et le reste du temps des lives. 
Voilà une belle de bras cassés pour vous donner le sourire pendant le confinement. Bon visionnage et à plus tard dans mes lives ou vidéos.
Mon PSN : DevilJhin34


SHAREfactory™
https://store.playstation.com/#!/fr-f...",https://www.youtube.com/watch?v=yjnJR0nfqLc,,,neutral,2020-04-05 12:55:22+00:00,1,0,1,12,0.5,2,4.012,,,neutral,0.7072174549102783,english,Mixed/Urban,happy,0.03078259341418743,0.03841475397348404,0.30535629391670227,0.02778490260243416,0.2452004849910736,0.07400937378406525
youtube,post,hlzu6fo5mn0,"Hayoo choupsiis ~~ On continue sur la lancée avec l'épisode 5 de mes #vlogjournal, jour qui a suivi l'épisode 4.
J'accueille dans ma petite bulle ma première guest, ma petite Shéryne :))
Cet épisode part en HAUL haha :') Ce qui veut dire prochaainement une vidéo Atelier !
Je continue l'apprentissage de Première Pro , not eaaasy, il y a des choses que j'aimerai faire mais que je n'arrive pas encore :'l
J'ai tout de même tenté une intro comme sur les 3 premiers épisodes ^^'

E N J O Y 

Aleii, with love ~


Music credits 
________________________________________________
🎵 Music by Adam Angeles - Lovesick V (Finale)
 - https://thmatc.co/?l=AA799E9D

🎵 Music by Mr. Jello - A Cup Of Jazz (feat. Cali.Arod, Farnell Newton) 
- https://thmatc.co/?l=C6A9B87C

🎵 Music by Mr. Jello - Sunny Days  - https://thmatc.co/?l=578EB44A

🎵 Music 샛별 - 당근 밭의 셀러리 / https://youtu.be/FqI9cM6fczU

🎵 Music provided by 브금대통령
🎵 Track : Happy Day  - https://youtu.be/5BXQFjJMTfY
__________________________________________________",https://www.youtube.com/watch?v=hlzu6fo5mn0,,,neutral,2021-03-19 19:45:00+00:00,16,0,12,123,0.5,29,52.123,,,neutral,0.514962375164032,english,Mixed/Urban,love,0.09178739786148071,0.1774008572101593,0.1272859424352646,0.09291642159223557,0.4325791299343109,0.03816374018788338
youtube,post,R9K4VAslbJQ,"Mm2, aun sigo pensando en Naila BeBe por q eso pas solo 1 vez ♡",https://www.youtube.com/watch?v=R9K4VAslbJQ,,,positive,2024-06-22 19:21:28+00:00,1,0,0,5,0.8554326891899109,1,1.005,,,positive,0.5181089639663696,english,Mixed/Urban,love,0.039643481373786926,0.09660065919160843,0.22133471071720123,0.03508058562874794,0.49522864818573,0.057068102061748505
youtube,post,pAzKIjIpSaE,"VOTRE ATTENTION SVP ! 
Aujourd'hui, la chaîne change officiellement de nom ! 
Déjà annoncé dans quelques autres vidéos, Grochogeek devient aujourd'hui Choc Fury ! Merci ^^

Dying light 2 nous enfonce plus profondément.. dans l'hôpital des infectés !!
L'aventure semble bien mal barré quand même, mais bon, les Rapaces semblent pas trés nombreux...
 
Pour faire un don à l'association HUGO ! contre le harcèlement scolaire :   / 1758447914357475   
Mon tipee : https://www.tipeee.com/grochocogeek
Le Discord :   / discord  
Mon FB : https://www.facebook.com/profile.php?...
Mon tweeter :   / grochocogeek",https://www.youtube.com/watch?v=pAzKIjIpSaE,,,neutral,2022-02-12 18:00:38+00:00,2,0,0,18,0.5,2,2.018,,,neutral,0.7405402064323425,english,Mixed/Urban,anger,0.3709944784641266,0.3668946921825409,0.07144204527139664,0.07052630931138992,0.05932234227657318,0.02183500863611698
youtube,post,Ogz6RYmF0tk,"""Ne me quitte pas. Verlaat me niet.

Deze dans gaat over mijn tweelingzus en mij. Al onze hele levens zaten we bij elkaar op school, hadden dezelfde vrienden en dezelfde hobby's. Omdat we onze hobby's zo leuk vonden, besloten we er allebei ons vak van te maken. "" Ik ging de theater kant op"" , "" En ik ging dansen."" . Allebei zware opleidingen waar je veel uren voor moet maken en soms tot laat op school zit om dansen in te studeren of toneelstukken uit je hoofd leren. Laatst zeiden we tegen elkaar dat we het jammer vonden dat we elkaar zo weinig zagen. "" We moeten erop letten dat we elkaar niet verlaten."" Zeiden we tegen elkaar.
 "" Ne me quitte pas, Sophie."". Verlaat me niet.""",https://www.youtube.com/watch?v=Ogz6RYmF0tk,,,neutral,2017-03-29 18:37:00+00:00,0,0,0,51,0.5,0,0.051,,,neutral,0.7797889709472656,english,Mixed/Urban,sadness,0.05728345364332199,0.04397210851311684,0.02096615359187126,0.6966593861579895,0.12018512934446335,0.029624443501234055
youtube,post,hqtjGTEf7vg,"Est-ce que tu as déjà eu une pensée qui pop comme ça sans que tu saches d’où ça vient ? Comme un spam. 
A quel point est ce que tu es responsable de tes pensées ? 

D’où vient cette petite voix dans ta tête ? Est-ce que c’est comme une radio ? Un flux que tu écoutes en permanence sans avoir le choix ?
Ca ne s’arrête jamais !

Des fois, on dirait que ton cerveau est ton pire ennemi.
Je vais te montrer les secrets cachés de ton esprit. Et je te promets, une fois que tu auras terminé cette vidéo, tu verras tes pensées d'une toute autre manière.
***
Accédez à la visualisation guidée OFFERTE : 
https://realisez-votre-potentiel.com/...

***
Tu es libre de recevoir le guide complet OFFERT : 
⚡""5 PIÈGES QUI T'EMPÊCHENT DE TE LANCER À TON COMPTE.""
Dispo gratuitement ici : https://realisez-votre-potentiel.com/

***

Tu peux aussi me retrouver sur :
➡️Instagram :   / walid_realisez_votre_potentiel  
➡️Facebook :   / walidcoach  
➡️LinkedIn :   / walidaouini  
👉Ou par email: walid@realisez-votre-potentiel.com",https://www.youtube.com/watch?v=hqtjGTEf7vg,,,negative,2023-08-20 05:00:18+00:00,47,0,6,658,0.03346099555492399,59,65.658,,,negative,0.8884633481502533,multilingual,Unknown,surprise,0.05606725439429283,0.1145818904042244,0.02460504323244095,0.2549590766429901,0.1328452229499817,0.25833559036254883
youtube,post,ZdgMxj1R4R0,"Désolé j'ai pas tenu totalement mes engagements, mais j'ai tout de même commencé une partie solo. Je ferais donc ma petite progression comme promis",https://www.youtube.com/watch?v=ZdgMxj1R4R0,,,neutral,2011-04-17 14:52:49+00:00,4,0,2,537,0.5,11,10.537,,,neutral,0.8434891104698181,english,Mixed/Urban,fear,0.02297181449830532,0.8056870102882385,0.044670455157756805,0.017182210460305214,0.01344994269311428,0.06565459817647934
youtube,post,RYs7HA30JY0,"Merci a Jules pour le cadrage.
Merci a Erwan et Nathan pour la figuration.",https://www.youtube.com/watch?v=RYs7HA30JY0&list=RDRYs7HA30JY0&start_radio=1,,,neutral,2021-10-31 14:46:48+00:00,10,0,4,240,0.5,16,22.24,,,neutral,0.9501479268074036,english,Mixed/Urban,love,0.015917306765913963,0.02692587673664093,0.05807659029960632,0.026301655918359756,0.5323008298873901,0.07666943222284317
youtube,post,AxcmAJk25as,"Antara menarik petang ini:

1. PAS Mungkin Pilih Haluan Sendiri Jika Krisis PN Berlarutan
2. Rafizi Pertimbang Henti Siasatan Kes Serangan Anak
3. Menteri Seru Henti Guna Agama Cetus Perbalahan
4. PAS Nafi Tamak, Jelaskan Isu Jawatan PN
5. Kos Bilik Darjah Cecah RM520,000 Undang Tanda Tanya
6. Hadi Tidak Hadir, Pandangan Tetap Disalur Kepada PN

Ikuti perkembangan semasa isu-isu panas politik Malaysia, setiap hari, hanya di NextStep Malaysia 🇲🇾

“Bersama Melangkah Dengan Yakin”

#NexStepNews #NextStepMalaysia #News",https://www.youtube.com/watch?v=AxcmAJk25as,,,negative,2026-01-30 08:26:42+00:00,28,0,9,2514,0.0004807770252227561,62,57.514,,,negative,0.9983974099159241,malay,Malay/Bumiputera,anger,0.5814893841743469,0.06473047286272049,0.09047902375459671,0.02790059708058834,0.05654492229223251,0.026033420115709305
youtube,post,8bz_JmJSkEw,"""If You Go Away"" is an adaptation of the 1959 Jacques Brel song ""Ne me quitte pas"" with English lyrics by Rod McKuen which has been recorded by many artists, including Greta Keller and Dusty Springfield. Music&tabs from colinrtribe@btinternet.com",https://www.youtube.com/watch?v=8bz_JmJSkEw&list=RD8bz_JmJSkEw&start_radio=1,,,neutral,2014-11-14 15:34:55+00:00,70,0,6,2579,0.5,101,90.579,,,neutral,0.9398102164268494,english,Mixed/Urban,love,0.050839196890592575,0.015567257069051266,0.026004167273640633,0.0561184324324131,0.595339298248291,0.027207376435399055
youtube,post,Y00cn2iPvbk,"SHAREfactory™
https://store.playstation.com/#!/en-c...",https://www.youtube.com/watch?v=Y00cn2iPvbk,,,neutral,2020-01-16 03:02:34+00:00,3,0,0,18,0.5,3,3.018,,,neutral,0.8719238042831421,english,Mixed/Urban,love,0.05929657816886902,0.047999802976846695,0.06274688988924026,0.04538119211792946,0.3934074342250824,0.1196635439991951
youtube,post,ZgM-qWf4uBQ,"Ceci est une rediffusion d'un live précédent diffusé sur Twitch le premier novembre 2023 ! Pour suivre les nouveaux lives :   / clemjolichose  

Minecraft est un jeu d'aventure type bac à sable créé par Mojang et sorti en 2011 que vous pouvez obtenir sur ordinateur, sur console ou sur mobile. A part ce jeu, je streame les Sims, d'autres jeux souvent indépendants et de la Discussion !

00:00 - Ecran d'attente
5:16 - Début du stream
7:51 - Début du jeu
2:19:01 - Fin du jeu
2:20:40 - Fin du stream

Vous pouvez me suivre :
sur Twitch :   / clemjolichose  
sur Instagram :   / clemjolichose  
sur Threads : https://www.threads.net/@clemjolichose
sur Twitter :   / jolichose  
sur Reddit :   / clemjolichose  
sur Tumblr : https://www.tumblr.com/clemjolichose

ou vous pouvez rejoindre le Joli Serveur, sur discord :   / discord   !",https://www.youtube.com/watch?v=ZgM-qWf4uBQ,,,neutral,2024-04-23 10:00:26+00:00,0,0,0,5,0.5,0,0.005,,,neutral,0.8435297608375549,english,Mixed/Urban,no_clear_emotion,0.01793805882334709,0.013593796640634537,0.02715432457625866,0.012273895554244518,0.09636261314153671,0.04989854246377945
youtube,post,MrUXdrnUPZw,PALABRA DE DIOS EZEQUIEL 7;20 - LA PAS SOLO JESUCRISTO LA DA CULTO 6PM A 7PM FACEBOOK WILLIAM OTERO,https://www.youtube.com/watch?v=MrUXdrnUPZw,,,neutral,2026-04-09 03:34:53+00:00,2,0,0,9,0.5,2,2.009,,,neutral,0.9027092456817627,english,Mixed/Urban,no_clear_emotion,0.09391403943300247,0.02526082657277584,0.09122215956449509,0.021042289212346077,0.21123704314231873,0.022325150668621063
youtube,post,17ZVjVhYc7M,"la chaine de vision: @YT_VisionBS  
le discord: https://discord.gg/myTstxEp",https://www.youtube.com/watch?v=17ZVjVhYc7M,,,neutral,2025-03-16 13:49:44+00:00,2,0,2,193,0.5,5,8.193,,,neutral,0.8736533522605896,english,Mixed/Urban,love,0.08262631297111511,0.027761947363615036,0.07733104377985,0.03597857430577278,0.3815569579601288,0.043551716953516006
youtube,post,IV94ULi3QWs,"PAS memberi bayangan tegas: jika konflik dalaman Bersatu terus berlarutan, mereka mungkin bergerak berasingan pada PRU16. Adakah ini sekadar tekanan politik atau isyarat awal perpecahan besar dalam Perikatan Nasional? Ulasan ini membedah implikasi sebenar krisis kepimpinan, kekosongan jawatan pengerusi, dan risiko strategik yang boleh mengubah lanskap pembangkang negara.

#PAS #Bersatu #PerikatanNasional #PN #PRU16 #PolitikMalaysia #MuhyiddinYassin #HamzahZainudin #AhmadFadhliShaari #KrisisPolitik #Pembangkang #IsuKepimpinan #ParlimenMalaysia #BeritaPolitik #AnalisisPolitik

Sumber
Hazmi, N. A. (2026). Tak boleh bawa rakan bermasalah, PAS gerak asing jika terpaksa. Free Malaysia Today.",https://www.youtube.com/watch?v=IV94ULi3QWs,,,negative,2026-02-12 12:10:00+00:00,6,0,0,454,0.0004974961280822532,10,6.454,,,negative,0.9983416795730591,malay,Malay/Bumiputera,sadness,0.3369928300380707,0.07341344654560089,0.03989063575863838,0.37501341104507446,0.05977001041173935,0.019196152687072754
youtube,post,JTgjb35MJZA,hip hop ne me quitte pas solo,https://www.youtube.com/watch?v=JTgjb35MJZA,,,neutral,2017-11-07 13:10:54+00:00,2,0,0,120,0.5,3,2.12,,,neutral,0.8317393064498901,english,Mixed/Urban,surprise,0.04218021780252457,0.1378343254327774,0.020173735916614532,0.20951443910598755,0.2596041262149811,0.26954102516174316
youtube,post,BfQX87wRLIc,"Pour mon 2e live on se retrouve sur un jeu que j'ai gagné grâce à EaglesAssemble sur Twitter (allez les follow) : Five Nights at Freddy's !

Contact
~ Contact : projetenorrac@gmail.com

Réseaux
~ Mon Twitch :   / enorrac  
~ Mon Instagram :   / enorrac  
~ Mon Twitter :   / enorrac  
~ Ma wishlist Steam : https://store.steampowered.com/wishli...

Crédits
~ La musique au début : Isolated - Gedanken :    • |Musique libre de droits| Isolated - Gedanken  
~ La musique à la pause : Five Nights at Freddy's 1 Song - The Living Tombstone :     • Five Nights at Freddy's 1 Song - The Livin...  
~ La musique à la fin : 1:48:44 : DJace - Noyo :    • DJace -- Noyo",https://www.youtube.com/watch?v=BfQX87wRLIc,,,neutral,2020-12-05 22:02:47+00:00,7,0,3,54,0.5,10,16.054,,,neutral,0.8225569128990173,english,Mixed/Urban,no_clear_emotion,0.0634460300207138,0.01845022477209568,0.06748174130916595,0.018074389547109604,0.10989987105131149,0.01888330467045307
youtube,post,6BPjwi1lFqc,"Batsûyu desu ! Posez-vous, analysez, cette vidéo est technique ! Bon visionnage !

Pour lire mon manga gratuitement en ligne :

▶︎  Version française :
https://www.mangadraft.com/reader/yea...
▶︎  English version : 
https://medibang.com/mpc/episodes/zn2...
Suivez moi sur le net :

▶︎ Instagram :
https://www.instagram.....
▶︎ Tiktok : 
  / batsuyu",https://www.youtube.com/watch?v=6BPjwi1lFqc,,,neutral,2025-04-15 18:00:41+00:00,9,0,0,66,0.5,9,9.066,,,neutral,0.7927592992782593,english,Mixed/Urban,love,0.030633099377155304,0.030662743374705315,0.08640702068805695,0.029376991093158722,0.4016210734844208,0.10886038839817047
youtube,post,ci1Kih66lbQ,3 Parties d'Apex Legends où je dois faire tout le travail,https://www.youtube.com/watch?v=ci1Kih66lbQ,,,neutral,2022-07-28 22:14:46+00:00,3,0,0,14,0.5,3,3.014,,,neutral,0.8466782569885254,english,Mixed/Urban,no_clear_emotion,0.07189769297838211,0.02581442892551422,0.07281564921140671,0.010215199552476406,0.03998621180653572,0.018201034516096115
youtube,post,,,https://www.youtube.com/watch?v=QXFmXDEmRgA&list=RDQXFmXDEmRgA&start_radio=1,,,neutral,,0,0,0,0,0.5,0,0.0,,,neutral,0.0,unknown,Unknown,neutral,0.0,0.0,0.0,0.0,0.0,0.0
youtube,post,4oEqHoCF0hQ,"Peasant Pas solo - Giselle
Cavalier - Nutcracker
Skills
Peasant Pas de deux - Giselle
Contemporary Variation",https://www.youtube.com/watch?v=4oEqHoCF0hQ&list=RD4oEqHoCF0hQ&start_radio=1,,,neutral,2026-01-17 00:01:57+00:00,2,0,0,134,0.5,3,2.134,,,neutral,0.8913952708244324,english,Mixed/Urban,no_clear_emotion,0.028991343453526497,0.009491105563938618,0.04415803402662277,0.010812205262482166,0.06547366827726364,0.014958485960960388
youtube,post,EzQXoKMWDsA,"Chroniqueuse : Anne-Christine Horent


En prévision de l’augmentation des prix du carburant, des idées existent pour réduire les frais : c’est le cas du covoiturage domicile-travail.
Exemple à Toulouse avec des personnes qui pratiquent le covoiturage au sein de la société Airbus.

https://www.airbus.com/

https://www.karos.fr/",https://www.youtube.com/watch?v=EzQXoKMWDsA,,,neutral,2018-11-13 08:05:33+00:00,4,0,0,275,0.5,6,4.275,,,neutral,0.8524736762046814,english,Mixed/Urban,no_clear_emotion,0.10880833864212036,0.062276750802993774,0.18599897623062134,0.04014982655644417,0.14533893764019012,0.04985062777996063
youtube,post,OZk7W3jmFOI,"Bonne video a touse! !! !! 


SHAREfactory™
https://store.playstation.com/#!/fr-f...",https://www.youtube.com/watch?v=OZk7W3jmFOI,,,positive,2018-02-20 16:48:08+00:00,2,0,0,3,0.8585098445415497,2,2.003,,,positive,0.5283661484718323,english,Mixed/Urban,happy,0.02718217857182026,0.033943742513656616,0.5917106866836548,0.017330093309283257,0.2304156869649887,0.030405312776565552
youtube,post,GRzvSFzGu10,"NOT SOLO CAMPING : Puncak Ini Terlalu Dingin Bagi Para Jomblo 😂


Music from #InAudio: https://inaudio.org/ 
inaudio - Infraction - Korea


Hawa udara disini ketika pagi hari benar benar menusuk dingin nya.. 
pendakian nya pun  lumayan berat karena habis hujan, sehingga jalur terlalu licin
tetapi semua terbayar puas ketika sampai dipuncak

#notsolocamping #hiking #camp #camping #pendakian #bukit #gunung",https://www.youtube.com/watch?v=GRzvSFzGu10,,,neutral,2022-09-11 00:35:37+00:00,74,0,191,270,0.5,267,647.27,,,neutral,0.7037250995635986,english,Mixed/Urban,anger,0.33996549248695374,0.20261891186237335,0.06228981167078018,0.069621242582798,0.2753456234931946,0.015648948028683662
youtube,post,pyqTNyQFBng,"39 joueurs, séparés en 13 équipes de trois s'affrontent dans le but d'être le dernier survivant.
Cette saison, le DiamondLimit est activé et il est réglé à 6.
A partir du 7ème diamant miné, vous avez, en minant un diamant:
40% de prendre un dégât.
30% de ne rien loot.
30% de loot le diamant en question.

== Règles ==
• PVP autorisé à partir du jour 2.
• Alliances entre teams interdites.
• Pièges de portails interdits.
• Golden Heads activées.
• Les melons d'or se craftent uniquement avec un bloc d'or.

== Particularités ==
• Taille de la map : 2000x2000
• La boussole est désactivée.
• Les potions de niveau II sont désactivées.
• Les Notch Golden Apple sont désactivées.
• Les dégâts d'enderpearls sont activés.
• Potion de force nerfée à 60%.

• Organisation par Guill
• Miniatures par Druillat
• Plugin par Skylaa :   / skyloups  

== Teams ==
Equipe violette :
• Steviix :    / mrsteviix  
• LumiiAstro :    / astroshowtak  
• xLuccio  :    / xluccio  
---
Equipe verte :
• Guill :    / theguill84  
• Qwiqui :    / qwiqui3406  
• Degre :   / degre__  
---
Equipe bleue foncée :
• Yukan :    / yukanfilms  
• Druillat :    / @druillat  
---
Equipe bleue :
• Osifou :    / @osif0u76  
• Moulinette :    / moulinette21  
• Hedryx :    / @mathieupassionpoker  
---
Equipe rouge clair :
• Foudre :    / foudre1405  
• TedecHaw :    / tazergamiing  
• Maxator :    / darkevilshark34  
---
Equipe cyan :
• Thoz :    / thozfr  
• Benco :    / megaping24  
• Klaiy :    / @klaiy  
---
Equipe jaune :
• Fatal :    / @fatoutheo  
• Croller :    / croller1811  
• MSB :    / megastevenboss  
---
Equipe aqua :
• Raveneau :    / @raveneau  
• Tealer :    / itsaxl  
• Neekxo :   / ineexo  
---
Equipe rouge foncée :
• Yannsolo :    / msyannsolo78  
• Bomby :    / @bombyy  
• Cocotie :    / @cocotie7774  
---
Equipe noire :
• Shinkka :    / shinkapkmn  
• Exa :    / @exapolygamingfr8149  
• KrysGamers :    / krysgamers  
---
Equipe orange :
• ImageX :    / channel  
• Benjitan :   / benjitan_  
• Tchobax :    / @tchobax  
---
Equipe verte claire :
• iNeazy :    / kingneazy  
• Ender :   / ender_o0  
• Elyctryz :   / elyctryz  
---
Equipe rose :
• Oscaro :    / 300osc  
• Yoshi1176 :   / yoshi1176  
• Wirioes :    / @leo-fk2sy",https://www.youtube.com/watch?v=pyqTNyQFBng,,,neutral,2016-03-22 16:00:02+00:00,18,0,14,475,0.5,36,60.475,,,neutral,0.8550220131874084,english,Mixed/Urban,no_clear_emotion,0.20945338904857635,0.05190487578511238,0.051001179963350296,0.04344973713159561,0.07233276963233948,0.05805346369743347
youtube,post,6gFFCL7mBk8,El PAS solo o en coalición será un partido sobresaliente en el proceso electoral 202: Cuén,https://www.youtube.com/watch?v=6gFFCL7mBk8,,,neutral,2020-10-27 23:45:53+00:00,0,0,0,27,0.5,0,0.027,,,neutral,0.8957822918891907,english,Mixed/Urban,happy,0.023380784317851067,0.04403067007660866,0.732909619808197,0.00953492522239685,0.08868493884801865,0.02711036428809166
youtube,post,oDQ-P9pZVY8,"Salut les gens,

Aujourd'hui première vidéo d'un nouveau genre sur la chaine : je ne pars pas seul en balade, je suis Yamtée sur les routes des Monts du Lyonnais.

Un itinéraire sympa et plein de beaux paysages, et de bonnes rigolades avec Yamtée.

Pour l'instant il n'y a pas de planning de sorties de ce genre de vidéos, ça sera au coup par coup.

La chaine de Yamtée :    / @yamtee   
L'interview qu'elle a tournée durant notre pause sur la ""rue parking"" :    • PRÉVOIR SON BUDGET : PERMIS MOTO, ÉQUIPEME...  

C'était ma dernière balade dans cette magnifique région de mon séjour début Mai, donc la prochaine vidéo balade sera à nouveau dans la région Centre Val de Loire 😉

D'ici-là, portez-vous bien, et Ride Safe ! ✌️

Pour ceusses qui ont regardé jusqu'à la fin, le lien vers la vidéo de Math :    • SON SUPER POUVOIR ? L'IGNORANCE - WONDER W...  

#motovlog  #france #balade #moto #suzuki #sv650 #digressions #humour",https://www.youtube.com/watch?v=oDQ-P9pZVY8,,,neutral,2025-08-15 17:01:10+00:00,10,0,7,101,0.5,18,31.101,,,neutral,0.8246834874153137,english,Mixed/Urban,happy,0.025418616831302643,0.04401685670018196,0.3829512596130371,0.019774409011006355,0.19637799263000488,0.0651886835694313
youtube,post,wvQFm5O_iZk,"BONJOUR A TOUS ON SE RETROUVE SUR PATH OF TITANS
REGARDE TOUTE LA DESCRIPTION⬇️
ABONNE-TOI EN CLIQUANT ICI ➡️    / @ismozytv  
⬇️⬇️⬇️⬇️⬇️⬇️⬇️
N'OUBLIE PAS LE PETIT POUCE 👍 EN BAS DE LA VIDEO 🙃
⬇️⬇️⬇️⬇️⬇️⬇️⬇️
OBJECTIF ABONNÉS
1000 = 1 JEU OFFERT TIRAGE AU SORT !! ❌
2000 = 1 JEU OFFERT TIRAGE AU SORT !! ❌
3000 = 1 JEU OFFERT TIRAGE AU SORT !! ❌
4000 = 1 JEU OFFERT TIRAGE AU SORT !! ❌
5000 = 1 JEU OFFERT TIRAGE AU SORT !! ❌
10000 = PROJET TOURNOI AVEC BELLE RECOMPENSE !! ❌
CECI SONT DES OBJECTIFS POUR FAIRE PLAISIR A MES ABONNÉS EN RETOUR !! ✔️
#pathoftitans #dinosaur #dilophosaurus",https://www.youtube.com/watch?v=wvQFm5O_iZk,,,neutral,2022-09-10 05:00:20+00:00,31,0,2,1083,0.5,43,38.083,,,neutral,0.8327577114105225,english,Mixed/Urban,no_clear_emotion,0.14874134957790375,0.07247836142778397,0.08754299581050873,0.06013807654380798,0.26619476079940796,0.04442952200770378
youtube,post,IByv3_N-O7U,"et oui les amis je sais que ça peut paraître dingue fou voir non mais att wtf lui la ? ET POURTANT C VRAI JE SUIS AVEC QUELQU'UN ET OUI, DESOLE A TOUT CEUX DE LA TEAM CELIBAT ON EST PLUS ENSEMBLE 🤪🤪.
A ET tant qu'à faire aussi plus personne ne pourra se moquer de moi parce que ma Valentine elle est A CROQUER
ALLER JE VOUS LAISSE AVEC CE MOMENT MAGIQUE OU JE LUI DEMANDE D'ETRE...MA VALENTINE
#pourtoi #youtube #amour #humour #saintvalentine #saintvalentin #video #marrant #passion",https://www.youtube.com/watch?v=IByv3_N-O7U,,,neutral,2024-02-14 12:49:41+00:00,3,0,0,15,0.5,3,3.015,,,neutral,0.7115294933319092,english,Mixed/Urban,love,0.07922596484422684,0.01753055863082409,0.020207181572914124,0.07002630829811096,0.7429609298706055,0.020862534642219543
youtube,post,jg7-L4YR3CI,Mes premiers pas solo sur ARC RAIDERS,https://www.youtube.com/watch?v=jg7-L4YR3CI,,,neutral,2025-11-21 01:34:17+00:00,0,0,0,8,0.5,0,0.008,,,neutral,0.8631675839424133,english,Mixed/Urban,no_clear_emotion,0.0233677476644516,0.01736505702137947,0.10403809696435928,0.009595917537808418,0.04971468448638916,0.033943742513656616
youtube,post,taX_uyo3WEs,"le groupe  ki raconte vraiment s'ki spasse dans la rue !!
AVIS AUX BOYCOTTEUR KIKE VIOLENT 
LABEL indé (non signé)",https://www.youtube.com/watch?v=taX_uyo3WEs&list=RDtaX_uyo3WEs&start_radio=1,,,negative,2012-12-10 21:27:07+00:00,2,0,0,191,0.0980367824435234,3,2.191,,,negative,0.6732107251882553,multilingual,Unknown,love,0.09480665624141693,0.04488140344619751,0.17343072593212128,0.030631965026259422,0.4060468375682831,0.027926253154873848
youtube,post,,,https://www.youtube.com/watch?v=FByvSkLTlYQ&list=RDFByvSkLTlYQ&start_radio=1,,,neutral,,0,0,0,0,0.5,0,0.0,,,neutral,0.0,unknown,Unknown,neutral,0.0,0.0,0.0,0.0,0.0,0.0
youtube,post,UF0iX7mwuyA,"Musique :  -Comptine d'un autre été - Yann Tiersen     • comptine d'un autre été - yann tiersen  

Notre Facebook : https://www.facebook.com/Pourquoi-pas...",https://www.youtube.com/watch?v=UF0iX7mwuyA,,,neutral,2015-09-19 14:29:52+00:00,3,0,0,108,0.5,4,3.108,,,neutral,0.9151340126991272,english,Mixed/Urban,no_clear_emotion,0.051824528723955154,0.06919167935848236,0.04107504338026047,0.0525522343814373,0.15623976290225983,0.28530293703079224
youtube,post,-WOEnQGejec,Kendji girac me laisse pas solo  # conmigo,https://www.youtube.com/watch?v=-WOEnQGejec&list=RD-WOEnQGejec&start_radio=1,,,neutral,2017-05-26 13:46:23+00:00,1,0,0,19,0.5,1,1.019,,,neutral,0.9025054574012756,english,Mixed/Urban,sadness,0.04044078662991524,0.06607086956501007,0.00928585696965456,0.824587345123291,0.014075216837227345,0.03011527843773365
youtube,post,ynxLbCIStBY,"KETEMU KD TINGGI BIKIN PUSING MULU, PAS SOLO SQUAD LAGI - PUBG MOBILE INDONESIA Tonton sampe abis ya Cuy! Gasken yok tanpa ragu! Makasih banget buat teman-teman yang udah support aku, Terima kasih banyak!

LIVE SETIAP HARI DI FACEBOOK GAMING
KLIK DISINI :   / badboystream  

PAKAI DEVICE APA BANG?
DEVICE : XS MAX

FOLLOW IG BADBOY CUY!
Instagram →   / oscarpratama_  

Endorse?
Email : oscarpratama00@gmail.com

Tag :
PUBG MOBILE
PUBG MOBILE INDONESIA
BADBOY OFFICIAL
BADBOY PUBGM

JANGAN LUPA DI LIKE DAN SUBSCRIBE YAGESYAK!

#pubgmnextstarprogram 
#PUBGM
#PUBGMOBILE
#PUBGMOBILEINDONESIA
#BADBOYOFFICIAL",https://www.youtube.com/watch?v=ynxLbCIStBY,,,positive,2022-09-21 12:05:00+00:00,407,0,31,8438,0.9994042634963989,522,508.438,,,positive,0.9980142116546631,malay,Malay/Bumiputera,no_clear_emotion,0.11952508240938187,0.06269274652004242,0.07355491816997528,0.025260522961616516,0.29839199781417847,0.057248957455158234
youtube,post,4T33_hsgLks,"Dans cette vidéo, je vous les actualités ddes nos artistes, abonné toi en cliquant ici 🔴https://studio.youtube.com/channel/UC6eDXwHm5bojBt1MfyfEhSg
#fypviral #fyp #fyptiktok #fypviral 
#congo #goma  #nordkivu  #kinshasa #koffiolomide #werrason #fallyipupa #fypréel  
ABONNEZ-VOUS SUR AON, AIMEZ ET PARTAGEZ NOS ÉMISSIONS ÊTES VOUS AUSSI ABONNÉ SUR AON DÉTENTE
https://youtu.be/I-0jIlWk_Bc",https://www.youtube.com/watch?v=4T33_hsgLks,,,neutral,2026-03-25 15:42:06+00:00,276,0,18,4605,0.5,340,334.605,,,neutral,0.8332971334457397,english,Mixed/Urban,no_clear_emotion,0.054322440177202225,0.03615816310048103,0.07826238870620728,0.04200798273086548,0.3417523205280304,0.08528812974691391
youtube,post,WA3NZATp_cA,"ÉPISODE 17 : 1ère Saint-Valentin accompagnée...*ARC AUDIO-VISUEL* 🏴‍☠️

pour me soutenir financièrement :) = https://ko-fi.com/chaymassama

musiques de la vidéo :    • Sam Smith   Lay Me Down Official Audio  
   • Alicia Keys - If I Ain't Got You (Official...  
   • Rihanna - Stay ft. Mikky Ekko  
   • Mariah Carey - Without You (Official Lyric...",https://www.youtube.com/watch?v=WA3NZATp_cA,,,neutral,2026-03-14 15:30:19+00:00,0,0,0,7,0.5,0,0.007,,,neutral,0.8402817249298096,english,Mixed/Urban,love,0.04101892560720444,0.11077510565519333,0.1270863264799118,0.12375736981630325,0.4502932131290436,0.0644923746585846
youtube,post,qRPAIzYSExk,Sexion d’Assaut - Ça Bouge pas (Solo de Black M),https://www.youtube.com/watch?v=qRPAIzYSExk&list=RDqRPAIzYSExk&start_radio=1,,,neutral,2026-03-19 14:33:23+00:00,5,0,0,58,0.5,5,5.058,,,neutral,0.8932600617408752,english,Mixed/Urban,no_clear_emotion,0.1904422640800476,0.019301844760775566,0.11872732639312744,0.011896383948624134,0.14477452635765076,0.01996977999806404
youtube,post,6u9uvUvF7oU,"Dans l'incroyable dynastie des Anoa'i dans le Catch, il n'y a pas que Roman Reigns, The Rock et Yokozuna pour ne citer qu'eux. Mais une autre superstar en faisait également partie et pas n'importe laquelle : le Bulldozer Samoan, Umaga.

Hélas, c'est un catcheur qui nous a quittés beaucoup trop tôt et, franchement, je trouve qu'il mérite qu'on se souvienne de lui au même titre que les légendes de sa famille alors, dans cette vidéo, on va se replonger ensemble dans la carrière de la bête sauvage et voir tout ce qui le rendait spécial à mes yeux, et je vous préviens : il y a des chances que vous soyiez fanatiques de lui à la fin.

Après avoir vu cette vidéo, vous en serez persuadés : Umaga était extraordinaire.

Continuez à vous régaler sur Johnny Catch 🍾 :

Je vous invite chaleureusement à découvrir notre série sur l'obsédé sexuel du Catch, Viscera :
Youtu.be/Y-A3FJv9syo

Retrouvez la playlist officielle de notre grande épopée Inside Catch Attack :
https://youtube.com/playlist?list=PL4ghVaS-e9Wz8KVSbUXiLq13uuMk-P5VE

Nos Documentaires 🍿
https://youtube.com/playlist?list=PL4ghVaS-e9WzlNIROKSGZUH5OXzFMBOL0

Secrets, coulisses, controverses...💎
https://youtube.com/playlist?list=PL4ghVaS-e9WwCWT-TIMy_KECgiaBqJWiD

Nos interviews et discours 👑 
https://youtube.com/playlist?list=PL4ghVaS-e9Wx9zW1wPpdoHNXL8QahUDpt

Des surprises 🤫
https://youtube.com/playlist?list=PL4ghVaS-e9Wy9OGXJrsd7bbZ-V49sBpOk

Et si vous voulez des sensations fortes, faites un tour dans notre parc d'attraction : Shorts Land 🤩
https://youtube.com/playlist?list=PL4ghVaS-e9WxuYQRBOkg7Cn4JL55Ha9_m

Et restons en contact sur
JohnnyCatchYT@gmail.com (pro et abonnés Premium Plus uniquement, merci) 🤜🏼🤛🏼

-------------
#Umaga #WWE #JohnCena #RicFlair #Catch #Bloodline
-------------

Devenir PREMIUM pour soutenir ET participer à la chaîne 👑 
https://www.youtube.com/channel/UCovtRPX-GqLRGOYCs_9ueSw/join

Suivez nous 📱 :
Instagram.com/JohnnyCatchYT

-------------

Crédits pour les illustrations 📸 (fair use) :

WWE 
WWE.com 

WWE
Watch.wwe.com

-------------

0:00 - Introduction
0:39 - Une famille légendaire 
02:38 - Puissance et agilité 
04:36 - Jamal, un voyou brutal 
05:43 - Une bête sauvage à l'identité forte 
07:56 - Aura d'invincibilité
10:11 - John Cena, le point culminant 
12:28 - Le représentant de Vince McMahon à WrestleMania 23
14:40 - Conclusion",https://www.youtube.com/watch?v=6u9uvUvF7oU,,,neutral,2025-05-07 13:15:01+00:00,134,0,21,2790,0.5,182,199.79,,,neutral,0.8309842348098755,english,Mixed/Urban,love,0.034673381596803665,0.02608654648065567,0.024857399985194206,0.04725058004260063,0.7780480980873108,0.047590866684913635
youtube,post,qBjMA5we5I4,"Prix de la Partition PDF= 5,50 €, Piano PDF Sheet Music = 5,50 €, Precio de la partitura PDF= 5,50€ 
OBTENIR la Partition PDF / GET the Piano PDF Sheet Music / RECIBIR la Partitura :

FRANCAIS
Envoyez moi sur mon mail « dalex972@gmail.com » le nom exact et complet de la vidéo puis payez sur mon compte Paypal « dalex972@gmail.com » le prix de la partition. Dans Paypal, dans la rubrique « Ajouter un Message », au moment de l’envoi d’argent, écrivez bien votre mail et le nom entier de la vidéo.
Je vous enverrai alors sur votre mail la Partition PDF. 
ATTENTION !, Dans Paypal, si vous sélectionnez « Envoi d’argent à un proche », alors dans ce cas c’est sans frais, le prix est donc de 5,50€. 
Par contre ATTENTION ! , si vous sélectionnez « Paiement d’un objet ou d’un service », Paypal prend, dans ce cas, des frais de 0,50€ par transaction même pour un si petit montant. Donc Si vous sélectionnez « Paiement d’un objet ou d’un service », vous devez envoyer 6 €. Si vous envoyez depuis l’étranger (hors de France), il peut y avoir des frais et il est possible qu’il n’y ait pas l’option “Envoi d’argent à un proche ”. Dans ce cas envoyez la somme nécessaire de telle façon que je reçoive 5,50€ au final.
Pour 4 Partitions achetées, 1 partition supplémentaire de votre choix vous est offerte. 

ENGLISH
Send me on my email « dalex972@gmail.com » the exact full name of the video and pay on my Paypal account « dalex972@gmail.com » the price of the score. In Paypal, in the ""Add a Note"" section, when sending money, write your email and the exact full name of the video
I will then send you the PDF Sheet Music on your mail.
CAUTION !, In Paypal, if you select « Sending to a friend »  in this case, it is without fee, So just pay 5,50€.
But CAUTION !,  if you select « paying for an item or service » Paypal takes, in this case, fees of €0.50 per transaction even for such a small amount. So If you select ""Payment of an item or service"", you must send 6 €.  If you are sending from abroad (out of France), there may be fees and there may not be the option ""Sending to a friend"". In this case send the necessary amount so that I receive 5,50€ in the end.
For 4 Partitions purchased, 1 additional score of your choice is offered.",https://www.youtube.com/watch?v=qBjMA5we5I4,,,neutral,2022-03-31 22:45:01+00:00,41,0,6,3749,0.5,84,62.749,,,neutral,0.8916176557540894,english,Mixed/Urban,no_clear_emotion,0.03842126578092575,0.054843273013830185,0.02833249606192112,0.026399826630949974,0.16598398983478546,0.12860897183418274
youtube,post,_072n6mtXC4,"--------DESCRIPTION--------


Mon Twitch   / gamosseuh  
Ma chaîne principale    / gamosseuh  
Ma chaîne secondaire    / gamousseuh  
Mon discord :   / discord  
Mon instagram   / gamosseuh  
Mon Twitter    / gamosseuh",https://www.youtube.com/watch?v=_072n6mtXC4,,,neutral,2021-12-02 23:00:28+00:00,1,0,0,3,0.5,1,1.003,,,neutral,0.8055116534233093,english,Mixed/Urban,no_clear_emotion,0.09820860624313354,0.03472411632537842,0.0942050963640213,0.03374284505844116,0.30650362372398376,0.030035143718123436
youtube,post,ttSXo9oLwO8,NE LA JOUEZ PAS SOLO COMME ORBAN OU VOUS AUREZ DES PROBLEMES EN EUROPE J'AI PRÉVENU SOYEZ CLAIRS!,https://www.youtube.com/watch?v=ttSXo9oLwO8,,,neutral,2025-10-20 20:33:55+00:00,0,0,0,3,0.5,0,0.003,,,neutral,0.5239265561103821,english,Mixed/Urban,fear,0.14292998611927032,0.4753614366054535,0.047045815736055374,0.05033671855926514,0.07333087176084518,0.11558101326227188
youtube,post,dUnF25vRVLQ,KETEMU BRANDON KENT PAS SOLO !! JAWHEAD EXE.,https://www.youtube.com/watch?v=dUnF25vRVLQ,,,neutral,2021-06-04 11:25:47+00:00,1,0,2,36,0.5,3,7.036,,,neutral,0.8265796303749084,english,Mixed/Urban,no_clear_emotion,0.10556898266077042,0.027122724801301956,0.06552671641111374,0.01892366074025631,0.1776169240474701,0.020771067589521408
youtube,post,rTLIZaVe2Mg,"Solo ranked adalah salah satu sikap yang harus kita bermain serius, apalagi di tier Legend, mytic. 
Dengan kita bermain serius saat bermain Mobile Legend menjadi terjaga sehingga Gameplay nya pun optimal, maksimal dan perfect. 

#mobilelegend
#mobilelegend

TOLONG BANTU CHANNEL INI YUK!  
Dengan cara subscribe : https://www.youtube.com/channel/UCN0votU2D1qjZDwY0CACDXQ
Like dan komen di kolom komentar dibawah, share bila perlu",https://www.youtube.com/watch?v=rTLIZaVe2Mg,,,positive,2020-09-20 10:35:29+00:00,4,0,2,16,0.9993880629539489,6,10.016,,,positive,0.9979602098464966,malay,Malay/Bumiputera,happy,0.05879900977015495,0.13001753389835358,0.45248717069625854,0.02608335018157959,0.19116681814193726,0.04778822511434555
youtube,post,SyClTqN3E4k,Set to original music by Lia Pas this work is a solo piece which is reflective upon the prairie landscape and it’s connections to the choreographers career and life developments. Set design by Mark Eriksson.,https://www.youtube.com/watch?v=SyClTqN3E4k&list=RDSyClTqN3E4k&start_radio=1,,,neutral,2023-11-16 20:24:38+00:00,8,0,0,3359,0.5,41,11.359,,,neutral,0.8789167404174805,english,Mixed/Urban,no_clear_emotion,0.029525145888328552,0.01120409183204174,0.09901580959558487,0.011567054316401482,0.10568397492170334,0.018626146018505096
youtube,post,K2N5Y4vioHI,Patient Assessment ABCDE,https://www.youtube.com/watch?v=K2N5Y4vioHI,,,neutral,2023-12-20 21:36:11+00:00,3,0,0,249,0.5,5,3.249,,,neutral,0.6947427988052368,english,Mixed/Urban,no_clear_emotion,0.13503429293632507,0.07307132333517075,0.14428642392158508,0.04570302739739418,0.19557662308216095,0.044974327087402344
youtube,post,tR5sx5jXEjQ,Ready Or Not - Solo - Ends of the Earth - Greasy Palms,https://www.youtube.com/watch?v=tR5sx5jXEjQ,,,neutral,2026-05-21 18:20:58+00:00,1,0,0,60,0.5,1,1.06,,,neutral,0.8989179730415344,english,Mixed/Urban,fear,0.14424164593219757,0.32445886731147766,0.3205468952655792,0.055463336408138275,0.07599644362926483,0.019406035542488098
youtube,post,P9PGPB5L63I,"Alina Somova (Mariinsky. Ballet) in the variation from Tchaikovsky pas de deux.

Please subscribe, like and comment.",https://www.youtube.com/watch?v=P9PGPB5L63I&list=RDP9PGPB5L63I&start_radio=1,,,neutral,2024-05-28 09:57:37+00:00,71,0,7,1077,0.5,88,93.077,,,neutral,0.7172204852104187,english,Mixed/Urban,love,0.016574732959270477,0.020448289811611176,0.018092859536409378,0.020568594336509705,0.40226393938064575,0.12895627319812775
youtube,post,Zjcg0KUVaPQ,"Liudmila Khitrova and Ivan Vasiliev in an extract from Act II of Adam's ""Giselle"".   Minsk, Belarus 2014.",https://www.youtube.com/watch?v=Zjcg0KUVaPQ&list=RDZjcg0KUVaPQ&start_radio=1,,,neutral,2025-08-16 13:45:56+00:00,5,0,1,128,0.5,7,8.128,,,neutral,0.9598451256752014,english,Mixed/Urban,no_clear_emotion,0.03736548870801926,0.02220391295850277,0.04004187881946564,0.018290681764483452,0.10668902844190598,0.02431424893438816
youtube,post,iSFejBu0sgc,"Anastasia Lukina and David Zaleev (Mariinsky Ballet) in the Adagio from Act 3 of The Sleeping Beauty.

Please like, comment and subscribe.",https://www.youtube.com/watch?v=iSFejBu0sgc&list=RDiSFejBu0sgc&start_radio=1,,,neutral,2024-11-04 12:09:00+00:00,59,0,13,1751,0.5,89,99.751,,,neutral,0.7235069274902344,english,Mixed/Urban,no_clear_emotion,0.015253180637955666,0.008476503193378448,0.02343102917075157,0.008011072874069214,0.10171192139387131,0.020386649295687675
youtube,post,RumoJIX32II,"by Jason Philip Wierzba
💋 💋 💋 
for Esmé—with love and squalor—

L’île n’y a pas",https://www.youtube.com/watch?v=RumoJIX32II&list=RDRumoJIX32II&start_radio=1,,,positive,2025-02-20 21:43:46+00:00,0,0,0,13,0.896762204170227,0,0.013,,,positive,0.6558740139007568,english,Mixed/Urban,love,0.08246101438999176,0.06172094866633415,0.046598225831985474,0.08108583092689514,0.6465079188346863,0.038327474147081375
youtube,post,em2WpxICnFM,"Mizelle Terre'Blanche
Aurora Act III, Sleeping Beauty
Music by Piotr Ilych Tchaikovsky
Choreography by Marius Petipa",https://www.youtube.com/watch?v=em2WpxICnFM&list=RDem2WpxICnFM&start_radio=1,,,neutral,2024-01-30 18:56:58+00:00,0,0,0,39,0.5,0,0.039,,,neutral,0.8677124381065369,english,Mixed/Urban,love,0.06293115764856339,0.022002708166837692,0.09686004370450974,0.027272474020719528,0.5487858057022095,0.021519498899579048
youtube,post,GI4nyy7_Axk,MOBILE LEGENDS BANG BANG,https://www.youtube.com/watch?v=GI4nyy7_Axk,,,positive,2021-04-15 17:13:54+00:00,1,0,0,23,0.881827574968338,1,1.023,,,positive,0.6060919165611267,english,Mixed/Urban,no_clear_emotion,0.04441659897565842,0.022838138043880463,0.057864781469106674,0.016709424555301666,0.1151932030916214,0.036728907376527786
youtube,post,yKHtzy-Gjvo,"LACHE POUCE BLEU SI TES CONTENT !!!

et ABONNEZ-VOUS si vous avez aimé cette vidéo!

Fornite Battle Royale

Mes liens :

  / starc__  
  / starc_univers  

MERCI D'AVOIR REGARDÉ :)",https://www.youtube.com/watch?v=yKHtzy-Gjvo,,,neutral,2018-02-15 10:20:29+00:00,5,0,0,23,0.5,5,5.023,,,neutral,0.6454017758369446,english,Mixed/Urban,love,0.03577537089586258,0.02374652773141861,0.05635140463709831,0.0264370609074831,0.7614805102348328,0.032405540347099304
youtube,post,x8naE8D91uw,"Je Ne Sais Pas #cello 
Violoncelle et voix : Nadia Vinagre
Paroles et musique : Nadia Vinagre
https://soundcloud.com/nadia-vinagre",https://www.youtube.com/watch?v=x8naE8D91uw&list=RDx8naE8D91uw&start_radio=1,,,positive,2016-07-03 08:53:45+00:00,0,0,0,130,0.8596633732318878,1,0.13,,,positive,0.5322112441062927,multilingual,Unknown,fear,0.04328470677137375,0.5338964462280273,0.02241138555109501,0.10522789508104324,0.0854068472981453,0.1485038697719574
youtube,post,leZLCNVTiDA,Kendall McDowell: Ne Me Quitte Pas Solo,https://www.youtube.com/watch?v=leZLCNVTiDA,,,neutral,2022-07-02 01:43:20+00:00,1,0,0,19,0.5,1,1.019,,,neutral,0.9038745164871216,english,Mixed/Urban,no_clear_emotion,0.04048632085323334,0.018905412405729294,0.030989905819296837,0.03181916102766991,0.39539194107055664,0.033674921840429306
youtube,post,U99SeVUdC9k,"Tallulah-Lulah-Lulah-Loo
I'm a Tallulah-Lulah and how about you?

R.I.P. Gulf of Mexico

The ukulele made to serve God in their savage skull-fuck: the infinitely evasive infinite and the infinitely distant proximate. 

This is a hillbilly throwdown.

For Raymond Queneau and Garry Kasparov

L’île n’y a pas",https://www.youtube.com/watch?v=U99SeVUdC9k&list=RDU99SeVUdC9k&start_radio=1,,,neutral,2025-02-26 16:57:51+00:00,0,0,0,25,0.5,0,0.025,,,neutral,0.6909482479095459,english,Mixed/Urban,love,0.09523987025022507,0.022693844512104988,0.05090756341814995,0.025893207639455795,0.6848795413970947,0.010623256675899029
youtube,post,QBba2_t-b-k,"Abonner vous et liker pour plus de vidéo,
Et surtout n'oublier pas de partager 😇",https://www.youtube.com/watch?v=QBba2_t-b-k,,,neutral,2018-05-20 16:38:26+00:00,30,0,15,844,0.5,53,75.844,,,neutral,0.5130226016044617,english,Mixed/Urban,love,0.030654622241854668,0.01550090778619051,0.030897626653313637,0.021733442321419716,0.8249195218086243,0.026016507297754288
youtube,post,QHvthd2jEf4,Bêta BF2042 : Condensé des premiers pas solo,https://www.youtube.com/watch?v=QHvthd2jEf4,,,neutral,2021-10-07 17:52:15+00:00,2,0,0,7,0.5,2,2.007,,,neutral,0.8972958326339722,english,Mixed/Urban,no_clear_emotion,0.01239747367799282,0.010631208308041096,0.03950805589556694,0.010693234391510487,0.04168444499373436,0.024785107001662254
youtube,post,ecymk16eu4I,Instagram Aura Tezet,https://www.youtube.com/watch?v=ecymk16eu4I,,,neutral,2021-05-09 06:00:37+00:00,68,0,10,1898,0.5,96,99.898,,,neutral,0.7862268686294556,english,Mixed/Urban,love,0.18111611902713776,0.10952024906873703,0.12746748328208923,0.08604685962200165,0.24731196463108063,0.07784301787614822
youtube,post,mBfa13Wuj3M,JULL-je suis pas solo ( cette musique exactement moi ; ) ),https://www.youtube.com/watch?v=mBfa13Wuj3M&list=RDmBfa13Wuj3M&start_radio=1,,,neutral,2023-02-15 13:38:36+00:00,1,0,0,97,0.5,1,1.097,,,neutral,0.8363356590270996,english,Mixed/Urban,no_clear_emotion,0.024523716419935226,0.04381026700139046,0.022086884826421738,0.025949474424123764,0.14619089663028717,0.18254688382148743
youtube,post,tqHG7rEwOls,abonnés vous à Phénix78_gaming,https://www.youtube.com/watch?v=tqHG7rEwOls,,,neutral,2022-07-05 20:11:14+00:00,2,0,3,28,0.5,5,11.028,,,neutral,0.8418488502502441,english,Mixed/Urban,love,0.034838806837797165,0.013653675094246864,0.03075357899069786,0.024758167564868927,0.5909313559532166,0.05302056297659874
youtube,post,emUXkUOAK4s,"Gameplay selena pas solo rank sambil nunggu sahur


Thanks for watching and enjoy the videos",https://www.youtube.com/watch?v=emUXkUOAK4s,,,positive,2020-04-30 04:55:37+00:00,3,0,2,47,0.8928385257720947,5,9.047,,,positive,0.6427950859069824,english,Mixed/Urban,no_clear_emotion,0.02076840214431286,0.010725362226366997,0.056917961686849594,0.013731688261032104,0.23818577826023102,0.027952950447797775
youtube,post,FuDaYV2hV8Y,"➖➖➖➖BIENVENUE SUR LA DeXy➖➖➖➖

Aujourd'hui sur la chaîne de la DeXy Clan nous allons vous proposez un gameplay de la part de notre leader BIL_james, c'est une nucléaire simple en solo .
 
⚪GFX : NuxiaV7 

⚪SKYPE DU LEADER : mes.bil

J'espère que vous avez aimé la vidéos si vous avez aime bah lâchez un petit like et un com. Et n'hésiter pas a nous dire le genre de gameplay que vous voulez voir sur la chaine ,allez peace .",https://www.youtube.com/watch?v=FuDaYV2hV8Y,,,neutral,2017-08-01 15:06:17+00:00,7,0,5,67,0.5,12,22.067,,,neutral,0.8831191062927246,english,Mixed/Urban,love,0.014967827126383781,0.010683942586183548,0.05355796962976456,0.014771721325814724,0.488463431596756,0.07722032815217972
youtube,post,qKUHGTFBHJU,Vous n'y pensez pas solo,https://www.youtube.com/watch?v=qKUHGTFBHJU&list=RDqKUHGTFBHJU&start_radio=1,,,negative,2024-03-20 07:19:32+00:00,0,0,0,26,0.1569786474108696,0,0.026,,,negative,0.476737841963768,multilingual,Unknown,surprise,0.015444744378328323,0.048704203218221664,0.011315133422613144,0.04788361117243767,0.021999288350343704,0.8018842935562134
youtube,post,0SdvTmWYauI,"Gospel je ne suis pas Solo avec Dieu ""Jésus Christ""",https://www.youtube.com/watch?v=0SdvTmWYauI&list=RD0SdvTmWYauI&start_radio=1,,,neutral,2026-02-12 12:02:39+00:00,1,0,1,41,0.5,2,4.041,,,neutral,0.8919777870178223,english,Mixed/Urban,fear,0.3137682378292084,0.4740222692489624,0.035560086369514465,0.05880284681916237,0.03561127930879593,0.028283007442951202
youtube,post,D6yk6YrKAy8,#r6m #r6mobile #rainbowsix #rainbow6 #rainbowsixsiege #rainbowsixsiegemobile,https://www.youtube.com/watch?v=D6yk6YrKAy8,,,neutral,2026-05-04 21:34:17+00:00,43,0,32,816,0.5,83,139.816,,,neutral,0.8788602948188782,english,Mixed/Urban,love,0.109988272190094,0.03568486496806145,0.0881052315235138,0.042274896055459976,0.4556135833263397,0.032069917768239975
youtube,post,i4hGtQKVHqw,"Jangan lupa Subscribe, Like dan Comment ya Guys !

Media Social  
Tiktok  : tiktok.com/@neeiii20

#brody
#rizzkyy
#buildmobilelegends 

Tags :
Gameplay Brody, build terbaik, best build, combo skill Brody, emblem, spell, fliker, fliker ulti, top global brody, best build brody, gold lane, meta marksman, cara rotasi, cara laning phase, rank, ranked, solo rank, top global gameplay, montage, momen comeback, 1 vs 5, build attack speed, marksman, cara main marksman, cara menang laning phase, mikro, makro, Brody tiktok, outplay Brody",https://www.youtube.com/watch?v=i4hGtQKVHqw,,,positive,2023-01-28 01:00:24+00:00,0,0,0,11,0.9986419618129729,0,0.011,,,positive,0.9954732060432434,malay,Malay/Bumiputera,no_clear_emotion,0.0373832993209362,0.016282178461551666,0.04055313020944595,0.016999904066324234,0.29752016067504883,0.028812723234295845
youtube,post,2t7HvDOAi-A,"Camila Rotta
Centro de Danças Carmem Camargo
2017",https://www.youtube.com/watch?v=2t7HvDOAi-A&list=RD2t7HvDOAi-A&start_radio=1,,,neutral,2019-12-19 04:17:35+00:00,3,0,0,87,0.5,3,3.087,,,neutral,0.9977188110351562,malay,Malay/Bumiputera,no_clear_emotion,0.016762638464570045,0.02160785347223282,0.03513478860259056,0.014622501097619534,0.18679927289485931,0.040480297058820724
youtube,post,96OBkoL6mhI,Best Cover of Pal Pal dil ke pas Solo| Anjan singh Live | Solo Performer,https://www.youtube.com/watch?v=96OBkoL6mhI&list=RD96OBkoL6mhI&start_radio=1,,,positive,2021-02-04 08:03:26+00:00,0,0,0,5,0.9333294212818145,0,0.005,,,positive,0.7777647376060486,english,Mixed/Urban,love,0.022083081305027008,0.014098014682531357,0.05832837522029877,0.015162606723606586,0.6521947383880615,0.025681471452116966
youtube,post,7flEoJ9nefM,"Une partie de JDR solo sur un jeu en fait pas solo (tant pis on a fait avec), et accompagné de coupure de live (tant pis vous avez une version raffistolée)... MAIIIIIS sinon on a raconté une histoire d'horreur et c'est déjà une belle réussite en soit du coup !

Hitobito no Hikari : https://mundosinfinitos.itch.io/hitob...
Pour me soutenir : https://ko-fi.com/toorte
Pour suivre les live :   / toortejdr  

Chapitrage :
0:00 Début
11:30 Découverte et création de perso
45:31 Cut à cause des bugs, yay !
1:58:50 Debrief",https://www.youtube.com/watch?v=7flEoJ9nefM,,,neutral,2022-07-09 07:00:02+00:00,1,0,0,44,0.5,1,1.044,,,neutral,0.8683786392211914,english,Mixed/Urban,no_clear_emotion,0.04300282150506973,0.05489896237850189,0.0760536789894104,0.025679919868707657,0.06510497629642487,0.07055290043354034
youtube,post,wmoEICEZOUE,"Son: Mardoseyz x Lil JEE - #jeteloveoupas  /beatmaker prod : @ProdOJG  (Sólo Versión) remix later 
#mardoseyz #liljee #rapfrancais #jerseyclub #jerseydrill #90sbeat #typebeat #feelsohigh  #prodojg  #nyrap #1stmardoalbum #75.kdreamsones",https://www.youtube.com/watch?v=wmoEICEZOUE&list=RDwmoEICEZOUE&start_radio=1,,,neutral,2023-10-31 17:15:08+00:00,0,0,0,13,0.5,0,0.013,,,neutral,0.7440944314002991,english,Mixed/Urban,happy,0.02433430589735508,0.042004428803920746,0.7956300973892212,0.012983225286006927,0.06761258840560913,0.017359377816319466
youtube,post,vu4p7iLI7Es,"Halo teman-teman dalam video ini saya akan menunjukan gameplay hero yang sedang  saya mainkan sesuai kemampuan saya,harap maklum apa bila saya masi ada salah dalam memainkan hero tersebut karena saya juga masi dalam tahap belajar dan memahami gameplay hero yang sedang saya mainkan sekarang.

Jangan lupa untuk like dan subscribe chanel ini untuk mendapatkan lebih banyak video seperti ini.

📍subscribe : 📲    / @axiellate  

Folllow :

Instragram : https://instagram.com/axiellate_prata...

Facebook : https://www.facebook.com/profile.php?...

Tiktok :   / axiellate  

untuk bussines : abdullani031190@gmail.com

#mlbb 
#shortgame 
#mobilelegend 
#games 
#shorts 
#shortsvideo 
#trending 
#trendingshorts 
#viral
#fyp 
#viralkan",https://www.youtube.com/watch?v=vu4p7iLI7Es,,,positive,2023-01-27 13:48:22+00:00,0,0,0,12,0.9993644058704376,0,0.012,,,positive,0.9978813529014587,malay,Malay/Bumiputera,no_clear_emotion,0.04958193004131317,0.0390995629131794,0.03703742101788521,0.07547669857740402,0.2509385943412781,0.16844329237937927
youtube,post,oCdPwjn8Su0,"Contact for business : oscardzikrullah0@gmail.com

#ArenaBreakout #ArenaBreakoutS4 #IntoTheFogOfWar

Beli Akun Game?
Cek Instagram @kitajubel.in aja! 

Top Up CODM, Warzone, FF, ML, Bloodstrike, Arena Breakout & Joki Game?
Pesan di Wesbite https://www.odzstore.com atau Instagram @odzstore atau klik http://bitly.ws/C5L8

Oca DZ akan update video setiap minggunya, subscribe biar ga ketinggalan video - video terbaru dari Oca!! 

-Subscribe                            : https://bit.ly/2XaGtiO
-Instagram Oca DZ             : https://bitly.ws/3gY7B
-Tiktok Oca DZ                    : https://bitly.cx/zP4s

? COPYRIGHT DISCLAIMER ?

If you own any of the content in my video and you don't want it appear in my channel, please notify me via private message or email. The content will be MOVED within 24 hours.

oca dz, game fps mobile paling realistis, review game arena breakout, arena breakout indonesia, best game fps in 2024, hal penting yang harus kalian pelajari di arena breakout, pro player arena breakout, best gunsmith for m4a1 in arena breakout, settingan terbaik senjata m4a1 arena breakout, solo vs squad arena breakout di armory, rules in arena breakout",https://www.youtube.com/watch?v=oCdPwjn8Su0,,,neutral,2024-03-30 11:30:23+00:00,263,0,46,10545,0.5,414,411.545,,,neutral,0.8361214399337769,english,Mixed/Urban,no_clear_emotion,0.09506631642580032,0.04130013287067413,0.060625068843364716,0.04543052986264229,0.3315286338329315,0.05452141538262367
youtube,post,yozU2HfRU4A,"Le crossover ultime est arrivé sur Fliptones Music ! 🎤✨

On a pris le banger ""Pas Solo"" de Gradur et SDM pour le propulser directement dans les charts de Séoul. Imaginez le flow puissant du 59 et du 92 sur une production K-pop explosive : des synthés néons, des percussions hybrides et une énergie débordante.

C'est la rencontre entre la trap française et l'esthétique sonore des plus grands groupes coréens. Une version dynamique, futuriste et totalement inédite qui prouve que la musique n'a aucune frontière. Préparez-vous à une expérience sonore monumentale !

Dans cette vidéo :

Remix complet de ""Pas Solo"" avec les codes de la K-pop moderne.

Design sonore haute fidélité signé Fliptones Music.

Le mariage inédit entre l'énergie de Gradur/SDM et la puissance de Séoul.

📌 Abonne-toi pour découvrir nos prochaines fusions : https://www.youtube.com/@FliptonesMusic 🔔 Active la cloche pour ne rien rater des sorties quotidiennes !

Lien du clip original de Gradur & SDM : https://www.youtube.com/watch?v=f_VpPST_1pU

#Gradur #SDM #PasSolo #KpopRemix #FliptonesMusic #KpopStyle #RapFrancais #Kpop2026 #RemixInsolite #SeoulVibe #Ocho

🏷️ Tags pour l'algorithme (Catégorisés)
Artistes & Titre : Gradur, SDM, Pas Solo, Gradur Pas Solo, SDM Pas Solo.

Genre & Style : K-pop Remix, Kpop Cover, K-pop Style, K-pop Instrumental, French Rap Remix, Pop Moderne.

Mots-clés de recherche : Fliptones Music, Remix Coréen, SDM Kpop, Gradur Kpop, Musique Futuriste, Remix Dynamique, Idol Style.",https://www.youtube.com/watch?v=yozU2HfRU4A&list=RDyozU2HfRU4A&start_radio=1,,,neutral,2026-02-04 08:01:12+00:00,1,0,1,174,0.5,3,4.174,,,neutral,0.5415655374526978,english,Mixed/Urban,no_clear_emotion,0.03889185190200806,0.05138850584626198,0.18141309916973114,0.02667253650724888,0.13431726396083832,0.09140387922525406
youtube,post,4PQvtJVaSC8,Photo Video Maker,https://www.youtube.com/watch?v=4PQvtJVaSC8,,,neutral,2020-07-17 19:06:45+00:00,2,0,0,11,0.5,2,2.011,,,neutral,0.6376213431358337,english,Mixed/Urban,love,0.1681457906961441,0.1393081098794937,0.13511501252651215,0.10772611200809479,0.17615853250026703,0.11979639530181885
youtube,post,5XuPmHvyieY,"Gradur, SDM Pas solo (Version Skyrock) 🎶",https://www.youtube.com/watch?v=5XuPmHvyieY&list=RD5XuPmHvyieY&start_radio=1,,,neutral,2026-02-05 09:39:40+00:00,3,0,0,466,0.5,7,3.466,,,neutral,0.847816526889801,english,Mixed/Urban,no_clear_emotion,0.02182016521692276,0.020808115601539612,0.04046270623803139,0.0195713322609663,0.20832747220993042,0.06263038516044617
youtube,post,njwU-L-cyQM,Yo l'équipe aujourd’hui nouvelle vidéo . On etait en solo snipes avec les gars. Top 1 ou pas ? En tous cas je voulais remercier YT Simple qui ma fait mon logo . Sur ceux bonne vidéo et a bientot . Oublie pas de t'abonné si tu aime ce que je fais . Zoubi,https://www.youtube.com/watch?v=njwU-L-cyQM,,,neutral,2018-11-08 17:49:24+00:00,9,0,11,90,0.5,20,42.09,,,neutral,0.8605102896690369,english,Mixed/Urban,love,0.02150345779955387,0.013396888971328735,0.03556891158223152,0.01784363202750683,0.8393350839614868,0.028582636266946793
youtube,post,yv4Z5ozK3NU,#sortie106stjean2025,https://www.youtube.com/watch?v=yv4Z5ozK3NU&list=RDyv4Z5ozK3NU&start_radio=1,,,neutral,2025-07-01 21:42:14+00:00,0,0,0,51,0.5,0,0.051,,,neutral,0.9039872288703918,english,Mixed/Urban,love,0.07111794501543045,0.021215947344899178,0.05094921216368675,0.02037934958934784,0.7028943300247192,0.0165519118309021
youtube,post,rb8whUt5a1c,"On reprend du plaisir sur ce jeu alors on continue !

Venez me voir en live sur twitch 5 fois par semaine : illlegalDora !!!

VOD du 20-05-2026",https://www.youtube.com/watch?v=rb8whUt5a1c,,,neutral,2026-05-22 15:30:13+00:00,0,0,0,1,0.5,0,0.001,,,neutral,0.797380268573761,english,Mixed/Urban,no_clear_emotion,0.011856949888169765,0.015712667256593704,0.11132795363664627,0.010170060209929943,0.1457638442516327,0.07478619366884232
youtube,post,6qPveNRgCOA,"Envie de développer ta micro-entreprise, mais tu ne sais pas par où commencer ?

Prospecter ? Investir pour être plus visible ? Créer une nouvelle offre ?

Tout ça, c'est sympa, mais ça va te demander beaucoup d'efforts.

Et si je te disais qu'il existe une autre voie pour développer ta micro-entreprise à moindres frais ?

La voie du collectif !

Dans cette vidéo, notre invitée te présentera tous les avantages du travail en collectif quand tu es en micro-entreprise :

▪️ Pouvoir mutualiser les frais
▪️ Avoir des clients sur un plateau ou faire de l'apport d'affaires
▪️ Pouvoir travailler sur de plus gros projets, inaccesibles en solo",https://www.youtube.com/watch?v=6qPveNRgCOA,,,neutral,2023-12-10 19:00:02+00:00,1,0,0,86,0.5,1,1.086,,,neutral,0.8161424994468689,english,Mixed/Urban,fear,0.030072463676333427,0.7097520232200623,0.1724470853805542,0.020919201895594597,0.021632371470332146,0.02749352529644966
youtube,post,6deix8WVaXU,"Découverte de Valheim en solo !
Retrouvez moi sur Twitch   / quadrarandom  
(Bientôt avec un son un peu mieux ;) )",https://www.youtube.com/watch?v=6deix8WVaXU,,,neutral,2021-02-18 21:41:23+00:00,1,0,0,4,0.5,1,1.004,,,neutral,0.8212113380432129,english,Mixed/Urban,no_clear_emotion,0.029045145958662033,0.05852536857128143,0.0821521133184433,0.030761003494262695,0.11259457468986511,0.2177869826555252
youtube,post,PtTrz27vYco,Écoute bien famille cherifla veut la paix pas solo Diarra 😭😭,https://www.youtube.com/watch?v=PtTrz27vYco,,,neutral,2026-04-05 12:46:51+00:00,32,0,4,816,0.5,44,44.816,,,neutral,0.5096884965896606,english,Mixed/Urban,love,0.1816360503435135,0.07999901473522186,0.08098909258842468,0.09972192347049713,0.4942364990711212,0.016844842582941055
youtube,post,,,https://www.youtube.com/watch?v=9SW-F_HJjj0&list=RD9SW-F_HJjj0&start_radio=1,,,neutral,,0,0,0,0,0.5,0,0.0,,,neutral,0.0,unknown,Unknown,neutral,0.0,0.0,0.0,0.0,0.0,0.0
youtube,post,VYb_mpIEAnc,"Ne me demandez pas comment c'est possible, mais on a gagné cette manche.



00:00 Coucou tout le monde
02:00 Groba vs Jabba
04:22 SLKR vs Leia
07:15 Padmé vs GI
11:10 JKR vs DR
13:10 GM vs Clones
15:08 SK vs Rey
17:17 Nute vs QGJ
18:37 BH vs Rogue One
20:00 Trium vs Cere Malicos
22:35 GAS vs DR
23:36 Wampa vs DR
24:26 JML vs Clones
26:39 Hux vs Basti
28:09 Malo vs Prof (ne fonctionne plus depuis le Rogue One)
33:39 La règle des 2....moins 1
37:23 IT vs BH
38:25 CLS vs Mothma Pompiers
39:33 JTR vs KRU
42:27 Sidious vs Finn Zorii
43:49 Embo vs KRU
46:25 UTINI !!
47:22 Petit point défenses
48:27 Des fails en pagailles
55:45 Home One vs Raddus
57:40 Ha Ha ! Le Noob",https://www.youtube.com/watch?v=VYb_mpIEAnc,,,neutral,2025-05-12 06:00:22+00:00,13,0,9,182,0.5,23,40.182,,,neutral,0.8376151919364929,english,Mixed/Urban,surprise,0.03688257187604904,0.05043385922908783,0.01825827546417713,0.07011871039867401,0.17853540182113647,0.3631230294704437
youtube,post,Gts0p3Vk2lc,ju ac,https://www.youtube.com/watch?v=Gts0p3Vk2lc,,,positive,2008-10-14 09:41:39+00:00,0,0,0,28,0.8359903305768966,0,0.028,,,positive,0.4533011019229889,multilingual,Unknown,no_clear_emotion,0.06602814048528671,0.060869310051202774,0.18685656785964966,0.02600637450814247,0.19396530091762543,0.058094583451747894
youtube,post,gdS9ocDFgtM,GUA GAGAL BOOYAH PAS SOLO VS SQUAD GARA GARA PLAYER INI !!! - FREE FIRE,https://www.youtube.com/watch?v=gdS9ocDFgtM,,,negative,2025-03-04 21:04:31+00:00,0,0,0,38,0.02258236929774282,0,0.038,,,negative,0.9247254356741905,multilingual,Unknown,no_clear_emotion,0.13662448525428772,0.023349704220891,0.08903690427541733,0.03484102711081505,0.2939296364784241,0.026354748755693436
youtube,post,kiDl6z5f9xs,"Hey salut j'espère que mon contenu te plaira et si c'est le cas n'ésite pas à T'ABONNER POTO! 


SHAREfactory™
https://store.playstation.com/#!/fr-b...",https://www.youtube.com/watch?v=kiDl6z5f9xs,,,neutral,2018-03-01 00:12:20+00:00,3,0,1,24,0.5,4,6.024,,,neutral,0.7182921767234802,english,Mixed/Urban,fear,0.018828539177775383,0.28164583444595337,0.281467080116272,0.034401990473270416,0.08687388896942139,0.21919582784175873
youtube,post,tqyarPCQrQc,Si el sistema social interfiere en tu pas solo observa toma aire y sigue adelante,https://www.youtube.com/watch?v=tqyarPCQrQc,,,neutral,2023-09-10 04:57:36+00:00,0,0,0,10,0.5,0,0.01,,,neutral,0.9075237512588501,english,Mixed/Urban,no_clear_emotion,0.16761693358421326,0.029435355216264725,0.1598343402147293,0.03517952561378479,0.16974680125713348,0.025666600093245506
youtube,post,aaDzv77lbfE,"Lagi nyari build Suyou yang kuat, tebel, tapi damage-nya tetep gak ngotak pas Solo Rank? Di video kali ini, gue cobain racikan ""Build Preman Anti Rusuh"" dengan menerapkan cara main Suyou Jungler ala RRQ Sutsujin!

Meskipun di early game buff kita dirusuh sama jungler musuh, build preman dan gameplay high mechanic ala Sutsujin ini terbukti ampuh buat balik ngerusuh, dapet Mega Kill, dan mendominasi pertandingan sampai menang. Tonton videonya sampai habis buat tahu tips positioning, kombinasi skill Suyou Sasuke, dan rotasi jungler terbaik di patch sekarang. Auto WIN!

Jangan lupa buat LIKE, COMMENT, dan SUBSCRIBE ke channel H1RAKO Official biar gak ketinggalan gameplay seru lainnya!

#suyou #rrqsutsujin #buildsuyou #mlbb #solorank #mobilelegends #rrq",https://www.youtube.com/watch?v=aaDzv77lbfE,,,negative,2026-05-27 09:00:19+00:00,1,0,0,153,0.00048301219940183326,2,1.153,,,negative,0.9983899593353271,malay,Malay/Bumiputera,fear,0.14582927525043488,0.5468999743461609,0.05201634764671326,0.03510018810629845,0.08746647089719772,0.05328420549631119
youtube,post,aeRxvgwnwtY,Cover wiliam pas Solo le pido a Dios,https://www.youtube.com/watch?v=aeRxvgwnwtY&list=RDaeRxvgwnwtY&start_radio=1,,,neutral,2020-05-15 22:43:47+00:00,1,0,0,61,0.5,1,1.061,,,neutral,0.8865295052528381,english,Mixed/Urban,love,0.08308196067810059,0.04573552682995796,0.04060686007142067,0.0704156905412674,0.6927035450935364,0.02305985800921917
youtube,post,yQiqp1lT1wU,"NANZ

Buat kalian yang mau Mabar, kalian tinggal komen dan kita menang bersama, dan kalian bisa request Hero untuk nanz mainkan di video mobile legend selanjutnya beserta build yang nyeleneh untuk di pakai di rank

Btw sudah sekian lama nanz tidak upload video karena nanz lumayan sibuk dengan pr sekolah, walaupun kemarin libur, apa sekolah kalian libur juga?? Tulis di komen,,, tapi nanz sekarang akan main game lagi dan lumayan upload di beberapa akun nanz,

∆                    | \                      |
∆                    |     \                  |
\                     |        \               |
  }
/                     |               \        |
∆                    |                  \     |
∆                    |                     \  |

Jangan lupa untuk berlangganan di akun sosial media kami

Youtube =    / @nanznet  
Tiktok = https://www.tiktok.com/@nanznet?_t=8l...
Instagram = https://www.instagram.com/nanznet?igs...
Facebook = https://www.facebook.com/profile.php?...
Twitter(X} = https://x.com/nanznet4?t=fLm8pkxUS3Be...
Saluran nanzcuy (komunitas saluran WhatsApp) = https://whatsapp.com/channel/0029Vacx...

==========N̶̶̶̶̶̶A̶̶̶̶̶̶̶̶N̶̶̶̶̶̶̶̶Z̶̶̶̶̶̶̶N̶̶̶̶̶̶̶E̶̶̶̶̶̶T̶==========",https://www.youtube.com/watch?v=yQiqp1lT1wU,,,negative,2024-04-25 22:16:54+00:00,7,0,0,255,0.00048267245292665795,9,7.255,,,negative,0.9983910918235779,malay,Malay/Bumiputera,love,0.06715525686740875,0.09005116671323776,0.04316814988851547,0.09064964205026627,0.43373119831085205,0.14887551963329315
youtube,post,EbHZcnPouIs,#mlbb #tiktokmlbb #mlbbttofficial #youtube,https://www.youtube.com/watch?v=EbHZcnPouIs,,,neutral,2021-10-14 04:58:22+00:00,10,0,0,14,0.5,10,10.014,,,neutral,0.9136215448379517,english,Mixed/Urban,no_clear_emotion,0.050396181643009186,0.02857506461441517,0.054840609431266785,0.03253398463129997,0.3402796685695648,0.0410170778632164
youtube,post,RHZyiKMyWow,"Grandpa, G-PA the Gamer. Fortnite Solo KIlls. Hilariously Funny,
side-splitting, Adventure. Join along as I play Fortnite with my Epic Kills.
Creator Code: G-PA-THEGAMER

~-~~-~~~-~~-~
Please watch: ""Fortnite - Kill Me...Kill You!"" 
   • Fortnite - Kill Me...Kill You!  
~-~~-~~~-~~-~",https://www.youtube.com/watch?v=RHZyiKMyWow,,,positive,2019-06-22 18:42:46+00:00,366,0,128,1784,0.9460471868515015,511,751.784,,,positive,0.8201572895050049,english,Mixed/Urban,love,0.016083521768450737,0.016308797523379326,0.12285047769546509,0.013498474843800068,0.4222438633441925,0.09053294360637665
youtube,post,ZajfuaCYc48,"Code créateur Solo Leveling ARISE : https://creator.netmarble.com/en/sololv/ranking/sohoven

Tuto pour support un Creator Content et récupérer les coupons : https://youtu.be/6kYzSKuO6dk

Site communautaire : https://slagate.fr

Chaîne IRL : https://www.youtube.com/channel/UCAxEyU9yygjTFjTMIz2Wp2Q

■ Twitter : https://x.com/Soho_ven
■ Chaîne Twitch : https://www.twitch.tv/sohoven
■ Instagram : https://www.instagram.com/sohoven/
■ Discord : https://discord.gg/AyrzWcMGXT




#Sohoven #SoloLeveling #SoloLevelingARISE",https://www.youtube.com/watch?v=ZajfuaCYc48,,,neutral,2025-06-13 11:15:04+00:00,211,0,46,4987,0.5,306,353.987,,,neutral,0.8489860892295837,english,Mixed/Urban,no_clear_emotion,0.042864806950092316,0.026898708194494247,0.0412745401263237,0.020084813237190247,0.1687178760766983,0.05408765748143196
youtube,post,SyvFdbxudms,"Coppelia: Swanhilda Opening Variation - Madison Fowler
Giselle Peasant Pas - Camilla Carrington
Swan Lake Act II Coda - Hannah Boyce",https://www.youtube.com/watch?v=SyvFdbxudms&list=RDSyvFdbxudms&start_radio=1,,,neutral,2024-04-22 21:05:53+00:00,0,0,0,111,0.5,1,0.111,,,neutral,0.9393890500068665,english,Mixed/Urban,love,0.04694905877113342,0.015578660182654858,0.06554028391838074,0.01869192346930504,0.4462835490703583,0.018008306622505188
youtube,post,Xo4KkFDqitk,"Halo cuy! Berikut video terbaru dari Badboy! Jangan lupa untuk like, comment, dan subscribe youtube channel Badboy ya!
Support Badboy ⬇️
https://sociabuzz.com/bangboylive

KETEMU BTR FULL SQUAD PAS SOLO SQUAD, GILAAA NIH - PUBG MOBILE INDONESIA

UNDUH PUBG MOBILE : https://sg.creatorhub.pubgmobile.com/t/iaiGjC

Jangan lupa Sosial Media Badboy yang lain
Instagram → @oscarpratama_ https://instagram.com/oscarpratama_/

Tolong share ke sosial media kalian ya untuk support kita agar channel kita terus berkembang dan makin semangat upload video lucu terbaru. Thank you cuy!!

#PUBGMNextStarProgram
#PUBGMOBILE 
#PUBGMOBILEC5S14",https://www.youtube.com/watch?v=Xo4KkFDqitk,,,positive,2023-10-21 12:52:08+00:00,509,0,58,27014,0.9994051218032836,837,710.014,,,positive,0.9980170726776123,malay,Malay/Bumiputera,love,0.06656402349472046,0.040987081825733185,0.12450538575649261,0.03762977197766304,0.47891685366630554,0.04714811593294144
youtube,post,jig4Xx6PLLs,Saber itu enak bangat di pake pas solo rank,https://www.youtube.com/watch?v=jig4Xx6PLLs,,,neutral,2021-09-10 18:52:30+00:00,1,0,0,4,0.5,1,1.004,,,neutral,0.8731977939605713,english,Mixed/Urban,love,0.08795300871133804,0.02105981856584549,0.08879982680082321,0.020070740953087807,0.6878131031990051,0.018083350732922554
youtube,post,BsP_5cf9yGU,"Je ne sais pas - Solo Moderne Jazz

Chorégraphie: Bruno Caprioli
Danseuse: Manon Constantin (16 ans) 
Musique: Je ne sais pas, Zazie

Médaillé de bronze et d’or et récompensé d’un stage à l’AID offert par Floriane Blitz",https://www.youtube.com/watch?v=BsP_5cf9yGU&list=RDBsP_5cf9yGU&start_radio=1,,,neutral,2019-08-16 19:25:59+00:00,2,0,0,341,0.5,5,2.341,,,neutral,0.9151833653450012,english,Mixed/Urban,no_clear_emotion,0.016918901354074478,0.07984485477209091,0.017486335709691048,0.033168114721775055,0.06564243137836456,0.28239646553993225
youtube,post,SLUctWDbPwc,salut les amis je suis avec gholghoth88 pour une nouvelle video sur (WII U),https://www.youtube.com/watch?v=SLUctWDbPwc,,,neutral,2018-06-24 17:17:47+00:00,1,0,0,14,0.5,1,1.014,,,neutral,0.881563127040863,english,Mixed/Urban,love,0.040584463626146317,0.06601070612668991,0.2075609415769577,0.028293168172240257,0.37143632769584656,0.057749100029468536
youtube,post,_FnxaKHBb4s,"This video features ""Pas cu pas"" by Dora Gaitanovici. My sincere appreciation to these musicians.
Copyright Notice:
All rights to the music belong to their respective owners. This video is not intended for commercial use.",https://www.youtube.com/watch?v=_FnxaKHBb4s&list=RD_FnxaKHBb4s&start_radio=1,,,positive,2025-07-29 09:14:17+00:00,0,0,0,23,0.972567081451416,0,0.023,,,positive,0.9085569381713867,english,Mixed/Urban,love,0.02239149995148182,0.008978274650871754,0.09211009740829468,0.013105304911732674,0.5017300248146057,0.02664356864988804
youtube,post,VaEbXOK0fzU,"Bienvenue sur une nouvelle vidéo de ma chaine YouTube 

Suivez moi sur les réseaux sociaux :
YouTube : https://www.youtube.com/channel/UCHIG...
Twitch :   / usiosame  
Twitter :   / usiosameytb",https://www.youtube.com/watch?v=VaEbXOK0fzU,,,neutral,2020-07-09 12:00:17+00:00,7,0,13,114,0.5,21,46.114,,,neutral,0.8680984377861023,english,Mixed/Urban,no_clear_emotion,0.046870045363903046,0.05519673973321915,0.046521615236997604,0.03298230469226837,0.17103897035121918,0.19726450741291046
youtube,post,qIMhqBiVuSs,"35th Annual Piano Artist Concert Series: Nathaniel Parker with
accompanist, Jennifer Song
Violin Sonata No. 5, Op. 4 “Spring” . . . . . . . . Ludwig van Beethoven
    Allegro
    Adagio molto expressivo
    Scherzo. Allegro molto – Trio
    Rondo. Allegro ma non troppo
 
Introduction et Rondo Capriccioso, Op. 28 . . . . . Camille Saint-Saens",https://www.youtube.com/watch?v=qIMhqBiVuSs&list=RDqIMhqBiVuSs&start_radio=1,,,neutral,2018-11-03 23:56:24+00:00,0,0,0,50,0.5,0,0.05,,,neutral,0.8583453297615051,english,Mixed/Urban,no_clear_emotion,0.027706269174814224,0.019795585423707962,0.062455058097839355,0.014413830824196339,0.1949671357870102,0.032609835267066956
youtube,post,ab64flFFJiM,"La vidéo t'a plu ? Laisse un like et un commentaire pour plus de #RocketLeague ;)

Tu veux des caisses pas chère sur Rocket League ?! C'est ici  : https://goo.gl/yuqHsZ

Mon code de réduction IGVault : tequilaz

Supporte la chaîne de #Tequilaz ici : https://www.youtube.com/channel/UCiu4...

Pour me suivre sur les réseaux sociaux c'est par ici ! :

Mon Discord Communautaire : https://www.utip.io/s/fw8U3t

Twitter : https://www.utip.io/s/vIoRtk

Twitch : https://www.utip.io/s/sJINtZ

Pour t'abonner a ma chaîne youtube et devenir un Rocketeer, clique ici :  http://www.youtube.com/user/IEYESHIEL...

Musique d'intro : https://www.youtube.com/watch?v=GgBD-...

Ma camera sur RL : https://www.utip.io/s/cFEHe6

Les règles a respecter en commentaire : 

- Ne pas insulter
- Ne pas manquer de respect au Youtuber ainsi qu'aux personnes qui commentent la vidéo
- Ne pas faire de pub
- Ne pas envoyer de lien
- Évitez le drama

Si une personne n'obéit pas a l'une de ces règles elle sera bannie.

#TequiFamily",https://www.youtube.com/watch?v=ab64flFFJiM,,,neutral,2019-05-17 15:00:01+00:00,303,0,42,8955,0.5,434,437.955,,,neutral,0.766187310218811,english,Mixed/Urban,no_clear_emotion,0.1388709843158722,0.01624658890068531,0.039584461599588394,0.028347957879304886,0.30835580825805664,0.036340516060590744
youtube,post,SNmJDUP83pw,"Vive solo non je deck 
J'aime pas les teamer alors je fait cette petite vidéo pour les ecsploser 
Bonne vidéo (et journée)😚",https://www.youtube.com/watch?v=SNmJDUP83pw,,,neutral,2021-06-10 18:09:34+00:00,6,0,1,46,0.5,7,9.046,,,neutral,0.8061400651931763,english,Mixed/Urban,love,0.04145422205328941,0.027957510203123093,0.10164085775613785,0.017284870147705078,0.7700507640838623,0.013628383167088032
youtube,post,DfxAw7rAyKc,"SHAREfactory™
https://store.playstation.com/#!/fr-b...",https://www.youtube.com/watch?v=DfxAw7rAyKc,,,neutral,2017-03-08 18:27:27+00:00,8,0,0,80,0.5,8,8.08,,,neutral,0.858663022518158,english,Mixed/Urban,love,0.0614933967590332,0.04471730440855026,0.059006355702877045,0.046626731753349304,0.4144268035888672,0.11433033645153046
youtube,post,PMA3-U0wshk,Sa me dérange pas solo duo,https://www.youtube.com/watch?v=PMA3-U0wshk,,,negative,2019-10-31 11:09:48+00:00,1,0,0,2,0.168607896566391,1,1.002,,,negative,0.43797367811203003,multilingual,Unknown,love,0.3134332001209259,0.035681046545505524,0.055175021290779114,0.041576191782951355,0.3237352967262268,0.029520122334361076
youtube,post,XVEYkNYtQjU,"Gradur feat SDM – Pas Solo (Afro Remix)

Remix afro de Pas Solo par Gradur feat SDM.

👍 Si tu as aimé, like, abonne-toi et partage — ça aide énormément la chaîne.
💬 Tu peux aussi proposer des idées de remix en commentaire.

⚠️ Droits d’auteur / Copyright
Je ne détiens aucun droit sur les paroles (lyrics), la composition originale ou les enregistrements utilisés.
Tous les droits appartiennent à leurs ayants droit respectifs.
Pour toute demande de retrait de cette vidéo ou de playlists YouTube, merci de me contacter directement.

#Gradur #SDM #PasSolo #AfroRemix #AfroBeat #RapFr #Remix #Stanylaw",https://www.youtube.com/watch?v=XVEYkNYtQjU&list=RDXVEYkNYtQjU&start_radio=1,,,neutral,2026-02-15 16:29:45+00:00,139,0,10,7848,0.5,227,176.848,,,neutral,0.8392082452774048,english,Mixed/Urban,love,0.028443478047847748,0.02204744704067707,0.044351574033498764,0.03174469619989395,0.4012841582298279,0.15173432230949402
youtube,post,YpltegVc4OQ,"▼▼▼DESCRIPTION▼▼▼

🔥  / faryaz  
🔥  / faryaz_fr  

Outro song :    • JPB - Defeat The Night (feat. Ashley Apoll...",https://www.youtube.com/watch?v=YpltegVc4OQ,,,neutral,2020-01-09 15:39:16+00:00,9,0,3,46,0.5,12,18.046,,,neutral,0.927251935005188,english,Mixed/Urban,no_clear_emotion,0.15427014231681824,0.04176623374223709,0.04580514878034592,0.21964943408966064,0.19744499027729034,0.02253400906920433
youtube,post,PvnV5LwIloQ,Yo tout le monde c'est ClemDu510 et on se retrouve pour une petite série sur minecraft pe avec lilihorse06,https://www.youtube.com/watch?v=PvnV5LwIloQ,,,neutral,2015-10-03 19:03:54+00:00,4,0,0,26,0.5,4,4.026,,,neutral,0.8398177623748779,english,Mixed/Urban,love,0.0367995910346508,0.015702959150075912,0.04002316668629646,0.0181428212672472,0.6981197595596313,0.022579142823815346
youtube,post,C2-u6WEbtu4,"Comparsa: Los Negritos musicales.
Año: 1999.
Letra: Francisco Alcantara Pedemonte.
Musica: Jose Luis Alcantara Pedemonte.",https://www.youtube.com/watch?v=C2-u6WEbtu4&list=RDC2-u6WEbtu4&start_radio=1,,,neutral,2014-06-20 19:20:44+00:00,1,0,0,53,0.5,1,1.053,,,neutral,0.8865621089935303,english,Mixed/Urban,no_clear_emotion,0.0176517553627491,0.012983149848878384,0.019104445353150368,0.01292512472718954,0.08298718929290771,0.03526284545660019
youtube,post,kTGj_76LuJ4,"#gusion #gusiongameplay #gusionmontage #hanzmid #hanzmidgaming 

terkadang senyum² sendiri pas solo rank 😂",https://www.youtube.com/watch?v=kTGj_76LuJ4,,,neutral,2022-08-06 11:45:07+00:00,6,0,3,31,0.5,9,15.031,,,neutral,0.9976407289505005,malay,Malay/Bumiputera,love,0.03842431679368019,0.04163791984319687,0.022643867880105972,0.04985567182302475,0.6592680215835571,0.06796693801879883
youtube,post,eGF5mXdROyk,"Artiste : Marf
Titre : Tu Nous Connais Pas",https://www.youtube.com/watch?v=eGF5mXdROyk&list=RDeGF5mXdROyk&start_radio=1,,,neutral,2024-03-26 10:16:43+00:00,6,0,0,77,0.5,6,6.077,,,neutral,0.8320095539093018,english,Mixed/Urban,love,0.06403521448373795,0.1100347638130188,0.017521850764751434,0.085379458963871,0.3132132887840271,0.16870443522930145
youtube,post,qfnxGFiDmPk,Car je l'ai brisé,https://www.youtube.com/watch?v=qfnxGFiDmPk,,,neutral,2023-01-02 20:11:35+00:00,0,0,0,1,0.5,0,0.001,,,neutral,0.718356728553772,english,Mixed/Urban,anger,0.5812355875968933,0.14147360622882843,0.04789870232343674,0.06854107230901718,0.0410422757267952,0.02691742032766342
