Platform,Type,ID,Text,URL,Parent_Post_URL,Parent_Post_ID,Sentiment,Date,likes,shares,comments_count,views,sentiment_score,total_engagement,engagement_score
tiktok,post,7235967344722464006,gimana para pejuang KPR? #kpr #properti #kredit #fyp #belirumah,https://www.tiktok.com/@felicia.tjiasaka/video/7235967344722464006,,,neutral,2026-06-09T00:10:27.573757,285300,33800,4499,5600000,0.0,379599,371997.0
tiktok,post,7122680553320516891,#malaysiatiktok sepi,https://www.tiktok.com/@papa_ragel/video/7122680553320516891,,,neutral,2026-06-09T00:10:36.011174,95000,6082,5623,5200000,0.0,158705,129233.0
tiktok,post,7630294998071676180,Modus PENIPUAN Terbaru ! Cara Mengenali Scam Call hening. Share Ke Orang Tersayang Kalian agar jangan menjadi Korban Scam ini #pikirduakali #moduspenipuan #ai #info #terbaru2026,https://www.tiktok.com/@kabar.62/video/7630294998071676180,,,neutral,2026-06-09T00:10:11.813066,31800,30200,597,1200000,0.0,74597,95191.0
tiktok,post,7643332002803928328,#taiwan#fyp#pekerjakeras#fyppppppppppppppppppppppp,https://www.tiktok.com/@lelesssss._/video/7643332002803928328,,,neutral,2026-06-09T00:10:19.522824,62100,2527,491,853700,0.0,73655,69480.7
tiktok,post,7587252040196295943,#🇲🇾 #uncleseong #kedaiwanglama #pembeliduitlama #tukarwanglama,https://www.tiktok.com/@uncleseongwanglam/video/7587252040196295943,,,neutral,2026-06-09T00:10:21.536481,30200,5969,3988,1500000,0.0,55157,55602.0
tiktok,post,7449451579851214123,Need to lock those rolling bases and full stacks? Coming soon! #packout #packoutsystem #milwukeetool #milwaukeepackout #milwaukeetools #packoutmods #superduty #f150 #fordtrucks #f350,https://www.tiktok.com/@integraltruck/video/7449451579851214123,,,neutral,2026-06-09T00:10:47.279900,35000,8083,415,1400000,0.0,57498,53811.0
tiktok,post,7643048726575025425,Udh sejauh ini masak gk bisa 2M sih😅😅,https://www.tiktok.com/@norraaa3v_/video/7643048726575025425,,,neutral,2026-06-09T00:10:29.154164,38900,1561,284,384100,0.0,44586,43258.1
tiktok,post,7615990646716878101,"Cinta Kuya, anak dari Uya Kuya, memilih jualan di Amerika Serikat sambil kuliah. 

Menariknya, daya beli masyarakat Amerika sangat kuat. Banyak orang di sana lebih melihat kualitas daripada harga.
Karena itu banyak yang mencoba berbisnis di sana. Kalau produknya bagus, pembeli tidak terlalu mempermasalahkan harga
#andryhakim #stockwise #cintakuya #uyakuya #jualandiamerika",https://www.tiktok.com/@investing_muda/video/7615990646716878101,,,neutral,2026-06-09T00:10:29.453588,22700,354,85,1700000,0.0,40139,25363.0
tiktok,post,7644756617900215560,"gimana menurut kalian? 

Menteri Keuangan Purbaya Yudhi Sadewa menilai pelemahan nilai tukar rupiah hingga mendekati level Rp17.800 per dolar AS sebagai kondisi yang tidak masuk akal. Menurutnya, fundamental ekonomi Indonesia saat ini masih berada dalam kondisi baik, sehingga pelemahan tajam rupiah dinilai tidak sejalan dengan kondisi ekonomi domestik.

Pernyataan itu disampaikan saat rupiah hampir menyentuh level Rp17.800 per dolar AS pada perdagangan Selasa (26/5). Purbaya menjelaskan bahwa biasanya mata uang melemah ketika terjadi gangguan pada fundamental ekonomi, sementara saat ini indikator ekonomi Indonesia justru dinilai cukup kuat dan stabil.

Saat ditanya soal kemungkinan pemerintah kembali melakukan stress test terhadap APBN akibat tekanan nilai tukar, Purbaya menegaskan hal tersebut belum diperlukan. Ia menyebut pemerintah sebelumnya sudah melakukan simulasi dengan asumsi harga minyak dunia mencapai US$100 per barel, termasuk menghitung dampak pelemahan rupiah, sehingga menurutnya kondisi saat ini masih dapat diantisipasi. #rupiah #melemah #creatorsearchinsights #uang #uangindonesia",https://www.tiktok.com/@dyan_shrza/video/7644756617900215560,,,neutral,2026-06-09T00:10:41.881969,20200,1282,556,470100,0.0,26739,24902.1
tiktok,post,7528677190855101701,"Kenapa banyak bisnis kuliner yang tutup?
Setiap hari kita lihat cafe dan warung baru bermunculan. Tapi... yang bertahan cuma segelintir.

Saya rangkum dari pengalaman belasan tahun di lapangan:
✅ Banyak saingan
✅ Biaya operasional tinggi
✅ Margin untung tipis
✅ Lokasi jadi dilema
✅ Tren cepat berubah

Kalau gak siap, bisnis kuliner bisa jadi bumerang.
Jangan cuma ikut-ikutan, tapi pahami permainannya.
Karena di dunia kuliner, bukan yang paling enak yang menang, tapi yang paling kuat dan adaptif.

—

Pernah buka usaha kuliner juga? Ceritakan pengalamanmu di kolom komentar 👇
#BisnisKuliner #UsahaMakanan #KakiLimaNaikKelas #RestoViral #CafeKekinian #KulinerIndonesia #BelajarBisnis #TipsUsaha #MentalPengusaha #FoodBusiness #WisdomBisnis #BisnisAnakMuda #MotivasiUsaha #FaktaBisnis #ResikoBisnis #BukaUsaha #KontenBisnis #tekyang #tekyang88 #tywisdom",https://www.tiktok.com/@tekyang88/video/7528677190855101701,,,neutral,2026-06-09T00:10:07.933445,8676,6810,534,583200,0.0,21852,24481.2
tiktok,post,7646068517783080210,#creatorsearchinsights #offer offer offer #Nandani Bastralay Pidari chowk #100 mtr#9804881461,https://www.tiktok.com/@nandani.bastarala/video/7646068517783080210,,,neutral,2026-06-09T00:10:50.752097,13300,3396,122,526100,0.0,22079,20984.1
tiktok,post,7620063825076768022,#newceator #fyp #viral,https://www.tiktok.com/@anisfrance.fr/video/7620063825076768022,,,neutral,2026-06-09T00:10:08.577498,8120,2640,320,277800,0.0,13858,14637.8
tiktok,post,7304968285706013957,paket usaha snow ice 17juta udah sama mesin 360 watt ! cocok untuk kaki lima #snowice #paketusaha #longervideos @Bing Snow Indonesia,https://www.tiktok.com/@lianaoktavia7/video/7304968285706013957,,,neutral,2026-06-09T00:10:32.325026,8184,2564,253,401300,0.0,15014,14472.3
tiktok,post,7643364338505436437,#fyp #foryoupage #taiwan,https://www.tiktok.com/@martiadila/video/7643364338505436437,,,neutral,2026-06-09T00:10:32.631264,11300,836,121,235100,0.0,14608,13570.1
tiktok,post,7634221617689726226,LC lebih menggoda #LC #xybca #fyppppppppppppppppppppppp #fypage #jjkatata,https://www.tiktok.com/@bangriyan294/video/7634221617689726226,,,neutral,2026-06-09T00:10:22.776482,8957,1004,240,571400,0.0,15915,12256.4
tiktok,post,7646206833312468231,Guru Ngaji Botai Pemburu Bocil,https://www.tiktok.com/@idrisyushardy/video/7646206833312468231,,,neutral,2026-06-09T00:10:35.310952,8010,1138,531,174200,0.0,11421,12053.2
tiktok,post,7313777911301950725,jangan pernah menyesal untuk bersodaqoh #gusiqdam #gusiqdammuhammad😊 #gusiqdammuhammad #gusiqdamterbaru #sodaqoh,https://www.tiktok.com/@ngaoskaweruh/video/7313777911301950725,,,neutral,2026-06-09T00:10:27.906247,3580,3828,128,236800,0.0,9904,11856.8
tiktok,post,7644291391467670816,#motivationfr #viralvideo #realcreato #creatorsalepenuhberkah #creator,https://www.tiktok.com/@winplus8/video/7644291391467670816,,,neutral,2026-06-09T00:10:17.175355,9625,708,83,123400,0.0,11650,11413.4
tiktok,post,7641126964325043477,Duit lama bukan semua ada harga,https://www.tiktok.com/@michealduitlamaxx/video/7641126964325043477,,,neutral,2026-06-09T00:10:20.573094,6303,963,441,269300,0.0,10400,9821.3
tiktok,post,7576942691871706376,"❗️17 Ide Bisnis 3 Jutaan yang Diam-diam Banyak Peminatnya‼️

Mau mulai usaha tapi modal pas-pasan?
Ini 17 ide bisnis yang realistis dimulai dari modal 3 jutaan.
Cocok buat karyawan, mahasiswa, atau ibu rumah tangga yang mau nambah pemasukan.

⚡ Bisa dimulai dari rumah
⚡ Risiko kecil
⚡ Potensi cuan cepat

#bisnismodal3juta  #idebisnis2025  #bisnisanakmuda  #usahakecilkecilan  #fyppppppppppppppppppppppp",https://www.tiktok.com/@nethubglobal/video/7576942691871706376,,,neutral,2026-06-09T00:10:10.473586,6694,875,72,1100000,0.0,18641,9760.0
tiktok,post,7604689770672934157,These are the best drag tunes in fix it up! #fyp #viral #roblox #fixitup #viralvideo,https://www.tiktok.com/@greenvillerr/video/7604689770672934157,,,neutral,2026-06-09T00:10:15.615626,7942,482,0,197000,0.0,10394,9103.0
tiktok,post,7634403200484887828,"sopan pharmaceuticals ipo 

#foryoupage #ipoupdate",https://www.tiktok.com/@money_kura/video/7634403200484887828,,,neutral,2026-06-09T00:10:25.346975,7380,199,239,175700,0.0,9575,8670.7
tiktok,post,7609263277029248263,"कसैको पाउ मोल्नुभन्दा बैंकको प्रक्रिया अपनाउनु किन बुद्धिमानी छ? जान्नका लागि पूरा भिडियो हेर्नुहोस्। #LoanTips #EducationLoan #JapanBound #FinancialPlanning #NepaliStudents   """,https://www.tiktok.com/@gaps_japan/video/7609263277029248263,,,neutral,2026-06-09T00:10:23.398709,6130,852,208,170500,0.0,8895,8628.5
tiktok,post,7560217095192022283,#fyp #quotes #motivation,https://www.tiktok.com/@noraliyah_0/video/7560217095192022283,,,neutral,2026-06-09T00:10:33.567843,2559,2788,70,267400,0.0,8091,8612.4
tiktok,post,7624708650413722901,"Membalas kepada @@ajib Pilot8388 ok tak..cer komen sikit🗣️
@Tan Tin Tun 
#myvi #sunroof

WAKTU PERNIAGAAN ;
☑️masa [ 9.00 pagi - 7.00 petang ]
☑️hari buka [ selasa - ahad ]
      setiap isnin [ tutup]
☑️Sembahyang jumaat [1.00 ptg - 2.30 ptg]
☑️surau dan bilik rehat disediakan
☑️kedai dilengkapi CCTV
⛔️PROSES PEMASANGAN SUNROOF AMBIL MASA 
 4 JAM - 6 JAM 

🅾️REPAIR SUNROOF SELASA - KHAMIS SAHAJA
🅾️BOLEH TUNGGU |  TINGGAL KERETA

012-219 . 1392  |  MR.SUNROOF
SUNROOF MOTORSPORT
no.37/04 [STOR]
JALAN SG JATI ,KLANG ,SELANGOR
#sunroofmotorsport #sunroof #sunroofmurahklang",https://www.tiktok.com/@boss.shakirin/video/7624708650413722901,,,neutral,2026-06-09T00:10:12.133480,6080,614,116,76600,0.0,7576,7732.6
tiktok,post,7494414668845419782,"Bisnis kamu selalu sepi, bisa jadi karena ini!",https://www.tiktok.com/@kasisolusi/video/7494414668845419782,,,neutral,2026-06-09T00:10:30.069980,4593,370,729,167500,0.0,7367,7687.5
tiktok,post,7326189022756359430,Info join kemitraan paket es teller  sultan bisa hubungi kontak atau link di bio ya kak #paketusahamurah #esteler #usahakekinian #usahaviral #froztice,https://www.tiktok.com/@es.teler.froztice/video/7326189022756359430,,,neutral,2026-06-09T00:10:16.259316,4597,703,302,409600,0.0,9698,7318.6
tiktok,post,7572165298535550216,"In this economy lebih butuh lamaran pekerjaan biar banyak cuan dari pada lamaran buat lanjut ke jenjang pernikahan 😏💸

Dengan gaji up to 8 juta dijamin bisa dapet persetujuan calon mertua. Yuk gabung jadi Driver Huling (Haus! Keliling). Bisa isi link yang ada di profile haus buat daftar! 🛵🤑

#infoloker #lokerjabodetabek #lokerjakarta #lokerhaus #lokerhauskeliling",https://www.tiktok.com/@haus.indonesia/video/7572165298535550216,,,neutral,2026-06-09T00:10:16.562160,4219,591,168,227400,0.0,7252,6132.4
tiktok,post,7537673831557729543,Liquiditas Banyak Ke Saham Asing #stockwise #andryhakim,https://www.tiktok.com/@clipperprofit/video/7537673831557729543,,,neutral,2026-06-09T00:10:22.163314,3819,778,110,119700,0.0,5904,5824.7
tiktok,post,7528283974188354822,"Dalam video yang beredar, tampak sekelompok siswa SMA dengan tertib menyimpan ponsel mereka ke dalam loker khusus sebelum pelajaran dimulai. Sekilas tampak sederhana, tapi langkah ini menyimpan pesan besar untuk mendidik anak muda dalam menggunakan teknologi dengan bijak.

Pihak sekolah tidak melarang siswa membawa HP, tapi mewajibkan mereka menyimpannya selama jam belajar berlangsung. Langkah ini menghindarkan gangguan dari notifikasi, membuka ruang konsentrasi, dan melatih tanggung jawab digital sejak dini.

Namun apakah metode ini konsisten dijalankan?
Apakah siswa benar-benar mematuhi aturan atau hanya melakukannya saat diawasi?

Pendidikan digital tak cukup hanya dengan aturan teknis. Ia butuh pemahaman kritis, pengawasan yang bijak, serta integrasi nilai etika dalam penggunaan teknologi. Jika sekolah bisa menjaga konsistensi dan membangun kesadaran siswa, maka ini bisa jadi salah satu bentuk literasi digital yang efektif.
 
Apakah sekolahmu sudah menerapkan hal serupa? Atau masih membiarkan siswa scroll TikTok di bawah meja?

Source : tiktok/@tlitamlinda.ls

#SekolahZamanNow #DisiplinDigital #BelajarDisiplin #BeWise",https://www.tiktok.com/@unteyo.journey/video/7528283974188354822,,,neutral,2026-06-09T00:10:45.560436,1795,1581,116,151600,0.0,5008,5456.6
tiktok,post,7602856721991634197,"yuh letsgo🚀 tek spill Hidden Gems sing ana ning Karangsinom kih cah💎 arane Kedai Kopi Lancar Barokah @Lancar Barokah Coffee Roaster 🥳 kosian tempate adem banget nggo nongkrong bari ngopi kih . jujur menu e rekomended lan ekonomis banget , cocok kih nggo Gen Z , tua , enom pada nongkrong 😁👌 cung sing dau weruh ? coba komen dibawah ‼️ gasskeuun langsung meng lokasi 🚀 #indramayupride🏴‍☠️ #indramayu #indramayutaiwan🇮🇩🇹🇼 #nongkrong #ngopi",https://www.tiktok.com/@mamandoglong/video/7602856721991634197,,,neutral,2026-06-09T00:10:10.167693,3373,612,188,127900,0.0,5452,5288.9
tiktok,post,7182829245025094939,Kalau bener proses unlock nya gk kek gini kejadian nya😂 #servicehp #vivoservice #SarimiIsi2LebihEnakBray #banjarmasin #fypシ #CantikGakAdaBatasan #banjar,https://www.tiktok.com/@teknisibongkarpasang/video/7182829245025094939,,,neutral,2026-06-09T00:10:48.282599,3164,223,292,213500,0.0,5814,4699.5
tiktok,post,7612516342394096914,"Jangan sampai tertipu dengan angka di atas kertas. Banyak UMKM yang terlihat sukses karena penjualannya tinggi, tapi akhirnya harus tutup karena masalah cash flow.
​Ingat pesan ini:
✅ Berpikir Struktural
✅ Bertindak Rasional
​Fokuslah pada keberlanjutan, bukan hanya pada penampilan luar yang terlihat besar. Bisnis yang kuat adalah bisnis yang bisa bertahan.
​#MentalPengusaha #EdukasiBisnis #UMKMNaikKelas #FinansialBisnis #OwnerUMKM",https://www.tiktok.com/@golden.birds67/video/7612516342394096914,,,neutral,2026-06-09T00:10:07.619324,2658,669,98,146900,0.0,4894,4436.9
tiktok,post,7601341079224438036,"Replying to @bishnubasnet8119 “नेपालबाट UAE रोजगारीका लागि अरू कम्पनी के–कस्तो job दिन्छन् भनेर जान्न चाहनुहुन्छ?
हल्लो गर्नुहोस् 👇 हामी सबै जानकारी share गर्नेछौं!”#FreeVisaInfo #DirectHiring #UAEJobs",https://www.tiktok.com/@manojnayak1342/video/7601341079224438036,,,neutral,2026-06-09T00:10:24.369656,3156,383,144,79300,0.0,4476,4433.3
tiktok,post,7627129351049432342,nouveautés chez action#explorer #pourtoiii #pourtoi #farance🇫🇷🇳🇵nepal,https://www.tiktok.com/@bonplantiktok40/video/7627129351049432342,,,neutral,2026-06-09T00:10:50.050688,1014,1662,11,48600,0.0,3173,4419.6
tiktok,post,7606863633762487572,Yang mau mampir di Kedai Mainan Bikin Lupa Gadget ada di CFD Alun-Alun Sidoarjo sampai jam 9 pagi aja ya🥰 #cfd #bazaar #alunalunsidoarjo #mainan #tokomainan,https://www.tiktok.com/@ochihandmade/video/7606863633762487572,,,neutral,2026-06-09T00:10:40.143818,2672,656,105,99600,0.0,4429,4398.6
tiktok,post,7604233738146401556,Jangan lupa mulai kumpulin uang untuk ngurus surat2 nya juga yah 🫰🏻,https://www.tiktok.com/@andriegiegie1/video/7604233738146401556,,,neutral,2026-06-09T00:10:25.984449,2391,757,57,98100,0.0,4186,4174.1
tiktok,post,7489447212578278663,"नबिल बैंकको अनलाइन खाता खोल्दा के के कागजात चाहिन्छ ?
#nabilbank #nbank #onlinebankaccount #TechPana",https://www.tiktok.com/@techpana/video/7489447212578278663,,,neutral,2026-06-09T00:10:27.253616,2943,353,49,87900,0.0,4224,3883.9
tiktok,post,7584093320721222932,"Macam mana kegunaan extra cashback ni jannah ? Jom jannah bantu !

#MOVACashback #ShoppingTips #Cashback #Tiktokshop #BelanjaDapatBalik",https://www.tiktok.com/@norijannahroslanofficial/video/7584093320721222932,,,neutral,2026-06-09T00:10:51.453120,1715,722,118,55700,0.0,3112,3568.7
tiktok,post,7555182656913149191,"Imo/whatsapp: +99363609367
#turkmenistan #kitay #foryoupage #sowda #keşfet",https://www.tiktok.com/@aspire_company/video/7555182656913149191,,,neutral,2026-06-09T00:10:26.294123,1512,718,150,77700,0.0,3157,3475.7
tiktok,post,7611066819759049991,Faham ke tak ni ? #hentakmarket #xauusd,https://www.tiktok.com/@zikhhentakmarket/video/7611066819759049991,,,neutral,2026-06-09T00:10:51.101199,2537,314,38,47300,0.0,3362,3326.3
tiktok,post,6936532530652794114,sudah berbusa kaga closing! ada yang ngalamin? #samasamadirumah #tiktokpintar #samasamabelajar #carajualan #salesindonesia #antoniusarif,https://www.tiktok.com/@antoniusarif/video/6936532530652794114,,,neutral,2026-06-09T00:10:35.681282,1423,815,40,75400,0.0,3032,3248.4
tiktok,post,7628882278596300040,#estehgomeiindonesia #fyppppppppppppppppppppppp #kedaigomei #liwatberanda #fypシ,https://www.tiktok.com/@mbaestehgomei/video/7628882278596300040,,,neutral,2026-06-09T00:10:26.620311,2860,112,13,92900,0.0,3914,3215.9
tiktok,post,7367320410062376197,Seller toped wajib tau info ini,https://www.tiktok.com/@youngtrepreneur.id/video/7367320410062376197,,,neutral,2026-06-09T00:10:18.105136,662,1068,84,130700,0.0,3121,3180.7
tiktok,post,7612152722799791381,"Perbandingan investasi saham dan buka usaha di F&B.

#investasisaham #fyp #trendingnow #kevinhendrawaninvesting #kevinhendrawan",https://www.tiktok.com/@kevinhendrawanclipper/video/7612152722799791381,,,neutral,2026-06-09T00:10:24.045780,2297,303,26,80600,0.0,3432,3061.6
tiktok,post,7621182470662229269,20 bisnis kecil perputaran cepat #ideusaha #idebisnis #idebisnisrumahan #bisnisviral #bisnispemula,https://www.tiktok.com/@sultandarilahir/video/7621182470662229269,,,neutral,2026-06-09T00:10:20.883664,2083,240,16,285400,0.0,5193,2896.4
tiktok,post,7603299063710158100,"Untuk ASN, urusan Nikah juga ada aturannya kawan

Syarat nikah ASN secara umum:
✔ Pernikahan harus sah secara hukum
✔ Setelah menikah wajib melapor ke instansi
✔ Data kepegawaian wajib diperbarui

Nah… khusus urusan poligami, aturannya JAUH lebih tegas:

ASN pria yang ingin beristri lebih dari satu
👉 WAJIB izin tertulis dari pejabat, dengan syarat:

Persetujuan tertulis dari istri sah

Penghasilan cukup menafkahi keluarga

Jaminan tertulis akan berlaku adil

Prosedur resmi melalui atasan

Tanpa izin = pelanggaran disiplin berat.

Dan untuk ASN wanita:
🚫 dilarang menjadi istri kedua/ketiga/keempat. #syaratnikah #asnpoligami",https://www.tiktok.com/@asnlite/video/7603299063710158100,,,neutral,2026-06-09T00:10:19.094005,659,838,58,156900,0.0,3124,2665.9
tiktok,post,7645929670642306324,PROMO STOCK TERBATAS JADI MANFAATKAN ‼️‼️,https://www.tiktok.com/@ohqueenkarangampel/video/7645929670642306324,,,neutral,2026-06-09T00:10:42.591108,1150,523,104,105900,0.0,2836,2613.9
tiktok,post,7615457269907459349,"Banyak yang kira buka usaha kuliner harus modal besar. Padahal jualan es potong bisa mulai dari modal sekitar 2 jutaan aja. Produksinya simpel, variannya banyak, dan kalau konsisten jualannya… banyak mitra yang sudah buktiin 1 bulan bisa nutup modal. Jadi kalau lagi cari usaha yang realistis buat mulai, ini salah satu yang lagi banyak dicoba. Detailnya aku taruh di bio ya 👀

#espotongsingapore #peluangusaha #usaha2jutaan #bisniskuliner #idejualan",https://www.tiktok.com/@uncle.fang.official/video/7615457269907459349,,,neutral,2026-06-09T00:10:25.658715,1277,371,149,129700,0.0,3094,2595.7
tiktok,post,7621214411100785938,Kenapa Timor-Leste pake Dollar?#fyppppppppppppppppppppppp,https://www.tiktok.com/@marcelino.dos.san971/video/7621214411100785938,,,neutral,2026-06-09T00:10:28.845105,1648,58,231,44800,0.0,2385,2501.8
tiktok,post,7524983343839038725,"How to Change Your VW Key Battery in 30 Seconds! (Polo, Golf, Vivo)
#VWKeyHack #VWTips #PoloDIY #GolfKeyBattery #PoloVivo #CarKeyBattery #VWLife #QuickFix #TikTokMotoring #CarTips #SouthAfricaCars #VWDIY #BatteryReplacement",https://www.tiktok.com/@wesreddy1/video/7524983343839038725,,,neutral,2026-06-09T00:10:14.986532,1346,397,51,163300,0.0,3427,2456.3
tiktok,post,7630966586513329416,#buku #rismon #jk #ijazahpalsu #viral,https://www.tiktok.com/@dutachamplads/video/7630966586513329416,,,neutral,2026-06-09T00:10:09.543630,1720,95,100,47800,0.0,2393,2257.8
tiktok,post,7626619574351432981,"Seller bangkrut karna cuma mikir perputaran CASHFLOW 1-2M per hari itu AMAN BANGETTTT
Margin 2-3% aman lahhh kan OMSET ku JUMBOOOOO🫨
Inget ga sih? Aku pernah cerita omset bersih ku sehari ratusan juta, tapi pas tarik data MINUS puluhan juta
Lah kok bisa ci??
Itu lah miss management marketing yg minim pemantauan
Darisitu aku belajar perbaiki cara kontrol penjualan, cara kontrol promosi, cara kontrol iklan all jobdesk marketing aku obrak abrik
🗣️ Butuh waktu brp lama ci?? 
👱🏻‍♀️ Hitungan tahun
Hahahaha memperbaiki itu lebih susah daripada bangun sesuatu yang baru
Jaman kalian mah enak, pusing penjualan tinggal serahin ke ciciKELOLA, semua udah diatur minim resiko kerugian
Jadi jangan pernah mikir secara jangka pendek OMSET jumbo PROFIT pasti jumbo
Belom TENTU 😊
#omset #management #onlineshop #bisnisonline #businessonline",https://www.tiktok.com/@mellycandrawan/video/7626619574351432981,,,neutral,2026-06-09T00:10:11.145470,1277,332,64,67800,0.0,2351,2200.8
tiktok,post,7631743815824444693,Replying to @🧿 Naway makatulong.,https://www.tiktok.com/@bayti_ph/video/7631743815824444693,,,neutral,2026-06-09T00:10:44.104954,1378,221,94,77000,0.0,2463,2179.0
tiktok,post,7645998117367598354,"Membalas @te.astuti putra sudah kehabisan modal gara2 pesanan nya di batalkan oleh ibu Eda senilai Rp 1,8 juta 😭😭😭😭#fyp #fypシ゚ #fypage",https://www.tiktok.com/@yohend.martin54/video/7645998117367598354,,,neutral,2026-06-09T00:10:10.800913,1579,56,79,160500,0.0,3319,2088.5
tiktok,post,7630135958473608455,"Cara bulat doh roti canai......

@Pusat Pungutan Zakat - MAIWP",https://www.tiktok.com/@mpdmurtabaktebalseincikl/video/7630135958473608455,,,neutral,2026-06-09T00:10:29.753426,1082,353,54,33400,0.0,1823,1983.4
tiktok,post,7591765570576600328,Jual atau Hold Saat saham Turun apa yang harus dilakukan #fyp #andryhakim #investasi #stockwise #trading #saham #mindset,https://www.tiktok.com/@smartsaham_/video/7591765570576600328,,,neutral,2026-06-09T00:10:07.300979,1439,74,54,71000,0.0,2277,1820.0
tiktok,post,7575422012726840584,#onthisday Tarik papan sorong papan #pantun,https://www.tiktok.com/@_mailduasinggit_/video/7575422012726840584,,,neutral,2026-06-09T00:10:38.440499,610,536,30,34700,0.0,1523,1806.7
tiktok,post,7637098572143512839,Replying to @dielaadela okay ke harga ni?,https://www.tiktok.com/@abangjeram/video/7637098572143512839,,,neutral,2026-06-09T00:10:42.213785,645,418,46,27900,0.0,1388,1646.9
tiktok,post,7628520201725824264,#aabaabow ababoww#lyracs #@BANA MUSIC LYRICS🎼🎻🎷🎧 @Shaadiyo Sharaf @Zakaa__ lyracs 💗🫶🏻🫀 @SULDAAN SEERAAR GUHAAD @Maki-Haaji @Ismacil danan official 🎼,https://www.tiktok.com/@zakimohalyracs/video/7628520201725824264,,,neutral,2026-06-09T00:10:26.950315,1138,197,7,31000,0.0,1652,1584.0
tiktok,post,7500248252063714568,"Replying to @Rooo dari gua sih ini, kalo dr yg lain monggo sharing 🙏🏻

#kesalahankedaikopi #gagal #cashflow",https://www.tiktok.com/@unclejokopi/video/7500248252063714568,,,neutral,2026-06-09T00:10:09.231939,1103,103,40,27200,0.0,1518,1456.2
tiktok,post,7353467467882188038,Pilih CASH atau PROFIT? #wanitakarir #bisniswanita #tipsbisnis #keuanganbisnis #hidupentrepreneur #tipskeuangan,https://www.tiktok.com/@kelspatriciaa/video/7353467467882188038,,,neutral,2026-06-09T00:10:08.264481,1139,43,28,20400,0.0,1414,1329.4
tiktok,post,7628718215530614037,Certificato A2 #AkkuVibe #fypシ゚ #viralvideo,https://www.tiktok.com/@akkuvibes/video/7628718215530614037,,,neutral,2026-06-09T00:10:51.804956,923,158,12,34100,0.0,1434,1309.1
tiktok,post,7573507156943637767,"tarik tunai uang hk dengan atm bni 🤝🤪 di admiralty exit B..
#fypシ゚viral #atmbnihongkong #bnihongkong #hongkongindonesia🇭🇰🇮🇩 #bniadmiralty",https://www.tiktok.com/@srikandi_duadua/video/7573507156943637767,,,neutral,2026-06-09T00:10:17.491493,721,87,110,27100,0.0,1189,1252.1
tiktok,post,7648164869471997205,"cara multiple tab di laptop, menggunkan browser firefox, chrome dan microsoft edge (untuk chrome aku login akun) untuk yg lain engga. #btsinjakarta2026 #fyp #tiketkonser #bts #konser",https://www.tiktok.com/@justonlyput22/video/7648164869471997205,,,neutral,2026-06-09T00:10:37.750596,733,170,32,21000,0.0,1145,1190.0
tiktok,post,7646664837073784084,Eps skill test manufacture tarfa ko medical ko notice kahile auucha hola ta?#creatorsearchinsights #fyp,https://www.tiktok.com/@ranagoviral/video/7646664837073784084,,,neutral,2026-06-09T00:10:43.419792,774,61,43,14300,0.0,1021,1039.3
tiktok,post,7581413060892544263,Bu sefer bizde aldık :) #fyppppppppppppppppppppppp,https://www.tiktok.com/@borsanotlarimm/video/7581413060892544263,,,neutral,2026-06-09T00:10:34.235338,507,49,100,59100,0.0,1247,964.1
tiktok,post,7577194262299675911,Closing terjadi jika ada Trust dan Needs serta ada daya beli prospek. Industri network marketing tidak berubah hanya prilaku customer yang berubah. #networkmarketing #leadership #selling #networkmarketingtips #sisigelapnetworkmarketing,https://www.tiktok.com/@indrajayapurba/video/7577194262299675911,,,neutral,2026-06-09T00:10:22.472034,484,162,46,9290,0.0,784,955.29
tiktok,post,7628640925471886614,💰🌻🚀how much money should I keep in my business??💰🚀🌻##businesstips #thebosspartnership #growyourbusiness #lichfield,https://www.tiktok.com/@bosspartnership/video/7628640925471886614,,,neutral,2026-06-09T00:10:37.082551,525,114,28,49000,0.0,1157,886.0
tiktok,post,7519451005944122631,"Ketika Customer ingin untung tapi malah merugikan seller. Kelewatan sih ini 😤😤

Ada yang pernah mengalami hal yang sama? Yuk komen dibawah 👇🏻👇🏻

#nodatanopinter #Pantangmenyerah #seller #sellercore #news #sellernews #sellerupdate",https://www.tiktok.com/@datapinterofficial/video/7519451005944122631,,,neutral,2026-06-09T00:10:34.975821,240,68,131,24700,0.0,686,793.7
tiktok,post,7645124891271777557,Perbedaan bank sampah dengan usaha rongsokan,https://www.tiktok.com/@banksampahsariasri/video/7645124891271777557,,,neutral,2026-06-09T00:10:18.779482,410,96,43,14700,0.0,696,745.7
tiktok,post,7496759176971029766,Soldout❌  #kontrakan,https://www.tiktok.com/@ibuk_dayyan/video/7496759176971029766,,,neutral,2026-06-09T00:10:34.576195,332,64,72,27300,0.0,741,703.3
tiktok,post,7580621157150264594,Kos Ready Lokasi Mojokerto #fyppppppppppppppppppppppp #kosmojokerto #kos #koskeluarga #mojokerto24jam,https://www.tiktok.com/@taurus.girl29.4/video/7580621157150264594,,,neutral,2026-06-09T00:10:23.720231,301,123,35,30300,0.0,762,682.3
tiktok,post,7643938849143491857,KREDIVO & AKULAKU JADI NOMOR 1 PAYLATER PALING BERBAHAYA DI  2026?#tiktokviral #fintech #galbaypinjol #pinjol #masukberanda,https://www.tiktok.com/@fintech.id17/video/7643938849143491857,,,neutral,2026-06-09T00:10:28.528784,252,141,38,23600,0.0,667,671.6
tiktok,post,7608331079979715862,"F80 M3🔥
🎮| Fix It Up
—
#f80m3 #fixituproblox #fixitup #bmw #roblox",https://www.tiktok.com/@bowzzo/video/7608331079979715862,,,neutral,2026-06-09T00:10:15.301987,390,19,73,18400,0.0,666,665.4
tiktok,post,7646995528349355284,"As Brad says, when securing your business or house, please ensure that you lock and secure all doors and windows. It's a very simple step to help keep your property secure!

#supportlocal #community #ymca #fyp",https://www.tiktok.com/@kcsecurityofficial/video/7646995528349355284,,,neutral,2026-06-09T00:10:46.935190,388,54,40,10100,0.0,583,626.1
tiktok,post,7614851804345535764,"Shkallë Tavani – zgjidhje praktike për çdo shtëpi 

Tash në dispozicion edhe me dimenzion të veçantë 60 × 94 cm, ideale për hapësira më të vogla ku kërkohet funksionalitet dhe kursim i vendit.

✔️ Hapje dhe mbyllje shumë e lehtë
✔️ Kursen hapësirë në shtëpi
✔️ Material cilësor dhe i qëndrueshëm
✔️ Zgjidhje praktike për dalje në tavan

Nëse keni hapësirë më të vogël për tavan, kjo është zgjidhja perfekte për ju.

📞 Info & Porosi: 044 864 670
📍 NTP VLERA – Gjilan, te tregu i veturave

#fyp #viral #shkalletetavanit #ndertim #shtepi",https://www.tiktok.com/@vlera.sh.p.k/video/7614851804345535764,,,neutral,2026-06-09T00:10:31.026009,271,88,10,95400,0.0,1323,572.4
tiktok,post,7628938801083108616,"Sudah pecah telur ekspor? Congrats 🎉👏 

Tapi tugasmu belum selesai. Untuk naik level, kamu harus punya strategi:
- Buyer repeat order
- Buyer beli qty makin banyak
- Buyer2 baru di negara baru

Mau bangun bisnis ekspor di 2026? absen di komen

#ekspor #eksportir #BisnisEkspor #eksporindonesia  #nicholasdennis",https://www.tiktok.com/@nicholas.dennis/video/7628938801083108616,,,neutral,2026-06-09T00:10:11.485921,454,19,10,7454,0.0,557,529.454
tiktok,post,7639514668230249736,Semua barang jualan rugi besar-besaran!!!,https://www.tiktok.com/@xf001store/video/7639514668230249736,,,neutral,2026-06-09T00:10:38.106907,342,30,6,94400,0.0,1322,514.4
tiktok,post,7648317509153623317,"Zaman sekarang dikatakan survival mode,
Dolar naik, inflasi naik, dompet mode defense,
Kalo dibilang berdarah, sudah pasti iya,
Apalagi yg punya usaha kecil dan menengah.

Oleh karena itu, kita harus siap sedia,
Segera persiapan jangan harap kondisi reda,
Bukan cuma cashflow yg perlu dijaga,
Tapi cadangan dan urusan pajak juga perlu ditata.

Market jelek, market bagus,
Ada siklusnya,
Harapan bisnis bagus,
Tetap ada,
Setidaknya saat sekarang belajar banyak,
Kelah bisa ubah jadi peluang nyata.

Setuju?
Share bila berguna, skip bila tidak yah.

#resesiekonomi #survivalmodeon #cashflowbisnis #adaptasibisnis #fypシ゚viral🖤tiktok",https://www.tiktok.com/@kokoricky/video/7648317509153623317,,,neutral,2026-06-09T00:10:13.384169,97,194,5,9778,0.0,393,509.778
tiktok,post,7606202437141040392,"Market lagi sepi bukan berarti kita harus berhenti.
Justru fase berat ini yang ngebentuk mental sales & pengusaha jadi lebih kuat.
Kalau hari ini belum closing, perbaiki strategi, bukan menyerah.
Semangat buat semua pejuang penjualan hari ini 💪
#MotivasiSales #MotivasiPengusaha #SalesIndonesia #PejuangClosing #BisnisHarian",https://www.tiktok.com/@sipedagang/video/7606202437141040392,,,neutral,2026-06-09T00:10:09.862070,192,147,2,9751,0.0,438,501.751
tiktok,post,7271174264651353350,"Tips banjir closingan yang udah aku praktek-in dari dulu guys.
Siapa nih disini yang masih susah banget buat closingan jualannya?
Komen dibawah yaa. Nanti akan aku coba jawab satu-satu👌

#zanabdullah #jualanonline #idejualanonline #caraclosingjualan #closing",https://www.tiktok.com/@zan.abdullah/video/7271174264651353350,,,neutral,2026-06-09T00:10:24.722599,352,30,5,25400,0.0,641,452.4
tiktok,post,7585952841437695252,if malam2 lapar di negara 🇧🇳#tiktokerbrunei🇧🇳 #viralbrunei #bruneidarussalam🇧🇳 #nasikatokbrunei #nasikatokwestpark #pmibrunei🇧🇳indonesia🇮🇩 #rinarantau #gadong,https://www.tiktok.com/@rinarantau_20.22/video/7585952841437695252,,,neutral,2026-06-09T00:10:38.787714,242,27,25,22700,0.0,521,393.7
tiktok,post,7600393548533337352,"_""Closing (penutupan penjualan) yang efektif sangat bergantung pada kepercayaan diri yang tinggi, karena keraguan penjual akan dirasakan oleh pelanggan. Membangun kepercayaan diri melibatkan pola pikir positif, mengenali kelebihan diri, berpenampilan rapi, dan bersikap tegas. Teknik closing yang baik berfokus pada solusi, bukan masalah, serta memahami pelanggan_""

#naturaworld
#bisnisantirugi
#suksesbersama
#naturaworldindonesia
#naturaworldofficial",https://www.tiktok.com/@yenniyunismar/video/7600393548533337352,,,neutral,2026-06-09T00:10:06.980055,95,13,85,590,0.0,198,376.59
tiktok,post,7553800841988181261,Replying to @Mystic Nepal I’m an open book brother #gasstation #business #lease #pasanglama,https://www.tiktok.com/@pasang.lama.ceo/video/7553800841988181261,,,neutral,2026-06-09T00:10:21.851018,270,14,11,10800,0.0,403,341.8
tiktok,post,7642685318008671495,"seiring dengan dinamika dan kondisi yang ada di tempat ini, demi menjaga kelangsungan usaha serta tetap dapat memberikan pelayanan terbaik dan kenyamanan bagi Bapak/Ibu sekalian, kami memutuskan untuk melanjutkan langkah usaha ini ke lokasi yang baru. Keputusan ini kami ambil dengan pertimbangan yang matang, agar ke depannya kami dapat terus hadir secara konsisten dan terpercaya.

#jualan #martabakmini #manis",https://www.tiktok.com/@ismat2337/video/7642685318008671495,,,neutral,2026-06-09T00:10:19.825587,283,11,6,1539,0.0,315,324.539
tiktok,post,7557285056310480140,"Yang bingung tukar uang rupiah ke dolar,, bisa pakek atm BNI ya.. tarik nya dolar..buka 24jam di admiralty exit B.. ATM BNI DI HONGKONG
#bnihongkong #ATMBNIADMIRALTY #ATMBNIHONGKONG #xyzbcafypシ #livehighlights",https://www.tiktok.com/@srikandi_duadua/video/7557285056310480140,,,neutral,2026-06-09T00:10:39.812932,229,10,22,8937,0.0,350,323.937
tiktok,post,7641957812041534742,"Felnőtt márkás sportcipők 👟
4200ft/kg🧨
Írj,vagy hívj és add le rendelésed!🤝😉
#használtruha #sportcipő #használtruhabolt #secondhandfashion #használtruhanagykereskedés",https://www.tiktok.com/@ricotex.hasznaltruha/video/7641957812041534742,,,neutral,2026-06-09T00:10:15.938496,173,40,14,24100,0.0,468,319.1
tiktok,post,7558584617159183672,"New stock available! 
Prices vary.

Check us out at Ramsingh's Plaza 1, Chaguanas!
WhatsApp us at 752-8282!

#keycutting #securitydoorlock 
#locksmiths",https://www.tiktok.com/@as.key.centre/video/7558584617159183672,,,neutral,2026-06-09T00:10:48.617817,152,37,4,30900,0.0,502,268.9
tiktok,post,7644886174850419989,"[New Product Release] Blokees Ultraman Classic Combo Version Kidsland Exclusive 
 Release Date : 23/05/2026

Exclusive set product for Kidsland(Offline Shop Only)(BERMAKSUD HANYA DI KEDAI KIDSLAND SAHAJA YANG ADA✌️)

Include 5+ Character 
1.Ultimate Shining Zero (Shing Ultimate Zero Clear Color)
2. Ultraman Z Deathcium Delta Rise-Claw (Clear Color)
3. Ultraman Orb Trinity Golden Clear
4. Ultraman Geed Ultimate Final(GV14 Secret Color)
5. Ultraman X + Gomora Armor (Hi Quality Painting) can be switch normal and armor#blokees #blokeesultraman #xybca #suhairisaiyan #fyp",https://www.tiktok.com/@suhairisaiyanex2/video/7644886174850419989,,,neutral,2026-06-09T00:10:28.208403,170,21,15,4826,0.0,254,261.826
tiktok,post,7432582686310436114,‘Your PC needs to be backed up and connected to a few more Microsoft services’ No it doesn’t #microsoft #windows,https://www.tiktok.com/@rossritchieau/video/7432582686310436114,,,neutral,2026-06-09T00:10:47.958858,148,7,21,31400,0.0,490,256.4
tiktok,post,7297041348199337222,"cara dapetin cuan, setelah tiktokshop di tutup #five_management #fivemanagement #agencystreamingtiktok #serunyabelajar",https://www.tiktok.com/@rima.regina/video/7297041348199337222,,,neutral,2026-06-09T00:10:16.866268,143,27,7,5283,0.0,229,223.283
tiktok,post,7369407936935841029,"Salah satu yang bikin warung rugi yaa ini nih..

#NgeWarungYuk #TipsWarung #warungkelontong",https://www.tiktok.com/@rendy.artra/video/7369407936935841029,,,neutral,2026-06-09T00:10:14.368779,188,3,3,19900,0.0,393,222.9
tiktok,post,7630313168413183253,"Oper Kredit Rumah – LANGSUNG HUNI!
3 Hari Serah Terima Kunci
Tanpa BI Checking • Includ Notaris 

⸻

Discripsi Rumah
- Luas tanah 60
- luas bangunan 30 ( uda di renov )
- angsuran 1,3 flat 
- tenor 15 tahun
- sudah masuk 3 tahun

Tanpa BI checking, tetap aman karena dilakukan melalui notaris resmi.
Unit terbatas, siapa cepat dia dapat.

Segera hubungi sekarang sebelum unit terjual.
Kesempatan memiliki rumah tanpa proses rumit tidak datang dua kali. Wa mimin sekrng juga ya ..!!😊

087888100018
087888100018
087888100018

#rumahdijual #rumahsubsidi #operkreditrumah #rumahcileungsi #rumahmurah",https://www.tiktok.com/@juraganoperkredit/video/7630313168413183253,,,neutral,2026-06-09T00:10:12.443806,109,25,18,8835,0.0,240,221.835
tiktok,post,7538387886677314824,"📍Pandan Mewah, Ampang Malaysia 🇲🇾✨

salah satu tempat perniagaan yang di malaysia 

#kedairuncit 
#ampang 
#malaysiatiktok 
#acehviral 
#aceh",https://www.tiktok.com/@bisayukexplore/video/7538387886677314824,,,neutral,2026-06-09T00:10:37.422206,140,19,9,14700,0.0,315,219.7
tiktok,post,7598801379292957972,"Bisnis online shop sangat bagus jika punya data analisa yg matang, SEMANGAT 💪🏻

#storytelling #education #onlinebusiness #businessonline #analisis",https://www.tiktok.com/@mellycandrawan/video/7598801379292957972,,,neutral,2026-06-09T00:10:13.755248,135,23,10,8229,0.0,250,219.229
tiktok,post,7593609129185398017,"Raksasa furnitur asal Swedia, IKEA, mengumumkan akan menutup 7 toko berukuran besar di China mulai Februari 2026. Langkah ini bukan penarikan total, melainkan penyesuaian strategi bisnis di tengah melemahnya daya beli masyarakat dan krisis sektor properti.

Toko-toko yang akan ditutup tersebar di kota-kota besar seperti Shanghai, Guangzhou, Tianjin, Nantong, Xuzhou, Ningbo, dan Harbin. Lesunya pasar properti membuat permintaan furnitur rumah tangga ikut turun, diperparah ketidakpastian ekonomi global dan perubahan perilaku belanja konsumen.

Sebagai gantinya, IKEA akan beralih ke format toko kecil dan kanal digital. Dalam dua tahun ke depan, mereka berencana membuka belasan toko berukuran kecil di Beijing dan Shenzhen, sekaligus memperkuat penjualan online lewat website, aplikasi, serta platform e-commerce seperti Tmall dan JD.com. Strategi ini juga untuk menghadapi persaingan ketat dari ritel lokal China yang menawarkan harga lebih murah dan pengiriman lebih cepat.

Menariknya, meski penjualan melemah, gerai IKEA di China tetap ramai pengunjung. Fenomena unik yang sudah berlangsung lebih dari satu dekade adalah kebiasaan warga tidur, rebahan, atau sekadar bersantai di display IKEA. Bagi banyak orang, IKEA bukan hanya tempat belanja, tapi ruang publik ber-AC gratis untuk istirahat dan mencoba produk langsung. Meski sempat dilarang, praktik ini masih terus berlangsung dan dianggap sebagai bagian dari budaya sosial.

Toko mungkin tutup, tapi cerita IKEA di China jelas belum selesai.

#IKEA #China #KrisisProperti #EkonomiGlobal #Retail #BisnisInternasional #FenomenaSosial #ViralGlobal",https://www.tiktok.com/@roemahpalapa/video/7593609129185398017,,,neutral,2026-06-09T00:10:13.075907,149,15,3,14500,0.0,312,202.5
tiktok,post,7288277597186772230,"Langsung happy dapat kabar seperti ini

#iBoss #iBoomingSohibTikTok #affiliasitiktokbersamaibooming #iBooming #brand #creator #tiktokshoptutup #kamiumkmditiktok",https://www.tiktok.com/@iboomingofficial/video/7288277597186772230,,,neutral,2026-06-09T00:10:18.448009,120,5,9,14800,0.0,282,171.8
tiktok,post,7615587082462924053,Membalas @muhammadrieckyche konten review barang✨,https://www.tiktok.com/@tokogarudagrosir/video/7615587082462924053,,,neutral,2026-06-09T00:10:33.912413,56,15,23,7624,0.0,170,162.624
tiktok,post,7288195652260056325,"Setelah tiktok shop di tutup, sekarang viral Shopee dan lazada suruh di tutup juga #tiktokshopditutup #infoterkini #infoterbaru #marketplaceditutup",https://www.tiktok.com/@marnolc/video/7288195652260056325,,,neutral,2026-06-09T00:10:31.668865,39,3,34,814,0.0,84,147.814
tiktok,post,7588135384819780884,"Hurmmm J&T please take note ye...
nk peram berapa lama lg barang kt GATEWAY MELAKA tu 🙄🙄🙄",https://www.tiktok.com/@siti_nor_ain96/video/7588135384819780884,,,neutral,2026-06-09T00:10:36.752427,87,1,16,6961,0.0,173,143.961
tiktok,post,7647553544219872534,"You had to be there... 😁 pruh pruh pruuuh

#50cent #nostalgia #getrichordietryin",https://www.tiktok.com/@gymladen/video/7647553544219872534,,,neutral,2026-06-09T00:10:12.758763,106,8,6,1564,0.0,135,141.564
tiktok,post,7624029229700746517,"Important Notice: ‼️🚨 
Beware of the fraudulent website “ayurvediic.shop “.
They are selling cheap counterfeit copies of our products and have illegally printed our contact number. 
❌We have no connection to this site and are not responsible for any scams or fraud they commit. 
To order authentic products, only use our official website: 🌍 organicpicks.shop
✅Stay safe and always #verify you’re shopping with us directly. 

#Fake products #fakewebsites
#viralvideo #fyp",https://www.tiktok.com/@organicpickssofficial/video/7624029229700746517,,,neutral,2026-06-09T00:10:31.354879,61,20,8,8620,0.0,175,133.62
tiktok,post,7554161350172282143,the worst shipping company I have ever had to put up with all you when call is the run around #gofo,https://www.tiktok.com/@bruceallengreen/video/7554161350172282143,,,neutral,2026-06-09T00:10:39.165197,75,1,7,17100,0.0,254,115.1
tiktok,post,7379293101992578310,"Dengan adanya input laporan diexcel setiap tutup konter, kita bakalan tau kalo ada uang yang minus ataupun plus, yukk saling sharing, kalo kamu closingannya seperti apa? Coba jawab dikomentar ya guys #konterhandphone #konterpulsa #investasi #business #xybca #brilink #accessories",https://www.tiktok.com/@pondok.link/video/7379293101992578310,,,neutral,2026-06-09T00:10:14.066395,85,1,5,5955,0.0,150,107.955
tiktok,post,7562442356625067284,"ini macam punah boleh kerja ka 🤣🐸
#malaysiatiktok #funnyvideos #bangladesh🇧🇩 #kerja #foryou",https://www.tiktok.com/@afran.raz.rasel/video/7562442356625067284,,,neutral,2026-06-09T00:10:47.609339,57,10,6,5213,0.0,125,100.213
tiktok,post,7644739404271078664,"perlu atur strategi jika membuka usaha, jangan sampai gagal..✅〽️#creatorsearchinsights 
#jangkauanluas 
#warungsembako 
#foryou",https://www.tiktok.com/@zefanyaanya15/video/7644739404271078664,,,neutral,2026-06-09T00:10:14.666197,54,7,5,14200,0.0,208,97.2
tiktok,post,7591511420018117908,Ada Emergency Jangan Rupa Anson#fyp #fyppppppppppppppppppppppp #pinjamanberlesen #loan #pinjaman,https://www.tiktok.com/@financial.anson/video/7591511420018117908,,,neutral,2026-06-09T00:10:49.688943,53,8,6,7990,0.0,146,94.99
tiktok,post,7530269484364352774,"Target profit boleh aja,
tapi target batas rugi itu wajib.

Kalau lo cuma mikirin cuan,
market bisa nge-prank kapan aja.

Yang disiplin nentuin batas rugi,
biasanya justru yang tahan lama di market.

Lo sendiri, udah punya limit buat rugi?
Atau masih ngejar cuan tanpa rem?

#investorsaham #pasarmodal #ngertisaham #investasi #ihsg",https://www.tiktok.com/@waterfrontsekuritas/video/7530269484364352774,,,neutral,2026-06-09T00:10:50.406258,67,2,2,1276,0.0,83,78.276
tiktok,post,7646084373124631809,"Available 

#viralreels #videoviral #viralvideo #viraltiktok",https://www.tiktok.com/@dr.fold/video/7646084373124631809,,,neutral,2026-06-09T00:10:49.026964,59,0,5,2280,0.0,86,76.28
tiktok,post,7631863336459668756,"Genuenly how do I fix this it keeps on happening. 
This is Xbox if you can’t tell.
The situation is fxcked
I am no longer in the us 
#xbox #xboxglitch  #xboxkeyboard",https://www.tiktok.com/@yukoruwxudi/video/7631863336459668756,,,neutral,2026-06-09T00:10:45.896369,45,0,8,4961,0.0,102,73.961
tiktok,post,7553507923247254796,Membalas @gunawandwiii_,https://www.tiktok.com/@kedaiburung.offic/video/7553507923247254796,,,neutral,2026-06-09T00:10:40.472019,33,2,8,6022,0.0,103,67.022
tiktok,post,7285686388530482438,kenapa harus tutup tiktok 😢😢 #tiktokshop #tiktoktutup,https://www.tiktok.com/@fiona.laiba3/video/7285686388530482438,,,neutral,2026-06-09T00:10:23.081410,41,3,1,2428,0.0,69,52.428
tiktok,post,7612949818008210709,"""Gak Nyangka! Bisnis Iben Lagi Rame Malah Tutup?

#Ibenma #livechallengeiben",https://www.tiktok.com/@ovic_clipp/video/7612949818008210709,,,neutral,2026-06-09T00:10:36.355505,34,2,0,4873,0.0,84,42.873
tiktok,post,7541885744550251790,🔥fire vayara aja hamro store 3 pm to 5 pm  close garna parekoma sorry vanna chahanxau aba 5 pm bata open hunxa hai 🙏🙏🙏🙏571-342-9601,https://www.tiktok.com/@sanjucollection/video/7541885744550251790,,,neutral,2026-06-09T00:10:20.140487,30,1,1,7321,0.0,105,42.321
tiktok,post,7576582096873934101,"Baru membuka usaha, namun pembeli tidak ada yang tertarik untuk beli.
Ini pasti sering dialami oleh pedagang yang baru memulai usaha.
Lalu apa yang dilakukan klien Abah Romdhoni ini, semoga bisa menjadi solusi juga untuk Anda.
#pelarisandagang #penglarisdagangan #penglarisdagang #pelarisdagangan #jualanlarismanis #jualansepibanget #banyakpembeli #pembeli #mustikapenglaris",https://www.tiktok.com/@konsultan.pelarisan/video/7576582096873934101,,,neutral,2026-06-09T00:10:25.043628,26,1,2,2740,0.0,56,36.74
tiktok,post,7641047166286449940,"Kamu butuh uang mendesak? Gunakan IVOJI!!
Pinjaman yang legal sudah pasti IVOJI sudah diawasi OJK 🥰✅

✅ Limit mulai dari 10.000.000
✅ Jangka pinjaman mulai dari 12 bulan
✅ Tanpa jaminan dan biaya layanan
✅ Hanya 5 menit untuk pencairan

Klik tautan diawah untuk mendaftar sekarang juga
🤩🤩👇 ivojiid.onelink.me/ypc0/fu8b43ix",https://www.tiktok.com/@idivoji/video/7641047166286449940,,,neutral,2026-06-09T00:10:30.710715,7,0,7,1009,0.0,24,29.009
tiktok,post,7643843320300440840,"📍 Closed : 27 Mei 2026 (Rabu) – 28 Mei 2026 (Khamis)
⏰ Closed early at 8PM on 26 Mei 2026 (Selasa)

Kami akan kembali beroperasi pada
📅 29 Mei 2026 (Jumaat)

Selamat Hari Raya Aidiladha ❤️",https://www.tiktok.com/@farahmalatang/video/7643843320300440840,,,neutral,2026-06-09T00:10:45.182221,5,8,2,1807,0.0,33,28.807
tiktok,post,7618911253913931029,"❗️We will be CLOSED for Aidilfitri Holidays from Tomorrow 20/3/26 until 24/3/26❗️

We will back in business starting 25/3/26 (Wednesday) 🫶🏻

📍Waze : Elly Mellie Cafe, Jalan Bharu, Penang

📞+60 11 5551 1863

AFTER RAYA BUSINESS HOUR :

12pm - 11am 

#muslimowned #halal #penangfoodie #ellymelliecafe #cafepenang",https://www.tiktok.com/@ellymelliecafe/video/7618911253913931029,,,neutral,2026-06-09T00:10:39.498068,18,2,0,2280,0.0,42,24.28
tiktok,post,7616350243235450134,shop closing#viral #viral #viral #viral #viral,https://www.tiktok.com/@hm.nomanbashir/video/7616350243235450134,,,neutral,2026-06-09T00:10:49.364850,19,0,1,635,0.0,26,22.635
tiktok,post,7607891448318512406,"Gym owners in Dubai 👋

New sign-ups pay the bills.
Retention grows your business.

The problem?

Members quit when there’s no connection, no motivation, no follow-up.

There’s a smarter way to keep your members engaged — automatically, without ads and without manual chasing.

We’re opening early access for a few gyms in the UAE to test our AI-powered loyalty system for free.

👇 Join the waitlist (only a 100 spots available!)

#DubaiFitnessBusiness
#GymOwnersDubai
#BusinessInDubai
#FitnessEntrepreneur
#gymmarketing",https://www.tiktok.com/@shopivibes_ai/video/7607891448318512406,,,neutral,2026-06-09T00:10:46.599299,8,0,0,7317,0.0,81,15.317
tiktok,post,7512266078236478738,#closing #down #business #sale,https://www.tiktok.com/@hoonar_collections/video/7512266078236478738,,,neutral,2026-06-09T00:10:30.387632,12,0,0,389,0.0,15,12.389
tiktok,post,7647872366223068424,"Many business owners only look at their finances when money becomes tight.

But financial clarity should not be an emergency tool.

Knowing your income, expenses, and profit helps you make better decisions before problems arise.

The Cashflow Clarity Journal was designed to help small businesses stay informed, organised, and in control.

1️⃣2️⃣0️⃣0️⃣ DM  to order. #creatorsearchinsights #fypkenya #moneymanagement",https://www.tiktok.com/@cashflowclarityke/video/7647872366223068424,,,neutral,2026-06-09T00:10:46.229851,5,0,0,460,0.0,9,5.46
tiktok,comment,7600393548533337352_comment_0,"Perbaiki
Mind Set dan Mentalitas",,https://www.tiktok.com/@yenniyunismar/video/7600393548533337352,7600393548533337352,neutral,2026-06-09T00:10:07.300841,0,0,0,0,0.0,0,
tiktok,comment,7600393548533337352_comment_1,di posisi inilah sales di tempa integritas dan loyalitas nya terhadap produk maupun perusahaan yang di layani nya.💪🔥🫵,,https://www.tiktok.com/@yenniyunismar/video/7600393548533337352,7600393548533337352,neutral,2026-06-09T00:10:07.300863,0,0,0,0,0.0,0,
tiktok,comment,7591765570576600328_comment_0,"Perbaiki
Mind Set dan Mentalitas",,https://www.tiktok.com/@smartsaham_/video/7591765570576600328,7591765570576600328,neutral,2026-06-09T00:10:07.619157,0,0,0,0,0.0,0,
tiktok,comment,7591765570576600328_comment_1,di posisi inilah sales di tempa integritas dan loyalitas nya terhadap produk maupun perusahaan yang di layani nya.💪🔥🫵,,https://www.tiktok.com/@smartsaham_/video/7591765570576600328,7591765570576600328,neutral,2026-06-09T00:10:07.619179,0,0,0,0,0.0,0,
tiktok,comment,7612516342394096914_comment_0,"Perbaiki
Mind Set dan Mentalitas",,https://www.tiktok.com/@golden.birds67/video/7612516342394096914,7612516342394096914,neutral,2026-06-09T00:10:07.933187,0,0,0,0,0.0,0,
tiktok,comment,7612516342394096914_comment_1,di posisi inilah sales di tempa integritas dan loyalitas nya terhadap produk maupun perusahaan yang di layani nya.💪🔥🫵,,https://www.tiktok.com/@golden.birds67/video/7612516342394096914,7612516342394096914,neutral,2026-06-09T00:10:07.933224,0,0,0,0,0.0,0,
tiktok,comment,7528677190855101701_comment_0,"Perbaiki
Mind Set dan Mentalitas",,https://www.tiktok.com/@tekyang88/video/7528677190855101701,7528677190855101701,neutral,2026-06-09T00:10:08.264321,0,0,0,0,0.0,0,
tiktok,comment,7528677190855101701_comment_1,di posisi inilah sales di tempa integritas dan loyalitas nya terhadap produk maupun perusahaan yang di layani nya.💪🔥🫵,,https://www.tiktok.com/@tekyang88/video/7528677190855101701,7528677190855101701,neutral,2026-06-09T00:10:08.264341,0,0,0,0,0.0,0,
tiktok,comment,7353467467882188038_comment_0,"Perbaiki
Mind Set dan Mentalitas",,https://www.tiktok.com/@kelspatriciaa/video/7353467467882188038,7353467467882188038,neutral,2026-06-09T00:10:08.577336,0,0,0,0,0.0,0,
tiktok,comment,7353467467882188038_comment_1,di posisi inilah sales di tempa integritas dan loyalitas nya terhadap produk maupun perusahaan yang di layani nya.💪🔥🫵,,https://www.tiktok.com/@kelspatriciaa/video/7353467467882188038,7353467467882188038,neutral,2026-06-09T00:10:08.577354,0,0,0,0,0.0,0,
tiktok,comment,7620063825076768022_comment_0,"Perbaiki
Mind Set dan Mentalitas",,https://www.tiktok.com/@anisfrance.fr/video/7620063825076768022,7620063825076768022,neutral,2026-06-09T00:10:08.879600,0,0,0,0,0.0,0,
tiktok,comment,7620063825076768022_comment_1,di posisi inilah sales di tempa integritas dan loyalitas nya terhadap produk maupun perusahaan yang di layani nya.💪🔥🫵,,https://www.tiktok.com/@anisfrance.fr/video/7620063825076768022,7620063825076768022,neutral,2026-06-09T00:10:08.879611,0,0,0,0,0.0,0,
tiktok,comment,7631987604421954834_comment_0,"Perbaiki
Mind Set dan Mentalitas",,https://www.tiktok.com/@elite.fashion.syd/video/7631987604421954834,7631987604421954834,neutral,2026-06-09T00:10:09.231870,0,0,0,0,0.0,0,
tiktok,comment,7631987604421954834_comment_1,di posisi inilah sales di tempa integritas dan loyalitas nya terhadap produk maupun perusahaan yang di layani nya.💪🔥🫵,,https://www.tiktok.com/@elite.fashion.syd/video/7631987604421954834,7631987604421954834,neutral,2026-06-09T00:10:09.231879,0,0,0,0,0.0,0,
tiktok,comment,7500248252063714568_comment_0,"Perbaiki
Mind Set dan Mentalitas",,https://www.tiktok.com/@unclejokopi/video/7500248252063714568,7500248252063714568,neutral,2026-06-09T00:10:09.543571,0,0,0,0,0.0,0,
tiktok,comment,7500248252063714568_comment_1,di posisi inilah sales di tempa integritas dan loyalitas nya terhadap produk maupun perusahaan yang di layani nya.💪🔥🫵,,https://www.tiktok.com/@unclejokopi/video/7500248252063714568,7500248252063714568,neutral,2026-06-09T00:10:09.543579,0,0,0,0,0.0,0,
tiktok,comment,7630966586513329416_comment_0,"Perbaiki
Mind Set dan Mentalitas",,https://www.tiktok.com/@dutachamplads/video/7630966586513329416,7630966586513329416,neutral,2026-06-09T00:10:09.861967,0,0,0,0,0.0,0,
tiktok,comment,7630966586513329416_comment_1,di posisi inilah sales di tempa integritas dan loyalitas nya terhadap produk maupun perusahaan yang di layani nya.💪🔥🫵,,https://www.tiktok.com/@dutachamplads/video/7630966586513329416,7630966586513329416,neutral,2026-06-09T00:10:09.861977,0,0,0,0,0.0,0,
tiktok,comment,7606202437141040392_comment_0,"Perbaiki
Mind Set dan Mentalitas",,https://www.tiktok.com/@sipedagang/video/7606202437141040392,7606202437141040392,neutral,2026-06-09T00:10:10.167578,0,0,0,0,0.0,0,
tiktok,comment,7606202437141040392_comment_1,di posisi inilah sales di tempa integritas dan loyalitas nya terhadap produk maupun perusahaan yang di layani nya.💪🔥🫵,,https://www.tiktok.com/@sipedagang/video/7606202437141040392,7606202437141040392,neutral,2026-06-09T00:10:10.167593,0,0,0,0,0.0,0,
tiktok,comment,7602856721991634197_comment_0,"Perbaiki
Mind Set dan Mentalitas",,https://www.tiktok.com/@mamandoglong/video/7602856721991634197,7602856721991634197,neutral,2026-06-09T00:10:10.473235,0,0,0,0,0.0,0,
tiktok,comment,7602856721991634197_comment_1,di posisi inilah sales di tempa integritas dan loyalitas nya terhadap produk maupun perusahaan yang di layani nya.💪🔥🫵,,https://www.tiktok.com/@mamandoglong/video/7602856721991634197,7602856721991634197,neutral,2026-06-09T00:10:10.473257,0,0,0,0,0.0,0,
tiktok,comment,7576942691871706376_comment_0,"Perbaiki
Mind Set dan Mentalitas",,https://www.tiktok.com/@nethubglobal/video/7576942691871706376,7576942691871706376,neutral,2026-06-09T00:10:10.800701,0,0,0,0,0.0,0,
tiktok,comment,7576942691871706376_comment_1,di posisi inilah sales di tempa integritas dan loyalitas nya terhadap produk maupun perusahaan yang di layani nya.💪🔥🫵,,https://www.tiktok.com/@nethubglobal/video/7576942691871706376,7576942691871706376,neutral,2026-06-09T00:10:10.800741,0,0,0,0,0.0,0,
tiktok,comment,7645998117367598354_comment_0,"Perbaiki
Mind Set dan Mentalitas",,https://www.tiktok.com/@yohend.martin54/video/7645998117367598354,7645998117367598354,neutral,2026-06-09T00:10:11.145326,0,0,0,0,0.0,0,
tiktok,comment,7645998117367598354_comment_1,di posisi inilah sales di tempa integritas dan loyalitas nya terhadap produk maupun perusahaan yang di layani nya.💪🔥🫵,,https://www.tiktok.com/@yohend.martin54/video/7645998117367598354,7645998117367598354,neutral,2026-06-09T00:10:11.145345,0,0,0,0,0.0,0,
tiktok,comment,7626619574351432981_comment_0,"Perbaiki
Mind Set dan Mentalitas",,https://www.tiktok.com/@mellycandrawan/video/7626619574351432981,7626619574351432981,neutral,2026-06-09T00:10:11.485795,0,0,0,0,0.0,0,
tiktok,comment,7626619574351432981_comment_1,di posisi inilah sales di tempa integritas dan loyalitas nya terhadap produk maupun perusahaan yang di layani nya.💪🔥🫵,,https://www.tiktok.com/@mellycandrawan/video/7626619574351432981,7626619574351432981,neutral,2026-06-09T00:10:11.485813,0,0,0,0,0.0,0,
tiktok,comment,7628938801083108616_comment_0,"Perbaiki
Mind Set dan Mentalitas",,https://www.tiktok.com/@nicholas.dennis/video/7628938801083108616,7628938801083108616,neutral,2026-06-09T00:10:11.812940,0,0,0,0,0.0,0,
tiktok,comment,7628938801083108616_comment_1,di posisi inilah sales di tempa integritas dan loyalitas nya terhadap produk maupun perusahaan yang di layani nya.💪🔥🫵,,https://www.tiktok.com/@nicholas.dennis/video/7628938801083108616,7628938801083108616,neutral,2026-06-09T00:10:11.812962,0,0,0,0,0.0,0,
tiktok,comment,7630294998071676180_comment_0,"Perbaiki
Mind Set dan Mentalitas",,https://www.tiktok.com/@kabar.62/video/7630294998071676180,7630294998071676180,neutral,2026-06-09T00:10:12.133340,0,0,0,0,0.0,0,
tiktok,comment,7630294998071676180_comment_1,di posisi inilah sales di tempa integritas dan loyalitas nya terhadap produk maupun perusahaan yang di layani nya.💪🔥🫵,,https://www.tiktok.com/@kabar.62/video/7630294998071676180,7630294998071676180,neutral,2026-06-09T00:10:12.133358,0,0,0,0,0.0,0,
tiktok,comment,7624708650413722901_comment_0,"Perbaiki
Mind Set dan Mentalitas",,https://www.tiktok.com/@boss.shakirin/video/7624708650413722901,7624708650413722901,neutral,2026-06-09T00:10:12.443645,0,0,0,0,0.0,0,
tiktok,comment,7624708650413722901_comment_1,di posisi inilah sales di tempa integritas dan loyalitas nya terhadap produk maupun perusahaan yang di layani nya.💪🔥🫵,,https://www.tiktok.com/@boss.shakirin/video/7624708650413722901,7624708650413722901,neutral,2026-06-09T00:10:12.443666,0,0,0,0,0.0,0,
tiktok,comment,7630313168413183253_comment_0,"Perbaiki
Mind Set dan Mentalitas",,https://www.tiktok.com/@juraganoperkredit/video/7630313168413183253,7630313168413183253,neutral,2026-06-09T00:10:12.758575,0,0,0,0,0.0,0,
tiktok,comment,7630313168413183253_comment_1,di posisi inilah sales di tempa integritas dan loyalitas nya terhadap produk maupun perusahaan yang di layani nya.💪🔥🫵,,https://www.tiktok.com/@juraganoperkredit/video/7630313168413183253,7630313168413183253,neutral,2026-06-09T00:10:12.758602,0,0,0,0,0.0,0,
tiktok,comment,7647553544219872534_comment_0,"Perbaiki
Mind Set dan Mentalitas",,https://www.tiktok.com/@gymladen/video/7647553544219872534,7647553544219872534,neutral,2026-06-09T00:10:13.075753,0,0,0,0,0.0,0,
tiktok,comment,7647553544219872534_comment_1,di posisi inilah sales di tempa integritas dan loyalitas nya terhadap produk maupun perusahaan yang di layani nya.💪🔥🫵,,https://www.tiktok.com/@gymladen/video/7647553544219872534,7647553544219872534,neutral,2026-06-09T00:10:13.075774,0,0,0,0,0.0,0,
tiktok,comment,7593609129185398017_comment_0,"Perbaiki
Mind Set dan Mentalitas",,https://www.tiktok.com/@roemahpalapa/video/7593609129185398017,7593609129185398017,neutral,2026-06-09T00:10:13.384100,0,0,0,0,0.0,0,
tiktok,comment,7593609129185398017_comment_1,di posisi inilah sales di tempa integritas dan loyalitas nya terhadap produk maupun perusahaan yang di layani nya.💪🔥🫵,,https://www.tiktok.com/@roemahpalapa/video/7593609129185398017,7593609129185398017,neutral,2026-06-09T00:10:13.384109,0,0,0,0,0.0,0,
tiktok,comment,7648317509153623317_comment_0,"Perbaiki
Mind Set dan Mentalitas",,https://www.tiktok.com/@kokoricky/video/7648317509153623317,7648317509153623317,neutral,2026-06-09T00:10:13.755157,0,0,0,0,0.0,0,
tiktok,comment,7648317509153623317_comment_1,di posisi inilah sales di tempa integritas dan loyalitas nya terhadap produk maupun perusahaan yang di layani nya.💪🔥🫵,,https://www.tiktok.com/@kokoricky/video/7648317509153623317,7648317509153623317,neutral,2026-06-09T00:10:13.755169,0,0,0,0,0.0,0,
tiktok,comment,7598801379292957972_comment_0,"Perbaiki
Mind Set dan Mentalitas",,https://www.tiktok.com/@mellycandrawan/video/7598801379292957972,7598801379292957972,neutral,2026-06-09T00:10:14.066317,0,0,0,0,0.0,0,
tiktok,comment,7598801379292957972_comment_1,di posisi inilah sales di tempa integritas dan loyalitas nya terhadap produk maupun perusahaan yang di layani nya.💪🔥🫵,,https://www.tiktok.com/@mellycandrawan/video/7598801379292957972,7598801379292957972,neutral,2026-06-09T00:10:14.066328,0,0,0,0,0.0,0,
tiktok,comment,7379293101992578310_comment_0,"Perbaiki
Mind Set dan Mentalitas",,https://www.tiktok.com/@pondok.link/video/7379293101992578310,7379293101992578310,neutral,2026-06-09T00:10:14.368705,0,0,0,0,0.0,0,
tiktok,comment,7379293101992578310_comment_1,di posisi inilah sales di tempa integritas dan loyalitas nya terhadap produk maupun perusahaan yang di layani nya.💪🔥🫵,,https://www.tiktok.com/@pondok.link/video/7379293101992578310,7379293101992578310,neutral,2026-06-09T00:10:14.368716,0,0,0,0,0.0,0,
tiktok,comment,7369407936935841029_comment_0,"Perbaiki
Mind Set dan Mentalitas",,https://www.tiktok.com/@rendy.artra/video/7369407936935841029,7369407936935841029,neutral,2026-06-09T00:10:14.666128,0,0,0,0,0.0,0,
tiktok,comment,7369407936935841029_comment_1,di posisi inilah sales di tempa integritas dan loyalitas nya terhadap produk maupun perusahaan yang di layani nya.💪🔥🫵,,https://www.tiktok.com/@rendy.artra/video/7369407936935841029,7369407936935841029,neutral,2026-06-09T00:10:14.666138,0,0,0,0,0.0,0,
tiktok,comment,7644739404271078664_comment_0,"Perbaiki
Mind Set dan Mentalitas",,https://www.tiktok.com/@zefanyaanya15/video/7644739404271078664,7644739404271078664,neutral,2026-06-09T00:10:14.986414,0,0,0,0,0.0,0,
tiktok,comment,7644739404271078664_comment_1,di posisi inilah sales di tempa integritas dan loyalitas nya terhadap produk maupun perusahaan yang di layani nya.💪🔥🫵,,https://www.tiktok.com/@zefanyaanya15/video/7644739404271078664,7644739404271078664,neutral,2026-06-09T00:10:14.986433,0,0,0,0,0.0,0,
tiktok,comment,7524983343839038725_comment_0,"Perbaiki
Mind Set dan Mentalitas",,https://www.tiktok.com/@wesreddy1/video/7524983343839038725,7524983343839038725,neutral,2026-06-09T00:10:15.301606,0,0,0,0,0.0,0,
tiktok,comment,7524983343839038725_comment_1,di posisi inilah sales di tempa integritas dan loyalitas nya terhadap produk maupun perusahaan yang di layani nya.💪🔥🫵,,https://www.tiktok.com/@wesreddy1/video/7524983343839038725,7524983343839038725,neutral,2026-06-09T00:10:15.301772,0,0,0,0,0.0,0,
tiktok,comment,7608331079979715862_comment_0,"Perbaiki
Mind Set dan Mentalitas",,https://www.tiktok.com/@bowzzo/video/7608331079979715862,7608331079979715862,neutral,2026-06-09T00:10:15.615430,0,0,0,0,0.0,0,
tiktok,comment,7608331079979715862_comment_1,di posisi inilah sales di tempa integritas dan loyalitas nya terhadap produk maupun perusahaan yang di layani nya.💪🔥🫵,,https://www.tiktok.com/@bowzzo/video/7608331079979715862,7608331079979715862,neutral,2026-06-09T00:10:15.615448,0,0,0,0,0.0,0,
tiktok,comment,7604689770672934157_comment_0,"Perbaiki
Mind Set dan Mentalitas",,https://www.tiktok.com/@greenvillerr/video/7604689770672934157,7604689770672934157,neutral,2026-06-09T00:10:15.938135,0,0,0,0,0.0,0,
tiktok,comment,7604689770672934157_comment_1,di posisi inilah sales di tempa integritas dan loyalitas nya terhadap produk maupun perusahaan yang di layani nya.💪🔥🫵,,https://www.tiktok.com/@greenvillerr/video/7604689770672934157,7604689770672934157,neutral,2026-06-09T00:10:15.938173,0,0,0,0,0.0,0,
tiktok,comment,7641957812041534742_comment_0,"Perbaiki
Mind Set dan Mentalitas",,https://www.tiktok.com/@ricotex.hasznaltruha/video/7641957812041534742,7641957812041534742,neutral,2026-06-09T00:10:16.259177,0,0,0,0,0.0,0,
tiktok,comment,7641957812041534742_comment_1,di posisi inilah sales di tempa integritas dan loyalitas nya terhadap produk maupun perusahaan yang di layani nya.💪🔥🫵,,https://www.tiktok.com/@ricotex.hasznaltruha/video/7641957812041534742,7641957812041534742,neutral,2026-06-09T00:10:16.259197,0,0,0,0,0.0,0,
tiktok,comment,7326189022756359430_comment_0,"Perbaiki
Mind Set dan Mentalitas",,https://www.tiktok.com/@es.teler.froztice/video/7326189022756359430,7326189022756359430,neutral,2026-06-09T00:10:16.562019,0,0,0,0,0.0,0,
tiktok,comment,7326189022756359430_comment_1,di posisi inilah sales di tempa integritas dan loyalitas nya terhadap produk maupun perusahaan yang di layani nya.💪🔥🫵,,https://www.tiktok.com/@es.teler.froztice/video/7326189022756359430,7326189022756359430,neutral,2026-06-09T00:10:16.562041,0,0,0,0,0.0,0,
tiktok,comment,7572165298535550216_comment_0,"Perbaiki
Mind Set dan Mentalitas",,https://www.tiktok.com/@haus.indonesia/video/7572165298535550216,7572165298535550216,neutral,2026-06-09T00:10:16.866090,0,0,0,0,0.0,0,
tiktok,comment,7572165298535550216_comment_1,di posisi inilah sales di tempa integritas dan loyalitas nya terhadap produk maupun perusahaan yang di layani nya.💪🔥🫵,,https://www.tiktok.com/@haus.indonesia/video/7572165298535550216,7572165298535550216,neutral,2026-06-09T00:10:16.866123,0,0,0,0,0.0,0,
tiktok,comment,7297041348199337222_comment_0,"Perbaiki
Mind Set dan Mentalitas",,https://www.tiktok.com/@rima.regina/video/7297041348199337222,7297041348199337222,neutral,2026-06-09T00:10:17.175202,0,0,0,0,0.0,0,
tiktok,comment,7297041348199337222_comment_1,di posisi inilah sales di tempa integritas dan loyalitas nya terhadap produk maupun perusahaan yang di layani nya.💪🔥🫵,,https://www.tiktok.com/@rima.regina/video/7297041348199337222,7297041348199337222,neutral,2026-06-09T00:10:17.175220,0,0,0,0,0.0,0,
tiktok,comment,7644291391467670816_comment_0,"Perbaiki
Mind Set dan Mentalitas",,https://www.tiktok.com/@winplus8/video/7644291391467670816,7644291391467670816,neutral,2026-06-09T00:10:17.491317,0,0,0,0,0.0,0,
tiktok,comment,7644291391467670816_comment_1,di posisi inilah sales di tempa integritas dan loyalitas nya terhadap produk maupun perusahaan yang di layani nya.💪🔥🫵,,https://www.tiktok.com/@winplus8/video/7644291391467670816,7644291391467670816,neutral,2026-06-09T00:10:17.491353,0,0,0,0,0.0,0,
tiktok,comment,7573507156943637767_comment_0,"Perbaiki
Mind Set dan Mentalitas",,https://www.tiktok.com/@srikandi_duadua/video/7573507156943637767,7573507156943637767,neutral,2026-06-09T00:10:17.796819,0,0,0,0,0.0,0,
tiktok,comment,7573507156943637767_comment_1,di posisi inilah sales di tempa integritas dan loyalitas nya terhadap produk maupun perusahaan yang di layani nya.💪🔥🫵,,https://www.tiktok.com/@srikandi_duadua/video/7573507156943637767,7573507156943637767,neutral,2026-06-09T00:10:17.796841,0,0,0,0,0.0,0,
tiktok,comment,7622630267601161490_comment_0,"Perbaiki
Mind Set dan Mentalitas",,https://www.tiktok.com/@ipo.click.nepal/video/7622630267601161490,7622630267601161490,neutral,2026-06-09T00:10:18.105008,0,0,0,0,0.0,0,
tiktok,comment,7622630267601161490_comment_1,di posisi inilah sales di tempa integritas dan loyalitas nya terhadap produk maupun perusahaan yang di layani nya.💪🔥🫵,,https://www.tiktok.com/@ipo.click.nepal/video/7622630267601161490,7622630267601161490,neutral,2026-06-09T00:10:18.105028,0,0,0,0,0.0,0,
tiktok,comment,7367320410062376197_comment_0,"Perbaiki
Mind Set dan Mentalitas",,https://www.tiktok.com/@youngtrepreneur.id/video/7367320410062376197,7367320410062376197,neutral,2026-06-09T00:10:18.447756,0,0,0,0,0.0,0,
tiktok,comment,7367320410062376197_comment_1,di posisi inilah sales di tempa integritas dan loyalitas nya terhadap produk maupun perusahaan yang di layani nya.💪🔥🫵,,https://www.tiktok.com/@youngtrepreneur.id/video/7367320410062376197,7367320410062376197,neutral,2026-06-09T00:10:18.447780,0,0,0,0,0.0,0,
tiktok,comment,7288277597186772230_comment_0,"Perbaiki
Mind Set dan Mentalitas",,https://www.tiktok.com/@iboomingofficial/video/7288277597186772230,7288277597186772230,neutral,2026-06-09T00:10:18.779342,0,0,0,0,0.0,0,
tiktok,comment,7288277597186772230_comment_1,di posisi inilah sales di tempa integritas dan loyalitas nya terhadap produk maupun perusahaan yang di layani nya.💪🔥🫵,,https://www.tiktok.com/@iboomingofficial/video/7288277597186772230,7288277597186772230,neutral,2026-06-09T00:10:18.779360,0,0,0,0,0.0,0,
tiktok,comment,7645124891271777557_comment_0,"Perbaiki
Mind Set dan Mentalitas",,https://www.tiktok.com/@banksampahsariasri/video/7645124891271777557,7645124891271777557,neutral,2026-06-09T00:10:19.093829,0,0,0,0,0.0,0,
tiktok,comment,7645124891271777557_comment_1,di posisi inilah sales di tempa integritas dan loyalitas nya terhadap produk maupun perusahaan yang di layani nya.💪🔥🫵,,https://www.tiktok.com/@banksampahsariasri/video/7645124891271777557,7645124891271777557,neutral,2026-06-09T00:10:19.093847,0,0,0,0,0.0,0,
tiktok,comment,7603299063710158100_comment_0,"Perbaiki
Mind Set dan Mentalitas",,https://www.tiktok.com/@asnlite/video/7603299063710158100,7603299063710158100,neutral,2026-06-09T00:10:19.522702,0,0,0,0,0.0,0,
tiktok,comment,7603299063710158100_comment_1,di posisi inilah sales di tempa integritas dan loyalitas nya terhadap produk maupun perusahaan yang di layani nya.💪🔥🫵,,https://www.tiktok.com/@asnlite/video/7603299063710158100,7603299063710158100,neutral,2026-06-09T00:10:19.522720,0,0,0,0,0.0,0,
tiktok,comment,7643332002803928328_comment_0,"Perbaiki
Mind Set dan Mentalitas",,https://www.tiktok.com/@lelesssss._/video/7643332002803928328,7643332002803928328,neutral,2026-06-09T00:10:19.825439,0,0,0,0,0.0,0,
tiktok,comment,7643332002803928328_comment_1,di posisi inilah sales di tempa integritas dan loyalitas nya terhadap produk maupun perusahaan yang di layani nya.💪🔥🫵,,https://www.tiktok.com/@lelesssss._/video/7643332002803928328,7643332002803928328,neutral,2026-06-09T00:10:19.825456,0,0,0,0,0.0,0,
tiktok,comment,7642685318008671495_comment_0,"Perbaiki
Mind Set dan Mentalitas",,https://www.tiktok.com/@ismat2337/video/7642685318008671495,7642685318008671495,neutral,2026-06-09T00:10:20.140216,0,0,0,0,0.0,0,
tiktok,comment,7642685318008671495_comment_1,di posisi inilah sales di tempa integritas dan loyalitas nya terhadap produk maupun perusahaan yang di layani nya.💪🔥🫵,,https://www.tiktok.com/@ismat2337/video/7642685318008671495,7642685318008671495,neutral,2026-06-09T00:10:20.140266,0,0,0,0,0.0,0,
tiktok,comment,7541885744550251790_comment_0,"Perbaiki
Mind Set dan Mentalitas",,https://www.tiktok.com/@sanjucollection/video/7541885744550251790,7541885744550251790,neutral,2026-06-09T00:10:20.572913,0,0,0,0,0.0,0,
tiktok,comment,7541885744550251790_comment_1,di posisi inilah sales di tempa integritas dan loyalitas nya terhadap produk maupun perusahaan yang di layani nya.💪🔥🫵,,https://www.tiktok.com/@sanjucollection/video/7541885744550251790,7541885744550251790,neutral,2026-06-09T00:10:20.572932,0,0,0,0,0.0,0,
tiktok,comment,7641126964325043477_comment_0,"Perbaiki
Mind Set dan Mentalitas",,https://www.tiktok.com/@michealduitlamaxx/video/7641126964325043477,7641126964325043477,neutral,2026-06-09T00:10:20.883539,0,0,0,0,0.0,0,
tiktok,comment,7641126964325043477_comment_1,di posisi inilah sales di tempa integritas dan loyalitas nya terhadap produk maupun perusahaan yang di layani nya.💪🔥🫵,,https://www.tiktok.com/@michealduitlamaxx/video/7641126964325043477,7641126964325043477,neutral,2026-06-09T00:10:20.883557,0,0,0,0,0.0,0,
tiktok,comment,7621182470662229269_comment_0,"Perbaiki
Mind Set dan Mentalitas",,https://www.tiktok.com/@sultandarilahir/video/7621182470662229269,7621182470662229269,neutral,2026-06-09T00:10:21.193006,0,0,0,0,0.0,0,
tiktok,comment,7621182470662229269_comment_1,di posisi inilah sales di tempa integritas dan loyalitas nya terhadap produk maupun perusahaan yang di layani nya.💪🔥🫵,,https://www.tiktok.com/@sultandarilahir/video/7621182470662229269,7621182470662229269,neutral,2026-06-09T00:10:21.193017,0,0,0,0,0.0,0,
tiktok,comment,7633800962645265672_comment_0,"Perbaiki
Mind Set dan Mentalitas",,https://www.tiktok.com/@arnas.stori/video/7633800962645265672,7633800962645265672,neutral,2026-06-09T00:10:21.536272,0,0,0,0,0.0,0,
tiktok,comment,7633800962645265672_comment_1,di posisi inilah sales di tempa integritas dan loyalitas nya terhadap produk maupun perusahaan yang di layani nya.💪🔥🫵,,https://www.tiktok.com/@arnas.stori/video/7633800962645265672,7633800962645265672,neutral,2026-06-09T00:10:21.536314,0,0,0,0,0.0,0,
tiktok,comment,7587252040196295943_comment_0,"Perbaiki
Mind Set dan Mentalitas",,https://www.tiktok.com/@uncleseongwanglam/video/7587252040196295943,7587252040196295943,neutral,2026-06-09T00:10:21.850832,0,0,0,0,0.0,0,
tiktok,comment,7587252040196295943_comment_1,di posisi inilah sales di tempa integritas dan loyalitas nya terhadap produk maupun perusahaan yang di layani nya.💪🔥🫵,,https://www.tiktok.com/@uncleseongwanglam/video/7587252040196295943,7587252040196295943,neutral,2026-06-09T00:10:21.850867,0,0,0,0,0.0,0,
tiktok,comment,7553800841988181261_comment_0,"Perbaiki
Mind Set dan Mentalitas",,https://www.tiktok.com/@pasang.lama.ceo/video/7553800841988181261,7553800841988181261,neutral,2026-06-09T00:10:22.163201,0,0,0,0,0.0,0,
tiktok,comment,7553800841988181261_comment_1,di posisi inilah sales di tempa integritas dan loyalitas nya terhadap produk maupun perusahaan yang di layani nya.💪🔥🫵,,https://www.tiktok.com/@pasang.lama.ceo/video/7553800841988181261,7553800841988181261,neutral,2026-06-09T00:10:22.163214,0,0,0,0,0.0,0,
tiktok,comment,7537673831557729543_comment_0,"Perbaiki
Mind Set dan Mentalitas",,https://www.tiktok.com/@clipperprofit/video/7537673831557729543,7537673831557729543,neutral,2026-06-09T00:10:22.471901,0,0,0,0,0.0,0,
tiktok,comment,7537673831557729543_comment_1,di posisi inilah sales di tempa integritas dan loyalitas nya terhadap produk maupun perusahaan yang di layani nya.💪🔥🫵,,https://www.tiktok.com/@clipperprofit/video/7537673831557729543,7537673831557729543,neutral,2026-06-09T00:10:22.471923,0,0,0,0,0.0,0,
tiktok,comment,7577194262299675911_comment_0,"Perbaiki
Mind Set dan Mentalitas",,https://www.tiktok.com/@indrajayapurba/video/7577194262299675911,7577194262299675911,neutral,2026-06-09T00:10:22.776277,0,0,0,0,0.0,0,
tiktok,comment,7577194262299675911_comment_1,di posisi inilah sales di tempa integritas dan loyalitas nya terhadap produk maupun perusahaan yang di layani nya.💪🔥🫵,,https://www.tiktok.com/@indrajayapurba/video/7577194262299675911,7577194262299675911,neutral,2026-06-09T00:10:22.776304,0,0,0,0,0.0,0,
tiktok,comment,7634221617689726226_comment_0,"Perbaiki
Mind Set dan Mentalitas",,https://www.tiktok.com/@bangriyan294/video/7634221617689726226,7634221617689726226,neutral,2026-06-09T00:10:23.081161,0,0,0,0,0.0,0,
tiktok,comment,7634221617689726226_comment_1,di posisi inilah sales di tempa integritas dan loyalitas nya terhadap produk maupun perusahaan yang di layani nya.💪🔥🫵,,https://www.tiktok.com/@bangriyan294/video/7634221617689726226,7634221617689726226,neutral,2026-06-09T00:10:23.081231,0,0,0,0,0.0,0,
tiktok,comment,7285686388530482438_comment_0,"Perbaiki
Mind Set dan Mentalitas",,https://www.tiktok.com/@fiona.laiba3/video/7285686388530482438,7285686388530482438,neutral,2026-06-09T00:10:23.398554,0,0,0,0,0.0,0,
tiktok,comment,7285686388530482438_comment_1,di posisi inilah sales di tempa integritas dan loyalitas nya terhadap produk maupun perusahaan yang di layani nya.💪🔥🫵,,https://www.tiktok.com/@fiona.laiba3/video/7285686388530482438,7285686388530482438,neutral,2026-06-09T00:10:23.398572,0,0,0,0,0.0,0,
tiktok,comment,7609263277029248263_comment_0,"Perbaiki
Mind Set dan Mentalitas",,https://www.tiktok.com/@gaps_japan/video/7609263277029248263,7609263277029248263,neutral,2026-06-09T00:10:23.720053,0,0,0,0,0.0,0,
tiktok,comment,7609263277029248263_comment_1,di posisi inilah sales di tempa integritas dan loyalitas nya terhadap produk maupun perusahaan yang di layani nya.💪🔥🫵,,https://www.tiktok.com/@gaps_japan/video/7609263277029248263,7609263277029248263,neutral,2026-06-09T00:10:23.720086,0,0,0,0,0.0,0,
tiktok,comment,7580621157150264594_comment_0,"Perbaiki
Mind Set dan Mentalitas",,https://www.tiktok.com/@taurus.girl29.4/video/7580621157150264594,7580621157150264594,neutral,2026-06-09T00:10:24.045402,0,0,0,0,0.0,0,
tiktok,comment,7580621157150264594_comment_1,di posisi inilah sales di tempa integritas dan loyalitas nya terhadap produk maupun perusahaan yang di layani nya.💪🔥🫵,,https://www.tiktok.com/@taurus.girl29.4/video/7580621157150264594,7580621157150264594,neutral,2026-06-09T00:10:24.045435,0,0,0,0,0.0,0,
tiktok,comment,7612152722799791381_comment_0,"Perbaiki
Mind Set dan Mentalitas",,https://www.tiktok.com/@kevinhendrawanclipper/video/7612152722799791381,7612152722799791381,neutral,2026-06-09T00:10:24.369314,0,0,0,0,0.0,0,
tiktok,comment,7612152722799791381_comment_1,di posisi inilah sales di tempa integritas dan loyalitas nya terhadap produk maupun perusahaan yang di layani nya.💪🔥🫵,,https://www.tiktok.com/@kevinhendrawanclipper/video/7612152722799791381,7612152722799791381,neutral,2026-06-09T00:10:24.369347,0,0,0,0,0.0,0,
tiktok,comment,7601341079224438036_comment_0,"Perbaiki
Mind Set dan Mentalitas",,https://www.tiktok.com/@manojnayak1342/video/7601341079224438036,7601341079224438036,neutral,2026-06-09T00:10:24.722500,0,0,0,0,0.0,0,
tiktok,comment,7601341079224438036_comment_1,di posisi inilah sales di tempa integritas dan loyalitas nya terhadap produk maupun perusahaan yang di layani nya.💪🔥🫵,,https://www.tiktok.com/@manojnayak1342/video/7601341079224438036,7601341079224438036,neutral,2026-06-09T00:10:24.722511,0,0,0,0,0.0,0,
tiktok,comment,7271174264651353350_comment_0,"Perbaiki
Mind Set dan Mentalitas",,https://www.tiktok.com/@zan.abdullah/video/7271174264651353350,7271174264651353350,neutral,2026-06-09T00:10:25.043396,0,0,0,0,0.0,0,
tiktok,comment,7271174264651353350_comment_1,di posisi inilah sales di tempa integritas dan loyalitas nya terhadap produk maupun perusahaan yang di layani nya.💪🔥🫵,,https://www.tiktok.com/@zan.abdullah/video/7271174264651353350,7271174264651353350,neutral,2026-06-09T00:10:25.043433,0,0,0,0,0.0,0,
tiktok,comment,7576582096873934101_comment_0,"Perbaiki
Mind Set dan Mentalitas",,https://www.tiktok.com/@konsultan.pelarisan/video/7576582096873934101,7576582096873934101,neutral,2026-06-09T00:10:25.346737,0,0,0,0,0.0,0,
tiktok,comment,7576582096873934101_comment_1,di posisi inilah sales di tempa integritas dan loyalitas nya terhadap produk maupun perusahaan yang di layani nya.💪🔥🫵,,https://www.tiktok.com/@konsultan.pelarisan/video/7576582096873934101,7576582096873934101,neutral,2026-06-09T00:10:25.346771,0,0,0,0,0.0,0,
tiktok,comment,7634403200484887828_comment_0,"Perbaiki
Mind Set dan Mentalitas",,https://www.tiktok.com/@money_kura/video/7634403200484887828,7634403200484887828,neutral,2026-06-09T00:10:25.657973,0,0,0,0,0.0,0,
tiktok,comment,7634403200484887828_comment_1,di posisi inilah sales di tempa integritas dan loyalitas nya terhadap produk maupun perusahaan yang di layani nya.💪🔥🫵,,https://www.tiktok.com/@money_kura/video/7634403200484887828,7634403200484887828,neutral,2026-06-09T00:10:25.658008,0,0,0,0,0.0,0,
tiktok,comment,7615457269907459349_comment_0,"Perbaiki
Mind Set dan Mentalitas",,https://www.tiktok.com/@uncle.fang.official/video/7615457269907459349,7615457269907459349,neutral,2026-06-09T00:10:25.984247,0,0,0,0,0.0,0,
tiktok,comment,7615457269907459349_comment_1,di posisi inilah sales di tempa integritas dan loyalitas nya terhadap produk maupun perusahaan yang di layani nya.💪🔥🫵,,https://www.tiktok.com/@uncle.fang.official/video/7615457269907459349,7615457269907459349,neutral,2026-06-09T00:10:25.984279,0,0,0,0,0.0,0,
tiktok,comment,7604233738146401556_comment_0,"Perbaiki
Mind Set dan Mentalitas",,https://www.tiktok.com/@andriegiegie1/video/7604233738146401556,7604233738146401556,neutral,2026-06-09T00:10:26.293953,0,0,0,0,0.0,0,
tiktok,comment,7604233738146401556_comment_1,di posisi inilah sales di tempa integritas dan loyalitas nya terhadap produk maupun perusahaan yang di layani nya.💪🔥🫵,,https://www.tiktok.com/@andriegiegie1/video/7604233738146401556,7604233738146401556,neutral,2026-06-09T00:10:26.293975,0,0,0,0,0.0,0,
tiktok,comment,7555182656913149191_comment_0,"Perbaiki
Mind Set dan Mentalitas",,https://www.tiktok.com/@aspire_company/video/7555182656913149191,7555182656913149191,neutral,2026-06-09T00:10:26.620132,0,0,0,0,0.0,0,
tiktok,comment,7555182656913149191_comment_1,di posisi inilah sales di tempa integritas dan loyalitas nya terhadap produk maupun perusahaan yang di layani nya.💪🔥🫵,,https://www.tiktok.com/@aspire_company/video/7555182656913149191,7555182656913149191,neutral,2026-06-09T00:10:26.620169,0,0,0,0,0.0,0,
tiktok,comment,7628882278596300040_comment_0,"Perbaiki
Mind Set dan Mentalitas",,https://www.tiktok.com/@mbaestehgomei/video/7628882278596300040,7628882278596300040,neutral,2026-06-09T00:10:26.950178,0,0,0,0,0.0,0,
tiktok,comment,7628882278596300040_comment_1,di posisi inilah sales di tempa integritas dan loyalitas nya terhadap produk maupun perusahaan yang di layani nya.💪🔥🫵,,https://www.tiktok.com/@mbaestehgomei/video/7628882278596300040,7628882278596300040,neutral,2026-06-09T00:10:26.950197,0,0,0,0,0.0,0,
tiktok,comment,7628520201725824264_comment_0,"Perbaiki
Mind Set dan Mentalitas",,https://www.tiktok.com/@zakimohalyracs/video/7628520201725824264,7628520201725824264,neutral,2026-06-09T00:10:27.253450,0,0,0,0,0.0,0,
tiktok,comment,7628520201725824264_comment_1,di posisi inilah sales di tempa integritas dan loyalitas nya terhadap produk maupun perusahaan yang di layani nya.💪🔥🫵,,https://www.tiktok.com/@zakimohalyracs/video/7628520201725824264,7628520201725824264,neutral,2026-06-09T00:10:27.253484,0,0,0,0,0.0,0,
tiktok,comment,7489447212578278663_comment_0,"Perbaiki
Mind Set dan Mentalitas",,https://www.tiktok.com/@techpana/video/7489447212578278663,7489447212578278663,neutral,2026-06-09T00:10:27.573602,0,0,0,0,0.0,0,
tiktok,comment,7489447212578278663_comment_1,di posisi inilah sales di tempa integritas dan loyalitas nya terhadap produk maupun perusahaan yang di layani nya.💪🔥🫵,,https://www.tiktok.com/@techpana/video/7489447212578278663,7489447212578278663,neutral,2026-06-09T00:10:27.573624,0,0,0,0,0.0,0,
tiktok,comment,7235967344722464006_comment_0,"Perbaiki
Mind Set dan Mentalitas",,https://www.tiktok.com/@felicia.tjiasaka/video/7235967344722464006,7235967344722464006,neutral,2026-06-09T00:10:27.906073,0,0,0,0,0.0,0,
tiktok,comment,7235967344722464006_comment_1,di posisi inilah sales di tempa integritas dan loyalitas nya terhadap produk maupun perusahaan yang di layani nya.💪🔥🫵,,https://www.tiktok.com/@felicia.tjiasaka/video/7235967344722464006,7235967344722464006,neutral,2026-06-09T00:10:27.906108,0,0,0,0,0.0,0,
tiktok,comment,7313777911301950725_comment_0,"Perbaiki
Mind Set dan Mentalitas",,https://www.tiktok.com/@ngaoskaweruh/video/7313777911301950725,7313777911301950725,neutral,2026-06-09T00:10:28.208187,0,0,0,0,0.0,0,
tiktok,comment,7313777911301950725_comment_1,di posisi inilah sales di tempa integritas dan loyalitas nya terhadap produk maupun perusahaan yang di layani nya.💪🔥🫵,,https://www.tiktok.com/@ngaoskaweruh/video/7313777911301950725,7313777911301950725,neutral,2026-06-09T00:10:28.208218,0,0,0,0,0.0,0,
tiktok,comment,7644886174850419989_comment_0,"Perbaiki
Mind Set dan Mentalitas",,https://www.tiktok.com/@suhairisaiyanex2/video/7644886174850419989,7644886174850419989,neutral,2026-06-09T00:10:28.528608,0,0,0,0,0.0,0,
tiktok,comment,7644886174850419989_comment_1,di posisi inilah sales di tempa integritas dan loyalitas nya terhadap produk maupun perusahaan yang di layani nya.💪🔥🫵,,https://www.tiktok.com/@suhairisaiyanex2/video/7644886174850419989,7644886174850419989,neutral,2026-06-09T00:10:28.528631,0,0,0,0,0.0,0,
tiktok,comment,7643938849143491857_comment_0,"Perbaiki
Mind Set dan Mentalitas",,https://www.tiktok.com/@fintech.id17/video/7643938849143491857,7643938849143491857,neutral,2026-06-09T00:10:28.844903,0,0,0,0,0.0,0,
tiktok,comment,7643938849143491857_comment_1,di posisi inilah sales di tempa integritas dan loyalitas nya terhadap produk maupun perusahaan yang di layani nya.💪🔥🫵,,https://www.tiktok.com/@fintech.id17/video/7643938849143491857,7643938849143491857,neutral,2026-06-09T00:10:28.844942,0,0,0,0,0.0,0,
tiktok,comment,7621214411100785938_comment_0,"Perbaiki
Mind Set dan Mentalitas",,https://www.tiktok.com/@marcelino.dos.san971/video/7621214411100785938,7621214411100785938,neutral,2026-06-09T00:10:29.154021,0,0,0,0,0.0,0,
tiktok,comment,7621214411100785938_comment_1,di posisi inilah sales di tempa integritas dan loyalitas nya terhadap produk maupun perusahaan yang di layani nya.💪🔥🫵,,https://www.tiktok.com/@marcelino.dos.san971/video/7621214411100785938,7621214411100785938,neutral,2026-06-09T00:10:29.154043,0,0,0,0,0.0,0,
tiktok,comment,7643048726575025425_comment_0,"Perbaiki
Mind Set dan Mentalitas",,https://www.tiktok.com/@norraaa3v_/video/7643048726575025425,7643048726575025425,neutral,2026-06-09T00:10:29.453411,0,0,0,0,0.0,0,
tiktok,comment,7643048726575025425_comment_1,di posisi inilah sales di tempa integritas dan loyalitas nya terhadap produk maupun perusahaan yang di layani nya.💪🔥🫵,,https://www.tiktok.com/@norraaa3v_/video/7643048726575025425,7643048726575025425,neutral,2026-06-09T00:10:29.453431,0,0,0,0,0.0,0,
tiktok,comment,7615990646716878101_comment_0,"Perbaiki
Mind Set dan Mentalitas",,https://www.tiktok.com/@investing_muda/video/7615990646716878101,7615990646716878101,neutral,2026-06-09T00:10:29.753318,0,0,0,0,0.0,0,
tiktok,comment,7615990646716878101_comment_1,di posisi inilah sales di tempa integritas dan loyalitas nya terhadap produk maupun perusahaan yang di layani nya.💪🔥🫵,,https://www.tiktok.com/@investing_muda/video/7615990646716878101,7615990646716878101,neutral,2026-06-09T00:10:29.753330,0,0,0,0,0.0,0,
tiktok,comment,7630135958473608455_comment_0,"Perbaiki
Mind Set dan Mentalitas",,https://www.tiktok.com/@mpdmurtabaktebalseincikl/video/7630135958473608455,7630135958473608455,neutral,2026-06-09T00:10:30.069814,0,0,0,0,0.0,0,
tiktok,comment,7630135958473608455_comment_1,di posisi inilah sales di tempa integritas dan loyalitas nya terhadap produk maupun perusahaan yang di layani nya.💪🔥🫵,,https://www.tiktok.com/@mpdmurtabaktebalseincikl/video/7630135958473608455,7630135958473608455,neutral,2026-06-09T00:10:30.069839,0,0,0,0,0.0,0,
tiktok,comment,7494414668845419782_comment_0,"Perbaiki
Mind Set dan Mentalitas",,https://www.tiktok.com/@kasisolusi/video/7494414668845419782,7494414668845419782,neutral,2026-06-09T00:10:30.387422,0,0,0,0,0.0,0,
tiktok,comment,7494414668845419782_comment_1,di posisi inilah sales di tempa integritas dan loyalitas nya terhadap produk maupun perusahaan yang di layani nya.💪🔥🫵,,https://www.tiktok.com/@kasisolusi/video/7494414668845419782,7494414668845419782,neutral,2026-06-09T00:10:30.387452,0,0,0,0,0.0,0,
tiktok,comment,7512266078236478738_comment_0,"Perbaiki
Mind Set dan Mentalitas",,https://www.tiktok.com/@hoonar_collections/video/7512266078236478738,7512266078236478738,neutral,2026-06-09T00:10:30.710572,0,0,0,0,0.0,0,
tiktok,comment,7512266078236478738_comment_1,di posisi inilah sales di tempa integritas dan loyalitas nya terhadap produk maupun perusahaan yang di layani nya.💪🔥🫵,,https://www.tiktok.com/@hoonar_collections/video/7512266078236478738,7512266078236478738,neutral,2026-06-09T00:10:30.710592,0,0,0,0,0.0,0,
tiktok,comment,7641047166286449940_comment_0,"Perbaiki
Mind Set dan Mentalitas",,https://www.tiktok.com/@idivoji/video/7641047166286449940,7641047166286449940,neutral,2026-06-09T00:10:31.025682,0,0,0,0,0.0,0,
tiktok,comment,7641047166286449940_comment_1,di posisi inilah sales di tempa integritas dan loyalitas nya terhadap produk maupun perusahaan yang di layani nya.💪🔥🫵,,https://www.tiktok.com/@idivoji/video/7641047166286449940,7641047166286449940,neutral,2026-06-09T00:10:31.025716,0,0,0,0,0.0,0,
tiktok,comment,7614851804345535764_comment_0,"Perbaiki
Mind Set dan Mentalitas",,https://www.tiktok.com/@vlera.sh.p.k/video/7614851804345535764,7614851804345535764,neutral,2026-06-09T00:10:31.354742,0,0,0,0,0.0,0,
tiktok,comment,7614851804345535764_comment_1,di posisi inilah sales di tempa integritas dan loyalitas nya terhadap produk maupun perusahaan yang di layani nya.💪🔥🫵,,https://www.tiktok.com/@vlera.sh.p.k/video/7614851804345535764,7614851804345535764,neutral,2026-06-09T00:10:31.354761,0,0,0,0,0.0,0,
tiktok,comment,7624029229700746517_comment_0,"Perbaiki
Mind Set dan Mentalitas",,https://www.tiktok.com/@organicpickssofficial/video/7624029229700746517,7624029229700746517,neutral,2026-06-09T00:10:31.668722,0,0,0,0,0.0,0,
tiktok,comment,7624029229700746517_comment_1,di posisi inilah sales di tempa integritas dan loyalitas nya terhadap produk maupun perusahaan yang di layani nya.💪🔥🫵,,https://www.tiktok.com/@organicpickssofficial/video/7624029229700746517,7624029229700746517,neutral,2026-06-09T00:10:31.668750,0,0,0,0,0.0,0,
tiktok,comment,7288195652260056325_comment_0,"Perbaiki
Mind Set dan Mentalitas",,https://www.tiktok.com/@marnolc/video/7288195652260056325,7288195652260056325,neutral,2026-06-09T00:10:32.012492,0,0,0,0,0.0,0,
tiktok,comment,7288195652260056325_comment_1,di posisi inilah sales di tempa integritas dan loyalitas nya terhadap produk maupun perusahaan yang di layani nya.💪🔥🫵,,https://www.tiktok.com/@marnolc/video/7288195652260056325,7288195652260056325,neutral,2026-06-09T00:10:32.012509,0,0,0,0,0.0,0,
tiktok,comment,7589591518218980628_comment_0,"Perbaiki
Mind Set dan Mentalitas",,https://www.tiktok.com/@aimn.fiq_/video/7589591518218980628,7589591518218980628,neutral,2026-06-09T00:10:32.324910,0,0,0,0,0.0,0,
tiktok,comment,7589591518218980628_comment_1,di posisi inilah sales di tempa integritas dan loyalitas nya terhadap produk maupun perusahaan yang di layani nya.💪🔥🫵,,https://www.tiktok.com/@aimn.fiq_/video/7589591518218980628,7589591518218980628,neutral,2026-06-09T00:10:32.324927,0,0,0,0,0.0,0,
tiktok,comment,7304968285706013957_comment_0,"Perbaiki
Mind Set dan Mentalitas",,https://www.tiktok.com/@lianaoktavia7/video/7304968285706013957,7304968285706013957,neutral,2026-06-09T00:10:32.631131,0,0,0,0,0.0,0,
tiktok,comment,7304968285706013957_comment_1,di posisi inilah sales di tempa integritas dan loyalitas nya terhadap produk maupun perusahaan yang di layani nya.💪🔥🫵,,https://www.tiktok.com/@lianaoktavia7/video/7304968285706013957,7304968285706013957,neutral,2026-06-09T00:10:32.631147,0,0,0,0,0.0,0,
tiktok,comment,7643364338505436437_comment_0,"Perbaiki
Mind Set dan Mentalitas",,https://www.tiktok.com/@martiadila/video/7643364338505436437,7643364338505436437,neutral,2026-06-09T00:10:32.927269,0,0,0,0,0.0,0,
tiktok,comment,7643364338505436437_comment_1,di posisi inilah sales di tempa integritas dan loyalitas nya terhadap produk maupun perusahaan yang di layani nya.💪🔥🫵,,https://www.tiktok.com/@martiadila/video/7643364338505436437,7643364338505436437,neutral,2026-06-09T00:10:32.927352,0,0,0,0,0.0,0,
tiktok,comment,7524842534594546962_comment_0,"Perbaiki
Mind Set dan Mentalitas",,https://www.tiktok.com/@h5515d/video/7524842534594546962,7524842534594546962,neutral,2026-06-09T00:10:33.230560,0,0,0,0,0.0,0,
tiktok,comment,7524842534594546962_comment_1,di posisi inilah sales di tempa integritas dan loyalitas nya terhadap produk maupun perusahaan yang di layani nya.💪🔥🫵,,https://www.tiktok.com/@h5515d/video/7524842534594546962,7524842534594546962,neutral,2026-06-09T00:10:33.230571,0,0,0,0,0.0,0,
tiktok,comment,7566884685939363079_comment_0,"Perbaiki
Mind Set dan Mentalitas",,https://www.tiktok.com/@hani.almaslt/video/7566884685939363079,7566884685939363079,neutral,2026-06-09T00:10:33.567706,0,0,0,0,0.0,0,
tiktok,comment,7566884685939363079_comment_1,di posisi inilah sales di tempa integritas dan loyalitas nya terhadap produk maupun perusahaan yang di layani nya.💪🔥🫵,,https://www.tiktok.com/@hani.almaslt/video/7566884685939363079,7566884685939363079,neutral,2026-06-09T00:10:33.567727,0,0,0,0,0.0,0,
tiktok,comment,7560217095192022283_comment_0,"Perbaiki
Mind Set dan Mentalitas",,https://www.tiktok.com/@noraliyah_0/video/7560217095192022283,7560217095192022283,neutral,2026-06-09T00:10:33.912290,0,0,0,0,0.0,0,
tiktok,comment,7560217095192022283_comment_1,di posisi inilah sales di tempa integritas dan loyalitas nya terhadap produk maupun perusahaan yang di layani nya.💪🔥🫵,,https://www.tiktok.com/@noraliyah_0/video/7560217095192022283,7560217095192022283,neutral,2026-06-09T00:10:33.912308,0,0,0,0,0.0,0,
tiktok,comment,7615587082462924053_comment_0,"Perbaiki
Mind Set dan Mentalitas",,https://www.tiktok.com/@tokogarudagrosir/video/7615587082462924053,7615587082462924053,neutral,2026-06-09T00:10:34.235176,0,0,0,0,0.0,0,
tiktok,comment,7615587082462924053_comment_1,di posisi inilah sales di tempa integritas dan loyalitas nya terhadap produk maupun perusahaan yang di layani nya.💪🔥🫵,,https://www.tiktok.com/@tokogarudagrosir/video/7615587082462924053,7615587082462924053,neutral,2026-06-09T00:10:34.235197,0,0,0,0,0.0,0,
tiktok,comment,7581413060892544263_comment_0,"Perbaiki
Mind Set dan Mentalitas",,https://www.tiktok.com/@borsanotlarimm/video/7581413060892544263,7581413060892544263,neutral,2026-06-09T00:10:34.576042,0,0,0,0,0.0,0,
tiktok,comment,7581413060892544263_comment_1,di posisi inilah sales di tempa integritas dan loyalitas nya terhadap produk maupun perusahaan yang di layani nya.💪🔥🫵,,https://www.tiktok.com/@borsanotlarimm/video/7581413060892544263,7581413060892544263,neutral,2026-06-09T00:10:34.576064,0,0,0,0,0.0,0,
tiktok,comment,7496759176971029766_comment_0,"Perbaiki
Mind Set dan Mentalitas",,https://www.tiktok.com/@ibuk_dayyan/video/7496759176971029766,7496759176971029766,neutral,2026-06-09T00:10:34.975645,0,0,0,0,0.0,0,
tiktok,comment,7496759176971029766_comment_1,di posisi inilah sales di tempa integritas dan loyalitas nya terhadap produk maupun perusahaan yang di layani nya.💪🔥🫵,,https://www.tiktok.com/@ibuk_dayyan/video/7496759176971029766,7496759176971029766,neutral,2026-06-09T00:10:34.975666,0,0,0,0,0.0,0,
tiktok,comment,7519451005944122631_comment_0,"Perbaiki
Mind Set dan Mentalitas",,https://www.tiktok.com/@datapinterofficial/video/7519451005944122631,7519451005944122631,neutral,2026-06-09T00:10:35.310835,0,0,0,0,0.0,0,
tiktok,comment,7519451005944122631_comment_1,di posisi inilah sales di tempa integritas dan loyalitas nya terhadap produk maupun perusahaan yang di layani nya.💪🔥🫵,,https://www.tiktok.com/@datapinterofficial/video/7519451005944122631,7519451005944122631,neutral,2026-06-09T00:10:35.310852,0,0,0,0,0.0,0,
tiktok,comment,7646206833312468231_comment_0,"Perbaiki
Mind Set dan Mentalitas",,https://www.tiktok.com/@idrisyushardy/video/7646206833312468231,7646206833312468231,neutral,2026-06-09T00:10:35.681161,0,0,0,0,0.0,0,
tiktok,comment,7646206833312468231_comment_1,di posisi inilah sales di tempa integritas dan loyalitas nya terhadap produk maupun perusahaan yang di layani nya.💪🔥🫵,,https://www.tiktok.com/@idrisyushardy/video/7646206833312468231,7646206833312468231,neutral,2026-06-09T00:10:35.681179,0,0,0,0,0.0,0,
tiktok,comment,6936532530652794114_comment_0,"Perbaiki
Mind Set dan Mentalitas",,https://www.tiktok.com/@antoniusarif/video/6936532530652794114,6936532530652794114,neutral,2026-06-09T00:10:36.011051,0,0,0,0,0.0,0,
tiktok,comment,6936532530652794114_comment_1,di posisi inilah sales di tempa integritas dan loyalitas nya terhadap produk maupun perusahaan yang di layani nya.💪🔥🫵,,https://www.tiktok.com/@antoniusarif/video/6936532530652794114,6936532530652794114,neutral,2026-06-09T00:10:36.011069,0,0,0,0,0.0,0,
tiktok,comment,7122680553320516891_comment_0,"Perbaiki
Mind Set dan Mentalitas",,https://www.tiktok.com/@papa_ragel/video/7122680553320516891,7122680553320516891,neutral,2026-06-09T00:10:36.355288,0,0,0,0,0.0,0,
tiktok,comment,7122680553320516891_comment_1,di posisi inilah sales di tempa integritas dan loyalitas nya terhadap produk maupun perusahaan yang di layani nya.💪🔥🫵,,https://www.tiktok.com/@papa_ragel/video/7122680553320516891,7122680553320516891,neutral,2026-06-09T00:10:36.355335,0,0,0,0,0.0,0,
tiktok,comment,7612949818008210709_comment_0,"Perbaiki
Mind Set dan Mentalitas",,https://www.tiktok.com/@ovic_clipp/video/7612949818008210709,7612949818008210709,neutral,2026-06-09T00:10:36.752275,0,0,0,0,0.0,0,
tiktok,comment,7612949818008210709_comment_1,di posisi inilah sales di tempa integritas dan loyalitas nya terhadap produk maupun perusahaan yang di layani nya.💪🔥🫵,,https://www.tiktok.com/@ovic_clipp/video/7612949818008210709,7612949818008210709,neutral,2026-06-09T00:10:36.752295,0,0,0,0,0.0,0,
tiktok,comment,7588135384819780884_comment_0,"Perbaiki
Mind Set dan Mentalitas",,https://www.tiktok.com/@siti_nor_ain96/video/7588135384819780884,7588135384819780884,neutral,2026-06-09T00:10:37.082321,0,0,0,0,0.0,0,
tiktok,comment,7588135384819780884_comment_1,di posisi inilah sales di tempa integritas dan loyalitas nya terhadap produk maupun perusahaan yang di layani nya.💪🔥🫵,,https://www.tiktok.com/@siti_nor_ain96/video/7588135384819780884,7588135384819780884,neutral,2026-06-09T00:10:37.082338,0,0,0,0,0.0,0,
tiktok,comment,7628640925471886614_comment_0,"Perbaiki
Mind Set dan Mentalitas",,https://www.tiktok.com/@bosspartnership/video/7628640925471886614,7628640925471886614,neutral,2026-06-09T00:10:37.422016,0,0,0,0,0.0,0,
tiktok,comment,7628640925471886614_comment_1,di posisi inilah sales di tempa integritas dan loyalitas nya terhadap produk maupun perusahaan yang di layani nya.💪🔥🫵,,https://www.tiktok.com/@bosspartnership/video/7628640925471886614,7628640925471886614,neutral,2026-06-09T00:10:37.422038,0,0,0,0,0.0,0,
tiktok,comment,7538387886677314824_comment_0,"Perbaiki
Mind Set dan Mentalitas",,https://www.tiktok.com/@bisayukexplore/video/7538387886677314824,7538387886677314824,neutral,2026-06-09T00:10:37.750385,0,0,0,0,0.0,0,
tiktok,comment,7538387886677314824_comment_1,di posisi inilah sales di tempa integritas dan loyalitas nya terhadap produk maupun perusahaan yang di layani nya.💪🔥🫵,,https://www.tiktok.com/@bisayukexplore/video/7538387886677314824,7538387886677314824,neutral,2026-06-09T00:10:37.750417,0,0,0,0,0.0,0,
tiktok,comment,7648164869471997205_comment_0,"Perbaiki
Mind Set dan Mentalitas",,https://www.tiktok.com/@justonlyput22/video/7648164869471997205,7648164869471997205,neutral,2026-06-09T00:10:38.106276,0,0,0,0,0.0,0,
tiktok,comment,7648164869471997205_comment_1,di posisi inilah sales di tempa integritas dan loyalitas nya terhadap produk maupun perusahaan yang di layani nya.💪🔥🫵,,https://www.tiktok.com/@justonlyput22/video/7648164869471997205,7648164869471997205,neutral,2026-06-09T00:10:38.106312,0,0,0,0,0.0,0,
tiktok,comment,7639514668230249736_comment_0,"Perbaiki
Mind Set dan Mentalitas",,https://www.tiktok.com/@xf001store/video/7639514668230249736,7639514668230249736,neutral,2026-06-09T00:10:38.440156,0,0,0,0,0.0,0,
tiktok,comment,7639514668230249736_comment_1,di posisi inilah sales di tempa integritas dan loyalitas nya terhadap produk maupun perusahaan yang di layani nya.💪🔥🫵,,https://www.tiktok.com/@xf001store/video/7639514668230249736,7639514668230249736,neutral,2026-06-09T00:10:38.440206,0,0,0,0,0.0,0,
tiktok,comment,7575422012726840584_comment_0,"Perbaiki
Mind Set dan Mentalitas",,https://www.tiktok.com/@_mailduasinggit_/video/7575422012726840584,7575422012726840584,neutral,2026-06-09T00:10:38.787521,0,0,0,0,0.0,0,
tiktok,comment,7575422012726840584_comment_1,di posisi inilah sales di tempa integritas dan loyalitas nya terhadap produk maupun perusahaan yang di layani nya.💪🔥🫵,,https://www.tiktok.com/@_mailduasinggit_/video/7575422012726840584,7575422012726840584,neutral,2026-06-09T00:10:38.787557,0,0,0,0,0.0,0,
tiktok,comment,7585952841437695252_comment_0,"Perbaiki
Mind Set dan Mentalitas",,https://www.tiktok.com/@rinarantau_20.22/video/7585952841437695252,7585952841437695252,neutral,2026-06-09T00:10:39.164902,0,0,0,0,0.0,0,
tiktok,comment,7585952841437695252_comment_1,di posisi inilah sales di tempa integritas dan loyalitas nya terhadap produk maupun perusahaan yang di layani nya.💪🔥🫵,,https://www.tiktok.com/@rinarantau_20.22/video/7585952841437695252,7585952841437695252,neutral,2026-06-09T00:10:39.164948,0,0,0,0,0.0,0,
tiktok,comment,7554161350172282143_comment_0,"Perbaiki
Mind Set dan Mentalitas",,https://www.tiktok.com/@bruceallengreen/video/7554161350172282143,7554161350172282143,neutral,2026-06-09T00:10:39.497838,0,0,0,0,0.0,0,
tiktok,comment,7554161350172282143_comment_1,di posisi inilah sales di tempa integritas dan loyalitas nya terhadap produk maupun perusahaan yang di layani nya.💪🔥🫵,,https://www.tiktok.com/@bruceallengreen/video/7554161350172282143,7554161350172282143,neutral,2026-06-09T00:10:39.497862,0,0,0,0,0.0,0,
tiktok,comment,7618911253913931029_comment_0,"Perbaiki
Mind Set dan Mentalitas",,https://www.tiktok.com/@ellymelliecafe/video/7618911253913931029,7618911253913931029,neutral,2026-06-09T00:10:39.812763,0,0,0,0,0.0,0,
tiktok,comment,7618911253913931029_comment_1,di posisi inilah sales di tempa integritas dan loyalitas nya terhadap produk maupun perusahaan yang di layani nya.💪🔥🫵,,https://www.tiktok.com/@ellymelliecafe/video/7618911253913931029,7618911253913931029,neutral,2026-06-09T00:10:39.812784,0,0,0,0,0.0,0,
tiktok,comment,7557285056310480140_comment_0,"Perbaiki
Mind Set dan Mentalitas",,https://www.tiktok.com/@srikandi_duadua/video/7557285056310480140,7557285056310480140,neutral,2026-06-09T00:10:40.143669,0,0,0,0,0.0,0,
tiktok,comment,7557285056310480140_comment_1,di posisi inilah sales di tempa integritas dan loyalitas nya terhadap produk maupun perusahaan yang di layani nya.💪🔥🫵,,https://www.tiktok.com/@srikandi_duadua/video/7557285056310480140,7557285056310480140,neutral,2026-06-09T00:10:40.143693,0,0,0,0,0.0,0,
tiktok,comment,7606863633762487572_comment_0,"Perbaiki
Mind Set dan Mentalitas",,https://www.tiktok.com/@ochihandmade/video/7606863633762487572,7606863633762487572,neutral,2026-06-09T00:10:40.471881,0,0,0,0,0.0,0,
tiktok,comment,7606863633762487572_comment_1,di posisi inilah sales di tempa integritas dan loyalitas nya terhadap produk maupun perusahaan yang di layani nya.💪🔥🫵,,https://www.tiktok.com/@ochihandmade/video/7606863633762487572,7606863633762487572,neutral,2026-06-09T00:10:40.471904,0,0,0,0,0.0,0,
tiktok,comment,7553507923247254796_comment_0,"Perbaiki
Mind Set dan Mentalitas",,https://www.tiktok.com/@kedaiburung.offic/video/7553507923247254796,7553507923247254796,neutral,2026-06-09T00:10:40.810035,0,0,0,0,0.0,0,
tiktok,comment,7553507923247254796_comment_1,di posisi inilah sales di tempa integritas dan loyalitas nya terhadap produk maupun perusahaan yang di layani nya.💪🔥🫵,,https://www.tiktok.com/@kedaiburung.offic/video/7553507923247254796,7553507923247254796,neutral,2026-06-09T00:10:40.810059,0,0,0,0,0.0,0,
tiktok,comment,7604728237113052434_comment_0,"Perbaiki
Mind Set dan Mentalitas",,https://www.tiktok.com/@zila2903/video/7604728237113052434,7604728237113052434,neutral,2026-06-09T00:10:41.195962,0,0,0,0,0.0,0,
tiktok,comment,7604728237113052434_comment_1,di posisi inilah sales di tempa integritas dan loyalitas nya terhadap produk maupun perusahaan yang di layani nya.💪🔥🫵,,https://www.tiktok.com/@zila2903/video/7604728237113052434,7604728237113052434,neutral,2026-06-09T00:10:41.195983,0,0,0,0,0.0,0,
tiktok,comment,7646440362352938260_comment_0,"Perbaiki
Mind Set dan Mentalitas",,https://www.tiktok.com/@wizard_immigration/video/7646440362352938260,7646440362352938260,neutral,2026-06-09T00:10:41.540024,0,0,0,0,0.0,0,
tiktok,comment,7646440362352938260_comment_1,di posisi inilah sales di tempa integritas dan loyalitas nya terhadap produk maupun perusahaan yang di layani nya.💪🔥🫵,,https://www.tiktok.com/@wizard_immigration/video/7646440362352938260,7646440362352938260,neutral,2026-06-09T00:10:41.540135,0,0,0,0,0.0,0,
tiktok,comment,7605653840695758087_comment_0,"Perbaiki
Mind Set dan Mentalitas",,https://www.tiktok.com/@h5515d/video/7605653840695758087,7605653840695758087,neutral,2026-06-09T00:10:41.881684,0,0,0,0,0.0,0,
tiktok,comment,7605653840695758087_comment_1,di posisi inilah sales di tempa integritas dan loyalitas nya terhadap produk maupun perusahaan yang di layani nya.💪🔥🫵,,https://www.tiktok.com/@h5515d/video/7605653840695758087,7605653840695758087,neutral,2026-06-09T00:10:41.881720,0,0,0,0,0.0,0,
tiktok,comment,7644756617900215560_comment_0,"Perbaiki
Mind Set dan Mentalitas",,https://www.tiktok.com/@dyan_shrza/video/7644756617900215560,7644756617900215560,neutral,2026-06-09T00:10:42.213532,0,0,0,0,0.0,0,
tiktok,comment,7644756617900215560_comment_1,di posisi inilah sales di tempa integritas dan loyalitas nya terhadap produk maupun perusahaan yang di layani nya.💪🔥🫵,,https://www.tiktok.com/@dyan_shrza/video/7644756617900215560,7644756617900215560,neutral,2026-06-09T00:10:42.213571,0,0,0,0,0.0,0,
tiktok,comment,7637098572143512839_comment_0,"Perbaiki
Mind Set dan Mentalitas",,https://www.tiktok.com/@abangjeram/video/7637098572143512839,7637098572143512839,neutral,2026-06-09T00:10:42.590620,0,0,0,0,0.0,0,
tiktok,comment,7637098572143512839_comment_1,di posisi inilah sales di tempa integritas dan loyalitas nya terhadap produk maupun perusahaan yang di layani nya.💪🔥🫵,,https://www.tiktok.com/@abangjeram/video/7637098572143512839,7637098572143512839,neutral,2026-06-09T00:10:42.590667,0,0,0,0,0.0,0,
tiktok,comment,7645929670642306324_comment_0,"Perbaiki
Mind Set dan Mentalitas",,https://www.tiktok.com/@ohqueenkarangampel/video/7645929670642306324,7645929670642306324,neutral,2026-06-09T00:10:43.085952,0,0,0,0,0.0,0,
tiktok,comment,7645929670642306324_comment_1,di posisi inilah sales di tempa integritas dan loyalitas nya terhadap produk maupun perusahaan yang di layani nya.💪🔥🫵,,https://www.tiktok.com/@ohqueenkarangampel/video/7645929670642306324,7645929670642306324,neutral,2026-06-09T00:10:43.085986,0,0,0,0,0.0,0,
tiktok,comment,7631082026795420949_comment_0,"Perbaiki
Mind Set dan Mentalitas",,https://www.tiktok.com/@polymarketsheikh/video/7631082026795420949,7631082026795420949,neutral,2026-06-09T00:10:43.419673,0,0,0,0,0.0,0,
tiktok,comment,7631082026795420949_comment_1,di posisi inilah sales di tempa integritas dan loyalitas nya terhadap produk maupun perusahaan yang di layani nya.💪🔥🫵,,https://www.tiktok.com/@polymarketsheikh/video/7631082026795420949,7631082026795420949,neutral,2026-06-09T00:10:43.419691,0,0,0,0,0.0,0,
tiktok,comment,7646664837073784084_comment_0,"Perbaiki
Mind Set dan Mentalitas",,https://www.tiktok.com/@ranagoviral/video/7646664837073784084,7646664837073784084,neutral,2026-06-09T00:10:43.765240,0,0,0,0,0.0,0,
tiktok,comment,7646664837073784084_comment_1,di posisi inilah sales di tempa integritas dan loyalitas nya terhadap produk maupun perusahaan yang di layani nya.💪🔥🫵,,https://www.tiktok.com/@ranagoviral/video/7646664837073784084,7646664837073784084,neutral,2026-06-09T00:10:43.765319,0,0,0,0,0.0,0,
tiktok,comment,7632683504869838101_comment_0,"Perbaiki
Mind Set dan Mentalitas",,https://www.tiktok.com/@user93482139130546/video/7632683504869838101,7632683504869838101,neutral,2026-06-09T00:10:44.104770,0,0,0,0,0.0,0,
tiktok,comment,7632683504869838101_comment_1,di posisi inilah sales di tempa integritas dan loyalitas nya terhadap produk maupun perusahaan yang di layani nya.💪🔥🫵,,https://www.tiktok.com/@user93482139130546/video/7632683504869838101,7632683504869838101,neutral,2026-06-09T00:10:44.104805,0,0,0,0,0.0,0,
tiktok,comment,7631743815824444693_comment_0,"Perbaiki
Mind Set dan Mentalitas",,https://www.tiktok.com/@bayti_ph/video/7631743815824444693,7631743815824444693,neutral,2026-06-09T00:10:44.452197,0,0,0,0,0.0,0,
tiktok,comment,7631743815824444693_comment_1,di posisi inilah sales di tempa integritas dan loyalitas nya terhadap produk maupun perusahaan yang di layani nya.💪🔥🫵,,https://www.tiktok.com/@bayti_ph/video/7631743815824444693,7631743815824444693,neutral,2026-06-09T00:10:44.452219,0,0,0,0,0.0,0,
tiktok,comment,7636791867467779336_comment_0,"Perbaiki
Mind Set dan Mentalitas",,https://www.tiktok.com/@ontlixmacatanong/video/7636791867467779336,7636791867467779336,neutral,2026-06-09T00:10:44.816860,0,0,0,0,0.0,0,
tiktok,comment,7636791867467779336_comment_1,di posisi inilah sales di tempa integritas dan loyalitas nya terhadap produk maupun perusahaan yang di layani nya.💪🔥🫵,,https://www.tiktok.com/@ontlixmacatanong/video/7636791867467779336,7636791867467779336,neutral,2026-06-09T00:10:44.816879,0,0,0,0,0.0,0,
tiktok,comment,7527217307962068232_comment_0,"Perbaiki
Mind Set dan Mentalitas",,https://www.tiktok.com/@lakay.eman/video/7527217307962068232,7527217307962068232,neutral,2026-06-09T00:10:45.181788,0,0,0,0,0.0,0,
tiktok,comment,7527217307962068232_comment_1,di posisi inilah sales di tempa integritas dan loyalitas nya terhadap produk maupun perusahaan yang di layani nya.💪🔥🫵,,https://www.tiktok.com/@lakay.eman/video/7527217307962068232,7527217307962068232,neutral,2026-06-09T00:10:45.181811,0,0,0,0,0.0,0,
tiktok,comment,7643843320300440840_comment_0,"Perbaiki
Mind Set dan Mentalitas",,https://www.tiktok.com/@farahmalatang/video/7643843320300440840,7643843320300440840,neutral,2026-06-09T00:10:45.560244,0,0,0,0,0.0,0,
tiktok,comment,7643843320300440840_comment_1,di posisi inilah sales di tempa integritas dan loyalitas nya terhadap produk maupun perusahaan yang di layani nya.💪🔥🫵,,https://www.tiktok.com/@farahmalatang/video/7643843320300440840,7643843320300440840,neutral,2026-06-09T00:10:45.560276,0,0,0,0,0.0,0,
tiktok,comment,7528283974188354822_comment_0,"Perbaiki
Mind Set dan Mentalitas",,https://www.tiktok.com/@unteyo.journey/video/7528283974188354822,7528283974188354822,neutral,2026-06-09T00:10:45.896049,0,0,0,0,0.0,0,
tiktok,comment,7528283974188354822_comment_1,di posisi inilah sales di tempa integritas dan loyalitas nya terhadap produk maupun perusahaan yang di layani nya.💪🔥🫵,,https://www.tiktok.com/@unteyo.journey/video/7528283974188354822,7528283974188354822,neutral,2026-06-09T00:10:45.896133,0,0,0,0,0.0,0,
tiktok,comment,7631863336459668756_comment_0,"Perbaiki
Mind Set dan Mentalitas",,https://www.tiktok.com/@yukoruwxudi/video/7631863336459668756,7631863336459668756,neutral,2026-06-09T00:10:46.229687,0,0,0,0,0.0,0,
tiktok,comment,7631863336459668756_comment_1,di posisi inilah sales di tempa integritas dan loyalitas nya terhadap produk maupun perusahaan yang di layani nya.💪🔥🫵,,https://www.tiktok.com/@yukoruwxudi/video/7631863336459668756,7631863336459668756,neutral,2026-06-09T00:10:46.229712,0,0,0,0,0.0,0,
tiktok,comment,7647872366223068424_comment_0,"Perbaiki
Mind Set dan Mentalitas",,https://www.tiktok.com/@cashflowclarityke/video/7647872366223068424,7647872366223068424,neutral,2026-06-09T00:10:46.598698,0,0,0,0,0.0,0,
tiktok,comment,7647872366223068424_comment_1,di posisi inilah sales di tempa integritas dan loyalitas nya terhadap produk maupun perusahaan yang di layani nya.💪🔥🫵,,https://www.tiktok.com/@cashflowclarityke/video/7647872366223068424,7647872366223068424,neutral,2026-06-09T00:10:46.598828,0,0,0,0,0.0,0,
tiktok,comment,7607891448318512406_comment_0,"Perbaiki
Mind Set dan Mentalitas",,https://www.tiktok.com/@shopivibes_ai/video/7607891448318512406,7607891448318512406,neutral,2026-06-09T00:10:46.935064,0,0,0,0,0.0,0,
tiktok,comment,7607891448318512406_comment_1,di posisi inilah sales di tempa integritas dan loyalitas nya terhadap produk maupun perusahaan yang di layani nya.💪🔥🫵,,https://www.tiktok.com/@shopivibes_ai/video/7607891448318512406,7607891448318512406,neutral,2026-06-09T00:10:46.935082,0,0,0,0,0.0,0,
tiktok,comment,7646995528349355284_comment_0,"Perbaiki
Mind Set dan Mentalitas",,https://www.tiktok.com/@kcsecurityofficial/video/7646995528349355284,7646995528349355284,neutral,2026-06-09T00:10:47.279768,0,0,0,0,0.0,0,
tiktok,comment,7646995528349355284_comment_1,di posisi inilah sales di tempa integritas dan loyalitas nya terhadap produk maupun perusahaan yang di layani nya.💪🔥🫵,,https://www.tiktok.com/@kcsecurityofficial/video/7646995528349355284,7646995528349355284,neutral,2026-06-09T00:10:47.279788,0,0,0,0,0.0,0,
tiktok,comment,7449451579851214123_comment_0,"Perbaiki
Mind Set dan Mentalitas",,https://www.tiktok.com/@integraltruck/video/7449451579851214123,7449451579851214123,neutral,2026-06-09T00:10:47.609073,0,0,0,0,0.0,0,
tiktok,comment,7449451579851214123_comment_1,di posisi inilah sales di tempa integritas dan loyalitas nya terhadap produk maupun perusahaan yang di layani nya.💪🔥🫵,,https://www.tiktok.com/@integraltruck/video/7449451579851214123,7449451579851214123,neutral,2026-06-09T00:10:47.609093,0,0,0,0,0.0,0,
tiktok,comment,7562442356625067284_comment_0,"Perbaiki
Mind Set dan Mentalitas",,https://www.tiktok.com/@afran.raz.rasel/video/7562442356625067284,7562442356625067284,neutral,2026-06-09T00:10:47.958724,0,0,0,0,0.0,0,
tiktok,comment,7562442356625067284_comment_1,di posisi inilah sales di tempa integritas dan loyalitas nya terhadap produk maupun perusahaan yang di layani nya.💪🔥🫵,,https://www.tiktok.com/@afran.raz.rasel/video/7562442356625067284,7562442356625067284,neutral,2026-06-09T00:10:47.958744,0,0,0,0,0.0,0,
tiktok,comment,7432582686310436114_comment_0,"Perbaiki
Mind Set dan Mentalitas",,https://www.tiktok.com/@rossritchieau/video/7432582686310436114,7432582686310436114,neutral,2026-06-09T00:10:48.282277,0,0,0,0,0.0,0,
tiktok,comment,7432582686310436114_comment_1,di posisi inilah sales di tempa integritas dan loyalitas nya terhadap produk maupun perusahaan yang di layani nya.💪🔥🫵,,https://www.tiktok.com/@rossritchieau/video/7432582686310436114,7432582686310436114,neutral,2026-06-09T00:10:48.282296,0,0,0,0,0.0,0,
tiktok,comment,7182829245025094939_comment_0,"Perbaiki
Mind Set dan Mentalitas",,https://www.tiktok.com/@teknisibongkarpasang/video/7182829245025094939,7182829245025094939,neutral,2026-06-09T00:10:48.617652,0,0,0,0,0.0,0,
tiktok,comment,7182829245025094939_comment_1,di posisi inilah sales di tempa integritas dan loyalitas nya terhadap produk maupun perusahaan yang di layani nya.💪🔥🫵,,https://www.tiktok.com/@teknisibongkarpasang/video/7182829245025094939,7182829245025094939,neutral,2026-06-09T00:10:48.617676,0,0,0,0,0.0,0,
tiktok,comment,7558584617159183672_comment_0,"Perbaiki
Mind Set dan Mentalitas",,https://www.tiktok.com/@as.key.centre/video/7558584617159183672,7558584617159183672,neutral,2026-06-09T00:10:49.026778,0,0,0,0,0.0,0,
tiktok,comment,7558584617159183672_comment_1,di posisi inilah sales di tempa integritas dan loyalitas nya terhadap produk maupun perusahaan yang di layani nya.💪🔥🫵,,https://www.tiktok.com/@as.key.centre/video/7558584617159183672,7558584617159183672,neutral,2026-06-09T00:10:49.026804,0,0,0,0,0.0,0,
tiktok,comment,7646084373124631809_comment_0,"Perbaiki
Mind Set dan Mentalitas",,https://www.tiktok.com/@dr.fold/video/7646084373124631809,7646084373124631809,neutral,2026-06-09T00:10:49.364213,0,0,0,0,0.0,0,
tiktok,comment,7646084373124631809_comment_1,di posisi inilah sales di tempa integritas dan loyalitas nya terhadap produk maupun perusahaan yang di layani nya.💪🔥🫵,,https://www.tiktok.com/@dr.fold/video/7646084373124631809,7646084373124631809,neutral,2026-06-09T00:10:49.364585,0,0,0,0,0.0,0,
tiktok,comment,7616350243235450134_comment_0,"Perbaiki
Mind Set dan Mentalitas",,https://www.tiktok.com/@hm.nomanbashir/video/7616350243235450134,7616350243235450134,neutral,2026-06-09T00:10:49.688847,0,0,0,0,0.0,0,
tiktok,comment,7616350243235450134_comment_1,di posisi inilah sales di tempa integritas dan loyalitas nya terhadap produk maupun perusahaan yang di layani nya.💪🔥🫵,,https://www.tiktok.com/@hm.nomanbashir/video/7616350243235450134,7616350243235450134,neutral,2026-06-09T00:10:49.688857,0,0,0,0,0.0,0,
tiktok,comment,7591511420018117908_comment_0,"Perbaiki
Mind Set dan Mentalitas",,https://www.tiktok.com/@financial.anson/video/7591511420018117908,7591511420018117908,neutral,2026-06-09T00:10:50.050558,0,0,0,0,0.0,0,
tiktok,comment,7591511420018117908_comment_1,di posisi inilah sales di tempa integritas dan loyalitas nya terhadap produk maupun perusahaan yang di layani nya.💪🔥🫵,,https://www.tiktok.com/@financial.anson/video/7591511420018117908,7591511420018117908,neutral,2026-06-09T00:10:50.050576,0,0,0,0,0.0,0,
tiktok,comment,7627129351049432342_comment_0,"Perbaiki
Mind Set dan Mentalitas",,https://www.tiktok.com/@bonplantiktok40/video/7627129351049432342,7627129351049432342,neutral,2026-06-09T00:10:50.406075,0,0,0,0,0.0,0,
tiktok,comment,7627129351049432342_comment_1,di posisi inilah sales di tempa integritas dan loyalitas nya terhadap produk maupun perusahaan yang di layani nya.💪🔥🫵,,https://www.tiktok.com/@bonplantiktok40/video/7627129351049432342,7627129351049432342,neutral,2026-06-09T00:10:50.406113,0,0,0,0,0.0,0,
tiktok,comment,7530269484364352774_comment_0,"Perbaiki
Mind Set dan Mentalitas",,https://www.tiktok.com/@waterfrontsekuritas/video/7530269484364352774,7530269484364352774,neutral,2026-06-09T00:10:50.751680,0,0,0,0,0.0,0,
tiktok,comment,7530269484364352774_comment_1,di posisi inilah sales di tempa integritas dan loyalitas nya terhadap produk maupun perusahaan yang di layani nya.💪🔥🫵,,https://www.tiktok.com/@waterfrontsekuritas/video/7530269484364352774,7530269484364352774,neutral,2026-06-09T00:10:50.751716,0,0,0,0,0.0,0,
tiktok,comment,7646068517783080210_comment_0,"Perbaiki
Mind Set dan Mentalitas",,https://www.tiktok.com/@nandani.bastarala/video/7646068517783080210,7646068517783080210,neutral,2026-06-09T00:10:51.101055,0,0,0,0,0.0,0,
tiktok,comment,7646068517783080210_comment_1,di posisi inilah sales di tempa integritas dan loyalitas nya terhadap produk maupun perusahaan yang di layani nya.💪🔥🫵,,https://www.tiktok.com/@nandani.bastarala/video/7646068517783080210,7646068517783080210,neutral,2026-06-09T00:10:51.101073,0,0,0,0,0.0,0,
tiktok,comment,7611066819759049991_comment_0,"Perbaiki
Mind Set dan Mentalitas",,https://www.tiktok.com/@zikhhentakmarket/video/7611066819759049991,7611066819759049991,neutral,2026-06-09T00:10:51.452935,0,0,0,0,0.0,0,
tiktok,comment,7611066819759049991_comment_1,di posisi inilah sales di tempa integritas dan loyalitas nya terhadap produk maupun perusahaan yang di layani nya.💪🔥🫵,,https://www.tiktok.com/@zikhhentakmarket/video/7611066819759049991,7611066819759049991,neutral,2026-06-09T00:10:51.452970,0,0,0,0,0.0,0,
tiktok,comment,7584093320721222932_comment_0,"Perbaiki
Mind Set dan Mentalitas",,https://www.tiktok.com/@norijannahroslanofficial/video/7584093320721222932,7584093320721222932,neutral,2026-06-09T00:10:51.804753,0,0,0,0,0.0,0,
tiktok,comment,7584093320721222932_comment_1,di posisi inilah sales di tempa integritas dan loyalitas nya terhadap produk maupun perusahaan yang di layani nya.💪🔥🫵,,https://www.tiktok.com/@norijannahroslanofficial/video/7584093320721222932,7584093320721222932,neutral,2026-06-09T00:10:51.804772,0,0,0,0,0.0,0,
tiktok,comment,7628718215530614037_comment_0,"Perbaiki
Mind Set dan Mentalitas",,https://www.tiktok.com/@akkuvibes/video/7628718215530614037,7628718215530614037,neutral,2026-06-09T00:10:52.160654,0,0,0,0,0.0,0,
tiktok,comment,7628718215530614037_comment_1,di posisi inilah sales di tempa integritas dan loyalitas nya terhadap produk maupun perusahaan yang di layani nya.💪🔥🫵,,https://www.tiktok.com/@akkuvibes/video/7628718215530614037,7628718215530614037,neutral,2026-06-09T00:10:52.160692,0,0,0,0,0.0,0,
