Platform,Type,ID,Text,URL,Parent_Post_URL,Parent_Post_ID,Sentiment,Date,likes,shares,comments_count,views,sentiment_score,total_engagement,engagement_score
tiktok,post,7632930905757224212,#najwashihab #man #xybca #fyp #sepakat,https://www.tiktok.com/@novalaginugas/video/7632930905757224212,,,neutral,2026-05-29T18:55:12.662639,2200000,204400,30800,19600000,0.0,2631200,2720800.0
tiktok,post,7642322006670642439,"vinica sumeh, sepakat",https://www.tiktok.com/@violetorca/video/7642322006670642439,,,neutral,2026-05-29T18:54:47.503560,1700000,25400,3323,20000000,0.0,1928723,1780769.0
tiktok,post,7474796232821509377,(Light: @madjick.cos) My oh my… #deathnote #deathnotecosplay #L #lightyagami #lcosplay #lightyagamicosplay #llawliet #ldeathnote #lawlight #misaamane #cosplay #fyp,https://www.tiktok.com/@kirasarchived/video/7474796232821509377,,,neutral,2026-05-29T18:54:51.919240,295000,59300,3786,1700000,0.0,375086,426658.0
tiktok,post,7351395075621965062,"Yuk bisa yuk bapak-ibu Hakim MK kembalikan kepercayaan publik terhadap demokrasi di Indonesia

Hari ini kita bahas dan omon-omon soal peluang diulangnya Pilpres 2024 lewat gugatan ke Mahkamah Konstitusi

#fyp #fyppppppppppppppppppppppp",https://www.tiktok.com/@virdianaurellio/video/7351395075621965062,,,neutral,2026-05-29T18:54:50.032225,146700,5511,21400,3300000,0.0,206611,225222.0
tiktok,post,7588580888615619861,"#CapCut Perjalanan ini bukan lagi tentang seberapa cepat sampai di tujuan yang kupikirkan, tapi seberapa ikhlas menikmati pemandangan di jalur yang diberikan-Nya.
​Menjadi tenang adalah level penerimaan tertinggi. 🥀
​#selfreminderislami #ketenanganhati #hijrahquotes #nasihatdiri",https://www.tiktok.com/@reels.gunawan.id/video/7588580888615619861,,,neutral,2026-05-29T18:54:47.202180,129500,23400,369,2900000,0.0,182269,180307.0
tiktok,post,7641949753567186177,"Bermula 1 Jun 2026, Malaysia akan mengeluarkan passport versi baharu secara berperingkat.

Pasport baru ni akan mempunyai 94 ciri keselamatan berbanding sekitar 49 ciri pada pasport sedia ada.

Bukan sekadar  melangkaui aspek estetika atau rupa paras pasport. ia antara  lain membuktikan komitmen negara dalam memperketat perlindungan dokumen perjalanan rakyat malaysia  di peringkat global.

Radzi Ahmad ada laporannya.",https://www.tiktok.com/@tvsarawak/video/7641949753567186177,,,neutral,2026-05-29T18:55:10.774534,73500,33200,984,2100000,0.0,128684,144952.0
tiktok,post,7610368508500643080,Definisi Cinta Yang Dewasa #motivasihidup #fyp,https://www.tiktok.com/@stevilewaherilla95/video/7610368508500643080,,,neutral,2026-05-29T18:55:05.057671,92100,18000,873,1500000,0.0,125973,132219.0
tiktok,post,7507474085627104519,"😔 BIKIN NYESEK!!
Di hari kelulusan, dia cuma bisa menatap dari jauh.
Bukan karena malas, tapi karena belum lunas.
Kadang kenyataan segini kejamnya... 😔📚
#semoga jadi orang hebat ya dek.. ✨🙏
#Famesia #SPP #FYP #Sekolah #ViralIndonesia #viral #fyp#tiktoktrending #fypシ゚",https://www.tiktok.com/@famesia.id/video/7507474085627104519,,,neutral,2026-05-29T18:54:47.814043,69100,3131,10700,2300000,0.0,105931,109762.0
tiktok,post,7167444066878197019,HAHAHAHA ADUH 🤣🤣🤣 #HidupPN #muhyiddinyassin #perikatannasional #pru15 #foryou #foryoupage #fyppppp #fyp,https://www.tiktok.com/@strawberryana._/video/7167444066878197019,,,neutral,2026-05-29T18:55:24.212422,84700,1848,2125,901100,0.0,97684,95672.1
tiktok,post,7631929128710720789,"Kita tidak punya kapasitas menolak sesuatu yang terjadi. Namun, saat bisa menerima dengan ikhlas, kita jadi lebih kuat, tenang, dan siap menghadapi masa depan.",https://www.tiktok.com/@neeilllll/video/7631929128710720789,,,neutral,2026-05-29T18:54:51.285505,61600,5751,390,860800,0.0,76349,75132.8
tiktok,post,7433737157971528966,"tidak ada ruginya jika kau memuliakan istrimu, yang ada keberkahan selalu menyertai setiap langkahmu#masyaallah #suamiistri #suamiistribahagia #rumahtangga #pernikahan #sakinahmawaddahwarahmah #untiljannah",https://www.tiktok.com/@haicapricorn27/video/7433737157971528966,,,neutral,2026-05-29T18:55:16.903492,47300,10900,402,740100,0.0,66003,71046.1
tiktok,post,7640189970711383316,"berapa kali ini agak nyamping 

bersama @zain",https://www.tiktok.com/@briliandam/video/7640189970711383316,,,neutral,2026-05-29T18:55:16.212680,43200,2435,563,557200,0.0,51770,50316.2
tiktok,post,7641538076866579733,#quetes #katakata #katabijak #perantau #fyp,https://www.tiktok.com/@cong_iq/video/7641538076866579733,,,neutral,2026-05-29T18:54:53.454641,42100,2468,196,476700,0.0,49531,48100.7
tiktok,post,7644424732565228821,"Animasi AI berjudul ""Reckoning Day"" tengah menjadi sorotan karena muatannya yang berani. Di dalamnya, terdapat ilustrasi sosok-sosok berseragam, berpeci hitam, dan berdasi merah. Simbol yang identik dengan pejabat sedang dibakar oleh satwa-satwa korban deforestasi. Sebagian pihak mengecap video ini sebagai pelecehan terhadap marwah pemerintah. Namun, publik justru melihatnya sebagai kritik artistik yang valid. Logikanya sederhana, jika pemerintah merasa tidak melakukan pembabatan hutan dan merusak alam, seharusnya tidak perlu tersinggung, bukan? Karya ini adalah cerminan jika bayangannya buruk, jangan cerminnya yang dipecahkan.
Cr: @rezcky.purba 
#fyppppppppppppppppppppppp #edukasi #lindungisatwa #saveearth",https://www.tiktok.com/@mhsa545/video/7644424732565228821,,,neutral,2026-05-29T18:55:01.240118,30800,1812,565,442900,0.0,37606,36561.9
tiktok,post,7482364301085363478,#fy #fyp #foryou #nekedbe #gyógytorna #gyógytornász #banyapúp,https://www.tiktok.com/@gyogytornasz_szemmel/video/7482364301085363478,,,neutral,2026-05-29T18:55:27.679042,28400,2438,63,496400,0.0,35865,33961.4
tiktok,post,7550209911918218504,#perikatannasionaledit #partiislamsemalaysia  #partiperibumibersatumalaysia #tiktokperikatannasional #tiktokviraltrending @KieyLegendOFF,https://www.tiktok.com/@anak_muda_pas13/video/7550209911918218504,,,neutral,2026-05-29T18:54:39.320886,17800,958,3808,165400,0.0,24220,31305.4
tiktok,post,7633433416200883476,"Kadang yang bikin kita jalan di tempat itu bukan kurang modal, tapi kurang informasi dan lingkungan yang salah. 🧠✨ Pilih teman itu bukan sombong, tapi soal mau seberapa jauh kita melangkah.
Setuju gak kalau lingkungan itu 80% penentu sukses kita? 👇
#mindset #sukses #tipsbisnis #motivasi #fyp",https://www.tiktok.com/@khkh200110/video/7633433416200883476,,,neutral,2026-05-29T18:55:17.227713,19400,2019,786,1300000,0.0,35205,27096.0
tiktok,post,7640802037520747783,Sejarah Mungkin Berulang || Andai ku turut rasa hati #liriklagu #overlay #fypviral #CapCut,https://www.tiktok.com/@suhempermana86/video/7640802037520747783,,,neutral,2026-05-29T18:54:59.423586,22900,1335,99,913600,0.0,33470,26780.6
tiktok,post,7572118751370284306,"💔 Ingin mengajukan cerai?
Pastikan langkahmu sesuai dengan ketentuan hukum yang berlaku.
Proses perceraian hanya dapat dilakukan secara resmi melalui Pengadilan Agama,
di bawah naungan Mahkamah Agung Republik Indonesia. 🇮🇩

💬 Untuk mengetahui persyaratan dan tata cara pengajuan cerai,
Anda dapat mengunjungi Pelayanan Terpadu Satu Pintu (PTSP) di Pengadilan Agama Tuban.

💻 Semua proses kini semakin mudah  —
transparan, cepat, dan dapat diakses di mana saja.

#PengadilanAgama #MahkamahAgungRI #PeradilanAgama #SIMAH #eCourt",https://www.tiktok.com/@pa.tuban/video/7572118751370284306,,,neutral,2026-05-29T18:54:59.118870,15800,1676,1071,694700,0.0,25494,23059.7
tiktok,post,7597602556113702160,"Mengapa Coretax bikin pajak suami-istri jadi super transparan di 2026? 🤔
Karena sekarang, keluarga diperlakukan seperti “rekening bersama” dalam pajak.
💡 Konsep FTU (Family Tax Unit)
Penghasilan & kerugian keluarga digabung,
dan kewajiban pajaknya dikelola oleh kepala keluarga.
💡 Istri bekerja, NPWP digabung?
NPWP istri dinonaktifkan ➝
NIK istri didaftarkan sebagai anggota keluarga di Coretax suami.
⚠️ Hati-hati pilih status PH / MT
Walau pisah pajak, penghasilan tetap digabung dulu.
Banyak yang kaget… karena malah jadi Kurang Bayar SPT 😬
📌 Pastikan DUK rapi
Lewat Portal Saya ➝ Profil Saya ➝ Unit Pajak Keluarga,
agar data otomatis masuk ke SPT.
📄 Kenapa bukti potong tetap pakai NIK istri?
Agar data digital Coretax valid & sinkron, meski pajak sudah gabung.
👉 Sebelum SPT 2026,
cek & update data keluarga sekarang —
biar pajak keluarga tetap aman dan tenang ✨

#MengapaCoretax #PajakKeluarga #FTU #PajakSuamiIstri #Coretax2026",https://www.tiktok.com/@ruang_keuangan/video/7597602556113702160,,,neutral,2026-05-29T18:55:16.576497,4544,6941,247,378900,0.0,15521,19545.9
tiktok,post,7484878966600322310,"Kapendam II Sriwijaya Kolonel Eko Syah Putra Siregar mengungkapkan, ada setoran atau bagi-bagi uang antara personel aparat keamanan maupun anggota militer dari gelaran perjudian sabung ayam di Negara Batin, Way Kanan, Lampung. Ini diduga sebagai akar penembakan tiga anggota kepolisian oleh dua prajurit TNI yang terjadi di Kampung Karang Manik, Senin 17 Maret 2025 lalu.

Kapendam menyampaikan, setoran dan bagi-bagi uang tersebut merupakan komitmen antara kepolisian dan militer di Negara Batin. Komitmen itu berupa ‘pengamanan’ bisnis perjudian sabung ayam di Kampung Karang Manik tersebut. Keterangan itu diperoleh dari hasil pemeriksaan internal terhadap Kopka Basarsyah dan Peltu Lubis, pemilik lokasi perjudian sabung ayam. Kedua aggota TNI yang sudah mengakui dan menyerahkan diri sebagai pelaku penembakan yang menewaskan tiga personel Polri.

Sementara itu, Kepolisian Daerah (Polda) Lampung meminta pihak yang menyebarkan isu ada setoran diterima anggota dari aktivitas judi sabung ayam di Kabupaten Way Kanan menunjukkan bukti. Bila benar terbukti, maka anggota yang bersalah akan diproses. 

‘’Jadi isunya kan disebutkan baik Koramil, maupun Polsek di sana menerima setoran, kalau memang iya langsung ditindaklanjuti dan saya yakin dari TNI juga akan melakukan penindakan kalau memang benar,’’ kata Kapolda Lampung Irjen Pol Helmy Santika dalam keterangannya, di Provinsi Lampung, Sabtu.

Menurutnya, isu yang beredar bahwa tragedi penembakan dipicu masalah setoran adalah asumsi tak mendasar. Ia mengatakan, kalaupun memang ada setoran, itu tetap tidak menghilangkan fakta penembakan yang menyebabkan tiga orang meninggal dunia.

#CekRepublikaAja",https://www.tiktok.com/@republika.tekno/video/7484878966600322310,,,neutral,2026-05-29T18:55:19.621402,9427,368,2733,613900,0.0,18667,18975.9
tiktok,post,7588843303391481096,"Menteri Besar Perlis ke-12, Abu Bakar Hamzah menyifatkan isu perbalahan antara Pas dan BERSATU sebagai kecil dan lumrah dalam politik, sambil menegaskan ia diperbesar pihak tertentu. 

Beliau yakin kepimpinan tertinggi kedua-dua parti mampu menyelesaikannya segera demi memastikan kerjasama Perikatan Nasional kekal utuh dan bergerak seiring. #AWANInews",https://www.tiktok.com/@501awani/video/7588843303391481096,,,neutral,2026-05-29T18:54:34.280542,11800,581,1674,572000,0.0,19775,18556.0
tiktok,post,7581509859460304146,"""Jika tidak mampu berjanji, janganlah berjanji — setiap janji adalah hutang yang harus dipertanggungjawabkan. Rasulullah ﷺ bersabda: 'Tanda orang munafik ada tiga: apabila berbicara ia berdusta, apabila berjanji ia mengingkari, dan apabila dipercaya ia berkhianat.' (HR. Bukhari & Muslim). Berhati-hatilah dalam mengucapkan janji, karena sekali ingkari, bisa melukai hati dan menjadi beban dosa yang kita pikul.""
 
#JanjiAdalahHutang#BerhatiHatilahBerjanji#SunnahRasul#HaditsBukhariMuslim#Amanah",https://www.tiktok.com/@sejutakata5/video/7581509859460304146,,,neutral,2026-05-29T18:54:49.051316,3019,7149,73,226700,0.0,12508,17762.7
tiktok,post,7613947196131527957,Pengetahuan tentang puasa ‼️,https://www.tiktok.com/@herysetiawannatsir/video/7613947196131527957,,,neutral,2026-05-29T18:55:19.299727,13500,1358,73,632200,0.0,21253,17067.2
tiktok,post,7629585163571318024,ini lagu ada yg baru lgi 🤣🤣#fyppppppppppppppppppppppp,https://www.tiktok.com/@user818khanza/video/7629585163571318024,,,neutral,2026-05-29T18:55:17.848292,2127,6544,42,313900,0.0,11852,15654.9
tiktok,post,7640751813746052370,#xcyzba #bxcyaz #fouryoupage #taipei_taiwan,https://www.tiktok.com/@trysnha95/video/7640751813746052370,,,neutral,2026-05-29T18:55:00.251088,12300,864,199,168400,0.0,15047,14793.4
tiktok,post,7363874155948789010,Ini namanya pnunggang Melayu! #kakistokrasi #pmx2xpm #salamsuaramajoriti #selamatkanmalaysia #perikatannasional #pn #pas #bersatu #ben #teranova #benteranova #islam #melayu #malaysia #for #foryou #foryoupage #foryoupageviral #f #fy #fyp #fypviral #viral,https://www.tiktok.com/@benteranova/video/7363874155948789010,,,neutral,2026-05-29T18:54:56.932338,7018,1022,1598,79400,0.0,10432,13935.4
tiktok,post,7636279995341524245,"Kenapa kita sering kecewa???
#fyppppppppppppppppppppppp #motivasi #islamic_video #katabijak #ustadzhananattaki",https://www.tiktok.com/@seru.sekali17/video/7636279995341524245,,,neutral,2026-05-29T18:54:54.070790,9353,2025,74,223700,0.0,13689,13848.7
tiktok,post,7633106947134262548,"Bukan semangat yang kamu butuhin, tapi ini! 👆
• Teknik visualisasi ala Kak Roma ini bakal ngerubah cara kamu ngadepin masalah. Ingat, ini cuma fase. Jangan biarkan dirimu terjebak selamanya.
• Simpan video ini buat ditonton pas kamu lagi ngerasa mau menyerah. 📌
• #TipsSukses #LawanRasaTakut #MotivasiPagi #SelfDevelopment #suksesmuda",https://www.tiktok.com/@khkh200110/video/7633106947134262548,,,neutral,2026-05-29T18:55:14.601542,8755,1468,312,176700,0.0,12302,12803.7
tiktok,post,7608441384005160212,"aslinya iseng², taunya lolos😹 (siap menggempur OSN-S) #osn #biology #olimpiadesainsnasional #xybca #fyp",https://www.tiktok.com/@rayy.armstrongg/video/7608441384005160212,,,neutral,2026-05-29T18:54:48.430708,10100,375,162,69800,0.0,11335,11405.8
tiktok,post,7626781077289307413,"SAH DAN FINAL! PB IPSI RESMI AKUI KEPENGURUSAN PSHT DI BAWAH KOMANDO DR. IR. MUHAMMAD TAUFIQ
 
Kepemimpinan Dr. Ir. Muhammad Taufiq, S.H., M.Sc. di tubuh Persaudaraan Setia Hati Terate (PSHT) kini memperoleh legitimasi penuh dan resmi dari Pengurus Besar Ikatan Pencak Silat Indonesia (PB IPSI). Dalam momentum bersejarah pada Musyawarah Nasional XVI PB IPSI, organisasi induk pencak silat nasional tersebut secara resmi menyerahkan Surat Keputusan (SK) pengakuan kepada kepengurusan PSHT di bawah komando Muhammad Taufiq sebagai Ketua Umum.
 
Penyerahan SK tersebut dilakukan secara langsung dalam agenda Welcome Dinner Munas XVI yang bertema agung ""Pencak Silat Mendunia Menuju Olimpiade"", disaksikan oleh berbagai tokoh dan delegasi perguruan silat dari seluruh Nusantara.
 
Pengakuan ini menjadi bukti kuat bahwa kepengurusan PSHT yang dipimpin oleh Dr. Ir. Muhammad Taufiq telah dinyatakan sah dan valid secara organisatoris maupun administratif, sesuai dengan landasan hukum dan aturan yang berlaku.
 
PB IPSI menegaskan bahwa keputusan ini diambil melalui proses verifikasi yang matang dan berpedoman pada dokumen resmi negara yang telah terverifikasi, menjadikan legalitas PSHT kini semakin kuat dan teruji.
 
Babak Baru yang Lebih Solid
 
Dengan adanya pengakuan resmi ini, status kepengurusan PSHT di bawah kepemimpinan Dr. Ir. Muhammad Taufiq kini telah jelas, sah, dan final di mata organisasi maupun hukum.
 
Keputusan ini menandai dimulainya babak baru bagi PSHT untuk semakin memantapkan langkah, memperkuat eksistensi, dan bersinergi penuh bersama PB IPSI. Kini, organisasi dapat lebih fokus dalam pembinaan atlet, pelestarian budaya, serta berkontribusi maksimal dalam mewujudkan cita-cita besar mengantarkan pencak silat Indonesia hingga ke panggung Olimpiade dunia.

Kamis, (09/04/2026) 

#PSHTResmi #IPSI #PencakSilatMendunia #JagaIndonesia #fypシ゚",https://www.tiktok.com/@adhie.m.r/video/7626781077289307413,,,neutral,2026-05-29T18:54:49.415507,7393,899,225,238700,0.0,10904,10104.7
tiktok,post,7162119831934831899,WRWRWRWR GEMESSS!🖤 #geomjeongz #chaeyoung #minghao #fromis_9 #seventeen #cutest,https://www.tiktok.com/@propusposterior/video/7162119831934831899,,,neutral,2026-05-29T18:55:15.906208,8737,104,19,54500,0.0,9405,9056.5
tiktok,post,7613729976650566920,"kasih paham boss 🫡🏃🏻‍♀️🏃🏻‍♀️
#ian #hearts2hearts #jeongleean #h2h #fyp",https://www.tiktok.com/@ianm0n/video/7613729976650566920,,,neutral,2026-05-29T18:54:54.373082,5494,1115,39,220000,0.0,8848,8061.0
tiktok,post,7458198138810109189,Membalas @marsella6409 Keluarga Rania adalah Idaman Banget 🥰 baru kenal Masyaa Allah udah sebaik itu memperlakukan tamu 😭✨ gimana nggak sedih pas pisahnya @jadenbahtera balik Indonesia 💔🥺 bersabar ya @˚ ༘♡ ⋆｡˚ rania ˚ ༘♡ ⋆｡˚ Insyaa Allah bertemu kembali dan semoga bersatu dalam ikatan suci pernikahan 💍 Aamiin #fyp #rania #jaden #jttstoremy,https://www.tiktok.com/@m.adiputra_23/video/7458198138810109189,,,neutral,2026-05-29T18:55:02.484786,6667,32,108,263400,0.0,9441,7318.4
tiktok,post,7576957803240213776,"Untuk yg finis kontrak dan ingin melanjutkan kerja di majikan yg berbeda,Jangan mau di bodohi oknum dgn kata (waktu sisa 2 bln baru ttd) mereka sengaja membuat waktu pma mepet yg akhir nya tidak ada pilihan lain yg membuat pma menggunakan  jasa ejensi lagi🙏🙏 #dhsc #pttm  #infopmitaiwan  #tkwtaiwanmandiri  #sbipt_berdayasejahteraterlindungi WDA - Workforce Development Agency
（WDA / 勞動力發展署）adalah lembaga
resmi di bawah Ministry of Labor (MOL
勞動部）
WDA yang mengatur dan menerbitkan izin kerja untuk semua pekerja asing.
Website resmi: https://
fwad.wda.gov.tw",https://www.tiktok.com/@welas_asih22/video/7576957803240213776,,,neutral,2026-05-29T18:55:03.463387,2946,518,919,133200,0.0,5715,6872.2
tiktok,post,7426653989392878853,"Bunda Ita menerima pernyataan Paslon Debat Publik Pertama Calon Bupati Nganjuk periode 2024-2029 dengan tema Kesehatan yaitu masalah Stunting.

#bunda 
#ita 
#nganjuk 
#nganjuk24jam 
#nganjukkotaangin 
#nganjukhits 
#nganjuk_jawa_timur 
#pilkada 
#pilkada2024 
#fyp",https://www.tiktok.com/@nganjukjayamrta/video/7426653989392878853,,,neutral,2026-05-29T18:54:55.638000,4195,367,473,521000,0.0,10245,6869.0
tiktok,post,7640830205384281365,#fly #fly #fly Done daftar ahli di bersama.org,https://www.tiktok.com/@bersama987/video/7640830205384281365,,,neutral,2026-05-29T18:55:19.928229,3622,776,466,90000,0.0,5764,6662.0
tiktok,post,7605606541437324565,"Fresly Nikijuluw Bawain ‘Beta Salah Apa’ — Satu GOR Soemantri Ikut Terbawa!
.
.
.
Tonton Fresly Nikijuluw membawakan lagu “Beta Salah Apa” di panggung UTIFEST 2025 di GOR Soemantri—festival musik & budaya Indonesia Timur yang menghadirkan ribuan penonton dan menjadi ajang solidaritas nasional.

“Beta Salah Apa” adalah lagu berbahasa Ambon yang dirilis pada 1 Maret 2024 dan sempat trending di YouTube. Lagu ciptaan Fresly ini menggambarkan kekecewaan dan kebingungan seseorang yang ditinggalkan tanpa penjelasan, mempertanyakan apa kesalahannya hingga hubungan harus berakhir.

Dengan melodi sedih dan nuansa Maluku yang kental, lagu ini menjadi jeritan hati yang dekat dengan pengalaman banyak orang. Penampilan Fresly di UTIFEST 2025 menghadirkan momen emosional di tengah meriahnya festival, membuat ribuan penonton ikut terbawa suasana.

Video ini hanya fan cam suasana konser, bukan video resmi.

#utifest2025 #utifest #festival #festivalmusic #festivalmusik #suaradaritimur #doddielatuharhary #freslynikijuluw #totoncaribo #jacsonzeran #siletopenup #juanreza #vickysalamor #justyaldrin #mac #jiexpo #konser #konsermusik #konsermusikindonesia #bandindonesia #shorts #musiktimur #musikindonesiatimur #indonesiatimur #reelsforyou",https://www.tiktok.com/@yo_bsp/video/7605606541437324565,,,neutral,2026-05-29T18:54:49.720636,5661,142,7,57000,0.0,6380,6023.0
tiktok,post,7086171248736161030,Rien ne va dans cette vidéo entre le fou rire de Marine et les bolcheviques 😅 #pourtoi #lepen #politique,https://www.tiktok.com/@lespepitespolitiques/video/7086171248736161030,,,neutral,2026-05-29T18:55:20.554201,4740,275,122,165400,0.0,6791,5821.4
tiktok,post,7242334208754994434,"Walaun Marang Hadir Teguh Pertahan 3 Negeri Pas/PN. Dan InsyaAllah Menyusul 3 Negeri Lagi..Amin...🤲🤲🤲🤲
#pnthebest #pnbest #pas #bersatu #gerakan #perikatannasional",https://www.tiktok.com/@matnijang/video/7242334208754994434,,,neutral,2026-05-29T18:54:37.739758,4215,161,313,26100,0.0,4950,5502.1
tiktok,post,7463455585908919574,#petanque comment faire tourner les boules de la gauche vers la droite 👀💪 démonstration de Dylan Rocher,https://www.tiktok.com/@philduchobut/video/7463455585908919574,,,neutral,2026-05-29T18:55:22.478161,4023,232,0,508700,0.0,9342,4995.7
tiktok,post,7407379160110206214,Beberapa karya anyaman siswa kelas 6 ❤️ Enjoy the process 🥰💪🏻#karyasiswasd #anyamankertas #siswakelas6,https://www.tiktok.com/@hyra163/video/7407379160110206214,,,neutral,2026-05-29T18:55:21.204947,3373,495,71,300700,0.0,6946,4876.7
tiktok,post,7629185268209290517,"PETALING JAYA, 16 Apr - Pertemuan antara Presiden Bersatu, Tan Sri Muhyiddin Yassin dan Presiden PAS, Tan Sri Abdul Hadi Awang di Rusila dilihat sebagai isyarat bahawa Perikatan Nasional (PN) kini mula merangka strategi lebih tersusun bagi menghadapi PRU16.

Ketua Bersatu Terengganu, Razali Idris, berkata pertemuan hampir sejam itu berlangsung dalam suasana mesra dan mencapai kesepakatan untuk memperkukuh gabungan serta mempererat hubungan antara PAS dan Bersatu sebagai teras kekuatan PN.

“Isyaratnya jelas, PN tidak lagi sekadar bersembang tetapi menyusun langkah ke depan untuk menawan Putrajaya pada PRU16,” katanya.

Beliau turut menegaskan bahawa hubungan antara kedua-dua parti itu kekal menjadi asas penting dalam menghadapi pilihan raya akan datang.

Razali turut menekankan kepentingan menggerakkan jentera pilihan raya lebih awal bagi memastikan kesiapsiagaan gabungan itu, sambil menyifatkan pertemuan berkenaan sebagai langkah awal ke arah perancangan lebih besar menuju kemenangan.

Kredit foto: FB Dr Muhammad Khalil Abdul Hadi

#BeritaKS",https://www.tiktok.com/@berita.ks/video/7629185268209290517,,,neutral,2026-05-29T18:54:36.796286,2767,144,541,74100,0.0,4193,4752.1
tiktok,post,7644698617256758536,"#jaeyoon X #aguiar:: gente,falaram que eu tenho psicológico fdo #ordemparanormal #rpgcellbit #hexatombe @afetopograma",https://www.tiktok.com/@lc.spiderman/video/7644698617256758536,,,neutral,2026-05-29T18:55:05.676131,3360,315,18,12700,0.0,3820,4056.7
tiktok,post,7644492927770676487,#indonesia #city #vibes #nationalist #viral,https://www.tiktok.com/@emerald_of.the_equator/video/7644492927770676487,,,neutral,2026-05-29T18:54:50.641199,3178,174,165,33400,0.0,3851,4054.4
tiktok,post,7478092077226577159,#fypシ゚ #tkwsingapore #masukfyp #katakata #pejuangdevisa #quotes #jember #gumukmas,https://www.tiktok.com/@iema_93/video/7478092077226577159,,,neutral,2026-05-29T18:55:18.467970,2848,433,23,81500,0.0,4119,3864.5
tiktok,post,7614434475186933012,#foryoupage❤️❤️ #bismilahfyp #lewatberandafyp #fypp #4u,https://www.tiktok.com/@prnce.ditzzz/video/7614434475186933012,,,neutral,2026-05-29T18:55:06.335340,1249,927,114,344400,0.0,5734,3789.4
tiktok,post,7586287499555720455,"Kalau lu usia 35-50, usia masih produktif dapet pendapatan setiap bulan, udah punya tabungan yang cukup tapi masih mau lu kembangin, tapi yang aman dan bisa tidur nyenyak… investasi ini bisa jadi solusi!",https://www.tiktok.com/@elson.lo/video/7586287499555720455,,,neutral,2026-05-29T18:54:52.224370,2588,415,70,80600,0.0,3879,3708.6
tiktok,post,7413591468536794376,"PAS Dengan Bersatu Sedang Bergolak. Dengan Kes Muhyiddin.... Sakau... Derhaka... Menyebabkan PAS terbabit sama. BUBAR SAHAJA PERIKATAN NASIONAL atau LANTIK. HAJI HADI SEBAGAI PENGERUSI PN Yang Baharu. Selesai Masalah 🎊

#PNunggang 
#PNyamun 
#Penderhaka 
#prkmahkota 
#bnkekalmahkota 
#phbngengkita 
#vatt40 
#tejavou40",https://www.tiktok.com/@hakakteja/video/7413591468536794376,,,neutral,2026-05-29T18:54:38.404120,733,122,824,29100,0.0,1970,3478.1
tiktok,post,7641124565925514517,"Pasti akan ada orang yang datang dan suka..
#katabijak #motivasi #fyppppppppppppppppppppppp #ustadzhananattaki #islamic_video",https://www.tiktok.com/@seru.sekali17/video/7641124565925514517,,,neutral,2026-05-29T18:55:15.576856,2389,361,32,51000,0.0,3292,3258.0
tiktok,post,7638614010954386709,anak muda bersama ulamak🤍🤍 #pas #paskedah #perikatannasional #fypシ,https://www.tiktok.com/@bonzeralong/video/7638614010954386709,,,neutral,2026-05-29T18:54:44.979633,2181,70,221,13600,0.0,2608,2997.6
tiktok,post,7631076593716251925,Membalas @galauvibee,https://www.tiktok.com/@mbahmoeljamaluddi/video/7631076593716251925,,,neutral,2026-05-29T18:55:14.281658,2348,69,135,61300,0.0,3165,2952.3
tiktok,post,7562075244593220884,"Adakah ini petanda Melayu akan bersatu dan bergabung demi bangsa Melayu ! 
 #fyp #perikatannasional #pas #bersatu #malaysia",https://www.tiktok.com/@satuummah/video/7562075244593220884,,,neutral,2026-05-29T18:54:42.174268,1584,122,301,71800,0.0,2725,2802.8
tiktok,post,7418880542705274118,Kamis Legi#WetonLegi #legiviral #legi #wetonlegimerapat #wetonlegikumpulyukk #wetonleginihboss #ramalanweton #wetonjawa #wetonjowo #wetonjowokeras #primbonjawa ##viralhariini #viraltiktok #fyp,https://www.tiktok.com/@deztyaeee/video/7418880542705274118,,,neutral,2026-05-29T18:55:06.646994,1917,85,177,81600,0.0,2995,2699.6
tiktok,post,7603299063710158100,"Untuk ASN, urusan Nikah juga ada aturannya kawan

Syarat nikah ASN secara umum:
✔ Pernikahan harus sah secara hukum
✔ Setelah menikah wajib melapor ke instansi
✔ Data kepegawaian wajib diperbarui

Nah… khusus urusan poligami, aturannya JAUH lebih tegas:

ASN pria yang ingin beristri lebih dari satu
👉 WAJIB izin tertulis dari pejabat, dengan syarat:

Persetujuan tertulis dari istri sah

Penghasilan cukup menafkahi keluarga

Jaminan tertulis akan berlaku adil

Prosedur resmi melalui atasan

Tanpa izin = pelanggaran disiplin berat.

Dan untuk ASN wanita:
🚫 dilarang menjadi istri kedua/ketiga/keempat. #syaratnikah #asnpoligami",https://www.tiktok.com/@asnlite/video/7603299063710158100,,,neutral,2026-05-29T18:54:50.968358,659,838,58,156700,0.0,3122,2665.7
tiktok,post,7643445897443036423,"Presiden PAS, Tan Sri Abdul Hadi Awang sebelum ini mengemukakan beberapa asas yang akan dipertimbangkan oleh parti PAS untuk mengkaji semula hubungan dengan Bersatu.
#AWANInews",https://www.tiktok.com/@501awani/video/7643445897443036423,,,neutral,2026-05-29T18:54:40.647975,1813,142,153,66100,0.0,2769,2622.1
tiktok,post,7504870352078523703,Pondasi kuat dalam sebuah hubungan adalah kejujuran dan kesetiaan #tni #persit #trending #fyp #viral,https://www.tiktok.com/@militerindonesia2026/video/7504870352078523703,,,neutral,2026-05-29T18:55:04.426433,1579,226,80,153300,0.0,3418,2424.3
tiktok,post,7640806803466390804,"ramein pliss😔
#fyp #au #sad #sbjauhjauh #lewatberanda",https://www.tiktok.com/@gege_chin473/video/7640806803466390804,,,neutral,2026-05-29T18:54:53.761187,1940,129,58,40500,0.0,2532,2412.5
tiktok,post,7408311690804071712,#sergiuursu🐼  🚻🚻🚻🚻🚻🚻 #customprintscsg  🌞💪😘🐼🌞,https://www.tiktok.com/@sergiuursucsg/video/7408311690804071712,,,neutral,2026-05-29T18:55:26.709607,1397,319,74,22500,0.0,2015,2279.5
tiktok,post,7574784174649904395,"AMALAN CESPLENG! Putuskan Ikatan Batin Suami dan Pelakor! 🔥

Bunda, melawan pelakor dengan emosi dan labrakan seringkali hanya bikin suami makin menjauh. Tapi, melawan dengan ""jalur langit"" akan membuat hati suami bergetar dan pelakor tak berdaya.

Ada satu waktu istimewa dimana doa seorang istri menjadi sangat mustajab, apalagi jika Bunda sedang dalam posisi terzalimi.

Rasulullah ﷺ bersabda: ""Hati-hatilah terhadap doa orang yang terzalimi, karena tidak ada penghalang antara doanya dengan Allah."" (HR. Bukhari dan Muslim).

Manfaatkan ""kartu emas"" ini, Bun! Berikut adalah amalan lahir & batin yang bisa Bunda lakukan di rumah untuk memutus hubungan haram tersebut:

1. Bangun di Sepertiga Malam Terakhir Lakukan Sholat Tahajud 2 rakaat. Ini adalah waktu dimana Allah turun ke langit dunia untuk mengabulkan doa hamba-Nya.

2. Amalan Spiritual (Dzikir Pemutus) Setelah salam, dalam keadaan suci, bacalah:

Istighfar (100x) - Untuk membersihkan hati Bunda dari dendam agar doa lebih jernih.

""Ya Jabbar, Ya Qohhar"" (33x) - Memohon kekuatan Allah untuk memisahkan yang batil.

""Hasbunallah Wanikmal Wakil"" (100x) - Pasrahkan urusan ini total kepada Allah.

3. Doa Khusus (Amalan Lahiriah & Batin) Siapkan segelas air putih di depan Bunda. Bacakan Al-Fatihah 1x, Ayat Kursi 1x, dan tiupkan ke air tersebut. Lalu berdoa dengan sungguh-sungguh (bisa dengan bahasa sendiri): ""Ya Allah, pisahkanlah suamiku (Fulan bin Fulan) dengan wanita itu sejauh timur dan barat. Dinginkan hati suamiku dari godaan haram, dan hangatkan kembali hatinya hanya untuk keluarga.""

Minumkan air tersebut ke suami (bisa dicampur ke teh/kopi) atau cipratkan sedikit di sudut kamar/baju suami.

Yakinlah Bun, tidak ada ikatan maksiat yang bisa bertahan melawan kekuatan doa istri yang shalihah.

Silakan amalkan dengan istiqomah. Bagi Bunda yang ingin mengamalkan, silakan ketik ""QOBILTU"" di kolom komentar sebagai tanda menerima ijazah amalan ini. 👇

#BundaAyuPuspita #AmalanIstri #DoaMustajab #Tahajud #Pelakor #RumahTanggaHarmonis #IstriSholehah #JalurLangit #DoaIstriTerzalimi #TipsRumahTangga",https://www.tiktok.com/@rumahtangga.samawa/video/7574784174649904395,,,neutral,2026-05-29T18:54:57.547598,583,359,227,36400,0.0,1533,2018.4
tiktok,post,7551056565097467141,harus rebutan pokonya#fypシ゚#4you#xybaca#masukberandafyp,https://www.tiktok.com/@awalu753/video/7551056565097467141,,,neutral,2026-05-29T18:54:55.327534,1260,106,169,32000,0.0,1855,2011.0
tiktok,post,7630407909205101845,#muhyiddinyassin #bersatu #pas #perikatannasional,https://www.tiktok.com/@abahkitemuhyiddin/video/7630407909205101845,,,neutral,2026-05-29T18:54:35.526593,1413,69,59,51300,0.0,2054,1779.3
tiktok,post,7644262328669687060,#მოდა #fashion #ეშმაკსაცვიაპრადა #devilwearsprada #მოდა1წუთში,https://www.tiktok.com/@fashionin1minute/video/7644262328669687060,,,neutral,2026-05-29T18:54:56.241760,1252,134,37,32600,0.0,1749,1663.6
tiktok,post,7387338895827930389,"Perpecahan antara Parti Islam Se-Malaysia (PAS) dan Parti Pribumi Bersatu Malaysia (BERSATU) dalam gabungan Perikatan Nasional (PN) kelihatan ""semakin ketara"". Hal ini  dinyatakan oleh felo Geostrategis dan Felo Kanan Akademi Penyelidikan Strategik Nusantara (NASR), Profesor Dr. Azmi Hassan, selepas Naib Presiden PAS, Datuk Mohd Amar Abdullah, mengaburkan gambar sepanduk PN yang digantung di lokasi ceramah baru-baru ini.

Memetik laporan Free Malaysia Today (FMT), Azmi Hassan berkata, hubungan tegang antara dua komponen PN ini mula kelihatan semasa kempen pilihan raya kecil Kuala Kubu Baharu dua bulan lalu. 

""Apa yang cuba ditunjukkan oleh PAS ialah mereka boleh bergerak sendirian tanpa Bersatu. Ini benar terutamanya di kawasan seperti Sungai Bakap dan lain-lain di mana pengundi Melayu membentuk lebih 60% hingga 70% daripada jumlah pengundi,"" katanya kepada FMT. 

Azmi menambah, gambar yang dimuat naik oleh Amar juga menguatkan spekulasi bahawa PAS mungkin terlibat dalam ""perbincangan"" untuk bekerjasama dengan kerajaan perpaduan pimpinan Perdana Menteri Anwar Ibrahim. 

Minggu lalu, jurucakap kerajaan perpaduan Fahmi Fadzil enggan mengulas mengenai spekulasi PAS menyertai gabungan perpaduan, manakala beberapa pemimpin PAS menafikan dakwaan tersebut. Walau bagaimanapun, Azmi berpendapat perbincangan tersebut mungkin lebih kepada usaha menjalinkan hubungan dengan Putrajaya. 

""Saya rasa PAS cuba untuk lebih mesra dengan kerajaan persekutuan, bukan khusus dengan Pakatan Harapan atau UMNO,"" katanya lagi. 

Amar, yang juga Speaker Dewan Undangan Negeri Kelantan, pada 24 Jun lalu memuat naik beberapa gambar dirinya berucap dalam ceramah semasa kempen pilihan raya kecil Sungai Bakap. Enam daripada gambar tersebut kelihatan mengaburkan sepanduk PN. 

Namun, Pensyarah Kanan di Pusat Pengajian Sains Kemasyarakatan, Universiti Sains Malaysia (USM) Dr Azmil Mohd Tayeb menegaskan untuk tidak membuat kesimpulan terburu-buru mengenai perkara ini. 

""Saya tidak akan terlalu menekankan perkara ini. Kemungkinan PAS menyertai kerajaan Madani adalah tipis selagi DAP berada dalam kerajaan,"" katanya.",https://www.tiktok.com/@warta_my/video/7387338895827930389,,,neutral,2026-05-29T18:54:37.115518,546,43,313,63500,0.0,1537,1634.5
tiktok,post,7558007911625035009,"Sinergitas tanpa batas
#mas_p❤️‍🔥 #beranda",https://www.tiktok.com/@maspamungkasa1/video/7558007911625035009,,,neutral,2026-05-29T18:55:02.176164,1394,29,41,42400,0.0,1888,1617.4
tiktok,post,7613283009021644053,"Kalau dia gak mau nyapa, kamu gak perlu maksa senyum duluan.
Kalau dia gak mau dekat, kamu gak perlu maksa akrab.
Kalau dia mulai menjauh,
jangan kejar.
Harga diri itu bukan untuk ditawar. Bukan tugasmu memaksa orang bertahan.
Tugasmu adalah tahu kapan harus berhenti. Menghargai diri sendiri kadang artinya…
berani ikut menjauh.

Tag atau kirim ke teman yang lagi belajar menjaga harga dirinya.

#SelfRespect
#JagaHargaDiri
#BelajarIkhlas
#MoveOnElegan
#creatorsearchinsights",https://www.tiktok.com/@nunnnndigital/video/7613283009021644053,,,neutral,2026-05-29T18:54:54.692306,860,340,7,38300,0.0,1590,1599.3
tiktok,post,7637745186570849554,anak muda bersama ulamak 💚🤍💙 #perikatannasional #pas #partiislamsemalaysia #fyp #politik,https://www.tiktok.com/@mhmdsymim_/video/7637745186570849554,,,neutral,2026-05-29T18:54:28.590958,1198,58,90,10300,0.0,1449,1594.3
tiktok,post,7642627732706200852,"MARANG, 22 Mei - Presiden PAS, Tan Sri Abdul Hadi Awang menyifatkan tindakan dua Ahli Dewan Undangan Negeri (ADUN) Parti Pribumi Bersatu Malaysia (BERSATU) di Negeri Sembilan menarik balik Akuan Bersumpah (SD) sokongan terhadap pembentukan kerajaan negeri sebagai melanggar prinsip setia kawan dalam Perikatan Nasional (PN). 

Menurut beliau, Setiausaha Agung PAS, Datuk Seri Takiyuddin Hassan telah menghantar surat bantahan kepada BERSATU berhubung tindakan mengejut wakil rakyat parti itu.

Beliau berkata gabungan PAS, BERSATU dan UMNO sebelum ini mempunyai jumlah kerusi mencukupi untuk menyatakan sokongan kepada kerajaan negeri, namun pendirian dua ADUN BERSATU berubah secara tiba-tiba.

 “Tetapi tiba-tiba BERSATU menarik balik SD tersebut dan membatalkannya. Kita menganggap ini sebagai satu langkah yang melanggar setia kawan antara kita,” katanya.

Sebelum ini, kemelut politik di Negeri Sembilan menyaksikan ADUN Gemas, Ridzuan Ahmad dan ADUN Labu, Mohamad Hanifah Abu Baker mengambil pendirian berkecuali atas alasan kestabilan politik dan mandat rakyat. 

Beliau mendakwa tindakan seumpama itu bukan kali pertama dilakukan BERSATU, termasuk di Perlis apabila parti itu menyokong usul tidak percaya terhadap Menteri Besar negeri tersebut. 

​”Apabila perkara ini berlaku lagi, kita akan mengkaji dan berbincang dengan pimpinan Perlis mengenai tindakan selanjutnya. Apabila mereka tidak menghormati PN, apa lagi yang boleh kita katakan?” tambahnya.

Kredit video: FB Tuan Ibrahim Tuan Man

#BeritaKS",https://www.tiktok.com/@berita.ks/video/7642627732706200852,,,neutral,2026-05-29T18:55:08.507501,1037,130,73,33200,0.0,1572,1549.2
tiktok,post,7621976304736423188,"Ketika Twin Flame (jiwa kembar) benar-benar bersatu, itu bukan sekadar hubungan romantis biasa.

 Ini adalah penyatuan energi, jiwa, dan kesadaran yang terasa sangat dalam dan “berbeda dari hubungan lain”.

Berikut ciri-ciri paling kuat saat twin flame bersatu:
✨ 1. Rasa “Pulang” yang Sangat Dalam
Saat bersama, ada perasaan seperti:
“Ini rumahku”
Nyaman tanpa dibuat-buat
Tidak perlu pura-pura jadi orang lain
Bukan sekadar cinta, tapi kedamaian yang sulit dijelaskan.

🔥 2. Koneksi Emosional & Batin Sangat Kuat
Bisa saling merasakan emosi tanpa bicara
Kadang kepikiran di waktu yang sama
Seolah ada “ikatan batin otomatis”
Seperti dua jiwa dalam satu frekuensi.

🪞 3. Saling Mencerminkan (Mirror Effect)
Twin flame akan:
Memunculkan luka lama (trauma, ego, rasa takut)
Tapi juga membantu menyembuhkan,
Ini sering terasa berat di awal, karena: 👉 kamu “dipaksa” bertumbuh

💫 4. Sinkronisasi yang Aneh Tapi Nyata
Ketemu di waktu yang “tidak kebetulan”
Banyak kejadian serba pas (synchronicity)
Sering melihat angka kembar (111, 222, dll)
Seolah semesta ikut campur.

❤️ 5. Cinta Tanpa Syarat (Unconditional Love)
Menerima kekurangan tanpa ingin mengubah secara paksa
Tidak posesif berlebihan
Ada rasa menghormati jiwa satu sama lain
Cintanya lebih ke: 👉 “Aku ingin kamu bahagia, bahkan jika bukan denganku”

🌱 6. Bertumbuh Bersama (Spiritual Growth)
Sama-sama ingin jadi versi terbaik diri
Saling mendukung tujuan hidup
Hubungan membawa kesadaran spiritual naik

⚡ 7. Energi Sangat Kuat Saat Bersama
Tatapan mata terasa dalam
Sentuhan terasa “berbeda”
Kadang membuat deg-degan tanpa sebab
Bahkan ada yang merasakan: 👉 perubahan energi tubuh (hangat, bergetar, dll)

🌊 8. Tidak Selalu Mulus (Ada Fase Push & Pull)
Penting:
Twin flame tidak selalu langsung bahagia
Biasanya ada fase:
Dekat → menjauh
Bertemu → berpisah → bertemu lagi
Tujuannya: 👉 menyembuhkan diri masing-masing dulu

🌟 Intinya
Twin flame bersatu itu bukan cuma tentang “bersama selamanya”, tapi:
dua jiwa yang saling membangunkan, menyembuhkan, dan bertumbuh menuju versi terbaiknya ❤

#twinflame 
#kembarjiwa 
#pencerahanjiwa #thankyouandiloveyou #semogasemuamahklukhidupberbahagia",https://www.tiktok.com/@liany.man/video/7621976304736423188,,,neutral,2026-05-29T18:54:57.247284,329,405,60,11700,0.0,911,1330.7
tiktok,post,7315386825223228678,SETUJU...#perikatannasional #bersatu #partiislamsemalaysia #pas #malaysia #like #komen #share #malaysiatik #beritatiktok #rosmadiothman #pnbest #undipn #muhyiddinyassin #anakmuda #kuasarakyat #rakyat #pemimpin #pemimpinhebat #abah #abahkami #masukberanda #fyp #fypシ,https://www.tiktok.com/@rosmadiothman/video/7315386825223228678,,,neutral,2026-05-29T18:54:39.014715,463,29,203,4609,0.0,741,1134.609
tiktok,post,7644872922426871048,Rela || Tak ubah berbunga lara rendahnya pandanganmu #liriklagu #overlay #fypviral #CapCut,https://www.tiktok.com/@suhempermana86/video/7644872922426871048,,,neutral,2026-05-29T18:55:17.541971,909,51,27,27200,0.0,1259,1119.2
tiktok,post,7589866731481369857,"Pas kalau berkawan, mesti nanti Pas yang bawa masalah. Lepas tu putus kawan. Badi ni dah jadi semacam track record Pas dah. 

Kalau sekali dua takpe lagi, ini dah banyak kali. Last sekali dengan Muafakat Nasional (MN), ni sekarang nak putus kawan dengan parti Bersatu dalam Perikatan Nasional (PN). 

Macam free rider pulak tu. Baik solo jer lah Pas! Narsistik macam ni susah nak dijadikan sebagai kawan. 

#partiislamsemalaysia #MalaysiaMADANI #partiamanahnegara #perlis #malaysiamadani @Pemuda Amanah Nasional @AMANAH PERAK @Pemuda AMANAH Perak",https://www.tiktok.com/@pemudaamanahlumut/video/7589866731481369857,,,neutral,2026-05-29T18:54:38.093285,183,18,277,37500,0.0,853,1087.5
tiktok,post,7371731214471941394,"Parti Bersatu Sabah akhirnya sebumbung dgn PAS dibawah bendera Perikatan Nasional 😅 

#pn #sabah #malaysia #pbs #kotakinabalu #fyp #sabahantiktokers",https://www.tiktok.com/@penerangan.pemuda/video/7371731214471941394,,,neutral,2026-05-29T18:55:11.078085,701,85,0,52800,0.0,1314,923.8
tiktok,post,7594769588156484884,"PAS menyambut baik keputusan Bersatu menerima peletakan jawatan Muhyiddin Yassin daripada tugasnya sebagai Pengerusi Perikatan Nasional.  

Ketua Penerangan PAS Pusat, Ahmad Fadhli Shaari berkata, keputusan yang dibuat dalam mesyuarat Majlis Pimpinan Tertinggi Bersatu malam tadi adalah langkah yang baik bagi membolehkan PN bergerak ke hadapan.

Sumber video: https://youtu.be/GPSqi_n0VG8

#malaysiakini #malaysianpolitics #fyp #PAS #menyambutbaik #keputusan #Bersatu #peletakanjawatan  #MuhyiddinYassin #Pengerusi #PerikatanNasional #KetuaPenerangan #PASPusat #AhmadFadhliShaari #mesyuarat #MajlisPimpinanTertinggi #langkahbaik #PN #bergerakkehadapan",https://www.tiktok.com/@malaysia_kini/video/7594769588156484884,,,neutral,2026-05-29T18:55:09.170027,680,18,45,45700,0.0,1200,896.7
tiktok,post,7631764026111937812,"MasyAllah scrip 146 wes gacor,pengajuan tgl 18 dan tgl 19-now tambah lostdoll #scripting #afirmasirezeki #@bukguru_merina",https://www.tiktok.com/@yufa_895/video/7631764026111937812,,,neutral,2026-05-29T18:54:52.834125,558,66,51,41300,0.0,1088,884.3
tiktok,post,7069939551053155610,Perhitungan Weton Jodoh Sabtu Pahing dan Minggu Pon #weton #wetonjawa #pengasihan #ilmupengasihan #peletpemikat #kejawen #jimat #dewisundari #fyp,https://www.tiktok.com/@dewisundarikejawen/video/7069939551053155610,,,neutral,2026-05-29T18:55:04.077518,411,109,70,29800,0.0,888,868.8
tiktok,post,7241601894290902273,Pilihan terbaik Untuk PRN Di Enam Negeri ? ✅ #perikatannasional #PN #partiislamsemalaysia #pas #bersatu #gerakan #pnthebest,https://www.tiktok.com/@matnijang/video/7241601894290902273,,,neutral,2026-05-29T18:54:38.713163,545,17,90,5775,0.0,709,854.775
tiktok,post,7639633719170534664,Kami anak muda kekal bersama dgn pas allahuakbar💚🤍#fyp #partiislamsemalaysia #perikatannasional,https://www.tiktok.com/@_.xzimmmm/video/7639633719170534664,,,neutral,2026-05-29T18:55:27.019948,680,19,33,6415,0.0,796,823.415
tiktok,post,7551661040870657287,"Pas menegaskan komitmen untuk terus bersama rakan-rakan gabungan dalam Perikatan Nasional (PN) dalam usaha menghadapi Pilihan Raya Umum ke-16 (PRU16).

Naib Presiden Pas Datuk Idris Ahmad menyatakan, perpaduan dalam gabungan ini adalah kekuatan utama bagi memperjuangkan kepentingan rakyat dan negara, di samping memperkasakan PN sebagai sebuah gabungan politik yang lebih utuh, berprinsip dan berpandangan jauh.

Tegas Pesuruhjaya Pas Perak itu lagi, Pas yakin dengan kebersamaan dan kesungguhan seluruh komponen PN, kita mampu menawarkan penyelesaian yang lebih baik, adil dan saksama kepada rakyat Malaysia.

“Pas mengambil maklum bahawa Bersatu telah selesai mengadakan Perhimpunan Agung, manakala Pas juga telah menamatkan Muktamar Tahunan. Keputusan yang dibuat oleh setiap parti adalah di peringkat masing-masing dan sewajarnya dihormati oleh semua pihak.

“Pas menegaskan komitmen untuk terus bersama rakan-rakan gabungan dalam Perikatan Nasional dalam usaha menghadapi Pilihan Raya Umum ke-16.

“Perpaduan dalam gabungan ini adalah kekuatan utama bagi memperjuangkan kepentingan rakyat dan negara, di samping memperkasakan PN sebagai sebuah gabungan politik yang lebih utuh, berprinsip dan berpandangan jauh,” kata Idris.

Jelas Idris, PN perlu terus mengutamakan isu-isu rakyat yang semakin mencengkam kehidupan seharian mereka.

“Antara yang perlu diberi perhatian ialah pembelaan terhadap Akta Pembaharuan Semula Bandar (URA), isu adik Zara Qairina, kesan penyesaran subsidi RON95, isu kos sara hidup, serta pelbagai lagi permasalahan yang rakyat amat mengharapkan PN untuk membela mereka.

“Pas turut menegaskan bahawa Himpunan Mega Tolak URA akan diadakan pada 4 Oktober 2025, dan Pas menjemput semua pihak untuk hadir bersama bagi memperjuangkan nasib rakyat yang bakal dizalimi selepas akta ini dikuatkuasakan,” katanya.

https://suara.tv/19/09/2025/pas-tak-akan-tinggalkan-pn-berjuang-bersama-hadapi-pru16/",https://www.tiktok.com/@rozmalmalakan/video/7551661040870657287,,,neutral,2026-05-29T18:54:36.140678,264,31,130,18400,0.0,609,734.4
tiktok,post,7444009593430215944,"""menang Dulu baru bincang calon MB""-Tuan Ibrahim 

last2 bersatu kene tiaww dengan Pas🤣🤣macam calon NENGGIRI alik2 harini jadi PAS balik🤣🤣#paspispus #bersatu #perikatannasional #mbperak #mbselangor #mbpahang #politikus #perak #pahang #selangor #muhyiddin #azminali #tuanibrahimtuanman",https://www.tiktok.com/@suaraanakkelantan/video/7444009593430215944,,,neutral,2026-05-29T18:55:10.148459,459,31,57,17900,0.0,726,709.9
tiktok,post,7643046659328462081,"Mesyuarat bincang hubungan PAS-Bersatu dalam masa terdekat

#BeritaFMT #fyp #BeritaDiTiktok #TrendingNewsMalaysia",https://www.tiktok.com/@berita.fmt/video/7643046659328462081,,,neutral,2026-05-29T18:54:32.365952,523,36,20,22900,0.0,808,677.9
tiktok,post,7642577124674538760,"SANUSI PELAWA AKAR UMBI UMNO SERTAI PN, KUKUHKAN KUASA ISLAM-MELAYU

Oleh: Roslinda Hashim 

PADANG TERAP - Menteri Besar Kedah, Dato’ Seri Muhammad Sanusi Md Nor mengajak akar umbi UMNO khususnya golongan muda supaya bersama PAS dan Perikatan Nasional (PN) membina landskap politik baharu bagi memperkukuhkan kuasa Islam dan Melayu di negara ini.

Ketua Pengarah Pilihan Raya PAS Pusat itu berkata, Pilihan Raya Umum ke-16 (PRU16) perlu dijadikan medan untuk memastikan tampuk pemerintahan negara terus diterajui orang Islam Melayu demi menjamin kestabilan serta keharmonian masyarakat pelbagai kaum.

“Rakan-rakan dalam UMNO, marilah bersama kami. Kita nak kuatkan orang Melayu, pegang kuasa bersungguh-sungguh. Negara ini siasah politiknya mesti dipegang dan dikawal oleh orang Islam Melayu.

“Bila Melayu dan Islam kuat, bangsa lain juga akan hidup selamat, bebas dan harmoni di negara ini,” katanya ketika berucap pada majlis Pelancaran Jentera Pilihan Raya PAS Kawasan Padang Terap, pada Rabu.

Menurut beliau, PAS tidak pernah melupakan detik kerjasama bersama UMNO menerusi Muafakat Nasional (MN) yang disifatkan berjaya menyatukan orang Melayu dan Islam sehingga mewujudkan semangat baharu kalangan rakyat di peringkat akar umbi.

“Kita dengan UMNO pernah berkawan bawah Muafakat Nasional, kita tak pernah lupa saat manis di peringkat akar umbi.

“Kita masih ingat bagaimana orang kampung, ahli UMNO dan PAS ketika itu duduk bersama. Saya yakin ahli UMNO masih terasa seronoknya berkawan dengan PAS, masa itu kutip derma guna tin milo semasa ceramah.

“Mereka belajar berjuang dalam politik dengan pengorbanan, bukan untuk cari habuan atau nikmat,” katanya.

Bagaimanapun, Sanusi tegaskan, PAS dan UMNO bukan lagi rakan politik pada masa kini selepas UMNO mengambil keputusan bekerjasama dengan DAP dan PKR bagi membentuk Kerajaan Perpaduan.

Menurutnya, tindakan itu berlaku selepas Presiden UMNO, Datuk Seri Dr Ahmad Zahid Hamidi menarik parti tersebut keluar daripada Muafakat Nasional.

“Kerana kepentingan peribadi untuk selamatkan diri daripada kes mahkamah, UMNO dibawa berpakat dengan DAP dan PKR. Mereka mula cari habuan, ramai pemimpin yang kalah dalam pilihan raya dilantik memegang jawatan lembaga pengarah di sana sini tanpa mengambil kira kelayakan atau pengalaman,” ujarnya.

Pengerusi PN Kedah itu berkata, UMNO pernah meminda perlembagaan parti itu dengan memasukkan perjuangan Islam, selepas menjalinkan kerjasama dengan PAS menerusi Muafakat Nasional.

Namun katanya, parti itu kini lebih memberi tumpuan kepada usaha mendapatkan semula kuasa politik termasuk menyerang pentadbiran Kerajaan Negeri Kedah.

“Mereka nak ambil alih kuasa di sini. Kalau nak lawan kita, buatlah kerja elok-elok, tetapi hakikatnya kita buat lebih baik daripada ketika mereka memerintah dahulu,” katanya.

https://www.kedahonline.com/2026/05/sanusi-pelawa-akar-umbi-umno-sertai-pn.html #sanusimdnoor  rakyat Malaysia bangkit sokong sanusi mb Kedah",https://www.tiktok.com/@officialtaufiq/video/7642577124674538760,,,neutral,2026-05-29T18:55:08.201725,441,46,45,2038,0.0,552,670.038
tiktok,post,7643055603794890004,"Hubungan dengan Bersatu: Pas adakan mesyuarat sehari dua lagi - Takiyuddin

Pas akan mengadakan mesyuarat dalam masa terdekat bagi memutuskan ketetapan berkaitan hubungannya dengan Parti Pribumi Bersatu Malaysia (Bersatu).

Setiausaha Agungnya, Datuk Seri Takiyuddin Hassan berkata, kepimpinan parti akan terlebih dahulu mencapai keputusan dalaman sebelum merujuknya kepada Perikatan Nasional (PN).

Copyright disclaimer: Segala penyuntingan video adalah hak cipta terpelihara milik Sinar Harian.

#SinarHarian #SinarTerkini #Pas #Bersatu #politik",https://www.tiktok.com/@sinarharianonline/video/7643055603794890004,,,neutral,2026-05-29T18:54:33.015823,473,22,24,20300,0.0,722,609.3
tiktok,post,7644423265707920660,"Idul Adha tahun ini menjadi momen yang sangat emosional bagi Ria Ricis. Fokus utamanya adalah ""Si Macan"", sapi raksasa seberat satu ton yang telah ia rawat
dengan penuh kasih sayang. Bagi Ricis, kurban bukan sekadar ritual menyembelih
hewan, melainkan tentang keberanian melepaskan sesuatu yang sudah memiliki
ikatan batin yang kuat.

Ikatan Batin yang Jujur Ria Ricis mengakui bahwa ia membangun hubungan yang
sangat dekat dengan hewan kurbannya. Ia turun langsung memandikan, memberi
makan, hingga mengajak sapi tersebut berinteraksi. Kejujuran perasaannya
terlihat saat ia tak kuasa menahan tangis ketika waktu penyembelihan tiba. Rasa
sedih itu muncul bukan karena ketidakiikhlasan, melainkan karena ia sangat membenci sebuah perpisahan, terutama dengan makhluk yang telah ia sayangi.

#popbanget #riaricis #iduladha",https://www.tiktok.com/@popbangetdotcom/video/7644423265707920660,,,neutral,2026-05-29T18:54:46.532167,454,19,12,16000,0.0,645,544.0
tiktok,post,7543796315482852626,#pancasila #sekarang #ripindonesiaku #fyp,https://www.tiktok.com/@dindaa1701/video/7543796315482852626,,,neutral,2026-05-29T18:54:53.150422,365,58,11,17500,0.0,609,531.5
tiktok,post,7641790408514735380,"Dr Sam kompromi terbaik untuk PAS, Bersatu, kata penganalisis

#BeritaFMT #fyp #BeritaDiTiktok #TrendingNewsMalaysia",https://www.tiktok.com/@berita.fmt/video/7641790408514735380,,,neutral,2026-05-29T18:54:41.266853,404,32,9,20000,0.0,645,515.0
tiktok,post,7632471337885388049,Wa baperan#kenon #whatsappstatus #anakjbpemula #percyaproses🤙💪 #fypシ゚,https://www.tiktok.com/@ibnukhususjb/video/7632471337885388049,,,neutral,2026-05-29T18:54:45.895871,212,65,52,10300,0.0,432,508.3
tiktok,post,7518184649915419909,"Pasangan yang Mengungkit Pengorbanan Tak Layak Dicintai
#CintaBukanPerhitungan #JanganJadiSanderaJasa #RelakanDanLepaskan",https://www.tiktok.com/@riyannorick/video/7518184649915419909,,,neutral,2026-05-29T18:55:23.771144,271,101,7,13100,0.0,510,507.1
tiktok,post,7340106476641406215,Bismillah dulu🥀#fypシ゚viral #capcut #jowopride #tkw #singaporetiktok #fyp #pejuangwon🇰🇷🇲🇨 #trends #xyzbca #luarnegri #tkwtaiwan #anitrianieza #singapore #tkwhongkong #masukberanda #storyjowo #jowostory #justkonten #jowostoryシ,https://www.tiktok.com/@anitriyanieza/video/7340106476641406215,,,neutral,2026-05-29T18:54:50.327868,353,38,18,6835,0.0,477,489.835
tiktok,post,7644024474853051668,"Bukan mudah jadi PM, Tun M pun pernah dibenci

Politik Malaysia hari ini kembali panas apabila hubungan antara Barisan Nasional (BN) dan Pakatan Harapan (PH) dikatakan semakin goyah. Dalam masa sama, Perikatan Nasional (PN) juga tidak sunyi daripada pergolakan apabila wujud dakwaan hubungan Pas dan Bersatu mula menunjukkan keretakan tertentu.

Hakikatnya, polemik politik seperti ini bukan perkara baharu dalam negara. Kawan boleh menjadi lawan, lawan pula boleh duduk semeja demi kepentingan politik dan survival kuasa. Namun di sebalik segala pertelingkahan itu, ada satu hakikat yang sukar dinafikan, bukan senang menjadi seorang Perdana Menteri.

Audio: Dijana oleh AI

Anda boleh baca berita penuh di portal Sinar Harian di www.sinarharian.com.my atau swipe up di IG story serta jangan lupa follow IG @sinarharian untuk berita terkini dalam dan luar negara.

#SinarHarian #BeritaTerkini #PM #TunDrMahathir #pemimpin #MerakJalanan",https://www.tiktok.com/@sinarharianonline/video/7644024474853051668,,,neutral,2026-05-29T18:54:34.900106,356,9,19,29300,0.0,677,460.3
tiktok,post,7642560431013383444,"Hubungan Pas dan Parti Pribumi Bersatu Malaysia (Bersatu) dalam Perikatan Nasional (PN) ibarat retak menanti belah apabila parti Islam itu kini sedang mengkaji dan meneliti satu persatu percanggahan serta tindakan negatif yang dilakukan oleh rakan sekutunya itu.

Presidennya, Tan Sri Abdul Hadi Awang berkata, tindakan Bersatu yang menolak hasrat untuk memperkukuh PN dengan menyekat keahlian parti-parti Melayu-Islam serta parti bukan Islam yang tidak ekstrem adalah sesuatu yang tidak menyenangkan.

Anda boleh baca berita penuh di portal Sinar Harian di www.sinarharian.com.my atau swipe up di IG story serta jangan lupa follow IG @sinarharian untuk berita terkini dalam dan luar negara.

#SinarHarian #SinarTerkini #Pas #Bersatu #PerikatanNasional",https://www.tiktok.com/@sinarharianonline/video/7642560431013383444,,,neutral,2026-05-29T18:54:32.054293,395,8,4,17000,0.0,577,440.0
tiktok,post,7642644265905966356,"Cracks in Perikatan Nasional? PAS reviewing political ties with BERSATU — Hadi Awang

#latest #vanakkammalaysia #Cracks #PerikatanNasional #PAS #reviewing #political #ties #BERSATU #HadiAwang #trendingnewsmalaysia​ #malaysiatamilnews​ #fyp​ #vmnews​ #foryoupage",https://www.tiktok.com/@vanakkammalaysia/video/7642644265905966356,,,neutral,2026-05-29T18:54:40.300584,346,21,12,13100,0.0,510,437.1
tiktok,post,7642606353453813012,"Pas kaji semula hubungan dengan Bersatu - Abdul Hadi

Hubungan Pas dan Parti Pribumi Bersatu Malaysia (Bersatu) dalam Perikatan Nasional (PN) ibarat retak menanti belah apabila parti Islam itu kini sedang mengkaji dan meneliti satu persatu percanggahan serta tindakan negatif yang dilakukan oleh rakan sekutunya itu, lapor wartawan Sinar Harian, Norhaspida Yatim.

Presidennya, Tan Sri Abdul Hadi Awang berkata, tindakan Bersatu yang menolak hasrat untuk memperkukuh PN dengan menyekat keahlian parti-parti Melayu-Islam serta parti bukan Islam yang tidak ekstrem adalah sesuatu yang tidak menyenangkan.

Copyright disclaimer: Segala penyuntingan video adalah hak cipta terpelihara milik Sinar Harian.

#SinarHarian #BeritaSemasa #politik #paskajisdemulahubungandenganBersatu #Pas #Bersatu",https://www.tiktok.com/@sinarharianonline/video/7642606353453813012,,,neutral,2026-05-29T18:54:31.418109,291,23,5,11400,0.0,433,363.4
tiktok,post,7643776047279885589,"Lau rayu PN kekal perpaduan susulan perbalahan PAS-Bersatu

#BeritaFMT #fyp #BeritaDiTikTok #TrendingNewsMalaysia",https://www.tiktok.com/@berita.fmt/video/7643776047279885589,,,neutral,2026-05-29T18:54:39.635015,260,11,11,19200,0.0,474,334.2
tiktok,post,7639397094125522196,"Lapor Ketua 
Benner Silatnas 7 IASS PK Pakuanyar sudah terpasang

#santri 
#sidogiri 
#sidogirian 
#silatnas7 
#bulanpadam99 

@iassmedia 
@iassmediaprobolinggo",https://www.tiktok.com/@mrbulan99/video/7639397094125522196,,,neutral,2026-05-29T18:55:13.645840,253,8,17,4953,0.0,327,324.953
tiktok,post,7592828747724623122,"Hubungan Pas & Bersatu Retak ?

Dengar dulu .......

#parlimenhuluselangor 
#perikatannasional",https://www.tiktok.com/@hasnizanharun/video/7592828747724623122,,,neutral,2026-05-29T18:54:41.867950,241,14,14,6451,0.0,333,317.451
tiktok,post,7624216759888792840,#indonesia #indonesiatravel #sumatra #java #sulawesi,https://www.tiktok.com/@viajatradventure/video/7624216759888792840,,,neutral,2026-05-29T18:55:11.390867,167,67,2,9124,0.0,327,316.124
tiktok,post,7638966650473090311,"KUALA LUMPUR: Ketegangan dalam Perikatan Nasional (PN) dilihat semakin memuncak apabila timbul dakwaan wujud suara daripada kepimpinan PAS yang mahu Parti Pribumi Bersatu Malaysia (BERSATU) “keluar” daripada gabungan itu susulan tindakan disiplin terhadap beberapa pemimpin parti berkenaan.

Naratif itu mula hangat diperkatakan selepas tular kenyataan berunsur sindiran membandingkan pemimpin yang dikenakan tindakan disiplin seperti “ayam” yang akhirnya “disembelih sendiri” oleh parti.

Pemerhati politik melihat kenyataan berkenaan sebagai gambaran jelas rasa tidak puas hati terhadap langkah BERSATU mengambil tindakan tegas ke atas beberapa tokoh utama parti yang dikaitkan dengan gerakan khianat parti sendiri.",https://www.tiktok.com/@whatsupmalaysia118/video/7638966650473090311,,,neutral,2026-05-29T18:55:26.397628,139,39,14,20300,0.0,395,279.3
tiktok,post,7593896408067951879,"Sehingga hari ini, PAS masih gagal menamakan seorang pun pemimpin mereka sebagai Pengerusi Perikatan Nasional (PN). Persoalannya mudah tetapi berat:
Adakah PAS sebenarnya tidak mempunyai tokoh yang benar-benar berwibawa untuk memimpin PN?
Atau PAS sengaja membiarkan jawatan itu tergantung kerana ada agenda lain yang lebih besar?

Jika PAS yakin dengan kepimpinan sendiri, jawatan ini sepatutnya sudah lama diserahkan kepada pemimpin PAS. Namun hakikatnya, PAS kelihatan lebih selesa bersembunyi di sebalik Bersatu, menggunakan kekuatan rakan sekutu, sambil menunggu masa yang sesuai untuk bertindak mengikut kepentingan sendiri.

Lebih membimbangkan, sejarah politik PAS menunjukkan satu pola yang berulang:

Bersama Semangat 46, berakhir dengan perpecahan

Bersama PKR, berakhir dengan Langkah Sheraton

Bersama UMNO (Muafakat Nasional), berakhir dengan pengkhianatan

Hari ini, Bersatu pula seolah-olah menunggu giliran.

Tidak mustahil PAS masih menyimpan harapan agar Muafakat Nasional dihidupkan semula, bukan atas dasar kestabilan Melayu-Islam, tetapi sebagai laluan selamat untuk kembali berunding dengan UMNO — walaupun sebelum ini PAS sendiri yang merobohkan kepercayaan tersebut.

Dalam masa yang sama, lagaan senyap antara PAS dan Bersatu semakin jelas:

PAS menguasai akar umbi

Bersatu menguasai jenama kepimpinan nasional

Tiada kesepakatan jelas soal hala tuju PN

Jika UMNO keluar daripada kerajaan suatu hari nanti, jangan terkejut jika PAS menjadi pihak paling pantas menawarkan diri menyertai kerajaan perpaduan, atas nama “maslahah”, “kestabilan” dan “darurat politik” — walaupun retorik mereka hari ini kononnya menentang kerajaan.

Akhirnya, isu sebenar bukan sekadar siapa Pengerusi PN.
Isu sebenar ialah PAS masih gagal menentukan pendirian yang jujur:

Mahu memimpin atau sekadar menumpang?

Mahu setia atau terus bermain dua pintu?

Politik tanpa prinsip akhirnya akan memakan rakan sendiri.
Dan PN hari ini sedang menanggung akibat kepimpinan yang kabur dan kejujuran yang dipersoalkan.",https://www.tiktok.com/@amir.selayang/video/7593896408067951879,,,neutral,2026-05-29T18:54:37.428194,233,1,3,2940,0.0,266,246.94
tiktok,post,7642688650194521352,"Ketika bahang pilihan raya semakin terasa, PAS hari ini memberi amaran keras kepada Bersatu, malah menyatakan mereka akan mengkaji sejauh mana kerjasama yang terjalin sekarang akan diteruskan.  

Presiden PAS, Abdul Hadi Awang, menegaskan setakat ini parti itu masih bersabar dengan tindak-tanduk yang didakwanya dibuat Bersatu dalam beberapa perkara.  

Sumber video: https://youtu.be/j-AXoxKQfUw

#malaysiakini #malaysianpolitics #fyp #bahang #pilihanraya #terasa #PAS #amarankeras #Bersatu #mengkaji #sejauhmana #kerjasama #terjalin #HadiAwang #parti #bersabar #tindaktanduk #beberapaperkara",https://www.tiktok.com/@malaysia_kini/video/7642688650194521352,,,neutral,2026-05-29T18:55:07.892059,156,6,18,6073,0.0,240,228.073
tiktok,post,7500545031732727058,"Pas xpuas hati dalam kepimpinan PN dipenuhi oleh
BERSATU sedangkan kerusi terbanyak adalah PAS
PAS mahu jawatan presiden seterusnya bakal PM adalah dari PAS.PAS jemu jadi kuda tunggangan BERSATU..Yang nya PAS BEESATU diambang kehancuran tapi disembunyikan oleh kedua pimpinan

#PnPanas #gerakan #hudud #tpm #pasfitnahberpisahtiada #tolakpenunggangagama #pasbersatuberpecah #bersatu #madani #perpaduan #tinggalkanbersatu #pngagal #umno #Pntumbamg #Pnhilangkerusi #pnsakau #AirKuning #PASbERSATU #",https://www.tiktok.com/@ajsara_/video/7500545031732727058,,,neutral,2026-05-29T18:54:30.179216,48,24,40,4453,0.0,156,220.453
tiktok,post,7524234783237360903,Kita tidak tahu siapa yang datang duluan jodoh atau maut 🥺 #fypage #berandafypシ #xcyzba #fyppppppppppppppppppppppp,https://www.tiktok.com/@rfp234/video/7524234783237360903,,,neutral,2026-05-29T18:54:48.739791,132,27,7,4349,0.0,209,211.349
tiktok,post,7642638266029575445,"Saya sokong PAS bertindak tegas terhadap BERSATU, eloklah dikaji semula hubungan antara PAS dan BERSATU selepas kes yang berlaku di Perlis dan Negeri Sembilan!

#perikatannasional #partiislamsemalaysia #kembalikepadapenyelesaianislam #PerliskuBestariBerkatLestari",https://www.tiktok.com/@mohammadfarhan159/video/7642638266029575445,,,neutral,2026-05-29T18:54:28.274556,166,20,0,2546,0.0,211,208.546
tiktok,post,7601519821955648788,"Hubungan antara Parti Pribumi Bersatu Malaysia (Bersatu) dan Pas dalam kerangka Perikatan Nasional (PN) disifatkan semakin meruncing dan membimbangkan menuntut tindakan tegas daripada kepimpinan tertinggi parti itu.

Ketua Bersatu Bahagian Dungun, Datuk Abdul Aziz Ismail berkata, pihaknya bersama jawatankuasa bahagian serta sayap-sayap parti menyuarakan kebimbangan serius terhadap kegagalan Presiden Bersatu, Tan Sri Muhyiddin Yassin dalam menjaga keharmonian dan hubungan strategik dengan rakan komponen PN khususnya Pas.

Menurutnya, perkembangan semasa bukan sahaja mencetuskan ketegangan 
dalaman, malah menimbulkan rasa tidak senang dalam kalangan ramai pemimpin Pas terhadap pendekatan dan tindakan yang diambil oleh Muhyiddin.

""Lebih membimbangkan, beliau dilihat telah kehilangan arah kepimpinan apabila cuba memanipulasi keadaan dalam Perikatan Nasional.

""Tan Sri Muhyiddin sebelum ini telah meletakkan jawatan, namun kini kelihatan seolah-olah ingin kembali menguasai jawatan Pengerusi PN, sekali gus mencetuskan kekeliruan serta ketidakstabilan dalam struktur kepimpinan gabungan,"" katanya dalam kenyataan di sini pada Sabtu.

Abdul Aziz berkata, persepsi rakyat turut semakin negatif apabila wujud gambaran bahawa Muhyiddin tidak memberi ruang kepada pemimpin lain untuk menerajui jawatan Pengerusi PN, sebaliknya seolah-olah mahu memastikan jawatan itu tidak disandang oleh sesiapa sekiranya bukan beliau sendiri, termasuk melalui cadangan memansuhkan jawatan berkenaan.

Katanya, keadaan tersebut menimbulkan persoalan besar terhadap nilai kepimpinan, keikhlasan perjuangan serta keutamaan sebenar dalam politik, sama ada benar-benar demi rakyat dan kestabilan negara atau sekadar berteraskan kepentingan kuasa serta kedudukan peribadi.

Sehubungan itu, beliau menggesa Tan Sri Muhyiddin Yassin supaya bertanggungjawab dengan meletakkan jawatan sebagai Presiden Bersatu bagi menjernihkan semula hubungan antara parti-parti dalam PN, khususnya Pas, sekali gus memperkukuhkan kembali gabungan itu menjelang Pilihan Raya Umum ke-16 (PRU16).

""PN hanya akan kekal relevan dan diyakini rakyat sekiranya ia dipimpin dengan semangat kebersamaan, saling menghormati antara parti komponen serta mengutamakan kepimpinan yang berprinsip, berintegriti dan berjiwa besar,"" ujarnya.

Sebelum ini, Muhyiddin tidak dinamakan dalam senarai hadir ke mesyuarat luar biasa Majlis Tertinggi Perikatan Nasional (PN) susulan tindakan Ahli Parlimen Pagoh itu yang mengumumkan meletak jawatan berkuat kuasa 1 Januari lalu.",https://www.tiktok.com/@warta_my/video/7601519821955648788,,,neutral,2026-05-29T18:54:43.418703,129,20,5,13300,0.0,287,197.3
tiktok,post,7644784653974457621,"PAS-Bersatu feud raises questions over PN survival

#FMTNews #Trending #fyp #NewsAtTiktok #TrendingNewsMalaysia #FMTEng",https://www.tiktok.com/@freemalaysiatoday/video/7644784653974457621,,,neutral,2026-05-29T18:54:29.576244,146,2,12,5774,0.0,217,191.774
tiktok,post,7642660351737220360,"PAS Kaji Hubungan Dengan Bersatu, Diibaratkan Langgar Setia Kawan #MGFlash
Pas dilaporkan sedang meneliti semula hubungan dan kerjasama politik dengan Parti Pribumi Bersatu Malaysia (Bersatu) menjelang Pilihan Raya Umum Ke-16 (PRU-16).
Presiden Pas, Tan Sri Abdul Hadi Awang berkata, langkah itu termasuk kemungkinan bergerak tanpa parti itu sekiranya gagal mencapai kata sepakat.",https://www.tiktok.com/@malaysiagazette/video/7642660351737220360,,,neutral,2026-05-29T18:54:41.564892,167,1,4,10500,0.0,277,191.5
tiktok,post,7418191286655536392,"dia macam ni jelah selagi haji hadi jadi presiden PAS,akar umbi Pas tetap la sokonglah  bersama bersatu Dan PN‼️sebodoh mana kita manusia NI kita Akan tau jgak lama kelamaan mana yang beri manfaat💯haji hadi ni ego  buat Langkah silap sertai PN pinggirkan MN😡😡dia lupa Yang bersama dia Lepas Pru 14 tu umno,AKHIRNYA tuduh  umno khianat padahal dia Yang isytihar sertai PN umno tanding solo Pru 15🤣🤣🤣walaupun masih Ada Yang SETIA dengan muafakat nasional....tetapi perlu akur atas sebab baiah PAS 
#paspispus#paritbuntar #tolakbersatu #tolakpn #muafakatnasional #syiah",https://www.tiktok.com/@suaraanakkelantan/video/7418191286655536392,,,neutral,2026-05-29T18:55:08.824082,133,5,9,1254,0.0,159,171.254
tiktok,post,7529113427646729479,"PAS TUNGGU JEMPUTAN, BERSATU TUNGGU KEHADIRAN: PENYOKONG PN KEBINGUNGAN

Hubungan PAS dan BERSATU dalam Perikatan Nasional (PN) kini kelihatan semakin goyah, bak retak menanti belah. BERSATU mendakwa telah menjemput PAS ke pertemuan penting, tetapi tiada wakil PAS yang hadir, sedangkan Pemuda PAS sendiri menegaskan mereka langsung tidak menerima sebarang jemputan. Ini menunjukkan bahawa komunikasi antara kedua-dua parti ini sangat lemah. Jika pemimpin sendiri tidak sehaluan, bagaimana penyokong boleh yakin dengan masa depan PN?  

Ketua Penerangan BERSATU, Datuk Tun Faisal Ismail Aziz, berkeras mengatakan bahawa jemputan telah dihantar, tetapi Ketua Pemuda PAS, Afnan Hamimi, secara terang-terangan menyatakan bahawa mereka tidak dimaklumkan langsung. Ini bukan sekadar salah faham, ini adalah petanda buruk. Adakah BERSATU sengaja meminggirkan PAS, atau PAS sendiri sudah tidak berminat untuk duduk semeja dengan rakan sekutu? Jika perkara asas seperti jemputan pun tidak dapat diselaraskan, apa lagi hal-hal besar seperti strategi pilihan raya dan pembahagian kerusi?  

Penyokong PAS dan BERSATU pasti gelisah melihat keadaan ini. Afnan Hamimi berkata, ""Kalau nak jemput PAS, PAS akan hadir,"" seolah-olah menyindir BERSATU yang tidak serius melibatkan mereka. Di sebalik senyuman dan pernyataan rasmi, jelas ada ketegangan yang tidak diungkapkan. Jika dua parti terbesar dalam PN tidak boleh bekerjasama dengan baik, apakah nasib Perikatan Nasional? Penyokong setia mungkin mula mempersoalkan, adakah perpecahan sedang berlaku di belakang tabir?

#MyCommunityNews 
#MCN 
#PNGaduhLagi 
#PertikaianNasional 
#BersatuVsPas",https://www.tiktok.com/@mcn_24/video/7529113427646729479,,,neutral,2026-05-29T18:54:35.838749,105,4,18,1817,0.0,145,168.817
tiktok,post,7642574717978955029,#pas #hjhadiawang #bersatu,https://www.tiktok.com/@din.otai7/video/7642574717978955029,,,neutral,2026-05-29T18:54:33.641608,93,13,11,6484,0.0,181,158.484
tiktok,post,7261283794718690568,PAS #PN #perikatannasional #BERSATU,https://www.tiktok.com/@perikatannasional_pas/video/7261283794718690568,,,neutral,2026-05-29T18:54:44.039895,121,9,5,726,0.0,142,154.726
tiktok,post,7642628637165997333,"“PAS AKAN KAJI SEMULA HUBUNGAN DENGAN PARTI BERSATU”

#resetmalaysia #fpy #pas #pn",https://www.tiktok.com/@bersatuhangtuahjaya/video/7642628637165997333,,,neutral,2026-05-29T18:54:40.958564,137,6,0,3230,0.0,175,152.23
tiktok,post,7643115578344869128,"#NSTTV Pas will hold internal meetings within the next one or two days to decide its next course of action regarding cooperation with Bersatu, following what it described as actions that may have affected ties within Perikatan Nasional (PN).
Pas secretary-general Datuk Seri Takiyuddin Hassan said the matter would first be discussed at the party level before being brought to a PN meeting for further deliberation.
Read more at: https://bit.ly/42MODS1",https://www.tiktok.com/@nstonline/video/7643115578344869128,,,neutral,2026-05-29T18:54:30.804960,74,17,10,5522,0.0,156,143.522
tiktok,post,7395441705031404818,NENGGIRI: PAS ATAU BERSATU😏😏,https://www.tiktok.com/@suaraanakkelantan/video/7395441705031404818,,,neutral,2026-05-29T18:55:09.843606,98,5,11,696,0.0,120,141.696
tiktok,post,7642722526338075924,"[[[ VIDEO ]]] PAS sedang meneliti semula hubungan serta kerjasama politik dengan Bersatu menjelang PRU16, termasuk bergerak sendiri jika gagal mencapai persefahaman.

Presidennya, Tan Sri Abdul Hadi Awang berkata, ia akan dikaji secara menyeluruh terhadap hubungan kedua-dua parti dalam Perikatan Nasional (PN) berdasarkan pengalaman pilihan raya sebelum ini.

Menurutnya, PAS memilih untuk mengambil pendekatan berhati-hati, namun menegaskan kesabaran parti itu ada batasnya.

Sumber Harakah Daily

#pas #hadi #bersatu #malaysiapost #malaysiatiktok #malaysiaposttv",https://www.tiktok.com/@jernehmedia/video/7642722526338075924,,,neutral,2026-05-29T18:54:33.322072,106,11,2,2286,0.0,141,136.286
tiktok,post,7624426355177868565,"Insya-Allah, jika ditakdirkan Allah, PAS menerusi Perikatan Nasional bersedia sebagai kerajaan untuk memimpin dan meneraju negeri Perak dalam Pilihan Raya Umum ke-16 kelak.",https://www.tiktok.com/@ustaz.idrisahmad/video/7624426355177868565,,,neutral,2026-05-29T18:55:10.467954,103,8,5,918,0.0,125,134.918
tiktok,post,7642579265472482580,"MARANG, 22 Mei - Presiden PAS, Tan Sri Abdul Hadi Awang memberi bayangan hubungan antara PAS dan Parti Pribumi Bersatu Malaysia (BERSATU) dalam Perikatan Nasional (PN) kini berada dalam keadaan tegang susulan beberapa percanggahan pendirian yang berlaku antara kedua-dua parti. 

Menurut beliau, PAS mahu memperkukuh PN dengan menambah penyertaan komponen baharu demi memperkasakan agenda Melayu-Islam, namun cadangan tersebut tidak dipersetujui oleh BERSATU.

“Hal-hal seperti ini akan kita kaji dan teliti satu persatu untuk melihat tindakan selanjutnya. Pilihan raya ini ada untung ruginya dan melibatkan soal sokongan kita.

“Kalau menjejaskan Perikatan Nasional dalam pilihan raya, maknanya kita tidak mengikut apa yang sepatutnya,” katanya. 

Beliau bagaimanapun menegaskan PAS tidak akan bergerak bersendirian pada Pilihan Raya Umum (PRU) akan datang kerana PAS masih memegang peranan sebagai Pengerusi PN namun tidak menolak kemungkinan perubahan terhadap status keahlian BERSATU dalam PN. 

Beliau turut mendedahkan rasa tidak puas hati PAS terhadap prestasi jentera BERSATU ketika Pilihan Raya Negeri (PRN) dan Pilihan Raya Kecil (PRK) sebelum ini. 

“Mereka ada calon, tetapi petugasnya terlampau sedikit berbanding jumlah keahlian yang didakwa beribu-ribu orang. Apabila kita turun, yang bekerja di lapangan hanyalah ahli-ahli PAS sahaja,” jelasnya.

PAS menegaskan kekuatan parti tidak terjejas sama sekali dengan perkembangan yang berlaku dan akan menjadi penggerak utama PN serta bakal bertanding di atas nama gabungan itu. 

Kredit: Sinar Harian

#BeritaKS",https://www.tiktok.com/@berita.ks/video/7642579265472482580,,,neutral,2026-05-29T18:54:43.722868,96,7,6,6667,0.0,175,134.667
tiktok,post,7638455816122633492,"#partipassemalaysia 
#fypシ゚viral 
#pnbest👍👍👍",https://www.tiktok.com/@ceosrijayabersatuholding/video/7638455816122633492,,,neutral,2026-05-29T18:55:25.751367,99,1,11,660,0.0,117,134.66
tiktok,post,7417268808030768391,Pengakuan secara sengaja atau tidak tak penting. Yang penting PAS masih nk tanggung biawak hidup Bersatu ke? Presiden sendiri pun nyanyuk 🤣🤣🤣 #trending #pas #walaun #perikatannasional,https://www.tiktok.com/@jairizalrk/video/7417268808030768391,,,neutral,2026-05-29T18:55:09.526377,76,9,12,678,0.0,103,130.678
tiktok,post,7643421645704531207,pas is reviewing her relationship with Bersatu,https://www.tiktok.com/@drarthurkoh1717/video/7643421645704531207,,,neutral,2026-05-29T18:54:29.264940,87,10,3,3111,0.0,131,119.111
tiktok,post,7644772854319385877,"PAS-Bersatu crisis leaves minor IPR parties uneasy, say analysts 

#FMTNews #Trending #fyp #NewsAtTiktok #TrendingNewsMalaysia #FMTEng",https://www.tiktok.com/@freemalaysiatoday/video/7644772854319385877,,,neutral,2026-05-29T18:54:28.912934,87,1,4,4995,0.0,141,105.995
tiktok,post,7643801905335995668,"Lau appeals for PN unity as PAS and Bersatu feud

#FMTNews #fyp #NewsAtTikTok #TrendingNewsMalaysia #FMTEng",https://www.tiktok.com/@freemalaysiatoday/video/7643801905335995668,,,neutral,2026-05-29T18:54:31.733406,73,5,4,4700,0.0,129,99.7
tiktok,post,7641570636896292114,#fyp #politik #pas #perikatannasional #pahang,https://www.tiktok.com/@skuadaps/video/7641570636896292114,,,neutral,2026-05-29T18:55:23.144839,58,13,2,3298,0.0,105,93.298
tiktok,post,7508973770305064248,partner— #ppp #putraputripertanian #putraputripertanian2025 #ub,https://www.tiktok.com/@refanisandya/video/7508973770305064248,,,neutral,2026-05-29T18:55:15.236891,71,4,2,3323,0.0,110,88.323
tiktok,post,7526166588412710200,"Temanin dari Pratu Vs Praka🔥
#fypage #tniindonesia🇮🇩 #persitkartikachandrakirana #pasanganabdinegara #abdinegara",https://www.tiktok.com/@airinnn672/video/7526166588412710200,,,neutral,2026-05-29T18:55:14.921154,53,2,3,2561,0.0,83,68.561
tiktok,post,7644027744644418837,"HJ HADI BARU TAU BERSATU TAK ADA JENTERA, SEMUA HARAPKAN PAS?

Kenyataan terbaru Haji Hadi Awang yang mahu mempertimbangkan semula kerjasama antara PAS dan BERSATU menimbulkan pelbagai persoalan tentang kekuatan sebenar gabungan dalam PN. Antara isu yang dibangkitkan ialah dakwaan BERSATU hanya meletakkan calon ketika pilihan raya, namun bergantung kepada jentera PAS untuk bekerja di lapangan. Kalau benar perkara ini sudah lama berlaku, ramai mula tertanya kenapa baru sekarang isu tersebut dibuka secara terbuka. Adakah selama ini hubungan kedua-dua parti nampak kukuh di luar, tetapi sebenarnya sudah lama wujud ketidakpuasan di belakang tabir?

Dalam politik, ayat seperti “kaji semula kerjasama” jarang keluar tanpa sebab besar. Ia boleh menjadi petanda hubungan PAS dan BERSATU semakin retak, lebih-lebih lagi jika PAS merasakan mereka sudah cukup kuat dengan penyokong serta jentera sendiri. Persoalannya, jika kerjasama ini longgar atau berakhir, siapa yang lebih terkesan? PAS yang memiliki akar umbi kuat, atau BERSATU yang sering dikaitkan bergantung kepada kekuatan sekutu? Isu ini dijangka terus menjadi perhatian menjelang rundingan pilihan raya akan datang.

#PAS
#BERSATU  
#PN  
#PolitikSemasa",https://www.tiktok.com/@alif.azizi69/video/7644027744644418837,,,neutral,2026-05-29T18:54:40.000723,40,6,2,1690,0.0,64,59.69
tiktok,post,7547310216145112327,"Tugas PPKN
""prinsip-prinsip kedaulatan negara republik Indonesia""
#fyppppppppppppppppppppppp",https://www.tiktok.com/@nayshiiiiiiii/video/7547310216145112327,,,neutral,2026-05-29T18:55:13.339891,32,5,5,575,0.0,47,57.575
tiktok,post,7642666869438041364,Pertikaian antara Pas dan Bersatu di PN Semakin Mendalam #malaysia #pas #politik,https://www.tiktok.com/@berita.ppp/video/7642666869438041364,,,neutral,2026-05-29T18:54:27.641715,30,4,4,1220,0.0,50,51.22
tiktok,post,7517901403881295111,aku benci pas dan perikatan nasional,https://www.tiktok.com/@tajudin45.zaharah/video/7517901403881295111,,,neutral,2026-05-29T18:54:48.123060,44,0,1,483,0.0,49,47.483
tiktok,post,7589127051148266773,"Menteri Besar Perlis yang baharu Abu Bakar Hamzah bertekad untuk mengekalkan persefahaman dalam kalangan barisan Ahli Dewan Undangan Negeri (ADUN) Perikatan Nasional (PN) di negeri itu yang terdiri daripada PAS dan BERSATU.

ADUN Kuala Perlis itu juga menyambut baik titah Raja Perlis Tuanku Syed Sirajuddin Jamalullail yang mahu semua ADUN PN di negeri itu kembali bersatu dan bekerjasama sebagai satu parti demi kepentingan negeri dan rakyat.

Abu Bakar berkata dari segi politik BERSATU akan kekal dalam PN dan menyifatkan PAS dan BERSATU adalah sebuah keluarga.

Timbalan Pengerusi PN Perlis itu juga yakin apa juga perbalahan akan diselesaikan dalam masa terdekat selain amat berharap hubungan PN kekal baik hingga habis penggal.

""Tidak timbul isu sama ada PAS atau BERSATU lebih atau kurang baik. 

“Apa yang penting saya ajak semua kakitangan awam negeri dan rakyat mendoakan agar Perlis setanding pembangunannya dengan negeri lain,” katanya.

Abu Bakar berkata beliau akan melakukan sedikit rombakan kepada barisan exco dan akan memastikan agihan portfolio adalah seimbang antara ADUN PAS dan BERSATU.

Beliau juga komited untuk meneruskan dasar serta hubungan baik kerajaan negeri dengan kerajaan Persekutuan bagi memastikan Perlis terus menerima bantuan sewajarnya bagi memajukan negeri itu.

Abu Bakar mengangkat sumpah selaku Menteri Besar Perlis kesembilan pada 4.08 petang tadi bagi menggantikan ADUN PAS Sanglang Mohd Shukri Ramli yang meletak jawatan selaku Menteri Besar pada 25 Dis lepas atas faktor kesihatan.",https://www.tiktok.com/@agendanow.my/video/7589127051148266773,,,neutral,2026-05-29T18:54:45.286329,21,0,7,3009,0.0,58,45.009
tiktok,post,7593946035685215508,aturan cinta 2026 tidak ada tekanan / memaksakan 😌😌😌 #🇭🇰 #anakkedua,https://www.tiktok.com/@anake_pak_su2/video/7593946035685215508,,,neutral,2026-05-29T18:54:51.612260,36,0,2,223,0.0,40,42.223
tiktok,post,7598470562498759957,"Korban pemutusan hubungan kerja atau PHK di Indonesia mencapai 88.519 orang di sepanjang 2025.
Jawa Barat menjadi daerah penyumbang PHK terbesar yakni 18.815 orang atau sekitar 21,2 persen dari total PHK, diikuti Jawa Tengah dan Banten. 

Kementerian Ketenagakerjaan menyebut, angka PHK dipengaruhi dinamika geopolitik termasuk perang, yang berdampak terhadap ekspor dan impor nasional.
Beberapa faktor lain juga turut berkontribusi, seperti melemahnya pesanan industri dan langkah efisiensi perusahaan.

Penutupan pabrik pun disebut-sebut menjadi penyebab dominan munculnya gelombang PHK dalam dua tahun terakhir.

#PHK #pabrik #Kerja #pasfm #indonesiapintar",https://www.tiktok.com/@pasfmradiobisnis/video/7598470562498759957,,,neutral,2026-05-29T18:54:52.526815,33,1,2,715,0.0,43,41.715
tiktok,post,7643490210747092245,"PAS Adakan Mesyuarat Tergempar Bincang Kerjasama PN, BERSATU..
PAS Adakan Mesyuarat Tergempar Di Kediaman MB Terengganu, Pimpinan Enggan Temui Media.. (kredit to Harian Metro) #fypシ #fypnews #kemelutpolitik #perikatannasional #harianmetro",https://www.tiktok.com/@jd__erry92/video/7643490210747092245,,,neutral,2026-05-29T18:54:42.776972,34,0,1,2478,0.0,59,39.478
tiktok,post,7642920980200836370,"PAS mengeluarkan arahan melarang pimpinan dan ahli membuat kenyataan terbuka mengenai isu hubungan parti dengan pihak lain tanpa kebenaran rasmi parti. ⚖️

Arahan itu dibuat ketika spekulasi mengenai hubungan PAS-BERSATU dalam Perikatan Nasional semakin hangat menjelang PRU16.

Setiausaha Agung PAS meminta semua pihak memberi ruang kepada kepimpinan tertinggi parti untuk menguruskan isu tersebut secara cermat.

#PAS #BERSATU #PerikatanNasional #PN #PRU16",https://www.tiktok.com/@malaysia.insight/video/7642920980200836370,,,neutral,2026-05-29T18:55:22.800021,22,2,4,1264,0.0,40,39.264
tiktok,post,7330907812232514817,"Menurut sumber FMT, hubungan Presiden Bersatu, Tan Sri Muhyiddin Yassin, dan Presiden PAS, Datuk Sri Hadi Awang, dikatakan dingin. #muhyiddinyassin #perikatannasional4malaysia #tokguru #tokguruhadiawang #bersatu #pasmalaysia",https://www.tiktok.com/@gotcha_channel/video/7330907812232514817,,,neutral,2026-05-29T18:54:35.218947,20,4,3,2234,0.0,49,39.234
tiktok,post,7597253346885487893,"KONFLIK POLITIK BERSATU – PAS, ADA DURI DALAM DAGING

Isu kenyataan Presiden Pas, Tan Sri Haji Hadi Awang yang menyindir tindakan Bersatu di Perlis sebagai satu ‘pengkhianatan’ mendedahkan realiti sebenar konflik yang berlaku dalam Perikatan Nasional. 

Belum reda tuduhan, Tan Sri Muhyiddin Yassin pula tampil menafikan Bersatu mengkhianti PAS. Perlis yang kecil pun gagal diurus dengan persefahaman, sebaliknya menjadi medan tuding jari sesama rakan. 

PAS rasa dikhianati, Bersatu pula rasa tak bersalah. Akhirnya yang rosak bukan sahaja hubungan dalaman tetapi keyakinan rakyat terhadap pakatan itu sendiri.

Dalam keadaan ini, laungan mahu menurunkan Anwar Ibrahim kedengaran semakin kosong. Lawan belum ditewaskan, kawan sendiri sudah berbalah. Jika isu dalaman pun tak mampu diselesaikan, bagaimana mahu memimpin negara?

#PAS
#BERSATU
#PN
#Konflik",https://www.tiktok.com/@alif.azizi69/video/7597253346885487893,,,neutral,2026-05-29T18:54:33.976213,21,4,2,542,0.0,32,35.542
tiktok,post,7591505038057524488,"KUMPUL KEBO BISA DIPIDANA MULAI 2 JANUARI 2026: SIAPA YANG BISA MELAPOR?
Seiring berlakunya KUHP Nasional (UU No. 1 Tahun 2023) per 2 Januari 2026, praktik hidup bersama tanpa ikatan perkawinan atau kohabitasi kini dapat diancam pidana. Namun, masyarakat perlu memahami bahwa aturan ini bersifat delik aduan absolut untuk melindungi privasi setiap warga negara.
POIN UTAMA PASAL 412 KUHP BARU:
Ancaman Pidana: Pelaku kumpul kebo dapat diancam pidana penjara paling lama 6 bulan atau denda kategori II (maksimal Rp10 juta).
Siapa yang Berhak Mengadu?: Karena bersifat delik aduan, polisi hanya bisa bertindak jika ada laporan dari pihak keluarga inti, yaitu:
Suami atau Istri (bagi pelaku yang sudah terikat perkawinan).
Orang Tua atau Anak (bagi pelaku yang tidak terikat perkawinan).
Warga Tidak Bisa Melapor: Tetangga, warga sekitar, atau organisasi masyarakat tidak memiliki kedudukan hukum (legal standing) untuk melaporkan pasal ini. Melaporkan orang lain tanpa hubungan kekeluargaan justru berisiko terkena pasal pencemaran nama baik.
Pengecualian Ketertiban Umum: Warga hanya bisa melapor jika pasangan tersebut mengganggu ketertiban umum (seperti kebisingan atau pesta pora), namun bukan atas dasar pasal perzinaan atau kumpul kebo itu sendiri.
Aturan ini dirancang untuk menjaga keseimbangan antara norma sosial dan perlindungan terhadap ruang privat individu di Indonesia.
Klik Subscribe untuk mendapatkan edukasi hukum terbaru dan penjelasan pasal-pasal KUHP Nasional lainnya.
#KUHPBaru #HukumIndonesia #KumpulKebo #Pasal412 #EdukasiHukum #Privasi #DelikAduan #BeritaHukum #Indonesia2026  #InfoHukum #HukumPidana",https://www.tiktok.com/@bacabukusore/video/7591505038057524488,,,neutral,2026-05-29T18:55:18.779551,12,8,2,969,0.0,31,34.969
tiktok,post,7637096713899183381,"org2 PAS mohon pantau org tu,
merosakkn hubungan PAS dgn BERSATU
#PNBest 
#PAS
#BERSATU",https://www.tiktok.com/@ralny_1511/video/7637096713899183381,,,neutral,2026-05-29T18:54:45.595854,28,0,1,2516,0.0,54,33.516
tiktok,post,7643696234594651412,"Mutakhir ini, rakyat semakin dapat melihat keretakan dan perbezaan pandangan yang berlaku dalam Perikatan Nasional (PN) apabila PAS dan BERSATU mula saling menyindir secara terbuka berkaitan soal pembahagian kerusi, kekuatan jentera serta kemampuan menghadapi pilihan raya. Situasi ini sedikit sebanyak menimbulkan persoalan dalam kalangan rakyat mengenai tahap kesepakatan sebenar dalam gabungan tersebut.
PAS dilihat mempertikaikan kemampuan BERSATU untuk bertanding di banyak kerusi sedangkan kekuatan jentera akar umbi mereka dikatakan tidak begitu kukuh di beberapa kawasan. Pada masa sama, BERSATU pula dilihat menyindir bahawa PAS walaupun mempunyai jentera yang ramai, namun dari sudut kewangan dan pengurusan kempen masih memerlukan bantuan dana daripada pihak lain. Sindiran terbuka sebegini menunjukkan wujudnya ketidakpuasan hati yang semakin ketara dalam kalangan pemimpin gabungan tersebut.
Hakikatnya, PAS sememangnya mempunyai kekuatan akar umbi yang lebih tersusun terutama di negeri-negeri seperti Kelantan, Terengganu dan Kedah. Jentera mereka dikenali aktif serta mempunyai penyokong yang setia. Namun begitu, BERSATU pula sering dilihat bergelut dengan isu dalaman termasuk beberapa krisis kepimpinan dan perbezaan pandangan dalam parti sendiri. Keadaan ini menyebabkan rakyat mula mempersoalkan sejauh mana kestabilan gabungan PN untuk mentadbir negara dengan baik sekiranya masalah dalaman masih gagal diselesaikan.
Dalam politik, perbezaan pendapat itu perkara biasa. Namun apabila ia berlaku secara terbuka sehingga saling menyerang antara rakan sendiri, ia boleh memberi gambaran negatif kepada rakyat. Lebih-lebih lagi ketika rakyat sedang berhadapan dengan cabaran kos sara hidup, ekonomi dan peluang pekerjaan, apa yang rakyat harapkan ialah kestabilan politik serta kepimpinan yang mampu bekerja dan membawa penyelesaian, bukannya pertelingkahan sesama sendiri.
Bak kata orang Pahang, “kawan sebantal pun kalau asyik bercanggah, susoh nak berjalan jauh bersama.” Begitulah juga dalam sesebuah gabungan politik. Jika urusan dalaman sendiri masih tidak sepakat, rakyat pasti akan berfikir panjang sebelum meletakkan kepercayaan untuk mentadbir negara.
#isu #politik #perikatannasional #pas #bersatu",https://www.tiktok.com/@mediacomms/video/7643696234594651412,,,neutral,2026-05-29T18:54:27.958521,16,6,1,451,0.0,27,31.451
tiktok,post,7643658475909827858,"Kaji lah belaka hihi..dalil PAS kan byk keluarkan semua 😂..parti yg bergabung dgn PAS mesti x tahan lame 🤭

#trollpolitik 
#pas #perikatannasional 
#tiktokviral",https://www.tiktok.com/@cikhayati08/video/7643658475909827858,,,neutral,2026-05-29T18:55:24.828945,11,1,4,456,0.0,20,25.456
tiktok,post,7645148829305556255,bagian paling dewasa dalam hidup adalah tidak lagi terkejut dngn sifat manusia #bismillah #Semngtbekerja #doaakanmerubahsegalnya #seluruhduniadanseisinya😜🤫 #salamseduluransejagatmaya #semngtldr #tkwhongkong🇮🇩🇭🇰,https://www.tiktok.com/@adityadewi.l/video/7645148829305556255,,,neutral,2026-05-29T18:55:20.250232,21,1,0,545,0.0,27,23.545
tiktok,post,7643980518152834305,"#NSTTV Perikatan Nasional is under mounting pressure, but analysts say Bersatu is unlikely to walk away from the coalition, even as tensions with Pas deepen into what one analyst calls a ""political time bomb"".

Universiti Malaya political analyst Dr Mohammad Tawfik Yaakub said the conflict between the two parties remained within the bounds of intra-coalition rivalry, but warned that it had the potential to spiral if left unresolved.

#PerikatanNasional #Pas #Bersatu #Politics #GE16 #BarisanNasional #NST #Malaysia",https://www.tiktok.com/@nstonline/video/7643980518152834305,,,neutral,2026-05-29T18:54:31.109950,9,3,2,1210,0.0,26,22.21
tiktok,post,7566836758332083476,"Hubungan antara Parti Pribumi Bersatu Malaysia (Bersatu) dan PAS dalam Perikatan Nasional (PN) didakwa semakin rapuh dan berpecah apabila kedua-dua parti itu dilihat sedang bersaing untuk merebut pengaruh menjelang pilihan raya akan datang.

Naib Pengerusi Parti Amanah Negara (Amanah) Johor, Dr. Zuhan Zain berkata, kedua-dua parti berkenaan perlu berhenti mempermainkan persepsi rakyat dengan berpura-pura seolah-olah masih bersatu padu dalam gabungan tersebut.

“Kedua-dua parti ini perlu berhenti mempermainkan persepsi rakyat dengan berpura-pura seolah-olah mereka masih bersatu padu,” katanya dalam kenyataan semalam.

Menurutnya, hubungan antara Bersatu dan PAS, termasuk di peringkat negeri, semakin longgar selepas beberapa isu dalaman melanda PN.

Katanya, kerjasama kedua-dua parti kini kerap dipenuhi kenyataan bercanggah dan pertikaian terbuka antara pimpinan masing-masing.

“Apa kesudahan hubungan antara Bersatu dan PAS di Johor? Kedua-dua parti yang kononnya berpadu di bawah gabungan PN kini kelihatan tidak lagi sehaluan,” ujarnya.

Beliau berkata, rakyat Johor berhak mengetahui pendirian sebenar Bersatu negeri itu terhadap krisis kepimpinan dan hala tuju perjuangan parti yang dilihat semakin kabur antara kepentingan peribadi dan perjuangan rakyat.

“Namun apa yang lebih mengecewakan adalah Bersatu Johor yang kekal membisu dan tidak menunjukkan sebarang pendirian rasmi dalam menghadapi kemelut ini. 

""Sikap berdiam diri Bersatu Johor bukan sahaja mencerminkan kelemahan kepimpinan negeri tersebut, malah menimbulkan persoalan sama ada mereka masih mempunyai hala tuju politik yang jelas untuk rakyat Johor,” katanya.

Zuhan menegaskan, rakyat tidak akan mempercayai parti yang gagal menyelesaikan krisis dalaman sendiri tetapi masih mahu tampil sebagai alternatif kepada kerajaan.

Katanya, Johor memerlukan kepimpinan yang stabil, berprinsip dan berfokus kepada kesejahteraan rakyat, bukannya sekadar retorik politik atau sandiwara perebutan kuasa.

Jumaat lalu, Pengerusi Badan Pimpinan Bersatu Johor, Datuk Dr. Sahruddin Jamal dilaporkan berkata, Tan Sri Muhyiddin Yassin selaku Presiden Bersatu masih layak untuk menjadi Perdana Menteri.

Bekas Menteri Besar Johor itu turut menjelaskan bahawa Muhyiddin mempunyai rekod luas dalam pentadbiran negara termasuk menerajui 11 kementerian serta pernah menjadi Menteri Besar Johor.",https://www.tiktok.com/@hussainiamran/video/7566836758332083476,,,neutral,2026-05-29T18:54:30.490385,7,5,0,447,0.0,16,17.447
tiktok,post,7644775159781412116,"Bersatu’s Youth Information Chief Harris Idaham Rashid talks about the party’s move of “playing second fiddle” Pas and his take on the new Perikatan Nasional chairman Datuk Seri Dr Ahmad Samsuri Mokhtar. 

Watch the full Top News episode titled “Bersatu’s Current Affairs” on Sinar Daily’s Youtube Channel or at www.sinardaily.my now!

#TopNews #Podcast #Pas #PN #Bersatu #SinarDaily",https://www.tiktok.com/@sinardailymy/video/7644775159781412116,,,neutral,2026-05-29T18:54:32.713289,16,0,0,1064,0.0,26,17.064
tiktok,post,7642630990640221448,"Hubungan antara Pas dan Parti Pribumi Bersatu Malaysia (Bersatu) dalam Perikatan Nasional (PN) dilihat semakin tegang apabila Presiden Pas, Abdul Hadi Awang memberi bayangan wujud percanggahan serius membabitkan hala tuju gabungan itu. 

Menurut beliau, Pas kini sedang meneliti setiap tindakan Bersatu termasuk isu penolakan terhadap usaha memperkukuh PN dengan penyertaan lebih banyak parti Melayu-Islam dan parti bukan Islam yang sederhana.

Abdul Hadi turut mendedahkan rasa tidak puas hati Pas terhadap sikap Bersatu dalam beberapa pilihan raya sebelum ini apabila parti itu didakwa meminta banyak kerusi, namun gagal menyediakan jentera yang mencukupi di lapangan. 

Beliau berkata, ahli-ahli Pas akhirnya menjadi tulang belakang gerak kerja kempen dan situasi tersebut sedang dinilai secara menyeluruh oleh kepimpinan parti termasuk Majlis Syura Ulama serta Lajnah Pilihan Raya Pas.

Walaupun mengakui wujud pelbagai kemungkinan menjelang PRU16 termasuk soal kedudukan Bersatu dalam PN, Abdul Hadi menegaskan Pas tidak akan bergerak secara bersendirian buat masa ini kerana masih memegang peranan penting dalam gabungan tersebut. 

Katanya, Pas kekal sebagai penggerak utama PN dan parti itu sentiasa bersedia menghadapi pilihan raya pada bila-bila masa.

#PRU16
#therakyatinsight",https://www.tiktok.com/@therakyatinsight/video/7642630990640221448,,,neutral,2026-05-29T18:54:43.105402,11,2,0,757,0.0,20,15.757
tiktok,post,7642655003810794769,"Perikatan Nasional kini dilihat bukan lagi sebuah gabungan yang kukuh seperti dahulu. Apa yang berlaku hari ini semakin jelas menunjukkan hubungan antara PAS dan BERSATU sedang berada di ambang perpecahan besar.

Sidang media Presiden Abdul Hadi Awang bukan sekadar kenyataan biasa, tetapi dilihat sebagai amaran terbuka kepada BERSATU bahawa kesabaran PAS ada batasnya.

Apabila Setiausaha Agung PAS sendiri mengutus surat rasmi membantah tindakan dua ADUN BERSATU di Negeri Sembilan, itu memberi gambaran bahawa PAS sudah mula muak dengan sikap “buat keputusan sendiri” tanpa menghormati semangat kerjasama dalam PN.

Lebih panas apabila PAS turut memberi bayangan akan mempertimbangkan tindakan di Perlis. Ini bukan lagi soal kecil, tetapi sudah menjadi isu kepercayaan antara rakan politik sendiri.

Persoalannya sekarang, adakah BERSATU semakin lupa siapa yang banyak menyelamatkan mereka ketika parti itu hampir tenggelam? Ramai melihat PAS selama ini menjadi tulang belakang kekuatan akar umbi PN, manakala BERSATU pula terlalu kerap mencetuskan kontroversi dalaman yang akhirnya membebankan gabungan.

Kini PAS secara terbuka menyatakan akan mengkaji semula semua aspek kerjasama dengan BERSATU. Bahasa politiknya cukup mudah difahami  hubungan ini sedang berada di hujung tanduk.

Jika keadaan terus dibiarkan, tidak mustahil PAS akan memilih untuk membawa haluan sendiri tanpa perlu terus menanggung liabiliti politik yang semakin merugikan. Dalam politik, kesetiaan bukan hanya pada logo gabungan, tetapi pada disiplin dan penghormatan sesama rakan.

Menjelang kemungkinan PRN Johor yang boleh berlaku pada bila-bila masa, keadaan ini pasti meresahkan penyokong PN di peringkat akar umbi. Mereka melihat bagaimana gabungan yang kononnya mahu menjadi alternatif kepada kerajaan hari ini sedang sibuk bertelagah sesama sendiri.

PAS Johor pastinya tidak mahu kekuatan jentera mereka dipermainkan oleh konflik dalaman yang berpunca daripada tindakan tidak matang sesetengah pihak. Manakala BERSATU Johor pula kini berada dalam tekanan besar untuk membuktikan mereka masih relevan dan mampu menjaga hubungan dengan rakan gabungan.

Rakyat kini sedang memerhati. Jika sesama sendiri pun gagal mencapai kesepakatan, bagaimana PN mahu meyakinkan rakyat bahawa mereka mampu mentadbir negeri dan negara dengan stabil?

Apa yang berlaku hari ini jelas menunjukkan satu perkara keretakan dalam PN bukan lagi khabar angin, tetapi sudah mula terserlah di depan mata.

#fypシ #fypシ゚viral #fyppppppppppppppppppppppp #fy #fypage",https://www.tiktok.com/@abgmandankaknany/video/7642655003810794769,,,neutral,2026-05-29T18:54:44.353932,5,3,1,367,0.0,12,14.367
tiktok,post,7642180446163438868,Pelancaran jentera secara berasingan antara PAS dan Bersatu dalam PRN Melaka mula menimbulkan persoalan besar. Adakah hubungan dalam PN semakin retak dan hilang keserasian? Kongsikan pendapat anda tentang situasi ini.,https://www.tiktok.com/@emieshazril/video/7642180446163438868,,,neutral,2026-05-29T18:54:42.477294,5,0,2,180,0.0,8,11.18
tiktok,post,7645078655109975316,Membalas @zytlly #ammarzoni #indonesiatiktok #iduladha2026 #mutiaraipank #ipank,https://www.tiktok.com/@xin_huan77/video/7645078655109975316,,,neutral,2026-05-29T18:55:20.898008,8,0,0,143,0.0,9,8.143
tiktok,post,7643364603396623632,"PAS vs Bersatu: Will Perikatan Nasional Hold?

Tensions between PAS and Bersatu are escalating within Perikatan Nasional (PN) following remarks by PAS President Abdul Hadi Awang that “patience has its limits.” The statement reflects growing frustration over seat allocations, leadership decisions, and strategic direction within Malaysia’s opposition coalition.

For multiple election cycles, PAS has provided the grassroots machinery, voter networks, and on-the-ground strength that underpin PN’s electoral performance, while Bersatu has maintained leadership visibility and national positioning. Recent developments in Perlis, Kedah, and Kelantan, along with disagreements over coalition expansion, suggest a shifting power balance between the two parties.

The evolving dynamic highlights a deeper struggle over control within Perikatan Nasional. As PAS asserts a stronger leadership role and Bersatu navigates its dependence on PAS’s organisational strength, the future stability of the coalition may depend on whether both sides can maintain cooperation—or redefine their roles ahead of the next general election in Malaysia.

#fyp #foryoupage #malaysian #Malaysia #malaysiaboleh #MalaysiaTikTok #PAS #Bersatu #tiktokkl #malaysiatiktok🇲🇾 #malaysianupdate #viralmalaysia #PolitikMalaysia",https://www.tiktok.com/@asiabytes/video/7643364603396623632,,,neutral,2026-05-29T18:54:29.875445,7,0,0,660,0.0,13,7.66
tiktok,post,7592469201755884808,"Buat kalian yang mau mendirikan bangunan dalam waktu dekat ini tapi bingung urus PBG ( Persetujuan Bangunan Gedung)?? 
Biro Jasa Gibran Amanah Solusinya🥳
Proses dijamin cepat dan terpercayaaa

#birojasagibranamanah #birojasalampung #birojasamurah #birojasabandarlampung #lampung",https://www.tiktok.com/@birojasagibran.amanah/video/7592469201755884808,,,neutral,2026-05-29T18:55:05.994181,6,0,0,420,0.0,10,6.42
tiktok,post,7643821596058209554,"Patutlah macam-macam kenyataan dikeluarkan kepada Bersatu, rupanya nak pinang BERSAMA?

#pas 
#partiislamsemalaysia 
#politik 
#bersatu 
#malaysia",https://www.tiktok.com/@pejuang_kehidupan06/video/7643821596058209554,,,neutral,2026-05-29T18:55:25.139168,5,0,0,327,0.0,8,5.327
tiktok,comment,7642666869438041364_comment_0,ayuh Rakyat Malaysia 🇲🇾 kuasakn diri pertahankn kjaan perpaduan MADANI 🇲🇾,,https://www.tiktok.com/@berita.ppp/video/7642666869438041364,7642666869438041364,neutral,2026-05-29T18:54:27.958463,6,0,0,0,0.0,6,
tiktok,comment,7642666869438041364_comment_1,ni hal parti pn...bior la drang kasi settle kan...orang UMNO ph tak payah la kita campur,,https://www.tiktok.com/@berita.ppp/video/7642666869438041364,7642666869438041364,neutral,2026-05-29T18:54:27.958477,5,0,0,0,0.0,5,
tiktok,comment,7643696234594651412_comment_0,ayuh Rakyat Malaysia 🇲🇾 kuasakn diri pertahankn kjaan perpaduan MADANI 🇲🇾,,https://www.tiktok.com/@mediacomms/video/7643696234594651412,7643696234594651412,neutral,2026-05-29T18:54:28.274505,6,0,0,0,0.0,6,
tiktok,comment,7643696234594651412_comment_1,ni hal parti pn...bior la drang kasi settle kan...orang UMNO ph tak payah la kita campur,,https://www.tiktok.com/@mediacomms/video/7643696234594651412,7643696234594651412,neutral,2026-05-29T18:54:28.274516,5,0,0,0,0.0,5,
tiktok,comment,7642638266029575445_comment_0,ayuh Rakyat Malaysia 🇲🇾 kuasakn diri pertahankn kjaan perpaduan MADANI 🇲🇾,,https://www.tiktok.com/@mohammadfarhan159/video/7642638266029575445,7642638266029575445,neutral,2026-05-29T18:54:28.590907,6,0,0,0,0.0,6,
tiktok,comment,7642638266029575445_comment_1,ni hal parti pn...bior la drang kasi settle kan...orang UMNO ph tak payah la kita campur,,https://www.tiktok.com/@mohammadfarhan159/video/7642638266029575445,7642638266029575445,neutral,2026-05-29T18:54:28.590917,5,0,0,0,0.0,5,
tiktok,comment,7637745186570849554_comment_0,ayuh Rakyat Malaysia 🇲🇾 kuasakn diri pertahankn kjaan perpaduan MADANI 🇲🇾,,https://www.tiktok.com/@mhmdsymim_/video/7637745186570849554,7637745186570849554,neutral,2026-05-29T18:54:28.912883,6,0,0,0,0.0,6,
tiktok,comment,7637745186570849554_comment_1,ni hal parti pn...bior la drang kasi settle kan...orang UMNO ph tak payah la kita campur,,https://www.tiktok.com/@mhmdsymim_/video/7637745186570849554,7637745186570849554,neutral,2026-05-29T18:54:28.912892,5,0,0,0,0.0,5,
tiktok,comment,7644772854319385877_comment_0,ayuh Rakyat Malaysia 🇲🇾 kuasakn diri pertahankn kjaan perpaduan MADANI 🇲🇾,,https://www.tiktok.com/@freemalaysiatoday/video/7644772854319385877,7644772854319385877,neutral,2026-05-29T18:54:29.264888,6,0,0,0,0.0,6,
tiktok,comment,7644772854319385877_comment_1,ni hal parti pn...bior la drang kasi settle kan...orang UMNO ph tak payah la kita campur,,https://www.tiktok.com/@freemalaysiatoday/video/7644772854319385877,7644772854319385877,neutral,2026-05-29T18:54:29.264899,5,0,0,0,0.0,5,
tiktok,comment,7643421645704531207_comment_0,ayuh Rakyat Malaysia 🇲🇾 kuasakn diri pertahankn kjaan perpaduan MADANI 🇲🇾,,https://www.tiktok.com/@drarthurkoh1717/video/7643421645704531207,7643421645704531207,neutral,2026-05-29T18:54:29.576191,6,0,0,0,0.0,6,
tiktok,comment,7643421645704531207_comment_1,ni hal parti pn...bior la drang kasi settle kan...orang UMNO ph tak payah la kita campur,,https://www.tiktok.com/@drarthurkoh1717/video/7643421645704531207,7643421645704531207,neutral,2026-05-29T18:54:29.576203,5,0,0,0,0.0,5,
tiktok,comment,7644784653974457621_comment_0,ayuh Rakyat Malaysia 🇲🇾 kuasakn diri pertahankn kjaan perpaduan MADANI 🇲🇾,,https://www.tiktok.com/@freemalaysiatoday/video/7644784653974457621,7644784653974457621,neutral,2026-05-29T18:54:29.875399,6,0,0,0,0.0,6,
tiktok,comment,7644784653974457621_comment_1,ni hal parti pn...bior la drang kasi settle kan...orang UMNO ph tak payah la kita campur,,https://www.tiktok.com/@freemalaysiatoday/video/7644784653974457621,7644784653974457621,neutral,2026-05-29T18:54:29.875409,5,0,0,0,0.0,5,
tiktok,comment,7643364603396623632_comment_0,ayuh Rakyat Malaysia 🇲🇾 kuasakn diri pertahankn kjaan perpaduan MADANI 🇲🇾,,https://www.tiktok.com/@asiabytes/video/7643364603396623632,7643364603396623632,neutral,2026-05-29T18:54:30.179165,6,0,0,0,0.0,6,
tiktok,comment,7643364603396623632_comment_1,ni hal parti pn...bior la drang kasi settle kan...orang UMNO ph tak payah la kita campur,,https://www.tiktok.com/@asiabytes/video/7643364603396623632,7643364603396623632,neutral,2026-05-29T18:54:30.179176,5,0,0,0,0.0,5,
tiktok,comment,7500545031732727058_comment_0,ayuh Rakyat Malaysia 🇲🇾 kuasakn diri pertahankn kjaan perpaduan MADANI 🇲🇾,,https://www.tiktok.com/@ajsara_/video/7500545031732727058,7500545031732727058,neutral,2026-05-29T18:54:30.490338,6,0,0,0,0.0,6,
tiktok,comment,7500545031732727058_comment_1,ni hal parti pn...bior la drang kasi settle kan...orang UMNO ph tak payah la kita campur,,https://www.tiktok.com/@ajsara_/video/7500545031732727058,7500545031732727058,neutral,2026-05-29T18:54:30.490347,5,0,0,0,0.0,5,
tiktok,comment,7566836758332083476_comment_0,ayuh Rakyat Malaysia 🇲🇾 kuasakn diri pertahankn kjaan perpaduan MADANI 🇲🇾,,https://www.tiktok.com/@hussainiamran/video/7566836758332083476,7566836758332083476,neutral,2026-05-29T18:54:30.804907,6,0,0,0,0.0,6,
tiktok,comment,7566836758332083476_comment_1,ni hal parti pn...bior la drang kasi settle kan...orang UMNO ph tak payah la kita campur,,https://www.tiktok.com/@hussainiamran/video/7566836758332083476,7566836758332083476,neutral,2026-05-29T18:54:30.804918,5,0,0,0,0.0,5,
tiktok,comment,7643115578344869128_comment_0,ayuh Rakyat Malaysia 🇲🇾 kuasakn diri pertahankn kjaan perpaduan MADANI 🇲🇾,,https://www.tiktok.com/@nstonline/video/7643115578344869128,7643115578344869128,neutral,2026-05-29T18:54:31.109861,6,0,0,0,0.0,6,
tiktok,comment,7643115578344869128_comment_1,ni hal parti pn...bior la drang kasi settle kan...orang UMNO ph tak payah la kita campur,,https://www.tiktok.com/@nstonline/video/7643115578344869128,7643115578344869128,neutral,2026-05-29T18:54:31.109871,5,0,0,0,0.0,5,
tiktok,comment,7643980518152834305_comment_0,ayuh Rakyat Malaysia 🇲🇾 kuasakn diri pertahankn kjaan perpaduan MADANI 🇲🇾,,https://www.tiktok.com/@nstonline/video/7643980518152834305,7643980518152834305,neutral,2026-05-29T18:54:31.418058,6,0,0,0,0.0,6,
tiktok,comment,7643980518152834305_comment_1,ni hal parti pn...bior la drang kasi settle kan...orang UMNO ph tak payah la kita campur,,https://www.tiktok.com/@nstonline/video/7643980518152834305,7643980518152834305,neutral,2026-05-29T18:54:31.418068,5,0,0,0,0.0,5,
tiktok,comment,7642606353453813012_comment_0,ayuh Rakyat Malaysia 🇲🇾 kuasakn diri pertahankn kjaan perpaduan MADANI 🇲🇾,,https://www.tiktok.com/@sinarharianonline/video/7642606353453813012,7642606353453813012,neutral,2026-05-29T18:54:31.733357,6,0,0,0,0.0,6,
tiktok,comment,7642606353453813012_comment_1,ni hal parti pn...bior la drang kasi settle kan...orang UMNO ph tak payah la kita campur,,https://www.tiktok.com/@sinarharianonline/video/7642606353453813012,7642606353453813012,neutral,2026-05-29T18:54:31.733366,5,0,0,0,0.0,5,
tiktok,comment,7643801905335995668_comment_0,ayuh Rakyat Malaysia 🇲🇾 kuasakn diri pertahankn kjaan perpaduan MADANI 🇲🇾,,https://www.tiktok.com/@freemalaysiatoday/video/7643801905335995668,7643801905335995668,neutral,2026-05-29T18:54:32.054240,6,0,0,0,0.0,6,
tiktok,comment,7643801905335995668_comment_1,ni hal parti pn...bior la drang kasi settle kan...orang UMNO ph tak payah la kita campur,,https://www.tiktok.com/@freemalaysiatoday/video/7643801905335995668,7643801905335995668,neutral,2026-05-29T18:54:32.054251,5,0,0,0,0.0,5,
tiktok,comment,7642560431013383444_comment_0,ayuh Rakyat Malaysia 🇲🇾 kuasakn diri pertahankn kjaan perpaduan MADANI 🇲🇾,,https://www.tiktok.com/@sinarharianonline/video/7642560431013383444,7642560431013383444,neutral,2026-05-29T18:54:32.365901,6,0,0,0,0.0,6,
tiktok,comment,7642560431013383444_comment_1,ni hal parti pn...bior la drang kasi settle kan...orang UMNO ph tak payah la kita campur,,https://www.tiktok.com/@sinarharianonline/video/7642560431013383444,7642560431013383444,neutral,2026-05-29T18:54:32.365913,5,0,0,0,0.0,5,
tiktok,comment,7643046659328462081_comment_0,ayuh Rakyat Malaysia 🇲🇾 kuasakn diri pertahankn kjaan perpaduan MADANI 🇲🇾,,https://www.tiktok.com/@berita.fmt/video/7643046659328462081,7643046659328462081,neutral,2026-05-29T18:54:32.713236,6,0,0,0,0.0,6,
tiktok,comment,7643046659328462081_comment_1,ni hal parti pn...bior la drang kasi settle kan...orang UMNO ph tak payah la kita campur,,https://www.tiktok.com/@berita.fmt/video/7643046659328462081,7643046659328462081,neutral,2026-05-29T18:54:32.713247,5,0,0,0,0.0,5,
tiktok,comment,7644775159781412116_comment_0,ayuh Rakyat Malaysia 🇲🇾 kuasakn diri pertahankn kjaan perpaduan MADANI 🇲🇾,,https://www.tiktok.com/@sinardailymy/video/7644775159781412116,7644775159781412116,neutral,2026-05-29T18:54:33.015771,6,0,0,0,0.0,6,
tiktok,comment,7644775159781412116_comment_1,ni hal parti pn...bior la drang kasi settle kan...orang UMNO ph tak payah la kita campur,,https://www.tiktok.com/@sinardailymy/video/7644775159781412116,7644775159781412116,neutral,2026-05-29T18:54:33.015782,5,0,0,0,0.0,5,
tiktok,comment,7643055603794890004_comment_0,ayuh Rakyat Malaysia 🇲🇾 kuasakn diri pertahankn kjaan perpaduan MADANI 🇲🇾,,https://www.tiktok.com/@sinarharianonline/video/7643055603794890004,7643055603794890004,neutral,2026-05-29T18:54:33.321884,6,0,0,0,0.0,6,
tiktok,comment,7643055603794890004_comment_1,ni hal parti pn...bior la drang kasi settle kan...orang UMNO ph tak payah la kita campur,,https://www.tiktok.com/@sinarharianonline/video/7643055603794890004,7643055603794890004,neutral,2026-05-29T18:54:33.321892,5,0,0,0,0.0,5,
tiktok,comment,7642722526338075924_comment_0,ayuh Rakyat Malaysia 🇲🇾 kuasakn diri pertahankn kjaan perpaduan MADANI 🇲🇾,,https://www.tiktok.com/@jernehmedia/video/7642722526338075924,7642722526338075924,neutral,2026-05-29T18:54:33.641558,6,0,0,0,0.0,6,
tiktok,comment,7642722526338075924_comment_1,ni hal parti pn...bior la drang kasi settle kan...orang UMNO ph tak payah la kita campur,,https://www.tiktok.com/@jernehmedia/video/7642722526338075924,7642722526338075924,neutral,2026-05-29T18:54:33.641567,5,0,0,0,0.0,5,
tiktok,comment,7642574717978955029_comment_0,ayuh Rakyat Malaysia 🇲🇾 kuasakn diri pertahankn kjaan perpaduan MADANI 🇲🇾,,https://www.tiktok.com/@din.otai7/video/7642574717978955029,7642574717978955029,neutral,2026-05-29T18:54:33.976157,6,0,0,0,0.0,6,
tiktok,comment,7642574717978955029_comment_1,ni hal parti pn...bior la drang kasi settle kan...orang UMNO ph tak payah la kita campur,,https://www.tiktok.com/@din.otai7/video/7642574717978955029,7642574717978955029,neutral,2026-05-29T18:54:33.976170,5,0,0,0,0.0,5,
tiktok,comment,7597253346885487893_comment_0,ayuh Rakyat Malaysia 🇲🇾 kuasakn diri pertahankn kjaan perpaduan MADANI 🇲🇾,,https://www.tiktok.com/@alif.azizi69/video/7597253346885487893,7597253346885487893,neutral,2026-05-29T18:54:34.280465,6,0,0,0,0.0,6,
tiktok,comment,7597253346885487893_comment_1,ni hal parti pn...bior la drang kasi settle kan...orang UMNO ph tak payah la kita campur,,https://www.tiktok.com/@alif.azizi69/video/7597253346885487893,7597253346885487893,neutral,2026-05-29T18:54:34.280475,5,0,0,0,0.0,5,
tiktok,comment,7588843303391481096_comment_0,ayuh Rakyat Malaysia 🇲🇾 kuasakn diri pertahankn kjaan perpaduan MADANI 🇲🇾,,https://www.tiktok.com/@501awani/video/7588843303391481096,7588843303391481096,neutral,2026-05-29T18:54:34.595933,6,0,0,0,0.0,6,
tiktok,comment,7588843303391481096_comment_1,ni hal parti pn...bior la drang kasi settle kan...orang UMNO ph tak payah la kita campur,,https://www.tiktok.com/@501awani/video/7588843303391481096,7588843303391481096,neutral,2026-05-29T18:54:34.595943,5,0,0,0,0.0,5,
tiktok,comment,7621399156845743381_comment_0,ayuh Rakyat Malaysia 🇲🇾 kuasakn diri pertahankn kjaan perpaduan MADANI 🇲🇾,,https://www.tiktok.com/@5ekilas_fakta/video/7621399156845743381,7621399156845743381,neutral,2026-05-29T18:54:34.900052,6,0,0,0,0.0,6,
tiktok,comment,7621399156845743381_comment_1,ni hal parti pn...bior la drang kasi settle kan...orang UMNO ph tak payah la kita campur,,https://www.tiktok.com/@5ekilas_fakta/video/7621399156845743381,7621399156845743381,neutral,2026-05-29T18:54:34.900063,5,0,0,0,0.0,5,
tiktok,comment,7644024474853051668_comment_0,ayuh Rakyat Malaysia 🇲🇾 kuasakn diri pertahankn kjaan perpaduan MADANI 🇲🇾,,https://www.tiktok.com/@sinarharianonline/video/7644024474853051668,7644024474853051668,neutral,2026-05-29T18:54:35.218891,6,0,0,0,0.0,6,
tiktok,comment,7644024474853051668_comment_1,ni hal parti pn...bior la drang kasi settle kan...orang UMNO ph tak payah la kita campur,,https://www.tiktok.com/@sinarharianonline/video/7644024474853051668,7644024474853051668,neutral,2026-05-29T18:54:35.218903,5,0,0,0,0.0,5,
tiktok,comment,7330907812232514817_comment_0,ayuh Rakyat Malaysia 🇲🇾 kuasakn diri pertahankn kjaan perpaduan MADANI 🇲🇾,,https://www.tiktok.com/@gotcha_channel/video/7330907812232514817,7330907812232514817,neutral,2026-05-29T18:54:35.526540,6,0,0,0,0.0,6,
tiktok,comment,7330907812232514817_comment_1,ni hal parti pn...bior la drang kasi settle kan...orang UMNO ph tak payah la kita campur,,https://www.tiktok.com/@gotcha_channel/video/7330907812232514817,7330907812232514817,neutral,2026-05-29T18:54:35.526551,5,0,0,0,0.0,5,
tiktok,comment,7630407909205101845_comment_0,ayuh Rakyat Malaysia 🇲🇾 kuasakn diri pertahankn kjaan perpaduan MADANI 🇲🇾,,https://www.tiktok.com/@abahkitemuhyiddin/video/7630407909205101845,7630407909205101845,neutral,2026-05-29T18:54:35.838700,6,0,0,0,0.0,6,
tiktok,comment,7630407909205101845_comment_1,ni hal parti pn...bior la drang kasi settle kan...orang UMNO ph tak payah la kita campur,,https://www.tiktok.com/@abahkitemuhyiddin/video/7630407909205101845,7630407909205101845,neutral,2026-05-29T18:54:35.838709,5,0,0,0,0.0,5,
tiktok,comment,7529113427646729479_comment_0,ayuh Rakyat Malaysia 🇲🇾 kuasakn diri pertahankn kjaan perpaduan MADANI 🇲🇾,,https://www.tiktok.com/@mcn_24/video/7529113427646729479,7529113427646729479,neutral,2026-05-29T18:54:36.140627,6,0,0,0,0.0,6,
tiktok,comment,7529113427646729479_comment_1,ni hal parti pn...bior la drang kasi settle kan...orang UMNO ph tak payah la kita campur,,https://www.tiktok.com/@mcn_24/video/7529113427646729479,7529113427646729479,neutral,2026-05-29T18:54:36.140636,5,0,0,0,0.0,5,
tiktok,comment,7551661040870657287_comment_0,ayuh Rakyat Malaysia 🇲🇾 kuasakn diri pertahankn kjaan perpaduan MADANI 🇲🇾,,https://www.tiktok.com/@rozmalmalakan/video/7551661040870657287,7551661040870657287,neutral,2026-05-29T18:54:36.452144,6,0,0,0,0.0,6,
tiktok,comment,7551661040870657287_comment_1,ni hal parti pn...bior la drang kasi settle kan...orang UMNO ph tak payah la kita campur,,https://www.tiktok.com/@rozmalmalakan/video/7551661040870657287,7551661040870657287,neutral,2026-05-29T18:54:36.452157,5,0,0,0,0.0,5,
tiktok,comment,7244307582809099527_comment_0,ayuh Rakyat Malaysia 🇲🇾 kuasakn diri pertahankn kjaan perpaduan MADANI 🇲🇾,,https://www.tiktok.com/@1pfshop0103/video/7244307582809099527,7244307582809099527,neutral,2026-05-29T18:54:36.796238,6,0,0,0,0.0,6,
tiktok,comment,7244307582809099527_comment_1,ni hal parti pn...bior la drang kasi settle kan...orang UMNO ph tak payah la kita campur,,https://www.tiktok.com/@1pfshop0103/video/7244307582809099527,7244307582809099527,neutral,2026-05-29T18:54:36.796248,5,0,0,0,0.0,5,
tiktok,comment,7629185268209290517_comment_0,ayuh Rakyat Malaysia 🇲🇾 kuasakn diri pertahankn kjaan perpaduan MADANI 🇲🇾,,https://www.tiktok.com/@berita.ks/video/7629185268209290517,7629185268209290517,neutral,2026-05-29T18:54:37.115470,6,0,0,0,0.0,6,
tiktok,comment,7629185268209290517_comment_1,ni hal parti pn...bior la drang kasi settle kan...orang UMNO ph tak payah la kita campur,,https://www.tiktok.com/@berita.ks/video/7629185268209290517,7629185268209290517,neutral,2026-05-29T18:54:37.115478,5,0,0,0,0.0,5,
tiktok,comment,7387338895827930389_comment_0,ayuh Rakyat Malaysia 🇲🇾 kuasakn diri pertahankn kjaan perpaduan MADANI 🇲🇾,,https://www.tiktok.com/@warta_my/video/7387338895827930389,7387338895827930389,neutral,2026-05-29T18:54:37.428142,6,0,0,0,0.0,6,
tiktok,comment,7387338895827930389_comment_1,ni hal parti pn...bior la drang kasi settle kan...orang UMNO ph tak payah la kita campur,,https://www.tiktok.com/@warta_my/video/7387338895827930389,7387338895827930389,neutral,2026-05-29T18:54:37.428152,5,0,0,0,0.0,5,
tiktok,comment,7593896408067951879_comment_0,ayuh Rakyat Malaysia 🇲🇾 kuasakn diri pertahankn kjaan perpaduan MADANI 🇲🇾,,https://www.tiktok.com/@amir.selayang/video/7593896408067951879,7593896408067951879,neutral,2026-05-29T18:54:37.739707,6,0,0,0,0.0,6,
tiktok,comment,7593896408067951879_comment_1,ni hal parti pn...bior la drang kasi settle kan...orang UMNO ph tak payah la kita campur,,https://www.tiktok.com/@amir.selayang/video/7593896408067951879,7593896408067951879,neutral,2026-05-29T18:54:37.739716,5,0,0,0,0.0,5,
tiktok,comment,7242334208754994434_comment_0,ayuh Rakyat Malaysia 🇲🇾 kuasakn diri pertahankn kjaan perpaduan MADANI 🇲🇾,,https://www.tiktok.com/@matnijang/video/7242334208754994434,7242334208754994434,neutral,2026-05-29T18:54:38.093237,6,0,0,0,0.0,6,
tiktok,comment,7242334208754994434_comment_1,ni hal parti pn...bior la drang kasi settle kan...orang UMNO ph tak payah la kita campur,,https://www.tiktok.com/@matnijang/video/7242334208754994434,7242334208754994434,neutral,2026-05-29T18:54:38.093246,5,0,0,0,0.0,5,
tiktok,comment,7589866731481369857_comment_0,ayuh Rakyat Malaysia 🇲🇾 kuasakn diri pertahankn kjaan perpaduan MADANI 🇲🇾,,https://www.tiktok.com/@pemudaamanahlumut/video/7589866731481369857,7589866731481369857,neutral,2026-05-29T18:54:38.404063,6,0,0,0,0.0,6,
tiktok,comment,7589866731481369857_comment_1,ni hal parti pn...bior la drang kasi settle kan...orang UMNO ph tak payah la kita campur,,https://www.tiktok.com/@pemudaamanahlumut/video/7589866731481369857,7589866731481369857,neutral,2026-05-29T18:54:38.404075,5,0,0,0,0.0,5,
tiktok,comment,7413591468536794376_comment_0,ayuh Rakyat Malaysia 🇲🇾 kuasakn diri pertahankn kjaan perpaduan MADANI 🇲🇾,,https://www.tiktok.com/@hakakteja/video/7413591468536794376,7413591468536794376,neutral,2026-05-29T18:54:38.712957,6,0,0,0,0.0,6,
tiktok,comment,7413591468536794376_comment_1,ni hal parti pn...bior la drang kasi settle kan...orang UMNO ph tak payah la kita campur,,https://www.tiktok.com/@hakakteja/video/7413591468536794376,7413591468536794376,neutral,2026-05-29T18:54:38.712966,5,0,0,0,0.0,5,
tiktok,comment,7241601894290902273_comment_0,ayuh Rakyat Malaysia 🇲🇾 kuasakn diri pertahankn kjaan perpaduan MADANI 🇲🇾,,https://www.tiktok.com/@matnijang/video/7241601894290902273,7241601894290902273,neutral,2026-05-29T18:54:39.014667,6,0,0,0,0.0,6,
tiktok,comment,7241601894290902273_comment_1,ni hal parti pn...bior la drang kasi settle kan...orang UMNO ph tak payah la kita campur,,https://www.tiktok.com/@matnijang/video/7241601894290902273,7241601894290902273,neutral,2026-05-29T18:54:39.014676,5,0,0,0,0.0,5,
tiktok,comment,7315386825223228678_comment_0,ayuh Rakyat Malaysia 🇲🇾 kuasakn diri pertahankn kjaan perpaduan MADANI 🇲🇾,,https://www.tiktok.com/@rosmadiothman/video/7315386825223228678,7315386825223228678,neutral,2026-05-29T18:54:39.320797,6,0,0,0,0.0,6,
tiktok,comment,7315386825223228678_comment_1,ni hal parti pn...bior la drang kasi settle kan...orang UMNO ph tak payah la kita campur,,https://www.tiktok.com/@rosmadiothman/video/7315386825223228678,7315386825223228678,neutral,2026-05-29T18:54:39.320807,5,0,0,0,0.0,5,
tiktok,comment,7550209911918218504_comment_0,ayuh Rakyat Malaysia 🇲🇾 kuasakn diri pertahankn kjaan perpaduan MADANI 🇲🇾,,https://www.tiktok.com/@anak_muda_pas13/video/7550209911918218504,7550209911918218504,neutral,2026-05-29T18:54:39.634961,6,0,0,0,0.0,6,
tiktok,comment,7550209911918218504_comment_1,ni hal parti pn...bior la drang kasi settle kan...orang UMNO ph tak payah la kita campur,,https://www.tiktok.com/@anak_muda_pas13/video/7550209911918218504,7550209911918218504,neutral,2026-05-29T18:54:39.634972,5,0,0,0,0.0,5,
tiktok,comment,7643776047279885589_comment_0,ayuh Rakyat Malaysia 🇲🇾 kuasakn diri pertahankn kjaan perpaduan MADANI 🇲🇾,,https://www.tiktok.com/@berita.fmt/video/7643776047279885589,7643776047279885589,neutral,2026-05-29T18:54:40.000677,6,0,0,0,0.0,6,
tiktok,comment,7643776047279885589_comment_1,ni hal parti pn...bior la drang kasi settle kan...orang UMNO ph tak payah la kita campur,,https://www.tiktok.com/@berita.fmt/video/7643776047279885589,7643776047279885589,neutral,2026-05-29T18:54:40.000686,5,0,0,0,0.0,5,
tiktok,comment,7644027744644418837_comment_0,ayuh Rakyat Malaysia 🇲🇾 kuasakn diri pertahankn kjaan perpaduan MADANI 🇲🇾,,https://www.tiktok.com/@alif.azizi69/video/7644027744644418837,7644027744644418837,neutral,2026-05-29T18:54:40.300532,6,0,0,0,0.0,6,
tiktok,comment,7644027744644418837_comment_1,ni hal parti pn...bior la drang kasi settle kan...orang UMNO ph tak payah la kita campur,,https://www.tiktok.com/@alif.azizi69/video/7644027744644418837,7644027744644418837,neutral,2026-05-29T18:54:40.300542,5,0,0,0,0.0,5,
tiktok,comment,7642644265905966356_comment_0,ayuh Rakyat Malaysia 🇲🇾 kuasakn diri pertahankn kjaan perpaduan MADANI 🇲🇾,,https://www.tiktok.com/@vanakkammalaysia/video/7642644265905966356,7642644265905966356,neutral,2026-05-29T18:54:40.647924,6,0,0,0,0.0,6,
tiktok,comment,7642644265905966356_comment_1,ni hal parti pn...bior la drang kasi settle kan...orang UMNO ph tak payah la kita campur,,https://www.tiktok.com/@vanakkammalaysia/video/7642644265905966356,7642644265905966356,neutral,2026-05-29T18:54:40.647933,5,0,0,0,0.0,5,
tiktok,comment,7643445897443036423_comment_0,ayuh Rakyat Malaysia 🇲🇾 kuasakn diri pertahankn kjaan perpaduan MADANI 🇲🇾,,https://www.tiktok.com/@501awani/video/7643445897443036423,7643445897443036423,neutral,2026-05-29T18:54:40.958512,6,0,0,0,0.0,6,
tiktok,comment,7643445897443036423_comment_1,ni hal parti pn...bior la drang kasi settle kan...orang UMNO ph tak payah la kita campur,,https://www.tiktok.com/@501awani/video/7643445897443036423,7643445897443036423,neutral,2026-05-29T18:54:40.958521,5,0,0,0,0.0,5,
tiktok,comment,7642628637165997333_comment_0,ayuh Rakyat Malaysia 🇲🇾 kuasakn diri pertahankn kjaan perpaduan MADANI 🇲🇾,,https://www.tiktok.com/@bersatuhangtuahjaya/video/7642628637165997333,7642628637165997333,neutral,2026-05-29T18:54:41.266799,6,0,0,0,0.0,6,
tiktok,comment,7642628637165997333_comment_1,ni hal parti pn...bior la drang kasi settle kan...orang UMNO ph tak payah la kita campur,,https://www.tiktok.com/@bersatuhangtuahjaya/video/7642628637165997333,7642628637165997333,neutral,2026-05-29T18:54:41.266811,5,0,0,0,0.0,5,
tiktok,comment,7641790408514735380_comment_0,ayuh Rakyat Malaysia 🇲🇾 kuasakn diri pertahankn kjaan perpaduan MADANI 🇲🇾,,https://www.tiktok.com/@berita.fmt/video/7641790408514735380,7641790408514735380,neutral,2026-05-29T18:54:41.564838,6,0,0,0,0.0,6,
tiktok,comment,7641790408514735380_comment_1,ni hal parti pn...bior la drang kasi settle kan...orang UMNO ph tak payah la kita campur,,https://www.tiktok.com/@berita.fmt/video/7641790408514735380,7641790408514735380,neutral,2026-05-29T18:54:41.564849,5,0,0,0,0.0,5,
tiktok,comment,7642660351737220360_comment_0,ayuh Rakyat Malaysia 🇲🇾 kuasakn diri pertahankn kjaan perpaduan MADANI 🇲🇾,,https://www.tiktok.com/@malaysiagazette/video/7642660351737220360,7642660351737220360,neutral,2026-05-29T18:54:41.867899,6,0,0,0,0.0,6,
tiktok,comment,7642660351737220360_comment_1,ni hal parti pn...bior la drang kasi settle kan...orang UMNO ph tak payah la kita campur,,https://www.tiktok.com/@malaysiagazette/video/7642660351737220360,7642660351737220360,neutral,2026-05-29T18:54:41.867910,5,0,0,0,0.0,5,
tiktok,comment,7592828747724623122_comment_0,ayuh Rakyat Malaysia 🇲🇾 kuasakn diri pertahankn kjaan perpaduan MADANI 🇲🇾,,https://www.tiktok.com/@hasnizanharun/video/7592828747724623122,7592828747724623122,neutral,2026-05-29T18:54:42.174213,6,0,0,0,0.0,6,
tiktok,comment,7592828747724623122_comment_1,ni hal parti pn...bior la drang kasi settle kan...orang UMNO ph tak payah la kita campur,,https://www.tiktok.com/@hasnizanharun/video/7592828747724623122,7592828747724623122,neutral,2026-05-29T18:54:42.174225,5,0,0,0,0.0,5,
tiktok,comment,7562075244593220884_comment_0,ayuh Rakyat Malaysia 🇲🇾 kuasakn diri pertahankn kjaan perpaduan MADANI 🇲🇾,,https://www.tiktok.com/@satuummah/video/7562075244593220884,7562075244593220884,neutral,2026-05-29T18:54:42.477242,6,0,0,0,0.0,6,
tiktok,comment,7562075244593220884_comment_1,ni hal parti pn...bior la drang kasi settle kan...orang UMNO ph tak payah la kita campur,,https://www.tiktok.com/@satuummah/video/7562075244593220884,7562075244593220884,neutral,2026-05-29T18:54:42.477253,5,0,0,0,0.0,5,
tiktok,comment,7642180446163438868_comment_0,ayuh Rakyat Malaysia 🇲🇾 kuasakn diri pertahankn kjaan perpaduan MADANI 🇲🇾,,https://www.tiktok.com/@emieshazril/video/7642180446163438868,7642180446163438868,neutral,2026-05-29T18:54:42.776918,6,0,0,0,0.0,6,
tiktok,comment,7642180446163438868_comment_1,ni hal parti pn...bior la drang kasi settle kan...orang UMNO ph tak payah la kita campur,,https://www.tiktok.com/@emieshazril/video/7642180446163438868,7642180446163438868,neutral,2026-05-29T18:54:42.776929,5,0,0,0,0.0,5,
tiktok,comment,7643490210747092245_comment_0,ayuh Rakyat Malaysia 🇲🇾 kuasakn diri pertahankn kjaan perpaduan MADANI 🇲🇾,,https://www.tiktok.com/@jd__erry92/video/7643490210747092245,7643490210747092245,neutral,2026-05-29T18:54:43.105354,6,0,0,0,0.0,6,
tiktok,comment,7643490210747092245_comment_1,ni hal parti pn...bior la drang kasi settle kan...orang UMNO ph tak payah la kita campur,,https://www.tiktok.com/@jd__erry92/video/7643490210747092245,7643490210747092245,neutral,2026-05-29T18:54:43.105362,5,0,0,0,0.0,5,
tiktok,comment,7642630990640221448_comment_0,ayuh Rakyat Malaysia 🇲🇾 kuasakn diri pertahankn kjaan perpaduan MADANI 🇲🇾,,https://www.tiktok.com/@therakyatinsight/video/7642630990640221448,7642630990640221448,neutral,2026-05-29T18:54:43.418658,6,0,0,0,0.0,6,
tiktok,comment,7642630990640221448_comment_1,ni hal parti pn...bior la drang kasi settle kan...orang UMNO ph tak payah la kita campur,,https://www.tiktok.com/@therakyatinsight/video/7642630990640221448,7642630990640221448,neutral,2026-05-29T18:54:43.418667,5,0,0,0,0.0,5,
tiktok,comment,7601519821955648788_comment_0,ayuh Rakyat Malaysia 🇲🇾 kuasakn diri pertahankn kjaan perpaduan MADANI 🇲🇾,,https://www.tiktok.com/@warta_my/video/7601519821955648788,7601519821955648788,neutral,2026-05-29T18:54:43.722820,6,0,0,0,0.0,6,
tiktok,comment,7601519821955648788_comment_1,ni hal parti pn...bior la drang kasi settle kan...orang UMNO ph tak payah la kita campur,,https://www.tiktok.com/@warta_my/video/7601519821955648788,7601519821955648788,neutral,2026-05-29T18:54:43.722830,5,0,0,0,0.0,5,
tiktok,comment,7642579265472482580_comment_0,ayuh Rakyat Malaysia 🇲🇾 kuasakn diri pertahankn kjaan perpaduan MADANI 🇲🇾,,https://www.tiktok.com/@berita.ks/video/7642579265472482580,7642579265472482580,neutral,2026-05-29T18:54:44.039844,6,0,0,0,0.0,6,
tiktok,comment,7642579265472482580_comment_1,ni hal parti pn...bior la drang kasi settle kan...orang UMNO ph tak payah la kita campur,,https://www.tiktok.com/@berita.ks/video/7642579265472482580,7642579265472482580,neutral,2026-05-29T18:54:44.039853,5,0,0,0,0.0,5,
tiktok,comment,7261283794718690568_comment_0,ayuh Rakyat Malaysia 🇲🇾 kuasakn diri pertahankn kjaan perpaduan MADANI 🇲🇾,,https://www.tiktok.com/@perikatannasional_pas/video/7261283794718690568,7261283794718690568,neutral,2026-05-29T18:54:44.353878,6,0,0,0,0.0,6,
tiktok,comment,7261283794718690568_comment_1,ni hal parti pn...bior la drang kasi settle kan...orang UMNO ph tak payah la kita campur,,https://www.tiktok.com/@perikatannasional_pas/video/7261283794718690568,7261283794718690568,neutral,2026-05-29T18:54:44.353889,5,0,0,0,0.0,5,
tiktok,comment,7642655003810794769_comment_0,ayuh Rakyat Malaysia 🇲🇾 kuasakn diri pertahankn kjaan perpaduan MADANI 🇲🇾,,https://www.tiktok.com/@abgmandankaknany/video/7642655003810794769,7642655003810794769,neutral,2026-05-29T18:54:44.662232,6,0,0,0,0.0,6,
tiktok,comment,7642655003810794769_comment_1,ni hal parti pn...bior la drang kasi settle kan...orang UMNO ph tak payah la kita campur,,https://www.tiktok.com/@abgmandankaknany/video/7642655003810794769,7642655003810794769,neutral,2026-05-29T18:54:44.662241,5,0,0,0,0.0,5,
tiktok,comment,7478557282914045191_comment_0,ayuh Rakyat Malaysia 🇲🇾 kuasakn diri pertahankn kjaan perpaduan MADANI 🇲🇾,,https://www.tiktok.com/@muhammadfirasfayyad/video/7478557282914045191,7478557282914045191,neutral,2026-05-29T18:54:44.979556,6,0,0,0,0.0,6,
tiktok,comment,7478557282914045191_comment_1,ni hal parti pn...bior la drang kasi settle kan...orang UMNO ph tak payah la kita campur,,https://www.tiktok.com/@muhammadfirasfayyad/video/7478557282914045191,7478557282914045191,neutral,2026-05-29T18:54:44.979568,5,0,0,0,0.0,5,
tiktok,comment,7638614010954386709_comment_0,ayuh Rakyat Malaysia 🇲🇾 kuasakn diri pertahankn kjaan perpaduan MADANI 🇲🇾,,https://www.tiktok.com/@bonzeralong/video/7638614010954386709,7638614010954386709,neutral,2026-05-29T18:54:45.286274,6,0,0,0,0.0,6,
tiktok,comment,7638614010954386709_comment_1,ni hal parti pn...bior la drang kasi settle kan...orang UMNO ph tak payah la kita campur,,https://www.tiktok.com/@bonzeralong/video/7638614010954386709,7638614010954386709,neutral,2026-05-29T18:54:45.286287,5,0,0,0,0.0,5,
tiktok,comment,7589127051148266773_comment_0,ayuh Rakyat Malaysia 🇲🇾 kuasakn diri pertahankn kjaan perpaduan MADANI 🇲🇾,,https://www.tiktok.com/@agendanow.my/video/7589127051148266773,7589127051148266773,neutral,2026-05-29T18:54:45.595804,6,0,0,0,0.0,6,
tiktok,comment,7589127051148266773_comment_1,ni hal parti pn...bior la drang kasi settle kan...orang UMNO ph tak payah la kita campur,,https://www.tiktok.com/@agendanow.my/video/7589127051148266773,7589127051148266773,neutral,2026-05-29T18:54:45.595814,5,0,0,0,0.0,5,
tiktok,comment,7637096713899183381_comment_0,ayuh Rakyat Malaysia 🇲🇾 kuasakn diri pertahankn kjaan perpaduan MADANI 🇲🇾,,https://www.tiktok.com/@ralny_1511/video/7637096713899183381,7637096713899183381,neutral,2026-05-29T18:54:45.895820,6,0,0,0,0.0,6,
tiktok,comment,7637096713899183381_comment_1,ni hal parti pn...bior la drang kasi settle kan...orang UMNO ph tak payah la kita campur,,https://www.tiktok.com/@ralny_1511/video/7637096713899183381,7637096713899183381,neutral,2026-05-29T18:54:45.895831,5,0,0,0,0.0,5,
tiktok,comment,7632471337885388049_comment_0,ayuh Rakyat Malaysia 🇲🇾 kuasakn diri pertahankn kjaan perpaduan MADANI 🇲🇾,,https://www.tiktok.com/@ibnukhususjb/video/7632471337885388049,7632471337885388049,neutral,2026-05-29T18:54:46.223667,6,0,0,0,0.0,6,
tiktok,comment,7632471337885388049_comment_1,ni hal parti pn...bior la drang kasi settle kan...orang UMNO ph tak payah la kita campur,,https://www.tiktok.com/@ibnukhususjb/video/7632471337885388049,7632471337885388049,neutral,2026-05-29T18:54:46.223679,5,0,0,0,0.0,5,
tiktok,comment,7621301196644470037_comment_0,ayuh Rakyat Malaysia 🇲🇾 kuasakn diri pertahankn kjaan perpaduan MADANI 🇲🇾,,https://www.tiktok.com/@yangterkasih/video/7621301196644470037,7621301196644470037,neutral,2026-05-29T18:54:46.531997,6,0,0,0,0.0,6,
tiktok,comment,7621301196644470037_comment_1,ni hal parti pn...bior la drang kasi settle kan...orang UMNO ph tak payah la kita campur,,https://www.tiktok.com/@yangterkasih/video/7621301196644470037,7621301196644470037,neutral,2026-05-29T18:54:46.532007,5,0,0,0,0.0,5,
tiktok,comment,7644423265707920660_comment_0,ayuh Rakyat Malaysia 🇲🇾 kuasakn diri pertahankn kjaan perpaduan MADANI 🇲🇾,,https://www.tiktok.com/@popbangetdotcom/video/7644423265707920660,7644423265707920660,neutral,2026-05-29T18:54:46.894034,6,0,0,0,0.0,6,
tiktok,comment,7644423265707920660_comment_1,ni hal parti pn...bior la drang kasi settle kan...orang UMNO ph tak payah la kita campur,,https://www.tiktok.com/@popbangetdotcom/video/7644423265707920660,7644423265707920660,neutral,2026-05-29T18:54:46.894046,5,0,0,0,0.0,5,
tiktok,comment,7643658778784566548_comment_0,ayuh Rakyat Malaysia 🇲🇾 kuasakn diri pertahankn kjaan perpaduan MADANI 🇲🇾,,https://www.tiktok.com/@mimpimu__/video/7643658778784566548,7643658778784566548,neutral,2026-05-29T18:54:47.202002,6,0,0,0,0.0,6,
tiktok,comment,7643658778784566548_comment_1,ni hal parti pn...bior la drang kasi settle kan...orang UMNO ph tak payah la kita campur,,https://www.tiktok.com/@mimpimu__/video/7643658778784566548,7643658778784566548,neutral,2026-05-29T18:54:47.202012,5,0,0,0,0.0,5,
tiktok,comment,7588580888615619861_comment_0,ayuh Rakyat Malaysia 🇲🇾 kuasakn diri pertahankn kjaan perpaduan MADANI 🇲🇾,,https://www.tiktok.com/@reels.gunawan.id/video/7588580888615619861,7588580888615619861,neutral,2026-05-29T18:54:47.503504,6,0,0,0,0.0,6,
tiktok,comment,7588580888615619861_comment_1,ni hal parti pn...bior la drang kasi settle kan...orang UMNO ph tak payah la kita campur,,https://www.tiktok.com/@reels.gunawan.id/video/7588580888615619861,7588580888615619861,neutral,2026-05-29T18:54:47.503514,5,0,0,0,0.0,5,
tiktok,comment,7642322006670642439_comment_0,ayuh Rakyat Malaysia 🇲🇾 kuasakn diri pertahankn kjaan perpaduan MADANI 🇲🇾,,https://www.tiktok.com/@violetorca/video/7642322006670642439,7642322006670642439,neutral,2026-05-29T18:54:47.813990,6,0,0,0,0.0,6,
tiktok,comment,7642322006670642439_comment_1,ni hal parti pn...bior la drang kasi settle kan...orang UMNO ph tak payah la kita campur,,https://www.tiktok.com/@violetorca/video/7642322006670642439,7642322006670642439,neutral,2026-05-29T18:54:47.814002,5,0,0,0,0.0,5,
tiktok,comment,7507474085627104519_comment_0,ayuh Rakyat Malaysia 🇲🇾 kuasakn diri pertahankn kjaan perpaduan MADANI 🇲🇾,,https://www.tiktok.com/@famesia.id/video/7507474085627104519,7507474085627104519,neutral,2026-05-29T18:54:48.123012,6,0,0,0,0.0,6,
tiktok,comment,7507474085627104519_comment_1,ni hal parti pn...bior la drang kasi settle kan...orang UMNO ph tak payah la kita campur,,https://www.tiktok.com/@famesia.id/video/7507474085627104519,7507474085627104519,neutral,2026-05-29T18:54:48.123021,5,0,0,0,0.0,5,
tiktok,comment,7517901403881295111_comment_0,ayuh Rakyat Malaysia 🇲🇾 kuasakn diri pertahankn kjaan perpaduan MADANI 🇲🇾,,https://www.tiktok.com/@tajudin45.zaharah/video/7517901403881295111,7517901403881295111,neutral,2026-05-29T18:54:48.430648,6,0,0,0,0.0,6,
tiktok,comment,7517901403881295111_comment_1,ni hal parti pn...bior la drang kasi settle kan...orang UMNO ph tak payah la kita campur,,https://www.tiktok.com/@tajudin45.zaharah/video/7517901403881295111,7517901403881295111,neutral,2026-05-29T18:54:48.430658,5,0,0,0,0.0,5,
tiktok,comment,7608441384005160212_comment_0,ayuh Rakyat Malaysia 🇲🇾 kuasakn diri pertahankn kjaan perpaduan MADANI 🇲🇾,,https://www.tiktok.com/@rayy.armstrongg/video/7608441384005160212,7608441384005160212,neutral,2026-05-29T18:54:48.739739,6,0,0,0,0.0,6,
tiktok,comment,7608441384005160212_comment_1,ni hal parti pn...bior la drang kasi settle kan...orang UMNO ph tak payah la kita campur,,https://www.tiktok.com/@rayy.armstrongg/video/7608441384005160212,7608441384005160212,neutral,2026-05-29T18:54:48.739749,5,0,0,0,0.0,5,
tiktok,comment,7524234783237360903_comment_0,ayuh Rakyat Malaysia 🇲🇾 kuasakn diri pertahankn kjaan perpaduan MADANI 🇲🇾,,https://www.tiktok.com/@rfp234/video/7524234783237360903,7524234783237360903,neutral,2026-05-29T18:54:49.051263,6,0,0,0,0.0,6,
tiktok,comment,7524234783237360903_comment_1,ni hal parti pn...bior la drang kasi settle kan...orang UMNO ph tak payah la kita campur,,https://www.tiktok.com/@rfp234/video/7524234783237360903,7524234783237360903,neutral,2026-05-29T18:54:49.051273,5,0,0,0,0.0,5,
tiktok,comment,7581509859460304146_comment_0,ayuh Rakyat Malaysia 🇲🇾 kuasakn diri pertahankn kjaan perpaduan MADANI 🇲🇾,,https://www.tiktok.com/@sejutakata5/video/7581509859460304146,7581509859460304146,neutral,2026-05-29T18:54:49.415453,6,0,0,0,0.0,6,
tiktok,comment,7581509859460304146_comment_1,ni hal parti pn...bior la drang kasi settle kan...orang UMNO ph tak payah la kita campur,,https://www.tiktok.com/@sejutakata5/video/7581509859460304146,7581509859460304146,neutral,2026-05-29T18:54:49.415464,5,0,0,0,0.0,5,
tiktok,comment,7626781077289307413_comment_0,ayuh Rakyat Malaysia 🇲🇾 kuasakn diri pertahankn kjaan perpaduan MADANI 🇲🇾,,https://www.tiktok.com/@adhie.m.r/video/7626781077289307413,7626781077289307413,neutral,2026-05-29T18:54:49.720589,6,0,0,0,0.0,6,
tiktok,comment,7626781077289307413_comment_1,ni hal parti pn...bior la drang kasi settle kan...orang UMNO ph tak payah la kita campur,,https://www.tiktok.com/@adhie.m.r/video/7626781077289307413,7626781077289307413,neutral,2026-05-29T18:54:49.720598,5,0,0,0,0.0,5,
tiktok,comment,7605606541437324565_comment_0,ayuh Rakyat Malaysia 🇲🇾 kuasakn diri pertahankn kjaan perpaduan MADANI 🇲🇾,,https://www.tiktok.com/@yo_bsp/video/7605606541437324565,7605606541437324565,neutral,2026-05-29T18:54:50.032173,6,0,0,0,0.0,6,
tiktok,comment,7605606541437324565_comment_1,ni hal parti pn...bior la drang kasi settle kan...orang UMNO ph tak payah la kita campur,,https://www.tiktok.com/@yo_bsp/video/7605606541437324565,7605606541437324565,neutral,2026-05-29T18:54:50.032184,5,0,0,0,0.0,5,
tiktok,comment,7351395075621965062_comment_0,ayuh Rakyat Malaysia 🇲🇾 kuasakn diri pertahankn kjaan perpaduan MADANI 🇲🇾,,https://www.tiktok.com/@virdianaurellio/video/7351395075621965062,7351395075621965062,neutral,2026-05-29T18:54:50.327809,6,0,0,0,0.0,6,
tiktok,comment,7351395075621965062_comment_1,ni hal parti pn...bior la drang kasi settle kan...orang UMNO ph tak payah la kita campur,,https://www.tiktok.com/@virdianaurellio/video/7351395075621965062,7351395075621965062,neutral,2026-05-29T18:54:50.327820,5,0,0,0,0.0,5,
tiktok,comment,7340106476641406215_comment_0,ayuh Rakyat Malaysia 🇲🇾 kuasakn diri pertahankn kjaan perpaduan MADANI 🇲🇾,,https://www.tiktok.com/@anitriyanieza/video/7340106476641406215,7340106476641406215,neutral,2026-05-29T18:54:50.641146,6,0,0,0,0.0,6,
tiktok,comment,7340106476641406215_comment_1,ni hal parti pn...bior la drang kasi settle kan...orang UMNO ph tak payah la kita campur,,https://www.tiktok.com/@anitriyanieza/video/7340106476641406215,7340106476641406215,neutral,2026-05-29T18:54:50.641157,5,0,0,0,0.0,5,
tiktok,comment,7644492927770676487_comment_0,ayuh Rakyat Malaysia 🇲🇾 kuasakn diri pertahankn kjaan perpaduan MADANI 🇲🇾,,https://www.tiktok.com/@emerald_of.the_equator/video/7644492927770676487,7644492927770676487,neutral,2026-05-29T18:54:50.968304,6,0,0,0,0.0,6,
tiktok,comment,7644492927770676487_comment_1,ni hal parti pn...bior la drang kasi settle kan...orang UMNO ph tak payah la kita campur,,https://www.tiktok.com/@emerald_of.the_equator/video/7644492927770676487,7644492927770676487,neutral,2026-05-29T18:54:50.968316,5,0,0,0,0.0,5,
tiktok,comment,7603299063710158100_comment_0,ayuh Rakyat Malaysia 🇲🇾 kuasakn diri pertahankn kjaan perpaduan MADANI 🇲🇾,,https://www.tiktok.com/@asnlite/video/7603299063710158100,7603299063710158100,neutral,2026-05-29T18:54:51.285455,6,0,0,0,0.0,6,
tiktok,comment,7603299063710158100_comment_1,ni hal parti pn...bior la drang kasi settle kan...orang UMNO ph tak payah la kita campur,,https://www.tiktok.com/@asnlite/video/7603299063710158100,7603299063710158100,neutral,2026-05-29T18:54:51.285464,5,0,0,0,0.0,5,
tiktok,comment,7631929128710720789_comment_0,ayuh Rakyat Malaysia 🇲🇾 kuasakn diri pertahankn kjaan perpaduan MADANI 🇲🇾,,https://www.tiktok.com/@neeilllll/video/7631929128710720789,7631929128710720789,neutral,2026-05-29T18:54:51.612203,6,0,0,0,0.0,6,
tiktok,comment,7631929128710720789_comment_1,ni hal parti pn...bior la drang kasi settle kan...orang UMNO ph tak payah la kita campur,,https://www.tiktok.com/@neeilllll/video/7631929128710720789,7631929128710720789,neutral,2026-05-29T18:54:51.612214,5,0,0,0,0.0,5,
tiktok,comment,7593946035685215508_comment_0,ayuh Rakyat Malaysia 🇲🇾 kuasakn diri pertahankn kjaan perpaduan MADANI 🇲🇾,,https://www.tiktok.com/@anake_pak_su2/video/7593946035685215508,7593946035685215508,neutral,2026-05-29T18:54:51.919150,6,0,0,0,0.0,6,
tiktok,comment,7593946035685215508_comment_1,ni hal parti pn...bior la drang kasi settle kan...orang UMNO ph tak payah la kita campur,,https://www.tiktok.com/@anake_pak_su2/video/7593946035685215508,7593946035685215508,neutral,2026-05-29T18:54:51.919162,5,0,0,0,0.0,5,
tiktok,comment,7474796232821509377_comment_0,ayuh Rakyat Malaysia 🇲🇾 kuasakn diri pertahankn kjaan perpaduan MADANI 🇲🇾,,https://www.tiktok.com/@kirasarchived/video/7474796232821509377,7474796232821509377,neutral,2026-05-29T18:54:52.224315,6,0,0,0,0.0,6,
tiktok,comment,7474796232821509377_comment_1,ni hal parti pn...bior la drang kasi settle kan...orang UMNO ph tak payah la kita campur,,https://www.tiktok.com/@kirasarchived/video/7474796232821509377,7474796232821509377,neutral,2026-05-29T18:54:52.224326,5,0,0,0,0.0,5,
tiktok,comment,7586287499555720455_comment_0,ayuh Rakyat Malaysia 🇲🇾 kuasakn diri pertahankn kjaan perpaduan MADANI 🇲🇾,,https://www.tiktok.com/@elson.lo/video/7586287499555720455,7586287499555720455,neutral,2026-05-29T18:54:52.526759,6,0,0,0,0.0,6,
tiktok,comment,7586287499555720455_comment_1,ni hal parti pn...bior la drang kasi settle kan...orang UMNO ph tak payah la kita campur,,https://www.tiktok.com/@elson.lo/video/7586287499555720455,7586287499555720455,neutral,2026-05-29T18:54:52.526770,5,0,0,0,0.0,5,
tiktok,comment,7598470562498759957_comment_0,ayuh Rakyat Malaysia 🇲🇾 kuasakn diri pertahankn kjaan perpaduan MADANI 🇲🇾,,https://www.tiktok.com/@pasfmradiobisnis/video/7598470562498759957,7598470562498759957,neutral,2026-05-29T18:54:52.834075,6,0,0,0,0.0,6,
tiktok,comment,7598470562498759957_comment_1,ni hal parti pn...bior la drang kasi settle kan...orang UMNO ph tak payah la kita campur,,https://www.tiktok.com/@pasfmradiobisnis/video/7598470562498759957,7598470562498759957,neutral,2026-05-29T18:54:52.834085,5,0,0,0,0.0,5,
tiktok,comment,7631764026111937812_comment_0,ayuh Rakyat Malaysia 🇲🇾 kuasakn diri pertahankn kjaan perpaduan MADANI 🇲🇾,,https://www.tiktok.com/@yufa_895/video/7631764026111937812,7631764026111937812,neutral,2026-05-29T18:54:53.150370,6,0,0,0,0.0,6,
tiktok,comment,7631764026111937812_comment_1,ni hal parti pn...bior la drang kasi settle kan...orang UMNO ph tak payah la kita campur,,https://www.tiktok.com/@yufa_895/video/7631764026111937812,7631764026111937812,neutral,2026-05-29T18:54:53.150380,5,0,0,0,0.0,5,
tiktok,comment,7543796315482852626_comment_0,ayuh Rakyat Malaysia 🇲🇾 kuasakn diri pertahankn kjaan perpaduan MADANI 🇲🇾,,https://www.tiktok.com/@dindaa1701/video/7543796315482852626,7543796315482852626,neutral,2026-05-29T18:54:53.454588,6,0,0,0,0.0,6,
tiktok,comment,7543796315482852626_comment_1,ni hal parti pn...bior la drang kasi settle kan...orang UMNO ph tak payah la kita campur,,https://www.tiktok.com/@dindaa1701/video/7543796315482852626,7543796315482852626,neutral,2026-05-29T18:54:53.454598,5,0,0,0,0.0,5,
tiktok,comment,7641538076866579733_comment_0,ayuh Rakyat Malaysia 🇲🇾 kuasakn diri pertahankn kjaan perpaduan MADANI 🇲🇾,,https://www.tiktok.com/@cong_iq/video/7641538076866579733,7641538076866579733,neutral,2026-05-29T18:54:53.761087,6,0,0,0,0.0,6,
tiktok,comment,7641538076866579733_comment_1,ni hal parti pn...bior la drang kasi settle kan...orang UMNO ph tak payah la kita campur,,https://www.tiktok.com/@cong_iq/video/7641538076866579733,7641538076866579733,neutral,2026-05-29T18:54:53.761096,5,0,0,0,0.0,5,
tiktok,comment,7640806803466390804_comment_0,ayuh Rakyat Malaysia 🇲🇾 kuasakn diri pertahankn kjaan perpaduan MADANI 🇲🇾,,https://www.tiktok.com/@gege_chin473/video/7640806803466390804,7640806803466390804,neutral,2026-05-29T18:54:54.070743,6,0,0,0,0.0,6,
tiktok,comment,7640806803466390804_comment_1,ni hal parti pn...bior la drang kasi settle kan...orang UMNO ph tak payah la kita campur,,https://www.tiktok.com/@gege_chin473/video/7640806803466390804,7640806803466390804,neutral,2026-05-29T18:54:54.070752,5,0,0,0,0.0,5,
tiktok,comment,7636279995341524245_comment_0,ayuh Rakyat Malaysia 🇲🇾 kuasakn diri pertahankn kjaan perpaduan MADANI 🇲🇾,,https://www.tiktok.com/@seru.sekali17/video/7636279995341524245,7636279995341524245,neutral,2026-05-29T18:54:54.373005,6,0,0,0,0.0,6,
tiktok,comment,7636279995341524245_comment_1,ni hal parti pn...bior la drang kasi settle kan...orang UMNO ph tak payah la kita campur,,https://www.tiktok.com/@seru.sekali17/video/7636279995341524245,7636279995341524245,neutral,2026-05-29T18:54:54.373015,5,0,0,0,0.0,5,
tiktok,comment,7613729976650566920_comment_0,ayuh Rakyat Malaysia 🇲🇾 kuasakn diri pertahankn kjaan perpaduan MADANI 🇲🇾,,https://www.tiktok.com/@ianm0n/video/7613729976650566920,7613729976650566920,neutral,2026-05-29T18:54:54.692254,6,0,0,0,0.0,6,
tiktok,comment,7613729976650566920_comment_1,ni hal parti pn...bior la drang kasi settle kan...orang UMNO ph tak payah la kita campur,,https://www.tiktok.com/@ianm0n/video/7613729976650566920,7613729976650566920,neutral,2026-05-29T18:54:54.692264,5,0,0,0,0.0,5,
tiktok,comment,7613283009021644053_comment_0,ayuh Rakyat Malaysia 🇲🇾 kuasakn diri pertahankn kjaan perpaduan MADANI 🇲🇾,,https://www.tiktok.com/@nunnnndigital/video/7613283009021644053,7613283009021644053,neutral,2026-05-29T18:54:55.019129,6,0,0,0,0.0,6,
tiktok,comment,7613283009021644053_comment_1,ni hal parti pn...bior la drang kasi settle kan...orang UMNO ph tak payah la kita campur,,https://www.tiktok.com/@nunnnndigital/video/7613283009021644053,7613283009021644053,neutral,2026-05-29T18:54:55.019141,5,0,0,0,0.0,5,
tiktok,comment,7626697854727294226_comment_0,ayuh Rakyat Malaysia 🇲🇾 kuasakn diri pertahankn kjaan perpaduan MADANI 🇲🇾,,https://www.tiktok.com/@esti23.0975/video/7626697854727294226,7626697854727294226,neutral,2026-05-29T18:54:55.327484,6,0,0,0,0.0,6,
tiktok,comment,7626697854727294226_comment_1,ni hal parti pn...bior la drang kasi settle kan...orang UMNO ph tak payah la kita campur,,https://www.tiktok.com/@esti23.0975/video/7626697854727294226,7626697854727294226,neutral,2026-05-29T18:54:55.327494,5,0,0,0,0.0,5,
tiktok,comment,7551056565097467141_comment_0,ayuh Rakyat Malaysia 🇲🇾 kuasakn diri pertahankn kjaan perpaduan MADANI 🇲🇾,,https://www.tiktok.com/@awalu753/video/7551056565097467141,7551056565097467141,neutral,2026-05-29T18:54:55.637855,6,0,0,0,0.0,6,
tiktok,comment,7551056565097467141_comment_1,ni hal parti pn...bior la drang kasi settle kan...orang UMNO ph tak payah la kita campur,,https://www.tiktok.com/@awalu753/video/7551056565097467141,7551056565097467141,neutral,2026-05-29T18:54:55.637898,5,0,0,0,0.0,5,
tiktok,comment,7426653989392878853_comment_0,ayuh Rakyat Malaysia 🇲🇾 kuasakn diri pertahankn kjaan perpaduan MADANI 🇲🇾,,https://www.tiktok.com/@nganjukjayamrta/video/7426653989392878853,7426653989392878853,neutral,2026-05-29T18:54:55.942872,6,0,0,0,0.0,6,
tiktok,comment,7426653989392878853_comment_1,ni hal parti pn...bior la drang kasi settle kan...orang UMNO ph tak payah la kita campur,,https://www.tiktok.com/@nganjukjayamrta/video/7426653989392878853,7426653989392878853,neutral,2026-05-29T18:54:55.942883,5,0,0,0,0.0,5,
tiktok,comment,7644622254864698631_comment_0,ayuh Rakyat Malaysia 🇲🇾 kuasakn diri pertahankn kjaan perpaduan MADANI 🇲🇾,,https://www.tiktok.com/@mmhtwokhalifahlatief/video/7644622254864698631,7644622254864698631,neutral,2026-05-29T18:54:56.241711,6,0,0,0,0.0,6,
tiktok,comment,7644622254864698631_comment_1,ni hal parti pn...bior la drang kasi settle kan...orang UMNO ph tak payah la kita campur,,https://www.tiktok.com/@mmhtwokhalifahlatief/video/7644622254864698631,7644622254864698631,neutral,2026-05-29T18:54:56.241719,5,0,0,0,0.0,5,
tiktok,comment,7644262328669687060_comment_0,ayuh Rakyat Malaysia 🇲🇾 kuasakn diri pertahankn kjaan perpaduan MADANI 🇲🇾,,https://www.tiktok.com/@fashionin1minute/video/7644262328669687060,7644262328669687060,neutral,2026-05-29T18:54:56.566582,6,0,0,0,0.0,6,
tiktok,comment,7644262328669687060_comment_1,ni hal parti pn...bior la drang kasi settle kan...orang UMNO ph tak payah la kita campur,,https://www.tiktok.com/@fashionin1minute/video/7644262328669687060,7644262328669687060,neutral,2026-05-29T18:54:56.566591,5,0,0,0,0.0,5,
tiktok,comment,7642300029360737554_comment_0,ayuh Rakyat Malaysia 🇲🇾 kuasakn diri pertahankn kjaan perpaduan MADANI 🇲🇾,,https://www.tiktok.com/@izatunisraf/video/7642300029360737554,7642300029360737554,neutral,2026-05-29T18:54:56.932288,6,0,0,0,0.0,6,
tiktok,comment,7642300029360737554_comment_1,ni hal parti pn...bior la drang kasi settle kan...orang UMNO ph tak payah la kita campur,,https://www.tiktok.com/@izatunisraf/video/7642300029360737554,7642300029360737554,neutral,2026-05-29T18:54:56.932297,5,0,0,0,0.0,5,
tiktok,comment,7363874155948789010_comment_0,ayuh Rakyat Malaysia 🇲🇾 kuasakn diri pertahankn kjaan perpaduan MADANI 🇲🇾,,https://www.tiktok.com/@benteranova/video/7363874155948789010,7363874155948789010,neutral,2026-05-29T18:54:57.247153,6,0,0,0,0.0,6,
tiktok,comment,7363874155948789010_comment_1,ni hal parti pn...bior la drang kasi settle kan...orang UMNO ph tak payah la kita campur,,https://www.tiktok.com/@benteranova/video/7363874155948789010,7363874155948789010,neutral,2026-05-29T18:54:57.247166,5,0,0,0,0.0,5,
tiktok,comment,7621976304736423188_comment_0,ayuh Rakyat Malaysia 🇲🇾 kuasakn diri pertahankn kjaan perpaduan MADANI 🇲🇾,,https://www.tiktok.com/@liany.man/video/7621976304736423188,7621976304736423188,neutral,2026-05-29T18:54:57.547541,6,0,0,0,0.0,6,
tiktok,comment,7621976304736423188_comment_1,ni hal parti pn...bior la drang kasi settle kan...orang UMNO ph tak payah la kita campur,,https://www.tiktok.com/@liany.man/video/7621976304736423188,7621976304736423188,neutral,2026-05-29T18:54:57.547552,5,0,0,0,0.0,5,
tiktok,comment,7574784174649904395_comment_0,ayuh Rakyat Malaysia 🇲🇾 kuasakn diri pertahankn kjaan perpaduan MADANI 🇲🇾,,https://www.tiktok.com/@rumahtangga.samawa/video/7574784174649904395,7574784174649904395,neutral,2026-05-29T18:54:57.864752,6,0,0,0,0.0,6,
tiktok,comment,7574784174649904395_comment_1,ni hal parti pn...bior la drang kasi settle kan...orang UMNO ph tak payah la kita campur,,https://www.tiktok.com/@rumahtangga.samawa/video/7574784174649904395,7574784174649904395,neutral,2026-05-29T18:54:57.864764,5,0,0,0,0.0,5,
tiktok,comment,7639582548590365972_comment_0,ayuh Rakyat Malaysia 🇲🇾 kuasakn diri pertahankn kjaan perpaduan MADANI 🇲🇾,,https://www.tiktok.com/@deddynababan/video/7639582548590365972,7639582548590365972,neutral,2026-05-29T18:54:58.186451,6,0,0,0,0.0,6,
tiktok,comment,7639582548590365972_comment_1,ni hal parti pn...bior la drang kasi settle kan...orang UMNO ph tak payah la kita campur,,https://www.tiktok.com/@deddynababan/video/7639582548590365972,7639582548590365972,neutral,2026-05-29T18:54:58.186461,5,0,0,0,0.0,5,
tiktok,comment,7616598554672434450_comment_0,ayuh Rakyat Malaysia 🇲🇾 kuasakn diri pertahankn kjaan perpaduan MADANI 🇲🇾,,https://www.tiktok.com/@wa_one0808/video/7616598554672434450,7616598554672434450,neutral,2026-05-29T18:54:58.493830,6,0,0,0,0.0,6,
tiktok,comment,7616598554672434450_comment_1,ni hal parti pn...bior la drang kasi settle kan...orang UMNO ph tak payah la kita campur,,https://www.tiktok.com/@wa_one0808/video/7616598554672434450,7616598554672434450,neutral,2026-05-29T18:54:58.493839,5,0,0,0,0.0,5,
tiktok,comment,7644234548846300423_comment_0,ayuh Rakyat Malaysia 🇲🇾 kuasakn diri pertahankn kjaan perpaduan MADANI 🇲🇾,,https://www.tiktok.com/@artis.210/video/7644234548846300423,7644234548846300423,neutral,2026-05-29T18:54:58.813017,6,0,0,0,0.0,6,
tiktok,comment,7644234548846300423_comment_1,ni hal parti pn...bior la drang kasi settle kan...orang UMNO ph tak payah la kita campur,,https://www.tiktok.com/@artis.210/video/7644234548846300423,7644234548846300423,neutral,2026-05-29T18:54:58.813026,5,0,0,0,0.0,5,
tiktok,comment,7644330111495458068_comment_0,ayuh Rakyat Malaysia 🇲🇾 kuasakn diri pertahankn kjaan perpaduan MADANI 🇲🇾,,https://www.tiktok.com/@wisnu_anggito/video/7644330111495458068,7644330111495458068,neutral,2026-05-29T18:54:59.118822,6,0,0,0,0.0,6,
tiktok,comment,7644330111495458068_comment_1,ni hal parti pn...bior la drang kasi settle kan...orang UMNO ph tak payah la kita campur,,https://www.tiktok.com/@wisnu_anggito/video/7644330111495458068,7644330111495458068,neutral,2026-05-29T18:54:59.118833,5,0,0,0,0.0,5,
tiktok,comment,7572118751370284306_comment_0,ayuh Rakyat Malaysia 🇲🇾 kuasakn diri pertahankn kjaan perpaduan MADANI 🇲🇾,,https://www.tiktok.com/@pa.tuban/video/7572118751370284306,7572118751370284306,neutral,2026-05-29T18:54:59.423532,6,0,0,0,0.0,6,
tiktok,comment,7572118751370284306_comment_1,ni hal parti pn...bior la drang kasi settle kan...orang UMNO ph tak payah la kita campur,,https://www.tiktok.com/@pa.tuban/video/7572118751370284306,7572118751370284306,neutral,2026-05-29T18:54:59.423544,5,0,0,0,0.0,5,
tiktok,comment,7640802037520747783_comment_0,ayuh Rakyat Malaysia 🇲🇾 kuasakn diri pertahankn kjaan perpaduan MADANI 🇲🇾,,https://www.tiktok.com/@suhempermana86/video/7640802037520747783,7640802037520747783,neutral,2026-05-29T18:54:59.728185,6,0,0,0,0.0,6,
tiktok,comment,7640802037520747783_comment_1,ni hal parti pn...bior la drang kasi settle kan...orang UMNO ph tak payah la kita campur,,https://www.tiktok.com/@suhempermana86/video/7640802037520747783,7640802037520747783,neutral,2026-05-29T18:54:59.728195,5,0,0,0,0.0,5,
tiktok,comment,7645066387462933793_comment_0,ayuh Rakyat Malaysia 🇲🇾 kuasakn diri pertahankn kjaan perpaduan MADANI 🇲🇾,,https://www.tiktok.com/@christiantiktokmusic/video/7645066387462933793,7645066387462933793,neutral,2026-05-29T18:55:00.251039,6,0,0,0,0.0,6,
tiktok,comment,7645066387462933793_comment_1,ni hal parti pn...bior la drang kasi settle kan...orang UMNO ph tak payah la kita campur,,https://www.tiktok.com/@christiantiktokmusic/video/7645066387462933793,7645066387462933793,neutral,2026-05-29T18:55:00.251050,5,0,0,0,0.0,5,
tiktok,comment,7640751813746052370_comment_0,ayuh Rakyat Malaysia 🇲🇾 kuasakn diri pertahankn kjaan perpaduan MADANI 🇲🇾,,https://www.tiktok.com/@trysnha95/video/7640751813746052370,7640751813746052370,neutral,2026-05-29T18:55:00.615845,6,0,0,0,0.0,6,
tiktok,comment,7640751813746052370_comment_1,ni hal parti pn...bior la drang kasi settle kan...orang UMNO ph tak payah la kita campur,,https://www.tiktok.com/@trysnha95/video/7640751813746052370,7640751813746052370,neutral,2026-05-29T18:55:00.615856,5,0,0,0,0.0,5,
tiktok,comment,7633822557606546709_comment_0,ayuh Rakyat Malaysia 🇲🇾 kuasakn diri pertahankn kjaan perpaduan MADANI 🇲🇾,,https://www.tiktok.com/@wow_ulam1/video/7633822557606546709,7633822557606546709,neutral,2026-05-29T18:55:00.923063,6,0,0,0,0.0,6,
tiktok,comment,7633822557606546709_comment_1,ni hal parti pn...bior la drang kasi settle kan...orang UMNO ph tak payah la kita campur,,https://www.tiktok.com/@wow_ulam1/video/7633822557606546709,7633822557606546709,neutral,2026-05-29T18:55:00.923072,5,0,0,0,0.0,5,
tiktok,comment,7316878560294145286_comment_0,ayuh Rakyat Malaysia 🇲🇾 kuasakn diri pertahankn kjaan perpaduan MADANI 🇲🇾,,https://www.tiktok.com/@mamadifaaaa/video/7316878560294145286,7316878560294145286,neutral,2026-05-29T18:55:01.240064,6,0,0,0,0.0,6,
tiktok,comment,7316878560294145286_comment_1,ni hal parti pn...bior la drang kasi settle kan...orang UMNO ph tak payah la kita campur,,https://www.tiktok.com/@mamadifaaaa/video/7316878560294145286,7316878560294145286,neutral,2026-05-29T18:55:01.240076,5,0,0,0,0.0,5,
tiktok,comment,7644424732565228821_comment_0,ayuh Rakyat Malaysia 🇲🇾 kuasakn diri pertahankn kjaan perpaduan MADANI 🇲🇾,,https://www.tiktok.com/@mhsa545/video/7644424732565228821,7644424732565228821,neutral,2026-05-29T18:55:01.554680,6,0,0,0,0.0,6,
tiktok,comment,7644424732565228821_comment_1,ni hal parti pn...bior la drang kasi settle kan...orang UMNO ph tak payah la kita campur,,https://www.tiktok.com/@mhsa545/video/7644424732565228821,7644424732565228821,neutral,2026-05-29T18:55:01.554691,5,0,0,0,0.0,5,
tiktok,comment,7549829053067349255_comment_0,ayuh Rakyat Malaysia 🇲🇾 kuasakn diri pertahankn kjaan perpaduan MADANI 🇲🇾,,https://www.tiktok.com/@benk.irawan/video/7549829053067349255,7549829053067349255,neutral,2026-05-29T18:55:01.868938,6,0,0,0,0.0,6,
tiktok,comment,7549829053067349255_comment_1,ni hal parti pn...bior la drang kasi settle kan...orang UMNO ph tak payah la kita campur,,https://www.tiktok.com/@benk.irawan/video/7549829053067349255,7549829053067349255,neutral,2026-05-29T18:55:01.868968,5,0,0,0,0.0,5,
tiktok,comment,7638913099201891602_comment_0,ayuh Rakyat Malaysia 🇲🇾 kuasakn diri pertahankn kjaan perpaduan MADANI 🇲🇾,,https://www.tiktok.com/@afrizal_8062/video/7638913099201891602,7638913099201891602,neutral,2026-05-29T18:55:02.176046,6,0,0,0,0.0,6,
tiktok,comment,7638913099201891602_comment_1,ni hal parti pn...bior la drang kasi settle kan...orang UMNO ph tak payah la kita campur,,https://www.tiktok.com/@afrizal_8062/video/7638913099201891602,7638913099201891602,neutral,2026-05-29T18:55:02.176059,5,0,0,0,0.0,5,
tiktok,comment,7558007911625035009_comment_0,ayuh Rakyat Malaysia 🇲🇾 kuasakn diri pertahankn kjaan perpaduan MADANI 🇲🇾,,https://www.tiktok.com/@maspamungkasa1/video/7558007911625035009,7558007911625035009,neutral,2026-05-29T18:55:02.484491,6,0,0,0,0.0,6,
tiktok,comment,7558007911625035009_comment_1,ni hal parti pn...bior la drang kasi settle kan...orang UMNO ph tak payah la kita campur,,https://www.tiktok.com/@maspamungkasa1/video/7558007911625035009,7558007911625035009,neutral,2026-05-29T18:55:02.484530,5,0,0,0,0.0,5,
tiktok,comment,7458198138810109189_comment_0,ayuh Rakyat Malaysia 🇲🇾 kuasakn diri pertahankn kjaan perpaduan MADANI 🇲🇾,,https://www.tiktok.com/@m.adiputra_23/video/7458198138810109189,7458198138810109189,neutral,2026-05-29T18:55:02.806371,6,0,0,0,0.0,6,
tiktok,comment,7458198138810109189_comment_1,ni hal parti pn...bior la drang kasi settle kan...orang UMNO ph tak payah la kita campur,,https://www.tiktok.com/@m.adiputra_23/video/7458198138810109189,7458198138810109189,neutral,2026-05-29T18:55:02.806392,5,0,0,0,0.0,5,
tiktok,comment,7644970131067653389_comment_0,ayuh Rakyat Malaysia 🇲🇾 kuasakn diri pertahankn kjaan perpaduan MADANI 🇲🇾,,https://www.tiktok.com/@qosreality/video/7644970131067653389,7644970131067653389,neutral,2026-05-29T18:55:03.153280,6,0,0,0,0.0,6,
tiktok,comment,7644970131067653389_comment_1,ni hal parti pn...bior la drang kasi settle kan...orang UMNO ph tak payah la kita campur,,https://www.tiktok.com/@qosreality/video/7644970131067653389,7644970131067653389,neutral,2026-05-29T18:55:03.153311,5,0,0,0,0.0,5,
tiktok,comment,7608777817802820882_comment_0,ayuh Rakyat Malaysia 🇲🇾 kuasakn diri pertahankn kjaan perpaduan MADANI 🇲🇾,,https://www.tiktok.com/@naps123/video/7608777817802820882,7608777817802820882,neutral,2026-05-29T18:55:03.463286,6,0,0,0,0.0,6,
tiktok,comment,7608777817802820882_comment_1,ni hal parti pn...bior la drang kasi settle kan...orang UMNO ph tak payah la kita campur,,https://www.tiktok.com/@naps123/video/7608777817802820882,7608777817802820882,neutral,2026-05-29T18:55:03.463300,5,0,0,0,0.0,5,
tiktok,comment,7576957803240213776_comment_0,ayuh Rakyat Malaysia 🇲🇾 kuasakn diri pertahankn kjaan perpaduan MADANI 🇲🇾,,https://www.tiktok.com/@welas_asih22/video/7576957803240213776,7576957803240213776,neutral,2026-05-29T18:55:03.772665,6,0,0,0,0.0,6,
tiktok,comment,7576957803240213776_comment_1,ni hal parti pn...bior la drang kasi settle kan...orang UMNO ph tak payah la kita campur,,https://www.tiktok.com/@welas_asih22/video/7576957803240213776,7576957803240213776,neutral,2026-05-29T18:55:03.772696,5,0,0,0,0.0,5,
tiktok,comment,7632970531624553746_comment_0,ayuh Rakyat Malaysia 🇲🇾 kuasakn diri pertahankn kjaan perpaduan MADANI 🇲🇾,,https://www.tiktok.com/@mbkr58/video/7632970531624553746,7632970531624553746,neutral,2026-05-29T18:55:04.077406,6,0,0,0,0.0,6,
tiktok,comment,7632970531624553746_comment_1,ni hal parti pn...bior la drang kasi settle kan...orang UMNO ph tak payah la kita campur,,https://www.tiktok.com/@mbkr58/video/7632970531624553746,7632970531624553746,neutral,2026-05-29T18:55:04.077428,5,0,0,0,0.0,5,
tiktok,comment,7069939551053155610_comment_0,ayuh Rakyat Malaysia 🇲🇾 kuasakn diri pertahankn kjaan perpaduan MADANI 🇲🇾,,https://www.tiktok.com/@dewisundarikejawen/video/7069939551053155610,7069939551053155610,neutral,2026-05-29T18:55:04.426241,6,0,0,0,0.0,6,
tiktok,comment,7069939551053155610_comment_1,ni hal parti pn...bior la drang kasi settle kan...orang UMNO ph tak payah la kita campur,,https://www.tiktok.com/@dewisundarikejawen/video/7069939551053155610,7069939551053155610,neutral,2026-05-29T18:55:04.426274,5,0,0,0,0.0,5,
tiktok,comment,7504870352078523703_comment_0,ayuh Rakyat Malaysia 🇲🇾 kuasakn diri pertahankn kjaan perpaduan MADANI 🇲🇾,,https://www.tiktok.com/@militerindonesia2026/video/7504870352078523703,7504870352078523703,neutral,2026-05-29T18:55:04.739058,6,0,0,0,0.0,6,
tiktok,comment,7504870352078523703_comment_1,ni hal parti pn...bior la drang kasi settle kan...orang UMNO ph tak payah la kita campur,,https://www.tiktok.com/@militerindonesia2026/video/7504870352078523703,7504870352078523703,neutral,2026-05-29T18:55:04.739091,5,0,0,0,0.0,5,
tiktok,comment,7630085929985707285_comment_0,ayuh Rakyat Malaysia 🇲🇾 kuasakn diri pertahankn kjaan perpaduan MADANI 🇲🇾,,https://www.tiktok.com/@muhammad_idriss31/video/7630085929985707285,7630085929985707285,neutral,2026-05-29T18:55:05.057530,6,0,0,0,0.0,6,
tiktok,comment,7630085929985707285_comment_1,ni hal parti pn...bior la drang kasi settle kan...orang UMNO ph tak payah la kita campur,,https://www.tiktok.com/@muhammad_idriss31/video/7630085929985707285,7630085929985707285,neutral,2026-05-29T18:55:05.057560,5,0,0,0,0.0,5,
tiktok,comment,7610368508500643080_comment_0,ayuh Rakyat Malaysia 🇲🇾 kuasakn diri pertahankn kjaan perpaduan MADANI 🇲🇾,,https://www.tiktok.com/@stevilewaherilla95/video/7610368508500643080,7610368508500643080,neutral,2026-05-29T18:55:05.365336,6,0,0,0,0.0,6,
tiktok,comment,7610368508500643080_comment_1,ni hal parti pn...bior la drang kasi settle kan...orang UMNO ph tak payah la kita campur,,https://www.tiktok.com/@stevilewaherilla95/video/7610368508500643080,7610368508500643080,neutral,2026-05-29T18:55:05.365367,5,0,0,0,0.0,5,
tiktok,comment,7642862577072082196_comment_0,ayuh Rakyat Malaysia 🇲🇾 kuasakn diri pertahankn kjaan perpaduan MADANI 🇲🇾,,https://www.tiktok.com/@persibat.day/video/7642862577072082196,7642862577072082196,neutral,2026-05-29T18:55:05.676067,6,0,0,0,0.0,6,
tiktok,comment,7642862577072082196_comment_1,ni hal parti pn...bior la drang kasi settle kan...orang UMNO ph tak payah la kita campur,,https://www.tiktok.com/@persibat.day/video/7642862577072082196,7642862577072082196,neutral,2026-05-29T18:55:05.676077,5,0,0,0,0.0,5,
tiktok,comment,7644698617256758536_comment_0,ayuh Rakyat Malaysia 🇲🇾 kuasakn diri pertahankn kjaan perpaduan MADANI 🇲🇾,,https://www.tiktok.com/@lc.spiderman/video/7644698617256758536,7644698617256758536,neutral,2026-05-29T18:55:05.993985,6,0,0,0,0.0,6,
tiktok,comment,7644698617256758536_comment_1,ni hal parti pn...bior la drang kasi settle kan...orang UMNO ph tak payah la kita campur,,https://www.tiktok.com/@lc.spiderman/video/7644698617256758536,7644698617256758536,neutral,2026-05-29T18:55:05.994018,5,0,0,0,0.0,5,
tiktok,comment,7592469201755884808_comment_0,ayuh Rakyat Malaysia 🇲🇾 kuasakn diri pertahankn kjaan perpaduan MADANI 🇲🇾,,https://www.tiktok.com/@birojasagibran.amanah/video/7592469201755884808,7592469201755884808,neutral,2026-05-29T18:55:06.335197,6,0,0,0,0.0,6,
tiktok,comment,7592469201755884808_comment_1,ni hal parti pn...bior la drang kasi settle kan...orang UMNO ph tak payah la kita campur,,https://www.tiktok.com/@birojasagibran.amanah/video/7592469201755884808,7592469201755884808,neutral,2026-05-29T18:55:06.335231,5,0,0,0,0.0,5,
tiktok,comment,7614434475186933012_comment_0,ayuh Rakyat Malaysia 🇲🇾 kuasakn diri pertahankn kjaan perpaduan MADANI 🇲🇾,,https://www.tiktok.com/@prnce.ditzzz/video/7614434475186933012,7614434475186933012,neutral,2026-05-29T18:55:06.646782,6,0,0,0,0.0,6,
tiktok,comment,7614434475186933012_comment_1,ni hal parti pn...bior la drang kasi settle kan...orang UMNO ph tak payah la kita campur,,https://www.tiktok.com/@prnce.ditzzz/video/7614434475186933012,7614434475186933012,neutral,2026-05-29T18:55:06.646817,5,0,0,0,0.0,5,
tiktok,comment,7418880542705274118_comment_0,ayuh Rakyat Malaysia 🇲🇾 kuasakn diri pertahankn kjaan perpaduan MADANI 🇲🇾,,https://www.tiktok.com/@deztyaeee/video/7418880542705274118,7418880542705274118,neutral,2026-05-29T18:55:06.957300,6,0,0,0,0.0,6,
tiktok,comment,7418880542705274118_comment_1,ni hal parti pn...bior la drang kasi settle kan...orang UMNO ph tak payah la kita campur,,https://www.tiktok.com/@deztyaeee/video/7418880542705274118,7418880542705274118,neutral,2026-05-29T18:55:06.957309,5,0,0,0,0.0,5,
tiktok,comment,7643833190376852756_comment_0,ayuh Rakyat Malaysia 🇲🇾 kuasakn diri pertahankn kjaan perpaduan MADANI 🇲🇾,,https://www.tiktok.com/@banghen950/video/7643833190376852756,7643833190376852756,neutral,2026-05-29T18:55:07.262934,6,0,0,0,0.0,6,
tiktok,comment,7643833190376852756_comment_1,ni hal parti pn...bior la drang kasi settle kan...orang UMNO ph tak payah la kita campur,,https://www.tiktok.com/@banghen950/video/7643833190376852756,7643833190376852756,neutral,2026-05-29T18:55:07.262966,5,0,0,0,0.0,5,
tiktok,comment,7614372078136970514_comment_0,ayuh Rakyat Malaysia 🇲🇾 kuasakn diri pertahankn kjaan perpaduan MADANI 🇲🇾,,https://www.tiktok.com/@byrna_/video/7614372078136970514,7614372078136970514,neutral,2026-05-29T18:55:07.567862,6,0,0,0,0.0,6,
tiktok,comment,7614372078136970514_comment_1,ni hal parti pn...bior la drang kasi settle kan...orang UMNO ph tak payah la kita campur,,https://www.tiktok.com/@byrna_/video/7614372078136970514,7614372078136970514,neutral,2026-05-29T18:55:07.567891,5,0,0,0,0.0,5,
tiktok,comment,7639331886053068053_comment_0,ayuh Rakyat Malaysia 🇲🇾 kuasakn diri pertahankn kjaan perpaduan MADANI 🇲🇾,,https://www.tiktok.com/@ujangsue7277/video/7639331886053068053,7639331886053068053,neutral,2026-05-29T18:55:07.891922,6,0,0,0,0.0,6,
tiktok,comment,7639331886053068053_comment_1,ni hal parti pn...bior la drang kasi settle kan...orang UMNO ph tak payah la kita campur,,https://www.tiktok.com/@ujangsue7277/video/7639331886053068053,7639331886053068053,neutral,2026-05-29T18:55:07.891952,5,0,0,0,0.0,5,
tiktok,comment,7642688650194521352_comment_0,ayuh Rakyat Malaysia 🇲🇾 kuasakn diri pertahankn kjaan perpaduan MADANI 🇲🇾,,https://www.tiktok.com/@malaysia_kini/video/7642688650194521352,7642688650194521352,neutral,2026-05-29T18:55:08.201485,6,0,0,0,0.0,6,
tiktok,comment,7642688650194521352_comment_1,ni hal parti pn...bior la drang kasi settle kan...orang UMNO ph tak payah la kita campur,,https://www.tiktok.com/@malaysia_kini/video/7642688650194521352,7642688650194521352,neutral,2026-05-29T18:55:08.201517,5,0,0,0,0.0,5,
tiktok,comment,7642577124674538760_comment_0,ayuh Rakyat Malaysia 🇲🇾 kuasakn diri pertahankn kjaan perpaduan MADANI 🇲🇾,,https://www.tiktok.com/@officialtaufiq/video/7642577124674538760,7642577124674538760,neutral,2026-05-29T18:55:08.507203,6,0,0,0,0.0,6,
tiktok,comment,7642577124674538760_comment_1,ni hal parti pn...bior la drang kasi settle kan...orang UMNO ph tak payah la kita campur,,https://www.tiktok.com/@officialtaufiq/video/7642577124674538760,7642577124674538760,neutral,2026-05-29T18:55:08.507240,5,0,0,0,0.0,5,
tiktok,comment,7642627732706200852_comment_0,ayuh Rakyat Malaysia 🇲🇾 kuasakn diri pertahankn kjaan perpaduan MADANI 🇲🇾,,https://www.tiktok.com/@berita.ks/video/7642627732706200852,7642627732706200852,neutral,2026-05-29T18:55:08.823851,6,0,0,0,0.0,6,
tiktok,comment,7642627732706200852_comment_1,ni hal parti pn...bior la drang kasi settle kan...orang UMNO ph tak payah la kita campur,,https://www.tiktok.com/@berita.ks/video/7642627732706200852,7642627732706200852,neutral,2026-05-29T18:55:08.823885,5,0,0,0,0.0,5,
tiktok,comment,7418191286655536392_comment_0,ayuh Rakyat Malaysia 🇲🇾 kuasakn diri pertahankn kjaan perpaduan MADANI 🇲🇾,,https://www.tiktok.com/@suaraanakkelantan/video/7418191286655536392,7418191286655536392,neutral,2026-05-29T18:55:09.169875,6,0,0,0,0.0,6,
tiktok,comment,7418191286655536392_comment_1,ni hal parti pn...bior la drang kasi settle kan...orang UMNO ph tak payah la kita campur,,https://www.tiktok.com/@suaraanakkelantan/video/7418191286655536392,7418191286655536392,neutral,2026-05-29T18:55:09.169909,5,0,0,0,0.0,5,
tiktok,comment,7594769588156484884_comment_0,ayuh Rakyat Malaysia 🇲🇾 kuasakn diri pertahankn kjaan perpaduan MADANI 🇲🇾,,https://www.tiktok.com/@malaysia_kini/video/7594769588156484884,7594769588156484884,neutral,2026-05-29T18:55:09.526280,6,0,0,0,0.0,6,
tiktok,comment,7594769588156484884_comment_1,ni hal parti pn...bior la drang kasi settle kan...orang UMNO ph tak payah la kita campur,,https://www.tiktok.com/@malaysia_kini/video/7594769588156484884,7594769588156484884,neutral,2026-05-29T18:55:09.526294,5,0,0,0,0.0,5,
tiktok,comment,7417268808030768391_comment_0,ayuh Rakyat Malaysia 🇲🇾 kuasakn diri pertahankn kjaan perpaduan MADANI 🇲🇾,,https://www.tiktok.com/@jairizalrk/video/7417268808030768391,7417268808030768391,neutral,2026-05-29T18:55:09.843461,6,0,0,0,0.0,6,
tiktok,comment,7417268808030768391_comment_1,ni hal parti pn...bior la drang kasi settle kan...orang UMNO ph tak payah la kita campur,,https://www.tiktok.com/@jairizalrk/video/7417268808030768391,7417268808030768391,neutral,2026-05-29T18:55:09.843492,5,0,0,0,0.0,5,
tiktok,comment,7395441705031404818_comment_0,ayuh Rakyat Malaysia 🇲🇾 kuasakn diri pertahankn kjaan perpaduan MADANI 🇲🇾,,https://www.tiktok.com/@suaraanakkelantan/video/7395441705031404818,7395441705031404818,neutral,2026-05-29T18:55:10.148315,6,0,0,0,0.0,6,
tiktok,comment,7395441705031404818_comment_1,ni hal parti pn...bior la drang kasi settle kan...orang UMNO ph tak payah la kita campur,,https://www.tiktok.com/@suaraanakkelantan/video/7395441705031404818,7395441705031404818,neutral,2026-05-29T18:55:10.148345,5,0,0,0,0.0,5,
tiktok,comment,7444009593430215944_comment_0,ayuh Rakyat Malaysia 🇲🇾 kuasakn diri pertahankn kjaan perpaduan MADANI 🇲🇾,,https://www.tiktok.com/@suaraanakkelantan/video/7444009593430215944,7444009593430215944,neutral,2026-05-29T18:55:10.467814,6,0,0,0,0.0,6,
tiktok,comment,7444009593430215944_comment_1,ni hal parti pn...bior la drang kasi settle kan...orang UMNO ph tak payah la kita campur,,https://www.tiktok.com/@suaraanakkelantan/video/7444009593430215944,7444009593430215944,neutral,2026-05-29T18:55:10.467846,5,0,0,0,0.0,5,
tiktok,comment,7624426355177868565_comment_0,ayuh Rakyat Malaysia 🇲🇾 kuasakn diri pertahankn kjaan perpaduan MADANI 🇲🇾,,https://www.tiktok.com/@ustaz.idrisahmad/video/7624426355177868565,7624426355177868565,neutral,2026-05-29T18:55:10.774434,6,0,0,0,0.0,6,
tiktok,comment,7624426355177868565_comment_1,ni hal parti pn...bior la drang kasi settle kan...orang UMNO ph tak payah la kita campur,,https://www.tiktok.com/@ustaz.idrisahmad/video/7624426355177868565,7624426355177868565,neutral,2026-05-29T18:55:10.774449,5,0,0,0,0.0,5,
tiktok,comment,7641949753567186177_comment_0,ayuh Rakyat Malaysia 🇲🇾 kuasakn diri pertahankn kjaan perpaduan MADANI 🇲🇾,,https://www.tiktok.com/@tvsarawak/video/7641949753567186177,7641949753567186177,neutral,2026-05-29T18:55:11.077870,6,0,0,0,0.0,6,
tiktok,comment,7641949753567186177_comment_1,ni hal parti pn...bior la drang kasi settle kan...orang UMNO ph tak payah la kita campur,,https://www.tiktok.com/@tvsarawak/video/7641949753567186177,7641949753567186177,neutral,2026-05-29T18:55:11.077902,5,0,0,0,0.0,5,
tiktok,comment,7371731214471941394_comment_0,ayuh Rakyat Malaysia 🇲🇾 kuasakn diri pertahankn kjaan perpaduan MADANI 🇲🇾,,https://www.tiktok.com/@penerangan.pemuda/video/7371731214471941394,7371731214471941394,neutral,2026-05-29T18:55:11.390759,6,0,0,0,0.0,6,
tiktok,comment,7371731214471941394_comment_1,ni hal parti pn...bior la drang kasi settle kan...orang UMNO ph tak payah la kita campur,,https://www.tiktok.com/@penerangan.pemuda/video/7371731214471941394,7371731214471941394,neutral,2026-05-29T18:55:11.390779,5,0,0,0,0.0,5,
tiktok,comment,7624216759888792840_comment_0,ayuh Rakyat Malaysia 🇲🇾 kuasakn diri pertahankn kjaan perpaduan MADANI 🇲🇾,,https://www.tiktok.com/@viajatradventure/video/7624216759888792840,7624216759888792840,neutral,2026-05-29T18:55:11.715299,6,0,0,0,0.0,6,
tiktok,comment,7624216759888792840_comment_1,ni hal parti pn...bior la drang kasi settle kan...orang UMNO ph tak payah la kita campur,,https://www.tiktok.com/@viajatradventure/video/7624216759888792840,7624216759888792840,neutral,2026-05-29T18:55:11.715333,5,0,0,0,0.0,5,
tiktok,comment,7640404677980359957_comment_0,ayuh Rakyat Malaysia 🇲🇾 kuasakn diri pertahankn kjaan perpaduan MADANI 🇲🇾,,https://www.tiktok.com/@evanurjaa/video/7640404677980359957,7640404677980359957,neutral,2026-05-29T18:55:12.032899,6,0,0,0,0.0,6,
tiktok,comment,7640404677980359957_comment_1,ni hal parti pn...bior la drang kasi settle kan...orang UMNO ph tak payah la kita campur,,https://www.tiktok.com/@evanurjaa/video/7640404677980359957,7640404677980359957,neutral,2026-05-29T18:55:12.032933,5,0,0,0,0.0,5,
tiktok,comment,7635823564481924372_comment_0,ayuh Rakyat Malaysia 🇲🇾 kuasakn diri pertahankn kjaan perpaduan MADANI 🇲🇾,,https://www.tiktok.com/@ayyxx16/video/7635823564481924372,7635823564481924372,neutral,2026-05-29T18:55:12.356619,6,0,0,0,0.0,6,
tiktok,comment,7635823564481924372_comment_1,ni hal parti pn...bior la drang kasi settle kan...orang UMNO ph tak payah la kita campur,,https://www.tiktok.com/@ayyxx16/video/7635823564481924372,7635823564481924372,neutral,2026-05-29T18:55:12.356640,5,0,0,0,0.0,5,
tiktok,comment,7591118608273558804_comment_0,ayuh Rakyat Malaysia 🇲🇾 kuasakn diri pertahankn kjaan perpaduan MADANI 🇲🇾,,https://www.tiktok.com/@user714405300/video/7591118608273558804,7591118608273558804,neutral,2026-05-29T18:55:12.662409,6,0,0,0,0.0,6,
tiktok,comment,7591118608273558804_comment_1,ni hal parti pn...bior la drang kasi settle kan...orang UMNO ph tak payah la kita campur,,https://www.tiktok.com/@user714405300/video/7591118608273558804,7591118608273558804,neutral,2026-05-29T18:55:12.662440,5,0,0,0,0.0,5,
tiktok,comment,7632930905757224212_comment_0,ayuh Rakyat Malaysia 🇲🇾 kuasakn diri pertahankn kjaan perpaduan MADANI 🇲🇾,,https://www.tiktok.com/@novalaginugas/video/7632930905757224212,7632930905757224212,neutral,2026-05-29T18:55:12.970664,6,0,0,0,0.0,6,
tiktok,comment,7632930905757224212_comment_1,ni hal parti pn...bior la drang kasi settle kan...orang UMNO ph tak payah la kita campur,,https://www.tiktok.com/@novalaginugas/video/7632930905757224212,7632930905757224212,neutral,2026-05-29T18:55:12.970693,5,0,0,0,0.0,5,
tiktok,comment,7644156675326217492_comment_0,ayuh Rakyat Malaysia 🇲🇾 kuasakn diri pertahankn kjaan perpaduan MADANI 🇲🇾,,https://www.tiktok.com/@muhammad_idriss31/video/7644156675326217492,7644156675326217492,neutral,2026-05-29T18:55:13.339739,6,0,0,0,0.0,6,
tiktok,comment,7644156675326217492_comment_1,ni hal parti pn...bior la drang kasi settle kan...orang UMNO ph tak payah la kita campur,,https://www.tiktok.com/@muhammad_idriss31/video/7644156675326217492,7644156675326217492,neutral,2026-05-29T18:55:13.339769,5,0,0,0,0.0,5,
tiktok,comment,7547310216145112327_comment_0,ayuh Rakyat Malaysia 🇲🇾 kuasakn diri pertahankn kjaan perpaduan MADANI 🇲🇾,,https://www.tiktok.com/@nayshiiiiiiii/video/7547310216145112327,7547310216145112327,neutral,2026-05-29T18:55:13.645720,6,0,0,0,0.0,6,
tiktok,comment,7547310216145112327_comment_1,ni hal parti pn...bior la drang kasi settle kan...orang UMNO ph tak payah la kita campur,,https://www.tiktok.com/@nayshiiiiiiii/video/7547310216145112327,7547310216145112327,neutral,2026-05-29T18:55:13.645738,5,0,0,0,0.0,5,
tiktok,comment,7639397094125522196_comment_0,ayuh Rakyat Malaysia 🇲🇾 kuasakn diri pertahankn kjaan perpaduan MADANI 🇲🇾,,https://www.tiktok.com/@mrbulan99/video/7639397094125522196,7639397094125522196,neutral,2026-05-29T18:55:13.958292,6,0,0,0,0.0,6,
tiktok,comment,7639397094125522196_comment_1,ni hal parti pn...bior la drang kasi settle kan...orang UMNO ph tak payah la kita campur,,https://www.tiktok.com/@mrbulan99/video/7639397094125522196,7639397094125522196,neutral,2026-05-29T18:55:13.958317,5,0,0,0,0.0,5,
tiktok,comment,7644807708335492373_comment_0,ayuh Rakyat Malaysia 🇲🇾 kuasakn diri pertahankn kjaan perpaduan MADANI 🇲🇾,,https://www.tiktok.com/@sugara126/video/7644807708335492373,7644807708335492373,neutral,2026-05-29T18:55:14.281529,6,0,0,0,0.0,6,
tiktok,comment,7644807708335492373_comment_1,ni hal parti pn...bior la drang kasi settle kan...orang UMNO ph tak payah la kita campur,,https://www.tiktok.com/@sugara126/video/7644807708335492373,7644807708335492373,neutral,2026-05-29T18:55:14.281553,5,0,0,0,0.0,5,
tiktok,comment,7631076593716251925_comment_0,ayuh Rakyat Malaysia 🇲🇾 kuasakn diri pertahankn kjaan perpaduan MADANI 🇲🇾,,https://www.tiktok.com/@mbahmoeljamaluddi/video/7631076593716251925,7631076593716251925,neutral,2026-05-29T18:55:14.601400,6,0,0,0,0.0,6,
tiktok,comment,7631076593716251925_comment_1,ni hal parti pn...bior la drang kasi settle kan...orang UMNO ph tak payah la kita campur,,https://www.tiktok.com/@mbahmoeljamaluddi/video/7631076593716251925,7631076593716251925,neutral,2026-05-29T18:55:14.601430,5,0,0,0,0.0,5,
tiktok,comment,7633106947134262548_comment_0,ayuh Rakyat Malaysia 🇲🇾 kuasakn diri pertahankn kjaan perpaduan MADANI 🇲🇾,,https://www.tiktok.com/@khkh200110/video/7633106947134262548,7633106947134262548,neutral,2026-05-29T18:55:14.921019,6,0,0,0,0.0,6,
tiktok,comment,7633106947134262548_comment_1,ni hal parti pn...bior la drang kasi settle kan...orang UMNO ph tak payah la kita campur,,https://www.tiktok.com/@khkh200110/video/7633106947134262548,7633106947134262548,neutral,2026-05-29T18:55:14.921049,5,0,0,0,0.0,5,
tiktok,comment,7526166588412710200_comment_0,ayuh Rakyat Malaysia 🇲🇾 kuasakn diri pertahankn kjaan perpaduan MADANI 🇲🇾,,https://www.tiktok.com/@airinnn672/video/7526166588412710200,7526166588412710200,neutral,2026-05-29T18:55:15.236765,6,0,0,0,0.0,6,
tiktok,comment,7526166588412710200_comment_1,ni hal parti pn...bior la drang kasi settle kan...orang UMNO ph tak payah la kita campur,,https://www.tiktok.com/@airinnn672/video/7526166588412710200,7526166588412710200,neutral,2026-05-29T18:55:15.236793,5,0,0,0,0.0,5,
tiktok,comment,7508973770305064248_comment_0,ayuh Rakyat Malaysia 🇲🇾 kuasakn diri pertahankn kjaan perpaduan MADANI 🇲🇾,,https://www.tiktok.com/@refanisandya/video/7508973770305064248,7508973770305064248,neutral,2026-05-29T18:55:15.576738,6,0,0,0,0.0,6,
tiktok,comment,7508973770305064248_comment_1,ni hal parti pn...bior la drang kasi settle kan...orang UMNO ph tak payah la kita campur,,https://www.tiktok.com/@refanisandya/video/7508973770305064248,7508973770305064248,neutral,2026-05-29T18:55:15.576758,5,0,0,0,0.0,5,
tiktok,comment,7641124565925514517_comment_0,ayuh Rakyat Malaysia 🇲🇾 kuasakn diri pertahankn kjaan perpaduan MADANI 🇲🇾,,https://www.tiktok.com/@seru.sekali17/video/7641124565925514517,7641124565925514517,neutral,2026-05-29T18:55:15.906071,6,0,0,0,0.0,6,
tiktok,comment,7641124565925514517_comment_1,ni hal parti pn...bior la drang kasi settle kan...orang UMNO ph tak payah la kita campur,,https://www.tiktok.com/@seru.sekali17/video/7641124565925514517,7641124565925514517,neutral,2026-05-29T18:55:15.906102,5,0,0,0,0.0,5,
tiktok,comment,7162119831934831899_comment_0,ayuh Rakyat Malaysia 🇲🇾 kuasakn diri pertahankn kjaan perpaduan MADANI 🇲🇾,,https://www.tiktok.com/@propusposterior/video/7162119831934831899,7162119831934831899,neutral,2026-05-29T18:55:16.212503,6,0,0,0,0.0,6,
tiktok,comment,7162119831934831899_comment_1,ni hal parti pn...bior la drang kasi settle kan...orang UMNO ph tak payah la kita campur,,https://www.tiktok.com/@propusposterior/video/7162119831934831899,7162119831934831899,neutral,2026-05-29T18:55:16.212532,5,0,0,0,0.0,5,
tiktok,comment,7640189970711383316_comment_0,ayuh Rakyat Malaysia 🇲🇾 kuasakn diri pertahankn kjaan perpaduan MADANI 🇲🇾,,https://www.tiktok.com/@briliandam/video/7640189970711383316,7640189970711383316,neutral,2026-05-29T18:55:16.576251,6,0,0,0,0.0,6,
tiktok,comment,7640189970711383316_comment_1,ni hal parti pn...bior la drang kasi settle kan...orang UMNO ph tak payah la kita campur,,https://www.tiktok.com/@briliandam/video/7640189970711383316,7640189970711383316,neutral,2026-05-29T18:55:16.576281,5,0,0,0,0.0,5,
tiktok,comment,7597602556113702160_comment_0,ayuh Rakyat Malaysia 🇲🇾 kuasakn diri pertahankn kjaan perpaduan MADANI 🇲🇾,,https://www.tiktok.com/@ruang_keuangan/video/7597602556113702160,7597602556113702160,neutral,2026-05-29T18:55:16.903266,6,0,0,0,0.0,6,
tiktok,comment,7597602556113702160_comment_1,ni hal parti pn...bior la drang kasi settle kan...orang UMNO ph tak payah la kita campur,,https://www.tiktok.com/@ruang_keuangan/video/7597602556113702160,7597602556113702160,neutral,2026-05-29T18:55:16.903297,5,0,0,0,0.0,5,
tiktok,comment,7433737157971528966_comment_0,ayuh Rakyat Malaysia 🇲🇾 kuasakn diri pertahankn kjaan perpaduan MADANI 🇲🇾,,https://www.tiktok.com/@haicapricorn27/video/7433737157971528966,7433737157971528966,neutral,2026-05-29T18:55:17.227477,6,0,0,0,0.0,6,
tiktok,comment,7433737157971528966_comment_1,ni hal parti pn...bior la drang kasi settle kan...orang UMNO ph tak payah la kita campur,,https://www.tiktok.com/@haicapricorn27/video/7433737157971528966,7433737157971528966,neutral,2026-05-29T18:55:17.227510,5,0,0,0,0.0,5,
tiktok,comment,7633433416200883476_comment_0,ayuh Rakyat Malaysia 🇲🇾 kuasakn diri pertahankn kjaan perpaduan MADANI 🇲🇾,,https://www.tiktok.com/@khkh200110/video/7633433416200883476,7633433416200883476,neutral,2026-05-29T18:55:17.541825,6,0,0,0,0.0,6,
tiktok,comment,7633433416200883476_comment_1,ni hal parti pn...bior la drang kasi settle kan...orang UMNO ph tak payah la kita campur,,https://www.tiktok.com/@khkh200110/video/7633433416200883476,7633433416200883476,neutral,2026-05-29T18:55:17.541856,5,0,0,0,0.0,5,
tiktok,comment,7644872922426871048_comment_0,ayuh Rakyat Malaysia 🇲🇾 kuasakn diri pertahankn kjaan perpaduan MADANI 🇲🇾,,https://www.tiktok.com/@suhempermana86/video/7644872922426871048,7644872922426871048,neutral,2026-05-29T18:55:17.848115,6,0,0,0,0.0,6,
tiktok,comment,7644872922426871048_comment_1,ni hal parti pn...bior la drang kasi settle kan...orang UMNO ph tak payah la kita campur,,https://www.tiktok.com/@suhempermana86/video/7644872922426871048,7644872922426871048,neutral,2026-05-29T18:55:17.848144,5,0,0,0,0.0,5,
tiktok,comment,7629585163571318024_comment_0,ayuh Rakyat Malaysia 🇲🇾 kuasakn diri pertahankn kjaan perpaduan MADANI 🇲🇾,,https://www.tiktok.com/@user818khanza/video/7629585163571318024,7629585163571318024,neutral,2026-05-29T18:55:18.154368,6,0,0,0,0.0,6,
tiktok,comment,7629585163571318024_comment_1,ni hal parti pn...bior la drang kasi settle kan...orang UMNO ph tak payah la kita campur,,https://www.tiktok.com/@user818khanza/video/7629585163571318024,7629585163571318024,neutral,2026-05-29T18:55:18.154401,5,0,0,0,0.0,5,
tiktok,comment,7624538220314905876_comment_0,ayuh Rakyat Malaysia 🇲🇾 kuasakn diri pertahankn kjaan perpaduan MADANI 🇲🇾,,https://www.tiktok.com/@aris.arianto924/video/7624538220314905876,7624538220314905876,neutral,2026-05-29T18:55:18.467833,6,0,0,0,0.0,6,
tiktok,comment,7624538220314905876_comment_1,ni hal parti pn...bior la drang kasi settle kan...orang UMNO ph tak payah la kita campur,,https://www.tiktok.com/@aris.arianto924/video/7624538220314905876,7624538220314905876,neutral,2026-05-29T18:55:18.467862,5,0,0,0,0.0,5,
tiktok,comment,7478092077226577159_comment_0,ayuh Rakyat Malaysia 🇲🇾 kuasakn diri pertahankn kjaan perpaduan MADANI 🇲🇾,,https://www.tiktok.com/@iema_93/video/7478092077226577159,7478092077226577159,neutral,2026-05-29T18:55:18.779352,6,0,0,0,0.0,6,
tiktok,comment,7478092077226577159_comment_1,ni hal parti pn...bior la drang kasi settle kan...orang UMNO ph tak payah la kita campur,,https://www.tiktok.com/@iema_93/video/7478092077226577159,7478092077226577159,neutral,2026-05-29T18:55:18.779380,5,0,0,0,0.0,5,
tiktok,comment,7591505038057524488_comment_0,ayuh Rakyat Malaysia 🇲🇾 kuasakn diri pertahankn kjaan perpaduan MADANI 🇲🇾,,https://www.tiktok.com/@bacabukusore/video/7591505038057524488,7591505038057524488,neutral,2026-05-29T18:55:19.299587,6,0,0,0,0.0,6,
tiktok,comment,7591505038057524488_comment_1,ni hal parti pn...bior la drang kasi settle kan...orang UMNO ph tak payah la kita campur,,https://www.tiktok.com/@bacabukusore/video/7591505038057524488,7591505038057524488,neutral,2026-05-29T18:55:19.299617,5,0,0,0,0.0,5,
tiktok,comment,7613947196131527957_comment_0,ayuh Rakyat Malaysia 🇲🇾 kuasakn diri pertahankn kjaan perpaduan MADANI 🇲🇾,,https://www.tiktok.com/@herysetiawannatsir/video/7613947196131527957,7613947196131527957,neutral,2026-05-29T18:55:19.621300,6,0,0,0,0.0,6,
tiktok,comment,7613947196131527957_comment_1,ni hal parti pn...bior la drang kasi settle kan...orang UMNO ph tak payah la kita campur,,https://www.tiktok.com/@herysetiawannatsir/video/7613947196131527957,7613947196131527957,neutral,2026-05-29T18:55:19.621317,5,0,0,0,0.0,5,
tiktok,comment,7484878966600322310_comment_0,ayuh Rakyat Malaysia 🇲🇾 kuasakn diri pertahankn kjaan perpaduan MADANI 🇲🇾,,https://www.tiktok.com/@republika.tekno/video/7484878966600322310,7484878966600322310,neutral,2026-05-29T18:55:19.927997,6,0,0,0,0.0,6,
tiktok,comment,7484878966600322310_comment_1,ni hal parti pn...bior la drang kasi settle kan...orang UMNO ph tak payah la kita campur,,https://www.tiktok.com/@republika.tekno/video/7484878966600322310,7484878966600322310,neutral,2026-05-29T18:55:19.928029,5,0,0,0,0.0,5,
tiktok,comment,7640830205384281365_comment_0,ayuh Rakyat Malaysia 🇲🇾 kuasakn diri pertahankn kjaan perpaduan MADANI 🇲🇾,,https://www.tiktok.com/@bersama987/video/7640830205384281365,7640830205384281365,neutral,2026-05-29T18:55:20.249986,6,0,0,0,0.0,6,
tiktok,comment,7640830205384281365_comment_1,ni hal parti pn...bior la drang kasi settle kan...orang UMNO ph tak payah la kita campur,,https://www.tiktok.com/@bersama987/video/7640830205384281365,7640830205384281365,neutral,2026-05-29T18:55:20.250017,5,0,0,0,0.0,5,
tiktok,comment,7645148829305556255_comment_0,ayuh Rakyat Malaysia 🇲🇾 kuasakn diri pertahankn kjaan perpaduan MADANI 🇲🇾,,https://www.tiktok.com/@adityadewi.l/video/7645148829305556255,7645148829305556255,neutral,2026-05-29T18:55:20.553995,6,0,0,0,0.0,6,
tiktok,comment,7645148829305556255_comment_1,ni hal parti pn...bior la drang kasi settle kan...orang UMNO ph tak payah la kita campur,,https://www.tiktok.com/@adityadewi.l/video/7645148829305556255,7645148829305556255,neutral,2026-05-29T18:55:20.554024,5,0,0,0,0.0,5,
tiktok,comment,7086171248736161030_comment_0,ayuh Rakyat Malaysia 🇲🇾 kuasakn diri pertahankn kjaan perpaduan MADANI 🇲🇾,,https://www.tiktok.com/@lespepitespolitiques/video/7086171248736161030,7086171248736161030,neutral,2026-05-29T18:55:20.897782,6,0,0,0,0.0,6,
tiktok,comment,7086171248736161030_comment_1,ni hal parti pn...bior la drang kasi settle kan...orang UMNO ph tak payah la kita campur,,https://www.tiktok.com/@lespepitespolitiques/video/7086171248736161030,7086171248736161030,neutral,2026-05-29T18:55:20.897811,5,0,0,0,0.0,5,
tiktok,comment,7645078655109975316_comment_0,ayuh Rakyat Malaysia 🇲🇾 kuasakn diri pertahankn kjaan perpaduan MADANI 🇲🇾,,https://www.tiktok.com/@xin_huan77/video/7645078655109975316,7645078655109975316,neutral,2026-05-29T18:55:21.204725,6,0,0,0,0.0,6,
tiktok,comment,7645078655109975316_comment_1,ni hal parti pn...bior la drang kasi settle kan...orang UMNO ph tak payah la kita campur,,https://www.tiktok.com/@xin_huan77/video/7645078655109975316,7645078655109975316,neutral,2026-05-29T18:55:21.204755,5,0,0,0,0.0,5,
tiktok,comment,7407379160110206214_comment_0,ayuh Rakyat Malaysia 🇲🇾 kuasakn diri pertahankn kjaan perpaduan MADANI 🇲🇾,,https://www.tiktok.com/@hyra163/video/7407379160110206214,7407379160110206214,neutral,2026-05-29T18:55:21.521220,6,0,0,0,0.0,6,
tiktok,comment,7407379160110206214_comment_1,ni hal parti pn...bior la drang kasi settle kan...orang UMNO ph tak payah la kita campur,,https://www.tiktok.com/@hyra163/video/7407379160110206214,7407379160110206214,neutral,2026-05-29T18:55:21.521249,5,0,0,0,0.0,5,
tiktok,comment,7642574677830864149_comment_0,ayuh Rakyat Malaysia 🇲🇾 kuasakn diri pertahankn kjaan perpaduan MADANI 🇲🇾,,https://www.tiktok.com/@leesally5685/video/7642574677830864149,7642574677830864149,neutral,2026-05-29T18:55:21.844893,6,0,0,0,0.0,6,
tiktok,comment,7642574677830864149_comment_1,ni hal parti pn...bior la drang kasi settle kan...orang UMNO ph tak payah la kita campur,,https://www.tiktok.com/@leesally5685/video/7642574677830864149,7642574677830864149,neutral,2026-05-29T18:55:21.844913,5,0,0,0,0.0,5,
tiktok,comment,7642632905058946325_comment_0,ayuh Rakyat Malaysia 🇲🇾 kuasakn diri pertahankn kjaan perpaduan MADANI 🇲🇾,,https://www.tiktok.com/@aliffaiman047/video/7642632905058946325,7642632905058946325,neutral,2026-05-29T18:55:22.150257,6,0,0,0,0.0,6,
tiktok,comment,7642632905058946325_comment_1,ni hal parti pn...bior la drang kasi settle kan...orang UMNO ph tak payah la kita campur,,https://www.tiktok.com/@aliffaiman047/video/7642632905058946325,7642632905058946325,neutral,2026-05-29T18:55:22.150265,5,0,0,0,0.0,5,
tiktok,comment,7644903664766815509_comment_0,ayuh Rakyat Malaysia 🇲🇾 kuasakn diri pertahankn kjaan perpaduan MADANI 🇲🇾,,https://www.tiktok.com/@meif4ever/video/7644903664766815509,7644903664766815509,neutral,2026-05-29T18:55:22.478077,6,0,0,0,0.0,6,
tiktok,comment,7644903664766815509_comment_1,ni hal parti pn...bior la drang kasi settle kan...orang UMNO ph tak payah la kita campur,,https://www.tiktok.com/@meif4ever/video/7644903664766815509,7644903664766815509,neutral,2026-05-29T18:55:22.478089,5,0,0,0,0.0,5,
tiktok,comment,7463455585908919574_comment_0,ayuh Rakyat Malaysia 🇲🇾 kuasakn diri pertahankn kjaan perpaduan MADANI 🇲🇾,,https://www.tiktok.com/@philduchobut/video/7463455585908919574,7463455585908919574,neutral,2026-05-29T18:55:22.799898,6,0,0,0,0.0,6,
tiktok,comment,7463455585908919574_comment_1,ni hal parti pn...bior la drang kasi settle kan...orang UMNO ph tak payah la kita campur,,https://www.tiktok.com/@philduchobut/video/7463455585908919574,7463455585908919574,neutral,2026-05-29T18:55:22.799926,5,0,0,0,0.0,5,
tiktok,comment,7642920980200836370_comment_0,ayuh Rakyat Malaysia 🇲🇾 kuasakn diri pertahankn kjaan perpaduan MADANI 🇲🇾,,https://www.tiktok.com/@malaysia.insight/video/7642920980200836370,7642920980200836370,neutral,2026-05-29T18:55:23.144777,6,0,0,0,0.0,6,
tiktok,comment,7642920980200836370_comment_1,ni hal parti pn...bior la drang kasi settle kan...orang UMNO ph tak payah la kita campur,,https://www.tiktok.com/@malaysia.insight/video/7642920980200836370,7642920980200836370,neutral,2026-05-29T18:55:23.144796,5,0,0,0,0.0,5,
tiktok,comment,7641570636896292114_comment_0,ayuh Rakyat Malaysia 🇲🇾 kuasakn diri pertahankn kjaan perpaduan MADANI 🇲🇾,,https://www.tiktok.com/@skuadaps/video/7641570636896292114,7641570636896292114,neutral,2026-05-29T18:55:23.469471,6,0,0,0,0.0,6,
tiktok,comment,7641570636896292114_comment_1,ni hal parti pn...bior la drang kasi settle kan...orang UMNO ph tak payah la kita campur,,https://www.tiktok.com/@skuadaps/video/7641570636896292114,7641570636896292114,neutral,2026-05-29T18:55:23.469483,5,0,0,0,0.0,5,
tiktok,comment,7644967060786777365_comment_0,ayuh Rakyat Malaysia 🇲🇾 kuasakn diri pertahankn kjaan perpaduan MADANI 🇲🇾,,https://www.tiktok.com/@meif4ever/video/7644967060786777365,7644967060786777365,neutral,2026-05-29T18:55:23.771027,6,0,0,0,0.0,6,
tiktok,comment,7644967060786777365_comment_1,ni hal parti pn...bior la drang kasi settle kan...orang UMNO ph tak payah la kita campur,,https://www.tiktok.com/@meif4ever/video/7644967060786777365,7644967060786777365,neutral,2026-05-29T18:55:23.771046,5,0,0,0,0.0,5,
tiktok,comment,7518184649915419909_comment_0,ayuh Rakyat Malaysia 🇲🇾 kuasakn diri pertahankn kjaan perpaduan MADANI 🇲🇾,,https://www.tiktok.com/@riyannorick/video/7518184649915419909,7518184649915419909,neutral,2026-05-29T18:55:24.212312,6,0,0,0,0.0,6,
tiktok,comment,7518184649915419909_comment_1,ni hal parti pn...bior la drang kasi settle kan...orang UMNO ph tak payah la kita campur,,https://www.tiktok.com/@riyannorick/video/7518184649915419909,7518184649915419909,neutral,2026-05-29T18:55:24.212330,5,0,0,0,0.0,5,
tiktok,comment,7167444066878197019_comment_0,ayuh Rakyat Malaysia 🇲🇾 kuasakn diri pertahankn kjaan perpaduan MADANI 🇲🇾,,https://www.tiktok.com/@strawberryana._/video/7167444066878197019,7167444066878197019,neutral,2026-05-29T18:55:24.521002,6,0,0,0,0.0,6,
tiktok,comment,7167444066878197019_comment_1,ni hal parti pn...bior la drang kasi settle kan...orang UMNO ph tak payah la kita campur,,https://www.tiktok.com/@strawberryana._/video/7167444066878197019,7167444066878197019,neutral,2026-05-29T18:55:24.521028,5,0,0,0,0.0,5,
tiktok,comment,7307531332769369350_comment_0,ayuh Rakyat Malaysia 🇲🇾 kuasakn diri pertahankn kjaan perpaduan MADANI 🇲🇾,,https://www.tiktok.com/@mamadifaaaa/video/7307531332769369350,7307531332769369350,neutral,2026-05-29T18:55:24.828826,6,0,0,0,0.0,6,
tiktok,comment,7307531332769369350_comment_1,ni hal parti pn...bior la drang kasi settle kan...orang UMNO ph tak payah la kita campur,,https://www.tiktok.com/@mamadifaaaa/video/7307531332769369350,7307531332769369350,neutral,2026-05-29T18:55:24.828845,5,0,0,0,0.0,5,
tiktok,comment,7643658475909827858_comment_0,ayuh Rakyat Malaysia 🇲🇾 kuasakn diri pertahankn kjaan perpaduan MADANI 🇲🇾,,https://www.tiktok.com/@cikhayati08/video/7643658475909827858,7643658475909827858,neutral,2026-05-29T18:55:25.139047,6,0,0,0,0.0,6,
tiktok,comment,7643658475909827858_comment_1,ni hal parti pn...bior la drang kasi settle kan...orang UMNO ph tak payah la kita campur,,https://www.tiktok.com/@cikhayati08/video/7643658475909827858,7643658475909827858,neutral,2026-05-29T18:55:25.139078,5,0,0,0,0.0,5,
tiktok,comment,7643821596058209554_comment_0,ayuh Rakyat Malaysia 🇲🇾 kuasakn diri pertahankn kjaan perpaduan MADANI 🇲🇾,,https://www.tiktok.com/@pejuang_kehidupan06/video/7643821596058209554,7643821596058209554,neutral,2026-05-29T18:55:25.445315,6,0,0,0,0.0,6,
tiktok,comment,7643821596058209554_comment_1,ni hal parti pn...bior la drang kasi settle kan...orang UMNO ph tak payah la kita campur,,https://www.tiktok.com/@pejuang_kehidupan06/video/7643821596058209554,7643821596058209554,neutral,2026-05-29T18:55:25.445343,5,0,0,0,0.0,5,
tiktok,comment,7644084998579981589_comment_0,ayuh Rakyat Malaysia 🇲🇾 kuasakn diri pertahankn kjaan perpaduan MADANI 🇲🇾,,https://www.tiktok.com/@tzpintugeng/video/7644084998579981589,7644084998579981589,neutral,2026-05-29T18:55:25.751262,6,0,0,0,0.0,6,
tiktok,comment,7644084998579981589_comment_1,ni hal parti pn...bior la drang kasi settle kan...orang UMNO ph tak payah la kita campur,,https://www.tiktok.com/@tzpintugeng/video/7644084998579981589,7644084998579981589,neutral,2026-05-29T18:55:25.751274,5,0,0,0,0.0,5,
tiktok,comment,7638455816122633492_comment_0,ayuh Rakyat Malaysia 🇲🇾 kuasakn diri pertahankn kjaan perpaduan MADANI 🇲🇾,,https://www.tiktok.com/@ceosrijayabersatuholding/video/7638455816122633492,7638455816122633492,neutral,2026-05-29T18:55:26.080602,6,0,0,0,0.0,6,
tiktok,comment,7638455816122633492_comment_1,ni hal parti pn...bior la drang kasi settle kan...orang UMNO ph tak payah la kita campur,,https://www.tiktok.com/@ceosrijayabersatuholding/video/7638455816122633492,7638455816122633492,neutral,2026-05-29T18:55:26.080620,5,0,0,0,0.0,5,
tiktok,comment,7642564399173094676_comment_0,ayuh Rakyat Malaysia 🇲🇾 kuasakn diri pertahankn kjaan perpaduan MADANI 🇲🇾,,https://www.tiktok.com/@leesally5685/video/7642564399173094676,7642564399173094676,neutral,2026-05-29T18:55:26.397331,6,0,0,0,0.0,6,
tiktok,comment,7642564399173094676_comment_1,ni hal parti pn...bior la drang kasi settle kan...orang UMNO ph tak payah la kita campur,,https://www.tiktok.com/@leesally5685/video/7642564399173094676,7642564399173094676,neutral,2026-05-29T18:55:26.397367,5,0,0,0,0.0,5,
tiktok,comment,7638966650473090311_comment_0,ayuh Rakyat Malaysia 🇲🇾 kuasakn diri pertahankn kjaan perpaduan MADANI 🇲🇾,,https://www.tiktok.com/@whatsupmalaysia118/video/7638966650473090311,7638966650473090311,neutral,2026-05-29T18:55:26.709409,6,0,0,0,0.0,6,
tiktok,comment,7638966650473090311_comment_1,ni hal parti pn...bior la drang kasi settle kan...orang UMNO ph tak payah la kita campur,,https://www.tiktok.com/@whatsupmalaysia118/video/7638966650473090311,7638966650473090311,neutral,2026-05-29T18:55:26.709435,5,0,0,0,0.0,5,
tiktok,comment,7408311690804071712_comment_0,ayuh Rakyat Malaysia 🇲🇾 kuasakn diri pertahankn kjaan perpaduan MADANI 🇲🇾,,https://www.tiktok.com/@sergiuursucsg/video/7408311690804071712,7408311690804071712,neutral,2026-05-29T18:55:27.019745,6,0,0,0,0.0,6,
tiktok,comment,7408311690804071712_comment_1,ni hal parti pn...bior la drang kasi settle kan...orang UMNO ph tak payah la kita campur,,https://www.tiktok.com/@sergiuursucsg/video/7408311690804071712,7408311690804071712,neutral,2026-05-29T18:55:27.019776,5,0,0,0,0.0,5,
tiktok,comment,7639633719170534664_comment_0,ayuh Rakyat Malaysia 🇲🇾 kuasakn diri pertahankn kjaan perpaduan MADANI 🇲🇾,,https://www.tiktok.com/@_.xzimmmm/video/7639633719170534664,7639633719170534664,neutral,2026-05-29T18:55:27.348205,6,0,0,0,0.0,6,
tiktok,comment,7639633719170534664_comment_1,ni hal parti pn...bior la drang kasi settle kan...orang UMNO ph tak payah la kita campur,,https://www.tiktok.com/@_.xzimmmm/video/7639633719170534664,7639633719170534664,neutral,2026-05-29T18:55:27.348236,5,0,0,0,0.0,5,
tiktok,comment,7639389255952911637_comment_0,ayuh Rakyat Malaysia 🇲🇾 kuasakn diri pertahankn kjaan perpaduan MADANI 🇲🇾,,https://www.tiktok.com/@pahmipahmi329/video/7639389255952911637,7639389255952911637,neutral,2026-05-29T18:55:27.678855,6,0,0,0,0.0,6,
tiktok,comment,7639389255952911637_comment_1,ni hal parti pn...bior la drang kasi settle kan...orang UMNO ph tak payah la kita campur,,https://www.tiktok.com/@pahmipahmi329/video/7639389255952911637,7639389255952911637,neutral,2026-05-29T18:55:27.678882,5,0,0,0,0.0,5,
tiktok,comment,7482364301085363478_comment_0,ayuh Rakyat Malaysia 🇲🇾 kuasakn diri pertahankn kjaan perpaduan MADANI 🇲🇾,,https://www.tiktok.com/@gyogytornasz_szemmel/video/7482364301085363478,7482364301085363478,neutral,2026-05-29T18:55:28.021066,6,0,0,0,0.0,6,
tiktok,comment,7482364301085363478_comment_1,ni hal parti pn...bior la drang kasi settle kan...orang UMNO ph tak payah la kita campur,,https://www.tiktok.com/@gyogytornasz_szemmel/video/7482364301085363478,7482364301085363478,neutral,2026-05-29T18:55:28.021090,5,0,0,0,0.0,5,
