Platform,Type,ID,Text,URL,Parent_Post_URL,Parent_Post_ID,Sentiment,Date,likes,shares,comments_count,views,sentiment_score,total_engagement,engagement_score,author,author_followers,sentiment_label,sentiment_confidence,detected_language,demographic,emotion_primary,emotion_anger,emotion_fear,emotion_happy,emotion_sadness,emotion_love,emotion_surprise
instagram,post,3907390577465431415,"Musim perayaan dan cuti persekolahan ini, ramai rakyat mengambil peluang untuk pulang ke kampung bertemu ibu bapa, sanak saudara dan mengeratkan silaturahim.

Dalam keadaan kos perjalanan yang masih menjadi pertimbangan sebahagian keluarga, inisiatif BUDI MADANI sedikit sebanyak membantu meringankan beban rakyat yang memerlukan. Bantuan yang disalurkan bukan sekadar angka, tetapi memberi ruang kepada keluarga untuk meneruskan kehidupan dengan lebih tenang dan merancang perjalanan pulang dengan lebih yakin.

Kerajaan MADANI terus berusaha memastikan bantuan yang bersasar dapat dinikmati oleh golongan yang benar-benar memerlukan agar manfaat pembangunan dapat dirasai secara lebih adil dan menyeluruh.

Bersama-sama kita mengeratkan hubungan kekeluargaan dan memperkukuh semangat kebersamaan dalam kalangan rakyat Malaysia.

#TaatSetia
#MADANIBekerja
#JKOMBersamaRakyat 
#MalaysiaMADANI
#BUDI95",https://www.instagram.com/p/DY51wcoiRV3/,,,positive,2026-05-29 01:14:36+00:00,8,0,2,0,0.9994051575660705,10,14.0,,,positive,0.9980171918869019,malay,Malay/Bumiputera,happy,0.028454333543777466,0.054743681102991104,0.8136701583862305,0.01175344455987215,0.032874688506126404,0.014702697284519672
instagram,comment,17917092189383235,不懂新政策卻懂得用budi95😂,,https://www.instagram.com/p/DY51wcoiRV3/,DY51wcoiRV3,neutral,2026-05-29 02:10:32+00:00,0,0,0,0,0.5,0,,,0.0,neutral,0.7677441239356995,english,Mixed/Urban,surprise,0.0282874945551157,0.20821331441402435,0.019109612330794334,0.051066286861896515,0.037997230887413025,0.5555756092071533
instagram,comment,18089981318203523,不用废话多多 罚就对了 管你好赌的爸生病的妈 bla bla bla 罚款照收,,https://www.instagram.com/p/DY51wcoiRV3/,DY51wcoiRV3,negative,2026-05-29 02:03:36+00:00,0,0,0,0,0.028807036578655243,0,,,0.0,negative,0.9039765447378159,multilingual,Unknown,sadness,0.040055181831121445,0.03746797516942024,0.00844357255846262,0.8330031037330627,0.04120323061943054,0.020324915647506714
instagram,comment,18075455324293849,妈的不懂? 这个 rule 已经很久了，装傻,,https://www.instagram.com/p/DY51wcoiRV3/,DY51wcoiRV3,negative,2026-05-29 01:37:19+00:00,0,0,0,0,0.1698551282286644,0,,,0.0,negative,0.43381623923778534,multilingual,Unknown,surprise,0.0331755205988884,0.09106931835412979,0.0156415943056345,0.10153473168611526,0.22066563367843628,0.4157818853855133
instagram,comment,18096199868585307,不可能。。是在做戏。你不是三岁小孩！！,,https://www.instagram.com/p/DY51wcoiRV3/,DY51wcoiRV3,negative,2026-05-29 01:25:28+00:00,0,0,0,0,0.03708574175834656,0,,,0.0,negative,0.8763808608055115,multilingual,Unknown,surprise,0.04477033391594887,0.21361301839351654,0.017589667811989784,0.05500771105289459,0.03144211694598198,0.49407291412353516
instagram,comment,17973996675027922,如不被人发现你会补❌價我不信！,,https://www.instagram.com/p/DY51wcoiRV3/,DY51wcoiRV3,negative,2026-05-29 00:57:00+00:00,0,0,0,0,0.029664579033851612,0,,,0.0,negative,0.9011180698871613,multilingual,Unknown,fear,0.1267579048871994,0.42279526591300964,0.018839018419384956,0.262442409992218,0.06809226423501968,0.0651126354932785
instagram,post,3907050738036519290,"早前在社交媒体闹得沸沸扬扬，新加坡注册轿车在巴莪休息站违规添加RON95津贴汽油事件，事主坦承，这是一起因久未回国、不熟悉新津贴政策而引发的误会，

事主艾尔文今日透过《东方日报》做出澄清，强调自己绝非不负责任之人，在发现错误后，已于当下第一时间主动前往油站柜台补缴RON97汽油的差价。

他说，网络上的单方面指控与新闻报导已严重影响了他在新加坡的工作、新加坡籍太太的生活，甚至连累在大马的无辜家人遭到亲友指指点点。为了保护家人安全并导正视听，他决定站出来还原当天的真实经过。

#东方日报 #BUDI95 #orientaldailynews #东方online",https://www.instagram.com/p/DY4ofIgGDF6/,,,neutral,2026-05-28 13:59:25+00:00,412,0,34,0,0.5,446,514.0,,,neutral,0.815674901008606,english,Mixed/Urban,anger,0.587522566318512,0.02343057654798031,0.051859114319086075,0.07209450006484985,0.12306849658489227,0.01529572531580925
instagram,comment,18080499797443297,TMD PUKIMXK PKHKC 这些杂种新加坡狗一直以为它们自己很ATAS酱，但是RON97青油它们又打不起！整天要偷打我们的BUDI95津贴油，现在又说这些政策它不懂。真的以为我们的政府是LULU。。。,,https://www.instagram.com/p/DY4ofIgGDF6/,DY4ofIgGDF6,neutral,2026-05-29 00:51:51+00:00,0,0,0,0,0.5,0,,,0.0,neutral,0.8295772671699524,english,Mixed/Urban,love,0.1286100596189499,0.13771560788154602,0.02369394153356552,0.08369804918766022,0.5233670473098755,0.041288696229457855
instagram,comment,18024855320656245,又是Mercedes 的车主？？？,,https://www.instagram.com/p/DY4ofIgGDF6/,DY4ofIgGDF6,negative,2026-05-29 00:51:15+00:00,0,0,0,0,0.13368151634931563,0,,,0.0,negative,0.5543949455022812,multilingual,Unknown,no_clear_emotion,0.015305568464100361,0.017997855320572853,0.018724584951996803,0.024397635832428932,0.0542670302093029,0.2954779267311096
instagram,comment,18095289653521445,你是古代人咩？这些新闻早就街知巷闻了你装不了解哈哈哈,,https://www.instagram.com/p/DY4ofIgGDF6/,DY4ofIgGDF6,negative,2026-05-28 23:49:44+00:00,0,0,0,0,0.09039163291454314,0,,,0.0,negative,0.6986945569515228,multilingual,Unknown,surprise,0.016588173806667328,0.06838419288396835,0.012908299453556538,0.05360351875424385,0.06561295688152313,0.715214729309082
instagram,comment,18081040682171676,如果笨到不了解就證明根本沒能力開車，而且還買奔馳😂😂😂😂,,https://www.instagram.com/p/DY4ofIgGDF6/,DY4ofIgGDF6,negative,2026-05-28 23:44:19+00:00,0,0,0,0,0.07282130420207977,0,,,0.0,negative,0.7572623193264008,multilingual,Unknown,fear,0.19621217250823975,0.23335164785385132,0.02142556570470333,0.17311148345470428,0.030372073873877525,0.21777483820915222
instagram,comment,18055386851754660,😂😂😂😂😂誰認你太太呀？誰認識你家人啊？誰認識你祖宗10八代啊？ 自己沒腦就好啦，怎麼把家裡人搬出來講呢？,,https://www.instagram.com/p/DY4ofIgGDF6/,DY4ofIgGDF6,negative,2026-05-28 23:07:02+00:00,0,0,0,0,0.06310904771089554,0,,,0.0,negative,0.7896365076303482,multilingual,Unknown,love,0.03617854043841362,0.01793692633509636,0.016464974731206894,0.07044939696788788,0.7795877456665039,0.033788323402404785
instagram,post,3906899933194546073,"Cust: ""Mokcu, saya nak...""
Mokcu: ""Siaappp! Semua boleh!"" 😎 Ready, set, go!

Nak pos? Mokcu bungkus kaw²! 📦
Nak COD? Mokcu hantar sampai depan pintu! 🚗💨. #Budi95 Mokcu banyak lagikkkk 😆😆...so jangan ghisau free delivery charges, Mokcu 🌂, 

Bagi yang nak restock tapi minta hantar lepas raya nanti? Don't worry gak, Mokcu hold siap² ikat tepi buat uolls. Kadang tu ada yang terfikir eh Mokcu ada tak kat Melaka eh. Tak kisahlah macam mana cara pun, Mokcu akan pastikan Mokcu sentiasa bersedia untuk serve kesayangan Mokcu kesemuanya dengan servis paling tiptop! 

So jangan malu², holla hello Mokcu jak 🆗? 
Kasi roger jer... nak PM, DM, Messenger, atau call, semua Mokcu onz!",https://www.instagram.com/p/DY4GMojDuuZ/,,,negative,2026-05-28 08:59:47+00:00,0,0,0,0,0.0005073666572570912,0,0.0,,,negative,0.9983087778091431,malay,Malay/Bumiputera,love,0.0698430985212326,0.0836385115981102,0.029466470703482628,0.06770262867212296,0.6380419731140137,0.0588185153901577
instagram,comment,18002048807936244,😂😂😂太假了,,https://www.instagram.com/p/DY4GMojDuuZ/,DY4GMojDuuZ,positive,2026-05-28 23:01:44+00:00,0,0,0,0,0.835334950685501,0,,,0.0,positive,0.45111650228500366,multilingual,Unknown,love,0.07658452540636063,0.031345609575510025,0.037232205271720886,0.05594918131828308,0.4136463701725006,0.05875806137919426
instagram,comment,18213399889334797,補價？？？？賠罰吧,,https://www.instagram.com/p/DY4GMojDuuZ/,DY4GMojDuuZ,negative,2026-05-28 18:40:18+00:00,0,0,0,0,0.04660854488611221,0,,,0.0,negative,0.8446381837129593,multilingual,Unknown,no_clear_emotion,0.08538290858268738,0.020076211541891098,0.04494934156537056,0.048571743071079254,0.32192355394363403,0.028190001845359802
instagram,comment,18094700401969678,Lanjiao啦，新加坡人每次进来打便宜的油，他们最清楚了，哪里可能不懂😂🤡🤓😏🤪ACT🤡,,https://www.instagram.com/p/DY4GMojDuuZ/,DY4GMojDuuZ,neutral,2026-05-28 18:31:54+00:00,0,0,0,0,0.5,0,,,0.0,neutral,0.7562809586524963,english,Mixed/Urban,love,0.04011106491088867,0.042404431849718094,0.04948270693421364,0.028454359620809555,0.7413453459739685,0.03742946311831474
instagram,comment,17964159852066088,"不懂新政策，却又知道津贴汽油只属于马来西亚人的？哪好像讲不通哦？ 不过，快快认错赔钱，是最便宜的惩罚…
…
如果闹大了，警察上门就不是小事了。
…
行情不好，大家心情更不好…没事都找事来吵了…而这种汽油的事情，更是拿着license来怼别人的，没有人会放过你的…
…
至新加坡人的一句话，RON97也不错，别为了省那一点点钱，得不偿失的！连泰国人都没有要偷偷来马来西亚打油，哪新加坡人…别输给泰国人啦！",,https://www.instagram.com/p/DY4GMojDuuZ/,DY4GMojDuuZ,neutral,2026-05-28 17:34:50+00:00,0,0,0,0,0.5,0,,,0.0,neutral,0.7930775284767151,english,Mixed/Urban,sadness,0.04162449762225151,0.08486881107091904,0.008522730320692062,0.805850088596344,0.019520236179232597,0.024734651669859886
instagram,comment,18030138071810847,煽了两巴掌然后再说对不起OK啦！,,https://www.instagram.com/p/DY4GMojDuuZ/,DY4GMojDuuZ,positive,2026-05-28 17:26:40+00:00,0,0,0,0,0.8108874335885048,0,,,0.0,positive,0.3696247786283493,multilingual,Unknown,no_clear_emotion,0.1386335790157318,0.025538509711623192,0.043049853295087814,0.1344071924686432,0.2570137679576874,0.0382472425699234
instagram,post,3906871537950990989,"📢 INFO TERKINI HARGA MINYAK

Bagi tempoh 28 Mei hingga 03 Jun 2026👇🏻 

⛽ RON97 : RM4.65 seliter
⛽ RON95 tanpa subsidi : RM3.92 seliter
⛽ RON95 bersubsidi (BUDI95) : RM1.99 seliter
⛽ Petrol bersubsidi (SKPS) : RM2.05 seliter
⛽ Diesel Semenanjung Malaysia : RM4.87 seliter
⛽ Diesel bersubsidi (SKDS) : RM2.15 seliter
⛽ Diesel Sabah & Sarawak : RM2.15 seliter
Sumber: Kementerian Kewangan
Kerajaan akan terus memantau rapi perkembangan pasaran dan menyelaras harga petroleum bagi memastikan kestabilan harga serta kesejahteraan rakyat.

#MalaysiaMADANI #MADANIBekerja 
#BUDI95 #BUDIDiesel
#Pahang1st",https://www.instagram.com/p/DY3_vbapyKN/,,,neutral,2026-05-28 08:03:35+00:00,1,0,0,0,0.5,1,1.0,,,neutral,0.9977200627326965,malay,Malay/Bumiputera,no_clear_emotion,0.15740343928337097,0.06019822880625725,0.21526873111724854,0.04476586729288101,0.124691441655159,0.03460637480020523
instagram,comment,18092137442193419,Together is the best place to be,,https://www.instagram.com/p/DY3_vbapyKN/,DY3_vbapyKN,positive,2026-05-29 01:33:34+00:00,0,0,0,0,0.9873302996158599,0,,,0.0,positive,0.9577676653862,english,Mixed/Urban,happy,0.028400884941220284,0.048864930868148804,0.7103899121284485,0.014639976434409618,0.14424744248390198,0.030119579285383224
instagram,comment,18445409722143548,Alhamdulillah,,https://www.instagram.com/p/DY3_vbapyKN/,DY3_vbapyKN,neutral,2026-05-29 00:58:34+00:00,0,0,0,0,0.5,0,,,0.0,neutral,0.6396102905273438,english,Mixed/Urban,no_clear_emotion,0.07745636254549026,0.08687907457351685,0.2357417643070221,0.0447528213262558,0.18604931235313416,0.067743681371212
instagram,post,3906866414515792818,"HARGA PETROL & DIESEL TURUN, RAKYAT TERUS MENIKMATI SUBSIDI BERSASAR

Berita baik buat rakyat Malaysia apabila harga petrol RON95, RON97 dan diesel kembali mencatat penurunan antara 10 hingga 20 sen seliter bagi tempoh 28 Mei hingga 3 Jun 2026 susulan penurunan harga minyak dunia menerusi Mekanisme Harga Automatik (APM).

Walaupun situasi global masih tidak menentu akibat konflik di Asia Barat serta gangguan pengeluaran minyak antarabangsa, Kerajaan MADANI terus komited memastikan kebajikan rakyat sentiasa terpelihara melalui pelaksanaan subsidi bersasar seperti BUDI95.

Lebih 14 juta rakyat terus menikmati harga RON95 bersubsidi pada kadar RM1.99 seliter bagi membantu mengurangkan beban kos sara hidup harian.

#MalaysiaMADANI
#BUDI95
#MCN
#McnTerengganu 
#InfoSemasa",https://www.instagram.com/p/DY3-k32Hiuy/,,,negative,2026-05-28 07:53:13+00:00,1,0,0,0,0.0005042731761932262,1,1.0,,,negative,0.9983190894126892,malay,Malay/Bumiputera,anger,0.411202996969223,0.3776143193244934,0.06511859595775604,0.04126012325286865,0.028107162564992905,0.023780612275004387
instagram,comment,18107921035934116,👏👏👏,,https://www.instagram.com/p/DY3-k32Hiuy/,DY3-k32Hiuy,positive,2026-05-28 09:26:13+00:00,0,0,0,0,0.8714138269424438,0,,,0.0,positive,0.5713794231414795,multilingual,Unknown,no_clear_emotion,0.10564210265874863,0.1171923577785492,0.14879396557807922,0.09062358736991882,0.20501531660556793,0.10226117074489594
instagram,comment,18083014598429775,❤️,,https://www.instagram.com/p/DY3-k32Hiuy/,DY3-k32Hiuy,positive,2026-05-28 08:24:19+00:00,0,0,0,0,0.8714138269424438,0,,,0.0,positive,0.5713794231414795,multilingual,Unknown,love,0.15282778441905975,0.08457757532596588,0.08897238224744797,0.054135002195835114,0.28777986764907837,0.10141012817621231
instagram,comment,17954692011133316,Alhamdullilah,,https://www.instagram.com/p/DY3-k32Hiuy/,DY3-k32Hiuy,neutral,2026-05-28 08:09:42+00:00,0,0,0,0,0.5,0,,,0.0,neutral,0.6297087073326111,english,Mixed/Urban,love,0.07432812452316284,0.04143141582608223,0.23118062317371368,0.02377133071422577,0.41687434911727905,0.022111954167485237
instagram,comment,17943242199029855,Alhamdulillah,,https://www.instagram.com/p/DY3-k32Hiuy/,DY3-k32Hiuy,neutral,2026-05-28 08:02:37+00:00,0,0,0,0,0.5,0,,,0.0,neutral,0.6396102905273438,english,Mixed/Urban,no_clear_emotion,0.07745636254549026,0.08687907457351685,0.2357417643070221,0.0447528213262558,0.18604931235313416,0.067743681371212
instagram,post,3906804519003552343,"While global conflicts keep oil markets volatile, Malaysia officially ranks as the second cheapest country for RON 95 petrol in ASEAN! Even with the new targeted subsidy system, regular citizens with a valid MyKad and driving licence can comfortably lock in the cheap RM1.99 a litre rate for up to 200 litres a month.

Meanwhile, Singaporean motorists are facing an eye-watering RM12.07 a litre for diesel, the highest number on the entire regional board. Filling up a standard 50-litre tank over there will literally cost you over RM600! 

Does seeing how much our neighbors pay make you feel a bit better about our current targeted subsidy system, or do you think policy management still needs a fix? Drop your thoughts below! 

Check out the full article on our website. Link in bio.

#BUDIMadani #BUDI95 #Malaysia",https://www.instagram.com/p/DY3wgLKGPpX/,,,neutral,2026-05-28 05:50:13+00:00,1,0,0,0,0.5,1,1.0,,,neutral,0.6181169152259827,english,Mixed/Urban,happy,0.015462991781532764,0.055555954575538635,0.8545874953269958,0.012197071686387062,0.027711300179362297,0.0210664514452219
instagram,comment,18394183594082621,"现代人手机24小时不离身的 人就算在海外生活 都可以看到网上新闻跟消息。就算没看到新闻 家里人跟朋友都会聊几句8 2下咯。有没有补贴又知道如何用。
后面知道会被罚款大数儿 才快快去补差价 想当没一回事吧 😅",,https://www.instagram.com/p/DY3wgLKGPpX/,DY3wgLKGPpX,negative,2026-05-28 16:58:53+00:00,0,0,0,0,0.057897980511188496,0,,,0.0,negative,0.8070067316293716,multilingual,Unknown,surprise,0.05203789845108986,0.16790711879730225,0.019613852724432945,0.07276072353124619,0.15874835848808289,0.3756446838378906
instagram,comment,18083638985428789,这话一说开始怀疑新加坡人是不是都是井底之蛙还是都是低B,,https://www.instagram.com/p/DY3wgLKGPpX/,DY3wgLKGPpX,negative,2026-05-28 16:31:43+00:00,0,0,0,0,0.1010433107614517,0,,,0.0,negative,0.6631889641284943,multilingual,Unknown,surprise,0.041598591953516006,0.12186101078987122,0.021970707923173904,0.05476925149559975,0.025521041825413704,0.5370925068855286
instagram,comment,18092278193253609,假假在那边,,https://www.instagram.com/p/DY3wgLKGPpX/,DY3wgLKGPpX,positive,2026-05-28 16:30:22+00:00,0,0,0,0,0.8087053447961807,0,,,0.0,positive,0.3623511493206024,multilingual,Unknown,love,0.1765546351671219,0.07491704076528549,0.1119723692536354,0.03950297087430954,0.38041362166404724,0.033800434321165085
instagram,post,3906773442508590614,"HARGA PETROL DAN DIESEL TURUN, SUBSIDI BERSASAR TERUS DIPERKUKUH

Harga petrol RON95, RON97 dan diesel masing-masing turun antara 10 hingga 20 sen seliter bagi tempoh 28 Mei hingga 3 Jun susulan penurunan harga pasaran antarabangsa menerusi Mekanisme Harga Automatik (APM), iaitu sistem penetapan harga bahan api berdasarkan perubahan harga minyak dunia.

Bagaimanapun, Kementerian Kewangan memaklumkan pasaran petroleum global masih tidak menentu susulan konflik berpanjangan di Asia Barat serta gangguan kemudahan pengeluaran minyak. Dalam masa sama, Kerajaan MADANI terus mengekalkan subsidi bersasar termasuk BUDI95 bagi membantu meringankan kos sara hidup rakyat.

Lebih 14 juta penerima terus menikmati subsidi RON95 pada harga RM1.99 seliter, selain rakyat disaran menggunakan bahan api secara lebih berhemah melalui perancangan perjalanan yang lebih cekap demi memastikan bekalan negara kekal terjamin.

#MyCommunityNews 
#MCN
#HargaMinyak
#BUDI95
#SubsidiBersasar",https://www.instagram.com/p/DY3pb86p44W/,,,negative,2026-05-28 04:48:30+00:00,15,0,6,0,0.11293196082115173,21,33.0,,,negative,0.6235601305961609,malay,Malay/Bumiputera,fear,0.3093946874141693,0.418717622756958,0.08091074973344803,0.03206755965948105,0.03171221911907196,0.03953174874186516
instagram,comment,18063113687465209,那么大的政策会不知道😂骗谁？都很明显有人上前去告知、主犯的态度非常明显是知道的所以在辩解😂骗三岁小孩就行,,https://www.instagram.com/p/DY3pb86p44W/,DY3pb86p44W,negative,2026-05-28 15:58:29+00:00,0,0,0,0,0.094589826464653,0,,,0.0,negative,0.6847005784511566,multilingual,Unknown,love,0.03873681649565697,0.050225578248500824,0.020124521106481552,0.02115233615040779,0.5630455017089844,0.09337488561868668
instagram,comment,17922872931350753,"怕被判罚大钱，却编个理由说不知道🤷‍♀️你当我国法律是什么，随随便便一句话就可以化解的啊，若国法这次真的给他逃过这一劫，选择原谅的话，那就会被其他国的国人说我国法律不严，只要道歉补上就可以化解危机，那也照成外国人看待我国法律不严谨，而丢了国际上的颜面……应该学学新加坡，立国立法都严刑惩罚……不能以做错事道歉了事~而是要杀鸡儆猴的去严厉打击这些抱有侥幸之心的不法之徒，破坏我国宪法的规矩
即使赶紧补上差价，那也应该同样的执法，以宪法为准，进行判决~宪法不严，人人抱有侥幸心理，国家就天下大乱了",,https://www.instagram.com/p/DY3pb86p44W/,DY3pb86p44W,negative,2026-05-28 15:56:54+00:00,0,0,0,0,0.02638814002275469,0,,,0.0,negative,0.9120395332574844,multilingual,Unknown,anger,0.775446355342865,0.09319007396697998,0.03977683559060097,0.03306325152516365,0.024255895987153053,0.010095912963151932
instagram,comment,17939939940210192,不要讲多多 Rm1 juta la,,https://www.instagram.com/p/DY3pb86p44W/,DY3pb86p44W,negative,2026-05-28 15:48:13+00:00,0,0,0,0,0.022773313522338856,0,,,0.0,negative,0.9240889549255371,malay,Malay/Bumiputera,love,0.19042403995990753,0.029990579932928085,0.02861263044178486,0.051082365214824677,0.5665696263313293,0.021334722638130188
instagram,comment,18010364423712296,装傻，连budi95这种新词你都懂，你会不懂你的外国车不可以打? 跑回去补回差价是因为被捉到会罚款百万令吉,,https://www.instagram.com/p/DY3pb86p44W/,DY3pb86p44W,neutral,2026-05-28 15:38:32+00:00,0,0,0,0,0.5,0,,,0.0,neutral,0.8590978980064392,english,Mixed/Urban,love,0.25863680243492126,0.0230299960821867,0.025534484535455704,0.049375493079423904,0.4484047591686249,0.024518083781003952
instagram,comment,18119018008703839,"每一间油站的油泵处都会贴上RON95只能马来西亚本地车才能打的告示那么大张 我不相信会没看到。明明就是想着没人发现就偷偷蹭 被抓包了就在那里卖惨。新闻每天登到乱 哪里可能会不知道 过个桥过来打RON97已经比你们在本地打的油便宜很多了 现在还来偷政府津贴给本地人/车辆的油 身位自称“先进国”的你们 不会觉得羞耻吗？

若要人不知除非己莫为！！！",,https://www.instagram.com/p/DY3pb86p44W/,DY3pb86p44W,negative,2026-05-28 14:47:31+00:00,0,0,0,0,0.035367608070373535,0,,,0.0,negative,0.8821079730987549,multilingual,Unknown,anger,0.26341211795806885,0.025761868804693222,0.07343658804893494,0.19378018379211426,0.20956888794898987,0.03770408034324646
instagram,post,3906346097237881070,"KUALA LUMPUR, 27 Mei - Bermula 28 Mei hingga 3 Jun 2026, harga runcit tanpa subsidi petrol RON95 turun 15 sen (RM3.92 seliter), RON97 turun 20 sen (RM4.65 seliter), dan diesel Semenanjung turun 10 sen (RM4.87 seliter). 

Kementerian Kewangan (MOF) dalam kenyataan hari ini menegaskan harga subsidi RON95 menerusi BUDI95 kekal pada RM1.99 seliter untuk 14 juta penerima layak, di mana kerajaan menanggung subsidi RM386 bagi setiap had kelayakan 200 liter sebulan. 

Harga diesel bersubsidi di Sabah, Sarawak, dan Labuan juga kekal pada paras RM2.15 seliter.

Sumber: BERNAMA 

#BilikBeritaCATS #CATSFM #Umobile #HargaMinyak #RON95 #RON97 #Diesel #BUDI95 #SubsidiBersasar #KementerianKewangan #BernamaNews",https://www.instagram.com/p/DY2IRQnmPDu/,,,neutral,2026-05-27 14:39:25+00:00,1,0,0,0,0.5,1,1.0,,,neutral,0.7911096811294556,malay,Malay/Bumiputera,no_clear_emotion,0.07097554206848145,0.028366927057504654,0.06771428883075714,0.03840086981654167,0.14663545787334442,0.04307098686695099
instagram,comment,18152331400472386,油站是第一道防线 可是他们看似不需要附上任何责任😂,,https://www.instagram.com/p/DY2IRQnmPDu/,DY2IRQnmPDu,negative,2026-05-28 14:28:41+00:00,0,0,0,0,0.18308265656232833,0,,,0.0,negative,0.3897244781255722,multilingual,Unknown,love,0.17606882750988007,0.11197947710752487,0.0710533931851387,0.04189715161919594,0.31204336881637573,0.07772676646709442
instagram,comment,17961137097102042,装逼一流。继续装。👏👏👏👏,,https://www.instagram.com/p/DY2IRQnmPDu/,DY2IRQnmPDu,negative,2026-05-28 14:24:40+00:00,0,0,0,0,0.059298160672187794,0,,,0.0,negative,0.8023394644260406,multilingual,Unknown,happy,0.02319224737584591,0.07725749909877777,0.38968372344970703,0.01864861324429512,0.16140490770339966,0.10919582098722458
instagram,comment,18083328194390442,他是来开玩笑的吗？,,https://www.instagram.com/p/DY2IRQnmPDu/,DY2IRQnmPDu,negative,2026-05-28 14:23:18+00:00,0,0,0,0,0.14161138236522675,0,,,0.0,negative,0.5279620587825775,multilingual,Unknown,surprise,0.01178554818034172,0.024851666763424873,0.01962025836110115,0.024521680548787117,0.06583192199468613,0.5651034712791443
instagram,post,3905394052221224557,"Doa supaya selamat kerana hubungan baik ini membantu bekalan minyak cukup. Setakat ini kita jangka sampai Julai dan Ogos, Insya-Allah diesel cukup - PM @anwaribrahim_my.

#MalaysiaMADANI 
#RancakkanMADANI 
#YakinMADANI 
#BUDI95

https://harapanmadani.com/terkini-ron95-kekal-rm1-99-bekalan-diesel-stabil-hingga-julai-pm-anwar/",https://www.instagram.com/p/DYyvzLmkcZt/,,,positive,2026-05-26 07:07:52+00:00,2,0,0,0,0.9985083162784576,2,2.0,,,positive,0.9950277209281921,malay,Malay/Bumiputera,happy,0.09994592517614365,0.12358313053846359,0.5639702677726746,0.02307458035647869,0.09065008163452148,0.022191790863871574
instagram,post,3905380971840393883,"能源危机下，
很多人开始意识到 ：-

真正让人焦虑的，
不是工作累，
而是收入 “太单一”。

多一份收入来源，
不是为了炫耀，
而是为了生活更有底气。

⏰ 时间自主📌 工作弹性
适合想提升自己的你。

这里或许是一个可以尝试的机会，
不急，先了解看看就好 😊

📍资格要求：
✔ 学历最低 SPM / UEC Cert
✔ 非马来西亚公民需拥有 PR & Degree Cert

有兴趣者请私讯我们
📲 +6017-3884501

#能源危机#Budi95#经济衰退风险#通货膨胀#",https://www.instagram.com/p/DYys01jHdKb/,,,neutral,2026-05-26 06:41:53+00:00,0,0,0,0,0.5,0,0.0,,,neutral,0.7740519642829895,english,Mixed/Urban,anger,0.6356154680252075,0.17485563457012177,0.034531742334365845,0.10428645461797714,0.023781346157193184,0.008747045882046223
instagram,post,3903962532256233711,"Demi masa
Sesungguhnya manusia kerugian

#emas5 #proton #ev #budi95",https://www.instagram.com/p/DYtqT0vkTjv/,,,negative,2026-05-24 07:43:41+00:00,15,0,4,0,0.09087616503238677,19,27.0,,,negative,0.6970794498920441,multilingual,Unknown,love,0.13766510784626007,0.02502383105456829,0.044483087956905365,0.09291572123765945,0.40587157011032104,0.03266047313809395
instagram,comment,17940034197237844,Alhamdulillah Aamin2 Yarabalalamin 🤲,,https://www.instagram.com/p/DYtqT0vkTjv/,DYtqT0vkTjv,positive,2026-05-26 08:07:21+00:00,0,0,0,0,0.9582839429378509,0,,,0.0,positive,0.8609464764595032,english,Mixed/Urban,love,0.04512341693043709,0.059383269399404526,0.24474714696407318,0.027006760239601135,0.4951927065849304,0.026646386831998825
instagram,comment,18102375110004257,wahhh finally.. welcome to ev club!,,https://www.instagram.com/p/DYtqT0vkTjv/,DYtqT0vkTjv,positive,2026-05-25 05:27:08+00:00,0,0,0,0,0.9935281157493591,0,,,0.0,positive,0.9784270524978638,english,Mixed/Urban,happy,0.017282407730817795,0.03127223625779152,0.8265048861503601,0.010021570138633251,0.06805816292762756,0.023260319605469704
instagram,post,3903138080082599137,"BERNAMA – An alternative treatment therapist was fined MYR4,000 by the Sessions Court in Malaysia yesterday after pleading guilty to spreading false information about the Budi MADANI RON95 (BUDI95) initiative on Facebook.

📸: BERNAMA

To read more, click link in bio @borneobulletin

#southeastasia #asean #borneobulletin #topheadlines #Therapist #finedMYR4000 #spreading #falseinformation #BUDI95 #initiative",https://www.instagram.com/p/DYqu2d0n5zh/,,,negative,2026-05-23 04:25:39+00:00,65,0,3,0,0.15017563998699188,68,74.0,,,negative,0.4994145333766937,english,Mixed/Urban,sadness,0.09402868896722794,0.05118413269519806,0.025467587634921074,0.7264969348907471,0.03821646794676781,0.021511990576982498
instagram,comment,18162116332448883,Uu..kete baruuu.....,,https://www.instagram.com/p/DYqu2d0n5zh/,DYqu2d0n5zh,negative,2026-05-24 09:24:01+00:00,0,0,0,0,0.11244547069072722,0,,,0.0,negative,0.6251817643642426,multilingual,Unknown,no_clear_emotion,0.026444144546985626,0.041971758008003235,0.031133955344557762,0.023627523332834244,0.20389004051685333,0.2246452271938324
instagram,comment,18077877092210981,Dude. Forget the comb over. Shave it off and join the hair club for men,,https://www.instagram.com/p/DYqu2d0n5zh/,DYqu2d0n5zh,neutral,2026-05-23 06:59:59+00:00,0,0,0,0,0.5,0,,,0.0,neutral,0.5543316602706909,english,Mixed/Urban,love,0.09742073714733124,0.020004287362098694,0.041256729513406754,0.09399052709341049,0.5420187711715698,0.03046126663684845
instagram,post,3902989568409505399,"Don’t waste your subsidised fuel. Don’t idle your engine when waiting. This 1.5-liter turbocharged engine is calibrated to maximize mileage, making it an ideal, budget-friendly daily driver #budi95 #savefuel #economicaldriving #suv #omodajaecoo",https://www.instagram.com/p/DYqNFVjGo53/,,,positive,2026-05-22 23:30:36+00:00,0,0,0,0,0.8835274875164032,0,0.0,,,positive,0.611758291721344,english,Mixed/Urban,love,0.043877504765987396,0.02608351595699787,0.3027248680591583,0.019325977191329002,0.5199103951454163,0.02063644863665104
instagram,comment,18423548632193896,Bro who did ur hair transplant! Should get a refund,,https://www.instagram.com/p/DYqNFVjGo53/,DYqNFVjGo53,negative,2026-05-23 06:10:27+00:00,0,0,0,0,0.04530492424964905,0,,,0.0,negative,0.8489835858345032,english,Mixed/Urban,happy,0.029787348583340645,0.2446392923593521,0.3633745610713959,0.0256302859634161,0.03984294831752777,0.16015073657035828
instagram,comment,17961838599092712,Was it about it was only a way of 'buying' votes thru the scheme or it was just a ploy to get everyone registered for digital ID? 🤔🤨 #liesanddeceits #tipudayadajjal,,https://www.instagram.com/p/DYqNFVjGo53/,DYqNFVjGo53,negative,2026-05-23 05:20:26+00:00,0,0,0,0,0.12104458808898924,0,,,0.0,negative,0.5965180397033691,english,Mixed/Urban,no_clear_emotion,0.016961567103862762,0.06072637438774109,0.21736861765384674,0.021101035177707672,0.13242654502391815,0.10033736377954483
instagram,post,3902988191154315002,"Don’t waste your subsidised fuel. Don’t idle your engine when waiting. This 1.5-liter turbocharged engine is calibrated to maximize mileage, making it an ideal, budget-friendly daily driver #budi95 #savefuel #economicaldriving #suv #omodajaecoo",https://www.instagram.com/p/DYqMxS4TB76/,,,positive,2026-05-22 23:29:48+00:00,6,0,0,0,0.8835274875164032,6,6.0,,,positive,0.611758291721344,english,Mixed/Urban,love,0.043877504765987396,0.02608351595699787,0.3027248680591583,0.019325977191329002,0.5199103951454163,0.02063644863665104
instagram,post,3902600793614271338,"你身边有人还在说""我们是产油国, 油价涨我们 benefit"" 吗?

PM Anwar 自己已经在 4 月 4 日承认: Petronas 现在是 net importer。
我们每天产 350,000 桶, 但烧 700,000 桶。每个月政府烧 RM6-7B 帮我们撑住 RON95 RM1.99。
2026 全年 fuel subsidy 预测 RM58.4B, 原本 budget 只有 RM15B。

油价涨, 不是我们赚红利。
是我们的 EPF, 学校, 医院在替我们承受。

Share 给那位还在讲 ""产油国 sure benefit"" 的家人或朋友。让 PM 自己讲给他听。

#budi95 #ron95malaysia a #ekonomimalaysia sia #kewangan #malaysiafinance",https://www.instagram.com/p/DYo0r6ziUNq/,,,neutral,2026-05-22 10:38:09+00:00,8,0,0,0,0.5,8,8.0,,,neutral,0.9017054438591003,english,Mixed/Urban,love,0.03325551003217697,0.026890000328421593,0.08539269119501114,0.03785243630409241,0.39122164249420166,0.04853178933262825
instagram,post,3902574034324994866,"一名替代疗法中心治疗师通过其面子书账号，散播有关昌明惠泽RON95汽油补贴计划（BUDI95）的虚假信息，今天在地庭面控时俯首认罪，被判罚款4000令吉。
法官阿末弗亚也谕令，若46岁的阿里夫费沙无法缴还罚款，则须以监禁6个月取代。
根据控状，阿里夫费沙于2026年4月6日在面子书发布一则虚假内容，意图伤害他人感受。
🔍全文这里看 👉 https://www.malaysiakini.com/news/775801

#当今大马 #malaysiakini
#BUDI95 #假新闻 #汽油津贴 #罚款
➖➖➖➖➖➖➖➖➖➖➖➖
📌关注《当今大马》WhatsApp频道 【即时新闻通知】👉https://mk.my/whatsapp
📌订阅《当今》简报：5分钟看要闻！【完全免费】👉 https://mk.my/newsletter
【提醒】言论空间需要大家共同维护，请读者理性讨论，勿诽谤、人身攻击、发布不实信息、发表煽动或挑衅种族或宗教情绪等言论。一旦司法纠纷或执法单位介入的风险过高，关闭留言区将成为所有人的损失。",https://www.instagram.com/p/DYoumhRmrsy/,,,negative,2026-05-22 09:45:00+00:00,3,0,0,0,0.06839559674263002,3,3.0,,,negative,0.7720146775245667,multilingual,Unknown,anger,0.3711470067501068,0.02868831716477871,0.05207723379135132,0.06947650760412216,0.15175120532512665,0.029788197949528694
instagram,post,3902502684659234118,"【社媒散播BUDI95假消息 治疗师面控认罪罚4000令吉】

再有人因为在社交媒体散播昌明惠泽RON95汽油补贴计划（BUDI95）的假信息而承担法律责任，一名替代疗法中心的治疗师今天在地庭面控时俯首认罪，被判罚款4000令吉，若无法缴还罚款则须以监禁6个月取代。

根据控状，现年46岁的被告阿里夫费沙于今年4月6日在面子书发布一则虚假内容，意图伤害他人感受，抵触1998年通讯及多媒体法令第233（1）（a）条文，并可在同一法令的第233（2）条文下治罪。

法官阿末弗亚在判词中说，被告的行为可能在社会中引发各种负面观感，尤其将首相安华的照片与不实言论一同发布后，更容易让公众误以为相关言论出自首相本人。

#RON95汽油补贴计划 #BUDI95 #地庭面控 #俯首认罪 #虚假内容 #通讯及多媒体法令 #首相安华",https://www.instagram.com/p/DYoeYPuHzVG/,,,neutral,2026-05-22 07:23:14+00:00,2,0,0,0,0.5,2,2.0,,,neutral,0.8257002234458923,english,Mixed/Urban,anger,0.42585060000419617,0.03023974969983101,0.05024033412337303,0.08806747198104858,0.12218380719423294,0.026861507445573807
instagram,post,3902473825011313484,"Part 2 Games Activity highlights from Penang Dealers Workshop, held on 20 May 2026 

#petronpenang #workshop #budi95",https://www.instagram.com/p/DYoX0SFDytM/,,,neutral,2026-05-22 06:25:53+00:00,-1,0,0,0,0.5,-1,-1.0,,,neutral,0.9306262135505676,english,Mixed/Urban,no_clear_emotion,0.02393820323050022,0.013635261915624142,0.07628783583641052,0.016062553972005844,0.13906167447566986,0.027180157601833344
instagram,post,3902469846700189481,"Seorang ahli terapi pusat rawatan alternatif didenda RM4,000 oleh Mahkamah Sesyen Sepang hari ini selepas mengaku bersalah menyebarkan maklumat palsu berkaitan Budi MADANI RON95 (BUDI95) menerusi akaun Facebook miliknya.

Hakim Ahmad Fuad Othman menjatuhkan hukuman itu terhadap Ariffaizal Mohd Nor Ariffin, 46, selepas lelaki itu mengaku bersalah atas pertuduhan terbabit dan memerintahkannya dipenjara enam bulan sekiranya gagal membayar denda berkenaan.

Klik pautan di Ig story untuk berita penuh

#BernamaNews 
#BeritaPalsu
#Subsidi
#BUDI95",https://www.instagram.com/p/DYoW6Y_POcp/,,,negative,2026-05-22 06:18:33+00:00,17,0,0,0,0.0005769610404968151,17,17.0,,,negative,0.9980767965316772,malay,Malay/Bumiputera,anger,0.38262975215911865,0.045749519020318985,0.05342675372958183,0.16999749839305878,0.06885496526956558,0.03479954972863197
instagram,post,3901791541271568914,"能源危机下，
很多人开始意识到 ：-
真正让人焦虑的，
不是工作累，
而是收入 “ 太单一 ”。

多一份收入来源
不是为了炫耀，
而是为了生活更有底气。

时间自主，工作弹性，
适合想提升自己的你。

这里或许是一个可以尝试的机会
不急，先了解看看就好 😊

有兴趣者请私讯我们 +6017-3884501

#能源危机#Budi95#经济衰退风险#通货膨胀#",https://www.instagram.com/p/DYl8rv1HaIS/,,,neutral,2026-05-21 07:50:20+00:00,0,0,0,0,0.5,0,0.0,,,neutral,0.7603161334991455,english,Mixed/Urban,anger,0.6635013222694397,0.1747955083847046,0.03778684511780739,0.07536615431308746,0.023125862702727318,0.008144943043589592
instagram,post,3901627226602736826,"📢 INFO TERKINI HARGA MINYAK

Bermula 21 Mei hingga 27 Mei 2026👇🏻 

⛽ RON97 : RM4.85 seliter
⛽ RON95 tanpa subsidi : RM4.07 seliter
⛽ RON95 bersubsidi (BUDI95) : RM1.99 seliter
⛽ Petrol bersubsidi (SKPS) : RM2.05 seliter
⛽ Diesel Semenanjung Malaysia : RM4.97 seliter
⛽ Diesel bersubsidi (SKDS) : RM2.15 seliter
⛽ Diesel Sabah & Sarawak : RM2.15 seliter

Sumber: Kementerian Kewangan

Kerajaan akan terus memantau rapi perkembangan pasaran dan menyelaras harga petroleum bagi memastikan kestabilan harga serta kesejahteraan rakyat.

#MalaysiaMADANI
#BUDI95 #BUDIDiesel
#Pahang1st #mcnPahang",https://www.instagram.com/p/DYlXUp3pgy6/,,,neutral,2026-05-21 02:23:56+00:00,2,0,0,0,0.5,2,2.0,,,neutral,0.9976775050163269,malay,Malay/Bumiputera,no_clear_emotion,0.1676023304462433,0.06267102807760239,0.2140493541955948,0.04284011572599411,0.12015870213508606,0.03439768776297569
instagram,comment,18138001531532464,希望MCMC多点提控这些8481，因为它们每天都在TIKTOK造谣。。。,,https://www.instagram.com/p/DYlXUp3pgy6/,DYlXUp3pgy6,neutral,2026-05-20 14:00:32+00:00,0,0,0,0,0.5,0,,,0.0,neutral,0.871023416519165,english,Mixed/Urban,love,0.04436512291431427,0.04536210745573044,0.16076135635375977,0.02411668375134468,0.3735218048095703,0.03744897246360779
instagram,comment,18117137611748481,"What goes around, comes around",,https://www.instagram.com/p/DYlXUp3pgy6/,DYlXUp3pgy6,neutral,2026-05-21 00:38:50+00:00,0,0,0,0,0.5,0,,,0.0,neutral,0.8992577195167542,english,Mixed/Urban,no_clear_emotion,0.05163507163524628,0.09079355001449585,0.29343733191490173,0.027230238541960716,0.14169849455356598,0.050070203840732574
instagram,post,3901608405491640786,"大马借 IC 打油属于违法

近期 BUDI95 查得很严，别为了那一点点津贴跑去挑战底线！🔥 
很多人觉得借用一下家人的 IC 没什么大不了，但其实这在法律上算冒用身份，后果真的不是开玩笑的。🚓

😭 咱们大马人讲究方便，但这种便利真的不能乱拿，到时被 Block 掉补贴资格就更麻烦了。💸

大家记得提醒家里的长辈或者另一半，打油还是得自己刷自己的 IC。乖乖听话，省钱也要省得安心✨

#redit #大马生活 #打油补贴 #budi95 #马来西亚法律 大马资讯 省钱攻略 国民登记局 大马卡 安全提醒",https://www.instagram.com/p/DYlTCxWAenS/,,,neutral,2026-05-21 01:46:27+00:00,61,0,0,0,0.5,61,61.0,,,neutral,0.8262170553207397,english,Mixed/Urban,love,0.23874907195568085,0.03013111837208271,0.08324199914932251,0.04721609503030777,0.3371469974517822,0.03564747795462608
instagram,post,3901582097081998646,"Bermula 21 hingga 27 Mei 2026, harga runcit RON97 naik ke RM4.85 (naik 15 sen), RON95 tanpa subsidi naik ke RM4.07 (naik 20 sen), dan diesel Semenanjung naik ke RM4.97 (naik 10 sen) berikutan lonjakan minyak Brent global ke USD110 setong akibat konflik Asia Barat. 

Bagaimanapun, MOF mengesahkan harga bersubsidi bersasar dikekalkan: RON95 (BUDI95) pada RM1.99 seliter dan diesel Sabah/Sarawak/Labuan pada RM2.15 seliter, di mana kerajaan menanggung lebih separuh kos sebenar bagi penerima kelayakan penuh.

Berita penuh link di bawah:
https://www.catsfm.my/trendings/bilik-berita-cats/4184 

#BilikBeritaCATS #CATSFM #Umobile #MOF #RON95 #RON97 #DieselSemenanjung #BUDI95 #SubsidiBersasar #MekanismeAPM",https://www.instagram.com/p/DYlND7umJ02/,,,negative,2026-05-21 00:54:12+00:00,0,0,0,0,0.0004809558391570823,0,0.0,,,negative,0.9983968138694763,malay,Malay/Bumiputera,no_clear_emotion,0.2122773379087448,0.03869810700416565,0.07911045849323273,0.052669674158096313,0.15193751454353333,0.032680656760931015
instagram,post,3901552390318797395,"Tertuduh yang berusia 53 tahun itu bagaimanapun mengaku tidak bersalah selepas semua pertuduhan tersebut dibacakan di hadapan Hakim Rohaida Ishak.

Mengikut pertuduhan, dia didakwa berpura-pura menjadi tiga individu lain berusia 23, 25 dan 57 tahun dengan menggunakan nombor kad pengenalan milik mereka untuk membeli kuota petrol bersubsidi di bawah BUDI MADANI RON95 (BUDI95).

Perbuatan tertuduh itu didakwa melibatkan kuota petrol berjumlah 594.459 liter bagi kesemua 13 pertuduhan tersebut sehingga menyebabkan tiga individu terbabit mengalami kerugian kuota subsidi bulanan.

#MCNSarawak
#SubsidiPetrol
#BUDI95",https://www.instagram.com/p/DYlGTpJhzJT/,,,neutral,2026-05-20 23:55:25+00:00,11,0,1,0,0.5,12,14.0,,,neutral,0.9973913431167603,malay,Malay/Bumiputera,anger,0.31523042917251587,0.034713003784418106,0.05897543579339981,0.18884696066379547,0.0838509127497673,0.033183686435222626
instagram,post,3901208959000195002,"KEMAS KINI HARGA MINYAK: RAKYAT TERUS JADI KEUTAMAAN

Dalam keadaan ekonomi dunia yang masih tidak menentu dan harga minyak global terus berubah, rakyat Malaysia pastinya merasai kesan kenaikan kos kehidupan dari hari ke hari. Bermula 21 hingga 27 Mei 2026, harga RON97, RON95 tanpa subsidi dan diesel di Semenanjung Malaysia mengalami pelarasan, namun kerajaan masih mengekalkan harga petrol dan diesel bersubsidi demi membantu golongan yang benar-benar memerlukan.

RON95 Bersubsidi (BUDI95) kekal pada RM1.99 seliter, manakala diesel bersubsidi SKDS serta harga diesel di Sabah, Sarawak dan Labuan juga terus dikekalkan pada kadar RM2.15 seliter. Ini menunjukkan usaha berterusan untuk memastikan rakyat biasa, peniaga kecil, petani, nelayan dan golongan bekerja tidak terlalu terbeban dengan tekanan ekonomi semasa.

Apa pun cabaran yang mendatang, rakyat Malaysia sememangnya terkenal dengan semangat kuat dan saling membantu. Semoga segala usaha dan bantuan yang diberikan mampu meringankan beban rakyat serta memastikan kesejahteraan negara terus terpelihara.

#HargaMinyak
#MalaysiaMADANI
#BUDI95
#Diesel
#mcnterengganu",https://www.instagram.com/p/DYj4ODzxy-6/,,,negative,2026-05-20 12:32:52+00:00,3,0,0,0,0.0023589491844177024,3,3.0,,,negative,0.9921368360519409,malay,Malay/Bumiputera,fear,0.27985885739326477,0.4166317284107208,0.06258829683065414,0.041290827095508575,0.03298784792423248,0.04975282400846481
instagram,post,3901131366529150498,"一名私人司机和民防部队志愿者通过TikTok帐号，散布关于昌明惠泽RON95汽油补贴计划（BUDI95）假消息，而于今天在地庭面控后俯首认罪，分别判罚4000令吉。
法官阿末弗亚谕令两名被告，若无法缴付罚款，则需以6个月监禁替代；两人随后缴清罚款。
29岁的私人司机莫哈末艾曼和46岁的民防部队志愿者隆法兹里，被控在4月4日蓄意作出及发送虚假帖文，意图伤害他人感受。
🔍全文这里看 👉 https://www.malaysiakini.com/news/775641

#当今大马 #malaysiakini
#汽油补贴 #假新闻 #BUDI95
➖➖➖➖➖➖➖➖➖➖➖➖
📌关注《当今大马》WhatsApp频道 【即时新闻通知】👉https://mk.my/whatsapp
📌订阅《当今》简报：5分钟看要闻！【完全免费】👉 https://mk.my/newsletter
【提醒】言论空间需要大家共同维护，请读者理性讨论，勿诽谤、人身攻击、发布不实信息、发表煽动或挑衅种族或宗教情绪等言论。一旦司法纠纷或执法单位介入的风险过高，关闭留言区将成为所有人的损失。",https://www.instagram.com/p/DYjmk8MGq4i/,,,negative,2026-05-20 09:58:41+00:00,1,0,0,0,0.060043059289455414,1,1.0,,,negative,0.7998564690351486,multilingual,Unknown,anger,0.45974740386009216,0.03250054642558098,0.06486710160970688,0.0694962590932846,0.10909966379404068,0.02922173961997032
instagram,post,3901129910912921032,"【#百格快讯】私人司机和民防部队志愿者通过TikTok帐号散布关于BUDI95汽油补贴计划假消息，今日（5月20日）在地庭面控后俯首认罪，分别判罚4000令吉。

29岁私人司机莫哈末艾曼和46岁民防部队志愿者隆法兹里，被控在4月4日蓄意作出及发送虚假帖文，意图伤害他人感受，其帖文于4月5日早上，在赛城的通讯及多媒体委员会大厦8楼被读取。

两人分别因而抵触1998年通讯及多媒体法令第233（1）（a）条文（不当使用网络设备或网络服务），可在同一法令第233（2）条文下治罪。

#Pocketimes #百格 #BUDI95 #假消息",https://www.instagram.com/p/DYjmPwina3I/,,,neutral,2026-05-20 09:55:47+00:00,357,0,1,0,0.5,358,360.0,,,neutral,0.8568959832191467,english,Mixed/Urban,anger,0.6669847369194031,0.024775592610239983,0.042298514395952225,0.0656517893075943,0.06968311220407486,0.0167729239910841
instagram,post,3900824001925779787,"6月1号起，大马人只要持有有效的新加坡驾照，就能直接申请大马驾照，而且重点是——不用注销新加坡驾照、不用放弃PR或工作准证，等于合法同时拥有“双驾照”！

更现实的是，只要成功持有活跃的大马驾照，加上使用本地注册车辆，就有资格申请 BUDI95 汽油补贴。对长期新柔两边跑的越堤族来说，确实方便很多，至少不用每次回马开车都卡在驾照问题。

不过，这项政策一出，网民也直接吵翻了。

有人认为：“在新加坡工作的人都能拿BUDI95，那为什么一些在马来西亚缴税的T20反而拿不到？”网友不爽的点也很简单：有些人在国外赚新币都能拿补贴，本地一些纳税人却被排除在外。

新政策将在 6月1日 正式实施，到时只需带齐文件到 JPJ 办事处即可办理。
你怎么看？越堤族拿BUDI95合理吗？还是应该重新检讨补贴机制？
-cheng
 #BUDI95 #jpj #lesen #政府 #汽油补贴 #Anwar #安华",https://www.instagram.com/p/DYigsMmGpFL/,,,neutral,2026-05-19 23:48:00+00:00,0,0,0,0,0.5,0,0.0,,,neutral,0.8213266134262085,english,Mixed/Urban,love,0.16640491783618927,0.09673210978507996,0.07761258631944656,0.10271506756544113,0.33782529830932617,0.05940327048301697
instagram,post,3900524414602169811,"Malaysia is considering increasing the BUDI95 fuel quota for p-hailing riders from 200 litres to 250 litres after concerns were raised about rising operating costs.
For riders using small kapchai motorcycles with roughly 5-litre fuel tanks, another 50 litres could mean significantly more delivery trips every month.
The proposal will be discussed at the next National Economic Action Council (MTEN) meeting.
Read it in cartok.my
#BUDI95 #pHailing #PetrolSubsidy #Malaysia #CarTokMY",https://www.instagram.com/p/DYhckoKGc3T/,,,neutral,2026-05-19 13:52:46+00:00,1,0,0,0,0.5,1,1.0,,,neutral,0.8459967970848083,english,Mixed/Urban,happy,0.09997401386499405,0.11415990442037582,0.2935658097267151,0.055432502180337906,0.14216579496860504,0.056030672043561935
instagram,post,3900221170550230795,"The proposed increase could see delivery riders receive up to 250 litres of subsidised RON95 petrol monthly.

👉🏻Link in bio for article

#myc #mycnews #youthsocialasia #social #AnwarIbrahim #gigeconomy

#Malaysia #news #BUDI95 #impact #quota #RON95 #subsidy",https://www.instagram.com/p/DYgXn2IGs8L/,,,neutral,2026-05-19 03:50:17+00:00,3,0,0,0,0.5,3,3.0,,,neutral,0.8794822096824646,english,Mixed/Urban,love,0.04634179547429085,0.021609211340546608,0.2552838921546936,0.02283228002488613,0.3136000633239746,0.035696957260370255
instagram,post,3901057065590839143,"Sebarang langkah ‘mengejut’ menaikkan harga subsidi kepada RM2.05 atau RM2.15 seliter juga tidak memberi impak positif sebaliknya berisiko menaikkan kadar inflasi yang kini kekal terkawal pada 1.9 peratus.

#MalaysiaMADANI 
#RancakkanMADANI 
#YakinMADANI 
#BUDI95
@mof_malaysia 

https://harapanmadani.com/ron95-harga-budi95-wajar-kekal-ekoran-harga-minyak-dunia-turun/",https://www.instagram.com/p/DYjVruDEddn/,,,positive,2026-05-20 07:31:03+00:00,0,0,0,0,0.9953156650066375,0,0.0,,,positive,0.9843855500221252,malay,Malay/Bumiputera,surprise,0.00759700033813715,0.03142252936959267,0.014960194006562233,0.023706717416644096,0.016214609146118164,0.8708724975585938
instagram,post,3899666005837720818,"18hb sudah hbs 😅.
lpasni kena isi mnyk mahal dh la 🤣.
Terima kasih Pmx dari 300L ke 200L.
#BUDI95",https://www.instagram.com/p/DYeZZIsn6zy/,,,negative,2026-05-18 09:27:16+00:00,3,0,0,0,0.00048476457595825195,3,3.0,,,negative,0.9983841180801392,malay,Malay/Bumiputera,love,0.06798149645328522,0.01605582796037197,0.020582890138030052,0.03247245401144028,0.7336232662200928,0.019941462203860283
instagram,comment,18122515633652283,"很多有钱人不一定驾豪车，我身边的亲戚很有钱都驾旧的日本车,依据车辆现值觉定补贴是错的！",,https://www.instagram.com/p/DYeZZIsn6zy/,DYeZZIsn6zy,negative,2026-05-22 01:38:52+00:00,0,0,0,0,0.09071218371391296,0,,,0.0,negative,0.6976260542869568,multilingual,Unknown,no_clear_emotion,0.2614309787750244,0.06709862500429153,0.02486415021121502,0.07524149119853973,0.054041601717472076,0.0831218734383583
instagram,comment,18082037084142058,变相鼓励高薪一族离开马来西亚,,https://www.instagram.com/p/DYeZZIsn6zy/,DYeZZIsn6zy,negative,2026-05-20 17:13:27+00:00,0,0,0,0,0.1308731496334076,0,,,0.0,negative,0.5637561678886414,multilingual,Unknown,no_clear_emotion,0.09170807898044586,0.02359476126730442,0.10763034969568253,0.05451925843954086,0.15186859667301178,0.0552690215408802
instagram,post,3899489284348943054,"Kerajaan akan membincangkan cadangan meningkatkan had kuota Budi MADANI RON95 (BUDI95) bagi penghantar makanan p-hailing kepada 250 liter, dalam mesyuarat Majlis Tindakan Ekonomi Negara (MTEN), Selasa ini.
Perdana Menteri Datuk Seri Anwar Ibrahim berkata kerajaan mengambil maklum bahawa had semasa sebanyak 200 liter sebulan bagi golongan berkenaan menyamai kadar penggunaan biasa, sekali gus memerlukan penelitian semula demi kebajikan mereka.
“Mesyuarat hari Selasa ini, saya akan bawa (perkara ini) dan bincang. Sebab dia (p-hailing) dapat 200 liter sama macam kitalah, RON95 hanya 200 liter sahaja.
“Jadi, saya kata, nanti saya ingatkan saudara Fahmi (Datuk Fahmi Fadzil), kita cari jalan kalau sekurang-kurangnya naik 50 liter, (menjadi) 250 liter,” kata beliau.
#BernamaNews
#BUDI95
Anwar Ibrahim
#KrisisBekalanGlobal
#KonflikAsiaBarat 
Berita penuh: https://www.bernama.com/bm/am/news.php?id=2558294",https://www.instagram.com/p/DYdxNf_D5rO/,,,positive,2026-05-18 03:36:08+00:00,1,0,0,0,0.9664071023464202,1,1.0,,,positive,0.8880236744880676,malay,Malay/Bumiputera,no_clear_emotion,0.06886929273605347,0.04821295291185379,0.0846879854798317,0.04125599190592766,0.2183033674955368,0.06491627544164658
instagram,comment,17889152772486295,不如看缴多少税吧,,https://www.instagram.com/p/DYdxNf_D5rO/,DYdxNf_D5rO,negative,2026-05-19 08:24:11+00:00,0,0,0,0,0.09798726439476013,0,,,0.0,negative,0.6733757853507996,multilingual,Unknown,love,0.059326790273189545,0.06493782997131348,0.04410557821393013,0.04350487142801285,0.3702199459075928,0.13819989562034607
instagram,comment,18104472454987883,开axia装油桶settle,,https://www.instagram.com/p/DYdxNf_D5rO/,DYdxNf_D5rO,neutral,2026-05-19 07:44:54+00:00,0,0,0,0,0.5,0,,,0.0,neutral,0.8031279444694519,english,Mixed/Urban,no_clear_emotion,0.08887097984552383,0.03427721560001373,0.12218721956014633,0.028667272999882698,0.21778756380081177,0.03447945788502693
instagram,comment,18124706194627433,人家有给超过车价的import tax的喔，够打油打到死咯不然取消import tax啦😂,,https://www.instagram.com/p/DYdxNf_D5rO/,DYdxNf_D5rO,neutral,2026-05-19 03:10:37+00:00,0,0,0,0,0.5,0,,,0.0,neutral,0.8164765238761902,english,Mixed/Urban,love,0.10886555165052414,0.03471137955784798,0.0508347749710083,0.09544112533330917,0.47077473998069763,0.033428482711315155
instagram,post,3899485391757075641,"【简单来说，政府可依据车辆现值决定补贴等级，豪华车减少甚至取消补贴，普通国产车则继续享有较高补贴。#许文谦】
#南洋商报 #言论 #汽油补贴 #BUDI95 #RON95 #nanyangsiangpau

点击story（Swipe Up）看更多

Disclaimer: The caption may have been automatically translated by Instagram. In the event of any discrepancies, the original Chinese version shall prevail. We are not responsible for any inaccuracies resulting from the auto-translation.",https://www.instagram.com/p/DYdwU2ugWS5/,,,neutral,2026-05-18 03:28:25+00:00,262,0,25,0,0.5,287,337.0,,,neutral,0.8461241722106934,english,Mixed/Urban,no_clear_emotion,0.1363636702299118,0.053729381412267685,0.05332586169242859,0.05176385119557381,0.09404265135526657,0.06264987587928772
instagram,comment,18122221222642731,"我非常认同，真正开得起GTR35的人是不会在意这几滴油💰的,当然那些开着My vi的隐形富人我相信少数吧了！😂",,https://www.instagram.com/p/DYdwU2ugWS5/,DYdwU2ugWS5,neutral,2026-05-18 13:57:50+00:00,0,0,0,0,0.5,0,,,0.0,neutral,0.8447575569152832,english,Mixed/Urban,love,0.049782730638980865,0.022999346256256104,0.0514533556997776,0.034163299947977066,0.7641095519065857,0.027883540838956833
instagram,comment,18117924745780344,与其再争议 倒不如先把你的公共交通搞好 大家买车还不是因为公共交通一点都不方便🙄,,https://www.instagram.com/p/DYdwU2ugWS5/,DYdwU2ugWS5,negative,2026-05-18 12:38:28+00:00,0,0,0,0,0.09735295772552491,0,,,0.0,negative,0.675490140914917,multilingual,Unknown,fear,0.06914258003234863,0.8348252773284912,0.01211125124245882,0.05330856889486313,0.010918036103248596,0.012225020676851273
instagram,comment,18093222266334632,马来西亚是产油国，全国民都应该享有合理的津贴。非法走私津贴油是执法单位无能 不去提升力度反而把他们的无能 要由人民来买单。,,https://www.instagram.com/p/DYdwU2ugWS5/,DYdwU2ugWS5,negative,2026-05-18 10:44:56+00:00,0,0,0,0,0.09033890068531036,0,,,0.0,negative,0.6988703310489655,multilingual,Unknown,anger,0.44243013858795166,0.22041106224060059,0.0739859938621521,0.04225972667336464,0.12773045897483826,0.02451298013329506
instagram,post,3899461580141237153,"Kerajaan akan meneliti cadangan menambah kuota subsidi petrol p hailing daripada 200 liter kepada 250 liter sebulan bagi membantu mengurangkan kos operasi penghantar makanan.

👉 Baca artikel penuh di www.onetiger.com 
atau klik pautan di bio kami

#AnwarIbrahim #PMX #Budi95 #Petrol #Ron95",https://www.instagram.com/p/DYdq6WbmhOh/,,,positive,2026-05-18 02:41:06+00:00,2,0,0,0,0.9907631158828735,2,2.0,,,positive,0.9692103862762451,malay,Malay/Bumiputera,no_clear_emotion,0.13804350793361664,0.035194166004657745,0.11948391795158386,0.028596987947821617,0.21105726063251495,0.04219489172101021
instagram,comment,18585336934010087,有道理,,https://www.instagram.com/p/DYdq6WbmhOh/,DYdq6WbmhOh,positive,2026-05-18 09:30:43+00:00,0,0,0,0,0.8267237320542336,0,,,0.0,positive,0.4224124401807785,multilingual,Unknown,love,0.1662982553243637,0.10237143933773041,0.13079378008842468,0.08172941952943802,0.23380661010742188,0.08147324621677399
instagram,comment,18064762400507900,間接鼓勵人民开小車，不錯的提議。如果政府夠胆，二十年以上的老車，津貼也砍。,,https://www.instagram.com/p/DYdq6WbmhOh/,DYdq6WbmhOh,negative,2026-05-18 08:26:46+00:00,0,0,0,0,0.09174539297819137,0,,,0.0,negative,0.6941820234060287,multilingual,Unknown,love,0.04729355871677399,0.01953924633562565,0.17181622982025146,0.01979675702750683,0.6058835387229919,0.02264167182147503
instagram,comment,18101944073000574,所以你间接鼓励人买贵车来彰显自己的收入？朋友 车可以 leverage 的。您不懂吗？,,https://www.instagram.com/p/DYdq6WbmhOh/,DYdq6WbmhOh,negative,2026-05-18 08:17:36+00:00,0,0,0,0,0.10578493773937225,0,,,0.0,negative,0.6473835408687592,multilingual,Unknown,love,0.020731421187520027,0.013002675957977772,0.06511769443750381,0.01334532629698515,0.8303305506706238,0.018460115417838097
instagram,post,3899436047634310819,"Anwar Proposes Increasing BUDI95 Fuel Subsidy Quota to 250 Litres for P-Hailing Riders: Anwar Ibrahim said the government is considering a proposal to increase the BUDI95 subsidised petrol quota for p-hailing riders from 200 litres to 250 litres per month. According to the prime minister, the proposal will be tabled at the National Economic Action Council (NEAC) meeting scheduled for Tuesday for further discussion before any final decision …

The post Anwar Proposes Increasing BUDI95 Fuel Subsidy Quota to 250 Litres for P-Hailing Riders first appeared on Wilayah.com.my. #FuelSubsidy #PHailing #AnwarIbrahim #BUDI95 #EconomicAction",https://www.instagram.com/p/DYdlGzbmKaj/,,,neutral,2026-05-18 01:51:15+00:00,0,0,0,0,0.5,0,0.0,,,neutral,0.9141919612884521,english,Mixed/Urban,happy,0.037124257534742355,0.07646902650594711,0.44743821024894714,0.03231677785515785,0.12900659441947937,0.05830793082714081
instagram,comment,18395854630159613,是没有切入点可以写了吗？ 就是要与众不同的视角吗？ 这观点不是有点可笑， 是简直愚蠢。,,https://www.instagram.com/p/DYdlGzbmKaj/,DYdlGzbmKaj,negative,2026-05-18 07:42:05+00:00,0,0,0,0,0.04246572554111483,0,,,0.0,negative,0.8584475815296173,multilingual,Unknown,sadness,0.1960846334695816,0.04891814664006233,0.036052558571100235,0.46920087933540344,0.09644796699285507,0.03823235630989075
instagram,comment,17873131896670384,评论员就是厉害吹水,,https://www.instagram.com/p/DYdlGzbmKaj/,DYdlGzbmKaj,negative,2026-05-18 07:18:30+00:00,0,0,0,0,0.08510510623455048,0,,,0.0,negative,0.7163163125514984,multilingual,Unknown,love,0.021642567589879036,0.01931542530655861,0.12136884778738022,0.015627525746822357,0.5615662932395935,0.041100576519966125
instagram,comment,18127418122611190,不要看不起国产车，很多超过售价100k🙏,,https://www.instagram.com/p/DYdlGzbmKaj/,DYdlGzbmKaj,negative,2026-05-18 07:13:55+00:00,0,0,0,0,0.09175578653812408,0,,,0.0,negative,0.694147378206253,multilingual,Unknown,love,0.12193133682012558,0.024208521470427513,0.021604329347610474,0.11719341576099396,0.635876476764679,0.021131174638867378
instagram,post,3899400627667922234,"“BUDI95 dah habis sebelum hujung bulan… 😅
Isi minyak tengok balance kosong terus rasa macam kena reality check.”

RM1.99 tu memang membantu…
tapi bila 200 liter dah habis, mula lah:
🚗 “Isi sikit dulu…”
💸 “Tunggu gaji…”
⛽ “Pump full tinggal kenangan…”

Yang pakai kereta hari-hari memang terasa.
Kerja, meeting, jumpa client, hantar anak — minyak memang jalan nonstop.

Siapa sini BUDI95 dah habis awal bulan? Sila komen jangan romanc…. 😅😅😅😅😂👇

#BUDI95 #RON95 #MinyakKereta #Malaysia #KehidupanDewasa #IsiMinyak #GajiBelumMasuk #ContentMalaysia #FYPMalaysia",https://www.instagram.com/p/DYddDYBFO06/,,,negative,2026-05-18 00:40:00+00:00,0,0,0,0,0.0004901826381683572,0,0.0,,,negative,0.9983660578727722,malay,Malay/Bumiputera,sadness,0.03960364684462547,0.3891703188419342,0.01829764060676098,0.42883098125457764,0.026162300258874893,0.07305199652910233
instagram,comment,18062968520456823,1970马杀鸡也是房车否？,,https://www.instagram.com/p/DYddDYBFO06/,DYddDYBFO06,negative,2026-05-18 05:11:48+00:00,0,0,0,0,0.09660676717758179,0,,,0.0,negative,0.677977442741394,multilingual,Unknown,no_clear_emotion,0.03157348185777664,0.023789670318365097,0.017252309247851372,0.0235315952450037,0.38673338294029236,0.12663494050502777
instagram,post,3899384147291537686,"马来西亚送餐员终于可能迎来一个“比较喘得过气”的消息了。

首相拿督斯里安华透露，政府正在考虑把送餐员的BUDI95汽油补贴配额，从目前每月200公升提高到250公升，并会在本周二的国家经济行动理事会会议上正式讨论。

说真的，现在很多送餐员看到“200公升”和普通民众一样时，都会觉得有点不合理。因为对一般上班族来说，油只是通勤；但对外送员来说，油就是他们的“工作成本”和“收入来源”。

尤其现在不少送餐员一天跑十多个小时，来回几十趟，200公升很多时候根本撑不到月底。油价、车保养、轮胎、维修，全都是真金白银在烧。

所以这次政府愿意重新检讨配额，至少算是开始真正听见基层声音。安华也坦言，这个想法其实是自己下基层时，亲自听送餐员反映后产生的。

不过网友也开始讨论：
“增加50公升当然是好事，但够吗？”
“现在外送行业已经不是兼职那么简单，而是很多年轻人的全职收入来源。”

只能说，这次如果真的落实，对长期依赖摩托车跑单的骑士来说，至少能减轻一点压力。毕竟现在生活成本越来越高，外送员撑起大家便利生活的同时，他们自己的负担其实也越来越重。
-cheng
 #BUDI95  #送餐员  #Grab  #foodpanda  #ShopeeFood  #安华",https://www.instagram.com/p/DYdZTjeGgEW/,,,neutral,2026-05-18 00:07:16+00:00,0,0,0,0,0.5,0,0.0,,,neutral,0.8000562191009521,english,Mixed/Urban,sadness,0.3062748312950134,0.1533692330121994,0.027304528281092644,0.41435953974723816,0.03262050822377205,0.02572149597108364
instagram,comment,18046547708780022,Bmw & merc seller: @#$&&()%;;÷¶|>¬¶,,https://www.instagram.com/p/DYdZTjeGgEW/,DYdZTjeGgEW,negative,2026-05-18 04:23:01+00:00,0,0,0,0,0.1283533215522766,0,,,0.0,negative,0.5721555948257446,multilingual,Unknown,love,0.07935032993555069,0.03626566752791405,0.06815004348754883,0.04431214928627014,0.6208488345146179,0.03374757990241051
instagram,comment,18596638177024841,谢谢那么看得起我哈哈,,https://www.instagram.com/p/DYdZTjeGgEW/,DYdZTjeGgEW,positive,2026-05-18 03:57:09+00:00,0,0,0,0,0.9344173520803452,0,,,0.0,positive,0.7813911736011505,multilingual,Unknown,love,0.01980365253984928,0.03797139227390289,0.09438975900411606,0.02131647616624832,0.7280874252319336,0.05474922060966492
instagram,comment,17920415451146629,支持,,https://www.instagram.com/p/DYdZTjeGgEW/,DYdZTjeGgEW,neutral,2026-05-18 03:39:02+00:00,0,0,0,0,0.5,0,,,0.0,neutral,0.35225537419319153,multilingual,Unknown,no_clear_emotion,0.11238256841897964,0.07013905793428421,0.0762307271361351,0.05694878101348877,0.22774648666381836,0.08565182238817215
instagram,post,3899365203582930361,"我的ic limit完了，现在换我老公的
只剩下那么多，还有半个月够用吗？
😁月尾假期咧…我要一路北下，顺便做指纹报告。
我觉得这次要打贵油了咯！
如果有补贴每次打油可以省80-100块吃饭钱咧。如果没补贴，我相信更多人辛苦。

#停止打战了吗
#BUDI95
#limit",https://www.instagram.com/p/DYdU_4xFE25/,,,neutral,2026-05-17 23:29:37+00:00,0,0,0,0,0.5,0,0.0,,,neutral,0.8331001400947571,english,Mixed/Urban,sadness,0.1594853401184082,0.12385453283786774,0.03793535754084587,0.2760811746120453,0.20238101482391357,0.04947744682431221
instagram,comment,17926397502296103,仙家不明白什么叫隐形富豪吗？,,https://www.instagram.com/p/DYdU_4xFE25/,DYdU_4xFE25,negative,2026-05-18 03:38:29+00:00,0,0,0,0,0.07545188963413238,0,,,0.0,negative,0.7484937012195587,multilingual,Unknown,surprise,0.02864081598818302,0.14143545925617218,0.020558252930641174,0.13540159165859222,0.07872274518013,0.5148341059684753
instagram,post,3899086523564900294,"“I will bring (the matter) up for discussion at this Tuesday’s meeting. Because they get 200 litres the same as us, RON95 only 200 litres.⁠
⁠
#theSunMY #Local #BUDI95 #fuel #delivery #rider ⁠
⁠
Click the link in bio @theSundaily to read the full story",https://www.instagram.com/p/DYcVojxmT_G/,,,neutral,2026-05-17 14:16:07+00:00,8,0,0,0,0.5,8,8.0,,,neutral,0.8472388982772827,english,Mixed/Urban,no_clear_emotion,0.039964985102415085,0.03212311863899231,0.10741355270147324,0.033422842621803284,0.16208860278129578,0.06211896613240242
instagram,post,3899051606436029673,"政府将于周二（19日）召开的国家经济行动理事会会议，商议将送餐员的BUDI 95汽油补贴配额，从原有200公升提高至250公升的提案。

首相拿督斯里安华指出，政府已注意到，目前每月200公升的配额与相关群体的正常使用量相当，因此有必要重新审视这一标准，以保障送餐员的福祉。

“在周二的会议上，我会提出（此事）并进行讨论。因为他（送餐员）和我们一样，每人只能买到200公升汽油，RON95汽油也只能买到200公升。

“所以我会提醒（通讯部长拿督）法米研究这件事，设法至少增加50公升至250公升。”

安华今日在柔州迪沙慕迪亚拉花园人民组屋（PPR Taman Desa Mutiara ）礼堂举行的“与民交流活动”发言时，这么说。

他说，这建议是他下乡接触基层后主动提出，因为不少送餐员向他反映现有补贴配额不足的问题。

另一方面，安华在听取迪沙慕迪亚拉花园人民组屋居民委员会的反馈后，宣布立即拨款100万令吉，用于该住宅区的紧急维修工作。

#AnwarIbrahim #BUDI95 #汽油补贴 #送餐员 #南洋商报 #nanyangsiangpau
完整内容请点击story (swipe up）

Disclaimer: The caption may have been automatically translated by Instagram. In the event of any discrepancies, the original Chinese version shall prevail. We are not responsible for any inaccuracies resulting from the auto-translation.",https://www.instagram.com/p/DYcNscqiSTp/,,,neutral,2026-05-17 13:06:34+00:00,22,0,0,0,0.5,22,22.0,,,neutral,0.8128027319908142,english,Mixed/Urban,fear,0.16295592486858368,0.22976021468639374,0.05414895340800285,0.2149776965379715,0.1717875897884369,0.04408951848745346
instagram,comment,18089973707203855,Change to EV liao lah..😂😂,,https://www.instagram.com/p/DYcNscqiSTp/,DYcNscqiSTp,neutral,2026-05-16 00:34:03+00:00,0,0,0,0,0.5,0,,,0.0,neutral,0.8274443745613098,english,Mixed/Urban,love,0.02467809058725834,0.024447856470942497,0.12861543893814087,0.03044663369655609,0.5355894565582275,0.08088653534650803
instagram,comment,17940333777238042,"Bro, you can jog as one of alternative. You are a marathoner, remember? 😂",,https://www.instagram.com/p/DYcNscqiSTp/,DYcNscqiSTp,neutral,2026-05-15 23:31:26+00:00,0,0,0,0,0.5,0,,,0.0,neutral,0.6000956296920776,english,Mixed/Urban,love,0.020130740478634834,0.016886385157704353,0.020899664610624313,0.0244347732514143,0.7956143021583557,0.056411176919937134
instagram,post,3899031685472776999,"Kerajaan akan membincangkan cadangan meningkatkan had kuota Budi MADANI RON95 (BUDI95) bagi penghantar makanan p-hailing kepada 250 liter, dalam mesyuarat Majlis Tindakan Ekonomi Negara (MTEN), Selasa ini.

Perdana Menteri Datuk Seri Anwar Ibrahim berkata kerajaan mengambil maklum bahawa had semasa sebanyak 200 liter sebulan bagi golongan berkenaan menyamai kadar penggunaan biasa, sekali gus memerlukan penelitian semula demi kebajikan mereka.

“Mesyuarat hari Selasa ini, saya akan bawa (perkara ini) dan bincang. Sebab dia (p-hailing) dapat 200 liter sama macam kitalah, RON95 hanya 200 liter sahaja.

“Jadi, saya kata, nanti saya ingatkan saudara Fahmi (Datuk Fahmi Fadzil), kita cari jalan kalau sekurang-kurangnya naik 50 liter, (menjadi) 250 liter,” kata beliau.

#BernamaNews
#BUDI95 
@anwaribrahim_my
#KrisisBekalanGlobal 
#KonflikAsiaBarat 

Klik pautan di IG story atau layari Bernama.com untuk berita penuh.",https://www.instagram.com/p/DYcJKj0mPMn/,,,positive,2026-05-17 12:26:58+00:00,50,0,0,0,0.9750618755817413,50,50.0,,,positive,0.9168729186058044,malay,Malay/Bumiputera,no_clear_emotion,0.06362602859735489,0.04406245797872543,0.07766268402338028,0.038825251162052155,0.24591369926929474,0.06596178561449051
instagram,post,3898994877707148387,"Kerajaan bincang tingkat kuota BUDI95 bagi penghantar makanan p-hailing kepada 250 liter Selasa ini - PM Anwar

#digitalbernamatv 
#anwaribrahim 
#budi95 
#phailing",https://www.instagram.com/p/DYcAy76zVxj/,,,neutral,2026-05-17 11:13:57+00:00,21,0,0,0,0.5,21,21.0,,,neutral,0.5418351888656616,malay,Malay/Bumiputera,no_clear_emotion,0.05064844712615013,0.023790894076228142,0.0780053436756134,0.03423302620649338,0.15796372294425964,0.03639582172036171
instagram,post,3898867220142905089,"TIADA PENGURANGAN KUOTA RON95 SETAKAT INI

Kerajaan menegaskan tiada sebarang keputusan dibuat untuk mengurangkan kuota subsidi petrol RON95 menerusi program BUDI95 setakat ini. Fokus utama ketika ini adalah memastikan subsidi terus sampai kepada rakyat yang memerlukan dalam menghadapi tekanan kos sara hidup serta ketidaktentuan ekonomi global.

Menurut Menteri Ekonomi, Akmal Nasrullah Mohd. Nasir, kerajaan sedang memperkemas sistem subsidi bersasar bagi mengurangkan ketirisan dan memastikan pengagihan bantuan lebih efektif. Mekanisme seperti subsidi diesel BUDI turut dijadikan antara pendekatan penambahbaikan pengurusan subsidi negara.

Beliau turut memberi jaminan bahawa sebarang perubahan berkaitan dasar subsidi hanya akan diumumkan secara rasmi selepas dimuktamadkan kerajaan. Dalam masa sama, keseimbangan antara kebajikan rakyat dan kestabilan kewangan negara kekal menjadi keutamaan demi memastikan bantuan dapat diteruskan secara mampan untuk jangka panjang.

#MalaysiaMADANI #RancakkanMADANI #MADANIBekerja #YakinMADANI #RON95 #BUDI95 #BudiMADANI #SubsidiBersasar #KosSaraHidup #EkonomiMalaysia #SubsidiRakyat",https://www.instagram.com/p/DYbjxRjCFcB/,,,positive,2026-05-17 07:00:15+00:00,1,0,0,0,0.9967638790607452,1,1.0,,,positive,0.9892129302024841,malay,Malay/Bumiputera,happy,0.18680593371391296,0.1727474331855774,0.23488084971904755,0.055194005370140076,0.1320498138666153,0.036314379423856735
instagram,post,3898837398779319601,"Here’s how you can claim RM10 worth of vouchers for BUDI95 petrol in a few simple ways. 

#ulagamarticle #budi95",https://www.instagram.com/p/DYbc_UPP9Ux/,,,neutral,2026-05-17 06:01:04+00:00,336,0,0,0,0.5,336,336.0,,,neutral,0.6371762752532959,english,Mixed/Urban,no_clear_emotion,0.0231710784137249,0.04244132712483406,0.2035345435142517,0.027523232623934746,0.29919642210006714,0.07158081978559494
instagram,post,3898223356463244190,"Alhamdulillah.. terima kasih T20..

#BUDI95",https://www.instagram.com/p/DYZRX0xH2Oe/,,,positive,2026-05-16 09:40:59+00:00,0,0,0,0,0.8931357681751251,0,0.0,,,positive,0.6437858939170837,english,Mixed/Urban,no_clear_emotion,0.02248898521065712,0.07243697345256805,0.1830323487520218,0.033260419964790344,0.19320622086524963,0.13210390508174896
instagram,post,3898202888082940075,"MyKad Baharu Lebih Selamat, Bantuan Kerajaan Kekal Berjalan

Orang ramai tidak perlu panik dengan pelaksanaan MyKad struktur baharu yang akan bermula bulan depan kerana kerajaan memberi jaminan bantuan seperti Sumbangan Asas Rahmah (SARA) dan BUDI MADANI RON95 (BUDI95) tetap diteruskan tanpa gangguan.

Jabatan Pendaftaran Negara (JPN) memaklumkan semua data penerima bantuan sedia ada kekal tersimpan dalam sistem dan proses migrasi maklumat akan dilakukan secara automatik menerusi pangkalan data pusat. Langkah ini dilaksanakan bersama kementerian serta agensi berkaitan bagi memastikan penyaluran bantuan kepada rakyat terus lancar dan tersusun.

Selain memperkukuh keselamatan identiti, MyKad baharu juga membantu meningkatkan ketelusan proses pengesahan penerima bantuan sekali gus mengurangkan risiko penyalahgunaan maklumat.

JPN turut menasihatkan rakyat agar tidak mudah percaya kepada khabar angin atau maklumat palsu yang mendakwa bantuan kerajaan akan dihentikan sekiranya MyKad tidak ditukar segera. Proses pertukaran akan dibuat secara berfasa dan maklumat rasmi akan diumumkan dari semasa ke semasa.

Rakyat diminta kekal tenang, berwaspada dan sentiasa merujuk saluran rasmi kerajaan bagi mendapatkan informasi tepat.

#MalaysiaMADANI #RancakkanMADANI #MADANIBekerja #YakinMADANI #MyKadBaharu #JPN #BantuanKerajaan #SARARahmah #BUDIMADANI #BUDI95 #KeselamatanIdentiti",https://www.instagram.com/p/DYZMt-GleCr/,,,negative,2026-05-16 09:00:19+00:00,0,0,0,0,0.0010668575763702615,0,0.0,,,negative,0.9964438080787659,malay,Malay/Bumiputera,anger,0.4125629663467407,0.10365965217351913,0.1388016790151596,0.038204625248909,0.07049617171287537,0.04503558948636055
instagram,post,3897902576621117679,"Half month of May 2026 gone...Budi95 left half too. This is my usage in Penang Island only. Now no more cuti-cuti Malaysia or visit Ipoh, KL, Melaka dan sebagainya. Sorry kawan-kawan from other states. Meet virtually can already. We basically burn fuel in traffic jam daily in Penang, take kids to school...school hour jam, for me send 2 kids on different time. After that to work, luckily can manage time to avoid jam as much as possible due to nature of work and also for time efficiency. If not budi95 would be less than quarter left. Our line of work, if more work more petrol burn.

Parents who take kids around knows well, school, tuition & extracurricular activities. For me once car stop, open windows, switch off engine or get out of car as soon as possible if need to wait for kids.

How's your budi95 so far? If I don't have enough siapa buddy enough boleh pinjam your budi95?

#budi95 #ron95 #parenting",https://www.instagram.com/p/DYYIb3QlODv/,,,negative,2026-05-15 23:03:39+00:00,0,0,2,0,0.13021357655525206,2,6.0,,,negative,0.5659547448158264,english,Mixed/Urban,fear,0.14412595331668854,0.38562873005867004,0.04906763136386871,0.22261923551559448,0.1402648389339447,0.022437557578086853
instagram,post,3897544166071057784,"【政府聚焦改革巩固经济增长 负责任财管减油价上涨压力】

政府持续推动以昌明经济为核心的改革措施，并通过友好增长政策、以民为本计划及负责任财政管理，进一步巩固大马经济成长势头。

首相兼财政部部长安华表示，大马经济在2024及2025年维持5.2%的增长，并在2026年首季进一步提升至5.4%。

他指出，政府也通过负责任的财政管理，减轻全球燃油价格上涨对人民及商家的冲击，包括落实昌明惠泽RON95汽油补贴计划（BUDI95）及加强BUDI柴油援助，同时继续支撑家庭开销与经济增长。

#首相安华 #昌明经济 #大马经济 #昌明惠泽 #BUDI95 #燃油价格",https://www.instagram.com/p/DYW28TbD714/,,,neutral,2026-05-15 11:11:33+00:00,0,0,0,0,0.5,0,0.0,,,neutral,0.7707894444465637,english,Mixed/Urban,happy,0.07157015055418015,0.03439394384622574,0.4603882431983948,0.01973089948296547,0.2994910180568695,0.017432844266295433
instagram,post,3897538599088642514,"🚨 你真的不是 T20 吗？😳

政府通常不会直接通知你：
“恭喜，你是 T20 😂”
因为 T20 不是一种正式身份。

很多时候，
政府是通过系统自动判断：
📌 LHDN 报税
📌 家庭收入
📌 银行资料
📌 EPF / SSM
📌 申请补贴的数据
然后默默把你分类。

最明显的信号就是：
❌ STR 拿不到
❌ subsidy 不符合资格
❌ 系统显示收入超标

尤其现在 subsidy rationalisation 开始后：
⚡ 用电高
⚡ 收入高
⚡ 双薪家庭
⚡ 有生意 / rental income
都更容易被归类成“高收入群体”。

所以很多时候：
不是你觉得自己是不是 T20，
而是当你开始拿不到补贴时……
你就会知道答案了 😂
.
.
.
您可能对以下课题感兴趣：
【E-Invoice 最新懒人包】
https://landco.my/social-zh/e-invoice-latest-update-zh/
.
【电子发票 e-Invoice 全指南！】
https://landco.my/information-sharing-zh/e-invoice_zh/
.
【2025年个人税务减免列表】
https://landco.my/tax-relief/personal-tax-relief-2025_zh/
.
.
如果您希望获得有关商业，财务，会计，税务，审计等更多的信息，您可以通过以下链接订阅我们：
https://landco.my/form-cn/
.
感谢您的阅读！
www.landco.my
https://m.facebook.com/LANDCOMALAYSIA/
我们专为世界各地的商家提供所需的马来西亚税务和商业会计专业知识与服务。
.
#landco  #lncoaccountants  #会计楼  #马来西亚 #吉隆坡会计  #T20  #BUDI95",https://www.instagram.com/p/DYW1rSxDVnS/,,,neutral,2026-05-15 11:00:29+00:00,5,0,0,0,0.5,5,5.0,,,neutral,0.8564420342445374,english,Mixed/Urban,sadness,0.0653454065322876,0.25543540716171265,0.014409538358449936,0.35199302434921265,0.05420982837677002,0.16666805744171143
instagram,post,3897475851001058600,"T20 losing RON95 subsidy? The pump may not be your biggest problem. 💡

RM376 more a month on petrol hurts, but if it lands on your credit card at 18% APR, that's the real damage. iMoney shows you how to fix your debt structure before the cut hits.

🔗 https://www.imoney.my/articles/ron95-subsidy-cut-t20-malaysia-cash-flow-2026

#RON95 #BUDI95 #PetrolSubsidy #T20Malaysia #PersonalLoan #DebtConsolidation #iMoney #MalaysiaFinance #PersonalFinanceMY #CreditCard #HomeLoan #Refinancing #BudgetMalaysia #M40 #T20",https://www.instagram.com/p/DYWnaMDlNUo/,,,negative,2026-05-15 08:55:49+00:00,0,0,0,0,0.1183227002620697,0,0.0,,,negative,0.6055909991264343,english,Mixed/Urban,sadness,0.1082107275724411,0.0889875516295433,0.04913189262151718,0.45883655548095703,0.1667071431875229,0.027298463508486748
instagram,post,3897361900318111946,"Kereta proton dan perodua ni sebenarnya overprice ke? Tak boleh jual murah sbb kalah dgn economic of scale? Memang mana2 kereta luar masuk Malaysia Auto jadi mahal eh? 

Orang yang beli ferrari kat Malaysia ni mmg betul2 kaya eh. Try compare. 

Patutnya local car brand buat je segmen kereta RM50K kebawah. Atau focus buat motosikal. Sebab kereta nak export mana je, kalau motosikal ada chance. Focus electric bike/scooter

Biarlah kereta dari luar masuk tanpa cukai yang tinggi. Dengan keadaan jalan raya jem dengan kereta, LRT sesak harga petrol tinggi, tunggang motosikal merupakan pilihan terbaik. Aku rasa dah ada dah yang terfikir tapi, MUNGKIN  ada yg tak masyukk. Tak nak la diaorg buat. Sbb gaji n pencen penggubal dasar tak cukup. 

#lrt #petrol #budi95 #proton #perodua",https://www.instagram.com/p/DYWNf_NmjjK/,,,negative,2026-05-15 05:09:25+00:00,1,0,0,0,0.0005098164081573375,1,1.0,,,negative,0.9983006119728088,malay,Malay/Bumiputera,anger,0.43158549070358276,0.2182912826538086,0.011708119884133339,0.2256125509738922,0.04772241786122322,0.03318548947572708
instagram,post,3897343498346876833,"TIADA PENGURANGAN KUOTA RON95 SETAKAT INI

Kerajaan belum membincangkan sebarang cadangan untuk mengurangkan kuota subsidi petrol RON95 menerusi program Budi MADANI (BUDI95). Menteri Ekonomi, Akmal Nasrullah Mohd. Nasir berkata, fokus utama kerajaan ketika ini adalah memastikan subsidi sedia ada terus membantu rakyat menghadapi kos sara hidup dan ketidaktentuan harga global.

Menurut beliau, kerajaan sedang menambah baik sistem pengurusan subsidi supaya lebih bersasar serta dapat mengurangkan ketirisan, termasuk menerusi mekanisme subsidi diesel seperti BUDI. Setakat ini, tiada keputusan dibuat berkaitan pengurangan kuota subsidi RON95.

Beliau turut menegaskan bahawa sebarang perubahan dasar subsidi akan diumumkan secara rasmi selepas dimuktamadkan kerajaan. Dalam masa sama, keseimbangan antara kebajikan rakyat dan kedudukan kewangan negara terus menjadi keutamaan demi memastikan bantuan dapat dinikmati secara mampan.

#MyCommunityNews 
#MCN
#MalaysiaMADANI
#BUDI95
#KuotaSubsidi",https://www.instagram.com/p/DYWJUNCpM-h/,,,positive,2026-05-15 04:32:53+00:00,39,0,13,0,0.9887666225433349,52,78.0,,,positive,0.9625554084777832,malay,Malay/Bumiputera,no_clear_emotion,0.1600973904132843,0.16113720834255219,0.1988450586795807,0.04921834543347359,0.1709694117307663,0.04084112122654915
instagram,post,3897315998399950409,"Most people don't realise this about T20. 👇
A teacher + a nurse = RM12,000/month = ""rich.""
Same pump. Double the price. RM200–400 more every month — just because you crossed a line.
T20 isn't rich. T20 is just not poor enough to get help.
Swipe to see the full picture. 🔁
#T20 #PetrolSubsidi #BUDI95",https://www.instagram.com/p/DYWDEBuE25J/,,,negative,2026-05-15 03:38:13+00:00,43,0,0,0,0.09990658164024352,43,43.0,,,negative,0.6669780611991882,english,Mixed/Urban,fear,0.06985820084810257,0.5680004358291626,0.10127044469118118,0.11875571310520172,0.06889346241950989,0.03479874134063721
instagram,post,3896934470490115827,"政府要砍 T20 的 RON95 补贴。但你真的是 T20 吗？

RM12,680 的家庭月入，在 KL 勉强撑得起一家人。
但在统计学上，你已经被归类成""够富""的那群。

看完这 8 张，再决定你要不要继续被这个标签定义。

#t20malaysia #budi95 #ron95 #malaysia #personalfinance",https://www.instagram.com/p/DYUsUEKic7z/,,,negative,2026-05-14 15:00:11+00:00,10,0,0,0,0.0008313238620757946,10,10.0,,,negative,0.9972289204597473,malay,Malay/Bumiputera,no_clear_emotion,0.07157488912343979,0.09176962077617645,0.09332111477851868,0.07333092391490936,0.2723768949508667,0.08217673003673553
instagram,post,3896813632030470054,"SUBSIDI | Tiada sebarang perbincangan dimuktamadkan setakat ini berhubung pengurangan kuota penggunaan di bawah program BUDI95, sebaliknya kerajaan ketika ini memberi tumpuan kepada pelaksanaan subsidi diesel menggunakan sistem sama seperti BUDI95.⠀
⠀
#BuletinTV3 #BeritaTerkini #Subsidi #BUDI95 #Kuota⠀",https://www.instagram.com/p/DYUQ1olE2-m/,,,positive,2026-05-14 11:00:16+00:00,78,0,9,0,0.9968292355537414,87,105.0,,,positive,0.9894307851791382,malay,Malay/Bumiputera,no_clear_emotion,0.044190555810928345,0.03200910612940788,0.08774887025356293,0.031480785459280014,0.1609117090702057,0.06377474218606949
instagram,post,3896807518060370941,"月入 RM11k 就算 T20？算完这笔油钱我沉默了... ⛽️💸

在马来西亚，月入 RM11,820 就被归类为 T20。 
听起来很风光，但住在 KL 的人都懂：
扣除房贷、车贷、孩子教育和家用，
剩下的只是“生存金”。

更扎心的是，BUDI95 补贴重组要来了： 
🔹 现在油价： RM1.99 
🔹 市场油价： RM3.87 
🔹 每缸油 (50L) 差价： RM94！
如果是双车家庭，一年多出的油钱，
足够全家去一趟欧洲旅游了。✈️

作为理财师，建议你现在就做 3 件事： 
1️⃣ 重算月度预算： 把上涨的油费预留出来。 
2️⃣ 压力测试： 确保现金流在涨价后依然健康。 
3️⃣ 加固储备金： 至少存够 6 个月的“新生活费”。

政策改不了，但我们可以提前建好自家的“财务护城河”。

💬 讨论：你觉得月入 RM11k 在 KL 算有钱吗？ 
💬 如果油价翻倍，你会考虑换 EV 吗？

#budi95 #t20 #理财规划",https://www.instagram.com/p/DYUPcqgD1v9/,,,negative,2026-05-14 10:47:57+00:00,10,0,0,0,0.0882553517818451,10,10.0,,,negative,0.7058154940605164,multilingual,Unknown,no_clear_emotion,0.08426996320486069,0.1165529265999794,0.2338278889656067,0.043182678520679474,0.2242361158132553,0.05509466677904129
instagram,post,3896806977816644057,"Kerajaan belum mengadakan perbincangan mengenai cadangan untuk mengurangkan kuota subsidi petrol RON95 menerusi program Budi MADANI (BUDI95) dalam Mesyuarat Majlis Tindakan Ekonomi Negara (MTEN).

Menteri Ekonomi, Akmal Nasrullah Mohd. Nasir berkata, tumpuan kerajaan ketika ini adalah memastikan mekanisme subsidi sedia ada kekal berfungsi secara berkesan dalam melindungi rakyat daripada tekanan kos sara hidup terutama susulan ketidaktentuan harga pasaran global.

#malaysiagazette
#BUDI95
#menteriekonomi
#MTEN

Berita lanjut layari www.malaysiagazette.com",https://www.instagram.com/p/DYUPUzXBknZ/,,,positive,2026-05-14 10:46:56+00:00,9,0,0,0,0.9979445874691009,9,9.0,,,positive,0.9931486248970032,malay,Malay/Bumiputera,anger,0.29897382855415344,0.2642395794391632,0.1462015062570572,0.049613308161497116,0.08084351569414139,0.030783068388700485
instagram,post,3896787815317953314,"Transport Minister Anthony Loke confirmed today that the Budi95 system will remain status quo for everyone, high-income earners included.

The reason? They want to avoid the ""chaos"" of tiered pricing at the pump. Loke says the priority is keeping things ""simple and direct"" using just your MyKad. Basically, they'd rather everyone get the subsidy than deal with a complicated system that might lead to more leakages.

Tag that one friend who was already mentally preparing to pay market price! 😂

Check out the full article on our website. Link in bio. 

#BUDI95 #RON95 #BUDIMadani",https://www.instagram.com/p/DYUK985GNsi/,,,neutral,2026-05-14 10:08:49+00:00,3,0,1,0,0.5,4,6.0,,,neutral,0.8273512125015259,english,Mixed/Urban,happy,0.1495543271303177,0.12847508490085602,0.3615114688873291,0.043384797871112823,0.13659028708934784,0.024427488446235657
instagram,post,3896780984808779880,"Sistem subsidi petrol BUDI95 kekal diteruskan dan tiada isu penarikan subsidi RON95 melibatkan golongan T20 buat masa ini, kata Menteri Pengangkutan, Anthony Loke.

Beliau berkata, perkara utama yang sedang diberi perhatian ketika ini ialah memastikan mekanisme subsidi dapat dilaksanakan secara mudah dan lebih tersusun.

#malaysiagazette
#BUDI95
#MOT

Berita lanjut layari www.malaysiagazette.com",https://www.instagram.com/p/DYUJajfBjBo/,,,positive,2026-05-14 09:55:20+00:00,86,0,5,0,0.9756663560867309,91,101.0,,,positive,0.9188878536224365,malay,Malay/Bumiputera,no_clear_emotion,0.12503662705421448,0.0803472027182579,0.16031287610530853,0.023900220170617104,0.10694637894630432,0.04346674680709839
instagram,post,3896735816618035365,"【政府维持BUDI95政策 T20继续享有燃油补贴】

政府将继续维持昌明惠泽RON95汽油补贴计划 (BUDI95) ，近期内无意取消高收入群体 (T20) 享有的燃油津贴。

交通部部长陆兆福表示，BUDI95是一项简单且受控的补贴机制，我国公民仅凭身份证即可受惠，并可防止出现漏洞的问题。

不过，他坦言，任何补贴机制均无法全面覆盖所有群体，包括部分未能获得柴油补贴的拖车业者。然而，目前大多数关键行业比如运送必需品及集装箱货物的商用车，仍被纳入现有补贴体系内。

#RON95 #汽油补贴 #T20 #交通部 #陆兆福 #BUDI95",https://www.instagram.com/p/DYT_JRVD0il/,,,neutral,2026-05-14 08:25:30+00:00,2,0,0,0,0.5,2,2.0,,,neutral,0.8833994269371033,english,Mixed/Urban,fear,0.1562155783176422,0.2519215941429138,0.0794404149055481,0.08530344814062119,0.11679025739431381,0.0852293148636818
instagram,post,3896732535506427924,"The Budi95 petrol subsidy will remain accessible for T20 households, ensuring fairness for all Malaysians.

Full read on site, link in bio
#MalaysiaNews
#SubsidySupport
#Budi95",https://www.instagram.com/p/DYT-ZhjkWAU/,,,positive,2026-05-14 08:18:58+00:00,1,0,0,0,0.8643777847290038,1,1.0,,,positive,0.5479259490966797,english,Mixed/Urban,happy,0.05989013612270355,0.05629720911383629,0.31281712651252747,0.038198988884687424,0.25848469138145447,0.046458758413791656
instagram,post,3896727164766245493,"汽油补贴可能再跌......

👉 点击 BIO 链接，查看完整内容！

#budi95 #汽油补贴 #大马政府",https://www.instagram.com/p/DYT9LXqgdJ1/,,,neutral,2026-05-14 08:08:18+00:00,0,0,0,0,0.5,0,0.0,,,neutral,0.8626160621643066,english,Mixed/Urban,no_clear_emotion,0.07407181710004807,0.023970820009708405,0.03774252533912659,0.018766527995467186,0.06064213067293167,0.04503488913178444
instagram,post,3896724748747789211,"BUDI95 cut? The real leak in your budget isn't at the pump. ⛽

Putrajaya may trim your RON95 quota, but your 18% credit card debt is draining more every single month. iMoney's panel has personal loans from 5.07% that can help fix that leak.

🔗 https://www.imoney.my/articles/budi95-ron95-quota-cut-150-litres-malaysia-2026

#BUDI95 #RON95 #OPR #PersonalLoanMalaysia #DebtConsolidation #iMoney #CreditCardDebt #MalaysiaFinance #PersonalFinance #M40 #T20 #BudgetTips #SavingsMalaysia",https://www.instagram.com/p/DYT8oNkldOb/,,,negative,2026-05-14 08:03:31+00:00,2,0,0,0,0.12740162014961243,2,2.0,,,negative,0.5753279328346252,english,Mixed/Urban,love,0.10945013165473938,0.1326981484889984,0.13141228258609772,0.0882783830165863,0.25038301944732666,0.04591198265552521
instagram,post,3896711473884386238,"𝐅𝐔𝐄𝐋 𝐖𝐀𝐓𝐂𝐇: 𝐖𝐄𝐄𝐊𝐋𝐘 𝐔𝐏𝐃𝐀𝐓𝐄 ⛽📈
【𝟏𝟒 𝐌𝐚𝐲 𝟐𝟎𝟐𝟔 - 𝟐𝟎 𝐌𝐚𝐲 𝟐𝟎𝟐𝟔】

Every week checking petrol prices again? 
Maybe it’s time to switch to electric with the ORA GOOD CAT ⚡
✔ Up to 480KM driving range
✔ Fast charging in just 38 minutes
✔ Safe & reliable LFP battery technology

Say goodbye to fuel anxiety and hello to smarter driving.

📍Visit our GWM showroom today! 

#GWM #GWMButterworth #GWMGeorgetown #GWMSungaiPetani #BUDI95",https://www.instagram.com/p/DYT5nCZEVO-/,,,neutral,2026-05-14 07:37:08+00:00,2,0,0,0,0.5,2,2.0,,,neutral,0.8716752529144287,english,Mixed/Urban,happy,0.025498133152723312,0.042109403759241104,0.6371080279350281,0.017013249918818474,0.17571255564689636,0.03745359182357788
instagram,post,3896657433272798331,"Kerajaan menegaskan tiada sebarang perbincangan yang memuktamadkan pengurangan kuota penggunaan di bawah program BUDI95 buat masa ini.

Berita penuh di IG Story

#budi95 #kuotabudi95 #mediatelus",https://www.instagram.com/p/DYTtUpJnEx7/,,,neutral,2026-05-14 05:49:46+00:00,5,0,1,0,0.5,6,8.0,,,neutral,0.9491832256317139,malay,Malay/Bumiputera,no_clear_emotion,0.09458703547716141,0.0253696758300066,0.09158314764499664,0.03276285156607628,0.14811331033706665,0.04232374206185341
instagram,post,3896631701732770007,"Dah Semak Kategori Isi Rumah Anda? Jangan Terlepas Info Subsidi BUDI95 Terbaru!

Rakyat Malaysia, adakah anda tahu dalam kategori mana pendapatan isi rumah anda jatuh sekarang?

Berdasarkan pengumuman terkini daripada pihak kerajaan mengenai pelaksanaan subsidi BUDI95, pengelasan pendapatan telah dikemas kini kepada kategori B1 hingga T2 seperti dalam jadual di atas.

Sila ambil perhatian, mereka yang berada dalam julat pendapatan yang lebih tinggi mungkin berisiko kehilangan kuota subsidi petrol ini susulan pengumuman terkini daripada PMX.

Mari kita semak julat pendapatan bulanan anda:
🔹 B40 (B1 - B4): Pendapatan di bawah RM4,849 sebulan.
🔹 M40 (M1 - M4): Pendapatan antara RM4,850 hingga RM10,959 sebulan.
🔹 T20 (T1 - T2): Pendapatan RM10,961 dan ke atas sebulan.

Sama ada anda berada dalam kategori B40 atau M40, adalah sangat penting untuk kita semua sentiasa merancang perbelanjaan bulanan dan aliran tunai keluarga dengan lebih bijak demi menghadapi perubahan kos sara hidup akan datang.

Jom SHARE post ini kepada ahli keluarga dan rakan-rakan yang lain supaya semua orang peka dengan maklumat terkini ini!

Di manakah kategori isi rumah anda sekarang? Cuba komen di bawah. 👇

#KamHoongCredit #BUDI95 #SubsidiPetrol #InfoSemasa #pengurusankewangan",https://www.instagram.com/p/DYTneMyTsDX/,,,negative,2026-05-14 05:00:29+00:00,0,0,0,0,0.00048227906227110706,0,0.0,,,negative,0.9983924031257629,malay,Malay/Bumiputera,anger,0.6824949383735657,0.07102072983980179,0.08694356679916382,0.02597949281334877,0.045193783938884735,0.01850765570998192
instagram,post,3896632493478169240,"BUDI95 Bantu Kerajaan Fahami Corak Penggunaan Petrol Rakyat

Program BUDI95 kini menjadi antara instrumen penting kerajaan dalam memahami corak sebenar penggunaan petrol rakyat, sekali gus membantu memastikan subsidi bahan api disalurkan secara lebih tepat dan mampan.

Menurut Timbalan Menteri Kewangan, Liew Chin Tong, data semasa menunjukkan sekitar 80 peratus rakyat Malaysia menggunakan kurang daripada 200 liter petrol sebulan. Ini menjelaskan mengapa pengurangan kuota subsidi daripada 300 liter kepada 200 liter memberi kesan yang minimum kepada majoriti pengguna.

Dalam situasi ketegangan global dan ketidaktentuan bekalan tenaga dunia, kerajaan kini memberi fokus kepada usaha memastikan bekalan bahan api negara kekal stabil dan mencukupi untuk jangka panjang. Pada masa sama, golongan berpendapatan rendah serta pengguna motosikal terus diberi perlindungan agar tidak terbeban dengan peningkatan kos sara hidup.

Beliau turut menegaskan bahawa tiada pengumuman baharu dibuat berkaitan had penggunaan petrol ketika ini. Sebaliknya, BUDI95 dilihat sebagai platform penting untuk membantu kerajaan merancang pengurusan subsidi dan penggunaan bahan api negara secara lebih berhemah.

Penggunaan petrol secara bijak bukan sahaja membantu menjimatkan perbelanjaan rakyat, malah memainkan peranan besar dalam memastikan kestabilan bekalan negara terus terjamin pada masa hadapan.

#MalaysiaMADANI #RancakkanMADANI #MADANIBekerja #YakinMADANI #BUDI95 #SubsidiPetrol #EkonomiMADANI #KosSaraHidup #SubsidiBersasar #FuelSecurity",https://www.instagram.com/p/DYTnpuKAsqY/,,,negative,2026-05-14 05:00:15+00:00,0,0,0,0,0.001630210876464866,0,0.0,,,negative,0.9945659637451172,malay,Malay/Bumiputera,anger,0.3273923993110657,0.11796063929796219,0.13470958173274994,0.08551197499036789,0.12589044868946075,0.029560016468167305
instagram,post,3896621976429765387,"以后，追女仔不用秀什么。
所谓“有钱人”的象征🤭。
#Budi95",https://www.instagram.com/p/DYTlQrZE6ML/,,,neutral,2026-05-14 04:39:20+00:00,0,0,0,0,0.5,0,0.0,,,neutral,0.8315851092338562,english,Mixed/Urban,love,0.044671446084976196,0.0475834459066391,0.28553706407546997,0.03180720657110214,0.41861456632614136,0.03444697707891464
instagram,post,3896617373928284432,"🚨 月入 RM13k 家庭 = “有钱人”？🧐
 以后可能连 RON95 津贴都没有了？ 😳

最近很多人在讨论：
 “T15 / T20 可能被取消津贴”

但很多人其实误会了重点👇
 政府看的不是你个人薪水，
 而是「家庭总收入」！

也就是说：
 👨 老公 RM8k + 👩 老婆 RM6k
 ➡️ 家庭收入 RM14k
 ➡️ 可能已经属于 T15！

目前讨论中的方向包括：
 ⛽ RON95 津贴
 💰 现金援助
 📉 部分补贴机制调整

不过⚠️ 目前还没正式公布：
 • 收入怎么算
 • 谁有资格
 • M40 会不会受影响
 • 怎样验证身份
现在大家最争议的不是补贴，

 而是👇
💭 “现在一家月入 RM13k-RM14k，真的算高收入吗？”
你觉得呢？欢迎留言讨论 👇
.
.
.
您可能对以下课题感兴趣：
【E-Invoice 最新懒人包】
https://landco.my/social-zh/e-invoice-latest-update-zh/
.
【电子发票 e-Invoice 全指南！】
https://landco.my/information-sharing-zh/e-invoice_zh/
.
【2025年个人税务减免列表】
https://landco.my/tax-relief/personal-tax-relief-2025_zh/
.
.
如果您希望获得有关商业，财务，会计，税务，审计等更多的信息，您可以通过以下链接订阅我们：
https://landco.my/form-cn/
.
感谢您的阅读！
www.landco.my
https://m.facebook.com/LANDCOMALAYSIA/
我们专为世界各地的商家提供所需的马来西亚税务和商业会计专业知识与服务。
.
#landco  #lncoaccountants  #会计楼  #马来西亚 #吉隆坡会计  #T15  #BUDI95  #B40",https://www.instagram.com/p/DYTkNs-nGEQ/,,,neutral,2026-05-14 04:30:11+00:00,15,0,0,0,0.5,15,15.0,,,neutral,0.8876349925994873,english,Mixed/Urban,no_clear_emotion,0.19205336272716522,0.16121366620063782,0.056712985038757324,0.049720775336027145,0.06449878960847855,0.19548769295215607
instagram,post,3896105603948754419,"KENYATAAN MEDIA 

-13hb Mei 2026

Saya berpandangan bahawa cadangan penghapusan subsidi BUDI95 bagi golongan T20/T15 perlu diteliti secara menyeluruh dan dilaksanakan dengan penuh berhati-hati demi memastikan keseimbangan antara reformasi fiskal negara dan kesejahteraan rakyat dapat dipelihara.

Dalam keadaan ekonomi global yang masih tidak menentu serta ketegangan konflik di Timur Tengah yang terus memberi tekanan kepada harga minyak dunia, sebarang perubahan terhadap mekanisme subsidi bahan api pasti akan memberi implikasi langsung kepada kos kehidupan rakyat dan ekosistem ekonomi negara.

Walaupun saya memahami keperluan kerajaan untuk memperkukuh kedudukan fiskal negara dan memastikan subsidi disasarkan dengan lebih berkesan, kerajaan juga perlu mengambil kira kesan limpahan terhadap inflasi, kuasa beli rakyat, penggunaan domestik serta peningkatan kos sara hidup, khususnya kepada golongan kelas pertengahan bandar yang kini berdepan tekanan komitmen bulanan yang semakin tinggi.

Golongan yang dikategorikan sebagai T20 atau T15 tidak semestinya hidup dalam keadaan selesa sepenuhnya. Ramai dalam kalangan mereka turut menanggung kos perumahan, pendidikan anak-anak, penjagaan ibu bapa serta komitmen kewangan lain yang besar, terutama di kawasan bandar.

Oleh itu, sebarang mekanisme yang diperkenalkan mestilah adil, praktikal dan berpandukan data yang tepat supaya usaha memperkukuh kewangan negara tidak akhirnya membebankan rakyat biasa atau menjejaskan ketahanan ekonomi domestik.

Kita mahu dasar yang bukan sahaja kukuh dari sudut pengurusan kewangan kerajaan, tetapi juga mampu melindungi kesejahteraan rakyat secara menyeluruh serta memastikan pertumbuhan ekonomi negara terus mampan dan inklusif.

- Kumaran Krishnan 
ADUN Bagan Dalam
 
#trendingnewsmalaysia #beritaditiktok #fyp
#BUDI95 #kuota",https://www.instagram.com/p/DYRv2eCxjXz/,,,positive,2026-05-13 11:34:03+00:00,-1,0,2,0,0.9792986750602721,1,5.0,,,positive,0.9309955835342407,malay,Malay/Bumiputera,anger,0.40980491042137146,0.14228472113609314,0.172350212931633,0.04857724905014038,0.11435958743095398,0.01815779134631157
instagram,post,3896074004848113828,"🇲🇾 大马人，你赞同budi95每月配额调去150L吗？
.
🎁 点击免费领取美食👇
https://redhottreats.com/en?category=food-beverages
.
.
指出，政府或考虑将仁政昌明95汽油补贴（BUDI95）配额进一步下调至每月150公升
他说，目前约80%大马人每月汽油用量少于200公升，相信大多数民众不会受到影响。
.
有人觉得： “150公升已经够用了。”
但也有人担心： “万一长途工作、跑业务、回乡怎么办？”
你觉得呢？ 把配额降去150公升，合理吗？⛽
.
.
.

🎁 点击免费领取美食👇
https://redhottreats.com/en?category=food-beverages

.
📍 KL / Selangor / Johor / Penang 各大人气档口餐厅
每天都有不同 FREE 美食 & 饮料等你来拿！

👉 鸡扒｜面类｜咖啡｜饮料｜Cash voucher｜Discount
👉 隐藏档口福利通通可以 redeem

.
💡 怎么拿？超简单：

1️⃣ 注册 Red Hot Treats 账号
👉 https://redhottreats.com/en/auth/signup

2️⃣ 选择你要的 FREE 食物 / 饮料

3️⃣ 到店出示 QR code
👉 直接吃，不用给钱！😍

.

🎯 想要更多【免费美食】&【隐藏档口福利】
关注 Red Hot Treats
每天都有 FREE 可以拿！

📩 商业合作｜合作洽谈
➡️ 017-900 8284 ｜https://wa.link/27fdvz

.

#BUDI95 #油价 #汽油补贴 #马来西亚 #免费美食 #redhottreats",https://www.instagram.com/p/DYRoqpFmvik/,,,neutral,2026-05-13 10:30:40+00:00,11,0,0,0,0.5,11,11.0,,,neutral,0.8267244100570679,english,Mixed/Urban,no_clear_emotion,0.14882050454616547,0.12930575013160706,0.04437917843461037,0.0716279074549675,0.22904476523399353,0.09652382880449295
instagram,post,3896058684564635621,"政府未來可能進一步調整 RON95 補貼機制！財政部副部長劉鎮東表示，目前 BUDI95 計畫下的 RON95 每月補貼配額，未來可能從現有的 200 公升，進一步下調至 150 公升。他說，這麼做的目的，主要是為了確保一旦全球能源危機持續，國內燃油供應仍能穩定。

⚡️閱讀全文請點擊 BIO 鏈接或動態

#BUDI95 #補貼 #汽油 #調整 #qp",https://www.instagram.com/p/DYRlLs9jP_l/,,,neutral,2026-05-13 10:00:09+00:00,56,0,0,0,0.5,56,56.0,,,neutral,0.862193763256073,english,Mixed/Urban,anger,0.2702532410621643,0.18579860031604767,0.24695447087287903,0.045681897550821304,0.07822640240192413,0.033879783004522324
instagram,post,3896053614104392964,"BUDI95配额又要从200L降到150L？😱

别急，刘镇东已经澄清了：政府没有宣布任何新政策，150公升只是数据分享。

但问题是——60%的人确实每月用不到150L，而国际油价已经破百，补贴成本一天2.33亿。

所以配额从300L→200L，再来150L，真的不可能吗？

如果你是：
🔴 长途通勤
🔴 SUV车主
🔴 天天跑业务

那真的要开始注意用油量了。一旦超配额，RM1.99变RM4.02，钱包会很痛。

你觉得150L够用一个月吗？
https://www.carz.com.my/zh/2026/05/first-300l-now-200l-is-150l-inevitable-a-look-at-the-future-of-budi-madani
👇评论区告诉我们

#BUDI95 #RON95 #燃油补贴 #刘镇东 #汽油配额 #补贴合理化",https://www.instagram.com/p/DYRkB6ukbUE/,,,neutral,2026-05-13 09:50:05+00:00,1,0,0,0,0.5,1,1.0,,,neutral,0.8475574254989624,english,Mixed/Urban,anger,0.25556328892707825,0.1704169511795044,0.05139796808362007,0.21557267010211945,0.20397232472896576,0.026334356516599655
instagram,post,3896050174934614650,"联邦政府代言人法米说明，内阁并未商讨削减BUDI95燃油津贴配额一事。

“政府目前正研议配合BUDI95推行柴油津贴。”

此外，法米也在内阁会议后例常记者会表示，会上并未商议重新划分收入群体事宜。

🔍全文这里看👉https://www.malaysiakini.com/news/775058
#当今大马 #malaysiakini
#法米 #BUDI95 #燃油补贴 

➖➖➖➖➖➖➖➖➖➖➖➖

📌关注《当今大马》WhatsApp频道 【即时新闻通知】👉https://mk.my/whatsapp

📌订阅《当今》简报：5分钟看要闻！【完全免费】👉 https://mk.my/newsletter

【提醒】言论空间需要大家共同维护，请读者理性讨论，勿诽谤、人身攻击、发布不实信息、发表煽动或挑衅种族或宗教情绪等言论。一旦司法纠纷或执法单位介入的风险过高，关闭留言区将成为所有人的损失。",https://www.instagram.com/p/DYRjP3wE4J6/,,,negative,2026-05-13 09:43:15+00:00,1,0,0,0,0.0752100795507431,1,1.0,,,negative,0.7492997348308563,multilingual,Unknown,no_clear_emotion,0.19577418267726898,0.03817109391093254,0.09041988849639893,0.06106879189610481,0.1766008585691452,0.0520077608525753
instagram,post,3896040127865189741,Mampu ke enda ku ngisi minyak enti nadai Program Budi95 tu neh? Seminggu sekali ngisi nyampau nya.. 🫪 #subsidi #budi95,https://www.instagram.com/p/DYRg9qsEnVt/,,,negative,2026-05-13 09:23:18+00:00,0,0,0,0,0.05823865234851838,0,0.0,,,negative,0.8058711588382721,multilingual,Unknown,no_clear_emotion,0.033413272351026535,0.12752634286880493,0.03999361768364906,0.025796715170145035,0.14804615080356598,0.2551991045475006
instagram,post,3896022660266740069,"The Cabinet has not discussed any proposal to reduce the BUDI95 fuel subsidy quota, says Communications Minister Fahmi Fadzil, clarifying that reports quoting Deputy Finance Minister Liew Chin Tong were inaccurate.

For report, click link in the bio.

#FuelSubsidy #BUDI95 #FahmiFadzil",https://www.instagram.com/p/DYRc_euEkll/,,,neutral,2026-05-13 08:48:36+00:00,0,0,0,0,0.5,0,0.0,,,neutral,0.6617467999458313,english,Mixed/Urban,fear,0.17148879170417786,0.5797170996665955,0.059830911457538605,0.05623844265937805,0.031673431396484375,0.047529760748147964
instagram,post,3896013260177297482,"▌今天热什么 ▌针对政府有意研究取消T20高收入群体享有的BUDI95燃油补贴计划，目前已在国内掀起争论。林冠英公开向首相安华喊话，希望能继续保留全民共享的补贴机制，并且优先将目标转向利润暴涨的银行业。

行动党峇眼国会议员林冠英在今天发文告直言，若将T20群体排除在燃油补贴计划之外，这一做法不仅显得非常短视，更可能被视为一种“惩罚性措施”，进而削弱人民对财政改革的信任。

林冠英认为，政府对T20群体的定义过于简化，进而忽视了许多城市家庭面对的困境.不少T20收入的家庭，实际上只是在勉强维持生计，不是真正过得舒适。

“许多月收入超过1万1820令吉的家庭，都要面对高昂的生活成本、房屋贷款、育儿开销以及不断增加的财务负担，特别是在城市地区。”

林冠英表示，在当前全球经济危机之下，政府不应该把国民划分为“你我之别”的对立阵营，即所谓的T20高收入群体与其余80%人口，以免让必要的改革变质。

林冠英提议，政府与其牺牲人民的燃油补贴，不如将目标转向持续赚取丰厚利润的银行业，以避免被指奉行“双重标准”。

“为何只针对T20群体，却不针对银行业？尤其是银行业所赚取的回酬，远远高于目前银行提供仅介于2%至2.3%之间的12个月定期存款平均利率。”

📖  点击BIO处链接浏览网站

#BUDI95 #燃油补贴 #T20群体 #林冠英 #银行业 #高利润
#热点 #84hotspot #今天热什么",https://www.instagram.com/p/DYRa2sNFFBK/,,,neutral,2026-05-13 08:29:54+00:00,40,0,0,0,0.5,40,40.0,,,neutral,0.8605160117149353,english,Mixed/Urban,anger,0.3817189335823059,0.1017380803823471,0.08260613679885864,0.11888574063777924,0.17323340475559235,0.026843350380659103
instagram,post,3895948699923678420,"Before you start selling your car, that ""150L petrol cut"" isn't a policy... yet. Deputy Finance Minister Liew Chin Tong clarified his comments were taken out of context. 

But here’s the real talk: Our fuel subsidy bill hit a staggering RM7 BILLION in April alone. The government is officially watching our travel data.

Be honest, can you actually survive on 150L a month, or would you be paying market price by week three? Let’s talk about your monthly 'litres' below!

Check out the full article on our website. Link in bio. 

#BUDI95 #RON95 #BUDIMadani",https://www.instagram.com/p/DYRMLNyGITU/,,,neutral,2026-05-13 06:21:39+00:00,5,0,0,0,0.5,5,5.0,,,neutral,0.7300939559936523,english,Mixed/Urban,fear,0.04351706802845001,0.3173086941242218,0.12912505865097046,0.040716513991355896,0.04656729847192764,0.1471710503101349
instagram,post,3895946844991195171,"Kerajaan diminta tidak terlalu bergantung kepada label pendapatan seperti T20 atau T10 untuk menarik subsidi dan pelbagai kemudahan kerana ramai dalam kategori itu sebenarnya turut berdepan tekanan ekonomi yang semakin mencabar.

Pemain industri logistik dan pengangkutan, Daniel Khoo berkata, persepsi bahawa semua golongan berpendapatan tinggi hidup mewah dan selesa sudah tidak lagi mencerminkan realiti sebenar masa kini.

#malaysiagazette
#budi95
#subsidi

berita lanjut layari www.malaysiagazette.com",https://www.instagram.com/p/DYRLwOPgQgj/,,,negative,2026-05-13 06:17:57+00:00,13,0,4,0,0.07016773223876954,17,25.0,,,negative,0.7661075592041016,malay,Malay/Bumiputera,fear,0.06903153657913208,0.5686891674995422,0.09375815838575363,0.0776597186923027,0.1043519675731659,0.044059619307518005
instagram,post,3895933353274725194,"Pengurangan subsidi BUDI95 langkah kurangkan beban fiskal, didik rakyat berjimat

விரிவான செய்திக்கு இந்த இணைப்பை கிளிக் செய்யவும்:
https://mediaselangor.com/ta/2026/05/356874

#mediaselangortamil #MediaSelangor #Pengurangan #subsidi #BUDI95 #langkah #kurangkan #beban #fiskal #didik #rakyat #berjimat",https://www.instagram.com/p/DYRIr5GiVNK/,,,neutral,2026-05-13 05:51:08+00:00,0,0,0,0,0.5,0,0.0,,,neutral,0.804184079170227,english,Mixed/Urban,love,0.07355286926031113,0.05286874994635582,0.09680970013141632,0.073590949177742,0.37447282671928406,0.05860571935772896
instagram,post,3895900040503580344,"BUDI95 BANTU KERAJAAN FAHAMI CORAK PENGGUNAAN PETROL 

Program BUDI95 membantu kerajaan memahami corak penggunaan petrol rakyat dengan lebih jelas melalui data penggunaan yang terperinci. Timbalan Menteri Kewangan, YB Liew Chin Tong berkata, pengurangan kuota subsidi daripada 300 liter kepada 200 liter sebulan memberi kesan minimum kepada majoriti rakyat kerana sekitar 80 peratus rakyat Malaysia menggunakan kurang daripada 200 liter petrol sebulan.

Kerajaan ketika ini memberi tumpuan kepada usaha memastikan bekalan bahan api negara kekal mencukupi sekiranya berlaku ketegangan global berpanjangan, di samping terus melindungi golongan berpendapatan rendah dan pengguna motosikal daripada tekanan kos sara hidup.

Dalam masa sama, beliau menegaskan tiada pengumuman baharu dibuat berhubung had penggunaan petrol, sebaliknya BUDI95 dilihat sebagai mekanisme penting untuk membantu kerajaan merancang penggunaan bahan api secara lebih mampan. Penggunaan petrol secara berhemah dan sokongan semua pihak amat penting bagi memastikan bekalan negara terus terjamin untuk jangka panjang.

#MyCommunityNews 
#MCN
#MalaysiaMADANI
#SubsidiBersasar
#BUDI95",https://www.instagram.com/p/DYRBHIKpVa4/,,,negative,2026-05-13 04:45:00+00:00,39,0,5,0,0.0005142867565154918,44,54.0,,,negative,0.998285710811615,malay,Malay/Bumiputera,anger,0.31896528601646423,0.15441295504570007,0.12374497950077057,0.09209693223237991,0.13885697722434998,0.026807568967342377
instagram,post,3895896116017732944,"财政部副部长刘镇东今天亲自澄清：政府没有宣布Budi95补贴配额将减至150公升。

他在脸书发帖解释，这完全是他个人发言被断章取义。

他原意是：
1️⃣ Budi95机制很好，能给出数据了解人民出行模式
2️⃣ 政府和社会共识是确保汽油供应能撑最久
3️⃣ 大家需要支持节省用油
4️⃣ 为自己发言引发误解感到遗憾

简单说：150公升的传言，目前不是政府政策。

但副部长也坦言——省油，是全民需要认真面对的事。

https://www.carz.com.my/zh/2026/05/budi95-150-seliter-sebulan-ini-kata-menteri

#Budi95 #RON95 #燃油补贴 #刘镇东 #财政部",https://www.instagram.com/p/DYRAOBND51Q/,,,neutral,2026-05-13 04:37:10+00:00,0,0,0,0,0.5,0,0.0,,,neutral,0.8153665065765381,english,Mixed/Urban,sadness,0.027509314939379692,0.06584081053733826,0.011130035854876041,0.8430077433586121,0.01847880706191063,0.020457277074456215
instagram,post,3895868558434030525,"Ramai haritu mintak aku update bil letrik lepas sebulan pakai Proton e.MAS 7 PHEV. So ni actual calculation sepanjang sebulan aku guna kereta ni. 

Pengiraan yang aku share  sekadar pengiraan anggaran kasar berdasarkan penggunaan aku sendiri sepanjang sebulan yang lepas.

Untuk korang faham dulu, cycle bil letrik rumah aku adalah dari 12hb sampai 10hb setiap bulan.

Bil sebelum pakai PHEV:
⚡ 12 Mac - 10 April = RM268.45
(Ini memang range bil letrik rumah aku sebelum2 ni)

Aku dapat kereta ni pada 15 April. So memang ngam sangat untuk buat comparison.

Bil terbaru:
⚡ 11 April - 10 Mei = RM377.50

Maksudnya beza bil letrik selepas pakai e.MAS 7 PHEV:
👉 RM109.05 sahaja

Sepanjang bulan lepas, aku ada jugak try cas guna DC Charger luar sebab nak test experience fast charging.

⚡ DC Charger luar:
3 kali cas = RM70.16

Aku ada jugak isi minyak full sekali dekat Petronas sebab nak manfaatkan quota April haritu:
⛽ RM70.01

Jadi total keseluruhan kos penggunaan e.MAS 7 PHEV aku untuk sebulan adalah:

RM109.05 — cas rumah 
RM70.16 — DC Charger luar 
RM70.01 — isi minyak 

TOTAL = RM249.22

Sekarang compare dengan kereta lama aku pulak…

🚘 Nissan Serena C27 FL
Purata minyak sebulan:
RM85 x 5 kali isi = RM425

Maknanya lepas tukar ke e.MAS 7 PHEV:

✅ Dari RM425 turun ke RM249.22 
✅ Beza penjimatan = RM175.78 sebulan

Ini pun belum fully optimize lagi sebab bulan lepas aku masih try DC Charger luar.

Untuk bulan ni aku dah stop cas dekat luar sebab lagi prefer cas dekat rumah je. Jauh lebih murah.

So kemungkinan besar bulan ni lagi rendah daripada RM249. InsyAllah

Kesimpulan untuk penggunaan aku sendiri, memang nampak jimat. Tapi untuk orang lain aku tak boleh confirm sebab lain orang, lain penggunaan… lain corak perjalanan… dan lain cara spending masing-masing

#baihaqigetb #protonemas7phev #budi95 #PlugInHybrid #phev",https://www.instagram.com/p/DYQ59ANEtO9/,,,negative,2026-05-13 03:42:24+00:00,559,0,27,0,0.0004844784736633412,586,640.0,,,negative,0.9983850717544556,malay,Malay/Bumiputera,no_clear_emotion,0.03609221428632736,0.03643731400370598,0.053544268012046814,0.02694873698055744,0.1822631061077118,0.09118086099624634
instagram,post,3895855266106361986,"The Deputy Finance Minister stressed that no new 150-litre BUDI95 fuel quota policy has been announced by the government.

👉🏻Link in bio for article

#myc #mycnews #youthsocialasia #social #BUDI95 #LiewChinTong

#Malaysia #news #financeministry #fuel #middleeast #petrol #quota #ron95 #subsidy",https://www.instagram.com/p/DYQ27kwmsiC/,,,neutral,2026-05-13 03:16:00+00:00,2,0,0,0,0.5,2,2.0,,,neutral,0.904878556728363,english,Mixed/Urban,no_clear_emotion,0.11419878154993057,0.067656010389328,0.12529127299785614,0.053028352558612823,0.1415887176990509,0.04967222362756729
instagram,post,3895825954689639262,"Kerajaan disaran menggunakan kaedah pengelasan pendapatan isi rumah berasaskan skor pelbagai dimensi bagi memastikan semakan semula subsidi petrol untuk golongan berpendapatan tinggi dilaksanakan secara lebih telus dan tepat.

Pakar ekonomi Prof Emeritus Dr Barjoyai Bardai berkata pendekatan itu mampu memberikan gambaran lebih menyeluruh terhadap kemampuan sebenar isi rumah kerana langkah itu bukan sahaja menilai pendapatan, malah turut mengambil kira aset, lokasi tempat tinggal, jumlah tanggungan dan corak perbelanjaan.

#malaysiagazette
#subsidi
#budi95

berita lanjut layari www.malaysiagazette.com",https://www.instagram.com/p/DYQwRCYBeNe/,,,positive,2026-05-13 02:17:57+00:00,47,0,1,0,0.9993526577949523,48,50.0,,,positive,0.9978421926498413,malay,Malay/Bumiputera,no_clear_emotion,0.06577883660793304,0.04172530397772789,0.2392415851354599,0.0336354598402977,0.21703919768333435,0.04322314262390137
instagram,post,3895814529733617779,"政府要取消富人的燃油补贴，不是第一天讲了。

问题是，当首相拿督斯里安华宣布政府要这么做了，现在就只是在研究哪个收入群体受影响时，大家追问和质疑的还是老问题。就是，怎么界定富人？

这个答案，其实在拉菲兹还在担任经济部长，政府极力推动主要数据库系统PADU时，早就该有谱了。

2023年时政府开始建立PADU，当时目的就是要锁定真正符合燃油补贴资格的群体。

去年开始落实BUDI95政策时，是拥有有效驾照的国人，不论收入不论贫富都雨露均沾，同享燃油补贴。

当今天各方都在说，不应只凭收入来界定补贴门槛时，要综合各种因素和条件时，其实这些资料都在PADU系统里有的。

因为，这是一个耗资不菲，且是整合来自204个机构的数据，更新了3040万名公民及永久居民个人资料的庞大数据库。

只是3年了，拉菲兹不再是经济部长，而我们如今仍然不知道PADU是否为界定谁该享有燃油补贴，有无答案？

毕竟，不论是现有标准的T20（家庭月收入超过1万1820令吉）或者安华在2025年财案中提到的T15（家庭月收入超过1万3000令吉），都未必合符现在社会现实。因为，双薪家庭且正职与副职多种收入，是现在应付生活成本上涨的大趋势。

两个M40凑成假T20

在大城市地区，家庭月收入就算是1万3000令吉，扣除各种开销，也只是算中等生活。

这是两个M40凑合成的假T20，就算日子过得还体面，都不是安华每每挂在嘴里的MAHAKAYA超级富豪。

其实，相信政府心里也有数，当高官说就算砍了这群MAHAKAYA超级富豪的燃油补贴，对他们的影响也不大。

换成另一句话来说，政府能从MAHAKAYA这里省下的钱，其实也不会很多。但是，如果是一刀切，不论是T20或是T15，省下的钱就会多，只是冲击就很大了。

毕竟，砍了MAHAKAYA的燃油补贴，对他们来说是侮辱性极强，但伤害不大；但砍了一大票M40组成的“假T20”家庭燃油补贴，那是又侮辱又严重伤害。

说到底，问题关键都在，大家都知道旧标准不合时宜了，但新的划分标准呢，说了这么多年几时才出炉呢？

#燃油补贴 #富豪 #BUDI95 #南洋商报 #nanyangsiangpau

Disclaimer: The caption may have been automatically translated by Instagram. In the event of any discrepancies, the original Chinese version shall prevail. We are not responsible for any inaccuracies resulting from the auto-translation.",https://www.instagram.com/p/DYQtqyDk-hz/,,,neutral,2026-05-13 01:55:04+00:00,58,0,1,0,0.5,59,61.0,,,neutral,0.7743724584579468,english,Mixed/Urban,fear,0.08861250430345535,0.3188737630844116,0.059955257922410965,0.0632362961769104,0.10835778713226318,0.10570844262838364
instagram,post,3895787655444605603,"Malaysia should abandon rigid income-based subsidy models and move towards a flexible purpose-voucher system that channels aid directly to households based on actual needs, an economist said, warning that the current approach risks creating distortions, inefficiencies and unfair outcomes.⁠
⁠
Centre for Market Education (CME) chief executive officer Dr Carmelo Ferlito said blanket classifications based largely on income bands fail to capture the real financial pressures faced by many households, particularly as the government prepares to roll out more targeted RON95 fuel subsidies.⁠
⁠
⁠
#theSun #theSunMY #Fuel #Petrol #BUDI95 #Subsidy #T20 #B40⁠
⁠
Click on Linkin.bio @theSundaily to read the full story⁠
⁠
📸: THE SUN",https://www.instagram.com/p/DYQnjtbIKqj/,,,neutral,2026-05-13 01:01:49+00:00,16,0,3,0,0.5,19,25.0,,,neutral,0.6682568788528442,english,Mixed/Urban,happy,0.26510247588157654,0.09316100925207138,0.32317402958869934,0.04547486454248428,0.1272560954093933,0.02398763597011566
instagram,post,3895619876220468669,"Chin Tong Says Remarks On BUDI95 Were Taken Out Of Context: PETALING JAYA: Deputy Finance Minister Liew Chin Tong has clarified that he never officially announced plans to reduce the fuel quota under the Budi Madani (BUDI95) programme to 150 litres as previously reported. He said his remarks regarding the matter had been taken out of context, resulting in public misunderstanding. According to Chin Tong, he … #ChinTong #BUDI95 #FuelQuota #MalaysiaPolitics #DeputyFinanceMinister",https://www.instagram.com/p/DYQBaM2En29/,,,neutral,2026-05-12 19:29:18+00:00,110,0,0,0,0.5,110,110.0,,,neutral,0.6729119420051575,english,Mixed/Urban,no_clear_emotion,0.22246067225933075,0.21074776351451874,0.10595061630010605,0.0807875469326973,0.09327533096075058,0.05898669734597206
instagram,post,3895506430442932660,"Still confused whether you’re B40, M40 or T20? 

Here’s a breakdown of Malaysia’s household income categories,  and who could potentially lose their BUDI95 subsidy quota.

12 May 2026
Source credits: Weirdkaya

#penangig 
#budi95 #t20",https://www.instagram.com/p/DYPnnWOzQm0/,,,neutral,2026-05-12 15:42:58+00:00,9,0,0,0,0.5,9,9.0,,,neutral,0.6761593818664551,english,Mixed/Urban,anger,0.6911666989326477,0.11574722826480865,0.06665549427270889,0.029321780428290367,0.03799445927143097,0.016882935538887978
instagram,post,3895476308641174319,"财政部副部长刘镇东否认，他曾提到政府或降低Budi95的配额至150公升，并为其言论被断章取义而引起轩然大波，深感抱歉和遗憾。
他今午在面子书撰文澄清，自己今天在艾芬银行的论坛被问及马来西亚如何应对全球能源危机时，解释了Budi95是汽油需求管理的机制。
“遗憾的是，我的言论被断章取义。”
🔍全文这里看 👉 https://www.malaysiakini.com/news/774968

#当今大马 #malaysiakini
#BUDI95 #汽油补贴 #刘镇东
➖➖➖➖➖➖➖➖➖➖➖➖
📌关注《当今大马》WhatsApp频道 【即时新闻通知】👉https://mk.my/whatsapp
📌订阅《当今》简报：5分钟看要闻！【完全免费】👉 https://mk.my/newsletter
【提醒】言论空间需要大家共同维护，请读者理性讨论，勿诽谤、人身攻击、发布不实信息、发表煽动或挑衅种族或宗教情绪等言论。一旦司法纠纷或执法单位介入的风险过高，关闭留言区将成为所有人的损失。",https://www.instagram.com/p/DYPgxBHgdMv/,,,negative,2026-05-12 14:43:05+00:00,18,0,2,0,0.05962311923503877,20,24.0,,,negative,0.8012562692165375,multilingual,Unknown,sadness,0.06250455230474472,0.0506100170314312,0.009812845848500729,0.8000965714454651,0.025867009535431862,0.02091553807258606
instagram,post,3895471504302055468,"到底这个政府现在是什么情况？

短短48小时内，RON95汽油补贴课题就出现多个版本。

先是首相拿督斯里安华说原则上同意取消富裕群体补贴，细节近期敲定；隔天，财政部副部长刘镇东又提到每月配额或可从200公升下调至150公升；结果引发民间和朝野炮轰后，又澄清说不是政策建议，只是在解释概念；再到交通部长陆兆福出来说明，内阁根本没有针对T20补贴作出任何决定，首相当时也不是政策宣布。

人民听到这里，肯定很想问：所以到底哪一个版本才是真的？

这样的国家治理，确实让人头疼。

政府不能一边说“还在研究”，一边又让不同部长、副部长不断把不同方向抛出来，让市场和人民自己去猜、去怕、去消化。

今天听到T20可能没补贴，月入1万多令吉的家庭开始焦虑；明天又听到配额可能砍到150公升，长距离通勤族又开始担心；后天部长再出来说，内阁还没有决定，政策没有改变。

请问，人民的情绪是开关吗？市场的信心是玩具吗？

政府必须明白，燃油补贴不是普通课题。RON95牵动的是日常交通、工作成本、物流价格、家庭预算，甚至商家的现金流。

任何一句话，只要从部长口中说出来，就不会只是“个人看法”或“概念说明”。

在人民眼中，那就是政策风向。

所以，官员说话不能随意，更不能今天放风，明天澄清，后天再修正。政策还没定，就不要急着讲；要讲，就必须有完整框架、执行时间。

否则，越讲越乱，越解释越像补洞。

补贴改革本来就不容易，政府需要建立人民信任，而不是制造更多疑虑。人民并没有完全反对改革，而是无法接受不透明、不清楚，以及那种“今天说一套、明天又一套”的治理方式。

一言既出，驷马难追。尤其是关系到民生的钱袋子，政府每一句话都必须有重量。

如果政策仍在研究，就请统一口径；如果尚未决定，就不要把半成品丢进市场；如果真的要改革，就一次过把逻辑讲清楚，把数据摊开，把影响评估说透。

政府治理不能像连续剧，每天等下一集才知道剧情反转。

点击story（Swipe Up）看更多

#燃油补贴 #汽油 #补贴 #RON95 #BUDI95 #T20 #subsidy #南洋商报 #nanyangsiangpau

免费下载App看更多：
https://onelink.to/tkfjhx

Disclaimer: The caption may have been automatically translated by Instagram. In the event of any discrepancies, the original Chinese version shall prevail. We are not responsible for any inaccuracies resulting from the auto-translation.",https://www.instagram.com/p/DYPfrGulKAs/,,,neutral,2026-05-12 14:33:32+00:00,204,0,25,0,0.5,229,279.0,,,neutral,0.8203682899475098,english,Mixed/Urban,anger,0.6574196815490723,0.11638978868722916,0.06375078111886978,0.026144878938794136,0.043934740126132965,0.017521880567073822
instagram,post,3895450544928783104,"Malaysia May Cut BUDI95 Fuel Quota to 150 Litres Amid Global Oil Supply Concerns

KUALA LUMPUR: The government may further reduce the fuel consumption quota under the Budi Madani (BUDI95) programme to 150 litres per month as part of efforts to safeguard the country’s fuel supply amid ongoing tensions in West Asia.

Deputy Finance Minister Liew Chin Tong said no timeline has been set for the proposed reduction, but the move remains under consideration as the BUDI95 system enables the government to monitor fuel usage data more accurately.

For More Info:
https://minutesmy.com/malaysia-may-cut-budi95-fuel-quota-to-150-litres-amid-global-oil-supply-concerns/#minutesmynews
#minutesmy
#malaysiainminutes
#malaysianews
#mynnews 
#DeputyFinanceMinisterLiewChinTong 
#BUDI95 
#AFFINGroup",https://www.instagram.com/p/DYPa6GylPsA/,,,neutral,2026-05-12 13:51:54+00:00,0,0,0,0,0.5,0,0.0,,,neutral,0.8497300148010254,english,Mixed/Urban,happy,0.13029494881629944,0.12600255012512207,0.30536413192749023,0.04968201369047165,0.13824796676635742,0.043076593428850174
instagram,post,3895448488847355609,"政府持续推进汽油补贴合理化之际，“该向谁开刀”再次成为社会焦点。

政府这边厢面对日益沉重的财政压力，那边厢又需顾及民生成本与区域发展失衡，在“取消高收入群体补贴”与“调整东马柴油价格”之间，任何一个决定都牵动着庞大的社会与政治后果。

相比直接提高沙巴与砂拉越柴油价格，多名经济学者认为，率先取消T组别汽油补贴更符合公平原则，也较容易取得社会认同。

原因在于，高收入群体拥有更强消费能力，汽油开销占家庭支出的比例相对有限；反观东马地区，无论物流、交通还是日常商业活动，都高度依赖柴油，一旦价格上涨，冲击将迅速扩散至食品与基本生活成本，最终由普罗大众买单。

不过，看似“向富人开刀”的方案同样隐藏风险。经济学者提醒，若政策处理失衡，容易被贴上“仇富”标签，甚至影响高收入群体与资本留在大马的意愿；而东马柴油合理化若操之过急，则可能激化地方不满，进一步牵动联邦与州政府关系。

马大商业经济系副系主任吴林泰博士认为，若追求短期财政节省效果，调整东马柴油价格更直接，但若强调政策方向与公平性，T20补贴改革会更合理。

“调整东马柴油价格的挑战在于，区域依赖与政策敏感度较高。若一次性调整价格，可能对当地生活成本及中小业者带来较大冲击，但若完全维持无限制补贴，也可能造成财政压力、资源错配，甚至补贴外流或滥用问题。”

相比之下，取消T组别燃油补贴更符合针对性原则，也较容易被接受，但关键问题在于如何界定T20。对此状况，他认为政府可考虑一个折中且更可执行的路径：

（一）东马柴油不全面涨价，但设定每月补贴限额，在合理用量内维持补贴，超出部分再逐步调整价格，以减少滥用，保护依赖柴油群体。

（二）分阶段推进T20改革，如从T20收入中的顶层5%群体开始，而非一刀切覆盖整个群体。

（三）中长期逐步推动补贴制度标准化，减少区域差异与价格扭曲，结合更精准收入识别机制，提高政策针对性。
https://www.enanyang.my/?p=1249069

点击story（Swipe Up）看更多

#东马 #柴油 #补贴 #富人 #燃油补贴 #RON95 #T20 #subsidy #BUDI95 #diesel #南洋商报 #nanyangsiangpau

免费下载App看更多：
https://onelink.to/tkfjhx

Disclaimer: The caption may have been automatically translated by Instagram. In the event of any discrepancies, the original Chinese version shall prevail. We are not responsible for any inaccuracies resulting from the auto-translation.",https://www.instagram.com/p/DYPacL6lC7Z/,,,neutral,2026-05-12 13:47:49+00:00,26,0,1,0,0.5,27,29.0,,,neutral,0.7789701223373413,english,Mixed/Urban,anger,0.6009124517440796,0.05542181059718132,0.06483310461044312,0.05461258068680763,0.11684904992580414,0.01223408617079258
instagram,post,3895414212738836111,"MYHARIAN MEMETIK SUMBER BERITA SINAR HARIAN. 

PUTRAJAYA – Timbalan Menteri Kewangan, Liew Chin Tong menegaskan beliau tidak pernah membuat sebarang pengumuman dasar berkaitan had penggunaan petrol 150 liter sebulan seperti yang dilaporkan.

Beliau berkata, kenyataan dalam satu sesi Fireside Chat anjuran AFFIN Bank telah dipetik di luar konteks sehingga menimbulkan kekeliruan dalam kalangan masyarakat dan media.

ARTIKEL PENUH DI PORTAL BERITA SINAR HARIAN.   

#LiewChinTong #KementerianKewangan #budi95 #SubsidiPetrol #kuota150liter AFFINBank Putrajaya SinarHarian Malaysia BeritaSemasa MYHARIAN",https://www.instagram.com/p/DYPSpZzTmaP/,,,neutral,2026-05-12 12:39:45+00:00,0,0,0,0,0.5,0,0.0,,,neutral,0.8434985876083374,malay,Malay/Bumiputera,no_clear_emotion,0.1978655904531479,0.08089534938335419,0.05859273299574852,0.037358157336711884,0.05120186507701874,0.12281177937984467
instagram,post,3895386175711310627,"BUDI95 ஒதுக்கீடு 150 லிட்டராகக் குறைக்கப்படலாம்- மடானி அரசாங்கத்தின் அடுத்த அதிரடித் திட்டம்?

#madani #kerajaanmadani #budi95 #budi95subsidy #budi95petrol",https://www.instagram.com/p/DYPMRaSPXMj/,,,negative,2026-05-12 11:44:03+00:00,5,0,0,0,0.0015201151371002086,5,5.0,,,negative,0.9949329495429993,malay,Malay/Bumiputera,no_clear_emotion,0.11470189690589905,0.07119645178318024,0.13764876127243042,0.053556542843580246,0.2805387079715729,0.06169872358441353
instagram,post,3895382069370166256,"Kuota bulanan RON95 bawah program BUDI95 berpotensi dikurangkan kepada 150 liter bagi memastikan bekalan bahan api domestik kekal terjamin susulan krisis global. Timbalan Menteri Kewangan, Liew Chin Tong berkata, data menunjukkan majoriti rakyat menggunakan petrol di bawah paras kuota semasa 200 liter sebulan.

Kerajaan juga menekankan keperluan melindungi golongan berpendapatan rendah dan pengguna motosikal supaya tidak terbeban jika harga minyak meningkat.

Sumber: Berita Harian

#NaraViral #NaraTrending #BUDI95",https://www.instagram.com/p/DYPLVp9PBvw/,,,positive,2026-05-12 11:35:53+00:00,22,0,1,0,0.9922013878822327,23,25.0,,,positive,0.9740046262741089,malay,Malay/Bumiputera,anger,0.44435203075408936,0.0790337547659874,0.09058927744626999,0.06892798095941544,0.14607413113117218,0.019658274948596954
instagram,post,3895370622767135344,"Sebarang pengumuman pengurangan kuota bulanan bahan api RON95 di bawah program BUDI95 adalah TIDAK BENAR - @chintong.liew.

#MalaysiaMADANI 
#RancakkanMADANI 
#MOF
#BUDI95
@anwaribrahim_my 

https://harapanmadani.com/tak-benar-kerajaan-mahu-kurangkan-kouta-budi95-chin-tong/",https://www.instagram.com/p/DYPIvFehvpw/,,,negative,2026-05-12 11:13:50+00:00,0,0,0,0,0.004940629005432129,0,0.0,,,negative,0.9835312366485596,malay,Malay/Bumiputera,anger,0.22315257787704468,0.1648799329996109,0.04344431310892105,0.07793957740068436,0.1152259036898613,0.17927458882331848
instagram,post,3895365237047282342,"MCA menyuarakan kebimbangan mendalam terhadap cadangan kerajaan untuk mengurangkan kuota subsidi petrol RON95 Madani (BUDI95) kepada 150 liter sebulan, menyifatkan langkah tersebut sebagai tidak realistik bagi keluarga berpendapatan dua sumber di kawasan bandar.

Berita penuh di IG Story

#mca #ron95 #budi95 #mediatelus",https://www.instagram.com/p/DYPHgtom8qm/,,,positive,2026-05-12 11:02:25+00:00,6,0,0,0,0.9990659296512603,6,6.0,,,positive,0.9968864321708679,malay,Malay/Bumiputera,sadness,0.30346640944480896,0.23790302872657776,0.016942741349339485,0.3707462549209595,0.03081767074763775,0.020867755636572838
instagram,post,3895364729309460462,"Lain kali lukis baru la orang tak salah faham. Tapi biasanya kalau ada ura-ura macam ni mesti akan jadi. Cuma mungkin berubah sikit.

#BUDI95",https://www.instagram.com/p/DYPHZUxE3fu/,,,negative,2026-05-12 11:01:24+00:00,0,0,0,0,0.0004892528057098278,0,0.0,,,negative,0.9983691573143005,malay,Malay/Bumiputera,surprise,0.02341359294950962,0.04714980721473694,0.01821320876479149,0.05824466049671173,0.11813467741012573,0.6064956188201904
instagram,post,3895360221790406752,"▌今天热什么 ▌针对媒体早前指出，财政部副部长刘镇东今天建议，政府可以考虑把BUDI 95的配额调低至150公升一事，刘镇东随即澄清，自己从未代表政府宣布任何政策，也没有提出过“150公升固打限制”将成为潜在的政府政策。

刘镇东今午在面子书上发文澄清指，自己在艾芬银行的论坛上发表的言论遭到断章取义。

“当被问及我国如何应对全球能源危机时，我解释Budi95是汽油需求管理的机制。遗憾的是，我的言论被断章取义。”

刘镇东表明自己当时只是指出，BUDI95是一个好机制，因为它为政府提供大量数据，让我们了解大多数马来西亚人的出行模式。

“各国面对汽油供应危机的同时，我国还有足够的供应支撑至6、7月。政府以及整体社会的首要任务，是确保我国拥有能够维持最长时间的汽油供应。”

他表明，自己当时要表达的是，作为社会的一分子，我们必须要确保汽油能够维持最久。同时，我们也应建立共识，以支持节约汽油资源。

📖 点击BIO处链接浏览网站

#刘镇东 #BUDI95 #汽油补贴 #澄清
#热点 #84hotspot #今天热什么",https://www.instagram.com/p/DYPGXu0AQhg/,,,neutral,2026-05-12 10:52:26+00:00,27,0,2,0,0.5,29,33.0,,,neutral,0.849751889705658,english,Mixed/Urban,sadness,0.15919293463230133,0.22469377517700195,0.056283850222826004,0.3516419231891632,0.09412124007940292,0.036449454724788666
instagram,post,3895354989892543179,"Timbalan Menteri Kewangan, Liew Chin Tong, memohon maaf susulan kekeliruan orang ramai berhubung laporan media yang mendakwa kerajaan berkemungkinan mengehadkan subsidi petrol BUDI95 kepada 150 liter sebulan.

Berita penuh di IG Story

#liewchintong #budi95 #mediatelus",https://www.instagram.com/p/DYPFLmOlyLL/,,,negative,2026-05-12 10:42:03+00:00,5,0,1,0,0.03679064959287642,6,8.0,,,negative,0.8773645013570786,multilingual,Unknown,anger,0.4341801404953003,0.20966432988643646,0.06742770969867706,0.0385180227458477,0.042635709047317505,0.04663202166557312
instagram,post,3895802699170758517,"Government May Cut Budi95 RON95 Quota to 150 Litres!

The Malaysian government is considering lowering the monthly subsidised RON95 quota from 200L to just 150 litres per vehicle under the Budi Madani programme.
Good news for most Malaysians:
✅ 60% already use less than 150 litres per month
✅ 80% use less than 200 litres
This move aims to control soaring fuel subsidy costs while still protecting everyday motorists.

Will this affect you? Or do you think it’s a smart way to manage subsidies? Drop your thoughts below 👇

Read More : https://elskynews.com/2026/05/13/malaysia-government-considers-cutting-budi95-ron95-quota-to-150-litres-amid-rising-fuel-subsidy-costs/
#Budi95 #RON95 #FuelSubsidy #Malaysia #PetrolPrice #Budget2026",https://www.instagram.com/p/DYQq-n_FL91/,,,neutral,2026-05-13 01:31:33+00:00,0,0,0,0,0.5,0,0.0,,,neutral,0.7254732251167297,english,Mixed/Urban,happy,0.09043417870998383,0.05023104324936867,0.30463558435440063,0.047549281269311905,0.2741205096244812,0.04068485274910927
instagram,post,3895350479462763272,"⛽️ BUDI95汽油补贴下调事件｜针对今天早前各大媒体、网络热传关于‘BUDI95汽油补贴下调至150公升’的事件，刘镇东在脸书贴文回应指：他今天在艾芬银行的论坛被问及，大马如何应对全球能源危机时，他解释Budi95是汽油需求管理的机制，并非会成为潜在的政府政策，因此遗憾其言论被断章取义。
·
原文/
今天在艾芬银行的论坛被问及我国如何应对全球能源危机时，我解释Budi95是汽油需求管理的机制。

遗憾的是，我的言论被断章取义。

我当时说的是：

1. Budi95是一个好机制，因为它为政府提供大量数据，让我们了解大多数马来西亚人的出行模式。

2. 其他各国面对汽油供应危机的同时，我国还有足够的供应支撑至6、7月。政府以及整体社会的首要任务，是确保我国拥有能够维持最长时间的汽油供应。

3. 作为社会的一份子，我们必须确保汽油供应能够维持最久；在某个阶段，我们也应建立共识，以支持节约汽油资源。

4. 我没有代表政府宣布任何政策，也从未提出“150公升固打限制”会成为潜在的政府政策。

5. 对于我的评论引起如此大风波，深感抱歉和遗憾。我希望各方能够完整理解我当时所表达的意思。

图文/截自刘镇东社媒

#BUDI95 #风采 #Femininemsia",https://www.instagram.com/p/DYPEJ9kBosI/,,,negative,2026-05-12 10:41:31+00:00,0,0,0,0,0.10889917910099028,0,0.0,,,negative,0.6370027363300323,multilingual,Unknown,sadness,0.033876314759254456,0.07070422917604446,0.009426495060324669,0.834024965763092,0.018914561718702316,0.018777810037136078
instagram,post,3895337551604321111,"最近看到一个数据，其实蛮值得思考。 👀

刘镇东提到：

🇲🇾 马来西亚约 60% 人口，每个月汽油使用量少于 150 公升。

其中 50% 人口，甚至不到 100 公升。这也代表：

很多普通人每天的生活，其实都在很努力地“精打细算”。

上班、接送孩子、买菜、跑生活。
很多人不是开豪车、天天长途。而是👇

👉 很普通地过日子。

所以为什么最近关于：

⛽ RON95 补贴
⛽ BUDI95
⛽ T20 / M40

会引起这么多人讨论。

因为大家真正担心的，不是几块钱油费而已。而是：

📈 生活成本越来越高
📈 中产压力越来越大
📈 很多人已经“刚刚好”生活

现在很多家庭看起来：

✔️ 有工作
✔️ 有车
✔️ 有房

但背后其实是：

房贷、车贷、教育费、医疗费一起压着。所以很多人最怕的，不是“不够努力”。而是👇

👉 明明已经很努力了，生活还是越来越贵。

我觉得，现在很多人开始重视：

✔️ 储蓄
✔️ 保险
✔️ 紧急基金
✔️ 长期规划

不是因为“想变有钱”. 而是👇

👉 希望未来不要被生活突然压垮。 🤍

你好，我是 Remie 😊

我一直相信：

真正成熟的规划，不是等压力来了才想办法。而是👇

👉 在还能准备的时候，先让未来多一点稳定感。

#RON95 #BUDI95 #生活成本 #马来西亚 #M40 T20 风险管理 人生规划 Malaysia",https://www.instagram.com/p/DYPBN1jnYtX/,,,negative,2026-05-12 10:07:23+00:00,2,0,0,0,0.11757634878158568,2,2.0,,,negative,0.6080788373947144,multilingual,Unknown,anger,0.33666858077049255,0.26963096857070923,0.03821658343076706,0.2043103128671646,0.10004519671201706,0.015816660597920418
instagram,post,3895336032460252743,"Which group will be affected next?

For full news, please click story (link)☝️

#MyCarSearch #AllAboutCar #carnews #RON95 #BUDI95 #MalaysiaNews #FuelSubsidy",https://www.instagram.com/p/DYPA3uvkqZH/,,,neutral,2026-05-12 10:04:22+00:00,0,0,0,0,0.5,0,0.0,,,neutral,0.8795880079269409,english,Mixed/Urban,anger,0.5620073080062866,0.04280763491988182,0.09334618598222733,0.0333031490445137,0.051277510821819305,0.02274799905717373
instagram,post,3895331559160058985,"150L monthly? The proposed cut is raising questions about how it may affect daily commuters.

👉🏻Link in bio for article

#myc #mycnews #youthsocialasia #social #BUDI95 #reduction

#Malaysia #news #gigworkers #petrol #quota #struggles #subsidy",https://www.instagram.com/p/DYO_2oqGpRp/,,,neutral,2026-05-12 09:55:30+00:00,2,0,0,0,0.5,2,2.0,,,neutral,0.6499754786491394,english,Mixed/Urban,no_clear_emotion,0.07770559191703796,0.035386454313993454,0.1217857375741005,0.04212847724556923,0.1834002584218979,0.043384481221437454
instagram,post,3895326334432562410,"Tarik subsidi petrol BUDI95 mungkin nampak bijak, tapi kesannya boleh makan balik ekonomi negara.

Ramai fikir bila subsidi petrol BUDI95 ditarik dari golongan T20, negara terus jimat. Tapi realitinya, subsidi petrol BUDI95 yang ditarik boleh cipta rantaian ekonomi — pemilik bisnes kurangkan kos pekerja, pengguna kurangkan belanja, dan peniaga kecil mula terasa tempias. Kesan ini bukan terus nampak hari ini, tapi selalunya 2–3 bulan kemudian bila aliran tunai semakin ketat.

Kalau kerajaan nak buat subsidi bersasar Malaysia, bantuan yang ditarik patut diganti dengan solusi lain supaya adil kepada pembayar cukai dan zakat T20 yang banyak menyumbang. Lagi penting, fokus kepada mentaliti, pendidikan kewangan, dan peluang naik taraf hidup B40 untuk kesan jangka panjang.

Setuju atau tidak? Comment pandangan anda dan save post ini untuk rujukan nanti.

#SubsidiPetrolBUDI95 #BUDI95 #SubsidiMinyak #EkonomiMalaysia #T20 B40 HargaMinyak BantuanKerajaan KewanganMalaysia IsuSemasaMalaysia",https://www.instagram.com/p/DYO-qmwE8zq/,,,negative,2026-05-12 09:55:00+00:00,246,0,64,0,0.0004847288131714089,310,438.0,,,negative,0.9983842372894287,malay,Malay/Bumiputera,love,0.07929101586341858,0.06566271185874939,0.07048077881336212,0.06594842672348022,0.3907788395881653,0.08654013276100159
instagram,post,3895330841790320663,"Been seeing a lot of heated discussions around the T20 subsidy topic lately.

The more I read through the comments, the more I realised this conversation probably isn’t just about petrol anymore.

I think it accidentally opened up a bigger discussion about what “comfortable living” actually means in Malaysia today.

Just putting some thoughts together from what I’ve been observing the past few days.

#madani #budi95 #ron95 #t20 #fyp",https://www.instagram.com/p/DYO_sMjiRAX/,,,neutral,2026-05-12 09:54:03+00:00,16,0,0,0,0.5,16,16.0,,,neutral,0.6659584045410156,english,Mixed/Urban,happy,0.06194937601685524,0.1262754499912262,0.4893356263637543,0.02419268898665905,0.18827909231185913,0.029149126261472702
instagram,post,3895323317246936325,"That’s why nowadays I really don’t like handing my IC to people when isi minyak 😭​

Suddenly all these cases come out, people using other people’s IC like it’s nothing. The scary part is the ones that still haven’t kena catch yet 😅​

Now I just use apps like tng ewallet when pumping petrol. Pay at pump straight away, much safer.
#budi95",https://www.instagram.com/p/DYO9-sxzMUF/,,,negative,2026-05-12 09:39:09+00:00,1,0,0,0,0.056595396995544445,1,1.0,,,negative,0.8113486766815186,english,Mixed/Urban,love,0.04099135845899582,0.2270597219467163,0.20375795662403107,0.09837359935045242,0.25202953815460205,0.12489844858646393
instagram,post,3895319858444319294,"刘镇东现身澄清：没代表政府宣布任何政策🔥
.
我国财政部副部长刘镇东在脸书发文表示，他在论坛被问及我国如何应对全球能源危机时，他解释BUDI95是汽油需求管理的机制，遗憾的是他的言论被 #断章取义‼💥
.
他通过贴文澄清当时的原话，表示我国的汽油还有足够的供应支撑至6、7月，而政府及整体社会的首要任务，就是确保我国拥有能够维持最长时间的汽油供应。
.
最后，他强调自己 #没有代表政府宣布任何政策，同时也从未提出“150公升固打限制”会成为潜在的政府政策，希望各方能完整理解他在会上所表达的意思。
#刘镇东 #澄清 #BUDI95",https://www.instagram.com/p/DYO9MXhGTo-/,,,neutral,2026-05-12 09:32:15+00:00,10,0,1,0,0.5,11,13.0,,,neutral,0.8152457475662231,english,Mixed/Urban,sadness,0.09361767023801804,0.2488156408071518,0.023414546623826027,0.5270369052886963,0.02775794453918934,0.033295437693595886
instagram,post,3895319095131335520,"Is 150 litres enough under BUDI95?

Malaysia may reduce the subsidised RON95 fuel quota to 150 litres per month under the next phase of targeted subsidy rationalisation.

Officials say most Malaysians already use below that amount — but for interstate travellers, large SUV owners and businesses, the impact could feel very different.

Would 150 litres be enough for your monthly driving needs? Would you consider alternative transport?

Read the story in cartok.my

#BUDI95 #FuelSubsidy #PetrolSubsidy #Malaysia #CarTokMY",https://www.instagram.com/p/DYO9BQoGWtg/,,,neutral,2026-05-12 09:30:43+00:00,6,0,0,0,0.5,6,6.0,,,neutral,0.777413547039032,english,Mixed/Urban,surprise,0.01893959753215313,0.11377397924661636,0.2134067565202713,0.041812777519226074,0.09300380945205688,0.439598023891449
instagram,post,3895311046869037675,"今天我可以肯定的说，如果下届你还是投火箭🚀，
说这个政府好，我可以肯定100%告诉你，你还没睡醒吗？
以前油价起rm 0.05呱呱叫示威等等。。。。现在起几块钱，
我们还要静静。。。。。喂。。。。受苦是我们叻。。。一步一步来谋杀人民

#给他做回反对党
#budi95 
#dap 
#搞死马来西亚经济",https://www.instagram.com/p/DYO7MJGSLJr/,,,negative,2026-05-12 09:14:46+00:00,3,0,0,0,0.05501420348882674,3,3.0,,,negative,0.8166193217039108,multilingual,Unknown,love,0.08188633620738983,0.11888010799884796,0.0892610251903534,0.07504173368215561,0.46218761801719666,0.046769894659519196
instagram,post,3895302639256930017,"【大马稳健应对供应链危机 BUDI95助掌控燃油需求】

昌明惠泽RON95汽油补贴计划（BUDI95）是一项有效的需求管理工具，财政部副部长刘镇东指出，这项措施有助政府掌握全国燃油的消费模式，并在全球供应链危机持续及西亚冲突影响下维持长期供应稳定。

他表示，当前首要任务是确保燃油供应能在较长时间内保持稳定，通过清晰沟通与最大限减少燃料消耗之际争取公众支持，以缓解财政压力，维持整体供应韧性。

刘镇东指出，我国目前在相对稳健的状态下进入这场全球危机，经济增长预测仍维持4.5%至5.0%，显示国家经济具韧性，但必须采取更好重建之策，应对可能比预期更长的危机周期。

#刘镇东 #BUDI95 #汽油补贴 #财政部 #经济增长 #全球供应链危机",https://www.instagram.com/p/DYO5Ry5jQbh/,,,neutral,2026-05-12 08:58:02+00:00,0,0,0,0,0.5,0,0.0,,,neutral,0.8280048370361328,english,Mixed/Urban,happy,0.15439800918102264,0.24636730551719666,0.3870181441307068,0.03347659111022949,0.0705241709947586,0.02379591576755047
instagram,post,3895288129381394543,"Kuota bulanan petrol RON95 di bawah program BUDI95 mungkin dikurangkan kepada 150 liter sebulan selaras usaha kerajaan menjamin bekalan bahan api domestik ketika berdepan krisis bekalan global akibat konflik Asia Barat.

Timbalan Menteri Kewangan, Liew Chin Tong, berkata data penggunaan semasa menunjukkan sebahagian besar rakyat Malaysia menggunakan jauh lebih sedikit daripada paras kuota semasa, lapor Berita Harian.

🔗 Klik pautan di bio @mediaselangor untuk berita penuh

#MediaSelangor #RON95 #BUDI95",https://www.instagram.com/p/DYO1-phkuhv/,,,negative,2026-05-12 08:29:13+00:00,112,0,19,0,0.01187719702720641,131,169.0,,,negative,0.9604093432426453,malay,Malay/Bumiputera,anger,0.44238168001174927,0.12848985195159912,0.07460665702819824,0.07202661037445068,0.08059262484312057,0.025974055752158165
instagram,post,3895257565093939503,"由于数据显示，八成国民每月耗油量不足200公升，六成国民更在150公升以下，政府为节约燃油供应，或将Budi95的配额调低至150公升。

《The Edge》报道，财政部副部长刘镇东透露，现有数据足以证实，多数马来西亚人的耗油量其实低于拟议中的门槛。

“数据显示，80%马来西亚人每月使用少于200公升。下一步是150公升，因为60%人口每月使用少于150公升。”

🔍全文这里看👉https://www.malaysiakini.com/news/774941
#当今大马 #malaysiakini
#Budi95 #财政部 #刘镇东
 
➖➖➖➖➖➖➖➖➖➖➖➖

📌关注《当今大马》WhatsApp频道 【即时新闻通知】👉https://mk.my/whatsapp

📌订阅《当今》简报：5分钟看要闻！【完全免费】👉 https://mk.my/newsletter

【提醒】言论空间需要大家共同维护，请读者理性讨论，勿诽谤、人身攻击、发布不实信息、发表煽动或挑衅种族或宗教情绪等言论。一旦司法纠纷或执法单位介入的风险过高，关闭留言区将成为所有人的损失。",https://www.instagram.com/p/DYOvB4UE8kv/,,,neutral,2026-05-12 07:28:29+00:00,49,0,13,0,0.5,62,88.0,,,neutral,0.8532173037528992,english,Mixed/Urban,anger,0.31211331486701965,0.09754428267478943,0.06538166850805283,0.07884528487920761,0.17593924701213837,0.041917603462934494
instagram,post,3895251907841848902,"Baru mungkin... Sabar ²... Mungkin ni Belum tentu berlaku..
#BUDI95
#petrol",https://www.instagram.com/p/DYOtvjlk3ZG/,,,neutral,2026-05-12 07:17:15+00:00,1,0,0,0,0.5,1,1.0,,,neutral,0.8034433126449585,english,Mixed/Urban,fear,0.02277008257806301,0.7138678431510925,0.01755541004240513,0.02002057433128357,0.013772699050605297,0.18089883029460907
instagram,post,3895249960182055168,"【人民如今担心的，已经不光是油钱，而是政府似乎不断在试水温。今天说T20，明天变成150公升，后天会不会再有新版本？#何燕羚】
#南洋商报 #RON95 #BUDI95 #petrol #nanyangsiangpau

点击story（Swipe Up）看更多

Disclaimer: The caption may have been automatically translated by Instagram. In the event of any discrepancies, the original Chinese version shall prevail. We are not responsible for any inaccuracies resulting from the auto-translation.",https://www.instagram.com/p/DYOtTNsAYEA/,,,neutral,2026-05-12 07:13:22+00:00,210,0,27,0,0.5,237,291.0,,,neutral,0.8837288618087769,english,Mixed/Urban,anger,0.6609760522842407,0.14405111968517303,0.05878068879246712,0.030807990580797195,0.037160616368055344,0.018443452194333076
instagram,post,3895247863190344401,"Kerajaan Malaysia terus memperkukuh strategi pengurusan bahan api melalui inisiatif BUDI95 yang disifatkan oleh pihak berkuasa sebagai mekanisme penting dalam mengurus permintaan bahan api secara lebih efisien.

Menurut pembuat dasar, inisiatif ini bertujuan memastikan subsidi lebih bersasar, pengagihan sumber yang lebih baik serta amalan penggunaan tenaga yang lebih mampan demi manfaat rakyat dan ekonomi.

Pendekatan ini mencerminkan usaha berterusan untuk menyeimbangkan kemampuan kos, kecekapan dan kelestarian tenaga jangka panjang. ⚡📊

#Malaysia #DasarTenaga #SubsidiBahanApi #BUDI95 #Ekonomi #Kelestarian #DasarAwam #HalEhwalSemasa #PengurusanTenaga #PembangunanNegara",https://www.instagram.com/p/DYOs0stj1LR/,,,positive,2026-05-12 07:09:12+00:00,0,0,0,0,0.9993926942348479,0,0.0,,,positive,0.9979756474494934,malay,Malay/Bumiputera,happy,0.062122080475091934,0.0506439134478569,0.47656121850013733,0.027294564992189407,0.20014303922653198,0.031124956905841827
instagram,post,3895241875418925016,"继政府早前把仁政昌明95汽油补贴（BUDI 95）配额从每月300公升减少至200公升，财政部副部长刘镇东认为若把配额进一步下调至每月150公升，预计有助缓解国家财政压力。

刘镇东说，去年9月落实BUDI 95时，每人每月可享有300公升补贴汽油配额，随后下调至200公升，然而数据显示，真正受影响者并不多。

他在艾芬市场展望会议炉边对谈上指出，约80%国人的每月汽油用量少于200公升，所以相信大多数人不受影响：“80%大马人每月汽油用量少于200公升，其余20%可通过调整出行时间、减少用量或自行承担费用来适应。”

他提到，约60%人口每月所使用汽油少于150公升，其中50%人口每月用量更是不超过100公升。

他认为，若政府在某阶段宣布把这每月配额制定在150公升或以下，预计有助缓解国家财政压力。

无论如何，他指政府调整补贴机制时，会确保摩托车骑士继续享有高补贴汽油价格，因为这群体每月汽油用量只有约50公升。

他也说，政府之后将把沙巴和砂拉越的柴油使用，纳入类似BUDI 95 的针对性补贴机制，进而完善汽油补贴管理架构。

#南洋商报 #刘镇东 #BUDI95 #汽油 #补贴 #nanyangsiangpau

Disclaimer: The caption may have been automatically translated by Instagram. In the event of any discrepancies, the original Chinese version shall prevail. We are not responsible for any inaccuracies resulting from the auto-translation.",https://www.instagram.com/p/DYOrdkKkkfY/,,,neutral,2026-05-12 06:57:18+00:00,95,0,63,0,0.5,158,284.0,,,neutral,0.8355793952941895,english,Mixed/Urban,no_clear_emotion,0.17509350180625916,0.1832682341337204,0.12352854013442993,0.08716566860675812,0.15182067453861237,0.05566722899675369
instagram,post,3895114403574967952,"Subsidi RON95 T20/T15 Mungkin Ditarik Balik

Kerajaan sedang mempertimbangkan untuk menarik balik subsidi petrol RON95 melalui sistem Budi95 bagi golongan berpendapatan tinggi. Cadangan ini masih dalam peringkat penelitian dan belum ada keputusan muktamad.

Apa Yang Sedang Dipertimbangkan:

Perdana Menteri Datuk Seri Anwar Ibrahim mengesahkan cadangan ini telah dikaji hampir sebulan di bawah Majlis Tindakan Ekonomi Negara (MTEN). Kerajaan ingin memastikan pelaksanaannya tidak membebankan golongan pertengahan atasan.

Perkara Penting Yang Perlu Diketahui:

• Kerajaan belum putuskan sama ada melibatkan kumpulan T20 atau T15
• Cadangan ini selaras dengan dasar subsidi bersasar — bantuan hanya untuk yang benar-benar memerlukan 🎯
• Golongan berpendapatan tinggi mungkin perlu bayar harga RON95 tanpa subsidi jika cadangan ini dilaksanakan
• Isu ini hangat selepas Ketua Pemuda UMNO, Datuk Dr. Muhamad Akmal Saleh menggesa pengecualian golongan kaya daripada subsidi petrol
• Rakyat biasa dan golongan bawahan dijangka terus menikmati subsidi sedia ada ⛽

Apa Yang Akan Berlaku Seterusnya:

Kerajaan masih memperhalusi mekanisme terbaik sebelum sebarang pengumuman rasmi dibuat. Perbincangan di peringkat MTEN dijangka berterusan bagi memastikan kaedah pelaksanaan yang paling sesuai dan adil kepada semua pihak.

#CheckSini #Budi95 #SubsidiBersasar",https://www.instagram.com/p/DYOOemwl-6Q/,,,negative,2026-05-12 02:44:06+00:00,0,0,0,0,0.0006155669689178467,0,0.0,,,negative,0.9979481101036072,malay,Malay/Bumiputera,no_clear_emotion,0.06968893110752106,0.07499773055315018,0.13018733263015747,0.038117606192827225,0.1383034586906433,0.07508590817451477
instagram,post,3895092367834269004,"Economy Ministry says the upcoming RON95 subsidy rationalisation isn't just about your salary. They’re looking at your ""actual needs"" and household size through PADU.

Finally, a system that looks at the whole picture? Or are you still worried? 

Read the full breakdown of the new ""Dividing Line"" here. 

Check out the full article on our website. Link in bio.

#PADU #RON95 #MalaysiaEconomy #BUDI95",https://www.instagram.com/p/DYOJd8YGMVM/,,,neutral,2026-05-12 02:00:16+00:00,3,0,0,0,0.5,3,3.0,,,neutral,0.8397720456123352,english,Mixed/Urban,anger,0.5519496202468872,0.19317708909511566,0.12200014293193817,0.04112846031785011,0.039534829556941986,0.015780821442604065
instagram,post,3895083925700879008,"Economy Ministry clarifies how PADU will use household needs, not just income, for targeted fuel subsidies in Malaysia.

#Malaysia #BUDI95 #RON95",https://www.instagram.com/p/DYOHjGBvCKg/,,,neutral,2026-05-12 01:44:07+00:00,0,0,0,0,0.5,0,0.0,,,neutral,0.9009572267532349,english,Mixed/Urban,love,0.06568141281604767,0.03589440882205963,0.20704205334186554,0.04260639846324921,0.3190845251083374,0.03470081090927124
instagram,post,3895288814453013109,"Kuota petrol bersubsidi di bawah program BUDI95 mungkin diturunkan sekali lagi kepada 150 liter sebulan berbanding 300 liter semasa awal diperkenalkan pada 30 September tahun lepas dan 200 liter sejak 1 April lalu.

Keputusan itu adalah sejajar dengan usaha kerajaan untuk memastikan keterjaminan bekalan bahan api domestik dalam berdepan krisis bekalan global susulan konflik Asia Barat.

#malaysiagazette
#BUDI95
#150Liter

Berita lanjut layari www.malaysiagazette.com",https://www.instagram.com/p/DYO2InjBjp1/,,,positive,2026-05-12 08:30:41+00:00,409,0,77,0,0.9950422227382659,486,640.0,,,positive,0.98347407579422,malay,Malay/Bumiputera,anger,0.3116101324558258,0.10250353068113327,0.11677282303571701,0.06919495016336441,0.13916315138339996,0.033836815506219864
instagram,post,3895276977305433214,"感恩哦！我感... 政府——知道小市民和家庭的用油情况吗？

99%的小市民都是自己到油站添油，清楚知道自己的用油量。

唯有高官显要，有司机和助理，协助开车添油。添油为了生活，不是炫富。

财政部是想怎样？内阁的立场是什么？

5月10日：首相兼财政部长 Anwar Ibrahim 说，研究取消T20高收入群体燃油补贴，近期内公布最终结果。

5月12日：财政部副部长刘镇东 说，或将BUDI95月度补贴配额减至150公升，因为60%人口的每月燃油消耗量低于150升。

#燃油补贴 #补贴 #燃油 #Budi95 #财政部 #PADU #财政部 #内阁",https://www.instagram.com/p/DYOzcXWDDR-/,,,neutral,2026-05-12 08:07:03+00:00,0,0,0,0,0.5,0,0.0,,,neutral,0.837386429309845,english,Mixed/Urban,no_clear_emotion,0.13407208025455475,0.06011197715997696,0.0512072890996933,0.10152839124202728,0.2769424319267273,0.05023639649152756
instagram,post,3894595101544875840,"RM1.99的RON95汽油，真的要成为历史了。

首相安华证实，政府正处于针对性燃油补贴机制的最后阶段。问题是：T20、T15、T10还是T5？谁将失去补贴资格？

目前无补贴RON95已是RM4.02/升。一旦落实，高收入群体的每月油钱可能直接翻倍。经济学家估算，仅排除T20群体，政府每月可省下RM1.5B——将近15亿令吉。与此同时，Budi95每月补贴配额已从300升降至200升。

这场补贴改革，你准备好了吗？
https://www.carz.com.my/zh/2026/05/cheap-petrol-for-t20-its-days-are-numbered-pm-anwar-drops-new-update
👇评论区说说你的看法

#RON95 #燃油补贴 #Budi95 #T20 #安华 #汽油起价 #针对性补贴",https://www.instagram.com/p/DYMYZxDjwdA/,,,neutral,2026-05-11 09:32:17+00:00,1,0,0,0,0.5,1,1.0,,,neutral,0.8444742560386658,english,Mixed/Urban,no_clear_emotion,0.14503797888755798,0.14007388055324554,0.10006812959909439,0.16007065773010254,0.10651353001594543,0.06244690343737602
instagram,post,3894594299535826282,"The countdown has begun. With the government finalizing plans for targeted fuel rationalization, higher-income groups may soon face market-linked pricing for RON95. Based on the current unsubsidized rate of RM4.02/L, the math for daily commuting is about to undergo a radical shift.

If the subsidy switch flips, the math gets brutal:
✅ ICE Reality: RM1 buys you just 2.98km. It’s like paying for a premium subscription just to sit in traffic.
✅ EV Reality: RM1 buys you 5.45km. You’re traveling nearly double the distance for the exact same Ringgit.

For high-mileage T20 commuters, staying with petrol isn't just a lifestyle choice anymore, it’s a monthly ""leak"" in your bank account that could add up to thousands of Ringgit every year. 

Are you staying for the RM4.02 price tag, or is it time to plug in and save? Check out the cost comparison! Link in bio. 

#BUDI95 #RON95 #EVMalaysia #EVvsICE",https://www.instagram.com/p/DYMYOGIGB1q/,,,neutral,2026-05-11 09:30:41+00:00,1,0,0,0,0.5,1,1.0,,,neutral,0.7523534297943115,english,Mixed/Urban,no_clear_emotion,0.09611497819423676,0.07421021908521652,0.25069573521614075,0.042456574738025665,0.14044073224067688,0.03208889067173004
instagram,post,3894566406375045348,"Subsidi Tambahan BUDI95 utk pemandu e-hailing 🚗
<1500km: Tidak layak 1500–5000km: +400L
5000km: +600L
Tiada permohonan. Data dikemuka APAD (EHO) & disemak MOF. Kemas kini bulanan (pertengahan bulan).
Semakan: budi95.gov.my/eligibility-check Pertanyaan: tanya@budi95.gov.my (CC: taxi@apad.gov.my)
info tepat | mobiliti mampan #APAD #BUDI95 #eHailing #MOF #mobilitimalaysia",https://www.instagram.com/p/DYMR4MmJ3jk/,,,neutral,2026-05-11 08:36:18+00:00,21,0,1,0,0.5,22,24.0,,,neutral,0.9617061614990234,malay,Malay/Bumiputera,no_clear_emotion,0.17217618227005005,0.1946517825126648,0.018263455480337143,0.07884591072797775,0.05801013112068176,0.17201463878154755
instagram,post,3894563793985483596,"Putrajaya is reviewing who should continue receiving subsidised RON95 petrol as targeted fuel subsidy plans move closer to implementation.

👉🏻Link in bio for article

#myc #mycnews #youthsocialasia #social #BUDI95 #subsidy

#Malaysia #news #incomegroup #petrol #policy #politics #RON95",https://www.instagram.com/p/DYMRSLnmjNM/,,,neutral,2026-05-11 08:30:05+00:00,4,0,0,0,0.5,4,4.0,,,neutral,0.9201619029045105,english,Mixed/Urban,happy,0.04929840937256813,0.03514963760972023,0.3506987988948822,0.031372588127851486,0.30559930205345154,0.03770824149250984
instagram,post,3894549138759313270,"Kerajaan sedang meneliti cadangan untuk menyemak semula subsidi petrol RON95 yang kini turut dinikmati golongan berpendapatan tinggi, termasuk T15 dan T20.

Perdana Menteri, Datuk Seri Anwar Ibrahim berkata, perkara itu masih dalam proses dimuktamadkan bagi memastikan ia tidak membebankan golongan menengah atas.

Ketika ini, rakyat Malaysia berusia 16 tahun ke atas yang memiliki MyKad dan lesen memandu aktif masih layak menikmati subsidi RON95 pada harga RM1.99 seliter menerusi BUDI MADANI RON95.

Sumber: Kosmo

#NaraViral #NaraTrending #BUDI95",https://www.instagram.com/p/DYMN864DWd2/,,,positive,2026-05-11 08:00:58+00:00,50,0,19,0,0.9992130398750305,69,107.0,,,positive,0.9973767995834351,malay,Malay/Bumiputera,no_clear_emotion,0.0764273852109909,0.04926928132772446,0.09733578562736511,0.04081558436155319,0.15335720777511597,0.05807759612798691
instagram,post,3894447892178517163,"RON95: RM1.99 or RM4.02?
which one will you be paying?

#ron95 #budi95 #malaysiafinance #malaysia #oilprice",https://www.instagram.com/p/DYL27lpkbyr/,,,neutral,2026-05-11 04:39:48+00:00,142,0,8,0,0.5,150,166.0,,,neutral,0.9158899784088135,english,Mixed/Urban,love,0.05362153425812721,0.017632056027650833,0.05577981844544411,0.022622261196374893,0.48191824555397034,0.0187236275523901
instagram,post,3894443151088630556,"Governement considers withdrawing fuel subbsidies for certain groups!

While this proposal is being discussed by several ministries and relevant committees, they have yet to finalise whether the revision will involve the T20 community, the T15 community or those in other categories.

Read the full artic@hypemy 
#hypemy #HypeNews #FuelSubsidy #Budi95",https://www.instagram.com/p/DYL12mKlzsc/,,,neutral,2026-05-11 04:30:22+00:00,45,0,2,0,0.5,47,51.0,,,neutral,0.9043208956718445,english,Mixed/Urban,no_clear_emotion,0.16027799248695374,0.18179766833782196,0.22992481291294098,0.04868312180042267,0.08284002542495728,0.04820989444851875
instagram,post,3894423066395549942,"The ""Triple-Threat"" of global tensions has sent Malaysia's fuel subsidy bill to a massive RM7 Billion in April alone. PM Anwar says the new targeted plan is in its ""final stages.""

Check out the full article on our website. Link in bio. 

#BUDI95 #RON95 #Malaysia #PMX",https://www.instagram.com/p/DYLxSU1mCD2/,,,neutral,2026-05-11 03:50:29+00:00,2,0,1,0,0.5,3,5.0,,,neutral,0.5216488838195801,english,Mixed/Urban,happy,0.05201860889792442,0.0841737762093544,0.5420471429824829,0.03481540083885193,0.10229339450597763,0.03666599094867706
instagram,post,3894401381071522726,"Technically T20, but does RM12k feel ""rich"" in KL? Should the gov factor in location (KL vs. Rural) before cutting RON95 aid?

#malaysia #budi95 #ron95",https://www.instagram.com/p/DYLsWwzjwum/,,,neutral,2026-05-11 03:08:03+00:00,5,0,0,0,0.5,5,5.0,,,neutral,0.8228765726089478,english,Mixed/Urban,happy,0.013850124552845955,0.038399286568164825,0.8872008323669434,0.007872977294027805,0.02361162379384041,0.015477078035473824
instagram,post,3894370145100101684,"🇲🇾 马来西亚每日焦点新闻（2026年5月11日）

1️⃣【政治】公正党大专臂膀宣布对安华失信心，不到一小时后总秘书急驳斥指遭骑劫

• 作为公正党大专生臂膀的亲青组织“大马公正大专”（MKM）昨日传出严重内部歧见。该组织官方社交媒体及发给媒体的文告原本宣称，因判定公正党已逐渐偏离最初的斗争与改革精神，从而对首相安华的领导失去信心。然而不到一小时内，该组织总秘书阿奇夫随即发文强烈否认，澄清有关文告从未经过官方渠道讨论或集体授权，纯属中央领导层极少数怀有个人议程者的未经授权行动，旨在利用平台制造混乱。阿奇夫严厉谴责发文者躲在组织名义背后的不专业行径，重申组织将始终尊重并全力支持安华的领导，且秘书处将严正检视并考虑对滥用名义者采取行动。同时，该组织发言人透露将于今日召开记者会正式交代官方立场与下一步方向。

2️⃣【财经】政府正式审议将T20排除于BUDI95补贴之外，每月可省RM15亿，安华确认检讨进行中

• 首相安华昨日（10日）确认，政府正在审议调整高收入群体（T20）的RON95燃油补贴安排，但尚未决定具体以T5、T10、T15还是T20为界线。经济学家指出，BUDI95目前适用于所有持有驾照的马来西亚人，若将T20排除在外，政府每月最多可节省RM15亿，因为逾30%的RON95由T20消耗，而他们多驾驶大排量车辆，从补贴中获益更多。 可能的执行机制是透过MyKad在加油站实时核实购油者收入类别，并与中央数据库（PADU）对接，这与现有SARA援助方案的做法相似。安华强调，调整须精准并顾及中等收入群体，以避免冲击M40。

3️⃣【政治】森州双溪乌绒酋长之争现“闹双胞”变“三足鼎立”：70岁退休公务员宣誓就任第11任酋长

• 现年70岁的退休公务员阿都拉曼（Abd Rahman Limat）于昨日在传统礼仪建筑内通过习俗仪式宣告就职，同样自称为第11任合法酋长。阿都拉曼声称其任命获得了克拉纳比度安达支系（Biduanda Waris Klana）下核心母系领袖（Ibu Soko）、宗族族长（Buapak）及祭祀官（Tiang Balai）的全面认可。然而，原任酋长慕巴拉多哈（Mubarak Thahak）及其支持阵营（包括另外三名森州酋长）坚决拒绝承认这两起新任命，重申慕巴拉仍是唯一合法的双溪乌绒酋长。随着第三位宣称者的出现，加上慕巴拉阵营目前正与森州最高统治者（严端）慕赫力兹展开激烈的宪政与权力诉讼，森州统治权位的合法性争端已陷入极其复杂的“三足鼎立”僵局。

4️⃣【民生】大马医药协会批合约医生制度“彻底失败”：职涯无保障加剧医疗人才外流

• 大马医药协会（MMA）主席拿督蒂鲁纳瓦卡拉苏直言，我国自2016年推行的合约医生制度是一项失败的政策，因当初缺乏长期规划与职业保障，导致大量年轻医生在公共卫生体系中看不到未来而选择出走海外。他指出，合约医生不仅面临职涯发展路径不明的困境，甚至在日常生活中连申请银行贷款也遭遇重重阻碍，强烈的剥夺感与失望感让大马成为临近国家（如新加坡）吸纳医疗人才的温床。根据卫生部数据，2020至2024年间已有440名医疗专业人员移居海外，且今年1月份全国5000个实习医生名额中仅有约10%实际报到，暴露出极其危险的体系警讯。尽管政府目前正致力分阶段废除该制度并以永久职位取代，但该协会强烈呼吁当局抛弃防卫心态，正视当前极其严重的人才外流危机，并在实际执行层面上为医生提供清晰的升迁与职涯发展方向，以实质行动取代重视口号。

5️⃣【财经】 7月起收紧整装电动车进口门槛引反弹，业者与车主忧平价车款退出市场

• 针对政府宣布自7月1日起，整装进口（CBU）电动车（EV）的到岸价格（CIF）须至少达到20万令吉且电机输出功率不低于180千瓦的新规，国内电动车组织与倡导者纷纷表达担忧与质疑。马来西亚电动车车主俱乐部（MyEVOC）主席拿督沙哈鲁阿兹拉警告，这项政策改动将导致平价外国电动车从本地市场消失，进而扼杀日益增长的电动车普及势头并冲击充电基础设施的部署；他呼吁政府在当前全球能源危机下推迟该计划，转而优先落实低碳移动大蓝图，将官方车队替换为适合的国产电动车以带动市场。马来西亚电动车协会（EVAM）主席拿督丹尼斯蔡则表示，政府防范过度依赖外国技术并扶持本土组装（CKD）与深化本土技术能力的长期目标虽合乎逻辑，但执行上必须取得平衡，以免因缺乏平价选项而拖累短期转型步伐，并建议着重培养本土工程人才与创造高价值岗位。此外，资深电动车倡导者祖里尔批评新政过于急进且通知期极短，骤然淘汰售价介于10万至30万令吉的平价车款将严重冲击M40中产阶级消费者，并担忧市场竞争削弱后，现有车商将缺乏提供更佳价格、规格与技术的动力。

#安华 #公正党 #BUDI95 #电动车 #医生 #森美兰 #新闻 #关键词",https://www.instagram.com/p/DYLlQOCk_g0/,,,neutral,2026-05-11 02:05:20+00:00,2,0,0,0,0.5,2,2.0,,,neutral,0.8686111569404602,english,Mixed/Urban,fear,0.2417687028646469,0.2630124092102051,0.06511596590280533,0.14514769613742828,0.05425374582409859,0.04537942260503769
instagram,post,3894307153414076907,"📢 政府已同意取消对马来西亚富人的燃油补贴‼️ 

目前仍在进行研究，以确定哪些特定收入群体将受到影响～
并确保该措施不会加重中上层收入群体的负担～

#KLNOW #KLNOW就在吉隆坡 #NOWBuzz #燃油津贴 #BUDI95",https://www.instagram.com/p/DYLW7kdgjnr/,,,neutral,2026-05-11 00:00:12+00:00,821,0,87,0,0.5,908,1082.0,,,neutral,0.8660419583320618,english,Mixed/Urban,no_clear_emotion,0.11513645946979523,0.06871097534894943,0.19507810473442078,0.04872279614210129,0.13918940722942352,0.05076998844742775
instagram,post,3894257896658620376,"Kereta ada depan rumah.

Tapi hari ini, dia tak mampu dibawa.

Bukan sebab rosak.
Bukan sebab malas drive.
Bukan sebab tiba-tiba mahu romantik naik tren pagi-pagi.

Tapi sebab kuota minyak sudah habis, sedangkan kerja tetap kena pergi.

Itu realiti yang ramai orang diamkan.

Ada yang pagi ini keluar lebih awal dari biasa.
Berjalan kaki ke stesen dengan beg berat.
Tunggu bas yang belum tentu datang tepat masa.
Berdiri dalam tren dengan mata mengantuk.
Sampai tempat kerja, pura-pura biasa sahaja.

Padahal dalam kepala sudah kira macam-macam.

Cukup tak duit makan hari ini?
Cukup tak tambang balik nanti?
Kalau anak demam malam ini, macam mana nak keluar?
Kalau ada urusan kecemasan, nak pakai apa?

Orang nampak dia naik pengangkutan awam.
Orang tak nampak kereta yang terpaksa ditinggalkan di rumah.

Orang nampak dia datang kerja macam biasa.
Orang tak nampak dia sudah penat sebelum punch card pun bermula.

Sebab itu jangan cepat gelakkan orang yang tiba-tiba naik bas hari ini.
Jangan sinis pada orang yang mula tumpang kawan.
Jangan perli orang yang berjalan jauh ke stesen.

Kadang-kadang itu bukan pilihan gaya hidup.

Itu tanda seseorang sedang cuba bertahan tanpa mahu menyusahkan orang lain.

Untuk semua pejuang rezeki yang hari ini tinggalkan kereta kerana kuota sudah habis, semoga perjalanan anda dipermudahkan.

Kereta mungkin berehat di rumah hari ini.

Tapi semangat anda tetap bergerak mencari rezeki.

#PublicHealthMalaysia #PejuangRezeki #BUDI95 #PengangkutanAwam",https://www.instagram.com/p/DYLLuyiGM_Y/,,,negative,2026-05-10 22:22:19+00:00,0,0,0,0,0.0005020916461944691,0,0.0,,,negative,0.9983263611793518,malay,Malay/Bumiputera,sadness,0.047649018466472626,0.03434836119413376,0.007352894172072411,0.8543334603309631,0.024167971685528755,0.01556238904595375
instagram,post,3894251840880182612,"Kereta ada depan rumah.

Tapi hari ini, dia tak mampu dibawa.

Bukan sebab rosak.
Bukan sebab malas drive.
Bukan sebab tiba-tiba mahu romantik naik tren pagi-pagi.

Tapi sebab kuota minyak sudah habis, sedangkan kerja tetap kena pergi.

Itu realiti yang ramai orang diamkan.

Ada yang pagi ini keluar lebih awal dari biasa.
Berjalan kaki ke stesen dengan beg berat.
Tunggu bas yang belum tentu datang tepat masa.
Berdiri dalam tren dengan mata mengantuk.
Sampai tempat kerja, pura-pura biasa sahaja.

Padahal dalam kepala sudah kira macam-macam.

Cukup tak duit makan hari ini?
Cukup tak tambang balik nanti?
Kalau anak demam malam ini, macam mana nak keluar?
Kalau ada urusan kecemasan, nak pakai apa?

Orang nampak dia naik pengangkutan awam.
Orang tak nampak kereta yang terpaksa ditinggalkan di rumah.

Orang nampak dia datang kerja macam biasa.
Orang tak nampak dia sudah penat sebelum punch card pun bermula.

Sebab itu jangan cepat gelakkan orang yang tiba-tiba naik bas hari ini.
Jangan sinis pada orang yang mula tumpang kawan.
Jangan perli orang yang berjalan jauh ke stesen.

Kadang-kadang itu bukan pilihan gaya hidup.

Itu tanda seseorang sedang cuba bertahan tanpa mahu menyusahkan orang lain.

Untuk semua pejuang rezeki yang hari ini tinggalkan kereta kerana kuota sudah habis, semoga perjalanan anda dipermudahkan.

Kereta mungkin berehat di rumah hari ini.

Tapi semangat anda tetap bergerak mencari rezeki.

#PublicHealthMalaysia #PejuangRezeki #BUDI95 #PengangkutanAwam",https://www.instagram.com/p/DYLKWqpkwVU/,,,negative,2026-05-10 22:10:17+00:00,1,0,0,0,0.0005020916461944691,1,1.0,,,negative,0.9983263611793518,malay,Malay/Bumiputera,sadness,0.047649018466472626,0.03434836119413376,0.007352894172072411,0.8543334603309631,0.024167971685528755,0.01556238904595375
instagram,post,3893856458169821504,"The government is still reviewing the mechanism for a proposed revision of petrol subsidies for high-income earners, including whether it will involve the T20 or T15 groups, says Prime Minister Datuk Seri Anwar Ibrahim. He said discussions are ongoing and no final decision has been made yet.

For report, click link in the bio.

#Subsidy #Petrol #RON95 #BUDI95 #AnwarIbrahim",https://www.instagram.com/p/DYJwdFzkqlA/,,,neutral,2026-05-10 09:04:44+00:00,2,0,0,0,0.5,2,2.0,,,neutral,0.9162415266036987,english,Mixed/Urban,no_clear_emotion,0.08709299564361572,0.12836810946464539,0.2834564745426178,0.0391927994787693,0.1102147027850151,0.05093606933951378
instagram,post,3893838490249044889,"就快被折扣的感恩？

该来的始终会来。如今，提早来！

政府将落实更针对式的燃油补贴机制，取消对T20高收入群体的补贴。

问题是，如何定义T20高收入群体？不过，政府仍在研究取消补贴究竟应涵盖T5、T10、T15，还是T20群体。

#安华 #取消燃油补贴 #燃油补贴 #Budi95  #取消补贴",https://www.instagram.com/p/DYJsXn4CaOZ/,,,neutral,2026-05-10 08:29:02+00:00,1,0,0,0,0.5,1,1.0,,,neutral,0.8188112378120422,english,Mixed/Urban,love,0.04104672372341156,0.07357066869735718,0.07580701261758804,0.05590728297829628,0.40195998549461365,0.095139279961586
instagram,post,3893248322652041913,Malaysia's petrol price increased the most? Here's why: #petrol #budi95 #war #et #oil,https://www.instagram.com/p/DYHmLjeD3K5/,,,neutral,2026-05-09 12:56:28+00:00,38,0,2,0,0.5,40,44.0,,,neutral,0.7452483177185059,english,Mixed/Urban,love,0.03291424736380577,0.019381213933229446,0.10495023429393768,0.041563842445611954,0.4340206980705261,0.04389769583940506
instagram,post,3892933180417213932,"Minyak exora

Tangki exora berkapasiti 55 liter. 

Jika dikira untuk penuh 1 tangki dengan harga minyak sekarang rm1.99 x 55 liter = rm109.45.

Pagi ni isi 52.32 liter = rm104.12 untuk guna satu minggu.

Kalau tak guna budi95, kena bayar rm210.33!

Sekali isi dah rm104+. Sebulan, empat kali isi rm416+.

Kalau tak guna budi95, sebulan dah rm840+! 

Kuota 200 liter sebulan ni cukup-cukup untuk kegunaan harian sahaja. 

Kalau hari cuti, perayaan, memang tak cukup. 

Kuota saya sendiri pun cukup-cukup je, ulang alik Kuantan - Raub - Kuantan setiap minggu. 

Nampaknya kena cari alternatif lain. 

#Budi95
#kuotaminyak
#exora

Tak sabar tunggu anak sulung Umar Rayyan  buat lesen dua tahun lagi, nak ""pau"" kuota minyak dia 😌",https://www.instagram.com/p/DYGehoZGYXs/,,,negative,2026-05-09 02:30:21+00:00,0,0,0,0,0.0004876255989074707,0,0.0,,,negative,0.9983745813369751,malay,Malay/Bumiputera,surprise,0.04216853529214859,0.21387426555156708,0.012816404923796654,0.11268415302038193,0.03552569821476936,0.5024012327194214
instagram,post,3892261991104983588,"𝐅𝐔𝐄𝐋 𝐖𝐀𝐓𝐂𝐇: 𝐖𝐄𝐄𝐊𝐋𝐘 𝐔𝐏𝐃𝐀𝐓𝐄 ⛽📈
【𝟕 𝐌𝐚𝐲 𝟐𝟎𝟐𝟔 - 𝟏𝟑 𝐌𝐚𝐲 𝟐𝟎𝟐𝟔】

Meet the fuel-price killer: Chery Tiggo 8 PHEV.
With a massive 𝟏,𝟐𝟎𝟎𝐊𝐌 comprehensive range, this car is designed to keep your wallet heavy and your tank full for longer.

✅ No more Fuel Anxiety.
✅ No more Range Anxiety.

Experience the future of driving at Chery 3S Butterworth today! ⚡️

#CheryButterworth #cherytiggo8phev #Budi95",https://www.instagram.com/p/DYEF6iokTIk/,,,neutral,2026-05-08 04:16:48+00:00,0,0,0,0,0.5,0,0.0,,,neutral,0.849187433719635,english,Mixed/Urban,happy,0.07275316119194031,0.05176910385489464,0.34160807728767395,0.04098939150571823,0.31353485584259033,0.025811001658439636
instagram,post,3892260123767302279,"【本周油价更新】⛽️📈

油价又涨了？不怕，我有 1200KM 续航！ ⛽️
看这周油价，RON 95 无补贴已达 RM 4.02，西马柴油 RM 5.17！ 与其心疼油钱，不如换台 Chery Tiggo 8 PHEV。

✅ 1200公里 超长综合续航，
✅ 彻底告别燃油与里程焦虑！

省下的油钱，带家人吃大餐不香吗？ 🚗💨 
📍 欢迎亲临 Chery 3S Butterworth 展厅试驾！

#CheryButterworth #cherytiggo8phev #Budi95",https://www.instagram.com/p/DYEFfXikWiH/,,,neutral,2026-05-08 04:13:05+00:00,1,0,0,0,0.5,1,1.0,,,neutral,0.8756166696548462,english,Mixed/Urban,love,0.10610359907150269,0.04619820415973663,0.022735673934221268,0.14804035425186157,0.6030955910682678,0.028463877737522125
instagram,post,3890937237340274259,"OPS TIRIS 2026 (BERSEPADU) : PEMERIKSAAN STESEN MINYAK

KUALA LUMPUR, 5 Mei 2026 : Penguatkuasaan telah dijalankan oleh sepasukan anggota KPDN WPKL di beberapa stesen minyak sekitar Parlimen Batu di bawah pelaksanaan Ops Tiris 2026.

Pemeriksaan ini memberi fokus kepada pematuhan larangan penjualan dan pembelian petrol RON95 kepada kenderaan berpendaftaran asing, pelaksanaan penjualan **RON95 (BUDI95)** kepada pengguna yang layak, serta pemantauan penggunaan fleetcard selaras dengan peruntukan undang-undang yang berkuat kuasa.

Hasil pemeriksaan mendapati kesemua premis yang diperiksa berada dalam keadaan patuh dengan lesen yang sah, bekalan mencukupi serta tiada sebarang penyalahgunaan atau pelanggaran dikesan sepanjang operasi dijalankan.

Tindakan tegas akan diambil terhadap mana-mana pihak yang didapati melanggar peraturan.

Sebarang pertanyaan dan aduan boleh disalurkan melalui saluran rasmi KPDN.
🔗 [https://e-aduan.kpdn.gov.my](https://e-aduan.kpdn.gov.my)
📞 Tel: 03-88826088 (KPDN KL)
📲 WhatsApp Aduan: 019-848 8000

#kpdnkualalumpur #KPDNKITA #MalaysiaMadani
#OpsTiris2026 #BUDI95

©️ Unit Media 2026 | KPDN WPKL",https://www.instagram.com/p/DX_Ys1jAb5T/,,,negative,2026-05-06 08:24:45+00:00,0,0,0,0,0.009959185123443626,0,0.0,,,negative,0.966802716255188,malay,Malay/Bumiputera,no_clear_emotion,0.187543123960495,0.03747829049825668,0.05592133477330208,0.03219001367688179,0.08553296327590942,0.049146056175231934
instagram,post,3890907180162138126,"Seorang pekerja stesen minyak warga Bangladesh didenda RM10,000 oleh Mahkamah Majistret Kuala Lumpur hari ini selepas mengaku memiliki dan menggunakan MyKad milik dua rakyat Malaysia untuk tujuan pembelian petrol bersubsidi Budi MADANI RON95 (BUDI95), bulan lepas. 
Md Jakir Hossain, 50, membuat pengakuan itu selepas kedua-dua pertuduhan dibacakan di hadapan Majistret Aina Azahra Arifin.
Lelaki itu didakwa menggunakan kad pengenalan milik dua individu yang bukan kepunyaannya, tanpa kuasa dan alasan sah bagi tujuan pembelian petrol bersubsidi di sebuah stesen minyak di Jalan Pahang, pada 8 Feb hingga 22 April lepas.
Berita penuh: https://www.bernama.com/bm/jenayah_mahkamah/news.php...
#BernamaNews 
#Subsidi #petrol 
#BUDI95",https://www.instagram.com/p/DX_R3cnlMAO/,,,negative,2026-05-06 07:25:02+00:00,0,0,0,0,0.0009466052055359109,0,0.0,,,negative,0.9968446493148804,malay,Malay/Bumiputera,no_clear_emotion,0.26329952478408813,0.12830807268619537,0.043178874999284744,0.09380742162466049,0.07948824018239975,0.06760871410369873
instagram,post,3890406624744918391,"Seorang pekerja stesen minyak warga Bangladesh didenda RM10,000 oleh Mahkamah Majistret Kuala Lumpur hari ini selepas mengaku memiliki dan menggunakan MyKad milik dua rakyat Malaysia untuk tujuan pembelian petrol bersubsidi Budi MADANI RON95 (BUDI95), bulan lepas. 

Md Jakir Hossain, 50, membuat pengakuan itu selepas kedua-dua pertuduhan dibacakan di hadapan Majistret Aina Azahra Arifin.

Lelaki itu didakwa menggunakan kad pengenalan milik dua individu yang bukan kepunyaannya, tanpa kuasa dan alasan sah bagi tujuan pembelian petrol bersubsidi di sebuah stesen minyak di Jalan Pahang, pada 8 Feb hingga 22 April lepas.

Berita penuh klik pautan di IG story atau layari Bernama.com 

#BernamaNews 
#Subsidi #petrol 
#BUDI95",https://www.instagram.com/p/DX9gDaDv013/,,,negative,2026-05-05 14:51:50+00:00,282,0,18,0,0.002204167842864979,300,336.0,,,negative,0.9926527738571167,malay,Malay/Bumiputera,no_clear_emotion,0.25959303975105286,0.1294834464788437,0.042019326239824295,0.09104015678167343,0.07797824591398239,0.06815541535615921
instagram,post,3889466145401567047,"RM5 billion a month.
RM6 billion if prices surge.
RM50 billion in 10 months.
Malaysia’s fuel subsidy burden continues to rise as global crude oil prices put pressure on public spending.
#RM5Billion #FuelSubsidy #Malaysia #OilMarket #PublicFunds #RON95 #BUDI95 #EnergySecurity",https://www.instagram.com/p/DX6KNoakXdH/,,,neutral,2026-05-04 07:41:57+00:00,3,0,0,0,0.5,3,3.0,,,neutral,0.5591665506362915,english,Mixed/Urban,happy,0.17742204666137695,0.07774938642978668,0.22247187793254852,0.05687212571501732,0.21768243610858917,0.0362640805542469
instagram,post,3889286106035029336,"🇲🇾 Government Stays Strong Amid Global Economic Uncertainty
Prime Minister Datuk Seri Anwar Ibrahim has assured that the government will continue taking necessary steps to protect the economy and the people as global challenges intensify.
Speaking at the National Labour Day Celebration 2026, PM Anwar highlighted the sharp rise in oil prices and supply disruptions, while reaffirming Malaysia’s commitment to keeping RON95 petrol at RM1.99 per litre under the BUDI95 initiative.
Key announcements:
✅ Additional RM5 billion guarantee for MSMEs via SJPP
✅ RM5 billion SME Stability Facility by Bank Negara Malaysia
✅ Total support: RM10 billion to safeguard businesses and jobs

“We protect the economy, but we also protect our workers — especially those at the bottom,” said PM Anwar. @anwaribrahim_my 

Read More : https://elsky.net/2026/05/04/manchester-united-secure-3-2-victory-over-liverpool-carricks-position-strengthened-slot-under-increasing-pressure/

#HariPekerja2026 #AnwarIbrahim #EkonomiMADANI #MalaysiaBangkit #BUDI95",https://www.instagram.com/p/DX5hRtsFIVY/,,,neutral,2026-05-04 01:44:15+00:00,0,0,0,0,0.5,0,0.0,,,neutral,0.5417715311050415,english,Mixed/Urban,happy,0.06891202181577682,0.09147297590970993,0.6752209663391113,0.018948975950479507,0.0702383741736412,0.018326785415410995
instagram,post,3888573819573720725,"Minyak Luar Naik, Sini Tetap RM1.99? Amboi... Syiok Betul Jadi Rakyat Malaysia! ⛽️🤫

Buka berita hari ni, nampak PM Anwar bagi jaminan lagi. Walaupun harga minyak dunia tengah 'menggila' kat luar sana, harga RON95 untuk kita tetap 'beku' kat RM1.99 (bawah BUDI95).
​Tengok gambar ni—siapa yang ada 'payung' BUDI95, dia rileks je. Yang kat luar tu, kena hadap la harga pasaran yang makin tinggi. Inilah namanya Transformasi Kebajikan.
​Dunia tengah pusing, tapi kalau kita pandai cari 'payung' yang betul, kita takkan basah. Sama macam cari Rezeki Baru, kena pandai pilih jalan yang selamat dan menjimatkan.

#BeritaTerkini #RON95 #Budi95 #HargaMinyak #Transformasi MalaysiaMadani PeluangBaru",https://www.instagram.com/p/DX2_UlOk1aV/,,,negative,2026-05-03 02:09:06+00:00,0,0,0,0,0.0004977107048034779,0,0.0,,,negative,0.9983409643173218,malay,Malay/Bumiputera,love,0.16309784352779388,0.04487866163253784,0.07188373804092407,0.04678342863917351,0.4541570246219635,0.029082031920552254
instagram,post,3890150498502852215,"RM1.5 Billion saved... PER MONTH?

An economist has suggested that excluding the top 20% from the BUDI95 scheme could save Putrajaya a staggering RM1.5 billion every month. Currently, anyone with a valid license gets the subsidy, but experts argue it’s time to limit it to the B40 and M40 to manage the rising cost of living.

Do you think this is fair? Or should the T20 be given a lower monthly quota instead of being cut off entirely? Let’s hear your take below!👇

[Check out the full article on our website. Link in bio.]

#T20 #BUDI95 #RON95 #Malaysia",https://www.instagram.com/p/DX8l0R6Ej53/,,,neutral,2026-05-05 06:21:39+00:00,2,0,1,0,0.5,3,5.0,,,neutral,0.8408263921737671,english,Mixed/Urban,happy,0.03362434729933739,0.04659704864025116,0.602633535861969,0.023422781378030777,0.18083856999874115,0.036590833216905594
instagram,post,3888033568261780107,"Semua sedia maklum, di saat keadaan dunia berdepan tekanan ekonomi dan kenaikan harga minyak global, kerajaan tetap membuat keputusan yang tidak mudah — demi rakyat.

YAB Dato' Seri Anwar Ibrahim, Perdana Menteri memaklumkan Kerajaan Malaysia memberi jaminan bahawa harga petrol bersubsidi RON95 di bawah inisiatif BUDI95 kekal pada kadar RM1.99 seliter, walaupun terdapat desakan untuk menaikkan harga. 

Ini bukan sekadar angka — ini soal keutamaan.

Keutamaan untuk melindungi golongan pekerja, memastikan kos sara hidup terus terkawal dan menjaga kestabilan ekonomi rakyat di peringkat akar umbi.

Tok Abah percaya, dalam setiap keputusan besar, yang paling penting bukan hanya kiraan ekonomi — tetapi kesan kepada kehidupan rakyat.

Kerajaan akan terus berusaha, menimbang setiap langkah dengan teliti agar keseimbangan antara ekonomi negara dan kebajikan rakyat sentiasa terpelihara.
Insya-Allah, selagi ada ruang, rakyat akan terus dipertahankan.

#TaatSetia
#MADANIBekerja
#JKOMBersamaRakyat #MalaysiaMADANI
#BUDI95",https://www.instagram.com/p/DX1Ee4_CbKL/,,,negative,2026-05-02 08:15:41+00:00,32,0,7,0,0.06736487746238709,39,53.0,,,negative,0.7754504084587097,malay,Malay/Bumiputera,anger,0.2818293869495392,0.08905106037855148,0.20488989353179932,0.049011483788490295,0.2103491723537445,0.026504119858145714
instagram,post,3887995667322421839,"拿到补贴别乱来......

👉 点击 BIO 链接，查看完整内容！

#budi95 #大马政府 #补贴",https://www.instagram.com/p/DX073W_AsJP/,,,neutral,2026-05-02 07:00:06+00:00,0,0,0,0,0.5,0,0.0,,,neutral,0.8505011200904846,english,Mixed/Urban,love,0.11583516746759415,0.02131578139960766,0.06369718164205551,0.029316071420907974,0.4308045506477356,0.03659319505095482
instagram,post,3887861818483886070,Hati2 ada kes warga asing berani MINTAK #BUDI95 dah lerni. Sekali ajar beri banyak kali dia akan mintak.,https://www.instagram.com/p/DX0dbmiiUf2/,,,negative,2026-05-02 02:34:27+00:00,0,0,0,0,0.0005080461502074973,0,0.0,,,negative,0.9983065128326416,malay,Malay/Bumiputera,love,0.05547306314110756,0.008662543259561062,0.02634287066757679,0.021749844774603844,0.7580592036247253,0.018138613551855087
instagram,post,3887844185412913082,"油价又涨了。RON97 破 RM4.90，无补贴 RON95 也来到 RM3.97。

4月30日起，新一周油价正式生效：
⛽ RON97：RM4.90（涨5仙）
⛽ 无补贴 RON95：RM3.97（涨10仙）
🛢️ 半岛柴油：维持在 RM5.12

背后原因还是西亚冲突，炼油设施还没恢复，全球供应链持续紧张。

好消息是，BUDI95 补贴汽油依然 RM1.99，东马柴油 RM2.15，关键领域柴油价也稳住。政府一边吸收涨幅，一边喊话“谨慎用油”。

你家附近的油站排长龙了吗？👇
https://www.carz.com.my/zh/2026/04/you-might-be-paying-more-at-the-pump-today-30-april-6-may

#油价最新 #RON97破4块9 #燃油补贴 #BUDI95 #西亚冲突影响",https://www.instagram.com/p/DX0ZbAdmse6/,,,neutral,2026-05-02 01:59:25+00:00,2,0,0,0,0.5,2,2.0,,,neutral,0.8545980453491211,english,Mixed/Urban,anger,0.27391284704208374,0.10592012107372284,0.1942962110042572,0.042896393686532974,0.13920745253562927,0.03197778761386871
instagram,post,3887186973660380196,"首相拿督斯里安华再次强调，尽管多数产油国已调高燃油价格，马来西亚仍坚持通过仁政昌明RON95汽油补贴机制（BUDI95），把RON95汽油补贴价维持在每公升1.99令吉，以减轻人民尤其是基层劳动者的生活压力。

安华在2026年劳动节庆典上发表献词时指出指出表示，他希望劳动阶层理解，政府为何坚持不让RON95价格上调。

他说，经济专家及企业界都曾施压，建议政府必须“现实一点”，但他强调，所谓现实，不只是照顾国家经济，也必须照顾人民，尤其是基层劳动者的处境。

“我现实，是照顾国家经济、照顾人民；但我也必须思考基层劳动者。”

安华指出，政府也通过财政部宣布，在企业融资担保计划（SJPP）下追加50亿令吉担保，以协助因美国与伊朗爆发战争、全球供应危机加剧而受影响的中小微型企业。

此外，政府也通过国家银行宣布，提供50亿令吉中小企业稳定援助融资便利，使整体支援规模达到100亿令吉，以帮助受冲击企业减轻负担。

安华说，政府重视中小微企业，是因为这类企业雇用大量员工，也是推动国家经济增长的重要力量。

“中小微企业员工人数庞大，他们是带动国家经济增长的力量。”

#南洋商报 #BUDI95 #RON95 #安华 #补贴

免费下载App看更多：
https://onelink.to/tkfjhx

Disclaimer: The caption may have been automatically translated by Instagram. In the event of any discrepancies, the original Chinese version shall prevail. We are not responsible for any inaccuracies resulting from the auto-translation.

点击story（Swipe Up）看更多",https://www.instagram.com/p/DXyD_UUjXwk/,,,neutral,2026-05-01 04:13:39+00:00,51,0,1,0,0.5,52,54.0,,,neutral,0.8266885280609131,english,Mixed/Urban,anger,0.2630126178264618,0.0701766088604927,0.09302913397550583,0.18997925519943237,0.19834241271018982,0.03085721842944622
instagram,post,3887180483738278258,"📋 【05月最新资讯】政策 · 法规 · 优惠一次掌握

🔍 每月更新，精选本月最值得关注的政策变动与重要资讯，助您在最短时间内掌握关键要点，无论是企业合规还是个人规划，一篇全搞定。
👇 立即查看，欢迎转发分享！
.
🎯 柴油现金补贴调高至RM400
 🏹政府宣布因应柴油价格上涨，将现金补贴从RM300提高至RM400，预计惠及超过35万人，包括农民、小园主及西马柴油车主。符合条件者可通过BUDI Diesel线上申请，并于4月申请、5月起领取补贴。
.
🎯受薪族报税截止日期提醒 
🏹大马内陆税收局规定，使用e-BE电子报税的受薪族须在5月15日前完成申报，手写表格则需在4月30日前提交，逾期可能被罚款。建议每年持续报税，即使未达纳税门槛也应保留记录。 
.
🎯MyJPJ 5月1日起强制MyDigital ID登录 
🏹自5月1日起，MyDigital ID将成为MyJPJ APP唯一登录方式。用户需提前下载并完成注册，包括身份验证与资料填写，才能正常使用MyJPJ服务。 
.
🎯政府拟推大马卡购柴油机制 
🏹政府正研究以大马卡购买补贴柴油的机制，未来或以“按用量补贴”取代现金补贴。若落实，西马用户需在油站出示大马卡才能购买补贴柴油，而东马仍维持现有补贴制度。
.
🎯5月份公共假期
👉5月1日（星期五）— 劳动节（所有州属）
👉 5月3日（星期日）— 劳动节补假（吉打）
👉 5月17日（星期日）— 玻璃市拉惹诞辰（玻璃市）
👉5月18日（星期一）— 玻璃市拉惹诞辰补假（玻璃市）
👉 5月22日（星期五）— 彭亨祭祀日（彭亨）
👉 5月26日（星期二）— 阿拉法特日（吉兰丹 & 登嘉楼）
👉5月27日（星期三）— 哈芝节（所有州属）
👉5月28日（星期四）— 哈芝节第2天（吉打,吉兰丹,玻璃市,登嘉楼）
👉5月30日（星期六）— 丰收节（纳闽 & 沙巴）
👉 5月31日（星期日）— 卫塞节（所有州属）
👉5月31日（星期日）— 丰收节第2天（纳闽 & 沙巴）
.
🎯5月份报表呈报截止日期
👉15.05.2026：PCB（4月份薪水）
👉15.05.2026：SOCSO & EIS （4月份薪水）
👉15.05.2026：HRDC（4月份薪水）
👉15.05.2026：EPF（4月份薪水）
👉15.05.2026：CP204付款
👉15.05.2026：Form BE（电子呈报）
👉30.05.2026：审计报告（2025年10月关账公司）
👉30.05.2026：CP500（第二次还款）
👉31.05.2026：Form C（2025年9月关账公司）
👉31.05.2026：SST（2026年3月 – 4月付款）
👉31.05.2026：CP204呈报
👉31.05.2026：Form E（电子呈报）
.
.
您可能对以下课题感兴趣：
【2026最完整的税务报表截止日期】
https://landco.my/social-zh/ya-2025-tax-filing-deadlines-zh/ 
.
【电子发票 e-Invoice 全指南！】
https://landco.my/information-sharing-zh/e-invoice_zh/ 
.
【2026年个人税务减免列表】
https://landco.my/tax-relief/personal-tax-relief-2026-zh/ 
.
.
如果您希望获得有关商业，财务，会计，税务，审计等更多的信息，您可以通过以下链接订阅我们：
https://landco.my/form-cn/ 
.
感谢您的阅读！
www.landco.my 
https://m.facebook.com/LANDCOMALAYSIA/ 
我们专为世界各地的商家提供所需的马来西亚税务和商业会计专业知识与服务。
#五月  #最新消息  #补贴 #报表呈报截止日期 #马来西亚 #budi95  #报税  #landco #lncoaccountants",https://www.instagram.com/p/DXyCg4HDRly/,,,neutral,2026-05-01 04:00:45+00:00,11,0,0,0,0.5,11,11.0,,,neutral,0.8885494470596313,english,Mixed/Urban,no_clear_emotion,0.048648297786712646,0.026000414043664932,0.04113803803920746,0.028981419280171394,0.13093093037605286,0.05726443976163864
instagram,post,3887131211152753906,"📌Malaysia masih kekalkan harga BUDI95 pada RM1.99 seliter meskipun kebanyakan negara pengeluar minyak naikkan harga

📌Kerajaan akan terus ambil langkah-langkah perlu dalam berdepan ketidaktentuan ekonomi global

 - Perdana Menteri Datuk Seri @anwaribrahim_my 

#BernamaNews 
#BUDI95 
#krisisbekalanglobal",https://www.instagram.com/p/DXx3T3cGATy/,,,negative,2026-05-01 02:22:51+00:00,25,0,0,0,0.007354778051376354,25,25.0,,,negative,0.9754840731620789,malay,Malay/Bumiputera,anger,0.40399882197380066,0.17631351947784424,0.10688631236553192,0.05150127410888672,0.062064316123723984,0.028544621542096138
instagram,post,3887114424884498391,"劳动节快乐

一早起来先刷一下budi 95，好彩还在😵‍💫😵‍💫

#200公升的眼泪
#budi95",https://www.instagram.com/p/DXxzfmAiY_X/,,,neutral,2026-05-01 01:49:31+00:00,3,0,1,0,0.5,4,6.0,,,neutral,0.8179729580879211,english,Mixed/Urban,happy,0.032947223633527756,0.04275604709982872,0.5325786471366882,0.02088281884789467,0.25014564394950867,0.026038505136966705
instagram,post,3886787214152269889,"30 April

深深体会到，Budi95 影响最大的一群，其实是为国家贡献最多税收的人——生意人/高收入群 （他们认为）

很多人说：“有油打已经很好了，别再吵了。”
可是问题是，在战争前这么多年，有真的轻松过吗？每年最少缴付6-7位数的税。

需要 outstation，需要见客户，需要应酬，需要带团队去 site 学习，还需要奔走于各个政府部门，包括（但不限于）处理 income tax、SST、银行等事务。

税务迟一天就有 penalty，但要讨回却至少等180天。

为国家贡献最多税收、努力经营的人，最终却只能得到200L的津贴。那我们还得到了什么？

开车不用给 saman？
机场有特别通道？
有特别医疗待遇？
政府部门有快捷服务？

好像都没有。
那我们享有的，究竟是什么？
真心请点醒小弟，是不是我要求太多了。。。

I’ve come to realize that Budi95 affects most those who contribute the most in taxes to the country — business owners / high-income earners. (As define)

Many people say, “At least you get fuel subsidies, that’s already good enough. Stop complaining.”
But the real question is — have things ever been easy for us all these years, even before any crisis? We pay at least 6–7 figures in taxes every year.

We need to travel outstation, meet clients, entertain, bring our teams to site for learning, and run between multiple government departments — including (but not limited to) handling income tax, SST, banks, and more.

If we are late on taxes by even one day, there’s a penalty. But when it comes to refunds, we wait at least 180 days.

Those who contribute the most and work hard to build businesses — in the end, we receive a 200L fuel subsidy. What else do we actually get?

Do we get to drive without summons?
Do we have special airport lanes?
Do we get priority medical treatment?
Do we get fast-track services at government departments?

Seems like none of these.
So what exactly are we benefiting from?

Genuinely asking — am I expecting too much? 

#budi95 #malaysianews #viralmalaysia #malaysianlife #supportmalaysia",https://www.instagram.com/p/DXwpGDRE4BB/,,,neutral,2026-04-30 14:59:24+00:00,6,0,0,0,0.5,6,6.0,,,neutral,0.8341714143753052,english,Mixed/Urban,love,0.03139450401067734,0.05285351723432541,0.062465183436870575,0.08240823447704315,0.6595315933227539,0.04473351314663887
instagram,post,3886754154588760081,"今天是4月尾的最后一天，
载孩子放学回家时看到车的油已少过半缸油，所以跑去油站⛽️ 把剩余的 18L Quota 也打完了。 

我算了一算这个月我有大概10天没开车… 
所以 BUDI 95 的 Quota 勉强刚刚足够。 😜

#BUDI95 #用完了 #明天Refresh",https://www.instagram.com/p/DXwhk-JiWgR/,,,neutral,2026-04-30 13:53:43+00:00,3,0,0,0,0.5,3,3.0,,,neutral,0.8539667725563049,english,Mixed/Urban,surprise,0.013405946083366871,0.1461365818977356,0.035767823457717896,0.0902070701122284,0.06576617807149887,0.4897674024105072
instagram,post,3886632287600723316,"公务员居家办公倡议开始取得显著效果，自4月15日落实以来，在10天内节省190万令吉RON95汽油补贴，相等于97万9632公升汽油。

公共服务总监丹斯里旺阿末达兰说，当中每日节省12万816公升汽油，或相等于23万9215令吉68仙。

“虽然数额可能不大，但我认为，这是公务员为协助政府应对中东（西亚）危机所带来的财政压力，而作出的重要贡献。”

#南洋商报 #公务员 #WFH #petrol #BUDI95 #nanyangsiangpau

点击story（Swipe Up）看更多

Disclaimer: The caption may have been automatically translated by Instagram. In the event of any discrepancies, the original Chinese version shall prevail. We are not responsible for any inaccuracies resulting from the auto-translation.",https://www.instagram.com/p/DXwF3krAUV0/,,,neutral,2026-04-30 09:51:36+00:00,21,0,1,0,0.5,22,24.0,,,neutral,0.8479169011116028,english,Mixed/Urban,no_clear_emotion,0.13417012989521027,0.12563087046146393,0.2221420556306839,0.08659446984529495,0.10222981870174408,0.04515939950942993
instagram,post,3886509750556422712,"Mixue tutup 428 cawangan pun, masih untung RM23Billion!!

Boleh baca perkongsian dari FB Muhammad Azmi Jamaludin 

https://www.facebook.com/share/19nswZ9xki/?mibextid=wwXIfr

Adat berniaga, ada untung rugi, ada cabaran!!

Sy mengalami kerugian duit hari ini. Tapi syukurlah dah selesai urus niaganya!!!

Begitulah...hanya mampu merawat duka lara di hati sendiri dengan beli minuman kat Mixue. Dengan RM4.50 dah dapat minuman manis-manis.

#BUDI95 #peguamhartanah #Subsales #fbpro #fyp",https://www.instagram.com/p/DXvqAbKAfI4/,,,negative,2026-04-30 05:48:08+00:00,0,0,0,0,0.0010710418224334495,0,0.0,,,negative,0.9964298605918884,malay,Malay/Bumiputera,no_clear_emotion,0.04595999792218208,0.047574952244758606,0.07505343854427338,0.06944218277931213,0.24313294887542725,0.08769478648900986
instagram,post,3886426365402120502,"Assalamualaikum Dunia!

Hampir 1 bulan kita telah menjalani hidup, buat kerja seharian kita dengan BUDI95 200Liter. 

Nampaknya kewangan semakin terurus,lebih bersemangat untuk rancang perbelanjaan, lebih cermat. 

Mana tak perlu beli, dah tak beli. Makan-makan pun dah berkurang. Ada berlaku penurunan berat badan!Hahaha. 

Okey, kita kena tahu harga minyak semasa supaya senang nak rancang perjalanan. 

#BUDI95 #wfh #Subsales #peguamhartanah",https://www.instagram.com/p/DXvXDArgYE2/,,,negative,2026-04-30 03:02:28+00:00,0,0,0,0,0.0007984936237335205,0,0.0,,,negative,0.9973383545875549,malay,Malay/Bumiputera,happy,0.019364673644304276,0.22844895720481873,0.6296332478523254,0.02908073551952839,0.026201637461781502,0.04431016743183136
instagram,post,3886424376186886784,"HARGA RUNCIT DIESEL KEKAL, RAKYAT TERUS NIKMATI SUBSIDI BUDI95 RM1.99

Harga runcit diesel di Semenanjung Malaysia kekal RM5.12 seliter bagi tempoh 30 April hingga 6 Mei 2026 tanpa sebarang perubahan, manakala kerajaan terus mengekalkan harga bahan api bersubsidi secara bersasar untuk rakyat termasuk RON95 (BUDI95) pada RM1.99 seliter, diesel di Sabah, Sarawak dan Labuan pada RM2.15 seliter, serta SKPS RM2.05 seliter dan SKDS RM2.15 seliter. Ini memastikan majoriti rakyat terus menikmati harga bahan api pada kadar lebih rendah walaupun berdepan ketidaktentuan global.

Dalam tempoh sama, harga RON97 meningkat 5 sen kepada RM4.90 seliter manakala RON95 tanpa subsidi naik 10 sen kepada RM3.97 seliter, selaras formula Automatic Pricing Mechanism (APM) yang dipengaruhi pergerakan harga pasaran antarabangsa. 

Kenaikan ini didorong oleh krisis di Asia Barat yang menjejaskan bekalan dan meningkatkan kos petroleum global, namun Kerajaan MADANI menegaskan komitmen untuk melindungi rakyat serta memastikan bekalan bahan api kekal stabil, di samping menggalakkan penggunaan secara berhemah.

#MyCommunityNews
#MCN
#KrisisBekalanGlobal
#BUDI95",https://www.instagram.com/p/DXvWmEFCdqA/,,,negative,2026-04-30 02:58:30+00:00,35,0,6,0,0.00048519372940064587,41,53.0,,,negative,0.9983826875686646,malay,Malay/Bumiputera,no_clear_emotion,0.27298733592033386,0.07750553637742996,0.11148781329393387,0.05907374620437622,0.134406179189682,0.03895234316587448
instagram,post,3886365969145356543,"In the era of 200L #Budi95 allocation and over RM6 / litre diesel prices, the @mitsubishimotorsmalaysia #XForce clocks in a darn good 6.5L/100km fuel consumption figure during the morning school run in PJ . Highway cruising late last night yielded sub-6L/100km consumption. With 6.5L / 100km consumption you can travel approx 3076km with 200L of Ron95 fuel.  Thats 3000km of range on RM1.99 / litre fuel price while staring at those aircraft style aux gauges. #mitsubishi #xforce",https://www.instagram.com/p/DXvJUISE2D_/,,,positive,2026-04-30 01:02:27+00:00,27,0,0,0,0.8691004395484924,27,27.0,,,positive,0.5636681318283081,english,Mixed/Urban,no_clear_emotion,0.03137049078941345,0.029896287247538567,0.11981864273548126,0.018060578033328056,0.12862393260002136,0.038914043456315994
instagram,post,3886069079623244525,"The Finance Ministry is studying a more targeted diesel subsidy mechanism for Sabah and Sarawak, similar to BUDI95, as part of ongoing efforts to refine the country’s fuel subsidy framework amid global oil price and supply concerns, says Communications Minister Datuk Fahmi Fadzil.

For report, click link in the bio.

#DieselSubsidy #Sabah #Sarawak #FahmiFadzil #BUDI95",https://www.instagram.com/p/DXuFz0Xkprt/,,,neutral,2026-04-29 15:12:36+00:00,3,0,0,0,0.5,3,3.0,,,neutral,0.9206859469413757,english,Mixed/Urban,no_clear_emotion,0.07712329924106598,0.05774044618010521,0.27838727831840515,0.03861565515398979,0.18212579190731049,0.04435248300433159
instagram,post,3886051029033376073,"Semenjak subsidi minyak dikurangkan dari 300 liter ke 200 liter, aku mula amalkan gaya hidup sihat. Pergi kerja jalan kaki, balik kerja tumpang orang (carpool) 😂😂😂

Giler kau balik kerja cuaca panas, kadang hujan… memang tak sanggup aku 😂😂😂
Kadang lagi 2km nak sampai tempat kerja, aku tolak motor 😂😂😂
Kadang kereta pun aku tolak… nak jimat punya pasal 😂😂😂
Ni semua nak jimatkan subsidi minyak.

Selama aku hidup, ini kali pertama aku rasa guna minyak bersubsidi betul-betul 😂😂😂
Bila nak turun, aku pun tak pasti. Bila dah naik… susah nak turun.
Yang selalu turun cuma hujan dengan air mata je 😂😂😂

#budi95 #subsidi #petrol95 #petroleum",https://www.instagram.com/p/DXuBtJck1lJ/,,,negative,2026-04-29 14:36:44+00:00,23,0,1,0,0.0004904687404632679,24,26.0,,,negative,0.9983651041984558,malay,Malay/Bumiputera,anger,0.674808144569397,0.14481689035892487,0.037265047430992126,0.026770316064357758,0.06357330083847046,0.018295565620064735
instagram,post,3886049437655716210,"BUDI95 finished already… I think a lot of us are seeing that “0” balance today 😅
Still grateful for the monthly support better than nothing.
Busy month, but still managed to enjoy some travel here and there.
You still got balance, or officially in the 0 club with me?

#Ren03289
#budi95
#thankyou",https://www.instagram.com/p/DXuBV_XE1Fy/,,,positive,2026-04-29 14:35:03+00:00,2,0,0,0,0.926400738954544,2,2.0,,,positive,0.7546691298484802,english,Mixed/Urban,happy,0.027735387906432152,0.14899665117263794,0.39080578088760376,0.11119700223207474,0.21667420864105225,0.07100938260555267
instagram,post,3886035267350855927,"MOF Mulls More Targeted Diesel Subsidy Mechanism For Sabah, Sarawak — Fahmi: KUALA LUMPUR, April 29 (Bernama) — The Ministry of Finance (MOF) is studying the implementation of a more targeted diesel subsidy mechanism, similar to BUDI95, for Sabah and Sarawak, said MADANI government spokesperson Datuk Fahmi Fadzil. He said the matter is currently under review by MOF before any decision is finalised. “So, this is currently being studied for implementation by the ministry,” he said at a briefing on the global supply crisis and post-Cabinet meeting press conference here today. However, he said the proposal to streamline diesel subsidies between Sabah, Sarawak and the Peninsula has not yet been discussed in […] #DieselSubsidy #Sabah #Sarawak #MOF #BUDI95",https://www.instagram.com/p/DXt-HyPFoD3/,,,neutral,2026-04-29 14:06:23+00:00,110,0,0,0,0.5,110,110.0,,,neutral,0.9388857483863831,english,Mixed/Urban,happy,0.031261418014764786,0.0973212793469429,0.6052693128585815,0.01943783648312092,0.07157962769269943,0.04901934415102005
instagram,post,3886018341035464349,"Biasanya tak semak pun. Hari ini isi minyak tengok 1.88 tu apa benda?? 😂😂 

Atau memang dia bagi lagi murah sebab tak guna habis 200 L. #Budi95 Yang tau je tau.",https://www.instagram.com/p/DXt6ReYElad/,,,negative,2026-04-29 13:31:48+00:00,0,0,0,0,0.0004951357841491699,0,0.0,,,negative,0.9983495473861694,malay,Malay/Bumiputera,fear,0.06901948153972626,0.4845885634422302,0.014919709414243698,0.08611295372247696,0.12692219018936157,0.15125809609889984
instagram,post,3885961815323275670,"柴油不变，汽油涨价！
RON97 小涨 5sen 来到 RM4.90/L

#油价 #RON95 #RON97 #Diesel #BUDI95",https://www.instagram.com/p/DXtta6tE3GW/,,,neutral,2026-04-29 11:40:26+00:00,277,0,0,0,0.5,277,277.0,,,neutral,0.9514700174331665,malay,Malay/Bumiputera,no_clear_emotion,0.033734627068042755,0.017379827797412872,0.06089426204562187,0.02661142311990261,0.11806723475456238,0.04371143877506256
instagram,post,3885941673829701496,"200 litres untuk bulan ni sudah habis, berbaki beberapa hari lagi baru direnew balik ni 200L... Jadi untuk beberapa hari ini kita naik basikal ke tempat kerja saja.. Sihat juga tu sambil bersenam mengayuh ke tempat kerja 😂😂
#BUDI95",https://www.instagram.com/p/DXto10egZd4/,,,negative,2026-04-29 10:59:28+00:00,0,0,0,0,0.0006938338279723899,0,0.0,,,negative,0.9976872205734253,malay,Malay/Bumiputera,no_clear_emotion,0.059705059975385666,0.05901452526450157,0.10303201526403427,0.04592559486627579,0.21439500153064728,0.06306526809930801
instagram,post,3885889123395721743,"自 2026 年 4 月 1 日起，馬來西亞政府在 BUDI MADANI“BUDI95”計劃下，將每月補貼汽油配額從原本 300 升下調至 200 升，此調整在社交媒體上引起廣泛討論。部分網友在網路上分享截圖，顯示其燃油配額已提前用盡「0 litres」，並表示對於每日需要通勤的駕駛者而言，200 公升並不足夠使用。

⚡️閱讀全文請點擊BIO鏈接或動態

#補貼 #BUDI95 #油價 #打油 #qp",https://www.instagram.com/p/DXtc5HEjloP/,,,negative,2026-04-29 09:15:03+00:00,201,0,3,0,0.13600751906633377,204,210.0,,,negative,0.5466416031122208,multilingual,Unknown,no_clear_emotion,0.06004388630390167,0.24759982526302338,0.05709163472056389,0.10090423375368118,0.12212827801704407,0.12210390716791153
instagram,post,3885840064467675848,"🚗🔥 𝗔𝗦𝗘𝗔𝗡 𝗥𝗘𝗖𝗢𝗥𝗗 𝗕𝗥𝗘𝗔𝗞𝗘𝗥 — 𝗛𝗔𝗩𝗔𝗟 𝗛𝟲 𝗛𝗘𝗩! 🔥🚗

Who says fuel efficiency can’t go far?
The **𝗛𝗮𝘃𝗮𝗹 𝗛𝟲 𝗛𝗘𝗩** just proved it — hitting an incredible **𝟭𝟬𝟬𝟬𝗞𝗠 𝗿𝗮𝗻𝗴𝗲** on a single run! 💪

⛽ Save more, drive further
💰 Lower fuel cost = more savings for you
🇲🇾 With **𝗕𝘂𝗱𝗶 𝟵𝟱**, no more stress even if your **𝟮𝟬𝟬𝗟 𝗾𝘂𝗼𝘁𝗮 𝗿𝘂𝗻𝘀 𝗼𝘂𝘁**

This is not just an SUV — this is **smart driving for Malaysians.**

Ready to upgrade your drive and your savings? 👇
📍 Visit **GWM Ipoh** today and تجربه the difference!
📲 [https://www.wasap.my/60165121520]
📍 Location: [https://share.google/6ulU9rHSTLP8rnUN4]
#HavalH6HEV #1000KMChallenge #FuelSavingKing #GWMIpoh #HybridPower #SmartDriving #Budi95 #SUVMalaysia",https://www.instagram.com/p/DXtRvNYk6rI/,,,positive,2026-04-29 07:37:35+00:00,2,0,0,0,0.8822703719139099,2,2.0,,,positive,0.6075679063796997,english,Mixed/Urban,happy,0.02123279683291912,0.055463675409555435,0.7133246064186096,0.01674136146903038,0.11593171954154968,0.03294755890965462
instagram,post,3885826813528584207,"📌 MOF sedang teliti mekanisme lebih bersasar seperti BUDI95 bagi pelaksanaan subsidi diesel di Sabah dan Sarawak 

📌 MTEN sentiasa meneliti dan prihatin isu harga global bagi bekalan minyak mentah atau produk untuk RON95 dan diesel 

Menteri Komunikasi, Datuk Fahmi Fadzil

#BernamaNews
#Budi95
#SabahSarawak
@fahmifadzil.1",https://www.instagram.com/p/DXtOuYfDzAP/,,,positive,2026-04-29 07:11:15+00:00,10,0,0,0,0.9993651926517486,10,10.0,,,positive,0.9978839755058289,malay,Malay/Bumiputera,no_clear_emotion,0.10231941938400269,0.03303172439336777,0.06960523873567581,0.0214078351855278,0.099424347281456,0.03389604389667511
instagram,post,3885779767111366935,"The government just confirmed the BUDI95 limit isn't moving for now. While 200L sounds small compared to the old 300L, it actually covers about 3,000km for most compact cars.

Check out the full article on our website. Link in bio. 

#BUDI95 #RON95 #BUDIMadani",https://www.instagram.com/p/DXtEBxGErkX/,,,neutral,2026-04-29 05:37:47+00:00,1,0,0,0,0.5,1,1.0,,,neutral,0.8046815991401672,english,Mixed/Urban,fear,0.058007627725601196,0.5657833814620972,0.06308954209089279,0.07547631114721298,0.02318151295185089,0.1071963906288147
instagram,post,3885902959297293941,"📌 MOF sedang teliti mekanisme lebih bersasar seperti BUDI95 bagi pelaksanaan subsidi diesel di Sabah dan Sarawak

📌MTEN sentiasa meneliti dan prihatin isu harga global bagi bekalan minyak mentah atau produk untuk RON95 dan diesel

- Menteri Komunikasi Datuk Fahmi Fadzil 

#RON95 
#BUDI95 
#subsididiesel",https://www.instagram.com/p/DXtgCcwje51/,,,positive,2026-04-29 09:42:36+00:00,3,0,0,0,0.9993737399578093,3,3.0,,,positive,0.9979124665260315,malay,Malay/Bumiputera,no_clear_emotion,0.1576015204191208,0.04655466601252556,0.12313319742679596,0.028641412034630775,0.11447673290967941,0.03492528200149536
instagram,post,3885773209433913515,"去到尽应该是这个情况的意思吧 🙄🙄

#petrol
#BUDI95",https://www.instagram.com/p/DXtCiVyCbir/,,,negative,2026-04-29 05:24:45+00:00,3,0,2,0,0.0762322962284088,5,9.0,,,negative,0.745892345905304,english,Mixed/Urban,love,0.08304200321435928,0.04452764242887497,0.09505495429039001,0.059869907796382904,0.39943698048591614,0.06063031777739525
instagram,post,3885769550894555068,"还久没有帮我 #Myvi 加油了… 🈶被价钱下了一跳😅。还好 #BUDI95 扣下来大概 RM60。

#fblifestyle",https://www.instagram.com/p/DXtBtGgGV-8/,,,neutral,2026-04-29 05:17:30+00:00,0,0,0,0,0.5,0,0.0,,,neutral,0.9055736064910889,english,Mixed/Urban,surprise,0.025024637579917908,0.25741803646087646,0.052924994379282,0.08604157716035843,0.04856310412287712,0.43584683537483215
instagram,post,3885739343516613231,"GV Ride Driver Get Supported with BUDI 800L ! ⛽✨

We know fuel is one of your biggest costs. That’s why at GV Ride, we support our drivers with extra BUDI!

How to qualify?
📍 Just reach a Total E-hailing Mileage of 5,000km within a month.
📍 You’ll receive up to 800L Fuel Subsidy in the following month!

It’s that simple. We track your total distance, and you get the fuel support you deserve. Every kilometer counts!

Scan to register as a GV Driver and start your journey! 📲

#GVRide #Ehailing #Malaysia #EhailingDriver #GVDriver #BUDI95",https://www.instagram.com/p/DXs61hsETpv/,,,positive,2026-04-29 04:17:28+00:00,3,0,0,0,0.9264497697353362,3,3.0,,,positive,0.7548325657844543,english,Mixed/Urban,love,0.02973022684454918,0.027132684364914894,0.11221647262573242,0.03391238674521446,0.6964571475982666,0.02848869003355503
instagram,post,3885630430988819527,"今天去打油，屏幕直接给我一记“现实暴击”——
“No BUDI95 subsidy balance remaining.” 😅

200L quota…真的不够用啊。
才没多久就用完，感觉开车都要开始精打细算了。

现在的问题不是油价贵不贵，
是——补贴根本撑不到一个月。

你们的 200L 够用吗？
还是我已经算“省油一族”了？ 🤔

#BUDI95
#油价压力
#200L真的不够",https://www.instagram.com/p/DXsiEo_iVxH/,,,negative,2026-04-29 00:41:05+00:00,0,0,0,0,0.02150012254714967,0,0.0,,,negative,0.9283329248428345,multilingual,Unknown,fear,0.05511173978447914,0.37294507026672363,0.017943939194083214,0.35047972202301025,0.044282905757427216,0.11311199516057968
instagram,post,3885233237464295779,"Jetour is pushing PHEV SUVs at Auto China 2026—and it makes sense.

Plug-in hybrids could be the most practical way for Malaysia to move towards electrification without overloading charging infrastructure.

They also stretch your BUDI95 fuel budget further, especially when fuel prices fluctuate. Not fully electric. Not fully petrol. But maybe we need right now.

Do you think this is the smarter transition path?

#Jetour #PHEV #Hybrid #BUDI95 #Malaysia",https://www.instagram.com/p/DXrHwtsmalj/,,,positive,2026-04-28 11:31:55+00:00,5,0,0,0,0.8905094563961029,5,5.0,,,positive,0.635031521320343,english,Mixed/Urban,happy,0.037696875631809235,0.13032962381839752,0.6605885624885559,0.022460639476776123,0.09954163432121277,0.025855934247374535
instagram,post,3885170899939874890,"Let's end the day with alhamdulillah budi 95 habis quota before end of the month
#budi95",https://www.instagram.com/p/DXq5llWmdhK/,,,positive,2026-04-28 09:28:04+00:00,1,0,0,0,0.9417363584041595,1,1.0,,,positive,0.8057878613471985,english,Mixed/Urban,happy,0.021366151049733162,0.04551006108522415,0.5853946208953857,0.019845671951770782,0.18880510330200195,0.03280453011393547
instagram,post,3885158742925807838,"大家继续“精打细算”省省用……
全文👉https://shorturl.at/QXzdA

#BUDI95 #汽油补贴配额 #风采 #Femininemsia
想要买《风采》，网购最方便！
👉 https://s.lazada.com.my/s.xqJTn (西马)
👉 https://s.lazada.com.my/s.xqJ58 (东马)
👉 https://my.shp.ee/urmN2pCX (西马)
👉 https://my.shp.ee/K9R1Es9m (东马)
👉订阅《风采》纸本杂志： https://shop.enanyang.my/product/feminine/",https://www.instagram.com/p/DXq20rQGJDe/,,,neutral,2026-04-28 09:03:56+00:00,0,0,0,0,0.5,0,0.0,,,neutral,0.9975355863571167,malay,Malay/Bumiputera,love,0.05254250392317772,0.08986103534698486,0.04275333881378174,0.08050700277090073,0.36875608563423157,0.2559053301811218
instagram,post,3885106463928061158,"According to the Finance Minister's political secretary.

Full article in bio @lowyatnet 

#BUDI95",https://www.instagram.com/p/DXqq76pAYzm/,,,neutral,2026-04-28 07:20:04+00:00,3,0,0,0,0.5,3,3.0,,,neutral,0.9250546097755432,english,Mixed/Urban,no_clear_emotion,0.04317860305309296,0.018224379047751427,0.05931378901004791,0.021301165223121643,0.0938442051410675,0.028460031375288963
instagram,post,3885096507054285991,"Kerajaan terus mengekalkan penyelarasan sementara kuota inisiatif BUDI MADANI RON95 (BUDI95) pada 200 liter sebulan buat masa ini susulan krisis bekalan global, kata Setiausaha Politik kepada Menteri Kewangan Muhammad Kamil Abdul Munim.
Beliau berkata setiap keputusan akan dibincangkan dalam mesyuarat Majlis Tindakan Ekonomi Negara (MTEN) yang dilaksanakan secara mingguan, mengikut keperluan dan keupayaan semasa ekonomi negara.
“Kita harus lihat kepada keseluruhan ekosistem, termasuk soal bekalan minyak. Setakat ini keadaan itu masih terkawal dan kerajaan memantau perkembangannya dari semasa ke semasa. 
“Kita juga telah mempelbagaikan sumber minyak kita dan tidak hanya tertumpu kepada minyak daripada negara-negara Asia Barat.”
#BernamaNews
#KrisisBekalanGlobal 
#KonflikAsiaBarat 
#BUDI95 
#SelatHormuz 
Kementerian Kewangan 
#MTEN 
Berita penuh: https://www.bernama.com/bm/am/news.php?id=2550178",https://www.instagram.com/p/DXqorBlFOSn/,,,positive,2026-04-28 07:00:16+00:00,0,0,0,0,0.980175757408142,0,0.0,,,positive,0.9339191913604736,malay,Malay/Bumiputera,no_clear_emotion,0.17576785385608673,0.16575473546981812,0.16880297660827637,0.04740506410598755,0.07014477252960205,0.0462183877825737
instagram,post,3885081328387433783,"KUOTA BUDI95 KEKAL 200 LITER SEBULAN BUAT MASA INI

Setiausaha Politik Menteri Kewangan, Muhammad Kamil Abdul Munim memaklumkan pengekalan penyelarasan sementara kuota inisiatif BUDI MADANI RON95 (BUDI95) pada 200 liter sebulan akan terus dilaksanakan kerajaan buat masa ini.

Penyelarasan sementara yang dilakukan susulan krisis bekalan global itu dilaksanakan mengikut keperluan serta keupayaan semasa ekonomi negara.

Walau demikian, kerajaan telah mengambil langkah untuk mempelbagaikan sumber minyak dan tidak hanya bergantung kepada negara-negara Asia Barat, selain berusaha untuk menampung subsidi bahan api sedia ada walaupun terdapat cadangan dari Bank Dunia agar harga RON95 bersubsidi diselaraskan pada kadar RM2.05 seliter berbanding RM1.99 seliter ketika ini.

#MyCommunityNews
#MCN
#MalaysiaMADANI
#KrisiBekalanGlobal
#BUDI95",https://www.instagram.com/p/DXqlOJWCSU3/,,,negative,2026-04-28 06:30:45+00:00,42,0,4,0,0.11125947833061217,46,54.0,,,negative,0.6291350722312927,malay,Malay/Bumiputera,no_clear_emotion,0.1997300535440445,0.10763619095087051,0.14121945202350616,0.04334813356399536,0.08194757252931595,0.040445633232593536
instagram,post,3885006304662785615,"财政部长政治秘书莫哈末卡米尔表示，面对全球汽油供应紧张局势，政府决定暂时维持仁政昌明95补贴机制（BUDI95），每月配额设定为200公升。他指出，相关政策将由国家经济行动理事会在每周会议中持续评估，并依据国家财政能力与实际需求作出调整。

他强调，政府正从宏观层面审视能源问题，包括国际石油供应变化。目前整体局势仍受控，当局也密切关注中东冲突带来的潜在影响。同时，大马已推动石油来源多元化，降低对单一地区的依赖，以增强能源安全。

自本月起，BUDI95配额已由300公升下调至200公升，但RON95汽油补贴价格仍维持在每公升1.99令吉。尽管世界银行建议调高至2.05令吉，政府仍选择维持现状。

莫哈末卡米尔指出，补贴调整初期虽面对反对，但执行过程顺利，并有效减少资源流失，为政策持续提供空间。

#燃油补贴 #RON95 #大马经济 #能源安全 #BUDI95",https://www.instagram.com/p/DXqUKaDlA5P/,,,neutral,2026-04-28 04:01:03+00:00,4,0,0,0,0.5,4,4.0,,,neutral,0.8450596332550049,english,Mixed/Urban,anger,0.4759550094604492,0.10623536258935928,0.15055419504642487,0.03663028031587601,0.07494361698627472,0.02510599046945572
instagram,post,3884961560506995044,"Selama ni, tak pernah nak bising atau mengadu pasal benda2 macam ni secara terang2.. 

Tapi . . . Sapa kata 200 liter tu cukup... Ingat kita guna kereta untuk pergi kerja je ke? Tak payah balik kampung? Tak boleh pergi ziarah? Terperap je dalam rumah?

Nak guna ic orang lain tak boleh. Jadi kesalahan. 
Jadi, kami ni sebagai rakyat ni kena tadah je ke?

💆🏻‍♀️💆🏻‍♀️💆🏻‍♀️

#budi95 #malaysia #subsidi #subsidiminyak",https://www.instagram.com/p/DXqJ_S0ERFk/,,,negative,2026-04-28 02:32:09+00:00,3,0,2,0,0.000507223606109608,5,9.0,,,negative,0.9983092546463013,malay,Malay/Bumiputera,anger,0.33548250794410706,0.04511911794543266,0.021788455545902252,0.09410208463668823,0.241947203874588,0.04744269326329231
instagram,post,3884942405598950121,"Kerajaan kekalkan kuota BUDI95 pada 200 liter buat masa ini. Langkah ini diambil susulan ketidaktentuan bekalan tenaga global yang masih berlarutan.

👉 Baca artikel penuh di www.onetiger.com
 atau klik pautan di bio kami

#Budi95 #Petrol #Malaysia #Petroleum #FYP",https://www.instagram.com/p/DXqFojak7Lp/,,,neutral,2026-04-28 01:54:06+00:00,4,0,0,0,0.5,4,4.0,,,neutral,0.9965124726295471,malay,Malay/Bumiputera,fear,0.23048752546310425,0.5678441524505615,0.030662033706903458,0.048965875059366226,0.020467568188905716,0.04070727899670601
instagram,post,3884902141019038420,"Kerajaan mengekalkan kuota subsidi BUDI95 pada 200 liter sebulan bagi menangani impak krisis tenaga global; harga RON95 bersubsidi tetap kekal pada RM1.99 seliter bagi memastikan beban rakyat tidak terjejas di sebalik tekanan ekonomi luar.

Berita penuh link di bawah: 
https://www.catsfm.my/trendings/bilik-berita-cats/3835 

#BilikBeritaCATS #CATSFM #Umobile #BUDI95 #RON95",https://www.instagram.com/p/DXp8eoGmCLU/,,,positive,2026-04-28 00:34:06+00:00,0,0,0,0,0.981629317998886,0,0.0,,,positive,0.9387643933296204,malay,Malay/Bumiputera,fear,0.24477192759513855,0.5677074790000916,0.027503743767738342,0.09911702573299408,0.02075565978884697,0.014871984720230103
instagram,post,3884639626694975767,"Kerajaan terus mengekalkan penyelarasan sementara kuota inisiatif BUDI MADANI RON95 (BUDI95) pada 200 liter sebulan buat masa ini susulan krisis bekalan global, kata Setiausaha Politik kepada Menteri Kewangan Muhammad Kamil Abdul Munim.

Beliau berkata setiap keputusan akan dibincangkan dalam mesyuarat Majlis Tindakan Ekonomi Negara (MTEN) yang dilaksanakan secara mingguan, mengikut keperluan dan keupayaan semasa ekonomi negara.

“Kita harus lihat kepada keseluruhan ekosistem, termasuk soal bekalan minyak. Setakat ini keadaan itu masih terkawal dan kerajaan memantau perkembangannya dari semasa ke semasa. 

“Kita juga telah mempelbagaikan sumber minyak kita dan tidak hanya tertumpu kepada minyak daripada negara-negara Asia Barat.”

#BernamaNews
#KrisisBekalanGlobal 
#KonflikAsiaBarat 
#BUDI95 
#SelatHormuz 
@mof_malaysia 
#MTEN 

Klik pautan di IG story atau layari Bernama.com untuk berita penuh.",https://www.instagram.com/p/DXpAyilj2EX/,,,positive,2026-04-27 15:52:31+00:00,93,0,1,0,0.9822141289710997,94,96.0,,,positive,0.9407137632369995,malay,Malay/Bumiputera,no_clear_emotion,0.19702491164207458,0.18056783080101013,0.18063606321811676,0.04363347962498665,0.06572996824979782,0.04401664808392525
instagram,post,3883869067854520645,"原来把
不敌妈打你
的quota用到完
TnG会给出
这样的提示的

#budi95",https://www.instagram.com/p/DXmRlbvmKFF/,,,neutral,2026-04-26 14:21:34+00:00,2,0,0,0,0.5,2,2.0,,,neutral,0.8093958497047424,english,Mixed/Urban,love,0.05014440789818764,0.013302970677614212,0.02273658476769924,0.022160112857818604,0.48794302344322205,0.037068840116262436
instagram,post,3883732648854852992,"Sekarang ni bukan aku tak nak isi minyak banyak-banyak, tapi sistem pun dah bagi signal awal. Bukan dompet tak mampu, cuma baki subsidi BUDI95 aku tinggal 17 liter je lagi untuk bulan ni. Nak tekan nozzle lama-lama pun kena fikir dua tiga kali, sebab setiap titis tu bukan sekadar masuk tangki, tapi tengah kira cukup tak cukup sampai hujung bulan.

Dalam resit nampak jelas, baki subsidi tinggal 17.097 liter. Maksudnya kalau isi macam biasa, memang kena pandai berjimat. Tak boleh lagi tekan ikut sedap hati macam awal bulan. Kena mula bawa kereta dengan penuh kesedaran, elak jalan sia-sia, kurangkan pusing-pusing tak tentu hala, dan mula anggap setiap kilometer tu ada nilainya.

Bila baki tinggal macam ni, barulah rasa setiap perjalanan kena ada tujuan. Nak keluar pun mula tanya diri sendiri, “perlu ke, atau boleh tangguh?” Bukan berkira, cuma sedang menyesuaikan diri dengan realiti. Zaman sekarang isi minyak bukan setakat tengok meter naik, tapi tengok juga baki subsidi turun.

Jadi bukan aku tak nak isi penuh. Kalau boleh memang semua orang nak tekan sampai auto-stop dua tiga kali. Tapi bila baki BUDI95 tinggal 17 liter, gaya hidup pun automatik bertukar. Memandu jadi lebih tenang, perjalanan jadi lebih terancang, dan minyak dalam tangki pun tiba-tiba rasa lebih berharga dari biasa.

#jangankecam #marhaen #BUDI95 #200liter  #madani",https://www.instagram.com/p/DXlykRplJWA/,,,negative,2026-04-26 09:50:32+00:00,2,0,1,0,0.0005068302154541127,3,5.0,,,negative,0.9983105659484863,malay,Malay/Bumiputera,happy,0.024908101186156273,0.160116508603096,0.6790032386779785,0.019138045608997345,0.04715320095419884,0.04074748605489731
instagram,post,3883123145113377932,"现在的汽油好贵啊
打17L的汽油就要Rm68+😱😱

如果没有 Budi95 津贴
1 litre = RM3.87
Subsidy后-＞RM1.99

补贴后，只付 RM35
差了整整一半😳

还是开小鹿好～小鹿好省耶～Kancil Boleh Boleh🤣🤣

#油价上涨 #汽油真的好贵啊
#Budi95 #Subsidy
#KancilIsTheBest",https://www.instagram.com/p/DXjn-1DlJyM/,,,neutral,2026-04-25 13:39:33+00:00,12,0,0,0,0.5,12,12.0,,,neutral,0.8330041170120239,english,Mixed/Urban,love,0.04508725553750992,0.025479713454842567,0.07235164195299149,0.03539276868104935,0.6790148019790649,0.04390425607562065
instagram,post,3882987236427023667,"政府将综合评估燃油供应是否充足、国家收入表现，以及每月额外所需资金后，再决定是否调整补贴配额。

立即游览 www.8tvnews.my 阅读完整报道。

#八度空间新闻网 #8TVNews #安华 #BUDI95",https://www.instagram.com/p/DXjJFGOm8Uz/,,,neutral,2026-04-25 09:09:32+00:00,91,0,4,0,0.5,95,103.0,,,neutral,0.8409316539764404,english,Mixed/Urban,fear,0.07784183323383331,0.5454299449920654,0.11255227029323578,0.02818351984024048,0.04576307162642479,0.05539008602499962
instagram,post,3882377221323191324,"第一次为了打油，还要载妈妈出来～ 
#BUDI95
#200litres",https://www.instagram.com/p/DXg-YNZCXQc/,,,neutral,2026-04-24 12:57:32+00:00,2,0,0,0,0.5,2,2.0,,,neutral,0.8815917372703552,english,Mixed/Urban,no_clear_emotion,0.021287957206368446,0.06526780873537064,0.03037000633776188,0.0464545339345932,0.09022630006074905,0.2912989854812622
instagram,post,3882280987078298602,"Rasanya x smpai hujung bulan ni…dlu 300 ok la juga…jarak rumah ke pekan/bandar bukan la dekat sngat…nak x nak ke isi lagi tong lain 20 ltr jga…lepas hbis ni kena dgn hrga biasa la ye..kena kuat lg la nywit😆😆😆

#RON95 #BUDI95 #MADANI",https://www.instagram.com/p/DXgof0RDgvq/,,,negative,2026-04-24 09:46:20+00:00,0,0,0,0,0.14230002164840697,0,0.0,,,negative,0.5256665945053101,multilingual,Unknown,sadness,0.026057519018650055,0.2808884382247925,0.01228043157607317,0.5279695987701416,0.031915776431560516,0.10529892146587372
instagram,post,3881527145038813189,"昨天打满第五缸油
结果出个门回来剩下一半😆😆😆
比我喝水还快呀

这个月我要靠朋友了😰
是我车坏了吗？
还是我的车漏油了😅😅😅
咋那么快har

还是我踩油太多？
我看我要关冷气，开窗口开车
看会不会省点油🤔🤔
然后我在highway fast line 开40可以吗？

等下有人要骂我了🤪
这半桶油都熬不过我的这个月
🫨🫨

#BUDI95
#用光光我的budi95
#这个月真jiaklak咯",https://www.instagram.com/p/DXd9F-KExgF/,,,neutral,2026-04-23 08:48:36+00:00,2,0,0,0,0.5,2,2.0,,,neutral,0.671424150466919,english,Mixed/Urban,sadness,0.0668734684586525,0.14688816666603088,0.016364580020308495,0.5422155857086182,0.03762202337384224,0.10237868875265121
instagram,post,3881424644738335673,"Kisah Budi95 

Ak: hati2 pergi kerja, balik nnti jangn lupe berbudi 
Wife: sekrang berkire ye. 
Ak: kene la berkire budi tingal 0.2l je🤣
Wife: nnti balik hantar aleesa tuisyen jangn lupa bebudi jugak.
Ak: alamak den jugak tekono nie.

Lepas nie beli ponny la bawak g kerja. Senang tak guna budi bagi air je.

#budi95 
#pmx 
#yangtersakiti",https://www.instagram.com/p/DXdlyZUE0O5/,,,negative,2026-04-23 05:24:58+00:00,6,0,4,0,0.00048362016677855335,10,18.0,,,negative,0.9983879327774048,malay,Malay/Bumiputera,sadness,0.03889034315943718,0.041977014392614365,0.008184142410755157,0.8145304322242737,0.047623198479413986,0.030062131583690643
instagram,post,3881332257139423451,"POV： Budi 95 Quota Habis
.
.
.
.
.
#budi95 #malaysiapetrol  #petrol #oil #malaysiamadani #malaysiaboleh #malaysiatrending",https://www.instagram.com/p/DXdQx-qD3jb/,,,neutral,2026-04-23 02:21:23+00:00,8,0,0,0,0.5,8,8.0,,,neutral,0.9976586103439331,malay,Malay/Bumiputera,love,0.07995764166116714,0.026325475424528122,0.0975084975361824,0.03623972833156586,0.3996054530143738,0.0480225570499897
instagram,post,3881262495730087681,"berapa liter agi ngi kita tinggal gais??uji komen2 ke dia meh....
#budi95
#minyakmalaysia
#fbpro",https://www.instagram.com/p/DXdA60SCbcB/,,,negative,2026-04-23 00:02:46+00:00,0,0,0,0,0.05485430359840393,0,0.0,,,negative,0.8171523213386536,malay,Malay/Bumiputera,love,0.08773709088563919,0.030652999877929688,0.036880407482385635,0.03442364186048508,0.6824190616607666,0.02391745150089264
instagram,post,3880891298056655663,"Petrol full tank, wallet empty. Tonight’s menu: farm-to-table… literally.

#budi95 #diet #stopthewar",https://www.instagram.com/p/DXbshLgklMv/,,,neutral,2026-04-22 11:49:48+00:00,5,0,3,0,0.5,8,14.0,,,neutral,0.5503233075141907,english,Mixed/Urban,no_clear_emotion,0.05351661518216133,0.05409378558397293,0.06784296780824661,0.038496233522892,0.07719799876213074,0.03139583766460419
instagram,post,3883737926495972721,"Majoriti responden memilih pendekatan mengekalkan kuota subsidi BUDI95 meskipun dengan sedikit kenaikan harga pada RM2.05 seliter, berbanding mengurangkan kuota pada harga RM1.99 seliter susulan krisis bekalan global yang semakin meruncing.

Secara keseluruhan, sebanyak 69 peratus responden memilih mengekalkan kuota subsidi pada harga RM2.05 seliter (B), berbanding hanya 31 peratus yang menyokong pengurangan kuota dengan harga kekal RM1.99 seliter (A).

Anda boleh baca berita penuh di portal Sinar Harian di www.sinarharian.com.my atau swipe up di IG story serta jangan lupa follow IG @sinarharian untuk berita terkini dalam dan luar negara.

#SinarHarian #SinarTerkini #BUDI95 #koutasubsidi #petrol",https://www.instagram.com/p/DXlzxE1gS1x/,,,negative,2026-04-26 10:01:01+00:00,820,0,90,0,0.0006547808647155984,910,1090.0,,,negative,0.9978173971176147,malay,Malay/Bumiputera,no_clear_emotion,0.16063085198402405,0.056111983954906464,0.08281497657299042,0.05242665484547615,0.1387815922498703,0.04802749305963516
instagram,post,3880854494549058987,"Diesel 再降 85sen！
RON97 将回 4 字头！

#BUDI95 #油价 #fuelprice",https://www.instagram.com/p/DXbkJnkkyWr/,,,neutral,2026-04-22 10:34:29+00:00,688,0,1,0,0.5,689,691.0,,,neutral,0.9056082963943481,english,Mixed/Urban,no_clear_emotion,0.043211180716753006,0.01399411540478468,0.06059050187468529,0.025002507492899895,0.1646973341703415,0.030660314485430717
instagram,post,3880790079225098253,"✨ Special Wednesday Treat! ✨
Make your Wednesday extra special with FREE snacks and drinks, exclusively brought to you by PETRONAS Pujut 8 and use the Setel app!
Take a break, recharge, and enjoy some tasty treats on us while you go about your day 🚗🍪🧋🎉
#EXSA
#BUDI95
#petronasbrands",https://www.instagram.com/p/DXbVgQIEnAN/,,,positive,2026-04-22 08:24:09+00:00,1,0,0,0,0.9864332973957062,1,1.0,,,positive,0.9547776579856873,english,Mixed/Urban,happy,0.02652565762400627,0.03402646258473396,0.5768559575080872,0.016389083117246628,0.26939690113067627,0.029902879148721695
instagram,post,3880778700471516941,"LAAHHHHHHHH  KAK

#NaraViral #NaraTrending #BUDI95",https://www.instagram.com/p/DXbS6q1gb8N/,,,neutral,2026-04-22 08:01:34+00:00,185,0,77,0,0.5,262,416.0,,,neutral,0.6129500865936279,english,Mixed/Urban,love,0.09456172585487366,0.02745777927339077,0.05397634580731392,0.0356777124106884,0.5892363786697388,0.02445657178759575
instagram,post,3880628084475735731,"Jangan terlalu berharap pada manusia…kerana hati mereka mudah berubah. Berharaplah pada Allah, kerana janji-Nya tak pernah berganjak.

Manusia memberi harapan dengan kata, lalu menariknya tanpa rasa. Allah memberi harapan dengan janji, dan menunaikannya tanpa cela.

Letak harapan pada manusia, kau belajar kecewa. Letak harapan pada Allah, kau belajar reda.

#sembang #BUDI95",https://www.instagram.com/p/DXawq6wlK6z/,,,negative,2026-04-22 03:02:19+00:00,0,0,0,0,0.0007861018180846946,0,0.0,,,negative,0.9973796606063843,malay,Malay/Bumiputera,sadness,0.019734539091587067,0.025997783988714218,0.006891355384141207,0.9077723622322083,0.015903573483228683,0.013900099322199821
instagram,post,3880135883463618147,"Dakwaan bahawa orang ramai boleh memohon tambahan had subsidi BUDI95 sehingga 300 liter melalui portal BUDI95 adalah TIDAK BENAR.

Permohonan tambahan tersebut hanya melibatkan pengguna tertentu dengan keperluan operasi yang jelas dan disahkan, seperti pemandu ‘e-hailing’ dan pemilik bot.

Bagaimanapun, susulan salah tafsir dalam kalangan orang ramai, butang permohonan tambahan di portal BUDI95 telah dinyahfungsikan bagi mengelakkan kekeliruan.

Orang ramai diingatkan agar tidak menyebarkan maklumat palsu dan sentiasa merujuk kepada sumber rasmi.

Baca laporan penuh di www.mycheck.my.

#BUDI95 #RON95 #subsidipetrol #konflikasiabarat #minyak",https://www.instagram.com/p/DXZAwc2GG5j/,,,negative,2026-04-21 10:44:23+00:00,331,0,0,0,0.0008407115936279186,331,331.0,,,negative,0.9971976280212402,malay,Malay/Bumiputera,anger,0.446078360080719,0.044535331428050995,0.06545896828174591,0.02866905927658081,0.09883689135313034,0.04219845309853554
instagram,post,3880134806608632979,"PM akan umum langkah baharu tangani pengangguran siswazah

விரிவான செய்திக்கு இந்த இணைப்பை கிளிக் செய்யவும்:
https://mediaselangor.com/ta/2026/04/353223

#mediaselangortamil #MediaSelangor #AnwarIbrahim #PMX #KerajaanMADANI #PengangguranSiswazah #GraduateUnemployment #EkonomiMalaysia #PeluangPekerjaan #BUDI95",https://www.instagram.com/p/DXZAgx8iVyT/,,,neutral,2026-04-21 10:42:15+00:00,0,0,0,0,0.5,0,0.0,,,neutral,0.9971204996109009,malay,Malay/Bumiputera,no_clear_emotion,0.04309147223830223,0.02116241119801998,0.051467131823301315,0.038216788321733475,0.22430557012557983,0.03848206251859665
instagram,post,3880025757481437453,"Alhamdulillah syukur dh 21hb masih ada 90L lagi. Cukuplah nak konvoi ke Sg Lipis Pahang minggu ini bersama Givi Malaysia.🫡👍📌

#Budi95
#KekalPMX",https://www.instagram.com/p/DXYnt6CDAkN/,,,positive,2026-04-21 07:05:36+00:00,0,0,0,0,0.9993842899799346,0,0.0,,,positive,0.997947633266449,malay,Malay/Bumiputera,no_clear_emotion,0.026531744748353958,0.14495326578617096,0.2561318874359131,0.03766981139779091,0.1063583642244339,0.1424027383327484
instagram,post,3880010480534936773,"Info On Wheels (IOW) Pejabat Penerangan Daerah Kuala Terengganu

Tarikh : 21.04.2026 (Selasa)
Masa: 9.30 pg - 12.00 tghari

N.13 Wakaf Mempelam

Lokasi Hebahan :
1. Kg. Tok Kaya
2. Kg. Durian Burung
3. Kg. Seberang Baruh
4. Kg. Pulau Rusa
5. Kg. Paloh

Naratif : 
1. Bencana Dan Pengurusan Krisis

Tajuk Hebahan : 
1. Malaysia Kekal Stabil , Rakyat Terus Dilindungi

Edaran Bahan Penerbitan: 
1. Malaysia Terus Bertahan Mendepani Krisis Tenaga Global

Sesi Interaksi Dengan Orang Ramai:
1. BUDI 95 
2. Prestasi Ekonomi Dan Keyakinan Negara

#infoonwheels #malaysiamadani #budi95 #madanibekerja",https://www.instagram.com/p/DXYkPmRE9zF/,,,negative,2026-04-21 06:35:14+00:00,1,0,0,0,0.08949111700057982,1,1.0,,,negative,0.7016962766647339,multilingual,Unknown,anger,0.23330767452716827,0.07268913835287094,0.17172792553901672,0.06206848844885826,0.2304922491312027,0.04350346326828003
instagram,post,3879478213903407137,"[MEJA BULAT] KRISIS TENAGA & KELESTARIAN SUBSIDI: APA NASIB RAKYAT MARHAEN? 

Krisis Asia Barat melibatkan perang AS-Israel dengan Iran dan sekatan di Selat Hormuz meninggalkan impak besar kepada ekonomi negara, secara langsung menjejaskan rakyat marhaen termasuk pesawah, usahawan perusahaan mikro, kecil dan sederhana (PMKS), pengusaha bas sekolah dan lain-lain.

Penerusan subsidi bahan api melalui BUDI95 dan Sistem Kawalan Diesel Bersubsidi (SKDS) menelan kos tinggi - sehingga RM6 bilion sebulan berbanding RM700 juta sebulan sebelum perang.

Apakah jalan tengah antara pelaksanaan subsidi bersasar lebih ketat dengan menjaga kebajikan rakyat khususnya berpendapatan rendah dan sederhana?

Dengarkan perbahasan pakar dalam Meja Bulat pada 21 April 2026 (Selasa) jam 3 petang di Studio F, Sinar Harian!

#MejaBulat #SinarHarian #SuaraRakyat #KrisisTenaga #AsiaBarat #SelatHormuz #ekonomi #PMKS #BUDI95 #SKDS #MalaysiaMadani",https://www.instagram.com/p/DXWrOGVlFgh/,,,positive,2026-04-20 12:57:43+00:00,10,0,0,0,0.998744922876358,10,10.0,,,positive,0.9958164095878601,malay,Malay/Bumiputera,anger,0.3134019076824188,0.04948216304183006,0.08068852871656418,0.08745641261339188,0.16045773029327393,0.027818607166409492
instagram,post,3879246115094981602,"油价涨不是因为原油贵，而是因为“送过来”太贵了。

财政部最新解释：西亚冲突让运费涨了3倍，保险飙了17倍。你每次打油的钱，越来越多其实是在付“过路费”和“保护费”。

但有一组数字很少人注意到：BUDI95油价还是RM1.99，柴油补贴还翻倍到RM400。政府的“安全网”一直在默默扛着。

看懂油价背后的逻辑，才知道自己有没有被“吓到”。

👇 点进去看完整分析
https://www.carz.com.my/zh/2026/04/17x-higher-mof-revealed-the-real-reason-petrol-prices-are-climbing-and-its-not-just-crude-oil

#油价真相 #不是原油贵是运费贵 #BUDI95 #柴油补贴翻倍 #昌明政府安全网",https://www.instagram.com/p/DXV2cnejOvi/,,,neutral,2026-04-20 05:16:35+00:00,1,0,0,0,0.5,1,1.0,,,neutral,0.8077987432479858,english,Mixed/Urban,anger,0.6221835613250732,0.0578988753259182,0.09851321578025818,0.016330547630786896,0.05002270266413689,0.02650095894932747
instagram,post,3878979500822980154,"#Assalamualaikum 
selamat pagi besties..
mulakan hari #isnin ini dengan senyuman dan kecerdasan.
semangat!!! walaupun pedih tgk #budi95 kouta tinggal seciput... 🤪

bila pedih sedih perit nak menjalani kehidupan hari ini... ingatlah #nasikandarkudu 😆😆",https://www.instagram.com/p/DXU503lk2Y6/,,,positive,2026-04-19 20:26:54+00:00,2,0,0,0,0.9993736326694488,2,2.0,,,positive,0.9979121088981628,malay,Malay/Bumiputera,sadness,0.017506007105112076,0.032026659697294235,0.007645650766789913,0.9069466590881348,0.013021886348724365,0.013958905823528767
instagram,post,3878777083542990436,"CR 19042026
PPM1

Terima kasih geng2 negeri hang Tuah sudi berkunjung🤗🤗 lama tak bergambo dengan gaya iconic zaman2 awal PPM🤭🤭 

#ppm2026 
#putihputihmelatiboatservices 
#pondokpenyabongboatservices 
#penyabong 
#BUDI95",https://www.instagram.com/p/DXULzTzgW5k/,,,negative,2026-04-19 13:44:42+00:00,5,0,0,0,0.07556102871894835,5,5.0,,,negative,0.7481299042701721,multilingual,Unknown,love,0.03678954765200615,0.027443120256066322,0.02938338927924633,0.04576979577541351,0.6615460515022278,0.07894900441169739
instagram,post,3878068278950767257,"在全球能源价格节节攀升之际，大马社会却呈现出另一番景象，在政府大规模补贴支撑下，大部分民众仿佛置身“温水”之中，日常开销未见明显波动，“感觉良好”的氛围弥漫，外部冲击被大幅钝化。

然而，这种表面的平静值得警惕，油缸或许稳住了，菜篮却未必保得住。

专家指出，在层层补贴的“糖衣炮弹”之下，一些国人对战争、供应链受阻乃至潜在粮食危机仍显“无感”，与部分东盟国家因油粮价格波动而出现的紧张与焦虑形成鲜明对比。这种“感官落差”，正是当前政府最担忧的“温水煮青蛙”效应。

事实上，随着国际油价波动加剧，大马正面对更隐性的通胀压力。柴油价格上涨推高物流运输成本，并通过供应链向制造端层层传导，带动原材料、能源、包装及整体供应成本同步上扬，最终反映在民生开销之中。

#补贴 #燃油 #油价 #BUDI95 #南洋商报 #nanyangsiangpau
完整内容请点击story (swipe up）

Disclaimer: The caption may have been automatically translated by Instagram. In the event of any discrepancies, the original Chinese version shall prevail. We are not responsible for any inaccuracies resulting from the auto-translation.",https://www.instagram.com/p/DXRqo2FkiqZ/,,,neutral,2026-04-18 14:16:26+00:00,113,0,1,0,0.5,114,116.0,,,neutral,0.8005949854850769,english,Mixed/Urban,happy,0.07780218869447708,0.3132237493991852,0.5132662653923035,0.02201378531754017,0.023297708481550217,0.022686881944537163
instagram,post,3877881248039937091,"300-litre Budi95 fuel quota for media may return; proposal to be reviewed Tuesday - Fahmi

#latest #vanakkammalaysia #300litre #Budi95 #fuel #quota #media #may #return #proposal #reviewed #Tuesday #Fahmi #trendingnewsmalaysia​ #malaysiatamilnews​ #fyp​ #vmnews​ #foryoupage",https://www.instagram.com/p/DXRAHL-kaRD/,,,neutral,2026-04-18 08:04:50+00:00,27,0,0,0,0.5,27,27.0,,,neutral,0.9169893860816956,english,Mixed/Urban,no_clear_emotion,0.03990122303366661,0.028072509914636612,0.097719207406044,0.026131078600883484,0.13951994478702545,0.04550281539559364
instagram,post,3877737917146046895,"每月 200 升汽油根本不够跑新闻，记者还没到月底就没油了。连电召车都能拿到 800 升配额，同样把车当移动办公室的媒体人，为什么只能硬扛油价？你支持给他们更大容量吗？

马术查看下方链接！
https://www.carz.com.my/zh/2026/04/journalists-say-new-200l-petrol-cap-is-not-enough-to-do-their-jobs-should-they-get-more

#BUDI95 #RON95 #BUDIMadani",https://www.instagram.com/p/DXQfhcrjaGv/,,,neutral,2026-04-18 03:20:04+00:00,1,0,0,0,0.5,1,1.0,,,neutral,0.8540154695510864,english,Mixed/Urban,fear,0.03316684812307358,0.6999524831771851,0.011636440642178059,0.16906622052192688,0.01712137460708618,0.05331665277481079
instagram,post,3877274966748395583,"Kuota petrol RON95 dah dipotong dari 300L ke 200L — dan wartawan, jurugambar serta juruvideo di seluruh negara yang paling terasa kesannya. 📸🎥

GKMM kini tampil mohon kerajaan beri pengecualian khas kepada pengamal media berdaftar, kerana mereka perlu berulang-alik ke lokasi liputan setiap hari. Kuota habis sebelum hujung bulan dah jadi masalah biasa.

Baca selanjutnya di channel10.com.my — link di bio.

#GKMM #RON95 #BUDI95 #Wartawan #PetrolMalaysia #BeritaSemasa #channel10my  #MediaMalaysia #SubsidiPetrol #KuotaRON95",https://www.instagram.com/p/DXO2QohjXg_/,,,negative,2026-04-17 12:00:16+00:00,3,0,0,0,0.0004876971244812123,3,3.0,,,negative,0.998374342918396,malay,Malay/Bumiputera,love,0.03214568272233009,0.04299450293183327,0.026846257969737053,0.10901102423667908,0.5120496153831482,0.09857162833213806
instagram,post,3877174146182491750,"HARGA RUNCIT PETROL, DIESEL MALAYSIA KEKAL ANTARA YANG TERENDAH DI ASEAN

Harga runcit bahan api di seluruh ASEAN terus menunjukkan perbezaan pada minggu ini, dengan Malaysia kekal antara yang terendah bagi petrol dan diesel, disokong oleh subsidi serta mekanisme harga dikawal kerajaan.

Di seluruh ASEAN, negara anggota secara umumnya mengguna pakai gabungan rangka kerja penetapan harga, daripada sistem subsidi terurus dan kawalan harga separa kepada mekanisme lebih berkait pasaran atau pemindahan kos import, sekali gus menyebabkan perbezaan paras harga runcit bahan api ketika tekanan pasaran minyak global masih berterusan, berdasarkan data yang dikumpulkan daripada sumber rasmi dan industri setakat 16 April 2026.

Harga runcit RON95 dicatatkan pada kadar RM1.99 (BUDI95 bersubsidi) dan RM2.15 (bersubsidi), manakala diesel pada kadar RM4.02 (RON 95 tanpa subsidi) dan RM5.97 (Diesel tanpa subsidi) seliter.

#MyCommunityNews
#MCN
#MalaysiaMADANI
#BUDI95
#SubsidiDiesel",https://www.instagram.com/p/DXOfVgDiS5m/,,,negative,2026-04-17 08:39:59+00:00,38,0,3,0,0.0005018055438995583,41,47.0,,,negative,0.9983273148536682,malay,Malay/Bumiputera,no_clear_emotion,0.04838487133383751,0.022361811250448227,0.04195687919855118,0.022844525054097176,0.08632639050483704,0.038657769560813904
instagram,post,3877100528337019278,"Macam isi minyak pilak jak smpai RM130..
#BUDI95",https://www.instagram.com/p/DXOOmOGAeGO/,,,positive,2026-04-17 06:13:41+00:00,1,0,0,0,0.8324866995215415,1,1.0,,,positive,0.441622331738472,multilingual,Unknown,no_clear_emotion,0.044397350400686264,0.021538270637392998,0.018213773146271706,0.038650985807180405,0.2139144092798233,0.07892388105392456
instagram,post,3877096654084676103,"Think about it: While we’re scrolling through the headlines, the people reporting them are literally running out of petrol halfway through the month. Since the new 200L cap kicked in, journalists are facing a 'work tax' just to do their jobs.

 14 media clubs have officially joined forces to ask for a 300L lifeline. If e-hailing gets 800L, shouldn't our news teams get enough to keep the cameras rolling?

Check out the full article on our website. Link in bio. 

#BUDI95 #RON95 #BUDIMadani",https://www.instagram.com/p/DXONt16kpoH/,,,negative,2026-04-17 06:06:00+00:00,2,0,0,0,0.15278842449188232,2,2.0,,,negative,0.4907052516937256,english,Mixed/Urban,fear,0.09601140767335892,0.3494029939174652,0.12964700162410736,0.04186534509062767,0.032355379313230515,0.0938233956694603
instagram,post,3877057939518143790,"马来西亚媒体俱乐部联盟（GKMM）与属下14个组织呼吁政府，恢复记者RON95汽油补贴计划（BUDI95）的配额至原本的每月300公升。

该联盟今天与其成员组织发表联合声明表示，虽然感谢政府目前提供的辅助措施，但是媒体从业人员在BUDI95补助配额缩减至200公升后，需承担津贴不足的压力。

“政府将BUDI95配额限制为每月200公升（此前配额为300公升）的决定，开始令媒体从业者在履行实地采访任务时，面临巨大挑战。”

🔍全文这里看👉https://www.malaysiakini.com/news/772901
#当今大马 #malaysiakini
#媒体 #BUDI95 #汽油补贴 

➖➖➖➖➖➖➖➖➖➖➖➖

📌关注《当今大马》WhatsApp频道 【即时新闻通知】👉https://mk.my/whatsapp

📌订阅《当今》简报：5分钟看要闻！【完全免费】👉 https://mk.my/newsletter

【提醒】言论空间需要大家共同维护，请读者理性讨论，勿诽谤、人身攻击、发布不实信息、发表煽动或挑衅种族或宗教情绪等言论。一旦司法纠纷或执法单位介入的风险过高，关闭留言区将成为所有人的损失。",https://www.instagram.com/p/DXOE6eKlj0u/,,,negative,2026-04-17 04:49:04+00:00,60,0,6,0,0.11253229826688765,66,78.0,,,negative,0.6248923391103745,multilingual,Unknown,anger,0.25232675671577454,0.1368793249130249,0.04239422827959061,0.24291278421878815,0.1840653270483017,0.02907682955265045
instagram,post,3877057928411096103,"马来西亚媒体俱乐部联盟（GKMM）与属下14个组织呼吁政府，恢复记者RON95汽油补贴计划（BUDI95）的配额至原本的每月300公升。

该联盟今天与其成员组织发表联合声明表示，虽然感谢政府目前提供的辅助措施，但是媒体从业人员在BUDI95补助配额缩减至200公升后，需承担津贴不足的压力。

“政府将BUDI95配额限制为每月200公升（此前配额为300公升）的决定，开始令媒体从业者在履行实地采访任务时，面临巨大挑战。”

🔍全文这里看👉https://www.malaysiakini.com/news/772901
#当今大马 #malaysiakini
#媒体 #BUDI95 #汽油补贴 

➖➖➖➖➖➖➖➖➖➖➖➖

📌关注《当今大马》WhatsApp频道 【即时新闻通知】👉https://mk.my/whatsapp

📌订阅《当今》简报：5分钟看要闻！【完全免费】👉 https://mk.my/newsletter

【提醒】言论空间需要大家共同维护，请读者理性讨论，勿诽谤、人身攻击、发布不实信息、发表煽动或挑衅种族或宗教情绪等言论。一旦司法纠纷或执法单位介入的风险过高，关闭留言区将成为所有人的损失。",https://www.instagram.com/p/DXOE6T0jiQn/,,,negative,2026-04-17 04:49:03+00:00,2,0,0,0,0.11253229826688765,2,2.0,,,negative,0.6248923391103745,multilingual,Unknown,anger,0.25232675671577454,0.1368793249130249,0.04239422827959061,0.24291278421878815,0.1840653270483017,0.02907682955265045
instagram,post,3876422276867473074,"如果没有 #Budi95 补贴
我的钱包要流💰多多
感谢政府补贴🙏🏻🙏🏻🙏🏻
希望全世界和平 
停止战争~",https://www.instagram.com/p/DXL0YXMGL6y/,,,neutral,2026-04-16 07:46:07+00:00,0,0,0,0,0.5,0,0.0,,,neutral,0.6260749101638794,english,Mixed/Urban,happy,0.07254189997911453,0.051601141691207886,0.5752866864204407,0.0221725944429636,0.17122003436088562,0.017127901315689087
instagram,post,3872692847517907226,"Bila Doktor mencabar Doktor.
Ada juga Doktor Tetapi menafikan fakta .. Jangan memperbodohkan rakyat.
Tahniah KPU. https://www.facebook.com/share/v/1CYc3W3f1S/

🇲🇾 *Pengurusan Krisis Terbaik*❗️

Walaupun dunia bergolak akibat konflik Asia Barat, harga minyak Malaysia kekal antara paling murah di ASEAN.

BUDI95 masih RM1.99 seliter!

Perbandingan: 
• Malaysia (BUDI95): RM1.99

• Singapura: RM9–10.70
• Thailand: RM5.80–6.14
• ⁠Filipina/Vietnam: RM5.50–6.50 
• Indonesia: RM3.80–4.50

PM Anwar: *“Kita dalam keadaan jauh lebih baik kerana keupayaan Petronas selama ini.”*

Mulai April: kuota BUDI95 diselaraskan ke 200 liter/bulan + had pengisian diesel supaya bekalan adil.

*“Saya mohon sangat-sangat kerjasama rakyat… langkah kita sangat teliti dan berhemah.”*

Terima kasih PM & Kerajaan atas pengurusan krisis yang cemerlang! Mari sokong untuk kebaikan bersama. 💪

#BUDI95
#malaysiamadanicelikalquran",https://www.instagram.com/p/DW-kaBcgDka/,,,negative,2026-04-11 04:18:12+00:00,0,0,0,0,0.0004974246025085671,0,0.0,,,negative,0.9983419179916382,malay,Malay/Bumiputera,love,0.07671435177326202,0.04519999772310257,0.19812048971652985,0.05217649042606354,0.3671479821205139,0.041777390986680984
instagram,post,3879427073484138092,"【大马再有燃油船料周末抵境 确保能源供应稳定至6月杪】

继首艘载有100万桶原油的大马船只于17日抵境后，另一艘成功通过霍尔木兹海峡的我国油轮预计于本周末抵达，将确保国内原油设施供应稳定至6月杪。

昌明政府发言人兼通讯部部长法米今日前往柔佛巴莪，视察昌明惠泽RON95汽油补贴计划（BUDI95） 的落实情况后指出，目前200公升临时限制将维持至国家原油供应稳定为止。

此外，法米透露，国家经济行动理事会（MTEN）将于明日讨论国家燃料供应课题，同时证实目前柔佛全州639间油站的供应情况稳定，未出现断货现象。

#法米 #昌明政府 #BUDI95 #国家经济行动理事会 #全球能源危机 #霍尔木兹海峡 #柔佛 #巴莪",https://www.instagram.com/p/DXWfl6HDiZs/,,,neutral,2026-04-20 11:16:07+00:00,0,0,0,0,0.5,0,0.0,,,neutral,0.8076993823051453,english,Mixed/Urban,happy,0.1533251702785492,0.25390395522117615,0.3530662953853607,0.03980499505996704,0.06790298968553543,0.027265876531600952
instagram,post,3878326122336862056,"CR 17042026
PPM1 skipper Muhd Rasul Mohd Zairi 

Ikan makan petang🤲 yang penting jangan putus asa💪💪

#ppm2026 
#pondokpenyabongboatservices 
#putihputihmelatiboatservices 
#penyabong 
#BUDI95",https://www.instagram.com/p/DXSlQ9dAb9o/,,,neutral,2026-04-18 22:48:43+00:00,2,0,0,0,0.5,2,2.0,,,neutral,0.9977161884307861,malay,Malay/Bumiputera,love,0.27045580744743347,0.032948922365903854,0.1303282380104065,0.03538713976740837,0.2847934067249298,0.023379774764180183
instagram,post,3876392241061879623,"随着政府调整仁政昌明RON95汽油补贴计划（BUDI95）每月补贴配额后，分析员认为，郊区城镇发展商或将成为最大受冲击群体，购房意愿恐因通勤成本上升而明显转弱。

根据马建屋研究报告，政府自今年4月起将BUDI 95每月配额从300公升下调至200公升，直接推高依赖长距离通勤族群的交通成本。以雪兰莪外围及森美兰等地区为例，通勤至吉隆坡市中心的月行驶里程普遍超过补贴所覆盖范围，购屋者需额外承担非补贴RON95油价，进一步压缩可支配收入。

分析指出，这一变化将削弱购房者对郊区项目的兴趣，尤其是位于吉隆坡外围的城镇发展项目，如芙蓉及士毛月一带，销售动能料受影响。

油价走高也通过另一渠道冲击房地产行业。研究报告指出，柴油及运输成本上涨，正推高建筑材料价格，发展商新项目成本面临上升压力。一般而言，建筑成本占整体开发成本约50%，若建筑成本上升10%，发展商毛利率可能收缩300至400个基点。

然而，发展商在转嫁成本方面空间有限。分析认为，在通胀压力及收入增长放缓的环境下，房价上涨空间受限，使发展商难以完全将成本转嫁给买家。

#南洋商报 #房产 #通勤 #BUDI95 #燃油 #芙蓉 #士毛月 #房地产 #nanyangsiangpau

点击story（Swipe Up）看更多

Disclaimer: The caption may have been automatically translated by Instagram. In the event of any discrepancies, the original Chinese version shall prevail. We are not responsible for any inaccuracies resulting from the auto-translation.",https://www.instagram.com/p/DXLtjSKkt9H/,,,neutral,2026-04-16 06:46:26+00:00,42,0,0,0,0.5,42,42.0,,,neutral,0.8363543152809143,english,Mixed/Urban,anger,0.5448492765426636,0.2327193021774292,0.04207471013069153,0.07702499628067017,0.037469107657670975,0.016322283074259758
instagram,post,3875887270901698031,"Harga runcit tanpa subsidi bagi petrol RON95 dan RON97 masing-masing turun 25 sen seliter, sementara harga subsidi RON95 di bawah Program Budi MADANI (BUDI95) kekal RM1.99 seliter bagi tempoh 16 hingga 22 April ini, menurut Kementerian Kewangan (MOF).

Dalam kenyataan hari ini, MOF memaklumkan penurunan harga runcit itu menjadikan RON95 tanpa subsidi kini pada harga RM4.02 dan RON97 tanpa subsidi RM5.10 seliter, manakala harga runcit diesel tanpa subsidi juga turun 75 sen kepada RM5.97.

Berita penuh: https://www.bernama.com/bm/am/news.php?id=2545366

#BernamaNews 
#subsidi #BUDI95 
#RON95 #RON97 
krisistenagaglobal",https://www.instagram.com/p/DXJ6vADjc3v/,,,neutral,2026-04-15 14:03:11+00:00,19,0,1,0,0.5,20,22.0,,,neutral,0.9104616641998291,malay,Malay/Bumiputera,no_clear_emotion,0.03831535950303078,0.017037713900208473,0.02407705970108509,0.030282624065876007,0.04065609723329544,0.047904063016176224
instagram,post,3875851490527395764,"Fuel prices down this week as unsubsidised RON95 and RON97 both drop 25 sen, while diesel falls by 75 sen. The Budi95 subsidised petrol price remains unchanged at RM1.99 per litre from April 16 to 22, the Ministry of Finance said.

For report, click link in the bio.

#Malaysia #FuelPrices #RON95 #RON97 #Diesel #BUDI95",https://www.instagram.com/p/DXJymU_Db-0/,,,neutral,2026-04-15 12:52:04+00:00,1,0,0,0,0.5,1,1.0,,,neutral,0.5311970114707947,english,Mixed/Urban,no_clear_emotion,0.06919979304075241,0.029186349362134933,0.1045551672577858,0.05528616905212402,0.15694554150104523,0.04785401374101639
instagram,post,3875847435693095150,"Harga runcit tanpa subsidi bagi petrol RON95 dan RON97 masing-masing turun 25 sen seliter, sementara harga subsidi RON95 di bawah Program Budi MADANI (BUDI95) kekal RM1.99 seliter bagi tempoh 16 hingga 22 April ini, menurut Kementerian Kewangan (MOF).

Dalam kenyataan hari ini, MOF memaklumkan penurunan harga runcit itu menjadikan RON95 tanpa subsidi kini pada harga RM4.02 dan RON97 tanpa subsidi RM5.10 seliter, manakala harga runcit diesel tanpa subsidi juga turun 75 sen kepada RM5.97.

Berita penuh di pautan IG story 

#BernamaNews 
#subsidi #BUDI95 
#RON95 #RON97 
#krisistenagaglobal",https://www.instagram.com/p/DXJxrUoGHju/,,,neutral,2026-04-15 12:44:00+00:00,184,0,4,0,0.5,188,196.0,,,neutral,0.9275250434875488,malay,Malay/Bumiputera,no_clear_emotion,0.03799530118703842,0.015874361619353294,0.021650994196534157,0.02708321250975132,0.03741941973567009,0.04540697857737541
instagram,post,3875826422161538916,"FUEL WATCH: WEEKLY UPDATE ⛽📈 
【𝟏𝟔 𝐀𝐩𝐫𝐢𝐥 𝟐𝟎𝟐𝟔 - 𝟐𝟐 𝐀𝐩𝐫𝐢𝐥 𝟐𝟎𝟐𝟔】

Meet the Chery Tiggo 7 PHEV with up to 1,200KM combined range:
☀️Daily drive = Electric (save fuel)
🛣️Long trip = Petrol backup (no worry)

#ChyeSengAutomotiveGroup #Budi95 #CheryTiggo7phev",https://www.instagram.com/p/DXJs5iQAv9k/,,,neutral,2026-04-15 12:02:20+00:00,0,0,0,0,0.5,0,0.0,,,neutral,0.8632302284240723,english,Mixed/Urban,no_clear_emotion,0.023270731791853905,0.01602661982178688,0.1065937876701355,0.017564615234732628,0.15325112640857697,0.03048987127840519
instagram,post,3875826225129879533,"【本周油价更新】⛽️📈 

油价不稳定？
那就换稳定的方式。

纯电日常 + 燃油长途 = 𝟏,𝟐𝟎𝟎𝐊𝐌
Chery Tiggo 7 PHEV 一台车，两种解决方案✅

#ChyeSengAutomotiveGroup #CheryTiggo7phev #budi95",https://www.instagram.com/p/DXJs2qwAnft/,,,neutral,2026-04-15 12:01:59+00:00,1,0,0,0,0.5,1,1.0,,,neutral,0.8821359872817993,english,Mixed/Urban,fear,0.4008917212486267,0.47315001487731934,0.030641937628388405,0.03416763246059418,0.025773486122488976,0.012300980277359486
instagram,post,3875821442869860798,"Malaysia’s government is reviewing a new approach to diesel subsidies, with plans to adopt a targeted mechanism similar to the existing Budi95 petrol subsidy scheme, as part of broader efforts to improve efficiency and reduce leakages.

#TheLedgerAsia #MalaysiaEconomy #FuelSubsidy #Budi95 #DieselSubsidy #EnergyPolicy #FiscalReform #ASEANEconomy

https://theledger.asia/malaysia-studies-new-targeted-diesel-subsidy-model-based-on-budi95-mechanism/?utm_source=instagram-business&utm_medium=jetpack_social",https://www.instagram.com/p/DXJrxE7GZm-/,,,neutral,2026-04-15 11:52:36+00:00,0,0,0,0,0.5,0,0.0,,,neutral,0.8995450139045715,english,Mixed/Urban,happy,0.05586763471364975,0.04537187144160271,0.3628179132938385,0.03951883316040039,0.2218925654888153,0.045085638761520386
instagram,post,3875807023003361476,"【柴油补贴或采用BUDI95机制 财政部下周呈流程细节】

首相兼财长安华已要求财政部，马上探讨针对性柴油补贴的发放流程，采用与昌明惠泽RON95汽油补贴计划（BUDI95）相同的机制。

团结政府发言人法米指出，下周二召开的国家经济行动理事会会议或周三的内阁会议上，财政部将提呈相关流程细节。

此外，政府也研究聚焦渔业领域的不同柴油补贴机制，并将与大马渔业发展局深入讨论。

#法米 #BUDI95 #柴油补贴 #财政部 #国家经济行动理事会",https://www.instagram.com/p/DXJofPYFGDE/,,,neutral,2026-04-15 11:23:43+00:00,0,0,0,0,0.5,0,0.0,,,neutral,0.8208932280540466,english,Mixed/Urban,no_clear_emotion,0.08587494492530823,0.0605660043656826,0.1439644694328308,0.03674847260117531,0.11710602790117264,0.04625352472066879
instagram,post,3875797516041682821,"[MEJA BULAT] KRISIS TENAGA & KELESTARIAN SUBSIDI: APA NASIB RAKYAT MARHAEN? 

Krisis Asia Barat melibatkan perang AS-Israel dengan Iran dan sekatan di Selat Hormuz meninggalkan impak besar kepada ekonomi negara, secara langsung menjejaskan rakyat marhaen termasuk pesawah, usahawan PMKS, pengusaha bas sekolah dan lain-lain.

Penerusan subsidi bahan api melalui BUDI95 dan Sistem Kawalan Diesel Bersubsidi (SKDS) menelan kos tinggi - sehingga RM6 bilion sebulan berbanding RM700 juta sebulan sebelum perang.

Apakah jalan tengah antara pelaksanaan subsidi bersasar lebih ketat dengan menjaga kebajikan rakyat khususnya berpendapatan rendah dan sederhana?

Dengarkan perbahasan pakar dalam rakaman Meja Bulat pada 16 April 2026 (Khamis) jam 2 petang di Studio F, Sinar Harian!

#MejaBulat #SinarHarian #SuaraRakyat #KrisisTenaga #AsiaBarat #SelatHormuz #ekonomi #PMKS #BUDI95 #SKDS #MalaysiaMadani",https://www.instagram.com/p/DXJmU5VAX-F/,,,positive,2026-04-15 11:04:50+00:00,7,0,0,0,0.9979409575462341,7,7.0,,,positive,0.9931365251541138,malay,Malay/Bumiputera,no_clear_emotion,0.2854064106941223,0.05229826271533966,0.0877884179353714,0.077590711414814,0.15701663494110107,0.031168662011623383
instagram,post,3875795715738485312,"The government is studying a targeted diesel subsidy mechanism similar to BUDI95, following instructions from the Prime Minister to improve efficiency and curb leakages. The Ministry of Finance is expected to present details at upcoming MTEN or Cabinet meetings.

For report, click link in the bio.

#Malaysia #Diesel #Subsidy #BUDI95 #Economy",https://www.instagram.com/p/DXJl6sqksJA/,,,neutral,2026-04-15 11:01:15+00:00,1,0,0,0,0.5,1,1.0,,,neutral,0.8382666110992432,english,Mixed/Urban,happy,0.05314071476459503,0.04992000013589859,0.3490426540374756,0.03076614812016487,0.14245399832725525,0.04785984009504318
instagram,post,3875781244734258724,"首相兼财长拿督斯里安华已要求财政部，立即研究目标式柴油补贴的发放流程，采用与昌明仁政RON95汽油补贴计划（BUDI95）相同的机制。

昌明政府发言人兼通讯部长拿督法米指出，财政部被要求在下周二的国家经济行动理事会会议或周三的内阁会议上，提呈相关流程细节。

他说，政府已开始研究最佳机制，调整目前以现金形式发放柴油补贴模式，转向与BUDI95相同的机制。

“我们预计时机成熟时，将惠及民众，例如那些驾驶Hilux皮卡车的车主。如果我们看看BUDI95的实施流程，这方法更简便、高效及有效。”
#南洋商报 #柴油 #补贴 #diesel #BUDI95

点击story（Swipe Up）看更多

Disclaimer: The caption may have been automatically translated by Instagram. In the event of any discrepancies, the original Chinese version shall prevail. We are not responsible for any inaccuracies resulting from the auto-translation.",https://www.instagram.com/p/DXJioHfgb4k/,,,neutral,2026-04-15 10:32:31+00:00,17,0,1,0,0.5,18,20.0,,,neutral,0.8208455443382263,english,Mixed/Urban,no_clear_emotion,0.074549600481987,0.08416631072759628,0.2287151962518692,0.03301142528653145,0.10610286146402359,0.051589272916316986
instagram,post,3875775635869140813,"Perdana Menteri Datuk Seri Anwar Ibrahim telah meminta Kementerian Kewangan (MOF) untuk meneliti segera proses penyasaran subsidi diesel dengan menggunakan mekanisme seperti yang telah dilaksana bagi BUDI95.

Menteri Komunikasi merangkap jurucakap Kerajaan MADANI Datuk Fahmi Fadzil berkata MOF turut diminta untuk membentangkan perincian mengenai proses berkenaan sama ada pada mesyuarat Majlis Tindakan Ekonomi (MTEN) Selasa depan atau mesyuarat Kabinet pada Rabu.

Klik pautan di IG story atau layari Bernama.com untuk berita penuh.

#BernamaNews 
#diesel 
#BUDI95 
#krisistenagaglobal 
#konflikasiabarat 
@mof_malaysia 
@komunikasi_gov",https://www.instagram.com/p/DXJhWf1GAdN/,,,positive,2026-04-15 10:21:21+00:00,10,0,0,0,0.9889132857322692,10,10.0,,,positive,0.963044285774231,malay,Malay/Bumiputera,no_clear_emotion,0.136567160487175,0.06869453191757202,0.09103412181138992,0.03904961049556732,0.13740700483322144,0.057243578135967255
instagram,post,3875756316636102498,"首相拿督斯里 #安华 已指示财政部，尽快将现有的大马卡验证机制，扩大到  #针对性柴油津贴 的落实中。

政府发言人拿督法米指出，在下周的内阁会议或国家经济行动理事会会议上，财政部将需提呈相关方案。

“首相已要求财政部立即研究，针对性柴油津贴的落实方式，并采用如同 #BUDI95 所实施的机制。”

#orientaldaily #orientaldailynews #东方日报 #东方online",https://www.instagram.com/p/DXJc9XZEj9i/,,,neutral,2026-04-15 09:42:59+00:00,335,0,2,0,0.5,337,341.0,,,neutral,0.8677846789360046,english,Mixed/Urban,no_clear_emotion,0.11201658099889755,0.09864143282175064,0.24382247030735016,0.02860119566321373,0.09058588743209839,0.039341192692518234
instagram,post,3875741477046326559,"[TERKINI] 

Kementerian Kewangan (MOF) teliti mekanisme proses penyasaran subsidi diesel sama seperti BUDI95 

#BernamaNews 
#Diesel #Subsidi 
#BUDI95",https://www.instagram.com/p/DXJZla8mBUf/,,,neutral,2026-04-15 09:13:29+00:00,40,0,0,0,0.5,40,40.0,,,neutral,0.8027144074440002,english,Mixed/Urban,no_clear_emotion,0.04236064478754997,0.03885533660650253,0.10992282629013062,0.030346956104040146,0.10892490297555923,0.06261865794658661
instagram,post,3875304240155018153,#myvi  #budi95  #malaysia #viral,https://www.instagram.com/p/DXH2KyXAUOp/,,,negative,2026-04-14 18:44:49+00:00,112,0,0,0,0.1011883333325386,112,112.0,,,negative,0.6627055555582047,multilingual,Unknown,love,0.05311118811368942,0.022493930533528328,0.059314895421266556,0.0260066706687212,0.7001796960830688,0.01891912706196308
instagram,post,3875025244004847218,"[MEJA BULAT] KRISIS TENAGA & KELESTARIAN SUBSIDI: APA NASIB RAKYAT MARHAEN? 

Krisis Asia Barat melibatkan perang AS-Israel dengan Iran dan sekatan di Selat Hormuz meninggalkan impak besar kepada ekonomi negara, secara langsung menjejaskan rakyat marhaen termasuk pesawah, usahawan perusahaan mikro, kecil dan sederhana (PMKS), pengusaha bas sekolah dan lain-lain.

Penerusan subsidi bahan api melalui BUDI95 dan Sistem Kawalan Diesel Bersubsidi (SKDS) menelan kos tinggi - sehingga RM6 bilion sebulan berbanding RM700 juta sebulan sebelum perang.

Apakah jalan tengah antara pelaksanaan subsidi bersasar lebih ketat dengan menjaga kebajikan rakyat khususnya berpendapatan rendah dan sederhana?

Dengarkan perbahasan pakar dalam rakaman Meja Bulat pada 16 April 2026 (Khamis) jam 2 petang di Studio F, Sinar Harian!

#MejaBulat #SinarHarian #SuaraRakyat #KrisisTenaga #AsiaBarat #SelatHormuz #ekonomi #PMKS #BUDI95 #SKDS #MalaysiaMadani",https://www.instagram.com/p/DXG2u28lI5y/,,,positive,2026-04-14 09:30:28+00:00,5,0,0,0,0.9984559953212737,5,5.0,,,positive,0.9948533177375793,malay,Malay/Bumiputera,anger,0.30505305528640747,0.05000743269920349,0.0829399973154068,0.08456920087337494,0.16174685955047607,0.02929101139307022
instagram,post,3874880326020418627,"Sedikit informasi bagi yang masih tidak faham bagaimana #BUDI95 punya kiraan,ada yang kata 
 dulu isi Rm100 dah full smpi melimpah,skg isi Rm150 tak full separuh je…ohhh
rupanya dia salah faham tengok resit,dia sangka byr rm70 dpt rm150 punya minyak

contoh isi padu tank naza ria 75liter(anggaran google)

isi minyak rm70 
dapat dlm 
35.175 liter 
baki 39.825 liter 
masih kosong
(75-35.175=39.825)

kiraan nya mcm ni 
jika tanpa subsidi 
rm4.27 x 35.175 liter =rm150.20
(ini harga yang patut kita bayar)

kiraan dengan subsidi
rm1.99 x35.175liter=rm70
(penerima budi)

tambahan
jika awak nak fulltank anggaran 75liter 
awk perlukan rm150+-
kiraan nya mcm ni
rm1.99x75 liter =Rm149.25

so mmg logik la dkt sini isi rm70 tank separuh sahaja

tak boleh salah pengusaha minyak mereka hanya ikut kerajaan madani 

cume kita kne tahu point yang betul nk salurkn ketidakpuashatian

mintak maaf pada kawan2 fb cume nak jelaskan sahaja apa yg sy faham tidak ada nak tunjuk pandai atau sokong kerajaan,aku pn hari2 hentam Anwar Ibrahim",https://www.instagram.com/p/DXGVyBjmMxD/,,,negative,2026-04-14 04:42:33+00:00,20,0,0,0,0.0005087971687317006,20,20.0,,,negative,0.998304009437561,malay,Malay/Bumiputera,surprise,0.04466293752193451,0.13141103088855743,0.01892849989235401,0.06744307279586792,0.05745983123779297,0.5676273703575134
instagram,post,3874386943866857662,"In the latest Malaysia Economic Monitor report, the World Bank didn't mince words. With global oil prices surging past US$100, Malaysia's current subsidy model is under ""unprecedented pressure.""

Check out the full article on our website. Link in bio. 

#RON95 #BUDI95 #BUDIMADANI",https://www.instagram.com/p/DXElmXnmGi-/,,,neutral,2026-04-13 12:22:18+00:00,7,0,0,0,0.5,7,7.0,,,neutral,0.7361397743225098,english,Mixed/Urban,no_clear_emotion,0.06819897890090942,0.11939776688814163,0.1146232932806015,0.04595264047384262,0.06694924831390381,0.07939539104700089
instagram,post,3874218072035492773,"Budi95 这些行为不可犯错！

现在去油站加油，真的要看清楚规矩啊！⛽️
这些行为在执法人员眼里完全是踩雷现场。👮‍♂️

大家还是安守本分，该怎么添就怎么添。毕竟在大马生活，安稳才是最大的福利嘛。🌤️

#Redit #BUDI95 #大马生活 #油站加油行为  #大马资讯  添油规则",https://www.instagram.com/p/DXD_M9eEwOl/,,,neutral,2026-04-13 06:46:45+00:00,47,0,0,0,0.5,47,47.0,,,neutral,0.8400413393974304,english,Mixed/Urban,love,0.07352506369352341,0.02250387705862522,0.08867139369249344,0.028412312269210815,0.640554666519165,0.019420670345425606
instagram,post,3873677417809779177,"CR 12042026
PPM2 skipper Am-idham Pancing decky Ismail Alwee 

Terima kasih geng Amin.. jalan 4 org je.. player pun rabut katanya.. tapi kan ""bersama kesulitan ada kemudahan"".. rezeki mereka harini bergasak ambush ikan pegi pesta BBQ🤭🤭 korg yg lain taknak ke manfaatkan minyak #BUDI95  mcm diorg? 🤣🤣 meh la hari biasa isnin-khamis banyak kosong lagi.. 

#ppm2026 
#pondokpenyabongboatservices #putihputihmelatiboatservices 
#penyabong",https://www.instagram.com/p/DXCERZ_ARnp/,,,neutral,2026-04-12 12:52:34+00:00,2,0,0,0,0.5,2,2.0,,,neutral,0.8567647933959961,english,Mixed/Urban,fear,0.2618688941001892,0.36570772528648376,0.026887696236371994,0.07079455256462097,0.1100231483578682,0.04417341202497482
instagram,post,3873542813879592616,"【燃油价格上涨民众吃不消 政府研究扩大柴油补贴范围】

昌明政府正在研究扩大柴油补贴落实范围，以回应油价上涨带来的民生压力，并让更多受影响群体包括农民受惠。

财政部政治秘书慕哈末卡米尔表示，政府持续收集各方反馈，聆听人民心声，并评估多项援助方案。

当中包括参考昌明惠泽RON95汽油补贴计划（BUDI95）的针对性补贴模式，以及扩大柴油卡（Fleet Card）适用范围。

#昌明政府 #柴油补贴 #民生压力 #财政部 #慕哈末卡米尔 #BUDI95 #FleetCard",https://www.instagram.com/p/DXBlqqTj2ao/,,,neutral,2026-04-12 08:25:09+00:00,1,0,0,0,0.5,1,1.0,,,neutral,0.7986805438995361,english,Mixed/Urban,anger,0.29123908281326294,0.17892640829086304,0.11391514539718628,0.09219557791948318,0.12912890315055847,0.03082583285868168
instagram,post,3873470110089962817,"To enjoy the BUDI95 fuel subsidy, ensure your CaltexGO is linked to your TNG eWallet. Don't worry, it's very simple! Just follow these steps:

📲 Open CaltexGO
Make sure it’s the latest version.

👛 Link your TNG eWallet
Click ‘Link TNG eWallet’ and follow the verification steps.

✨ All set
Now you’re ready to enjoy BUDI95! 

#CaltexMY #CaltexCubaTry #BUDI95 #BudiMadani95 #GOjimat",https://www.instagram.com/p/DXBVIroAWVB/,,,positive,2026-04-12 06:00:42+00:00,11,0,0,0,0.9058149635791778,11,11.0,,,positive,0.6860498785972595,english,Mixed/Urban,happy,0.03292262554168701,0.10136742889881134,0.6251830458641052,0.016454273834824562,0.1187862679362297,0.03403066098690033
instagram,post,3876257396268020734,"【安华拟扩大大马卡验证 推动柴油津贴落实】

针对柴油补贴的发放，首相拿督斯里安华已指示财政部尽快扩大大马卡验证机制，并用于落实针对性柴油津贴，采用类似BUDI95的执行方式。财政部将在下周内阁会议或国家经济行动理事会会议上提交相关方案，进一步细化落实细节。

#柴油津贴 #BUDI95 #大马卡",https://www.instagram.com/p/DXLO5CKiTP-/,,,neutral,2026-04-16 02:18:32+00:00,2,0,0,0,0.5,2,2.0,,,neutral,0.8083465099334717,english,Mixed/Urban,no_clear_emotion,0.10771489143371582,0.06773792952299118,0.1419503539800644,0.03879568353295326,0.10894398391246796,0.04894503578543663
instagram,post,3872734763354940360,"Tular di media sosial, individu luah apabila kuota subsidi minyak Budi95 miliknya telah susut sehingga 50% walaupun belum masuk separuh bulan.

Katanya, penurunan kuota dari 300 liter ke 200 liter sebelum ini, jelas bakal membebankan rakyat. Sekiranya kuota subsidi pengguna habis, maka pengguna terpaksa membayar harga pasaran semasa sekitar RM4.27 seliter.

Rata-rata netizen menyeru pihak kerajaan agar meneliti semula mekanisme Budi95 supaya lebih praktikal dan benar-benar membantu rakyat yang memerlukan. 

Psst! follow juga @ohmediaplus dan share story ini kepada kawan-kawan korang yang awesome!

#ohmedia #budi95 #mf",https://www.instagram.com/p/DW-t7-nE-PI/,,,negative,2026-04-11 05:39:49+00:00,1660,0,151,0,0.00048059821128842994,1811,2113.0,,,negative,0.9983980059623718,malay,Malay/Bumiputera,love,0.1325998306274414,0.13081952929496765,0.028152287006378174,0.12359067797660828,0.37390628457069397,0.05742066726088524
instagram,post,3872702642460602052,"Harga macam isi minyak helikopter saja nasib baik ada Budi95. 

#PetrolPrice #BUDI95",https://www.instagram.com/p/DW-mojslK7E/,,,negative,2026-04-11 04:35:52+00:00,0,0,0,0,0.17657556384801865,0,0.0,,,negative,0.4114147871732712,multilingual,Unknown,love,0.07276859134435654,0.023562083020806313,0.1576448231935501,0.030504653230309486,0.48034098744392395,0.021222945302724838
instagram,post,3872689158636908737,"现在连拿别人的大马卡，来打Budi 95都不可以了必须要本人应许或者本人在现场，不然算违法行为，冒充他人身份！是你，你会怎么做？

内容纯属娱乐

#Apabolehbantukitamestibantu #Runnerkita #budi95 #petrolprice #大马卡",https://www.instagram.com/p/DW-jkV6DzDB/,,,neutral,2026-04-11 04:10:42+00:00,1100,0,11,0,0.5,1111,1133.0,,,neutral,0.8662887811660767,english,Mixed/Urban,anger,0.3214373290538788,0.11908368766307831,0.036024775356054306,0.06449218094348907,0.24951347708702087,0.03362099826335907
instagram,post,3872251759233723905,"Setiap rakyat Malaysia yang layak membeli petrol pada harga RM1.99 seliter dengan kuota 200 liter sebulan di bawah inisiatif BUDI95, menerima subsidi RM456 daripada Kerajaan MADANI.

#MalaysiaMADANI 
#RancakkanMADANI 
#BUDI95
#MOF

https://harapanmadani.com/budi95-kerajaan-tanggung-subsidi-rm456-setiap-seorang/",https://www.instagram.com/p/DW9AHV-Ae4B/,,,positive,2026-04-10 13:40:02+00:00,0,0,0,0,0.9993370294570922,0,0.0,,,positive,0.9977900981903076,malay,Malay/Bumiputera,love,0.08639691770076752,0.03607608750462532,0.08328531682491302,0.05271879583597183,0.3932107388973236,0.04876193776726723
instagram,post,3872166614519640585,"首相安华表示，政府将努力维持RON95补贴汽油（Budi95）每公升1令吉99仙价格，以减轻人民当前受西亚冲突影响的负担。

“有人提出，我们是否能够维持RON95（补贴价格）的问题。到目前为止，我们正努力维持RON95的价格。”

安华今天在蕉赖峇鲁（Cheras Baru）Nurussaadah清真寺礼拜后受访时承认，在维持Budi95补贴价格方面，政府面临财政压力，但最重要的是减轻人民负担。

🔍全文这里看👉https://www.malaysiakini.com/news/772337
#当今大马 #malaysiakini
#BUDI95 #ron95 #汽油 

➖➖➖➖➖➖➖➖➖➖➖➖

📌关注《当今大马》WhatsApp频道 【即时新闻通知】👉https://mk.my/whatsapp

📌订阅《当今》简报：5分钟看要闻！【完全免费】👉 https://mk.my/newsletter

【提醒】言论空间需要大家共同维护，请读者理性讨论，勿诽谤、人身攻击、发布不实信息、发表煽动或挑衅种族或宗教情绪等言论。一旦司法纠纷或执法单位介入的风险过高，关闭留言区将成为所有人的损失。",https://www.instagram.com/p/DW8swUxkfIJ/,,,negative,2026-04-10 10:50:53+00:00,13,0,0,0,0.15291329473257065,13,13.0,,,negative,0.49028901755809784,multilingual,Unknown,anger,0.4340691566467285,0.10001124441623688,0.05897097289562225,0.09324679523706436,0.12420101463794708,0.024492312222719193
instagram,post,3872166590142173524,"首相安华表示，政府将努力维持RON95补贴汽油（Budi95）每公升1令吉99仙价格，以减轻人民当前受西亚冲突影响的负担。

“有人提出，我们是否能够维持RON95（补贴价格）的问题。到目前为止，我们正努力维持RON95的价格。”

安华今天在蕉赖峇鲁（Cheras Baru）Nurussaadah清真寺礼拜后受访时承认，在维持Budi95补贴价格方面，政府面临财政压力，但最重要的是减轻人民负担。

🔍全文这里看👉https://www.malaysiakini.com/news/772337
#当今大马 #malaysiakini
#BUDI95 #ron95 #汽油 

➖➖➖➖➖➖➖➖➖➖➖➖

📌关注《当今大马》WhatsApp频道 【即时新闻通知】👉https://mk.my/whatsapp

📌订阅《当今》简报：5分钟看要闻！【完全免费】👉 https://mk.my/newsletter

【提醒】言论空间需要大家共同维护，请读者理性讨论，勿诽谤、人身攻击、发布不实信息、发表煽动或挑衅种族或宗教情绪等言论。一旦司法纠纷或执法单位介入的风险过高，关闭留言区将成为所有人的损失。",https://www.instagram.com/p/DW8sv-Ej1FU/,,,negative,2026-04-10 10:50:50+00:00,1,0,0,0,0.15291329473257065,1,1.0,,,negative,0.49028901755809784,multilingual,Unknown,anger,0.4340691566467285,0.10001124441623688,0.05897097289562225,0.09324679523706436,0.12420101463794708,0.024492312222719193
instagram,post,3872149353347740417,"Bank Dunia mencadangkan kerajaan Malaysia menyelaraskan harga petrol RON95 kepada RM2.05 seliter berbanding RM1.99 sekarang untuk mengurangkan beban subsidi fiskal susulan lonjakan harga minyak global. Langkah ini dianggap perlu bagi mengimbangi tekanan inflasi dan memperkukuh kedudukan fiskal negara, terutama dengan konflik di Asia Barat.
#RON95 #BUDIMADANI #BUDI95 #MalaysiaMadani",https://www.instagram.com/p/DW8o1JDjPMB/,,,positive,2026-04-10 10:16:35+00:00,0,0,0,0,0.9749143183231352,0,0.0,,,positive,0.9163810610771179,malay,Malay/Bumiputera,anger,0.2615700662136078,0.06990418583154678,0.18607111275196075,0.048314619809389114,0.18964442610740662,0.033740438520908356
instagram,post,3872148689155041132,"Kerajaan mewujudkan buffer atau penampan dengan mengekalkan penyasaran subsidi RON95 dan diesel pada harga ditetapkan serta menyelaras harga bahan api tidak bersubsidi mengikut pasaran bagi melindungi rakyat daripada kesan langsung krisis tenaga global.

Menteri Kewangan II Amir Hamzah Azizan berkata langkah itu penting bagi melindungi sektor kritikal termasuk perikanan, pengangkutan awam dan kenderaan logistik berkelayakan yang kekal menikmati diesel pada kadar terkawal.

Berita penuh https://www.bernama.com/bm/am/news.php?id=2543373

#BernamaNews #BUDI95 #BUDIMADANI #subsidi #diesel krisistenagaglobal",https://www.instagram.com/p/DW8oreelKds/,,,positive,2026-04-10 10:15:07+00:00,3,0,0,0,0.997761446237564,3,3.0,,,positive,0.9925381541252136,malay,Malay/Bumiputera,no_clear_emotion,0.2457318753004074,0.0658276155591011,0.16640634834766388,0.05099634826183319,0.18383897840976715,0.03200620040297508
instagram,post,3872099678167821662,"Kerajaan mewujudkan buffer atau penampan dengan mengekalkan penyasaran subsidi RON95 dan diesel pada harga ditetapkan serta menyelaras harga bahan api tidak bersubsidi mengikut pasaran bagi melindungi rakyat daripada kesan langsung krisis tenaga global.

Menteri Kewangan II Amir Hamzah Azizan berkata langkah itu penting bagi melindungi sektor kritikal termasuk perikanan, pengangkutan awam dan kenderaan logistik berkelayakan yang kekal menikmati diesel pada kadar terkawal.

Klik pautan di IG story atau layari Bernama.com untuk berita penuh.

#BernamaNews #BUDI95 #BUDIMADANI #subsidi #diesel #krisistenagaglobal",https://www.instagram.com/p/DW8diRcGO1e/,,,positive,2026-04-10 08:37:53+00:00,16,0,0,0,0.9973978102207184,16,16.0,,,positive,0.9913260340690613,malay,Malay/Bumiputera,no_clear_emotion,0.2320321798324585,0.06507575511932373,0.1754271388053894,0.049507614225149155,0.19071264564990997,0.03316207602620125
instagram,post,3872050459451700473,"不能刷我滴卡咯......

👉 点击 BIO 链接，查看完整内容！

#budi95 #补贴 #汽油",https://www.instagram.com/p/DW8SWC8AbT5/,,,neutral,2026-04-10 07:00:57+00:00,0,0,0,0,0.5,0,0.0,,,neutral,0.8533754348754883,english,Mixed/Urban,anger,0.391277551651001,0.1752428412437439,0.019689640030264854,0.08046014606952667,0.0522739514708519,0.14082388579845428
instagram,post,3871976854149166218,"If you’re wondering why your petrol bill didn’t drop along with the global news this week, you aren't alone. We’ve been digging into the data, and the Ministry of Finance (MOF) has officially cleared the air on the ""Price Lag.""

It turns out, the fuel you’re pumping today was actually priced when global crude was at its most expensive.

We’ve decoded the official explanation so you don’t have to. 

Check out the full article on our website. Link in bio. 

#RON95 #BUDI95 #FuelPrice #MOF",https://www.instagram.com/p/DW8Bm8qGHSK/,,,neutral,2026-04-10 04:33:52+00:00,3,0,0,0,0.5,3,3.0,,,neutral,0.6819740533828735,english,Mixed/Urban,surprise,0.015752186998724937,0.1596185714006424,0.037191879004240036,0.03967398777604103,0.022729380056262016,0.6568217277526855
instagram,post,3871960097031261678,"PENGURANGAN KUOTA BUDI95 TINDAKAN TEPAT JAMIN SUBSIDI BERSASAR, ADIL - BANK DUNIA

Ketua Ahli Ekonomi Bank Dunia untuk Malaysia, Dr Apurva Sanghi memuji langkah kerajaan mengurangkan kuota penggunaan petrol bersubsidi di bawah BUDI95 yang dilihat sebagai tindakan tepat ke arah memastikan subsidi bahan api lebih bersasar dan adil.

Ujarnya, pengurangan kuota daripada 300 liter kepada 200 liter, membantu menangani ketirisan subsidi yang selama ini lebih banyak dinikmati oleh golongan berpendapatan tinggi.

Langkah ini juga disifatkan sebagai sebuah pendekatan yang lebih efektif berbanding menaikkan harga petrol secara menyeluruh, yang boleh memberi kesan langsung kepada kos sara hidup rakyat.

#MyCommunityNews
#MCN
#MalaysiaMADANI
#BankDunia
#BUDI95",https://www.instagram.com/p/DW79zGYCQ3u/,,,negative,2026-04-10 04:00:21+00:00,36,0,5,0,0.061361306905746454,41,51.0,,,negative,0.7954623103141785,malay,Malay/Bumiputera,happy,0.06486812978982925,0.04711272567510605,0.3312193751335144,0.0351327508687973,0.24429959058761597,0.040957577526569366
instagram,post,3871955777477248308,"Hari nie baru 10 April..Kuota BUDI95 saya cuma tinggal 60 liter sahaja..Genap separuh bulan confirm takde baki kuota lagi nie..Memang tak cukuplah nampaknya untuk bulan nie.

Harga tanpa subsidi RM4.27/liter huhu 😅

#BUDI95",https://www.instagram.com/p/DW780PejYU0/,,,neutral,2026-04-10 03:51:59+00:00,0,0,0,0,0.5,0,0.0,,,neutral,0.8655683398246765,malay,Malay/Bumiputera,surprise,0.015479031950235367,0.20844057202339172,0.015805857256054878,0.046707767993211746,0.02268538437783718,0.6409211754798889
instagram,post,3871899579457645767,"RM6 bilion sebulan. Bukan sekadar nombor di atas kertas. Ia adalah jaminan bahawa nelayan tetap mampu turun ke laut, dan ia adalah nafas bahawa peniaga kecil terus boleh berniaga. Bayangkan jika tiada subsidi: diesel naik, harga ikan, sayur dan barang harian ikut sama naik.

 #subsididiesel #budi95",https://www.instagram.com/p/DW7wCc_jqzH/,,,neutral,2026-04-10 02:00:20+00:00,479,0,0,0,0.5,479,479.0,,,neutral,0.9647266864776611,malay,Malay/Bumiputera,no_clear_emotion,0.07080942392349243,0.04479061812162399,0.1374446302652359,0.04871421679854393,0.2653197646141052,0.04870117828249931
instagram,post,3871831460344309430,kalau takde idea nak habiskan kuota 200L #BUDI95 jom datang sini kita ronda laut penyabong🤗🤗 🛥🛥,https://www.instagram.com/p/DW7gjMIASa2/,,,negative,2026-04-09 23:45:00+00:00,1,0,0,0,0.0004857659339904674,1,1.0,,,negative,0.9983807802200317,malay,Malay/Bumiputera,love,0.20087650418281555,0.19334964454174042,0.09618479013442993,0.042494047433137894,0.3062642216682434,0.027618208900094032
instagram,post,3871418234032966335,"▌今天热什么 ▌在全球油价持续高企之际，世界银行建议，大马可以适度提高RON95补贴汽油的价格，以减轻政府的开支负担。

世界银行驻大马首席经济学家桑吉（Apurva Sanghi）在2026年4月的《马来西亚经济监测报告（MEM）》第一部分的简报会上指出，大马可以将RON95补贴汽油的价格，从每升RM1.99，恢复到BUDI95计划实施前的RM2.05。

“布伦特原油价格已经突破每桶100美元，高于国家预算中设定的65美元。”

“在国际油价上涨的影响下，RON95汽油和柴油的补贴开支，已经从每月7亿令吉，飙升到每月40亿令吉。”

为了控制成本，政府早前宣布，将BUDI95每月300升的补贴汽油配额，调整到每月200升。

桑吉形容，这项举措显示政府“已经迈向正确的方向”。但他认为，汽油补贴大多流向高收入群体（T10和T20），因为这些群体的汽油使用量普遍超过200升配额......

📖 点击BIO处链接浏览网站

#世界银行 #RON95 #BUDI95 #补贴汽油 
#热点 #84hotspot #今天热什么",https://www.instagram.com/p/DW6Cl9IgUq_/,,,negative,2026-04-09 10:03:59+00:00,156,0,10,0,0.09841957390308378,166,186.0,,,negative,0.6719347536563873,multilingual,Unknown,no_clear_emotion,0.0890851765871048,0.049658793956041336,0.18107153475284576,0.050156690180301666,0.2883778512477875,0.039951931685209274
instagram,post,3871403085642241017,"世界银行驻马来西亚首席经济学家阿普瓦桑希表示，面对当前西亚危机，马来西亚无需实行刺激经济措施。

他表示，现在推出刺激经济措施只会加剧通货膨胀，并强调国家目前的通膨水平保持稳定且可控。

“只有像通膨担忧达到在新冠疫情危机期间所观察的，演变成对经济增长的担忧时，才需要出台刺激措施。”

🔍全文这里看👉https://www.malaysiakini.com/news/772246
#当今大马 #malaysiakini
#BUDI95 #燃油 #ron95 

➖➖➖➖➖➖➖➖➖➖➖➖

📌关注《当今大马》WhatsApp频道 【即时新闻通知】👉https://mk.my/whatsapp

📌订阅《当今》简报：5分钟看要闻！【完全免费】👉 https://mk.my/newsletter

【提醒】言论空间需要大家共同维护，请读者理性讨论，勿诽谤、人身攻击、发布不实信息、发表煽动或挑衅种族或宗教情绪等言论。一旦司法纠纷或执法单位介入的风险过高，关闭留言区将成为所有人的损失。",https://www.instagram.com/p/DW5_JhGDpP5/,,,negative,2026-04-09 09:33:53+00:00,0,0,0,0,0.11340265721082687,0,0.0,,,negative,0.6219911426305771,multilingual,Unknown,anger,0.4594234526157379,0.11278313398361206,0.1325514316558838,0.044527146965265274,0.10405968129634857,0.022668354213237762
instagram,post,3871403004146991689,"世界银行驻马来西亚首席经济学家阿普瓦桑希表示，面对当前西亚危机，马来西亚无需实行刺激经济措施。

他表示，现在推出刺激经济措施只会加剧通货膨胀，并强调国家目前的通膨水平保持稳定且可控。

“只有像通膨担忧达到在新冠疫情危机期间所观察的，演变成对经济增长的担忧时，才需要出台刺激措施。”

🔍全文这里看👉https://www.malaysiakini.com/news/772246
#当今大马 #malaysiakini
#BUDI95 #燃油 #ron95 

➖➖➖➖➖➖➖➖➖➖➖➖

📌关注《当今大马》WhatsApp频道 【即时新闻通知】👉https://mk.my/whatsapp

📌订阅《当今》简报：5分钟看要闻！【完全免费】👉 https://mk.my/newsletter

【提醒】言论空间需要大家共同维护，请读者理性讨论，勿诽谤、人身攻击、发布不实信息、发表煽动或挑衅种族或宗教情绪等言论。一旦司法纠纷或执法单位介入的风险过高，关闭留言区将成为所有人的损失。",https://www.instagram.com/p/DW5_IVMj8JJ/,,,negative,2026-04-09 09:33:44+00:00,5,0,0,0,0.11340265721082687,5,5.0,,,negative,0.6219911426305771,multilingual,Unknown,anger,0.4594234526157379,0.11278313398361206,0.1325514316558838,0.044527146965265274,0.10405968129634857,0.022668354213237762
instagram,post,3871388494808281099,"【本周油价更新】⛽️📈 

一箱油，能带你走多远？
#ProtoneMAS7PHEV 兼具高效混动、舒适与科技感，一箱油即可轻松完成长途旅程! 

马上到我们的门店试驾: Proton e.MAS Juru Auto City - CS Prima Auto 

#ChyeSengAutomotiveGroup #ProtoneMAS #ProtoneMASJuru #BUDI95",https://www.instagram.com/p/DW571MUlPAL/,,,neutral,2026-04-09 09:04:53+00:00,1,0,0,0,0.5,1,1.0,,,neutral,0.8772705793380737,english,Mixed/Urban,love,0.051332924515008926,0.0509200356900692,0.29816168546676636,0.030771004036068916,0.4216492474079132,0.0565057173371315
instagram,post,3871378087482055287,"“Fuel subsidies in Malaysia are regressive, with the T10, T20 benefitting much more compared to others. And if you look at who consumes most of the fuel, it is the T10, T20 segment. In fact, they have been known to consume more than 200 litres.⁠
⁠
#theSunMY #Local #BUDI95 ⁠
⁠
Click the link in bio @theSundaily to read the full story",https://www.instagram.com/p/DW55dvvmVp3/,,,negative,2026-04-09 08:44:23+00:00,6,0,0,0,0.10552453994750977,6,6.0,,,negative,0.6482515335083008,english,Mixed/Urban,no_clear_emotion,0.10222970694303513,0.026686519384384155,0.14599615335464478,0.035276591777801514,0.2459380179643631,0.02677808329463005
instagram,post,3871353049004457443,"KERAJAAN TELITI PERLUAS GUNA MYKAD BELI DIESEL

Menteri Kewangan II, YB Datuk Seri Amir Hamzah Azizan memaklumkan kemungkinan kerajaan memperluaskan mekanisme penggunaan MyKad dalam sistem subsidi bersasar kepada diesel, susulan kejayaan pelaksanaan program BUDI95 bagi petrol RON95.

Langkah itu dilihat sebagai usaha memperkemas penyampaian subsidi serta mengurangkan ketirisan, namun memerlukan penelitian rapi dari segi logistik, penggunaan dan kesiapsiagaan sistem di seluruh negara.

Ujarnya lagi, penggunaan MyKad di bawah BUDI95 dilihat lebih kemas dan risiko ketirisan dapat dikurangkan, manakala matlamat penjimatan dicapai tanpa mengubah corak pembelian rakyat secara drastik.

#MyCommunityNews
#MCN
#MalaysiaMADANI
#MyKad
#BUDI95",https://www.instagram.com/p/DW5zxY2CT3j/,,,positive,2026-04-09 07:54:30+00:00,37,0,4,0,0.9549151957035065,41,49.0,,,positive,0.8497173190116882,malay,Malay/Bumiputera,happy,0.059495165944099426,0.07038120925426483,0.5070264339447021,0.02007821761071682,0.08455857634544373,0.04430461302399635
instagram,post,3871344163615093342,"Topped up over the weekend and noticed the price didn't budge, even though every news headline says oil is falling? You're not imagining it.

The Ministry of Finance says pump prices each week are based on the previous week's average costs, plus the price paid for fuel that's already in the supply chain. So when global oil rises sharply, like it did over the past five weeks, those higher costs keep showing up at the pump even after the market cools.

If you're on subsidised RON95, your price at the BUDI95 ceiling stays put. If you're buying unsubsidised RON95 or topping up a diesel vehicle in the Peninsula, the squeeze is more noticeable this week, and small businesses running delivery routes will feel it first in their monthly fuel spend.

Have you noticed the difference at your usual station this week?

#RinggitPlus #PetrolPrice #RON95 #BUDI95 #MalaysiaFuel #CostOfLiving #DieselPrice",https://www.instagram.com/p/DW5xwFrjzJe/,,,neutral,2026-04-09 07:36:49+00:00,12,0,0,0,0.5,12,12.0,,,neutral,0.54336017370224,english,Mixed/Urban,surprise,0.024604087695479393,0.15115083754062653,0.2322729229927063,0.032568227499723434,0.05981079116463661,0.26778659224510193
instagram,post,3871335204842236626,"SYUKUR JADI RAKYAT SABAH
•
 Petrol 95, Syukur Alhamdulillah ada BUDI95 RM1.99 200Liter Kouta/Bulan 😊
Diesel kekal RM2.15 🫶🏻
•
Yg pertikaikan kenapa Diesel di Sabah/Sarawak harga kekal.
Secara ringkasnya saya bagi tahu. SABAH SARAWAK PEMBEKAL UTAMA MINYAK MENTAH. Takkanlah pembekal naik harga pula. 😌😂

Sumber Gambar : KOSMO

#sabahan #diesel #budi95 #petrol #malaysia #fbpro",https://www.instagram.com/p/DW5vtuLFerS/,,,positive,2026-04-09 07:19:01+00:00,0,0,0,0,0.9976083815097808,0,0.0,,,positive,0.9920279383659363,malay,Malay/Bumiputera,no_clear_emotion,0.03838960453867912,0.022575518116354942,0.03794154152274132,0.027844738215208054,0.17544569075107574,0.06179540604352951
instagram,post,3872251534838420348,,https://www.instagram.com/p/DW9AEE_AVN8/,,,neutral,2026-04-10 13:40:01+00:00,0,0,0,0,0.5,0,0.0,,,neutral,0.0,unknown,Unknown,neutral,0.0,0.0,0.0,0.0,0.0,0.0
instagram,post,3871321267906897447,"The proposal builds on the BUDI95 programme, but logistics and regional differences remain key considerations.

Full article in bio @lowyatnet 

#BUDI95",https://www.instagram.com/p/DW5si6ZAWYn/,,,neutral,2026-04-09 06:51:20+00:00,3,0,0,0,0.5,3,3.0,,,neutral,0.9139512181282043,english,Mixed/Urban,no_clear_emotion,0.031281258910894394,0.04867133870720863,0.21869589388370514,0.024962425231933594,0.10326165705919266,0.07832999527454376
instagram,post,3871299725962434270,"Let’s take a look at whether fuel prices are up or down this week⛽📊

Fuel prices have been updated for the week of 9–15 April 2026:

▪️RON95: RM4.27 per litre (+40 sen)
 ↳ RM1.99 (0 sen) under BUDI95
▪️RON97: RM5.35 per litre (+40 sen)
▪️Diesel (PM): RM6.72 per litre (+70 sen)
▪️Diesel (EM): RM2.15 per litre (0 sen)

According to the Ministry of Finance, these prices are determined based on the weekly retail pricing using the Automatic Pricing Mechanism (APM).

The government will continue monitoring global oil price trends and take necessary steps to ensure the well-being of the public. Meanwhile, the subsidised RON95 price under the BUDI95 programme remains unchanged at RM1.99 per litre since its implementation on 30 September 2025.

#FuelPriceUpdate #WeeklyUpdate #BUDI95 #MalaysiaNews",https://www.instagram.com/p/DW5npb5Dtbe/,,,neutral,2026-04-09 06:08:31+00:00,721,0,5,0,0.5,726,736.0,,,neutral,0.9371113181114197,english,Mixed/Urban,no_clear_emotion,0.044700246304273605,0.030938398092985153,0.14666996896266937,0.037406548857688904,0.1640707403421402,0.05272683873772621
instagram,post,3871295490730038797,"HARGA PETROL & DIESEL DI MALAYSIA KEKAL ANTARA YANG TERENDAH

Walaupun harga minyak dunia terus meningkat akibat konflik global, Malaysia masih kekal antara negara dengan harga petrol dan diesel paling rendah di rantau ini. Melalui inisiatif bersasar seperti BUDI95 rakyat terus menikmati harga RON95 pada RM1.99 seliter bukti usaha berterusan memastikan beban kos sara hidup dapat dikawal dan tidak ditanggung sepenuhnya oleh rakyat.

#MyCommunityNews
#MCN
#MalaysiaMADANI
#BUDI95",https://www.instagram.com/p/DW5mrzhiRYN/,,,positive,2026-04-09 06:00:38+00:00,41,0,3,0,0.9976245284080505,44,50.0,,,positive,0.9920817613601685,malay,Malay/Bumiputera,no_clear_emotion,0.27262306213378906,0.10127813369035721,0.04489823803305626,0.10328235477209091,0.10677476972341537,0.03127683699131012
instagram,post,3871281423328249952,"吉兰丹道北一间油站的经理承认，因员工疏忽而允许顾客单凭身份证号码购买汽油，导致一名人士的Budi95配额遭盗用。

该名油站经理莫哈末鲁斯迪（Mohamed Rusdi Md Nasir）今日接受《当今大马》访问解释，Budi95系统在紧急情况下允许手动输入大马卡号码，例如芯片无法读取时。

他指出，事发时，一名人士前来加油，并声称忘了携带大马卡。

🔍全文这里看👉https://www.malaysiakini.com/news/772198
#当今大马 #malaysiakini
#BUDI95 #油站 #津贴 

➖➖➖➖➖➖➖➖➖➖➖➖

📌关注《当今大马》WhatsApp频道 【即时新闻通知】👉https://mk.my/whatsapp

📌订阅《当今》简报：5分钟看要闻！【完全免费】👉 https://mk.my/newsletter

【提醒】言论空间需要大家共同维护，请读者理性讨论，勿诽谤、人身攻击、发布不实信息、发表煽动或挑衅种族或宗教情绪等言论。一旦司法纠纷或执法单位介入的风险过高，关闭留言区将成为所有人的损失。",https://www.instagram.com/p/DW5jfGPDIhg/,,,negative,2026-04-09 05:32:10+00:00,4,0,0,0,0.08243682235479355,4,4.0,,,negative,0.7252105921506882,multilingual,Unknown,anger,0.48461875319480896,0.05738414078950882,0.06500107049942017,0.060321010649204254,0.10920491814613342,0.0408598855137825
instagram,post,3871281399110108788,"吉兰丹道北一间油站的经理承认，因员工疏忽而允许顾客单凭身份证号码购买汽油，导致一名人士的Budi95配额遭盗用。

该名油站经理莫哈末鲁斯迪（Mohamed Rusdi Md Nasir）今日接受《当今大马》访问解释，Budi95系统在紧急情况下允许手动输入大马卡号码，例如芯片无法读取时。

他指出，事发时，一名人士前来加油，并声称忘了携带大马卡。

🔍全文这里看👉https://www.malaysiakini.com/news/772198
#当今大马 #malaysiakini
#BUDI95 #油站 #津贴 

➖➖➖➖➖➖➖➖➖➖➖➖

📌关注《当今大马》WhatsApp频道 【即时新闻通知】👉https://mk.my/whatsapp

📌订阅《当今》简报：5分钟看要闻！【完全免费】👉 https://mk.my/newsletter

【提醒】言论空间需要大家共同维护，请读者理性讨论，勿诽谤、人身攻击、发布不实信息、发表煽动或挑衅种族或宗教情绪等言论。一旦司法纠纷或执法单位介入的风险过高，关闭留言区将成为所有人的损失。",https://www.instagram.com/p/DW5jevriQZ0/,,,negative,2026-04-09 05:32:07+00:00,77,0,0,0,0.08243682235479355,77,77.0,,,negative,0.7252105921506882,multilingual,Unknown,anger,0.48461875319480896,0.05738414078950882,0.06500107049942017,0.060321010649204254,0.10920491814613342,0.0408598855137825
instagram,post,3871270827375979102,"📌 BUDI95 dilihat sebagai langkah tepat dalam reformasi subsidi bahan api bersasar Malaysia - Bank Dunia

📌 Malaysia tidak perlukan rangsangan ekonomi susulan krisis Asia Barat - Bank Dunia

📌 Bank Dunia semak naik unjuran pertumbuhan ekonomi Malaysia 2026 kepada 4.4 peratus daripada 4.1 peratus disokong permintaan domestik kukuh 

#digitalbernamatv 
#budi95 
#asiabarat 
#bankdunia",https://www.instagram.com/p/DW5hE5_E-pe/,,,negative,2026-04-09 05:11:10+00:00,4,0,1,0,0.0888522371649742,5,7.0,,,negative,0.7038258761167526,multilingual,Unknown,happy,0.06872519850730896,0.08251341432332993,0.44577717781066895,0.03968081250786781,0.14797455072402954,0.030165065079927444
instagram,post,3871265351199737203,"KENAPA HARGA MINYAK DI PAM TAK TURUN WALAUPUN HARGA MINYAK MENTAH GLOBAL TURUN?

Harga minyak mentah global mungkin nampak menurun, namun harga di pam mengambil sedikit masa untuk diselaraskan. Ini kerana ia ditentukan berdasarkan purata harga minggu sebelumnya, selain bekalan sedia ada yang dibeli pada harga lebih tinggi masih mempengaruhi harga semasa.

Walaupun berdepan turun naik pasaran global, harga minyak bersubsidi terus dikekalkan bagi memastikan rakyat kekal dilindungi dan kos sara hidup lebih terkawal. Usaha berterusan ini mencerminkan komitmen Kerajaan MADANI untuk menjaga kesejahteraan rakyat dalam apa jua keadaan. 

#MyCommunityNews
#MCN
#MalaysiaMADANI
#BUDI95",https://www.instagram.com/p/DW5f1N5icVz/,,,negative,2026-04-09 05:00:16+00:00,41,0,3,0,0.0004947423934936745,44,50.0,,,negative,0.9983508586883545,malay,Malay/Bumiputera,surprise,0.09864906221628189,0.22548988461494446,0.03196229040622711,0.1269398182630539,0.036915991455316544,0.3300504982471466
instagram,post,3871254204644318990,"If you've received a message saying you can apply to increase your BUDI95 petrol quota, don't act on it. The Ministry of Finance has confirmed the 200-litre monthly cap is staying as-is, and the application button on the BUDI95 portal has been removed entirely.

The button existed for specific operational cases like e-hailing drivers and registered boat owners. It was never an open channel for personal quota requests.

For most drivers, the cap won't change much. The MOF says around 90% of BUDI95 users average closer to 100 litres a month anyway. The bigger pinch falls on those with long daily commutes or jobs that require regular driving, where exceeding the cap means paying RM4.27 per litre instead of RM1.99.

Have you been seeing these quota increase messages going around?

#BUDI95 #RON95 #PetrolSubsidi #KewanganMalaysia",https://www.instagram.com/p/DW5dTA3D98O/,,,neutral,2026-04-09 04:38:05+00:00,37,0,1,0,0.5,38,40.0,,,neutral,0.5700916647911072,english,Mixed/Urban,no_clear_emotion,0.11412554979324341,0.16404888033866882,0.06722559034824371,0.0783628523349762,0.08789396286010742,0.12192508578300476
instagram,post,3870814694223953340,"Weekly Petrol Price Update! ⛽️ 
Fuel prices are rising — it’s time to drive smarter.

⚡ Proton e.MAS 7 PHEV
✅Up to 1,065KM range
✅Lower petrol consumption
✅Perfect for daily commuting

Book test drive now via: wa.me/60179240317

#ProtoneMAS #ProtoneMASJuru #ProtoneMAS7PHEV #budi95",https://www.instagram.com/p/DW35XS4lL28/,,,neutral,2026-04-08 14:04:51+00:00,1,0,0,0,0.5,1,1.0,,,neutral,0.7644938230514526,english,Mixed/Urban,happy,0.02095651999115944,0.03378657251596451,0.6921319961547852,0.017946001142263412,0.1372680962085724,0.035409703850746155
instagram,post,3870807099253815803,"This stability for eligible users comes alongside an increase of 40 sen for the unsubsidised retail price of RON95, which will now be sold at RM4.27 per litre.⁠
⁠
#theSun #theSunMY #BUDI95 #RON95 #RON97 #diesel #petrol⁠
⁠
Click the link in bio @theSundaily to read the full story",https://www.instagram.com/p/DW33oxhFXn7/,,,neutral,2026-04-08 13:49:54+00:00,26,0,0,0,0.5,26,26.0,,,neutral,0.7184929251670837,english,Mixed/Urban,no_clear_emotion,0.060199033468961716,0.029000738635659218,0.17922860383987427,0.028816718608140945,0.1251303106546402,0.03323674947023392
instagram,post,3870784791621356822,"坊间再传一宗Budi95疑遭盗用案例，这次发生在来自吉兰丹的商人身上。
法德里（Mohd Fahdli Noor，39岁）透露，他当时心血来潮到Budi Madani官网查询，却发现本月Budi95补贴配额仅剩78公升。
交易记录显示了两笔从未进行的添油记录，皆发生在4月5日道北的一家加油站。
🔍全文这里看 👉 https://www.malaysiakini.com/news/772159

#当今大马 #malaysiakini
#RON95 #BUDI95 #盗用Budi95
➖➖➖➖➖➖➖➖➖➖➖➖
📌关注《当今大马》WhatsApp频道 【即时新闻通知】👉https://mk.my/whatsapp
📌订阅《当今》简报：5分钟看要闻！【完全免费】👉 https://mk.my/newsletter
【提醒】言论空间需要大家共同维护，请读者理性讨论，勿诽谤、人身攻击、发布不实信息、发表煽动或挑衅种族或宗教情绪等言论。一旦司法纠纷或执法单位介入的风险过高，关闭留言区将成为所有人的损失。",https://www.instagram.com/p/DW3ykJ6k00W/,,,negative,2026-04-08 13:05:27+00:00,18,0,0,0,0.0004962801933288685,18,18.0,,,negative,0.9983457326889038,malay,Malay/Bumiputera,anger,0.32793739438056946,0.058385949581861496,0.056873172521591187,0.05789424106478691,0.08386159688234329,0.09349921345710754
instagram,post,3870723491666794508,"#政府 正研究将大马卡机制扩展至 #柴油 补贴⛽️

第二财长拿督斯里阿米尔韩查指出，随着 #BUDI95 汽油补贴计划成功推行，政府正在探讨将 #大马卡 机制应用于柴油定向补贴系统的可行性，以提升补贴发放效率并减少滥用⚠️

该机制可在不大幅改变消费者购买习惯的情况下，实现更有效的财政节省。

#Eight无限 
新闻来源：Free Malaysia Today &星洲日报",https://www.instagram.com/p/DW3koH4jxgM/,,,negative,2026-04-08 11:03:41+00:00,114,0,0,0,0.18299669623374937,114,114.0,,,negative,0.3900110125541687,multilingual,Unknown,love,0.07755405455827713,0.029164208099246025,0.2141173779964447,0.027724312618374825,0.3886362612247467,0.03513018786907196
instagram,post,3870718189084122996,还有170公升可以顶到月尾。应该还有剩。😆#budi95,https://www.instagram.com/p/DW3ja9eAJ90/,,,neutral,2026-04-08 10:53:07+00:00,0,0,0,0,0.5,0,0.0,,,neutral,0.5060938000679016,english,Mixed/Urban,fear,0.034039873629808426,0.4188899099826813,0.08817406743764877,0.03659100458025932,0.16965840756893158,0.10319635272026062
instagram,post,3870683744118672091,"昌明仁政RON95汽油补贴机制（BUDI 95）成功落实后，政府目前正深入研究将大马卡（MyKad）机制扩大应用于针对性柴油补贴的可能性，以简化发放流程并减少纰漏。

第二财长拿督斯里阿米尔韩查指出，在过渡至该模式前必须进行详细研究，因为各地区的柴油使用模式存在差异，尤其是在沙巴和砂拉越。

他提到，BUDI 95计划下使用大马卡的操作更为规范，有助于降低纰漏风险，且在不大幅改变消费者购买习惯的前提下实现节约。

他向《每日新闻》表示，政府在城乡地区成功分发慈悯基本援助金（SARA）的经验表明，基于大马卡的柴油配送机制并非不可行。

然而，他也坦言，沙巴和砂拉越的柴油用途不仅限于车辆，还广泛用于农村及长屋发电；加上部分地区缺乏传统加油站，需依靠其他方式输送，因此必须确保供应不中断。

“我们需要时间来确保没有任何尚未理解的因素成为绊脚石。”

他补充，这是财政部与国内贸易及生活成本部目前正共同研究的重点课题。

针对性柴油补贴方案是在2024年6月率先推行，随后于去年10月通过BUDI 95计划扩展至RON95汽油。

阿米尔韩查解释，由于RON95用户群体庞大（涉及近1700万大马人），落实过程更为耗时，但这也为政府提供了学习与改进的空间。

他强调，尽管BUDI 95推行初期曾引发加油站拥堵等担忧，但目前系统已趋于稳定并被广泛接受。

“政府的首要任务是确保人民不承受额外负担、采购流程顺畅，并同时达成节约与减少纰漏的目标。”

点击story（Swipe Up）看更多

#南洋商报 #nanyangsiangpau #柴油 #补贴 #diesel #BUDI95

Disclaimer: The caption may have been automatically translated by Instagram. In the event of any discrepancies, the original Chinese version shall prevail. We are not responsible for any inaccuracies resulting from the auto-translation.",https://www.instagram.com/p/DW3bluGEorb/,,,neutral,2026-04-08 09:44:40+00:00,29,0,0,0,0.5,29,29.0,,,neutral,0.8289041519165039,english,Mixed/Urban,anger,0.4055425822734833,0.15746363997459412,0.11707495898008347,0.0646018385887146,0.13078826665878296,0.029474208131432533
instagram,post,3870654037138502491,"Dakwaan mengenai permohonan umum untuk tambahan had subsidi BUDI MADANI RON95 (BUDI95) adalah tidak benar dan tidak berasas.

Menurut Kementerian Kewangan (MOF), fungsi tersebut diwujudkan pada awal pelaksanaan bukan untuk permohonan tambahan bagi keperluan peribadi, sebaliknya hanya untuk kes tertentu dengan keperluan operasi yang jelas.

Dapatkan fakta sebenar, elakkan salah tafsir ✔️

#MediaSelangor #BUDI95 #SubsidiRON95",https://www.instagram.com/p/DW3U1bUEnNb/,,,positive,2026-04-08 08:45:39+00:00,36,0,0,0,0.8766870856285095,36,36.0,,,positive,0.5889569520950317,malay,Malay/Bumiputera,anger,0.37465858459472656,0.07398471236228943,0.05778001993894577,0.04264552518725395,0.142532080411911,0.052720289677381516
instagram,post,3870594095223776679,"Tiada sekatan dikenakan ke atas rakyat negara ini yang menggunakan MyKad bagi menikmati subsidi di bawah inisiatif BUDI95 selagi dilakukan mengikut peraturan dan undang-undang yang berkuat kuasa.

Menurut kenyataan itu, dalam konteks kes yang dilaporkan, siasatan tertumpu kepada dakwaan penyalahgunaan empat keping MyKad oleh seorang individu di Kelantan.

Ujarnya, kenyataan Ketua Pengarah Pendaftaran Negara bukan bertujuan menyekat mana-mana pihak daripada menikmati subsidi yang disediakan kerajaan.

JPN menggesa semua pihak agar merujuk kepada sumber rasmi dan memahami konteks sebenar sesuatu isu sebelum membuat sebarang tafsiran agar perbincangan awam dapat berlangsung secara lebih berhemah dan berfakta.

#MCNSarawak
#BUDI95
#JPN
#MADANIBekerja",https://www.instagram.com/p/DW3HNKDiaWn/,,,negative,2026-04-08 06:46:57+00:00,13,0,3,0,0.013057243824005138,16,22.0,,,negative,0.9564758539199829,malay,Malay/Bumiputera,anger,0.5787670016288757,0.043285906314849854,0.08187000453472137,0.027655689045786858,0.07673576474189758,0.03024599514901638
instagram,post,3870549383834719565,"Tips survival di stesen minyak tahun 2026:

1. Pastikan anda penerima BUDI95. ✅

2. Berdoa kuota 200 liter tu cukup sampai hujung bulan (dulu 300L bolehlah senyum lagi). 📉

3. Pakai mask kat mata macam dalam gambar ni. 🙈

Diorang kat Timur Tengah sana sibuk lancar dron, kita kat sini sibuk 'lancar' doa supaya lampu minyak tak berkelip sebelum gaji masuk. Harga minyak punya laju, kalah jet pejuang F-35! Redha jelah... 🛩️💸

#Budi95 #MalaysiaMadani #MinyakWarMode #USvsIran #Realiti2026",https://www.instagram.com/p/DW29ChVE1VN/,,,negative,2026-04-08 05:17:43+00:00,2,0,0,0,0.0004850149154663197,2,2.0,,,negative,0.9983832836151123,malay,Malay/Bumiputera,no_clear_emotion,0.1150682270526886,0.10914203524589539,0.029013721272349358,0.050834473222494125,0.2534029185771942,0.1215776577591896
instagram,post,3870525776789087319,"Petrol prices up again? 📉 Beat the pump with the incredible HAVAL H6 HEV!

At just 𝐑𝐌 𝟎.𝟏𝟏 𝐩𝐞𝐫 𝐤𝐢𝐥𝐨𝐦𝐞𝐭𝐞𝐫, you can drive 𝟑,𝟒𝟒𝟖 𝐊𝐌 𝐨𝐧 𝐚 𝐬𝐢𝐧𝐠𝐥𝐞 𝐭𝐚𝐧𝐤. Stop stressing and start saving today!

#HavalH6HEV #GWM #SungaiPetani #HargaMinyak #HavalH6 #JimatMinyak #RON95 #HybridSUV #Kedah #GWMSungaiPetani #SaveMoney #FuelEfficiency #H6HEV #Budi95",https://www.instagram.com/p/DW23q_jgaRX/,,,positive,2026-04-08 04:30:50+00:00,1,0,0,0,0.9355737864971161,1,1.0,,,positive,0.785245954990387,english,Mixed/Urban,happy,0.03699836879968643,0.04189083352684975,0.4491007328033447,0.025237902998924255,0.2930179238319397,0.04531565681099892
instagram,post,3870493091123239655,"The additional application function on the BUDI95 portal has been disabled.

Full article in bio @lowyatnet 

#BUDI95",https://www.instagram.com/p/DW2wPWqARrn/,,,negative,2026-04-08 03:25:54+00:00,13,0,0,0,0.11464678645133972,13,13.0,,,negative,0.6178440451622009,english,Mixed/Urban,anger,0.4890635013580322,0.19299422204494476,0.02987564355134964,0.06065094843506813,0.028729194775223732,0.08485116809606552
instagram,post,3870489739346407018,"DAKWAAN PERMOHONAN TAMBAHAN BUDI95 TIDAK BENAR, HAD 200 LITER KEKAL

Kementerian Kewangan (MOF) menegaskan, dakwaan mengenai permohonan umum bagi tambahan had subsidi BUDI MADANI RON95 (BUDI95) adalah tidak benar dan tidak berasas.

Menurut MOF, walaupun fungsi itu diwujudkan pada awal pelaksanaan BUDI95, ia bukan bertujuan untuk permohonan tambahan atas keperluan peribadi sebaliknya bagi kes tertentu dengan keperluan operasi yang jelas dan disahkan, seperti pemandu e-hailing dan pemilik bot, tertakluk kepada kriteria ditetapkan.

Langkah sementara pengehadan BUDI95 sebanyak 200 liter dibuat berikutan tekanan pasaran tenaga global yang berterusan akibat konflik Asia Barat, yang sekali gus memberi impak peningkatan kos subsidi yang memerlukan penyesuaian sewajarnya.

#MyCommunityNews
#MCN
#MalaysiaMADANI
#MOF
#BUDI95",https://www.instagram.com/p/DW2velEiW5q/,,,negative,2026-04-08 03:19:15+00:00,41,0,4,0,0.00048099160194398083,45,53.0,,,negative,0.9983966946601868,malay,Malay/Bumiputera,fear,0.17740756273269653,0.2830423414707184,0.05897626653313637,0.06707659363746643,0.06293098628520966,0.12300331890583038
instagram,post,3870460873903032788,"BUDI95: Dakwaan permohonan tambahan tidak benar, had 200 liter kekal - MOF

விரிவான செய்திக்கு இந்த இணைப்பை கிளிக் செய்யவும்:
https://mediaselangor.com/ta/2026/04/351058

#mediaselangortamil #MediaSelangor #BUDI95 #Dakwaan #permohonan #tambahan #tidak #benar #had #200 #liter #kekal #MOF",https://www.instagram.com/p/DW2o6iCCcnU/,,,negative,2026-04-08 02:21:52+00:00,0,0,0,0,0.08263838589191436,0,0.0,,,negative,0.7245387136936188,multilingual,Unknown,fear,0.11675314605236053,0.3838670253753662,0.04605596140027046,0.06410098075866699,0.06618237495422363,0.18072502315044403
instagram,post,3870442297801372893,"Kerajaan Nafi Buka Permohonan Tambahan Had Subsidi RON95 BUDI95
Kementerian Kewangan (MoF) menafikan telah membuka permohonan tambahan had subsidi Budi Madani RON95 (BUDI95). Kuota 200 liter sebulan kekal berkuat kuasa bagi memastikan subsidi disasarkan kepada majoriti rakyat dan bekalan kekal stabil.
Fungsi permohonan tambahan dalam portal BUDI95 sebelum ini hanya dibuka untuk kes tertentu seperti pemandu e-panggilan dan pemilik bot — bukan untuk kegunaan peribadi. Namun ia telah disalah tafsir, menyebabkan butang permohonan tersebut dinyahfungsikan.
MoF turut menjelaskan bahawa had 200 liter ini hanyalah langkah sementara berikutan tekanan pasaran tenaga global yang meningkatkan kos subsidi negara.
📊 Fakta Penting:
- 90% pengguna BUDI95 tidak terjejas dengan had 200 liter
- Harga bersubsidi: RM1.99/liter
- Pengguna boleh jimat sehingga RM398 sebulan
- Kerajaan menanggung sekitar RM500 subsidi bagi setiap penerima
Kerajaan akan terus memantau pasaran tenaga global dan bersedia membuat penyesuaian sewajarnya demi melindungi rakyat.
#BUDI95 #RON95 #SubsidiSasaran #KementerianKewangan #MoF #BudiMadani #SubsidiRON95 #Malaysia #BeritaSemasa #PeritaKewangan
#MasamViralMemes
#今日酸你一下",https://www.instagram.com/p/DW2ksNsGPTd/,,,negative,2026-04-08 01:44:58+00:00,0,0,1,0,0.006236350536346413,1,3.0,,,negative,0.9792121648788452,malay,Malay/Bumiputera,anger,0.2629900574684143,0.17785584926605225,0.0612572506070137,0.07380284368991852,0.15738417208194733,0.044929713010787964
instagram,post,3870421014333865927,"MYHARIAN MEMETIK SUMBER BERITA SINAR HARIAN. 

PUTRAJAYA - Dakwaan mengenai permohonan umum bagi tambahan had subsidi Budi Madani RON95 (BUDI95) adalah sama sekali tidak benar dan tidak berasas, menurut Kementerian Kewangan (MOF).

Dalam kenyataan pada Selasa, MOF memaklumkan meskipun fungsi itu diwujudkan pada awal pelaksanaan BUDI95, ia bukan bertujuan untuk permohonan tambahan atas keperluan peribadi.

ARTIKEL PENUH DI PORTAL BERITA SINAR HARIAN.     

#MYHARIAN #BudiMadani #SubsidiRON95 #BUDI95 #KementerianKewangan Putrajaya BeritaMalaysia IsuSubsidi FaktaSebenar",https://www.instagram.com/p/DW2f2f6k7_H/,,,positive,2026-04-08 01:02:43+00:00,2,0,1,0,0.9796529948711394,3,5.0,,,positive,0.9321766495704651,malay,Malay/Bumiputera,no_clear_emotion,0.15590965747833252,0.16651171445846558,0.05657447502017021,0.06881636381149292,0.09524095058441162,0.19030871987342834
instagram,post,3870394981605929637,"Semalam ramai yang kongsi maklumat bahawa boleh untuk memohon menambah kuota Budi95 daripada 200 liter kepada 300 liter berdasarkan sejarah penggunaan terdahulu.

Sedangkan tiada maklumat rasmi diberikan tentang perkara tersebut.

Pelik juga bagaimana ada yang kongsi perkara tersebut walaupun tak sahih.

Budi95 kekal 200 liter, dan permohonan tambahan tersebut hanya untuk pemandu e-hailing dan pemilik bot sahaja.

#PastikanSahih 
#Budi95",https://www.instagram.com/p/DW2Z7rDE3Kl/,,,neutral,2026-04-08 00:10:57+00:00,2,0,0,0,0.5,2,2.0,,,neutral,0.9560689330101013,malay,Malay/Bumiputera,no_clear_emotion,0.07393565773963928,0.18453076481819153,0.04090089350938797,0.0710316002368927,0.192051500082016,0.20467287302017212
instagram,post,3870130742970426239,"Dakwaan mengenai permohonan umum bagi tambahan had subsidi BUDI MADANI RON95 (BUDI95) adalah sama sekali tidak benar dan tidak berasas, menurut Kementerian Kewangan (MOF).

Dalam kenyataan hari ini, MOF memaklumkan meskipun fungsi itu diwujudkan pada awal pelaksanaan BUDI95, ia bukan bertujuan untuk permohonan tambahan atas keperluan peribadi.

“Ia sebaliknya bagi kes tertentu dengan keperluan operasi yang jelas dan disahkan seperti pemandu e-hailing dan pemilik bot, tertakluk kepada kriteria yang ditetapkan.

“Fungsi permohonan tambahan dalam portal BUDI95 telah disalah tafsir sebagai ruang untuk memohon peningkatan had kelayakan secara bebas. Susulan itu, butang permohonan ini telah dinyahfungsikan,” menurut kenyataan itu.

Sumber: BERNAMA

#MediaSelangor #BUDI95",https://www.instagram.com/p/DW1d2fpEiN_/,,,negative,2026-04-07 15:25:58+00:00,19,0,0,0,0.0037876009941101296,19,19.0,,,negative,0.9873746633529663,malay,Malay/Bumiputera,no_clear_emotion,0.1811324805021286,0.12100658565759659,0.04289114847779274,0.07289815694093704,0.09804344922304153,0.12941206991672516
instagram,post,3870099705490337089,"Dakwaan mengenai permohonan umum bagi tambahan had subsidi BUDI MADANI RON95 (BUDI95) adalah sama sekali tidak benar dan tidak berasas, menurut Kementerian Kewangan (MOF). 

Dalam kenyataan hari ini, MOF memaklumkan meskipun fungsi itu diwujudkan pada awal pelaksanaan BUDI95, ia bukan bertujuan untuk permohonan tambahan atas keperluan peribadi.

“Ia sebaliknya bagi kes tertentu dengan keperluan operasi yang jelas dan disahkan seperti pemandu e-hailing dan pemilik bot, tertakluk kepada kriteria yang ditetapkan.

“Fungsi permohonan tambahan dalam portal BUDI95 telah disalah tafsir sebagai ruang untuk memohon peningkatan had kelayakan secara bebas. Susulan itu, butang permohonan ini telah dinyahfungsikan,” menurut kenyataan itu.

#BernamaNews 
#BUDI95 
#KrisisTenagaGlobal
#KonflikAsiaBarat 
@mof_malaysia 

Klik pautan di IG story atau layari Bernama.com untuk berita penuh.",https://www.instagram.com/p/DW1Wy1vGG1B/,,,negative,2026-04-07 14:24:18+00:00,82,0,5,0,0.00441244840621946,87,97.0,,,negative,0.9852918386459351,malay,Malay/Bumiputera,no_clear_emotion,0.16116385161876678,0.12124242633581161,0.04120901599526405,0.07464342564344406,0.10044029355049133,0.14174975454807281
instagram,post,3870578274577513723,"As Malaysians adjust to the reduced fuel subsidy quota, authorities clarify that no public applications for increases are allowed.

👉🏻Link in bio for article

#myc #mycnews #mycfreshfaces #social #BUDI95 #MoF

#Malaysia #news #confusion #increaseapplication #quota #RON95 #travel",https://www.instagram.com/p/DW3Dm77iXz7/,,,neutral,2026-04-08 06:15:08+00:00,3,0,0,0,0.5,3,3.0,,,neutral,0.8428716659545898,english,Mixed/Urban,anger,0.3423762917518616,0.309609979391098,0.045745741575956345,0.08209553360939026,0.06094251573085785,0.03413021191954613
instagram,post,3870448675206606202,"Finance Ministry denies claims of higher BUDI95 subsidy limit

#latest #vanakkammalaysia #FinanceMinistry #denies #claims #higher #BUDI95 #subsidy #limit #trendingnewsmalaysia​ #malaysiatamilnews​ #fyp​ #vmnews​ #foryoupage",https://www.instagram.com/p/DW2mJBHEi16/,,,neutral,2026-04-08 01:57:38+00:00,18,0,0,0,0.5,18,18.0,,,neutral,0.7066910862922668,english,Mixed/Urban,no_clear_emotion,0.04823748767375946,0.0284415315836668,0.14301684498786926,0.03253249078989029,0.2532646059989929,0.04014413431286812
instagram,post,3869997228635219185,"计划在 2026 年开始电召车服务？或者您正在寻找一辆新车来升级您现有的服务？有了全新的 BUDI95 燃油补贴等级，您的选车将决定您是能以每升 RM1.99 的梦想油耗轻松出行，还是只能承受每升 RM3.87 的噩梦油耗。

我们已经计算出了四款真正能帮您省钱的“省油利器”的“里程数”。因为如果您的车油耗高，即使 800 升的燃油补贴也无济于事。而这四款车可以让您在严格遵守燃油补贴政策的前提下，行驶超过 15,000 公里。

马上查看下方链接！
https://www.carz.com.my/zh/2026/04/stop-bleeding-profit-top-4-fuel-efficient-e-hailing-cars-for-2026

#fuelefficient #ehailing #budi95",https://www.instagram.com/p/DW0_fmujGTx/,,,neutral,2026-04-07 11:00:42+00:00,0,0,0,0,0.5,0,0.0,,,neutral,0.8538525700569153,english,Mixed/Urban,happy,0.06452848017215729,0.19382338225841522,0.43350425362586975,0.03639930486679077,0.15921959280967712,0.04245739430189133
instagram,post,3869883477861313337,"Pasal kes guna IC ahli keluarga beli minyak. Kalau saya simple saja, kalau guna IC orang lain selain diri sendiri adalah satu kesalahan, maka SALAH lah tu. Jangan normalisasikan yang SALAH walaupun family. Sama juga, guna IC family untuk buka akaun bank pun tidak boleh kan? 
Point saya ialah IC ialah dokumen peribadi, jangan salahguna. Itu saja. 

Di Sabah ni, kita semua cousin pula kan.. habis nanti kuota minyak ko kalau sa pakai ic ko isi minyak 😬. Jangan marah-marah. Kita perlu rational. Itu ja. 

#MyKad #IC #BUDI95",https://www.instagram.com/p/DW0loUEE6s5/,,,negative,2026-04-07 07:14:42+00:00,0,0,0,0,0.000490039587020874,0,0.0,,,negative,0.9983665347099304,malay,Malay/Bumiputera,love,0.1462058573961258,0.01884387619793415,0.04626798257231712,0.04307013005018234,0.5042480826377869,0.025434816256165504
instagram,post,3869800721902699844,"#ICYMI Tiada sekatan dikenakan ke atas rakyat negara ini yang menggunakan MyKad bagi menikmati subsidi di bawah inisiatif BUDI95 selagi dilakukan mengikut peraturan dan undang-undang yang berkuat kuasa.

Anda boleh baca berita penuh di portal Sinar Harian di www.sinarharian.com.my atau swipe up di IG story serta jangan lupa follow IG @sinarharian untuk berita terkini dalam dan luar negara.

#SinarHarian #SinarTerkini #budi95 #ron95 #myKad",https://www.instagram.com/p/DW0S0Dkj4VE/,,,neutral,2026-04-07 04:30:17+00:00,214,0,9,0,0.5,223,241.0,,,neutral,0.5665001273155212,malay,Malay/Bumiputera,no_clear_emotion,0.07475640624761581,0.03457996994256973,0.055416401475667953,0.04082581400871277,0.15961167216300964,0.0679996907711029
instagram,post,3869794451444472671,"Ingat nak tolong 'sharing' tapi sekali kena angkut, terus pening. 😭 Niat dah baik dah, tapi cara tu salah. Jangan sebab nak jimat sikit, satu keluarga tanggung malu sampai masuk surat khabar. 

Sayangi diri, sayangi keluarga. Biar susah sikit, jangan susah sebab lokap!

 #viral #budi95",https://www.instagram.com/p/DW0RYzwIBtf/,,,negative,2026-04-07 04:17:50+00:00,0,0,0,0,0.0005025565624237061,0,0.0,,,negative,0.9983248114585876,malay,Malay/Bumiputera,love,0.10617619007825851,0.06537169963121414,0.03460302576422691,0.17081581056118011,0.5238105654716492,0.0470564141869545
instagram,post,3869768038652818055,"JPN reminds Malaysians that only the rightful MyKad holder can purchase subsidised fuel.

👉🏻Link in bio for article

#myc #mycnews #mycfreshfaces #money #JPN #BUDI95

#Malaysia #news #family #illegal #mykad #petrol #policy #RON95",https://www.instagram.com/p/DW0LYc7D7KH/,,,neutral,2026-04-07 03:25:20+00:00,4,0,0,0,0.5,4,4.0,,,neutral,0.587725043296814,english,Mixed/Urban,love,0.038123778998851776,0.015766192227602005,0.05781015753746033,0.02326139062643051,0.8010464310646057,0.01657557301223278
instagram,post,3869711495064702479,"MYHARIAN MEMETIK SUMBER BERITA SINAR HARIAN. 

SHAH ALAM- Tiada sekatan dikenakan ke atas rakyat negara ini yang menggunakan MyKad bagi menikmati subsidi di bawah inisiatif BUDI95 selagi dilakukan mengikut peraturan dan undang-undang yang berkuat kuasa.

Jabatan Pendaftaran Negara (JPN) dalam kenyataannya berkata, inisiatif tersebut merupakan usaha Kerajaan Madani untuk memastikan pemberian subsidi yang lebih bersasar, telus dan berkesan demi kesejahteraan rakyat.

ARTIKEL PENUH DI PORTAL BERITA SINAR HARIAN.     

#BUDI95 #MyKad #JPN #SubsidiBersasar #KerajaanMadani BeritaSemasa Malaysia MYHARIAN SinarHarian ShahAlam",https://www.instagram.com/p/DWz-homk84P/,,,positive,2026-04-07 01:33:02+00:00,0,0,0,0,0.9993635654449462,0,0.0,,,positive,0.9978785514831543,malay,Malay/Bumiputera,no_clear_emotion,0.13558074831962585,0.0754980742931366,0.12369661778211594,0.06808966398239136,0.2228718250989914,0.05324389040470123
instagram,post,3869676450740752131,"Ni apa ni abih klo dah laki bini.. anak beranak.. pergi jalan satu keluarga, tak kan tak boleh.

Banyak cekadakk pulak.

#BUDI95 #madani",https://www.instagram.com/p/DWz2jrCGM8D/,,,negative,2026-04-07 00:23:22+00:00,0,0,0,0,0.00048088431358339623,0,0.0,,,negative,0.9983970522880554,malay,Malay/Bumiputera,love,0.18545065820217133,0.10126444697380066,0.02421942539513111,0.08983854949474335,0.4960031807422638,0.03419656679034233
instagram,post,3869664773948804168,"BUDI95 | Tiada sekatan untuk rakyat menggunakan kad pengenalan bagi memanfaatkan subsidi di bawah inisiatif BUDI95, selagi dibuat mengikut peraturan dan undang-undang yang berkuat kuasa.

#BuletinTV3 #BUDI95 #Subsidi #Peraturan #TiadaSekatan",https://www.instagram.com/p/DWzz5wLD4xI/,,,neutral,2026-04-07 00:00:18+00:00,536,0,8,0,0.5,544,560.0,,,neutral,0.8898067474365234,malay,Malay/Bumiputera,no_clear_emotion,0.1918414980173111,0.07017175108194351,0.10475838929414749,0.06727230548858643,0.1871778964996338,0.06471432745456696
instagram,post,3869642790443928349,"Sebuah kapal tangki minyak yang disewa oleh Petronas dilaporkan berjaya melalui Selat Hormuz, laluan perdagangan utama dunia yang kini berada dalam keadaan tegang susulan konflik melibatkan Iran, Amerika Syarikat dan Israel.

Kapal dikenali sebagai Ocean Thunder itu membawa sekitar satu juta tong minyak mentah Basrah Heavy dari Iraq dan sedang menuju ke Pengerang, Johor. Ia dijangka tiba dan memunggah muatan pada pertengahan bulan ini.

Pergerakan kapal berkenaan berlaku hanya sehari selepas Iran mengumumkan bahawa Iraq tidak tertakluk kepada sekatan laluan di Selat Hormuz. Perkembangan itu menunjukkan masih terdapat kelonggaran bagi penghantaran minyak tertentu walaupun situasi serantau semakin meruncing.

Maklumat daripada data industri turut mendedahkan bahawa kapal tersebut adalah antara tujuh kapal berkaitan syarikat Malaysia yang dibenarkan untuk melalui laluan strategik itu, termasuk yang melibatkan entiti di bawah Petronas.

Dalam perkembangan berkaitan, Iran dilaporkan telah mengambil langkah menyekat penggunaan Selat Hormuz secara berkesan sebagai tindak balas terhadap serangan udara oleh Amerika Syarikat dan Israel sejak penghujung Februari lalu.

Selat Hormuz yang menjadi laluan kira-kira 20 peratus bekalan minyak dan gas asli cecair dunia terus memainkan peranan penting dalam kestabilan tenaga global. Sebarang gangguan berpanjangan di kawasan ini berpotensi menyebabkan lonjakan harga minyak serta memberi kesan kepada inflasi di peringkat antarabangsa.
#sumber #streetofhormuz #BUDI95 #MalaysiaMadani",https://www.instagram.com/p/DWzu52cD8sd/,,,negative,2026-04-06 23:16:30+00:00,0,0,0,0,0.0006298542022705189,0,0.0,,,negative,0.9979004859924316,malay,Malay/Bumiputera,anger,0.5585921406745911,0.07537715137004852,0.10074221342802048,0.03627388924360275,0.06709615886211395,0.02648368664085865
instagram,post,3869401595004272273,"Tiada sekatan untuk rakyat menggunakan MyKad bagi menikmati subsidi di bawah inisiatif Program Budi MADANI RON95 (BUDI95), selagi mematuhi peraturan dan undang-undang yang berkuat kuasa, menurut Jabatan Pendaftaran Negara (JPN).

JPN dalam kenyataan hari ini memaklumkan, pihaknya bertanggungjawab memastikan MyKad sebagai dokumen pengenalan rasmi negara sentiasa terpelihara, selamat dan tidak disalahgunakan.

Berita penuh klik IG story atau layari Bernama.com

#BernamaNews #subsidipetrol #RON95 #BUDI95 #MyKad",https://www.instagram.com/p/DWy4D_rjz6R/,,,positive,2026-04-06 15:17:40+00:00,126,0,0,0,0.9945761978626251,126,126.0,,,positive,0.9819206595420837,malay,Malay/Bumiputera,no_clear_emotion,0.23917721211910248,0.07202137261629105,0.1241186186671257,0.05608683452010155,0.1814567595720291,0.06106013059616089
instagram,post,3869356330712132620,"Orang ramai diseru agar menggunakan MyKad masing-masing dengan penuh tanggungjawab dan tidak menyerahkannya kepada pihak lain bagi sebarang urusan, termasuk berkaitan pembelian bahan api - @jpnhqofficial.

#MalaysiaMADANI 
#RancakkanMADANI 
#KDN
#JPN
#BUDI95

https://harapanmadani.com/budi95-tiada-sekatan-buat-rakyat-beli-petrol-subsidi-selagi-ikut-undang-undang-jpn/",https://www.instagram.com/p/DWytxUBgWwM/,,,positive,2026-04-06 13:47:20+00:00,0,0,0,0,0.9463082194328307,0,0.0,,,positive,0.821027398109436,malay,Malay/Bumiputera,anger,0.5216214656829834,0.06233455613255501,0.07783840596675873,0.03320546820759773,0.1123635545372963,0.03528198227286339
instagram,post,3869355713109231539,,https://www.instagram.com/p/DWytoU1gQez/,,,neutral,2026-04-06 13:47:19+00:00,0,0,0,0,0.5,0,0.0,,,neutral,0.0,unknown,Unknown,neutral,0.0,0.0,0.0,0.0,0.0,0.0
instagram,post,3869354818255311276,"Jangan Lupa Cakap “ Terima Kasih, Kerajaan Madani”. #BUDI95 #MADANI Ingat , jangan pakai myKad orang 🤭",https://www.instagram.com/p/DWytbTcDdGs/,,,negative,2026-04-06 13:44:21+00:00,1,0,0,0,0.13396280854940415,1,1.0,,,negative,0.5534573048353195,multilingual,Unknown,love,0.14564161002635956,0.022269921377301216,0.040880702435970306,0.027610288932919502,0.6232735514640808,0.018320301547646523
instagram,post,3869325467640409133,"Menggunakan MyKad ahli keluarga untuk membeli petrol bersubsidi (RON95) adalah haram dan menyalahi undang-undang, walaupun dengan kebenaran mereka. Tindakan ini melanggar Peraturan 25, Peraturan-Peraturan Pendaftaran Negara 1990, yang membawa denda sehingga RM20,000, penjara sehingga 3 tahun, atau kedua-duanya sekali. 
#sumber #BUDI95 #HargaMinyakTerkini #MalaysiaMadani",https://www.instagram.com/p/DWymwMjFCwt/,,,negative,2026-04-06 12:46:01+00:00,0,0,0,0,0.005774438381195068,0,0.0,,,negative,0.9807518720626831,malay,Malay/Bumiputera,anger,0.34213149547576904,0.03976370021700859,0.06502984464168549,0.040072835981845856,0.2188873440027237,0.04304298758506775
instagram,post,3869301851644856042,"国民登记局（JPN）提醒所有 Budi95 用户：所有交易必须由身份证（MyKad）本人亲自操作。将您的卡交给他人代为“加油”是违法行为。

马术查看下方链接！👇
https://www.carz.com.my/zh/2026/04/is-it-illegal-to-borrow-your-parents-mykad-for-subsidised-petrol-heres-what-the-law-says

#BUDI95 #RON95 #BUDIMadani",https://www.instagram.com/p/DWyhYicDYbq/,,,neutral,2026-04-06 11:59:07+00:00,1,0,0,0,0.5,1,1.0,,,neutral,0.8670433759689331,english,Mixed/Urban,love,0.0886785089969635,0.03261324763298035,0.0674486979842186,0.03673451393842697,0.530909538269043,0.03559029474854469
instagram,post,3869257138334195764,"Global geopolitical instability is worsening, increasing business risks from supply chain disruptions to financial instability. The recent blockage of the Strait of Hormuz pushed global oil prices up by approximately 47% (from USD $82.80 to $106 per barrel), creating immediate fiscal pressure on the Malaysian government.

In response, the government kept the RON95 subsidised price unchanged but reduced the monthly subsidised quota from 300 to 200 litres. This follows the fuel subsidy bill jumping from RM7 billion to nearly RM40 billion monthly. Official data shows nearly 90% of households consume less than 200 litres per month, so most citizens are unaffected. However, the sharp rise in diesel prices (approximately 77% to RM5.52 per litre) increases business operating costs, creating a domino effect across the economy and forcing the government to balance citizen welfare against business viability.

Although Malaysia earns revenue as an oil exporter, the central legal and fiscal question is whether these oil profits can sustain rising subsidy costs—reportedly ballooning from RM700 million to over RM3.5 billion monthly—while also reducing the government‘s financial burden on citizens and businesses.

#malaysianews #petrol #subsidy #budi95 #anwaribrahim",https://www.instagram.com/p/DWyXN37DeA0/,,,negative,2026-04-06 10:30:37+00:00,0,0,0,0,0.13639524579048157,0,0.0,,,negative,0.5453491806983948,english,Mixed/Urban,anger,0.6121848821640015,0.06479549407958984,0.14038072526454926,0.03836521506309509,0.05766173452138901,0.016107257455587387
instagram,post,3869236039416536568,"Sebab itu pentingnya kita membaca artikel penuh. Jangan buat kesimpulan berdasarkan tajuk sahaja.

Jika kita lihat gambar kedua, isi artikel tersebut mengatakan bahawa seorang individu telah menyalahgunakan kad pengenalan milik 4 individu yang lain untuk membeli 100 liter petrol.

Jadi, adakah dengan menggunakan 4 kad pengenalan serentak adalah bukan kesalahan?

Kejadian yang berlaku di Kelantan tersebut adalah salah satu sebab penguatkuasaan perlu lebih diperketatkan dalam membanteras penyalahgunaan subsidi milik rakyat.

Syabas PDRM Kelantan.

#Budi95",https://www.instagram.com/p/DWySa2Bj934/,,,positive,2026-04-06 09:48:21+00:00,2,0,0,0,0.9929557681083678,2,2.0,,,positive,0.9765192270278931,malay,Malay/Bumiputera,no_clear_emotion,0.16239763796329498,0.02931886911392212,0.046171076595783234,0.04513973742723465,0.16415785253047943,0.03642205148935318
instagram,post,3869196643660298813,"连家人也不可以借IC‼

国民登记局强调，使用他人的大马卡，包括家人的大马卡购买补贴燃油，属违法行为，“所有柜台交易，包括购买燃油，必须由大马卡持有人亲自进行。”

大马卡属官方身分证明文件，不得由他人持有、使用或冒用。有关禁令符合1990年国民登记条例第25条文的规定，即持有或使用他人大马卡属犯罪行为，可被采取法律行动。

#IC #大马卡 #BUDI95 #补贴燃油",https://www.instagram.com/p/DWyJdj3gXo9/,,,neutral,2026-04-06 08:30:05+00:00,11,0,1,0,0.5,12,14.0,,,neutral,0.8049574494361877,english,Mixed/Urban,no_clear_emotion,0.2321310043334961,0.02842099219560623,0.07787011563777924,0.047511059790849686,0.19602477550506592,0.04260746017098427
instagram,post,3869187354410517906,"JPN reminds all Budi95 users: All transactions must be done personally by the actual MyKad owner. Handing your card to someone else to ""pump for you"" is a big no-no under the law.

Check out the full article on our website. Link in bio. 

#BUDI95 #RON95 #BUDIMadani",https://www.instagram.com/p/DWyHWYlEoWS/,,,neutral,2026-04-06 08:11:38+00:00,4,0,1,0,0.5,5,7.0,,,neutral,0.5752217769622803,english,Mixed/Urban,love,0.10484500974416733,0.024941066280007362,0.07533828169107437,0.03735535964369774,0.41498276591300964,0.034644484519958496
instagram,post,3869181236045142628,"Dah guna BUDI95? 

Jangan lupa TNG Scan & Go jer! 

Shoot for @touchngoewallet 💙

#TNGeWallet #BUDI95 #BayarScanGo",https://www.instagram.com/p/DWyF9WaE9pk/,,,neutral,2026-04-06 07:59:28+00:00,288,0,5,0,0.5,293,303.0,,,neutral,0.5105769038200378,english,Mixed/Urban,love,0.0427568256855011,0.027239978313446045,0.023888858035206795,0.03801341354846954,0.7283735275268555,0.06024252995848656
instagram,post,3869155127651685218,"#国民登记局 总监拿督巴德鲁希山指出，购买补贴燃油⛽️必须由符合资格的 #大马卡 持有人亲自办理🪪

即使是家人也不允许🏠使用或持有他人身份证购买补贴燃油属违法行为，可被依法制裁。他强调，大马卡属官方身份证明文件，不得转借或由他人使用⚠️

#Eight无限 #MyKad #budi95
新闻来源：中国报 & 星洲日报",https://www.instagram.com/p/DWyABbEj1Ni/,,,neutral,2026-04-06 07:08:04+00:00,565,0,7,0,0.5,572,586.0,,,neutral,0.8207840919494629,english,Mixed/Urban,no_clear_emotion,0.31458672881126404,0.03497333079576492,0.07127179205417633,0.03737296164035797,0.11663021892309189,0.04426874965429306
instagram,post,3869155338507658159,"TERKINI🛑

""Termasuk ahli keluarga""

#BUDI95 
#KadPengenalan",https://www.instagram.com/p/DWyAEfcjiOv/,,,neutral,2026-04-06 07:08:01+00:00,0,0,0,0,0.5,0,0.0,,,neutral,0.9967505931854248,malay,Malay/Bumiputera,no_clear_emotion,0.032393522560596466,0.016184305772185326,0.0394933857023716,0.02164670079946518,0.13975127041339874,0.029464859515428543
instagram,post,3869074902477873772,"Planning to start e-hailing in 2026? Or maybe you're looking for a new ride to upgrade your current service? With the new BUDI95 tiers, your car choice is now the difference between a RM1.99/L dream and a RM3.87/L nightmare. 

We’ve crunched the 'Mileage Math' on the top 4 workhorses that actually keep profit in your pocket. Because if your car is thirsty, even an 800L quota won't save you, these are the cars that let you drive 15,000km+ while staying strictly on subsidized fuel.

Check out the full article on our website. Link in bio. 

#fuelefficient #ehailing #budi95",https://www.instagram.com/p/DWxtx_jkqJs/,,,neutral,2026-04-06 04:28:13+00:00,4,0,0,0,0.5,4,4.0,,,neutral,0.7504273653030396,english,Mixed/Urban,love,0.05029620602726936,0.054520852863788605,0.20904476940631866,0.024405470117926598,0.6046783924102783,0.022225936874747276
instagram,post,3868577890950799924,"Dah masuk 5 April, macam mana dengan bajet petrol anda? 🚗⛽️

Minggu pertama pelarasan subsidi BUDI 95 (had 200 liter) sudah bermula. Sekarang bukan lagi masa untuk ""tunggu dan lihat"", tapi masa untuk adjust & audit aliran tunai kita dengan realistik! 💸🛡️

⚠️ Realiti Check: Adakah Dompet Anda Terkesan?
Jika sebelum ini anda selesa dengan 300 liter, hari ini anda mungkin mula perasan baki kuota makin menyusut. Ingat, kenaikan kos pengangkutan ini biasanya akan memberi ""kesan domino"" kepada:
🛒 Harga Barangan Dapur – Kos logistik yang meningkat.
🍲 Makan Di Luar – Margin peniaga yang semakin mengecil.

🧠 Refleksi Kewangan:
1️⃣ Audit Penggunaan: Berapa liter yang sudah anda gunakan dalam masa 5 hari ini? Adakah anda akan ""over-budget"" sebelum hujung bulan? 📉
2️⃣ Potong Yang Tak Perlu: Kalau kos minyak naik RM150-RM200 sebulan, di mana perbelanjaan kehendak yang boleh kita kurangkan untuk cover baki tersebut? ☕️🛍️
3️⃣ Emergency Buffer: Dengan ketidaktentuan geopolitik di Asia Barat, adakah dana kecemasan anda cukup kukuh jika harga barangan naik lagi? 🌍⚠️

Jangan biarkan pelarasan ini mengganggu impian kewangan jangka panjang anda. Bertindak sekarang sebelum aliran tunai menjadi negatif! 🛑

Rancang strategi kewangan anda secara holistik bersama saya. 🤝

Berminat untuk saya bantu buat ""Budget Post-Subsidy"" yang lebih tersusun untuk bulan April ini? Klik link di bio atau komen ""STRATEGI"" di bawah! 👇✨

#BUDI95 #April2026 #KewanganHolistik #BijakWang #CashflowMalaysia #FinancialPlanner #BajetPetrol",https://www.instagram.com/p/DWv8xhgDWI0/,,,negative,2026-04-05 12:00:43+00:00,3,0,0,0,0.0008555352687835693,3,3.0,,,negative,0.9971482157707214,malay,Malay/Bumiputera,anger,0.3772207796573639,0.1427212357521057,0.08508691936731339,0.08343876898288727,0.1488054394721985,0.026900533586740494
instagram,post,3868487146948901572,"Nasib baik lori dia jenis enjin petrol boleh isi RON95 guna BUDI95! 

#KrisisAsiaBarat #KrisisTenaga #IndustriLogistik #RantaianBekalan #HargaMinyak #SubsidiRakyat #RON95 #MinyakSubsidi #BUDI95",https://www.instagram.com/p/DWvoJBkDbrE/,,,neutral,2026-04-05 09:00:26+00:00,1,0,0,0,0.5,1,1.0,,,neutral,0.42435649037361145,malay,Malay/Bumiputera,no_clear_emotion,0.09181930124759674,0.06836759299039841,0.14745961129665375,0.048747431486845016,0.2506360709667206,0.06380990147590637
instagram,post,3869669301566112510,"Kecoh isu penggunaan kad pengemdalam org lain untuk isi minyak. Sila baca berita penuh jangan hanya reti baca tajuk je. mejoriti rakyat malaysia hanya baca tajuk x reti nk baca berita penuh lps tu viral kan 

 “Sebab itu pentingnya kita membaca artikel penuh. Jangan buat kesimpulan berdasarkan tajuk sahaja. Jika kita lihat gambar kedua, isi artikel tersebut mengatakan bahawa seorang individu telah menyalahgunakan kad pengenalan milik 4 individu yang lain untuk membeli 100 liter petrol. Jadi, adakah dengan menggunakan 4 kad pengenalan serentak adalah bukan kesalahan? Kejadian yang berlaku di Kelantan tersebut adalah salah satu sebab penguatkuasaan perlu lebih diperketatkan dalam membanteras penyalahgunaan subsidi milik rakyat. Syabas PDRM Kelantan. #Budi95

Penyalahgunaan kad pengenalan (MyKad) untuk pembelian petrol bersubsidi, seperti kes di Kelantan di mana satu individu menggunakan 4 MyKad berbeza untuk 100 liter petrol, merupakan kesalahan serius. Tindakan ini memanipulasi kuota subsidi dan menegaskan keperluan penguatkuasaan yang lebih ketat oleh pihak berkuasa seperti PDRM untuk melindungi hak rakyat. 
Penting untuk Diingat:
Ketelitian Kandungan: Tajuk berita sering kali tidak menggambarkan keseluruhan cerita. Membaca artikel penuh amat penting untuk memahami konteks sebenar.
Kesalahan Undang-undang: Menggunakan MyKad orang lain, walaupun ahli keluarga, untuk tujuan pembelian subsidi secara serentak atau berlebihan adalah salah di sisi undang-undang dan boleh dianggap penyalahgunaan.
Tujuan Penguatkuasaan: Kes sebegini menonjolkan kepentingan kawalan ketat bagi memastikan subsidi disasarkan kepada mereka yang berhak. “",https://www.instagram.com/p/DWz07o2FQL-/,,,negative,2026-04-07 00:09:10+00:00,0,0,0,0,0.0004818141460418701,0,0.0,,,negative,0.9983939528465271,malay,Malay/Bumiputera,no_clear_emotion,0.22704504430294037,0.03732138127088547,0.05852204188704491,0.051262155175209045,0.21324045956134796,0.04229457676410675
instagram,post,3867907652949669114,"🇲🇾 大马人必看4月最新消息⚠️
⚠️ 这2个网站一定要关注！
.
网站 1: 免费领取本地美食

https://redhottreats.com/?category=food-beverages (Link in Bio)
油贵没关系，至少吃可以FREE先😆
.
网站 2: 🔎 查你还有多少油
https://www.budi95.gov.my/landing
.
.
.
Budi 95 汽油补贴全新调整📢！
从4月1日起，每月补贴额度从300L下调至200L，不过油价仍维持在 RM1.99/L⛽️。简单来说就是“减量不涨价”，但油会更快用完⚠️。

政府表示约90%民众每月用油量不超过200L，因此整体影响不大，不过如果你是长途通勤或电召车司机等高用油群体，仍享有更高配额（最高可达800L）。

💬 这波的调整你有感吗？你都会打超过200L吗？
.
.
.
► 属于你的城市美食导航官网已上线：
https://redhottreats.com/?category=food-beverages (Link In Bio)
► 关注FB & IG获取更多本地美食内容：
Facebook：https://www.facebook.com/redhottreats 
Instagram：https://www.instagram.com/redhot.treats/

#budi95津贴 #RON95 #BUDI95 #油价没涨 #但配额减少 #生活成本 #redhottreats #redhottreatsfoodie #本地美食 #klfoodie",https://www.instagram.com/p/DWtkYRuFHT6/,,,neutral,2026-04-04 13:49:09+00:00,12,0,0,0,0.5,12,12.0,,,neutral,0.8653876185417175,english,Mixed/Urban,love,0.04326329007744789,0.04589866101741791,0.053164590150117874,0.08737721294164658,0.41165634989738464,0.10189788788557053
instagram,post,3867843026635029074,"Pemegang Lesen memandu Singapura layak memohon BUDI95 mulai esok - Anthony Loke

Tapi warganegara sahaja. 

Sepatutnya suruh jer warganegara yang ada lesen memandu Singapura itu amik lesen memandu Malaysia. Settle isu.

Apa beza warganegara Malaysia yang tiada lesen memandu Malaysia yang kerja di dalam Malaysia berbanding yang kerja di Singapura?
#MalaysiaMadani #BUDI95 #isuminyak #sorotan #sumber",https://www.instagram.com/p/DWtVr1xjXpS/,,,negative,2026-04-04 11:40:41+00:00,0,0,0,0,0.0011053740978240745,0,0.0,,,negative,0.9963154196739197,malay,Malay/Bumiputera,love,0.07515882700681686,0.030771270394325256,0.042186059057712555,0.042173776775598526,0.533449649810791,0.04282461479306221
instagram,post,3867837710581812753,"📢 Berita Baik Untuk Pengguna RON95!

Jangan lepaskan peluang manfaatkan BUDI95! Walaupun harga tenaga dunia tidak menentu, anda masih boleh mengisi minyak pada harga RM1.99/liter.

Ini bermakna anda jimat sehingga RM376 sebulan — satu jumlah yang besar untuk pengurusan aliran tunai keluarga! 👨‍👩‍👧‍👦

Pesanan BijakTx:
Gunakan kuota 200 liter sebulan ini dengan sebaiknya. Pastikan setiap ringgit penjimatan subsidi ini membantu anda mengurangkan beban kos sara hidup.

Sikit-sikit, lama-lama jadi bukit! ✨

#BijakTx #PengurusanKewangan #BUDI95 #JimatCermat #MalaysiaMadani #PetrolSubsidi",https://www.instagram.com/p/DWtUee0Fs4R/,,,positive,2026-04-04 11:30:07+00:00,0,0,0,0,0.9483281016349792,0,0.0,,,positive,0.8277603387832642,malay,Malay/Bumiputera,fear,0.24534635245800018,0.2807813286781311,0.09617918729782104,0.04822755977511406,0.13604407012462616,0.047890804708004
instagram,post,3867793208705070982,"国民登记局警告，勿用他人身份证到油站添油！

立即游览 www.8tvnews.my 阅读完整报道。

#八度空间新闻网 #8TVNews #津贴汽油 #BUDI95 #大马卡 #国民登记局",https://www.instagram.com/p/DWtKW5NiLeG/,,,neutral,2026-04-04 10:01:43+00:00,108,0,1,0,0.5,109,111.0,,,neutral,0.8504643440246582,english,Mixed/Urban,no_clear_emotion,0.197622150182724,0.03426861763000488,0.058639731258153915,0.03889262303709984,0.23699462413787842,0.04252146929502487
instagram,post,3867714333534931260,"3 Mac 2026

Sesi Ceramah Berkelompok berkait Krisis Tenaga Global oleh Pejabat Penerangan Daerah Marang

Pendekatan kerajaan dalam mendepani krisis minyak melalui kerangka Budi MADANI adalah menyeluruh dan seimbang bukan sahaja menstabilkan ekonomi, malah memastikan kebajikan rakyat terus terpelihara serta kelestarian masa depan negara terjamin.

Terima kasih kepada Pn. Amelia dan En. Arief di atas kesudian meluangkan masa dan menyampaikan maklumat terkini.

#madanibekerja
#BUDI95 
#IOWJAPEN",https://www.instagram.com/p/DWs4bG_CUk8/,,,positive,2026-04-04 07:24:59+00:00,5,0,0,0,0.9993826806545256,5,5.0,,,positive,0.9979422688484192,malay,Malay/Bumiputera,happy,0.2546299397945404,0.113771453499794,0.33109429478645325,0.03654874861240387,0.09682849049568176,0.024846788495779037
instagram,post,3867090839424426682,"⛽ ANDA JIMAT RM376 SEBULAN DENGAN BUDI95

Walaupun negara berhadapan dengan krisis tenaga global, Kerajaan MADANI terus menanggung hampir 50% subsidi bagi setiap liter RON95 yang anda isi.

Anda masih menikmati harga RON95 pada RM1.99 seliter melalui BUDI95✨

Selain itu, had 200 liter sebulan merupakan langkah sementara, sehingga keadaan bekalan global kembali stabil.

Gunakan manfaat ini dengan sebaiknya untuk menampung keperluan harian dan mengurus perbelanjaan dengan lebih berhemah.

Sumber: @mof_malaysia 

#KITABERSAMA 
#BUDI95 
#MADANIBekerja 
#RANCAKKANMADANI
#YAKINMADANI",https://www.instagram.com/p/DWqqqE2D2K6/,,,positive,2026-04-03 10:46:13+00:00,15,0,0,0,0.9820982754230498,15,15.0,,,positive,0.9403275847434998,malay,Malay/Bumiputera,happy,0.25896158814430237,0.18309029936790466,0.2596683204174042,0.06956100463867188,0.10603351145982742,0.020945042371749878
instagram,post,3867067168407429736,"Thank god for BUDI95. All Malaysian citizens aged 16 and older with a valid driving license and active MyKad are eligible for the BUDI MADANI RON95 #BUDI95  targeted subsidy, which provides subsidized RON95 petrol at RM1.99 per liter. Market RM3.87 per litre now. The subsidy is capped at 200 litres per month, reduced from the initial 300 litres, starting April 1, 2026. On average B40 Malaysian use 2 litres per working day. Average car like Proton consume 1 litre for 15km. Base on 20 working days, we only need 60 litres per month to go to work. 200 litres is more than enough even for middle income Malaysian we better car.",https://www.instagram.com/p/DWqlRnfgCJo/,,,positive,2026-04-03 09:59:12+00:00,9,0,0,0,0.9320468246936797,9,9.0,,,positive,0.7734894156455994,english,Mixed/Urban,happy,0.04543843865394592,0.0527535080909729,0.29199859499931335,0.0353982076048851,0.25601914525032043,0.04441368952393532
instagram,post,3867065401776281557,"Putrajaya rolls out work-from-home and energy-saving measures as fuel costs surge and supply pressures mount.

👉🏻Link in bio for article

#myc #mycnews #mycfreshfaces #social #AnwarIbrahim #energysaving

#Malaysia #news #BUDI95 #flexibleworking #government #publicservice #WFH",https://www.instagram.com/p/DWqk36MFBfV/,,,neutral,2026-04-03 09:55:41+00:00,4,0,0,0,0.5,4,4.0,,,neutral,0.8744497895240784,english,Mixed/Urban,happy,0.04521208256483078,0.033870819956064224,0.619534969329834,0.01939961314201355,0.19132238626480103,0.018984707072377205
instagram,post,3867001946905646144,"⛽ ANDA JIMAT RM376 SEBULAN DENGAN BUDI95

Walaupun negara berhadapan dengan krisis tenaga global, Kerajaan MADANI terus menanggung hampir 50% subsidi bagi setiap liter RON95 yang anda isi.

Anda masih menikmati harga RON95 pada RM1.99 seliter melalui BUDI95✨

Selain itu, had 200 liter sebulan merupakan langkah sementara, sehingga keadaan bekalan global kembali stabil.

Gunakan manfaat ini dengan sebaiknya untuk menampung keperluan harian dan mengurus perbelanjaan dengan lebih berhemah.

#KITABERSAMA 
#BUDI95 
#MADANIBekerja 
#RANCAKKANMADANI
#YAKINMADANI
MALAYSIAMADANI

Fahmi Fadzil
Kementerian Komunikasi
Jabatan Penerangan Malaysia",https://www.instagram.com/p/DWqWchPDhRA/,,,positive,2026-04-03 07:49:36+00:00,8,0,0,0,0.9878724813461304,8,8.0,,,positive,0.9595749378204346,malay,Malay/Bumiputera,happy,0.2518858313560486,0.18836666643619537,0.2679639458656311,0.06620894372463226,0.1049993485212326,0.02100948616862297
instagram,post,3866983065356145777,"⛽ ANDA JIMAT RM376 SEBULAN DENGAN BUDI95

Walaupun negara berhadapan dengan krisis tenaga global, Kerajaan MADANI terus menanggung hampir 50% subsidi bagi setiap liter RON95 yang anda isi.

Anda masih menikmati harga RON95 pada RM1.99 seliter melalui BUDI95✨

Selain itu, had 200 liter sebulan merupakan langkah sementara, sehingga keadaan bekalan global kembali stabil.

Gunakan manfaat ini dengan sebaiknya untuk menampung keperluan harian dan mengurus perbelanjaan dengan lebih berhemah.

#KITABERSAMA 
#BUDI95 
#MADANIBekerja 
#RANCAKKANMADANI
#YAKINMADANI

@fahmifadzil.1 
@komunikasi_gov 
@japenmalaysia",https://www.instagram.com/p/DWqSJwbARRx/,,,positive,2026-04-03 07:12:05+00:00,772,0,23,0,0.982548439502716,795,841.0,,,positive,0.9418281316757202,malay,Malay/Bumiputera,anger,0.26271986961364746,0.1837194263935089,0.2552507817745209,0.06841683387756348,0.10807032138109207,0.021160414442420006
instagram,post,3866983055952527676,,https://www.instagram.com/p/DWqSJnqgUE8/,,,neutral,2026-04-03 07:12:04+00:00,0,0,0,0,0.5,0,0.0,,,neutral,0.0,unknown,Unknown,neutral,0.0,0.0,0.0,0.0,0.0,0.0
instagram,post,3866886951539093638,"森林监督组织RimbaWatch指出，若巴生谷约408万劳动人口中有一半改为居家办公，每天可减少约451万公升汽油消耗，按月约减少9020万公升。以当前无补贴RON95每公升3令吉87仙、政府补贴1令吉88仙计算，政府每月可节省约1亿6900万令吉燃油补贴，一年或达20亿3000万令吉。

该组织表示，巴生谷仅占全国劳动力23%，若措施扩大至全国，政府每月或可节省高达10亿令吉，同时缓解交通拥堵并降低碳排放。
此外，中东局势紧张及霍尔木兹海峡受影响推高国际油价，政府已将BUDI 95配额由300公升降至200公升，并宣布政府机构推行居家办公，以减少燃料消耗并确保能源供应稳定。

#居家办公 #燃油补贴 #RON95 #巴生谷 #能源危机 #RimbaWatch #BUDI95 #节省开支 #交通拥堵 #碳排放",https://www.instagram.com/p/DWp8THdFLCG/,,,neutral,2026-04-03 04:01:08+00:00,4,0,0,0,0.5,4,4.0,,,neutral,0.8736990094184875,english,Mixed/Urban,anger,0.4841686487197876,0.10173006355762482,0.08795580267906189,0.07410776615142822,0.11854390054941177,0.023714402690529823
instagram,post,3866801088053221904,"Suspek ditahan ketika mengisi petrol di sebuah stesen minyak di Tumpat dan polis menemui empat kad pengenalan milik individu berasingan dalam milikannya. Amacam?

#Kelantan
#Tumpat
#KPDN
#PDRM
#BUDI95
@thailand 

https://harapanmadani.com/kantoi-pegang-4-mykad-lelaki-ditahan-disyaki-beli-lebih-100-liter-budi95/",https://www.instagram.com/p/DWpoxo2gZoQ/,,,neutral,2026-04-03 01:11:19+00:00,0,0,0,0,0.5,0,0.0,,,neutral,0.9976984858512878,malay,Malay/Bumiputera,anger,0.533531904220581,0.06226159632205963,0.06687765568494797,0.037048935890197754,0.048854533582925797,0.04012969136238098
instagram,post,3866328203857570795,"【#百格快讯】工程部副部长阿末马斯兰早前提出“骑脚车上班”的建议，不料却引起网民热议与嘲讽，对此他今日出面澄清。

他解释，这项建议仅针对住家与工作地点距离较近的人士，旨在鼓励健康与环保的生活方式，并非要求民众长途或跨州骑行。

“不是从笨珍骑到新山，也不是从布城骑到吉隆坡。”

他也指出，在许多发达国家，骑脚车通勤已相当普遍，若条件允许，民众可考虑以此作为短程代步方式。

||完整新闻点看||
https://www.sinchew.com.my/?p=7391119

#百格 #pocketimes #阿末马斯兰 #骑脚车 #油价 #BUDI95 #RON95",https://www.instagram.com/p/DWn9QRIASvr/,,,neutral,2026-04-02 09:31:00+00:00,926,0,27,0,0.5,953,1007.0,,,neutral,0.8416728973388672,english,Mixed/Urban,love,0.058525197207927704,0.03497735410928726,0.16068138182163239,0.02580525539815426,0.36084842681884766,0.07224959135055542
instagram,post,3866314564645236647,"Malaysia’s government has reaffirmed its commitment to shielding households from rising energy costs, maintaining targeted fuel subsidies despite a sharp surge in global oil prices driven by ongoing geopolitical tensions in the Middle East.

#TheLedgerAsia #MalaysiaEconomy #FuelSubsidy #OilPrices #CostOfLiving #Inflation #EnergyCrisis #BUDI95 #DieselSubsidy

https://theledger.asia/malaysia-maintains-fuel-subsidies-as-global-oil-surge-intensifies-cost-pressures/?utm_source=instagram-business&utm_medium=jetpack_social",https://www.instagram.com/p/DWn6JynmS-n/,,,neutral,2026-04-02 09:04:10+00:00,0,0,0,0,0.5,0,0.0,,,neutral,0.8049159646034241,english,Mixed/Urban,anger,0.2597416341304779,0.04827366769313812,0.22203867137432098,0.037612833082675934,0.24024450778961182,0.02976122684776783
instagram,post,3866305064537491883,"📌 Bekalan petroleum negara kekal mencukupi dan stabil

📌 Kerajaan, Petronas serta peserta industri pantau rantaian bekalan setiap hari

- Timbalan Perdana Menteri Datuk Seri Fadillah Yusof

#BernamaNews #KrisisTenagaGlobal #BUDI95 #petroleum",https://www.instagram.com/p/DWn3_i9DQmr/,,,positive,2026-04-02 08:45:04+00:00,1,0,0,0,0.8830457270145415,1,1.0,,,positive,0.6101524233818054,multilingual,Unknown,happy,0.1503881812095642,0.2766971290111542,0.3400733768939972,0.03636404499411583,0.091438427567482,0.024601764976978302
instagram,post,3866302835248919402,"📌 Bekalan petroleum negara kekal mencukupi dan stabil

📌 Kerajaan, Petronas serta peserta industri pantau rantaian bekalan setiap hari

📌Malaysia kekal dalam keadaan terkawal, bersedia dan mengambil langkah proaktif untuk mengurus kesan krisis tenaga global 

- Timbalan Perdana Menteri Datuk Seri Fadillah Yusof

#BernamaNews #KrisisTenagaGlobal #BUDI95 #petroleum @fadillahyusof_",https://www.instagram.com/p/DWn3fGxGPNq/,,,positive,2026-04-02 08:40:35+00:00,14,0,0,0,0.9989577114582061,14,14.0,,,positive,0.9965257048606873,malay,Malay/Bumiputera,happy,0.061840616166591644,0.25203362107276917,0.5793383717536926,0.01942184939980507,0.03060113824903965,0.018832504749298096
instagram,post,3866300821730608661,"Had BUDI95 sebanyak 800 liter sebulan untuk pemandu e-hailing dikekalkan, pastikan kos operasi terkawal - Timbalan Perdana Menteri Datuk Seri Fadillah Yusof

#BernamaNews #KrisisTenagaGlobal #BUDI95 #ehailing",https://www.instagram.com/p/DWn3BziDcYV/,,,neutral,2026-04-02 08:36:37+00:00,5,0,0,0,0.5,5,5.0,,,neutral,0.8671947121620178,english,Mixed/Urban,happy,0.06855691224336624,0.21237759292125702,0.4104560315608978,0.02231103554368019,0.05596904456615448,0.052849192172288895
instagram,post,3866237774111183682,"🤣 Entrepreneur Malaysia memang takde lawan la bro!
Bila orang lain guna subsidi BUDI95 untuk isi minyak kereta, dia pulak guna subsidi untuk buka ""bisnes sampingan"". Quota BUDI95 yang sepatutnya untuk diri sendiri, dijual pula kepada orang lain dengan harga RM2.70/liter. Padahal harga rasmi RON95 untuk pemegang BUDI95 adalah RM1.99/liter je!
Untung 71 sen seliter nampak macam sikit... tapi cuba kira. Kalau dia ada 180 liter dalam quota, tu dah RM127.80 untung bersih! Tak perlu modal, tak perlu penat kerja. Memang bisnes paling mudah abad ini! 😂
Tapi bro, ini bukan Shopee, bukan Carousell, dan bukan MLM. Ni namanya salah guna subsidi kerajaan dan boleh dikenakan tindakan undang-undang! SPRM, ada orang apply jadi ejen minyak tak bertauliah ni, tolong check! 🚔😂
#BUDI95 #SubsidiRakyat #RON95 #MinyakMurah #JualSubsidiHaram #KerajaanMadani #BeritaViral #MasamViralMemes
#今日酸你一下",https://www.instagram.com/p/DWnosV3GBNC/,,,negative,2026-04-02 06:31:20+00:00,0,0,1,0,0.0005114257335662731,1,3.0,,,negative,0.998295247554779,malay,Malay/Bumiputera,no_clear_emotion,0.11631304025650024,0.025398751720786095,0.05432027205824852,0.04325170814990997,0.3234754800796509,0.039971973747015
instagram,post,3866162062351216623,"我们已经享受了 RM1.99 的汽油价格很长时间了，但专家警告说，这段“宽限期”将于 5 月结束。由于补贴支出飙升至每月 40 亿令吉，政府可能被迫每次上调油价 30 仙。

马上查看下方链接！👇
https://www.carz.com.my/zh/2026/04/bye-bye-rm199-why-your-petrol-subsidy-is-now-a-timed-reality

#RON95 #Petrol #FuelPrice #BUDI95",https://www.instagram.com/p/DWnXelyiS_v/,,,neutral,2026-04-02 04:00:55+00:00,1,0,0,0,0.5,1,1.0,,,neutral,0.8473632335662842,english,Mixed/Urban,no_clear_emotion,0.14792656898498535,0.1257961243391037,0.08513733744621277,0.07220057398080826,0.19957756996154785,0.06531357020139694
instagram,post,3866042115600375410,"一名男子在 Threads 上公开出售自己每月获得的 #RON95 汽油补贴（ #BUDI95 ）配额⛽️并表示愿意以每公升 RM2.70 的价格转售其 RON95 汽油补贴配额💰

相关贴文曝光后，许多人在评论区批评该 #男子 的行为不当，并提醒此举可能涉及 #法律责任 ，同时呼吁公众不要将相关政策当作儿戏😡

#Eight无限",https://www.instagram.com/p/DWm8NIrD15y/,,,negative,2026-04-02 00:02:43+00:00,529,0,3,0,0.06439045518636705,532,538.0,,,negative,0.7853651493787766,multilingual,Unknown,love,0.28935161232948303,0.02998814545571804,0.03485475108027458,0.07004605233669281,0.40588974952697754,0.024675121530890465
instagram,post,3865688416730628074,"RON97 down 20 sen to RM4.95/litre, diesel in Peninsular up 50 sen to RM6.02/litre. BUDI95 remains at RM1.99/litre with a temporary 200-litre monthly limit. April BUDI Diesel cash aid stays at RM300. Measures aim to keep fuel affordable and curb smuggling.

For report, click link in the bio.

#FuelPrices #BUDI95 #Diesel #Malaysia",https://www.instagram.com/p/DWlryI7kj_q/,,,neutral,2026-04-01 12:19:52+00:00,2,0,0,0,0.5,2,2.0,,,neutral,0.8770676255226135,english,Mixed/Urban,happy,0.07335943728685379,0.05699010193347931,0.34959322214126587,0.04248523712158203,0.2845034599304199,0.04076140746474266
instagram,post,3865551300805757510,"Malaysia’s petrol subsidy just changed but not everyone will feel the impact immediately.
Starting April 2026, the BUDI95 subsidised petrol quota has been reduced from 300L to 200L per month. While the price remains RM1.99/L, drivers with higher fuel usage may see higher monthly costs.
Understanding these changes helps you plan your budget better as fuel prices remain uncertain globally.

Save this post and share with friends & family so they don’t get surprised at the pump. ⛽

#BUDI95 #PetrolPrice #MalaysiaNews #CostOfLiving #FuelSubsidy",https://www.instagram.com/p/DWlMm1xk4pG/,,,neutral,2026-04-01 07:47:49+00:00,0,0,0,0,0.5,0,0.0,,,neutral,0.6976556181907654,english,Mixed/Urban,surprise,0.15318967401981354,0.2238735556602478,0.10869031399488449,0.03344707563519478,0.03914545848965645,0.32555484771728516
instagram,post,3866300111736289276,"Had BUDI95 sebanyak 800 liter sebulan untuk pemandu e-hailing dikekalkan, pastikan kos operasi terkawal - Timbalan Perdana Menteri Datuk Seri Fadillah Yusof

#BernamaNews #KrisisTenagaGlobal #BUDI95 #ehailing @fadillahyusof_",https://www.instagram.com/p/DWn23eTGDf8/,,,neutral,2026-04-02 08:35:11+00:00,53,0,0,0,0.5,53,53.0,,,neutral,0.8807470202445984,english,Mixed/Urban,happy,0.06497085839509964,0.1796952486038208,0.388793408870697,0.023563886061310768,0.07036186754703522,0.05716057866811752
instagram,post,3865530959059347825,"4月到了，
这个月有些小变化可能会影响你的生活、出行和开销。📌

别错过这些必须知道的重点，
让你轻松应对油费、报税、交通和通讯上的变化。💡

#大马资讯 #BUDI95 #RON95 #报税提醒 #云顶收费 #电费调整 #Messenger #泰国交通",https://www.instagram.com/p/DWlH-1DAelx/,,,negative,2026-04-01 07:07:01+00:00,0,0,0,0,0.15896394699811936,0,0.0,,,negative,0.4701201766729355,multilingual,Unknown,no_clear_emotion,0.0817614272236824,0.054928138852119446,0.15255358815193176,0.03932040557265282,0.19348381459712982,0.05197098106145859
instagram,post,3865426029863336562,"今天Refresh ，BUDI95 这个月开始已经调整到 200L 了 ⛽️
真的要好好 plan 用油量了 😌

以前 300L 都只是刚刚好，现在 200L 更加要精打细算。

政府说因为战争影响，我们需要一起共度难关 🌍
明白大环境不容易，但对我们这些每天都要用车的人来说，压力真的很直接。

接下来可能真的要开始：
🚗 合理安排路线
🛣️ 减少不必要的行程
⛽️ 更注意油耗

希望一切只是暂时的吧 🙏

你们呢？200L 够用吗？
还是已经开始不够了？
我是 Standby了 妈妈的 Quota 啦 😂

#BUDI95
#油价上涨
#生活成本
#马来西亚
#打工人的日常",https://www.instagram.com/p/DWkwH6HjXpy/,,,neutral,2026-04-01 03:38:32+00:00,3,0,0,0,0.5,3,3.0,,,neutral,0.855850100517273,english,Mixed/Urban,fear,0.11657370626926422,0.40551137924194336,0.06135491281747818,0.21176578104496002,0.11912862956523895,0.0315156988799572
instagram,post,3865397416514460071,"“Korang dah semak ke kuota baru BUDI95 kat app masing-masing?”

Sekarang ni dah officially mulai 1 April 2026, kuota RON95 turun dari 300 liter jadi 200 liter je sebulan. 

Dulu boleh isi agak ‘lega’, sekarang kena start kira-kira sikit dah.

Kata PMX, bukan saja-saja potong, tapi kerajaan nak bagi subsidi ni lebih tepat kepada yang betul-betul guna dan perlukan. 

Kesian kepada pengguna yang guna lebih 200liter sebulan.😭

Dalam masa sama nak elakkan pembaziran dan kurangkan beban negara jugak.

So sekarang ni memang kena pandai adjust gaya hidup sikit la. Kena plan perjalanan elok-elok, kurangkan trip yang tak perlu.

Masih dapat subsidi, tapi dah tak boleh guna macam dulu lah. Kena berjimat. Gitu ke?

#madani #subsidi #budi95 #200liter #1april",https://www.instagram.com/p/DWkpnh3Dpmn/,,,negative,2026-04-01 02:41:42+00:00,2,0,0,0,0.0005097806453704945,2,2.0,,,negative,0.9983007311820984,malay,Malay/Bumiputera,love,0.06893359869718552,0.24465055763721466,0.03465091064572334,0.20914039015769958,0.24644753336906433,0.11120488494634628
instagram,post,3865376152156798449,"We’ve enjoyed RM1.99 petrol for a long time, but experts warn the ""grace period"" is ending in May. With the subsidy bill exploding to RM4 billion a month, the government might be forced to raise prices by 30 sen at a time.

Check out the full article on our website. Link in bio. 

#RON95 #Petrol #FuelPrice #BUDI95",https://www.instagram.com/p/DWkkyF4kn3x/,,,negative,2026-04-01 01:59:27+00:00,13,0,0,0,0.11176131963729857,13,13.0,,,negative,0.6274622678756714,english,Mixed/Urban,anger,0.5235700011253357,0.10273007303476334,0.1460319310426712,0.03112012892961502,0.06755457073450089,0.01858723722398281
instagram,post,3865357000603812348,"เมื่อ “น้ำมันราคาถูก” ถูกจำกัด…คำถามคือ ใครกำลังควบคุมใคร?

ตั้งแต่เดือนเมษายนเป็นต้นไป มาเลเซีย เตรียมลดโควต้าน้ำมันอุดหนุนภายใต้โครงการ BUDI95 จาก 300 ลิตร เหลือ 200 ลิตรต่อเดือน ในราคา 1.99 ริงกิต/ลิตร—ตัวเลขที่ดูเหมือนเล็กน้อย แต่สะเทือน “โครงสร้างพลังงานทั้งระบบ”

นี่คือการ “บริหารวิกฤต” หรือ “การปรับสมดุลอำนาจรัฐเหนือประชาชน”?
เมื่อรัฐกำหนดเพดานการเข้าถึงพลังงาน เท่ากับกำหนด “พฤติกรรมการใช้ชีวิต” ของประชาชนโดยตรง

การลดโควต้าอาจช่วยควบคุมงบประมาณ
แต่มันสร้างแรงกดดันให้คน “คิดใหม่ ทำใหม่” หรือ “หาทางเลี่ยง”

แล้วพื้นที่ชายแดนจะเปลี่ยนไปอย่างไร?
เมื่อราคาน้ำมันเริ่มต่างกันชัดเจน
การลักลอบจะเพิ่มขึ้นหรือไม่?
การไหลของผู้บริโภคจะเคลื่อนข้ามแดนหรือเปล่า?

นี่ไม่ใช่แค่เรื่องพลังงาน แต่มันคือ “เกมเชิงยุทธศาสตร์” ระหว่างรัฐกับตลาด
และระหว่าง “การควบคุม” กับ “แรงจูงใจ”

เราควรยอมให้พลังงานกลายเป็น “สิทธิ์ที่ถูกจำกัด”
หรือรัฐต้องหาสมดุลใหม่ ที่ไม่ทำให้ประชาชนกลายเป็นผู้แบกรับเพียงฝ่ายเดียว

#มาเลเซีย
#ลดโควต้าน้ำมัน
#BUDI95
#ราคาน้ำมัน
#พลังงาน
#นโยบายรัฐ
#เศรษฐกิจชายแดน
#ความมั่นคงพลังงาน
#ตั้งคำถามสังคม
#ไทยมาเลเซีย
อ",https://www.instagram.com/p/DWkgbZnD0H8/,,,neutral,2026-04-01 01:21:24+00:00,0,0,0,0,0.5,0,0.0,,,neutral,0.8556185364723206,english,Mixed/Urban,anger,0.335900217294693,0.09332237392663956,0.06318756937980652,0.0817045047879219,0.12514004111289978,0.03525371104478836
instagram,post,3865337723935553703,"愚人节，越来越不好笑了。

小时候觉得，
愚人节就是可以“作弄一下人”，
大家笑一笑，就过去了。

后来才明白，
有些“玩笑”，
不是每个人都笑得出来。

还记得那一年的愚人节，
“他”用生命，把这一天重新定义了。

从那一刻开始，
愚人节，对我来说就变了。

👉 快乐，不应该建立在别人的伤痛上。

所以这些年，
我几乎不再开愚人节的玩笑。

---

而今年，
愚人节收到的第一个“通知”，是：
BUDI95 津贴降为200L

第一反应是：
“这，不是玩笑。”

它是真的。

---

你会发现一件很现实的事：

以前的愚人节，
是人拿现实来开玩笑。

现在的愚人节，
是现实本身，比玩笑更像玩笑。

---

油，没有变少。
但“便宜的那一部分”，在减少。

生活，也没有一下子崩掉。
但压力，会一点一点加上来。

不会立刻痛，
但会慢慢感觉到：
👉 原来有些东西，正在被收走。

---

所以，这个愚人节不好笑，
不是因为大家不幽默了。

而是因为——
👉 有些玩笑，已经笑不出来了。

---

#愚人节 #越来越不像玩笑 
#BUDI95 #现实比段子狠 #生活正在改变",https://www.instagram.com/p/DWkcC40GHin/,,,neutral,2026-04-01 00:43:06+00:00,0,0,0,0,0.5,0,0.0,,,neutral,0.7619728446006775,english,Mixed/Urban,sadness,0.07060686498880386,0.10977508872747421,0.02558254823088646,0.48138663172721863,0.2092624008655548,0.05556117743253708
instagram,post,3865326340149571557,"AWAS ‼️ KAMU SEDANG DI PERHATIKAN 👀👁️👁️

#repost 

⚠️ Kerajaan memandang serius penyalahgunaan subsidi bahan api susulan video yang tular di media sosial.

❗️Kerajaan tidak akan berkompromi terhadap sebarang bentuk ketirisan subsidi dan tindakan tegas akan diambil.

🗣️ Laporkan aktiviti mencurigakan kepada Pusat Khidmat BUDI MADANI:

📞 1300-88-9595
📱 +603-26314595 (WhatsApp)
📧 budimadani@treasury.gov.my

#BUDI95
#YakinMADANI 
#MalaysiaMADANI 

Fahmi Fadzil
Kementerian Komunikasi
Jabatan Penerangan Malaysia",https://www.instagram.com/p/DWkZdO1k2_l/,,,negative,2026-04-01 00:20:28+00:00,0,0,0,0,0.07588695287704467,0,0.0,,,negative,0.7470434904098511,malay,Malay/Bumiputera,anger,0.4228382706642151,0.08956476300954819,0.08702347427606583,0.029401259496808052,0.05020537227392197,0.13261628150939941
instagram,post,3865234905849062577,"Sudden hike in fuel prices are causing quite the disruption for most of us Malaysians. 
While many are getting off online flexing EV Ownership or cry about fuel costs while driving sports cars, here is something that I'd wish to share some practical tips on making your Budi95 last as long as possible 👀

#budi95
#fuelsaving #tips",https://www.instagram.com/p/DWkEqsAkuSx/,,,neutral,2026-03-31 21:18:48+00:00,46,0,1,0,0.5,47,49.0,,,neutral,0.49465519189834595,english,Mixed/Urban,happy,0.0570274293422699,0.06906601786613464,0.38242587447166443,0.043355364352464676,0.32443296909332275,0.03905772417783737
instagram,post,3865091582203541445,"Rata2 Rakyat Malaysia sekarang mempunyai 2 mykad.. 2 jantina... 2 nama berbeza..
Ada kan... Yg paham.. Paham laaa....

#BUDI95",https://www.instagram.com/p/DWjkFDdmDfF/,,,negative,2026-03-31 16:34:04+00:00,0,0,0,0,0.03261505365371703,0,0.0,,,negative,0.8912831544876099,malay,Malay/Bumiputera,love,0.03716126084327698,0.017473729327321053,0.023276325315237045,0.03306937962770462,0.5842009782791138,0.04116106778383255
instagram,post,3865029832309147488,"Kerajaan mengumumkan penyelarasan kelayakan subsidi BUDI95 daripada 300 liter kepada 200 liter sebulan, berkuat kuasa mulai 1 April 2026. 

Langkah ini dilaksanakan secara sementara susulan keadaan semasa melibatkan harga minyak, bekalan global serta ketidaktentuan ekonomi dunia.

#ohmedia #budi95 #mf",https://www.instagram.com/p/DWjWCeZEwdg/,,,positive,2026-03-31 14:31:22+00:00,2622,0,102,0,0.9939612567424774,2724,2928.0,,,positive,0.9798708558082581,malay,Malay/Bumiputera,no_clear_emotion,0.14697712659835815,0.09678548574447632,0.13321927189826965,0.045379649847745895,0.06532354652881622,0.04932260513305664
instagram,post,3865014170433989909,"Puluhan kenderaan menyerbu semua terminal pam minyak RON95 dengan diperhatikan majoriti cuba memaksimumkan tangki petrol dengan baki kuota masing-masing.

#MalaysiaMADANI 
#RancakkanMADANI 
#BUDI95
#MOF
@mof_malaysia 

https://harapanmadani.com/budi95-warga-lembah-klang-serbu-stesen-minyak-maksimumkan-kuota-mac/",https://www.instagram.com/p/DWjSekIka0V/,,,neutral,2026-03-31 14:00:15+00:00,0,0,0,0,0.5,0,0.0,,,neutral,0.9948782920837402,malay,Malay/Bumiputera,no_clear_emotion,0.07470405846834183,0.0332019105553627,0.0662422925233841,0.033895671367645264,0.1832055300474167,0.045774128288030624
instagram,post,3865013990624152153,,https://www.instagram.com/p/DWjSb8rEUpZ/,,,neutral,2026-03-31 14:00:14+00:00,0,0,0,0,0.5,0,0.0,,,neutral,0.0,unknown,Unknown,neutral,0.0,0.0,0.0,0.0,0.0,0.0
instagram,post,3865013251050991899,"Beberapa stesen minyak di Lembah Klang dilaporkan mengalami peningkatan jumlah kenderaan berikutan orang ramai ingin menghabiskan kuota subsidi RON95.

Ini kerana bermula esok, kuota bahan bakar itu telah diselaraskan daripada 300 liter kepada 200 liter sebulan untuk sementara sehingga bekalan RON95 kembali pulih.

31hb Mac 2026
Image and Source Credits : Sinar Harian

#penangig 
#SinarHarian #SinarTerkini #BUDI95",https://www.instagram.com/p/DWjSRL5EnEb/,,,neutral,2026-03-31 13:58:25+00:00,3,0,0,0,0.5,3,3.0,,,neutral,0.9975559711456299,malay,Malay/Bumiputera,fear,0.05542997643351555,0.5501624345779419,0.20856493711471558,0.05319980904459953,0.037578217685222626,0.05384276434779167
instagram,post,3865006231488366129,"Beberapa stesen minyak di Lembah Klang dilaporkan mengalami peningkatan jumlah kenderaan berikutan orang ramai ingin menghabiskan kuota subsidi RON95.

Ini kerana bermula esok, kuota bahan bakar itu telah diselaraskan daripada 300 liter kepada 200 liter sebulan untuk sementara sehingga bekalan RON95 kembali pulih.

Anda boleh baca berita penuh di portal Sinar Harian di www.sinarharian.com.my atau swipe up di IG story serta jangan lupa follow IG @sinarharian untuk berita terkini dalam dan luar negara.

#SinarHarian #SinarTerkini #BUDI95 #StesenMinyak",https://www.instagram.com/p/DWjQrCaiQYx/,,,neutral,2026-03-31 13:44:28+00:00,826,0,11,0,0.5,837,859.0,,,neutral,0.9922583699226379,malay,Malay/Bumiputera,fear,0.06449130922555923,0.39514219760894775,0.25617676973342896,0.07223597913980484,0.051753658801317215,0.0763452872633934
instagram,post,3864954727666911496,,https://www.instagram.com/p/DWjE9jvjYkI/,,,neutral,2026-03-31 12:06:38+00:00,0,0,0,0,0.5,0,0.0,,,neutral,0.0,unknown,Unknown,neutral,0.0,0.0,0.0,0.0,0.0,0.0
instagram,post,3864956991358380447,How #ahmengmalaysia celebrates #aprilfoolsday eve. Bye bye #budi95 300l. #nojoke,https://www.instagram.com/p/DWjFef-FCmf/,,,neutral,2026-03-31 12:06:38+00:00,3,0,0,0,0.5,3,3.0,,,neutral,0.6241886019706726,english,Mixed/Urban,love,0.03569159284234047,0.016461018472909927,0.06996560096740723,0.02056180126965046,0.7612037062644958,0.01697678677737713
instagram,post,3864901848005135914,"三月的最后一天

用尽他！！！

生命短暂
别让“不滴”留白

#budi95
#fblifestyle",https://www.instagram.com/p/DWi48DuGM4q/,,,neutral,2026-03-31 10:17:05+00:00,1,0,0,0,0.5,1,1.0,,,neutral,0.5592130422592163,english,Mixed/Urban,love,0.09795860946178436,0.15849319100379944,0.18691515922546387,0.06681893765926361,0.26583701372146606,0.045441143214702606
instagram,post,3864878921234513422,"【中东乱局导致全球能源危机  陆兆福:政府已启动“危机模式”】

交通部长陆兆福指出，政府已针对持续升级的中东战局正式开启“危机模式”。他警告称，虽然大多数国人目前在日常生活中尚未感受到战争的切肤之痛，但绝不能掉以轻心。

这场已延烧超过一个月的冲突正引发全球性的经济与能源浩劫，其严重程度已导致全球能源价格大幅飙升，有的涨幅甚至超过100%。

陆兆福指出，周边国家已纷纷亮起红灯，菲律宾已宣布进入能源紧急状态，而泰国和越南则传出燃料短缺的消息。

尽管大马目前的电网和加油站运作尚算正常，但这种稳定并非理所当然。他透露，我国现有的燃油供应预计只能支撑到5月，若中东战火无法平息，未来的供应稳定性将无法获得保证。

身为产油国的大马依然高度依赖全球市场和外部供应链，无法在这场风暴中独善其身。

战火对民生的冲击已在价格上显现。受能源供应受阻影响，我国柴油价格在过去短短三周内暴涨了2.40令吉，目前每公升售价已高达5.52令吉。

为了应对危机，政府也调整了补贴政策，BUDI95计划下原本每月300公升的补贴RON95汽油配额已被削减至200公升，唯每公升1.99令吉的补贴价格暂时维持不变。

政府预计，这场冲突带来的经济连锁反应将持续6至12个月，最坏的情况下，影响甚至可能长达两年。

陆兆福呼吁民众必须更有效地规划出行，减少依赖私家车以节省燃油，并强调“没有任何资源是无限的”，全民都应做好应对长期危机的心理准备。

#陆兆福 #能源危机 #柴油涨价 #BUDI95 #财今看点",https://www.instagram.com/p/DWizubgE_4O/,,,neutral,2026-03-31 09:31:33+00:00,13,0,0,0,0.5,13,13.0,,,neutral,0.800058126449585,english,Mixed/Urban,anger,0.4415239989757538,0.2166193574666977,0.03337748721241951,0.2092047780752182,0.03850265592336655,0.020215770229697227
instagram,post,3864814486070344073,"星期六下午，我去 波德申政府医院 接我舅舅出院。

付完账单，我随手看了一眼明细，才发现一件事：
原来政府医院从来都不是“便宜”，
而是有人帮我们把大部分费用先扛掉了。
那一刻，其实我有点感触。

也让我想到最近很多人在讨论的
BUDI95 汽油津贴计划。

以前我们打RON95觉得很正常，
直到补贴被调整，
才开始有人觉得“不对劲”。

但问题从来不是变贵了，
而是我们终于看见原本的价格。

很多事情，其实都一样。
医疗是，生活是，风险也是。

只是差别在于：
有些东西，一直有人帮你顶着；
但有一天，如果没有了，你准备好了吗？

做保险越久，我越发现一件很现实的事：
不是每个人都会遇到风险，但一旦遇到，费用从来不会等你准备好

政府的补贴，你控制不了
但你能不能为自己准备一个“替代”，你可以决定

很多人不是不懂保险
只是一直觉得还没到自己
直到真的轮到自己

你可以思考一下。
当没有人帮你承担的时候，你还剩下什么？

“这张账单没有手术，没有仪器，就是住了3天院观察。”
#政府津贴 #政府医院 #马来西亚 #budi95 #汽油津贴",https://www.instagram.com/p/DWilExlAbmJ/,,,neutral,2026-03-31 07:25:29+00:00,4,0,0,0,0.5,4,4.0,,,neutral,0.7852598428726196,english,Mixed/Urban,fear,0.05619632825255394,0.3637770116329193,0.017690403386950493,0.2145780473947525,0.028686393052339554,0.26529186964035034
instagram,post,3864809447084720532,"Keputusan SPM 2025 menjadi cerminan usaha, cabaran dan ketabahan pelajar sepanjang perjalanan pendidikan mereka, termasuk pencapaian membanggakan pelajar Maktab Rendah Sains MARA (MRSM).

Dengarkan #Reaksi pada pukul 4.30 petang ini untuk kupasan lanjut.

#BERNAMARadio #untukanda #BUDI95 #2026",https://www.instagram.com/p/DWij7cqDwGU/,,,neutral,2026-03-31 07:13:30+00:00,4,0,0,0,0.5,4,4.0,,,neutral,0.9430536031723022,malay,Malay/Bumiputera,no_clear_emotion,0.012207256630063057,0.026029029861092567,0.09661396592855453,0.0158266369253397,0.06474009901285172,0.06946194916963577
