Platform,Type,ID,Text,URL,Sentiment,Date,likes,shares,comments_count,views,sentiment_score,total_engagement,QueryID,Lang,Community,CommunityLabel,PublisherDomain,PublisherGuess,SeedQuery,CrawlMethod,CrawlPipeline,SourceName,SourceID,Jenis_Suara
news,post,335106dea4e6493f,"Momentum Johor lonjak BN di Negeri Sembilan, penganalisis politik jangka bubar parlimen jadi pilihan. KUALA LUMPUR: Jangkaan bekas Ahli Parlimen Bangi, Dr Ong Kian Ming mengenai kemenangan besar Barisan Nasional (BN) pada Pilihan Raya Negeri (PRN) Johor, bakal melonjakkan momentum parti itu di Negeri Sembilan serta mempercepatkan pembubaran Parlimen bagi Pilihan Raya Umum Ke-16 (PRU16), terus mencetuskan perbincangan dalam kalangan penganalisis politik tanah air.",https://www.bharian.com.my/berita/nasional/2026/07/1584157/momentum-johor-lonjak-bn-di-negeri-sembilan-penganalisis-politik,,2026-07-07T17:32:57+00:00,0,0,0,0,0.0,0,IN1,tamil,india,Komuniti India / Tamil,bharian.com.my,india,"site:makkalosai.com.my ""Negeri Sembilan"" when:30d",google_news_rss,indian_narrative,,,
news,post,8d9f8da8a4c1b06d,"EC says Johor’s 56-seat election could be decided by 10pm on Saturday. KUALA LUMPUR, July7 &mdash; Voters are expected to know the outcome of all 56 seats in Saturday&rsquo;s Johor state elec...",https://www.malaymail.com/news/malaysia/2026/07/07/ec-says-johors-56-seat-election-could-be-decided-by-10pm-on-saturday/226721,,2026-07-07T16:32:15+08:00,0,0,0,0,0.0,0,IN3,tamil,india,Komuniti India / Tamil,malaymail.com,india,"site:makkalosai.com.my ""Johor"" when:30d",google_news_rss,indian_narrative,,,
news,post,690951fd073524ce,"EC aims for 96pc turnout in early voting. KLUANG, July 7 &mdash; The Election Commission (EC) is targeting a 96 per cent turnout for early voting in the Johor sta...",https://www.malaymail.com/news/malaysia/2026/07/07/ec-aims-for-96pc-turnout-in-early-voting/226718,,2026-07-07T16:28:49+08:00,0,0,0,0,0.0,0,IN3,tamil,india,Komuniti India / Tamil,malaymail.com,india,"site:makkalosai.com.my ""Johor"" when:30d",google_news_rss,indian_narrative,,,
news,post,8ed2e15569acc5fb,"In Larkin, land leases and a city’s growing pains shape Johor election contest. JOHOR BAHRU, July 7 &mdash; Land lease renewals in Kampung Melayu Majidee and the need to modernise public infrastructur...",https://www.malaymail.com/news/malaysia/2026/07/07/in-larkin-land-leases-and-a-citys-growing-pains-shape-johor-election-contest/226711,,2026-07-07T15:49:27+08:00,0,0,0,0,0.0,0,IN3,tamil,india,Komuniti India / Tamil,malaymail.com,india,"site:makkalosai.com.my ""Johor"" when:30d",google_news_rss,indian_narrative,,,
news,post,65a76f65a1b28131,"Election Commission says 588 complaints lodged as Johor polls enter final stretch. KLUANG, July 7 &mdash; The Election Commission (EC) has received 588 complaints involving various election offences duri...",https://www.malaymail.com/news/malaysia/2026/07/07/election-commission-says-588-complaints-lodged-as-johor-polls-enter-final-stretch/226707,,2026-07-07T15:14:21+08:00,0,0,0,0,0.0,0,IN3,tamil,india,Komuniti India / Tamil,malaymail.com,india,"site:makkalosai.com.my ""Johor"" when:30d",google_news_rss,indian_narrative,,,
news,post,adbff66f71f226d4,"Johor candidates pause campaigning to observe early voting by security personnel. JOHOR BAHRU, July 7 &mdash; Despite their busy campaign schedule ahead of polling day this Saturday, Johor state electio...",https://www.malaymail.com/news/malaysia/2026/07/07/johor-candidates-pause-campaigning-to-observe-early-voting-by-security-personnel/226700,,2026-07-07T14:47:50+08:00,0,0,0,0,0.0,0,IN3,tamil,india,Komuniti India / Tamil,malaymail.com,india,"site:makkalosai.com.my ""Johor"" when:30d",google_news_rss,indian_narrative,,,
news,post,68634fe5d54ea633,"Johor polls: Anwar says Sunday voting remarks were personal view, not pressure on Election Commission. KUALA LUMPUR, July 7 &mdash; Prime Minister Datuk Seri Anwar Ibrahim today stressed that his remarks regarding the Johor...",https://www.malaymail.com/news/malaysia/2026/07/07/johor-polls-anwar-says-sunday-voting-remarks-were-personal-view-not-pressure-on-election-commission/226684,,2026-07-07T14:04:43+08:00,0,0,0,0,0.0,0,IN3,tamil,india,Komuniti India / Tamil,malaymail.com,india,"site:makkalosai.com.my ""Johor"" when:30d",google_news_rss,indian_narrative,,,
news,post,99ee7faf1bea3c5c,"Johor polls: Early voting turnout passes 56pc by 11am. JOHOR BAHRU, July 7 &mdash; More than half of the early voters in Johor&rsquo;s 16th state election, comprising security...",https://www.malaymail.com/news/malaysia/2026/07/07/johor-polls-early-voting-turnout-passes-56pc-by-11am/226683,,2026-07-07T13:59:08+08:00,0,0,0,0,0.0,0,IN3,tamil,india,Komuniti India / Tamil,malaymail.com,india,"site:makkalosai.com.my ""Johor"" when:30d",google_news_rss,indian_narrative,,,
news,post,c8208ed9138bab0f,"Azalina dismisses claims that BN victory in Johor would free Najib from prison. PUTRAJAYA, July 7 &mdash; Elections cannot be used as a channel to free any individual who is serving a prison sentence,...",https://www.malaymail.com/news/malaysia/2026/07/07/azalina-dismisses-claims-that-bn-victory-in-johor-would-free-najib-from-prison/226677,,2026-07-07T13:20:14+08:00,0,0,0,0,0.0,0,IN3,tamil,india,Komuniti India / Tamil,malaymail.com,india,"site:makkalosai.com.my ""Johor"" when:30d",google_news_rss,indian_narrative,,,
news,post,46611c8b5e5ecde5,"Teo Nie Ching urges Onn Hafiz to explain alleged campaigning at Johor TVET event. KULAI, July 7 &mdash; Menteri Besar Datuk Onn Hafiz Ghazi has been urged to explain allegations that a group of Technica...",https://www.malaymail.com/news/malaysia/2026/07/07/teo-nie-ching-urges-onn-hafiz-to-explain-alleged-campaigning-at-johor-tvet-event/226672,,2026-07-07T12:45:56+08:00,0,0,0,0,0.0,0,IN3,tamil,india,Komuniti India / Tamil,malaymail.com,india,"site:makkalosai.com.my ""Johor"" when:30d",google_news_rss,indian_narrative,,,
news,post,1472be181dfcca60,"Heavy rain fails to dampen Johor early voting at police HQ. JOHOR BAHRU, July 7 &mdash; A heavy downpour at about 9.40am today did little to disrupt the smooth conduct of early vot...",https://www.malaymail.com/news/malaysia/2026/07/07/heavy-rain-fails-to-dampen-johor-early-voting-at-police-hq/226663,,2026-07-07T11:25:07+08:00,0,0,0,0,0.0,0,IN3,tamil,india,Komuniti India / Tamil,malaymail.com,india,"site:makkalosai.com.my ""Johor"" when:30d",google_news_rss,indian_narrative,,,
news,post,382bb5f2cddd8bf5,"Johor polls early voting turnout reaches 38.64pc as of 10am. JOHOR BAHRU, July 7 &mdash; Early voting turnout for the Johor state election reached 38.64 per cent by 10am today.The E...",https://www.malaymail.com/news/malaysia/2026/07/07/johor-polls-early-voting-turnout-reaches-3864pc-as-of-10am/226662,,2026-07-07T11:19:51+08:00,0,0,0,0,0.0,0,IN3,tamil,india,Komuniti India / Tamil,malaymail.com,india,"site:makkalosai.com.my ""Johor"" when:30d",google_news_rss,indian_narrative,,,
news,post,292167efd1601c90,"Mat Sabu asks Johor voters to give Pakatan chance to prove manifesto not ‘copy paste’. BATU PAHAT, July 7 &mdash; Voters in Johor need to give Pakatan Harapan (PH) candidates a chance in the state election t...",https://www.malaymail.com/news/malaysia/2026/07/07/mat-sabu-asks-johor-voters-to-give-pakatan-chance-to-prove-manifesto-not-copy-paste/226658,,2026-07-07T10:24:07+08:00,0,0,0,0,0.0,0,IN3,tamil,india,Komuniti India / Tamil,malaymail.com,india,"site:makkalosai.com.my ""Johor"" when:30d",google_news_rss,indian_narrative,,,
news,post,687ac27b691bbc6e,"Onn under fire over TVET event appearance, denies forcing students to attend. JOHOR POLLS | It follows complaints received by Harapan candidate.",https://www.malaysiakini.com/news/779073,,2026-07-07T08:50:58+00:00,0,0,0,0,0.0,0,IN3,tamil,india,Komuniti India / Tamil,malaysiakini.com,india,"site:makkalosai.com.my ""Johor"" when:30d",google_news_rss,indian_narrative,,,
news,post,c298d2e3caed7730,"Scrapping Budi95: Does Onn think Umno ministers are stupid, Johor DAP leader asks. JOHOR POLLS | Sheikh Umar points out Onn's party superiors are part of the federal government.",https://www.malaysiakini.com/news/779069,,2026-07-07T08:23:07+00:00,0,0,0,0,0.0,0,IN3,tamil,india,Komuniti India / Tamil,malaysiakini.com,india,"site:makkalosai.com.my ""Johor"" when:30d",google_news_rss,indian_narrative,,,
news,post,34a1b9515302ce5b,"Shamsul recites 'death reminder', tells voters to take bribes from others but vote Harapan. UPDATED 1.19PM | JOHOR POLLS | In ex-PM's aide's 'talkin', he urges voters to ask for more when offered bribes.",https://www.malaysiakini.com/news/779021,,2026-07-07T03:50:32+00:00,0,0,0,0,0.0,0,IN3,tamil,india,Komuniti India / Tamil,malaysiakini.com,india,"site:makkalosai.com.my ""Johor"" when:30d",google_news_rss,indian_narrative,,,
news,post,94609f4dc1fb1b09,"Umno sec-gen rejects BN-Najib pardon link, accuses Harapan of pushing false narrative. JOHOR POLLS | Electoral outcomes have no bearing on pardon powers, says Asyraf.",https://www.malaysiakini.com/news/779002,,2026-07-07T00:45:00+00:00,0,0,0,0,0.0,0,IN3,tamil,india,Komuniti India / Tamil,malaysiakini.com,india,"site:makkalosai.com.my ""Johor"" when:30d",google_news_rss,indian_narrative,,,
news,post,92c5655a1432df61,"Despite return to BN, Endau candidate gets lukewarm campaign support. JOHOR POLLS | Some grassroots allegedly still upset over Alwiyah's defection to Bersatu after GE14.",https://www.malaysiakini.com/news/779001,,2026-07-07T00:00:00+00:00,0,0,0,0,0.0,0,IN3,tamil,india,Komuniti India / Tamil,malaysiakini.com,india,"site:makkalosai.com.my ""Johor"" when:30d",google_news_rss,indian_narrative,,,
news,post,c2e090d06a6f86f7,"With Chinese votes at stake, Nga vows DAP takeover of Johor new villages if Harapan wins. JOHOR POLLS | He says party can replace village chiefs for smoother development.",https://www.malaysiakini.com/news/778982,,2026-07-06T10:00:00+00:00,0,0,0,0,0.0,0,IN3,tamil,india,Komuniti India / Tamil,malaysiakini.com,india,"site:makkalosai.com.my ""Johor"" when:30d",google_news_rss,indian_narrative,,,
news,post,95153bbc77c27b19,"Merdeka Center projects BN win in Johor, DAP poised as largest opposition party. JOHOR POLLS | Analyst expects BN to win, but the question is on what margin.",https://www.malaysiakini.com/news/778966,,2026-07-06T08:00:46+00:00,0,0,0,0,0.0,0,IN3,tamil,india,Komuniti India / Tamil,malaysiakini.com,india,"site:makkalosai.com.my ""Johor"" when:30d",google_news_rss,indian_narrative,,,
news,post,7f10a0e46ebbb1eb,"Harapan hopefuls pledge to address local issues in greater Johor Bahru. JOHOR POLLS | The candidates highlighted matters such as childcare, senior care, and flood mitigation.",https://www.malaysiakini.com/news/778945,,2026-07-06T05:44:56+00:00,0,0,0,0,0.0,0,IN3,tamil,india,Komuniti India / Tamil,malaysiakini.com,india,"site:makkalosai.com.my ""Johor"" when:30d",google_news_rss,indian_narrative,,,
news,post,7bbee8ab65727e04,"In Johor, Wawasan Negara gathers with eye on Putrajaya. JOHOR POLLS | Cast your vote by following the compass of truth - Saifuddin.",https://www.malaysiakini.com/news/778920,,2026-07-06T00:50:20+00:00,0,0,0,0,0.0,0,IN3,tamil,india,Komuniti India / Tamil,malaysiakini.com,india,"site:makkalosai.com.my ""Johor"" when:30d",google_news_rss,indian_narrative,,,
news,post,fc55f503fd9b3b38,Johor polls results expected around 10pm this Saturday. EC chairman Ramlan Harun says the commission has received 588 reports so far regarding alleged election offences.,https://www.freemalaysiatoday.com/category/nation/2026/07/07/johor-polls-results-expected-around-10pm-this-saturday,,2026-07-07T06:20:27+00:00,0,0,0,0,0.0,0,IN3,tamil,india,Komuniti India / Tamil,freemalaysiatoday.com,india,"site:makkalosai.com.my ""Johor"" when:30d",google_news_rss,indian_narrative,,,
news,post,08fb74baf9324c11,SPR jangka keputusan penuh PRN Johor sekitar 10 malam. SPR tidak akan mengumumkan keputusan secara berperingkat sebaliknya hanya mengeluarkan keputusan penuh selepas proses pengiraan selesai.,https://www.freemalaysiatoday.com/category/bahasa/tempatan/2026/07/07/spr-jangka-keputusan-penuh-prn-johor-sekitar-10-malam,,2026-07-07T05:59:06+00:00,0,0,0,0,0.0,0,IN3,tamil,india,Komuniti India / Tamil,freemalaysiatoday.com,india,"site:makkalosai.com.my ""Johor"" when:30d",google_news_rss,indian_narrative,,,
news,post,337126aa9962e172,"Undi awal PRN Johor selesai. Johor Bahru: Proses pengundian awal bagi Pilihan Raya Negeri (PRN) Johor ke-16 membabitkan anggota pasukan keselamatan dan pasangan berakhir hari ini, selepas kesemua 62 pusat mengundi awal ditutup sepenuhnya pada 5 petang.",https://www.hmetro.com.my/mutakhir/2026/07/1380856/undi-awal-prn-johor-selesai,,2026-07-07T17:24:00+00:00,0,0,0,0,0.0,0,IN3,tamil,india,Komuniti India / Tamil,hmetro.com.my,india,"site:makkalosai.com.my ""Johor"" when:30d",google_news_rss,indian_narrative,,,
news,post,ca84d31d3edbffec,"Baru 5 hari lahirkan anak, tanggungjawab tetap tidak dilupakan. Kluang: Walaupun baru lima hari lahirkan anak, seorang ibu tidak mengabaikan tanggungjawabnya sebagai rakyat Malaysia apabila sanggup keluar mengundi pada hari pengundian awal Pilihan Raya Negeri (PRN) Johor hari ini.",https://www.hmetro.com.my/mutakhir/2026/07/1380812/baru-5-hari-lahirkan-anak-tanggungjawab-tetap-tidak-dilupakan,,2026-07-07T15:58:13+00:00,0,0,0,0,0.0,0,IN3,tamil,india,Komuniti India / Tamil,hmetro.com.my,india,"site:makkalosai.com.my ""Johor"" when:30d",google_news_rss,indian_narrative,,,
news,post,ad5329df13f71239,"PRN Johor: SPR rekod 588 kesalahan pilihan raya setakat ini. Kluang: Suruhanjaya Pilihan Raya (SPR) menerima sebanyak 588 laporan berkaitan pelbagai kesalahan pilihan raya sepanjang tempoh berkempen Pilihan Raya Negeri (PRN) Johor ke-16, setakat hari ini.",https://www.hmetro.com.my/mutakhir/2026/07/1380778/prn-johor-spr-rekod-588-kesalahan-pilihan-raya-setakat-ini,,2026-07-07T14:46:51+00:00,0,0,0,0,0.0,0,IN3,tamil,india,Komuniti India / Tamil,hmetro.com.my,india,"site:makkalosai.com.my ""Johor"" when:30d",google_news_rss,indian_narrative,,,
news,post,f3bfa54b3bd13c7c,"Bahana burung 'kayangan', dua lelaki upahan diberkas. Tumpat: Cuba seludup burung kakak tua spesis Macaw bernilai ratusan ribu ringgit dari utara Tanah Air ke Johor.",https://www.hmetro.com.my/mutakhir/2026/07/1380776/bahana-burung-kayangan-dua-lelaki-upahan-diberkas,,2026-07-07T14:44:21+00:00,0,0,0,0,0.0,0,IN3,tamil,india,Komuniti India / Tamil,hmetro.com.my,india,"site:makkalosai.com.my ""Johor"" when:30d",google_news_rss,indian_narrative,,,
news,post,981f646f4ce37617,"PRN Johor: Keputusan penuh dijangka jam 10 malam Sabtu ini - SPR. Kluang: Suruhanjaya Pilihan Raya (SPR) menjangkakan keputusan penuh bagi semua 56 kerusi yang dipertandingkan dalam Pilihan Raya Negeri (PRN) Johor, Sabtu ini dapat diketahui kira-kira jam 10 malam.",https://www.hmetro.com.my/mutakhir/2026/07/1380770/prn-johor-keputusan-penuh-dijangka-jam-10-malam-sabtu-ini-spr,,2026-07-07T14:33:04+00:00,0,0,0,0,0.0,0,IN3,tamil,india,Komuniti India / Tamil,hmetro.com.my,india,"site:makkalosai.com.my ""Johor"" when:30d",google_news_rss,indian_narrative,,,
news,post,40eb1e209fbfd451,HR Ministry to Prioritise Jobs That Match Skills and Offer Better Wages. HR Ministry to Prioritise Jobs That Match Skills and Offer Better Wages&nbsp;&nbsp;Varnam Malaysia,https://news.google.com/rss/articles/CBMingFBVV95cUxPdzQwQWExX2RDTWdRNGF2OTQzYW1RZm16U1Jpb2g2VHhyT2FpYTR6c2NGcHozYWY2MFNMNXBQY0NZWEVuaW9GOG9pYUpHVUpIT0pmNllQdHRVekVoRlRzclNQZXd6MFYwZl9WU3dibEpyTHRUQ0VHXzA3MTBOUkQtMFlTUi1JRlZOejI4VDJjZXRYMGlJNmZsUjB0Tl9FZw?oc=5,,2026-07-05T05:40:19+00:00,0,0,0,0,0.0,0,IN8,tamil,india,Komuniti India / Tamil,news.google.com,india,"site:varnam.my ""Johor"" when:30d",google_news_rss,indian_narrative,,,
news,post,c0a1e0c9bdd57cb2,258 Johor Undergraduates Receive Laptops Through MITRA Student Device Programme. 258 Johor Undergraduates Receive Laptops Through MITRA Student Device Programme&nbsp;&nbsp;Varnam Malaysia,https://news.google.com/rss/articles/CBMiqAFBVV95cUxOY0lfd0xwSERkVzROUTBpQmVsaUs5dWM4OVNLcFYxZkFsQkppVXNjMy1FTVFrSVNlWWJlcm5HZ0hHdkFaQzNRM1dZQUNWVVRyVTVBRjBZbjVpYnk0R0MxQ3VRbjg3c2c1bnNHanNnNEtXUnZ2M0Viek9zTTZXaF9zWlgtazJNT1BhQVV5TFFoTk9mZENXck1zakJvUVNmN0N2enB4SWZBUEg?oc=5,,2026-06-22T07:00:00+00:00,0,0,0,0,0.0,0,IN8,tamil,india,Komuniti India / Tamil,news.google.com,india,"site:varnam.my ""Johor"" when:30d",google_news_rss,indian_narrative,,,
news,post,2627ee15f37b7f17,27 New Schools Approved in Johor with Over RM2.3 Billion Relocation. 27 New Schools Approved in Johor with Over RM2.3 Billion Relocation&nbsp;&nbsp;Varnam Malaysia,https://news.google.com/rss/articles/CBMimAFBVV95cUxOcHpfbUhINkZFUTcya0pFM1ZfNEdKTUNDR3p2Rm1QdllCTE1lMWxaZWEyekpHLTlTSGhieUZLbDBaVU1GLXc0cUxBWmRiN1daYVI5b2lmeTFwWDFSVGtqOWFxdDQ2MW5zeTFDREZKUENQbDFXeURiVUUtbUg1cEJwcE5yR1VMTm9VaV9zYmwtQ3h4NlFZZmEtdw?oc=5,,2026-07-06T06:00:23+00:00,0,0,0,0,0.0,0,IN8,tamil,india,Komuniti India / Tamil,news.google.com,india,"site:varnam.my ""Johor"" when:30d",google_news_rss,indian_narrative,,,
news,post,4d5bc3e0a75543ec,Wrapped in Tradition: More Bridal Saree Boutiques to Explore in Malaysia (Part 2). Wrapped in Tradition: More Bridal Saree Boutiques to Explore in Malaysia (Part 2)&nbsp;&nbsp;Varnam Malaysia,https://news.google.com/rss/articles/CBMipwFBVV95cUxNSXl4UDRDS0ZuRU0xd3ZXa1hMd3V1U3ZWdzJrTy1yVUdUck1Bc0tCVE42aW5MTkVBalZRbUtKdlpNQ0ZjSHNpS214S1hhczRTTmRDUi1uRUZydHJoUU5VeWJFSVBKc2NpQ1kyNXlnZ2FXZ3NzcFFzY0RzeTNBNWZvTzY1dEFsV3ViQVEyRUZXQkhFTXd5Y2tvTW1YYi1ISnhxRlRkbVh3TQ?oc=5,,2026-07-02T09:06:03+00:00,0,0,0,0,0.0,0,IN8,tamil,india,Komuniti India / Tamil,news.google.com,india,"site:varnam.my ""Johor"" when:30d",google_news_rss,indian_narrative,,,
news,post,2a371ab0c8317056,Johor Students Shine at BIICC 2026 with Gold Medals and Top Innovation Awards. Johor Students Shine at BIICC 2026 with Gold Medals and Top Innovation Awards&nbsp;&nbsp;Varnam Malaysia,https://news.google.com/rss/articles/CBMipgFBVV95cUxORTc5UkRLck9jOG0yajdVMzB0bGJqcWduUXhXeFk0cXNTYXdRUGdLQkNJTlhPbmNuajhSc1RFUGFvaG1wZHFtdFVaUURfcEFfU19fMmVzdzFGeHl2SlViWnlLY1JmVVNWM3NQTk1yM2V4WE1Oek9DUlBCQnFSVEFJRzVSZ2Y0ZEN5a2dEMGRNQjlueEJiWjlmVkRNb3FyVDhwSTNxNkl3?oc=5,,2026-07-07T03:54:19+00:00,0,0,0,0,0.0,0,IN8,tamil,india,Komuniti India / Tamil,news.google.com,india,"site:varnam.my ""Johor"" when:30d",google_news_rss,indian_narrative,,,
news,post,3629513c4d75a20f,"Malay Students Enrolment Continues to Rise in SJKC and SJKT, Says Education Minister. Malay Students Enrolment Continues to Rise in SJKC and SJKT, Says Education Minister&nbsp;&nbsp;Varnam Malaysia",https://news.google.com/rss/articles/CBMirgFBVV95cUxOa3dqb1RtRmZfME9UR3IzMUsyaDNBMTVjWGMwLUlMb01NRHVFQjRKWDVOeE1sYWJ4Y25PWklGbWJfMHB1WVd1ZTBwdjIwUWdvcmQzSHRhazlTSDJvSGNtWTFlT09KYUpzREppVXRFdTBDc241dkRHd2ltWEVaOWtPU3VjUnNEMFpZUmdBa0ZDVDMzZ0FEcWthMnBXekdDZXd0a09KbUE5UVNqUkpZb0E?oc=5,,2026-07-02T03:00:54+00:00,0,0,0,0,0.0,0,IN8,tamil,india,Komuniti India / Tamil,news.google.com,india,"site:varnam.my ""Johor"" when:30d",google_news_rss,indian_narrative,,,
news,post,f8723c940d58ad04,"Applications Now Open for MITRA’S Kalvi, Arogya and Thunai MADANI Programmes. Applications Now Open for MITRA’S Kalvi, Arogya and Thunai MADANI Programmes&nbsp;&nbsp;Varnam Malaysia",https://news.google.com/rss/articles/CBMiogFBVV95cUxPbHVYRzVaRjhCMnVsUmdwOG51MlJ5UFhiWHk4dmhuZ3N6ckdZb1BnV2dwY2dqX1Z1Z2NSSVU3S29oeEV1QkRWNWwzQTZEYmlsb2ZWRFhmQ3dSZXd6S0ZNMmFJNkxFNm5LeFRqeW1Nc09McGpSUWFldF9FbjFHQkhPUURaaU04eEd5Snd2b200RXdZQVZGeEtGSlVXZDVVQmNScVE?oc=5,,2026-06-08T07:00:00+00:00,0,0,0,0,0.0,0,IN8,tamil,india,Komuniti India / Tamil,news.google.com,india,"site:varnam.my ""Johor"" when:30d",google_news_rss,indian_narrative,,,
news,post,954a5fb526df9072,Fadhlina Sidek Hands Over Approval for SJKT Bandar Segamat’s New Hockey Field. Fadhlina Sidek Hands Over Approval for SJKT Bandar Segamat’s New Hockey Field&nbsp;&nbsp;Varnam Malaysia,https://news.google.com/rss/articles/CBMipAFBVV95cUxNcXdmbXp4SHVyZkg1ZUxPT3FCZjYzMnlOT0ZIdDRMaDBRbmhpNnFSN1ItaGx1S0pYV0Noc3R0Y1dZcTI4NmFyc3JYSFpnZ2V0WXhhNkRVR21IWUk5UkpvMmdrZkhiVWZ6MEFZM2Q0d1BhWTQ2QVR2a1FXcGtsRHUwMjU0dmxjUF9TZEZfRVIxdDl2VHRubFNVc2x5MGVkYUdzSXRINQ?oc=5,,2026-06-15T07:00:00+00:00,0,0,0,0,0.0,0,IN8,tamil,india,Komuniti India / Tamil,news.google.com,india,"site:varnam.my ""Johor"" when:30d",google_news_rss,indian_narrative,,,
news,post,c2bb8b944c3d1e9e,Relocation Plans Move Forward for 100-Year-Old SJKT Ladang Sungai Muar. Relocation Plans Move Forward for 100-Year-Old SJKT Ladang Sungai Muar&nbsp;&nbsp;Varnam Malaysia,https://news.google.com/rss/articles/CBMinAFBVV95cUxPc0Nna2xsaE1Va2ZnaXRheDNnWU9yTlRya1RtdWhNQzNid0dRMGVaQ0JhMWk0V24ybFpyZVZPbFlXQWpJaEhDay1mMkJfb1lBU0o3bHpiY2EwS0w5MzNxRk9fbzN1Z210ZWxIZmRwZ0Jqbl80OC1ERUxrRTNwM3I2bklXb2hCVE9EZms0R1hqRHRGRzV2WXpHN0RPTEE?oc=5,,2026-07-06T02:27:15+00:00,0,0,0,0,0.0,0,IN8,tamil,india,Komuniti India / Tamil,news.google.com,india,"site:varnam.my ""Johor"" when:30d",google_news_rss,indian_narrative,,,
news,post,9718062348bcdad6,"Johor Polls: Indian Community's Votes Key For PH Victory, Political Stability - Gunaraj. Johor Polls: Indian Community's Votes Key For PH Victory, Political Stability - Gunaraj&nbsp;&nbsp;Bernama",https://news.google.com/rss/articles/CBMiYEFVX3lxTE16NlhBRm9UTVptYjhveE5NSE5UX0hxeng4UHp1aEVWNi1WSG5IaERTLUx2SUkwSjVYM0ZQSHdlRGc1bmd1c2o3S2dRclI2TEhTU1V3amZqUk1DZm9GdjRkNQ?oc=5,,2026-07-02T17:32:24+00:00,0,0,0,0,0.0,0,IN27,tamil,india,Komuniti India / Tamil,news.google.com,india,"""Johor Bahru"" (Tamil OR Indian OR SJKT OR MIC OR Hindu) when:30d",google_news_rss,indian_narrative,,,
news,post,01008e560f0fb1f8,MIC’s election newcomer aims to oust DAP from Perling stronghold. MIC’s election newcomer aims to oust DAP from Perling stronghold&nbsp;&nbsp;Free Malaysia Today,https://news.google.com/rss/articles/CBMiwgFBVV95cUxPbDM1RFFIeGsyVlZXR3VGNXE4UGRnTWt6SWx1LW56d2lRQ2dIbnJwdFRMcHNJT2dGYnJZcDN0c0lOUUI0ZEdmRDRhOTMxLUw2Vm9wYjl2MFFrdGNEbE5Hdm9YY25GeVRfcTdEeGFuS2hoSjgxTmVpWTJiMHd3VVlkQkFMVGtEdkRuckVKVGJYUVpBcDRkRmp2Z0o5SXloNDZvUDNZSEJDSG1zT1lHU21HOW9PaW5sbEFlS1ZQTjlGaTdndw?oc=5,,2026-07-05T01:45:54+00:00,0,0,0,0,0.0,0,IN27,tamil,india,Komuniti India / Tamil,news.google.com,india,"""Johor Bahru"" (Tamil OR Indian OR SJKT OR MIC OR Hindu) when:30d",google_news_rss,indian_narrative,,,
news,post,047ec750de7b56b9,"What’s new in JB this July 2026 — cafes, food & attractions. What’s new in JB this July 2026 — cafes, food & attractions&nbsp;&nbsp;SETHLUI.com",https://news.google.com/rss/articles/CBMieEFVX3lxTE4xNWFZRGxRU215WUVGS3A2eVo5V01hMGR6YlNBSHZaekhGTlh4MWZ5MWlER084bXllMlpScFpCWHhCV0xtQVdmRzVScXJRY3diY2xnRHN2WHFXVmswaUwxTjBCUm1pejdMSFZYYXdSX0RMUGVPblhOSg?oc=5,,2026-07-01T08:10:24+00:00,0,0,0,0,0.0,0,IN27,tamil,india,Komuniti India / Tamil,news.google.com,india,"""Johor Bahru"" (Tamil OR Indian OR SJKT OR MIC OR Hindu) when:30d",google_news_rss,indian_narrative,,,
news,post,2bbe388d6b51b1ab,Hope you get the posts you wanted: PKR sec-gen Fuziah tells ex-members who joined MIC. Hope you get the posts you wanted: PKR sec-gen Fuziah tells ex-members who joined MIC&nbsp;&nbsp;Malay Mail,https://news.google.com/rss/articles/CBMi2gFBVV95cUxPR0drTVAwdFh2RjBhSnJOcE1VVVVqTlEtQUtzTkcyNzNSYUpjVUxnWktQeHhRdzZYSlBhU2Y5WVE0RmtCUkZMOVhhdlRTbzlxQ0k1WmR0cHNPWld4elBzVnBkbXZwbVBlYzBZZEhaeDRsYlpfRHViMVJ1bUxCYk5wQ2xWYll4bTVCSXQ0Y2xTdzYzYXVZUGRRNVhjWTgwLXUyNTJNQUlOaThTZDU3TnpuSmJ0RGZIWjE4UkFoSTdnQXZ6Qi1qS3JKcUNFUXM3UjNaMUozMDNTY28wQdIB3wFBVV95cUxNSUxIMllxUmh2R1N2bFY4SmJlZnVYU2N6UFNkQVJ2N2YzbzNMdlpVa0EyTTRzRi1oU1dvbUE4amNjYWhsX0hoNDRLTy1VMzh0eVZ5SmIwdm5ESGs0bGlLV3BYSlRYQU81U3pGVGo4WnRrWnU0ZllmYkN6cjliMFB2bUwtakhTcTlmN1lDcFlHcUwwNnR4SHlSRnhFZzBad2xSeHNJeHdtaVBGSGp0MDJlUU9HQkhCUU1Da3l3WkdCUzJCcVFha1lGaTd3cjlCSS1Lb2V3MnlfREJ4ZW1heG1Z?oc=5,,2026-06-30T06:16:08+00:00,0,0,0,0,0.0,0,IN27,tamil,india,Komuniti India / Tamil,news.google.com,india,"""Johor Bahru"" (Tamil OR Indian OR SJKT OR MIC OR Hindu) when:30d",google_news_rss,indian_narrative,,,
news,post,d2b488ec440a433d,Barisan Nasional expected to put up new faces in Johor polls. Barisan Nasional expected to put up new faces in Johor polls&nbsp;&nbsp;The Straits Times,https://news.google.com/rss/articles/CBMipAFBVV95cUxPLW9xODRVSmdzazlCamZ5aHNPWlI3ZHlJbzZuX2pLVU1xS18xd2pfTlRzenBXUjN5ckhsMHNzYVJaOEk5dkpfOHNIM3VuR3RlWktxNGhEb3VEdjFLTzVCZUF6TFBZV1VLZGpTMFh6NHg5OFUwUkM5YkFTRGZDOVk1b0tBOHpROV9KTVBoYjNqekRJNGlwcEZoSW50Q2dkQlctVUM2UQ?oc=5,,2026-06-17T07:00:00+00:00,0,0,0,0,0.0,0,IN27,tamil,india,Komuniti India / Tamil,news.google.com,india,"""Johor Bahru"" (Tamil OR Indian OR SJKT OR MIC OR Hindu) when:30d",google_news_rss,indian_narrative,,,
news,post,4149830582b9a378,Johor polls: All 56 nomination centres closed at 10am. Johor polls: All 56 nomination centres closed at 10am&nbsp;&nbsp;The Edge Malaysia,https://news.google.com/rss/articles/CBMiUEFVX3lxTE1OTDNuOWpWWjE4X3FuUk90bHVackJwby1TendmaHRzT09qN3YxNElDNDItM3RSTXhCSVNQczRncUt1WDM5SjVCVURPNGF3RW02?oc=5,,2026-06-27T07:00:00+00:00,0,0,0,0,0.0,0,IN27,tamil,india,Komuniti India / Tamil,news.google.com,india,"""Johor Bahru"" (Tamil OR Indian OR SJKT OR MIC OR Hindu) when:30d",google_news_rss,indian_narrative,,,
news,post,104250bcd1674dc6,16th Johor state polls swing into full gear tomorrow with nomination day. 16th Johor state polls swing into full gear tomorrow with nomination day&nbsp;&nbsp;KLSE Screener,https://news.google.com/rss/articles/CBMivwFBVV95cUxQcUVXQ21WdjlOOEphQVQwRkV0dVp0Sk1oSGZyVHR1SlE3Zi1DSF9OdVV0RkE0a2JDZEljUWNWa2RGT2Y2WXhWTFZlcDlvcU11TG9Cc3VCZ3VHYVR2dUt4YkpjQ3ZqcllJaG1Rd3o1eG41dmoyRGdZT2llRGdyVTlxcVJkU01WQzgxV2hHWldPY0N0eTJfWC1iRU04Y0JuQ1Jkd3haZjRVX3l5OUZvSkRadXpMeFBOREdaRTJaTDVEQQ?oc=5,,2026-06-26T03:57:18+00:00,0,0,0,0,0.0,0,IN27,tamil,india,Komuniti India / Tamil,news.google.com,india,"""Johor Bahru"" (Tamil OR Indian OR SJKT OR MIC OR Hindu) when:30d",google_news_rss,indian_narrative,,,
news,post,5c6c27b7c0a12bf8,"9 JB Supermarkets Near The Causeways For Affordable Groceries, KIV This For Your Next Shopping Trip. 9 JB Supermarkets Near The Causeways For Affordable Groceries, KIV This For Your Next Shopping Trip&nbsp;&nbsp;TheSmartLocal",https://news.google.com/rss/articles/CBMiX0FVX3lxTE5GRm5SMlpWcmJ3RE5hS216X0tPNHdOZ1FUeXJOcmctdk5ZQk5TOTMxbXZ0aVJ5aE1PQVE5LXhHYUtRSE8yLUpCbF8wTWVpNzJSODJ6MENMNjJWd2hrNzNJ0gFkQVVfeXFMT1VqcVNyb29CUVlDWnlLMzAzN3BzajduamJxYjEyM243akdudGU1Ql9MejFpemxCWTlDdVgzbkItV2FrbHhXbWRyRWdYcnZhMVEwUVFSZ2lPUGMzY1VjU1FsQWZKbA?oc=5,,2026-06-24T07:00:00+00:00,0,0,0,0,0.0,0,IN27,tamil,india,Komuniti India / Tamil,news.google.com,india,"""Johor Bahru"" (Tamil OR Indian OR SJKT OR MIC OR Hindu) when:30d",google_news_rss,indian_narrative,,,
news,post,6e0938c580e415a0,Govt allocates RM20.8mil for Indian students via Mitra initiatives. Govt allocates RM20.8mil for Indian students via Mitra initiatives&nbsp;&nbsp;Free Malaysia Today,https://news.google.com/rss/articles/CBMixgFBVV95cUxNdGlfNk1Demw0Q1pCYWoySFo2eUl1WVJRWFlPVXk4N2JlTUo5YnoxNDV3Wkh2QVRtSm9SSGFNLXJXTThOcjFZSEJ6djE5MWZ0Wk1jb2ozSDhoZ2NyeWZra1YyQzVaek1DV3VnVDdEYUp4c2FsZkdkcWVxT29jVEtiY21BOHV5dGgyVWx5NmluTHh4ckRQbGhiMUtNZ0x3aW5IdTJSRjYwMTZOdlZaYWRmYk8yU29mMkhnMVBoQVNOTmRTSmV5Q0E?oc=5,,2026-06-23T07:00:00+00:00,0,0,0,0,0.0,0,IN27,tamil,india,Komuniti India / Tamil,news.google.com,india,"""Johor Bahru"" (Tamil OR Indian OR SJKT OR MIC OR Hindu) when:30d",google_news_rss,indian_narrative,,,
news,post,7c60c08743eeaa59,"MIC to contest four Johor seats in state polls, says party veep Murugiah. MIC to contest four Johor seats in state polls, says party veep Murugiah&nbsp;&nbsp;Malay Mail",https://news.google.com/rss/articles/CBMiyAFBVV95cUxObFZFbnNuODFFWmpxb0NNc21jeUxkWVk1VnhoUVNlOExxb1paTkZvOEpkSGdLMXpFVFQzNUNLbEpMX2FKU2pJRXJ6T1hVYmMtb181Tzg4VFlyNXlyTUJlelpTOS01RFJONllzZUhXR0JsaU5xWWMwdGxCOHQ0TnZIbmZpMzR0QUtjN1FwdTVPRTNIMUZTRnJQU0NtV3BWb0VBMnE4bGZKSXZqVlJnXy1WN0l2WnJvRnMzTHN3M0ZFT2dfOTlOMzJ1QdIBzgFBVV95cUxPOHJiSFc5aE5uSjRuNUFNYU5VQW5EVEliNVdyTkkzd1BmWURJVDBJcmtKSGViRjc5N2diZ0VSclZzMmpoV295OTRrZktlazNjYmdxMjMybnV5eDFFQ0hwXzdBV0FfRlpnU2Zfa25aUnlCQnU3WjF5ZC1KcHZGSWo2MXM1QW8xSmV3aDFCVkFZVHVUR3dzT1VhVFc0YldhVnp6Vm9hbTlvZVBVamxMcDY3Y2syN0hVcE82UnBLekVsTlBMRnRWckxTcjNLU1ZBdw?oc=5,,2026-06-16T07:00:00+00:00,0,0,0,0,0.0,0,IN27,tamil,india,Komuniti India / Tamil,news.google.com,india,"""Johor Bahru"" (Tamil OR Indian OR SJKT OR MIC OR Hindu) when:30d",google_news_rss,indian_narrative,,,
news,post,fe1b0cf1c38bb507,Johor polls take shape: Key takeaways from nomination day. Johor polls take shape: Key takeaways from nomination day&nbsp;&nbsp;KLSE Screener,https://news.google.com/rss/articles/CBMiqgFBVV95cUxPSlFyTEhuc1N0T1Uzc3JkdmxJUkFWYmdmclNhXzJ4WF9HNU9ZTHNDQ0hYU0lSV1pmb1VSRmo2NEV1OWd3eUg5VlItWjdOQzBFNmpnWEJDbi01Q0hFcUFOakpGSlpSa0RQOWhXTjBYODZTSkJsM05vMEhzb1NlRWFOU28zUzlQSGVDZlBBRnM3aE9zRE9TN09oUUhpZjVDWVl6bmwtTDFwWFdSdw?oc=5,,2026-06-27T07:10:36+00:00,0,0,0,0,0.0,0,IN27,tamil,india,Komuniti India / Tamil,news.google.com,india,"""Johor Bahru"" (Tamil OR Indian OR SJKT OR MIC OR Hindu) when:30d",google_news_rss,indian_narrative,,,
news,post,edb95e06ddf011fe,Johor BN to meet after survey projects only 35-seat victory. Johor BN to meet after survey projects only 35-seat victory&nbsp;&nbsp;Free Malaysia Today,https://news.google.com/rss/articles/CBMivAFBVV95cUxPcjdjNEtPVi1NUmEtX2N4a3V4WGJNdmpNMU10Q3lDQzZJaldvY0F3R1VyNmlIWHRSQ1dWbHMtMkhXdlM5OWo5U0JpMHY5UEp0aDE2RUtKcEVYX01SWTdFTGRSTzlqQ1hxRlVzSXBSdUNKLV96RWgwRjIzZEt6N0l5U3RwZEU2LVA4eU1iYzlpMFdrV2JGV1RHbTBrN2huMFpxLXlpa2dPTm9zNE9vcHNBc2RyQktobTlxYjVacg?oc=5,,2026-06-28T14:46:08+00:00,0,0,0,0,0.0,0,IN27,tamil,india,Komuniti India / Tamil,news.google.com,india,"""Johor Bahru"" (Tamil OR Indian OR SJKT OR MIC OR Hindu) when:30d",google_news_rss,indian_narrative,,,
news,post,9b13a7a399682f64,From Singapore commutes to affordable housing: What Johor election manifestos promise voters. From Singapore commutes to affordable housing: What Johor election manifestos promise voters&nbsp;&nbsp;Malay Mail,https://news.google.com/rss/articles/CBMi6AFBVV95cUxOR3dSSTNNVTVBdDd4bzk0eTRHT0drNG1hUlkzakR5b3VPSUkxYWpKZnA2cm4tcjlUTWdZc0w2VUNVbGpuU1JFekx1QnNjcGdhM2ZXX00zaEx4ZmRXaTV6cWtId284UUVBOUZaVE8tNlhuMlZiVmEzODN3VnZrNk5XSVJOak50YnJvRENUdURDc2FxdXJuaW8xMHpxN2lDaFozazA3by0tc20waFVXNkctVGxPdTJlRVg1cm56QWhIT2tEVFZWMTdYZmRjaXk3MDYzbVdWbGhaTERNbzB6aWV2N2tqNnc1Tmlo0gHoAUFVX3lxTE5Hd1JJM01VNUF0N3hvOTR5NEdPR2s0bWFSWTNqRHlvdU9JSTFhakpmcDZybi1yOVRNZ1lzTDZVQ1Vsam5TUkV6THVCc2NwZ2EzZldfTTNoTHhmZFdpNXpxa0h3bzhRRUE5RlpUTy02WG4yVmJWYTM4M3dWdms2TldJUk5qTnRicm9EQ1R1RENzYXF1cm5pbzEwenE3aUNoWjNrMDdvLS1zbTBoVVc2Ry1UbE91MmVFWDVybnpBaEhPa0RUVlYxN1hmZGNpeTcwNjNtV1ZsaFpMRE1vMHppZXY3a2o2dzVOaWg?oc=5,,2026-07-06T23:02:15+00:00,0,0,0,0,0.0,0,IN27,tamil,india,Komuniti India / Tamil,news.google.com,india,"""Johor Bahru"" (Tamil OR Indian OR SJKT OR MIC OR Hindu) when:30d",google_news_rss,indian_narrative,,,
news,post,2cb33fd7ed679afb,Johor election kicks off with nomination day tomorrow. Johor election kicks off with nomination day tomorrow&nbsp;&nbsp;KLSE Screener,https://news.google.com/rss/articles/CBMipgFBVV95cUxNekF0WmtnV0IycFhwZTExak1CUExaVFltQWo5d2hsaDFHVnk0a3hHYkhTcnZySHBHMG04dHI3aldIMFNYaVI3RkpPMmduaVJxZlpkLVNtcmdrYXN6SlJJbTRpMGxVUVFxX04tLWF0dkd2TGF1R0hQdlc5U25KbFdYNDNBU2xvMW9ZTWJGTlpicDYyemlTb1EzRzJscHBjb2ctcUk1dGRn?oc=5,,2026-06-26T10:23:04+00:00,0,0,0,0,0.0,0,IN27,tamil,india,Komuniti India / Tamil,news.google.com,india,"""Johor Bahru"" (Tamil OR Indian OR SJKT OR MIC OR Hindu) when:30d",google_news_rss,indian_narrative,,,
news,post,16303bab83028654,KESUMA To Upskill Workers Affected By Global Supply Chain Crisis Through TVET. KESUMA To Upskill Workers Affected By Global Supply Chain Crisis Through TVET&nbsp;&nbsp;Bernama,https://news.google.com/rss/articles/CBMiVEFVX3lxTE1uWVlQR3RMU0didkwwMzlhSGJ2SHFCMWJ3RXZrdjJna21JZlRGZm8zcHVnUWRJZ2p4OU1xakVmdWdnYnB6T0xTQ05ZUWdfY084bGVvUA?oc=5,,2026-06-23T07:00:00+00:00,0,0,0,0,0.0,0,IN27,tamil,india,Komuniti India / Tamil,news.google.com,india,"""Johor Bahru"" (Tamil OR Indian OR SJKT OR MIC OR Hindu) when:30d",google_news_rss,indian_narrative,,,
news,post,726afa9a5843a52a,Johor state election expected to boost its economy. Johor state election expected to boost its economy&nbsp;&nbsp;The Straits Times,https://news.google.com/rss/articles/CBMilwFBVV95cUxNZHhPQnZBTkNsdXN4SkJKY0k1amx4NjdYNjVyaktBOEozSWI0T0MyOEJUQ2g1NVNYT2JFTDBXMi1MYnFvLWczSElXaFhaNDZoRy1ZS1h2X0xfMGFzdHhtR25LMFNYb1RYUjZfd3FuUXgzUFFHY0phRFFNOW5KNXI1LXBfZl9xLU5iTm5hN19WNzhTTHRUVF8w?oc=5,,2026-06-24T07:00:00+00:00,0,0,0,0,0.0,0,IN27,tamil,india,Komuniti India / Tamil,news.google.com,india,"""Johor Bahru"" (Tamil OR Indian OR SJKT OR MIC OR Hindu) when:30d",google_news_rss,indian_narrative,,,
news,post,ad3b972bbe43a36c,Johor BN says it will not form a coalition government with other parties. Johor BN says it will not form a coalition government with other parties&nbsp;&nbsp;The Straits Times,https://news.google.com/rss/articles/CBMitAFBVV95cUxPZmlnc1hFRlk3NmVNdjNnTjRFdzVuSGFESGFsSmhtLThoV0plRTVtSHhDSHFNX2s4ZEs4T3FwTFdsRkkwUVgzSFcxQ3hSRkNLY21YYVoxcjhwMklRWlZwdUpPcVFtZW9ZSTBnMVpya2l6VzdoQ1lRVjJHTWRMS1JzSTdnakV3QS14dUlDd3dzUzA5dDlsVUtvVUtOd1JIbTJseEx6U3lUY2hCc2o5WTBIQ2NNUUY?oc=5,,2026-06-25T07:00:00+00:00,0,0,0,0,0.0,0,IN27,tamil,india,Komuniti India / Tamil,news.google.com,india,"""Johor Bahru"" (Tamil OR Indian OR SJKT OR MIC OR Hindu) when:30d",google_news_rss,indian_narrative,,,
news,post,7eb53a6e5251e06c,Bersama unveils 15 ‘ordinary’ candidates in Johor election debut. Bersama unveils 15 ‘ordinary’ candidates in Johor election debut&nbsp;&nbsp;Free Malaysia Today,https://news.google.com/rss/articles/CBMipwFBVV95cUxPdktEQ0lPaHRLTS11cVNNUGcxZno5b2xERF9BejY4UFdhbEM2blVCTVlMb0lMQnJoa296azBST0ZwM0QxLS1mX2FLNmxxV3dhWkRnaVZWZHdhWDZiN2swakZQUXp3NjNoU2ZFX0RUSGhPZ0lWYnE2UU85bld3VjI1cXVRMWEwV3BIXzVPYkp0TnhRUlZIOTdTUmc3WHdFbUJKWnFadEVnUQ?oc=5,,2026-06-26T07:00:00+00:00,0,0,0,0,0.0,0,IN27,tamil,india,Komuniti India / Tamil,news.google.com,india,"""Johor Bahru"" (Tamil OR Indian OR SJKT OR MIC OR Hindu) when:30d",google_news_rss,indian_narrative,,,
news,post,b14a6c8edf1d9676,Johor Polls: Rain Forecast In Seven Districts On Nomination Day. Johor Polls: Rain Forecast In Seven Districts On Nomination Day&nbsp;&nbsp;Bernama,https://news.google.com/rss/articles/CBMiZkFVX3lxTE55LVEyeHNJSEJYNnF5V0xGeWVJT0kzcTJJekFjc19DMGNIUFgyWi1haENVQXNDRnlxRVpSd1gyTHZrdmdKVXR1ZjVQVWQ1WmFYcDY1NWZ6c1c1d1FfaXpZb3l3aFRKUQ?oc=5,,2026-06-26T06:50:00+00:00,0,0,0,0,0.0,0,IN27,tamil,india,Komuniti India / Tamil,news.google.com,india,"""Johor Bahru"" (Tamil OR Indian OR SJKT OR MIC OR Hindu) when:30d",google_news_rss,indian_narrative,,,
news,post,a88ec24464b597de,A new chapter begins for SJKT Ladang Sungai Muar as Segamat school relocation moves forward. A new chapter begins for SJKT Ladang Sungai Muar as Segamat school relocation moves forward&nbsp;&nbsp;Malay Mail,https://news.google.com/rss/articles/CBMi4wFBVV95cUxNTGlDa3BlVTRMejRvVkU2dS1jUzY5aXVNcERUQ3RaQlJ5UWlUMWlQTXd4cW45dDcybnJiTlA5ZEltVzdDZWFzUlBlc2NkcEhyV1lVeFhxQVRCMmd2blFENlpLMnE4ZWNFNVVXaC1XMmdGaUZFTVlNNWR6d1Zrbl8wWWNpNzBSUlJYb3NPeDNBZW5WcWFMSjg3MEtYb2JIMzFDOUx4ZV9sR1FqWGJCcWJxMzlOOWFtV2NNWV9vcWVsNzlLYi1sSzA3X1ZPUkowVWZkdFlOcFZHM0hLOFZjTXUyWmdSSdIB6AFBVV95cUxNNktHbENfOHU0SlIxZWhBd2tKRzVGYko3TUpUUFRpamg2S2htVmxta1otb1pKTENqZVVweG42a2liaWlzRTFDellGalhWMmlnYmpwa2x5Q3M5Wnh1ZjRUOXpxakN2eHRqWkdtQkpma3ZibWRyZDBydHFfMlFoLW4yVFI3cFZwMGlvY0w5N0dQTzhoc1U1UGF0Z2wyd3NuN1FXUU9mU2xWM29uS3RRcV9sQXdNZFdzVEhRbDRfdE1DMjRZMXdaQ05uTlExMEVKSXEyTzdqTzRVTTQ3YjdJRDBlMjFMNXlocXFl?oc=5,,2026-07-03T11:22:00+00:00,0,0,0,0,0.0,0,IN27,tamil,india,Komuniti India / Tamil,news.google.com,india,"""Johor Bahru"" (Tamil OR Indian OR SJKT OR MIC OR Hindu) when:30d",google_news_rss,indian_narrative,,,
news,post,0df2ae93daa0020f,"15 Johor Bahru KSL City Food Spots To Try, Including Durian Cake And Cheap Dim Sum. 15 Johor Bahru KSL City Food Spots To Try, Including Durian Cake And Cheap Dim Sum&nbsp;&nbsp;Eatbook.sg",https://news.google.com/rss/articles/CBMiQkFVX3lxTE94VWpJVjF0WE5xby1ScHRRckl5S2Z6ZzFkNWphOFpDMnBHRU5LVmYwdmozRFFINURCYnpJVUpYNzNid9IBR0FVX3lxTE1hOV9udFVVVVgxU3VFM0wyUjY2RTM5RGdJMlpHdFBuWVhLUkdIOTI2cHRzajRFU3RQaVN3NEJqM0YtemFhMEhn?oc=5,,2026-06-19T07:00:00+00:00,0,0,0,0,0.0,0,IN27,tamil,india,Komuniti India / Tamil,news.google.com,india,"""Johor Bahru"" (Tamil OR Indian OR SJKT OR MIC OR Hindu) when:30d",google_news_rss,indian_narrative,,,
news,post,29d6aecffcf54626,"Taman Perling Shop/Retail Space for Sale in Johor Bahru, Johor by ARIF CHEAH. Taman Perling Shop/Retail Space for Sale in Johor Bahru, Johor by ARIF CHEAH&nbsp;&nbsp;EdgeProp",https://news.google.com/rss/articles/CBMi2wFBVV95cUxPWnk3RklsUHNEX0FsSXAyMHNwVnhBUXh2YzV1QVY5Yk84amY5blBkWTVwdktmdkt1Qlp4OVRYRC1Eb1hOSVJ1NC1LckRmajBKa2xxbThhN3BqelE0ZVlUWFBFTHJCclVENnBnWlA4NDNsZG9jZFM1ZUJ3TVdRRUd2bThNVEtuSEp6UE82Y1ZPLXdvVDQ1ZnN2d3VsX2pmZTNlWmh4QVJXMU1GcHJhd3Y5TmhhUGpIQVhUeUI2VlFmZUFoV2NVb0h2M0lSTXQxekxkcHkzTXN2dk1XWEE?oc=5,,2026-06-27T05:23:53+00:00,0,0,0,0,0.0,0,IN27,tamil,india,Komuniti India / Tamil,news.google.com,india,"""Johor Bahru"" (Tamil OR Indian OR SJKT OR MIC OR Hindu) when:30d",google_news_rss,indian_narrative,,,
news,post,01f5f43ffad59128,Karthik Live in Concert – Tickets Now On Sale at MyTicket.asia. Karthik Live in Concert – Tickets Now On Sale at MyTicket.asia&nbsp;&nbsp;EIN Presswire,https://news.google.com/rss/articles/CBMiqwFBVV95cUxPVlB0cXZDYnRiU3lFbGZDbzZKaEpxRU9jNmJDaWpsSmxyQVFQWWpHeU1sZWF4X2t1M3FSTWpzcWg2dDAzNDBJTV9EMGplTTZFaXdsVTZhWGdzT3ZVTkFEZEpFNDI5U3M3UXVncnh4eEVPTTRsYklqUEdRZWdIcTZ4OG95VlBlR2wxbEtidGZEYi1yM203cDBYa1ppXzVhaDJaMTZtRERuSFZ4Q2c?oc=5,,2026-06-29T08:28:00+00:00,0,0,0,0,0.0,0,IN27,tamil,india,Komuniti India / Tamil,news.google.com,india,"""Johor Bahru"" (Tamil OR Indian OR SJKT OR MIC OR Hindu) when:30d",google_news_rss,indian_narrative,,,
news,post,7b37b33f51205777,"We’ll govern alone if we win, says Johor BN chairman. We’ll govern alone if we win, says Johor BN chairman&nbsp;&nbsp;Free Malaysia Today",https://news.google.com/rss/articles/CBMisAFBVV95cUxQZTFDTEFXSHhibnBPLXhWSlVLVVk2OW9XQXFpYkZja0VkdEJLSHNUTHQtdXdaWWFseFZHcUF2Y2hmaWZsNzI0S1NMUDYteXdpOGlxWFpCTFZjSnlxUE9oaDF1NHpoNW9zWS1IX1pKczNRN0plU1JoZTctR1I4NFlaOThBZzR1dXRrUlQ1aU81ci1wSzZzcjQ5cTdpWGh4dV9YSUpfYlQ0U3FPOG13S1ZBRA?oc=5,,2026-06-24T07:00:00+00:00,0,0,0,0,0.0,0,IN27,tamil,india,Komuniti India / Tamil,news.google.com,india,"""Johor Bahru"" (Tamil OR Indian OR SJKT OR MIC OR Hindu) when:30d",google_news_rss,indian_narrative,,,
news,post,922109a2faa17774,"12 Best Buffets In Johor Bahru, Including Hotel Options And Free-Flow K-BBQ. 12 Best Buffets In Johor Bahru, Including Hotel Options And Free-Flow K-BBQ&nbsp;&nbsp;Eatbook.sg",https://news.google.com/rss/articles/CBMiW0FVX3lxTE9UQmM5WTRQcWdSRGlNRHNnSWhHNFNYUXp6LXVQVzBYUS03VS1IQkRGU2E4VHUxUU9kbEM4OVQ5NG8yWDJXeVpFNVMwMWJMNHl4bFJTckYxaGhvTVnSAWBBVV95cUxOa2lJR2dBQnBtUEFBNTQ1RURwbE9fWGFqQlRkNC1jV0NVbS1wdkkzN2FtUnpGN0FNdURPb2lTMGVISi1DNTFaSV9wOURrLXFXR0FFR28wSGF1cUNzbE5fZUE?oc=5,,2026-06-17T07:00:00+00:00,0,0,0,0,0.0,0,IN27,tamil,india,Komuniti India / Tamil,news.google.com,india,"""Johor Bahru"" (Tamil OR Indian OR SJKT OR MIC OR Hindu) when:30d",google_news_rss,indian_narrative,,,
news,post,a18556b2218e39dd,"BN announces Johor election candidate lists, Onn Hafiz spearheading the charge. BN announces Johor election candidate lists, Onn Hafiz spearheading the charge&nbsp;&nbsp;Malay Mail",https://news.google.com/rss/articles/CBMi0AFBVV95cUxNeDByeGk3a1FadXFVUlhOTnA1UWVIVW8zV3pkb00yNXBLc2lKdnZTelFVMnRVdUtmUW9ReDFLbFhpdlJlRTc2aGV2X2JXa2otQzNQYk5wc1M1Y0tRbjBMbkNKTTNrTWFHd2NuUVk4TEt0QUF0RWhHeVlCX3Y2VjI5a1BhaTdiYmRDOE1hVHNBX0FmOEFPSThxS28wMTFhS1pVekVwQi1NSXNscldYRkg0R3BPMjJYZDUwX0l6T1hiVGU3TjJYOGlubVlnekwwVHl20gHWAUFVX3lxTE9KcFY1Um1xX2VzaFdwSFVoN3lnM2NBMlFLM2NtZDlTWjItRWpua1dFREtyWG9PRkJGY3BnZk9qNE16YnA3cGV0Sjd2TVhXaE1NTjVDb01DYjlwV1dvX0tsUUphM2ZTa0pPSTEwckdjczlBamtFNlVHWXhqbjc5NDNqaDR2WkV5MjlEaC1QV2RiRjktTHJVRlh3OWdmNVNVek5wZnRhNXVDNUpnY3lmVl8yUUcwSENINGpqc1ZfRWhKRlFlN0NOdnFSZGF3RlVINXBZNlhwbGc?oc=5,,2026-06-24T07:00:00+00:00,0,0,0,0,0.0,0,IN27,tamil,india,Komuniti India / Tamil,news.google.com,india,"""Johor Bahru"" (Tamil OR Indian OR SJKT OR MIC OR Hindu) when:30d",google_news_rss,indian_narrative,,,
news,post,37163886de7c1977,"Onn Hafiz clarifies ‘same table’ remark on DAP: Disagreement over tactics, not race. Onn Hafiz clarifies ‘same table’ remark on DAP: Disagreement over tactics, not race&nbsp;&nbsp;MySinchew",https://news.google.com/rss/articles/CBMickFVX3lxTE5rdkFyV0hLaWdSOVBXTy1nM2hsZXFOM1NjSlpBR2R5cjFpbVVJdDhFVG1uZDdtNmJZaDNudlhpc2FubzVTN19UZDVrRFlCR0dDRUR2dnNJd1RMb0FTSkJQbVhTcHg3LWZ5alNDcmdkc0swQQ?oc=5,,2026-06-11T07:00:00+00:00,0,0,0,0,0.0,0,IN27,tamil,india,Komuniti India / Tamil,news.google.com,india,"""Johor Bahru"" (Tamil OR Indian OR SJKT OR MIC OR Hindu) when:30d",google_news_rss,indian_narrative,,,
news,post,16137ab320f59485,MIC’s election newcomer aims to oust DAP from Perling stronghold. MIC’s election newcomer aims to oust DAP from Perling stronghold&nbsp;&nbsp;MSN,https://news.google.com/rss/articles/CBMi9AFBVV95cUxNME1RbEhEdzJDcVMtVW9aOW1vbDloVzlYX3RieTYtUlVDSmVyUGM5V1IweFBpenNmZmVMdDc3bDMxNjU5Tms0Vzg3Z3N6M281UFFkY1hSSTVTQUxlWTEwN3RWM0czQkR5YWVxVVdVZGw4bnFnY05kRExCTUUwWXpxTE5QdnFmaHVyVjVIdjk3MERPdkV0b1lpdTgxRGQtSGU5Z05HMndRZkVLczUwNldtcFUxeFJVel9wYm9SN2p5TXVPNWNXWU9FcTFyYy1qMkV5cWxDTVNoMnBOSUc3QkVaNU5ZTS1qVVN1UDJGOWcwYVc4RFRE?oc=5,,2026-07-05T07:27:00+00:00,0,0,0,0,0.0,0,IN27,tamil,india,Komuniti India / Tamil,news.google.com,india,"""Johor Bahru"" (Tamil OR Indian OR SJKT OR MIC OR Hindu) when:30d",google_news_rss,indian_narrative,,,
news,post,17ec3945be3d8178,"Johor polls: Don't blame Bersama, the vote was already split - Rafizi. Johor polls: Don't blame Bersama, the vote was already split - Rafizi&nbsp;&nbsp;MSN",https://news.google.com/rss/articles/CBMiuAFBVV95cUxNbnVCQ1VFN1FsYWNEQ285Z3Q4Q1JYS3BLalkwbXlJeF9uWVF4VFV2VGxtV0U3SG0xcm9rWjYwM0dlNlhBUk1jLTlYWV9PUWcyTEJPMnRaaVRMbE5lcXc0bTdhT2V6Ymxra2R2ZnBsU2pWdmVMQzRwOGNCRHd0WHlreEhwd0wzVjlaUW0wRDcxcXJZdHctVUlQclNZQmRkOVVrOHRqV1hiYTk0TGxPVi1MZ1BjcGtual9U?oc=5,,2026-06-26T16:05:59+00:00,0,0,0,0,0.0,0,IN27,tamil,india,Komuniti India / Tamil,news.google.com,india,"""Johor Bahru"" (Tamil OR Indian OR SJKT OR MIC OR Hindu) when:30d",google_news_rss,indian_narrative,,,
news,post,c325d0c58b0d6a01,RM200mil for non-Muslim houses of worship upkeep. RM200mil for non-Muslim houses of worship upkeep&nbsp;&nbsp;The Star,https://news.google.com/rss/articles/CBMinwFBVV95cUxNc3FkRWV1X1pmT1JNZEhnT1pCV0c0R0c0Nk55OWdGUVdPbEFZeUphUzV0NWkzNjlKam5CWmlzclZzdDIySWRUX3liZFVtV0dLeng5RUtlSnpuQWtOcTM3YTRPejJoYXIwY0F1TDBKX0hienFNZF9VTTNTODYxVk5SLThpajVqOV9ROUtBZ3A3ZVdNVWkwVzBDSlBwME5oWjg?oc=5,,2026-06-27T00:25:11+00:00,0,0,0,0,0.0,0,IN28,tamil,india,Komuniti India / Tamil,news.google.com,india,"""Kluang"" (Tamil OR Indian OR SJKT OR MIC OR Hindu) when:30d",google_news_rss,indian_narrative,,,
news,post,d2781ab9c2d19091,RM200 Mln Allocated For Maintenance Of RIBI Since 2023 - Nga. RM200 Mln Allocated For Maintenance Of RIBI Since 2023 - Nga&nbsp;&nbsp;Bernama,https://news.google.com/rss/articles/CBMiYEFVX3lxTE5BVUU1aVpiWjM4NVRyYVk1SVU1azF0VUJYX1RVOFQ0bkNKS1dxclRfbmZ1aGw1dVd1ZnB5TjdWeWowNkxfTUp4d0wtQy11eVdSLXB6b1FpZ29ERFlMMloyTg?oc=5,,2026-06-26T07:00:00+00:00,0,0,0,0,0.0,0,IN28,tamil,india,Komuniti India / Tamil,news.google.com,india,"""Kluang"" (Tamil OR Indian OR SJKT OR MIC OR Hindu) when:30d",google_news_rss,indian_narrative,,,
news,post,3d0f213bb0a1ca04,Johor election: PH candidate seeks '110 per cent' support from early voters. Johor election: PH candidate seeks '110 per cent' support from early voters&nbsp;&nbsp;NST Online,https://news.google.com/rss/articles/CBMiugFBVV95cUxOSF9HUlRVczBBOU9yVXhmNzk0NTJtS0lrOHMzMXVrTUpYekpqTXF1T2YwTk1YNUFFZy1YTGdmTTZ3NHh3MGdyVWVUVE9JWjRvNmdWSXphVjF2WjQ3X19YdkpiemFNZ2ZNQTh3S28tSWRkcVdXZ25PNUtxNVJEVHB6c3dvZG15OER2V0tCQXpWWjVoaEQ5YU5INVRRaFlQbXlIY0NqQm9WbkQxWWMzVW5odVNDRUtDX3loUHfSAboBQVVfeXFMTkhfR1JUVXMwQTlPclV4Zjc5NDUybUtJazhzMzF1a01KWHpKak1xdU9mME5NWDVBRWctWExnZk02dzR4dzBnclVlVFRPSVo0bzZnVkl6YVYxdlo0N19fWHZKYnphTWdmTUE4d0tvLUlkZHFXV2duTzVLcTVSRFRwenN3b2RteThEdldLQkF6Vlo1aGhEOWFOSDVUUWhZUG15SGNDakJvVm5EMVljM1VuaHVTQ0VLQ195aFB3?oc=5,,2026-07-07T04:22:06+00:00,0,0,0,0,0.0,0,IN28,tamil,india,Komuniti India / Tamil,news.google.com,india,"""Kluang"" (Tamil OR Indian OR SJKT OR MIC OR Hindu) when:30d",google_news_rss,indian_narrative,,,
news,post,d5a12407da2371d3,Johor polls: Rain forecast in seven districts on nomination day. Johor polls: Rain forecast in seven districts on nomination day&nbsp;&nbsp;KLSE Screener,https://news.google.com/rss/articles/CBMisgFBVV95cUxOOWc4c0pBbEMybG9XQ09VenAtLWV2WHM3bks3aXBYWmI1MGJQRjZndjhEYW1WNUt0LUFNWXFEVGV2WEdTcC1ib0hHajI3MDA1OVMzamtqdGlaOU43eUpoUjRBa0VWOFk3WFFSc3FCMklfUTVjUTVNMDJibjZjcVNnNHliYnJOSUhvTWhQOTVwMFVZZ0lZaDAtMjc5d3hLZERYLWs2R1Q3MFc4UWJHMW9PZ0Z3?oc=5,,2026-06-26T07:49:52+00:00,0,0,0,0,0.0,0,IN28,tamil,india,Komuniti India / Tamil,news.google.com,india,"""Kluang"" (Tamil OR Indian OR SJKT OR MIC OR Hindu) when:30d",google_news_rss,indian_narrative,,,
news,post,fad7235bb42c632a,'Gugup pertama kali undi secara fizikal'. Kluang: Seorang anggota tentera menyatakan dirinya berasa gugup apabila pertama kali mengundi secara fizikal di kem tentera yang berlangsung hari ini.,https://www.hmetro.com.my/mutakhir/2026/07/1380802/gugup-pertama-kali-undi-secara-fizikal,,2026-07-07T15:42:25+00:00,0,0,0,0,0.0,0,IN28,tamil,india,Komuniti India / Tamil,hmetro.com.my,india,"""Kluang"" (Tamil OR Indian OR SJKT OR MIC OR Hindu) when:30d",google_news_rss,indian_narrative,,,
news,post,ac27e55e5878b325,"No PAS, no worries for Johor Bersatu No 2. No PAS, no worries for Johor Bersatu No 2&nbsp;&nbsp;Free Malaysia Today",https://news.google.com/rss/articles/CBMiowFBVV95cUxPOWx1S0xsRVNBb0F1X0ZIaFdYakJTbmd2eXV4S3NSSkx6VkQ5V05lMGVKOTdtbHdFbEg2X1ZWR01oXzU2QXlBMWlJcFpIUExSX19BaTFTQnFqTHRmUWNIVHYzckw1U1VlWDNFQXFoTVFQWE5WNVg2aVFnUU9mdEh2eUNsWWcxV0U4QmU0SnZNVDZuRERpU1JibnJjbEpJOFk4eEJr?oc=5,,2026-07-01T03:49:25+00:00,0,0,0,0,0.0,0,IN29,tamil,india,Komuniti India / Tamil,news.google.com,india,"""Batu Pahat"" (Tamil OR Indian OR SJKT OR MIC OR Hindu) when:30d",google_news_rss,indian_narrative,,,
news,post,624fd16df45ec08c,Nomination day kicks off Johor election race across 56 constituencies [WATCH]. Nomination day kicks off Johor election race across 56 constituencies [WATCH]&nbsp;&nbsp;NST Online,https://news.google.com/rss/articles/CBMiugFBVV95cUxNdlJfeGJ0NmRnZ1hxU2xGaGw2QVpPejBQV0VHTklvQWVENUI5bTQxWTFrc2VHQUJzNFlUc3loQlY3YXZDVW1SbnRLR1pfQnBRd1hzSmg2Ujhvem94aU5yY1RXUE5BYUd6TlhuMVMtVmJzbTVlUXBmR05wM2Nval91b1lzcjYwcHRmWUxhN3k4SXRFQUZjM0R2S01wb0xSV2k2SFJVRGwyRGhEUFZ2STJTTVlvekZQbDBoX0HSAb8BQVVfeXFMTnFpS1FDX2ZmTDU2cW1XSG1tTEhMcHZnYUZxMk9GaG5HMFAzZXQ5SVl1RlBobWs3MzBjVkt1R2J6TlhXZ25jWDZMaTJrOHBmQzllQlZhTFRqZFI0U1kxZDViRm1YMWxyUjdlaTFNM25Ka0JraEFMM1dIemp5QmVqamJaRkF6SUQwbGtaUUVHSENESF81QUlieDNUb3BOUU5xZUdyenNfdy1DeVdETmtrUEZObUpxeGMyNmFWMVVheFE?oc=5,,2026-07-06T15:24:38+00:00,0,0,0,0,0.0,0,IN29,tamil,india,Komuniti India / Tamil,news.google.com,india,"""Batu Pahat"" (Tamil OR Indian OR SJKT OR MIC OR Hindu) when:30d",google_news_rss,indian_narrative,,,
news,post,623811a37cdd2cbc,Johor election: BN's major task is to wrest Penggaram [WATCH]. Johor election: BN's major task is to wrest Penggaram [WATCH]&nbsp;&nbsp;NST Online,https://news.google.com/rss/articles/CBMipAFBVV95cUxNVVEwem5GRXNkYTk4cTcxSWhVN2Fqalc5cmgybUpwNDMzVUd3alRXUG11MG9veFExWnV1T19heG9tbzdQTDhPZFVMZUNRZXB5UDZqNUxMTm1VbW9nYld1Z1pkRmQweU5DYlM1SEdBQkw1V01MM0FFbVVzOE9GeVUzY1p1YmJsLVEyekx0U0dVZVoya0J4ZFBMUno4TGh6Qm9PeWxmc9IBqgFBVV95cUxPYkFfZ3MtQVFvYU5kWHZ2VHktdGpQRnczQlIzN1ZBT2dNcm5JZUx3Skd6QkhhVVR1eUdBNk55RlZmSEV6TnhxT2E2WncxMk9aVEQwbHJXdjlOdkY4ZlJ3cmx5eGdkblVZd3EwSGJIbTRrbkpUbTFfTkpVUnFpbkxjdW96Z3FDaVlpRC1uQWRYbHB6bEUyU2NBRm42MDMzc0xTaVVXSjVkS1R3QQ?oc=5,,2026-07-06T11:16:41+00:00,0,0,0,0,0.0,0,IN29,tamil,india,Komuniti India / Tamil,news.google.com,india,"""Batu Pahat"" (Tamil OR Indian OR SJKT OR MIC OR Hindu) when:30d",google_news_rss,indian_narrative,,,
news,post,075a7059b06f888a,"Johor, Negeri Sembilan polls test Anwar’s coalition authority. Johor, Negeri Sembilan polls test Anwar’s coalition authority&nbsp;&nbsp;ucanews.com",https://news.google.com/rss/articles/CBMimwFBVV95cUxQN0VDcDJqTS1wVk5UdmUzVzJVcHZJSG9zTnNrYjVQalpSenp5X0JyemlKMlFXN0s4RnlXRFUzcHRQQmd6UnQ3bVc4bW9iV0U4eXVMWnFia25Rb21UOGZkM29DRGpFeW1PSmZBQmRMbmZXN3VTY25uVDktSG5SbGxyVm54ZFFEZXpISFZtMXRMU25mSFdZQnlFcFc1ONIBmgFBVV95cUxPNzc0cFB2T1gwbTU1Z3dIX0NEa1pma3BGdnAwNi1WRzZBLWJaWlpTbW9fRWVuUlVPa3g0RUpKamFtbVBWTFVtcExLQXVnWFh4SnpJZDUzUTVpQUd0M1hodnBOMUluSDhxT1JFUWhWNVctdWV2RkhqOXJvXy1SRk0yNmZLSWxuTVp0d2s2ZWtYRkoxajlIalJMSjNR?oc=5,,2026-06-17T07:00:00+00:00,0,0,0,0,0.0,0,IN32,bm,india,Komuniti India / Tamil,news.google.com,india,"""Negeri Sembilan"" kuil OR temple OR Hindu when:30d",google_news_rss,indian_narrative,,,
news,post,db62495f4750e24a,"PKR's Johor, N Sembilan candidates list 99pct finalised - Fuziah. PKR's Johor, N Sembilan candidates list 99pct finalised - Fuziah&nbsp;&nbsp;Malaysiakini",https://news.google.com/rss/articles/CBMiUkFVX3lxTE5pVjIyZzRodnhuQXFuQ0lfRFJHTmhyc2JtUVhGUjRtNkVNaFlMaUpPSkFCRlpOVVZDMjVxZzZxbTNuVEVkZ3pLeHYxSnlvMUZ2N0E?oc=5,,2026-06-19T07:00:00+00:00,0,0,0,0,0.0,0,IN32,bm,india,Komuniti India / Tamil,news.google.com,india,"""Negeri Sembilan"" kuil OR temple OR Hindu when:30d",google_news_rss,indian_narrative,,,
news,post,e0c08c32501d2753,"Police gear up for Johor, Negeri Sembilan elections, says IGP. Police gear up for Johor, Negeri Sembilan elections, says IGP&nbsp;&nbsp;Malay Mail",https://news.google.com/rss/articles/CBMiuAFBVV95cUxPY2JEaWJUckoxMkJheDM1eG5LUDlCamZiYmpzdFVwQ0kxZXFLWExkbDVxazFEaHdOSWZjZGY3bFJIZTlJRTNHcTl6ajF3NmIxN1BkeVBjLTlCcjFzZFNVX25LQmlkWGtRdEtTTWlQel9jdDlDVGdLOV9JaXJlRWoxMkZuc3ZiTkdQaVlKandBMVJNZy1MWGZrQzhXbWI2NEkyc09WeTdSX25HUmRSSjgtQk9iSVNfTVlz0gG-AUFVX3lxTE9OT0pqSVVOWTlvTkw5bEZsbEZXa2dfdkxTUHFvSjRDLUFVNWNzZkhNODI4V0NNV3pqTzFXbE51WFdnVE5aZnNVU0o0Z3RWdFd5WnVSTjVCOWpzcnVJUkhvQlRRb2VfY0V3SldkWnMyX2xTMUQzdGJyTlZBQTlfZ2xPSV83aEE1VG9aMHRkQm9jVXJWWWRXbUxQUUtMMlJRNFNMUHVXRjEwSkpNNi1kTXNKNFFzOGhheWpweXotNGc?oc=5,,2026-06-15T07:00:00+00:00,0,0,0,0,0.0,0,IN32,bm,india,Komuniti India / Tamil,news.google.com,india,"""Negeri Sembilan"" kuil OR temple OR Hindu when:30d",google_news_rss,indian_narrative,,,
news,post,795f4d70ff72d2bd,"Negeri Sembilan, not Johor, real test of unity govt’s stability, says Azalina. Negeri Sembilan, not Johor, real test of unity govt’s stability, says Azalina&nbsp;&nbsp;Free Malaysia Today",https://news.google.com/rss/articles/CBMizwFBVV95cUxPTnh1Q0ItV011YzUwUDhYYTYtd2dCSTBXNElVYVhDU0VGVENQWnRhUWlmVEkxVHRIWHAweE5CbFFMSlIxR1B2S0pjU0NtVVJEVjN6VklleUZTSk5ncFVDTWRLMURzbEdtanJtSFBYcTRXN0QxRHlJQ2Nwel9WUkhoTTY1QWtpbWZkWll3NVUwTHpuVE9wVGlRU1Qxbl9MQXQta0poZG9nVjJ0ZExnVjRVWjlNMEN0c2tyWU1CdnVXM1JfRVVzZ0lvelBka0Y1QXc?oc=5,,2026-07-06T09:40:36+00:00,0,0,0,0,0.0,0,IN32,bm,india,Komuniti India / Tamil,news.google.com,india,"""Negeri Sembilan"" kuil OR temple OR Hindu when:30d",google_news_rss,indian_narrative,,,
news,post,432dbc9109d36a43,"NEWS: Johor to head to the polls Jul 11, Negeri Sembilan on Aug 1. NEWS: Johor to head to the polls Jul 11, Negeri Sembilan on Aug 1&nbsp;&nbsp;The Edge Malaysia",https://news.google.com/rss/articles/CBMiaEFVX3lxTFBERkwwRzE5aUZzQWpoWGhrMUhEV1JJNXBCdDNqRGxqSElydWdZMUNkaDA3aGRfU2h4QW1QS0Rfb29iLVQ4VWZKZzZsckljcjY5RXg3ektLaWw1LWFURXMyV3JFblJld0tz?oc=5,,2026-06-12T10:26:06+00:00,0,0,0,0,0.0,0,IN34,bm,india,Komuniti India / Tamil,news.google.com,india,"""Negeri Sembilan"" kerja OR pekerja OR pengangguran when:30d",google_news_rss,indian_narrative,,,
news,post,0cd36086bf8dd81a,"Johor polls on July 11, Negeri Sembilan polls on Aug 1. Johor polls on July 11, Negeri Sembilan polls on Aug 1&nbsp;&nbsp;Free Malaysia Today",https://news.google.com/rss/articles/CBMitAFBVV95cUxQYWctWWlZdnlKWmlKYWpQd1BYR0ZlNVFDZzF2Q2VDOWRQUmdWcnBlTjhuQ3FJV2pwY21OOXNQbTdLR0Fzanc4QUxIcXNqaWtRdnVBeHVrYU4wTW5CSXZhWWY2b1VESnh1dHBFai1PMnJtNTAxQ1R6Z1BQMUptLW1qWktHemlMM3g3NG1OaGhGMFBxVUlsMVJGUDdLUUFKcGhVUEE4cXJKRUlIbDhYLUh3SDZCaW0?oc=5,,2026-06-12T07:00:00+00:00,0,0,0,0,0.0,0,IN34,bm,india,Komuniti India / Tamil,news.google.com,india,"""Negeri Sembilan"" kerja OR pekerja OR pengangguran when:30d",google_news_rss,indian_narrative,,,
news,post,4ecb02c13b9044f0,"Pejuang to contest a few seats in Johor, Negeri Sembilan. Pejuang to contest a few seats in Johor, Negeri Sembilan&nbsp;&nbsp;Free Malaysia Today",https://news.google.com/rss/articles/CBMitwFBVV95cUxPN2NXNUlXLUFWbkNzX1FCWmxnUE5DZHpsX1Z1MXRwVUgxX1ZhLXZxeTA4UTRrbk1LclNJMWJxLVNMSlU0cnVINUJoWnZmdlZwSGxfMW1OMFByUDE0NzB4M2VyaTFDT1pGUDRwSVo1eUdKZ3ZwOWFUWm1aVG9DaVpXTUtYbWZNSmZmdVhOQ01zN3ZURXZpWG52cHBpeTllT0tjVVBveHRQNmczOTVCQmJfMmdXT29LclE?oc=5,,2026-06-13T07:00:00+00:00,0,0,0,0,0.0,0,IN34,bm,india,Komuniti India / Tamil,news.google.com,india,"""Negeri Sembilan"" kerja OR pekerja OR pengangguran when:30d",google_news_rss,indian_narrative,,,
news,post,2307cda89e7b9944,"Gerakan urges PN unity ahead of Johor, Negeri Sembilan polls. Gerakan urges PN unity ahead of Johor, Negeri Sembilan polls&nbsp;&nbsp;Free Malaysia Today",https://news.google.com/rss/articles/CBMivAFBVV95cUxPeGRfUnlFOUE0YmwxZXpnT1VQQnJQanN3SXBEZndJYXRrTWpoZzl0MWptVGk4QVNWWjV5ckxmRUI2emtub3l1ZDh6SWFPQkVFRHVsNjVwbjc1TkhmN0wza1Y3M1pwSFlwb1RpOTNIQ3R1NURHT3FPdWtISkJoV2tEOXlNTWRadk9CYXlVVk1aeGlSc2YwYkFxQUEzTkZBOUlXbTIxOWNBbnFBTjNERzVwSlFPTzc2dXVoZl96OQ?oc=5,,2026-06-20T07:00:00+00:00,0,0,0,0,0.0,0,IN34,bm,india,Komuniti India / Tamil,news.google.com,india,"""Negeri Sembilan"" kerja OR pekerja OR pengangguran when:30d",google_news_rss,indian_narrative,,,
news,post,a96ec066ce25ff5a,"Bersama to go solo in Johor, Negeri Sembilan polls, rejects coalition politics, says Rafizi. Bersama to go solo in Johor, Negeri Sembilan polls, rejects coalition politics, says Rafizi&nbsp;&nbsp;Malay Mail",https://news.google.com/rss/articles/CBMi3wFBVV95cUxPMUVfS19xdjJIa1hqMktNYlNJOTdNbHVsalVGaExxQ1RDTlBNMDU4Q2NyUWtnaXhzSDJWNEpOMC0xeklXWjBMZ0lQYVVlQ1dVQkFGY1A4cEZrX1l1UWpHUUdiZXlWYUMxTnlQdk9KOHc5a0pzWHRGcEw2OEdDR0lOa3JsemdiM1Z0VEF1RVg3SFlUWTJEMG9KdFV4LW51N2RqalhsSFNpM0JlRlgxYi12aXFsU21DR0x3LUg2c0dxMlRZNWZ2NUUyem11VG5tTnVKSF9TbHRMZHEtMU0wRkxF0gHkAUFVX3lxTE9wZnJ1YkhqekF6azA4MXEwQktTUEZMQUlZRzE3MGlYcExsTmpHT3JIb0xmUkg4alYyY2ozcjFoQW9QelFHRHJhVEUyNXNKQkcxVENrR0Z6dUVSY2dESHA2ekFUUFZ4bnhhQXVaWEpZV2lzRVdqVkFoTVFfS1h2VGRFaEQ4dlNJZENhRnJhQ3puN0ZHOVhCUjk3UnlJMUljcjFUVzAzUW5zN0FNWU16MXY0MlpXTm9tbXVSQkZJMS1xVVc2RHhDRnFaUk1GTmNwTzRINUQ4OW5oWTdieU40cGdzU3NNWg?oc=5,,2026-06-15T07:00:00+00:00,0,0,0,0,0.0,0,IN34,bm,india,Komuniti India / Tamil,news.google.com,india,"""Negeri Sembilan"" kerja OR pekerja OR pengangguran when:30d",google_news_rss,indian_narrative,,,
news,post,1ab6151a4c32395c,"PH finalises seat distribution for Johor, Negeri Sembilan polls. PH finalises seat distribution for Johor, Negeri Sembilan polls&nbsp;&nbsp;Free Malaysia Today",https://news.google.com/rss/articles/CBMiwAFBVV95cUxQMWlKOWV6OVUyRzZlN1Z4Z3NjMk9JNl9tZW9NYy1tbklvR2tXcnVBXzl0eENFbmJsLWJ4Z05hUnc3a2hIVVp0eEx2T3cxM2FILS14NXZaeE5teUJyTzl4NXc3aS0yaXk4WUd2eXNBSWZCZnBnN2JfLTlNWGRLaEtWUU8xb2JBakNtYktxZXp1R2VlcHczM0hPbkhuV3RVbXpaSFozbXFyY1dUbDZSMzBfYWxmeUxINXFlTVFRYkd0aGY?oc=5,,2026-06-08T07:00:00+00:00,0,0,0,0,0.0,0,IN39,bm,india,Komuniti India / Tamil,news.google.com,india,"""Negeri Sembilan"" klinik OR hospital when:30d",google_news_rss,indian_narrative,,,
news,post,3abde7a48c085074,Progressives get to test waters in Johor and Negeri Sembilan. Progressives get to test waters in Johor and Negeri Sembilan&nbsp;&nbsp;Malay Mail,https://news.google.com/rss/articles/CBMiuAFBVV95cUxNUWNremFaOHBOWlFuZDE1b2tLNkRUaElHQmZWWkVEZ01EYlFla1dwTm5xdFBSdVVnTmo5MDN0QkdWbXROR3E2WnRZcTBFREVJaVNDR3NhOWpXNVZTM191SlFoR2g0NnI0NlNUbnlzdmRwOXZfZG1XZlJEWkZ4SUFzOGNQeUNOZlJMQ1cxNVEyWkVkUXhjZzJxWmhtNU9tSktQMDdiR1p3SGVUcHhtR19YcjJpdm5FWE9t0gG-AUFVX3lxTFBYVnYxczZ1LXEtd0MxVDR2THV3R081WTlVR24zMy1Dd0hQODlyUU9FNFdtS2hmS0VxRFV6Qzh0dXhoZENsS0RWVFk5WmY1d0lsVnVEbzd6bFVZMEhpZHpFZmVIc0pJWl9jbGpqeTJiMjVJZ1BiZ25iVXNBajBIbDRDZ215OGpkcGNkc2puRkN4d1Buenk0aVk1OHNpZk9NOUJzYkFVS1B1M1FJWWZHSEFPSklrTGxEcjFqbTFkUmc?oc=5,,2026-06-18T07:00:00+00:00,0,0,0,0,0.0,0,IN39,bm,india,Komuniti India / Tamil,news.google.com,india,"""Negeri Sembilan"" klinik OR hospital when:30d",google_news_rss,indian_narrative,,,
news,post,ccb4a78d8a742042,"PAS to discuss Johor, Negeri Sembilan strategy and possible alliances next week, says Ahmad Samsuri. PAS to discuss Johor, Negeri Sembilan strategy and possible alliances next week, says Ahmad Samsuri&nbsp;&nbsp;Malay Mail",https://news.google.com/rss/articles/CBMi4wFBVV95cUxPdjd3RnV5ZmU2ZlVuNmJoNHpSanNPSDhJcmJWY3JwNW1yY3l1ODdLb0VMc2NIemRoMF95WTJmcUM4aHFoaGZTYl9zVHlkMUJOREFTLXFuVV9fMERaYjR4QTZmTmlCTmxDRzA4SW1JUTFzMFNhUlNweUVscXJoOXVSeEhEaFFQNnQ2djNMMHl4T2ZxcHd0WS11SDE1Wldoa0NkaEwzV3BJaU5ibkFSY0hVcFV1OGF5b0w4SktEZVR3dFgtX1h0NVJreXlfX2t6ZDJFem9VS0JDUEhEU2JfYWVZV1l4RdIB6AFBVV95cUxONklYcTVrb1pnQUFCdzZUeTEyZ1hQSUZGb0NISlIwZDNIMEFVTnhQSEtQR1pNc1VFN1pCWkpMNTYyTFZ5dFl5MTJ4VUFra0d6Ti14b3ZfSnNVTTZBcjlla1NQMUs1blpIM2l5aVRQZDdmak5OQ1FSYU1PaTA1WHB0Q1VEWk8xUmloaDg5Y29FY3V5RGlNWGdFaE5DRXg3NGZ2UWhLaTlTbnl4b0tKMWtJeXdwaEtITGRGOHIzdWVReGlFdXJxN2ZLNlZDYnltaTVmczhNYXU0ZTNqS1labkJhbkN2dFFORHIy?oc=5,,2026-06-13T07:00:00+00:00,0,0,0,0,0.0,0,IN39,bm,india,Komuniti India / Tamil,news.google.com,india,"""Negeri Sembilan"" klinik OR hospital when:30d",google_news_rss,indian_narrative,,,
news,post,26532e79b32409d2,"State elections are not referendums: Johor, Negeri Sembilan and the limits of local ballots — Phar Kim Beng. State elections are not referendums: Johor, Negeri Sembilan and the limits of local ballots — Phar Kim Beng&nbsp;&nbsp;Malay Mail",https://news.google.com/rss/articles/CBMi8wFBVV95cUxNV1NLMXdmY1RZdTRoNDF6NHFQNDlQdGRqaE9sdG44bk1jN2lmTDZQbWxzSnJBU0RDS1hKLXVuQ3E2NFBSTllMY0tVVXZBeXBCdkdwc2JuLV9QUlRfTVBPaWtRcWRreTZkOGk3MllaN05xVmFkZUVQeGV5VjZoR1hxV2dOT1JKWHRmS1JxQkZKTVJvMnhiQnNac215Yjd3ZlpTSFk2TkR5MjJKeUNaLVFPUVh3Ml9qRDlQSUZMdXFZcjFVWHZhQVpPMTVtOVdsNExVQVl6STgtaGZrM3JZTnlNd2k4Y21JcWtXdGVEdDRCOFFBZDDSAfgBQVVfeXFMT2lldEFpS3F1SkhpMC1QS1Z3S2RnU0k0Z1J6XzZZeXJzMzktX3M2LUljRllvbndNc1pHZnNWSThKZ2JzVFhWSHlPXzFPclFnRlQ2bFJ5b2NtbklJUFVFOWhKdEVoa2pPM3BJX3d4YVIwclN0MUVqM0V4dHJBaFZnOFhhVVJHT3R2aFUwOW5OT1FDbVBGZDl0a2c5eFRxMXZOSk54ZjJZcTlzck1LcThhSHpOOUpUXzlndG9MYnhjekg0MnREMEt6NEI2TjkwYXUxbzRVZk5PSF9CN1BGX0VtRHI2T2djaVp3dnd6VTRPSnRMRndPamItRUE?oc=5,,2026-07-04T03:43:16+00:00,0,0,0,0,0.0,0,IN39,bm,india,Komuniti India / Tamil,news.google.com,india,"""Negeri Sembilan"" klinik OR hospital when:30d",google_news_rss,indian_narrative,,,
news,post,428d0ba2e6277336,EC to announce key dates for Johor and Negeri Sembilan state polls today. EC to announce key dates for Johor and Negeri Sembilan state polls today&nbsp;&nbsp;Malay Mail,https://news.google.com/rss/articles/CBMiygFBVV95cUxNRnZSUml4REtQa3cwX1dDSmZCVzhaRVFEM0k1dHZqcTdWVkZmOTJyYUJmOVRQZmt0WXVIQ0lINHNPUkdMOU1kbDIxRmNTSkFmRENVX2RTaDNrN2p0ZXF2ZnRPUGNBWVBweGhfRzlRd3A0WGlSMGdpekp5WHNKZFY2OFR4UXJ2TU1ENWpNS0RIRU04WE02a3F3RUZickVRWEFpZ0MtY2VIU2lqT2dvRkl6Nk1BV3RVS0JCX3dCUFBVbE13Z1ZLYTdkbm9n0gHPAUFVX3lxTE1CangxNEJwRVhNajFPU0JWQ2JxelZwemN5UzMzRGFyd2I0cjlMX0VOMFhuMnBsbmdkM1FjY2Y0Uzk3bkpXd2lEaTd3cFlNYy1UWlA3ek5EX2NlQlZUeE0wa3hjbFd1aWJLSV92aVllcUF4ek1hbjVQbkVvMmtMUlVqNFlDVl9NVVAzcHV6N0NWa0NXdUFMYXgtR3hPSzFJOW12ekt1M1VRTzFsbTU0YkFvY1RGZEtodEJrWWR5N1hoazhmNGtqRVRTRDczX25BOA?oc=5,,2026-06-12T07:00:00+00:00,0,0,0,0,0.0,0,IN39,bm,india,Komuniti India / Tamil,news.google.com,india,"""Negeri Sembilan"" klinik OR hospital when:30d",google_news_rss,indian_narrative,,,
news,post,d73048ccbca53add,"Thunderstorm alert out for Negeri Sembilan, Melaka, Johor, Sarawak. Thunderstorm alert out for Negeri Sembilan, Melaka, Johor, Sarawak&nbsp;&nbsp;Malay Mail",https://news.google.com/rss/articles/CBMivgFBVV95cUxQd2lJcGg3WGlkeUhFX3hVY1dZYVRzeVlzZ3dYSDRPdm5rUkV4R1NEQjBRcnpvcHFjU25jN18xOGNXaEl5NFJudU9UMmk0MnJLRU1mVU9FSGhJY0MzSlZZNWZ4bFRQa3JsaW1ZSFppX1Q4cElWY3d0eU1WQkNoUzUxTUJTZ21uVzdhQThMcXMyYUV5cEdXQUJtQjBmbHpsQzlJVUg2ZWF0aW5JcmVBUmJOVG1DR1cxQUNuTUZtbnhn0gHDAUFVX3lxTE96dlpuaUtQbzNqYmFDWUZGVUhjZ2VWbmxQcDNIRUtWcmx4YUxXbURDOHVESE5tSVFIZU8tN2MtSTd3ZHhlSTBOQUVZZGdiTnozcTFZTm05NzVJUTU1cmF4aHNqbWRWZWNBdk1rbGswcUxIRjFZcTdOTjdFZG8wMUZQT0UtaHVhRFhwVVNnLVpiTTFrVEdON0VMZFpKTWRlSDhiLWw5bDZHZFlMSjNLZDA0ZXZHbzRvZGllUXJIX3VLRVlVRQ?oc=5,,2026-07-03T02:25:00+00:00,0,0,0,0,0.0,0,IN39,bm,india,Komuniti India / Tamil,news.google.com,india,"""Negeri Sembilan"" klinik OR hospital when:30d",google_news_rss,indian_narrative,,,
news,post,93b35ea0c8f2e530,"EC sets Johor election on July 11, Negeri Sembilan on Aug 1. EC sets Johor election on July 11, Negeri Sembilan on Aug 1&nbsp;&nbsp;Malay Mail",https://news.google.com/rss/articles/CBMiqwFBVV95cUxOc2QtQjlrRHkwS1lMTVl0cmtvNFlzMHNvcXhzUGlPT2JZeVItSzNUMk4tdms5NWNZT3phWG1faXFjckJuNjFGUzZ3UUVxN3I1N3UtVElUMzMzMUpuaER2V0NtaGZwanNCN0xlWWhtaHJteGVJYWI4VGhsMXNOVGROSHR2Qnd2VkpjTTNuSnVHVjF5TnI3ZWI2WGpDcU5vbEVibTNJNU9uWV9fWHfSAbABQVVfeXFMTWdMQVE2TzVuekJkSTNxR2RUN0RkRFJ5bXI0YndFeVVmbWIzbEJlcTVkUjZVNW9jS1ZnMzd0LVRya1o1YlotMTdxRG9oaGpCa0hRbHNCbzVwXzlMa3NQUVpWemZkWi1MajY5Vy1ucms4OXVTWXRLR0RFanZHR0pUWVR2U0lHdXZUdmItT2tkN213NElENUpDVHFKUEV2R3NlNXp0LW1Bd0V1TGJTeWlmNk8?oc=5,,2026-06-12T07:00:00+00:00,0,0,0,0,0.0,0,IN39,bm,india,Komuniti India / Tamil,news.google.com,india,"""Negeri Sembilan"" klinik OR hospital when:30d",google_news_rss,indian_narrative,,,
news,post,1406ddab8e67d8b8,"Pakatan not eyeing post-poll pact with BN in Johor and Negeri Sembilan, says Amanah sec-gen. Pakatan not eyeing post-poll pact with BN in Johor and Negeri Sembilan, says Amanah sec-gen&nbsp;&nbsp;Malay Mail",https://news.google.com/rss/articles/CBMi4gFBVV95cUxOS0NLSHhIb21Ga0RmZUVOY1gwYlFta3RqUGRMMFEzajh3cG11LVQ2VDBwNjdQQVl4NGVDSjdTSU4tQTUxTmVoc1NFYWdWR29OdkZlVWxfd3ZfeXdISTVvWDJVdTJlekk3NkFMbkVfWDhyMGZHWDd6aUFWYy16U3U4SHhMWi1vWFd5Q3FxVy1BV1lRaUJPU0czb1J2Qm1QQTNWMDBRdVUtRWJIa0o4YnpDc0V1ZU02ZkVuNFpDYjBSenhIbDlYeTZJTTlGS3N1ZTh3Z0dzTE8yV0hoS3BJS2ttVndB0gHnAUFVX3lxTE1PTUdjUEM2TnRLZFowenFueks0VnRtaFJnVE1lc0diaUN5Wl9qSEhLYjc1dmpxWUF3UFNwUWlmWTJ4bW5yMjQxLW1iWnMyYzlZSlQtN2lqOFJXRkoxdVhPZmJzdHpxb0ZXWmpZcENjTGVkTVBZY2ZMZzZBQ3M5TE5hLTJ0WFBtNF9SVGw3WjhaOF92cmk5NC0wdVFjcExfRFZtZ1VhTXJoU1FVaWY2UG45LVVoN0pOSGJ0eFY5djJmb0NPdUZXOVV5SXBPaFBLNDBwWUtibzlvdVVCaDVoR0gwNHF3NFRYWQ?oc=5,,2026-06-11T07:00:00+00:00,0,0,0,0,0.0,0,IN39,bm,india,Komuniti India / Tamil,news.google.com,india,"""Negeri Sembilan"" klinik OR hospital when:30d",google_news_rss,indian_narrative,,,
news,post,cd65e8b011521b00,"BN, PH should avoid personal attacks in Johor, Negeri Sembilan polls, says Zahid. BN, PH should avoid personal attacks in Johor, Negeri Sembilan polls, says Zahid&nbsp;&nbsp;Free Malaysia Today",https://news.google.com/rss/articles/CBMi1AFBVV95cUxQSUFLeUIxUWhiZXhJZkdIME9sSGwzSUdBeEpUV3Jwb1NUa09VaEM3VHVOVnQ3OV9OWGw5MXVKR2Jxazh6LTlGZlRrU292am5TM3Y0TURGMFl5QTlvc19YUGpZbk1VMjd2Vm5CSXd3bTI0MlFpeDdrNjc5SlpnREdqRHUxckdYcWRYeWRnb2ZkN1JHRVdaWjl2ZlJob1Rlb2p0YmVkZ0p0eW5TNW1TLWh0ZmN1dDNOSWFOSkRVbV84aXpRcGt6QUxOMUxyWVBlMzFqSm5FRA?oc=5,,2026-07-04T07:42:08+00:00,0,0,0,0,0.0,0,IN41,bm,india,Komuniti India / Tamil,news.google.com,india,"""Negeri Sembilan"" diskriminasi OR hak when:30d",google_news_rss,indian_narrative,,,
news,post,798c7524e8f4a06d,"Indian community can influence outcome of election in nearly 25 seats, says Gunaraj. Indian community can influence outcome of election in nearly 25 seats, says Gunaraj&nbsp;&nbsp;KLSE Screener",https://news.google.com/rss/articles/CBMizAFBVV95cUxQb2RLTWF4dmtrcGF4RnBwY1kyTHlsSjY2VkQ1aFdiZzFpQjdOak1HVzRrZVNDci01Qms1d0VyTDRwMExuUFVpRmgwTzN5SU11T2lCdGRRVHY0Mnhsdnk5RGxaQWlJck5NRFZ0UDY0ME1uT1NZNlVpLVpGUVB3c3dBc2JENjlaR00xbkVLZU9rRktvMVJOcGJhSHpUanRacF9XQlhiajVDTmw1QUJNRXRXckl4cnYyOHhGb1NtdGp2UGtrVWptQmRYUGdnRFE?oc=5,,2026-07-02T10:26:32+00:00,0,0,0,0,0.0,0,IN55,bm,india,Komuniti India / Tamil,news.google.com,india,"""Johor"" SJKT OR sekolah Tamil when:30d",google_news_rss,indian_narrative,,,
news,post,23f58a197c6c78dd,KESUMA To Upskill Workers Affected By Global Supply Chain Crisis Through TVET. KESUMA To Upskill Workers Affected By Global Supply Chain Crisis Through TVET&nbsp;&nbsp;Bernama,https://news.google.com/rss/articles/CBMifkFVX3lxTE5tRXhsTmRzQVNNYW0yQzk0aW02UEJqQ3djSEV5NzdjUW1qYmt5VHlTc1N3cTBfLXBia1Jnb2lfN0d2RzcyTnluRUlidWFyYW5waVNwSFAzRVFUc1hod2FrR1ZuNkd0NGhuUG42ZkxlVk9Qc2xZYjB6d2xMSWlvQQ?oc=5,,2026-06-23T07:00:00+00:00,0,0,0,0,0.0,0,IN55,bm,india,Komuniti India / Tamil,news.google.com,india,"""Johor"" SJKT OR sekolah Tamil when:30d",google_news_rss,indian_narrative,,,
news,post,837d6e1f306f9d49,‘Spirit’ visitor causes a stir at temple. ‘Spirit’ visitor causes a stir at temple&nbsp;&nbsp;The Star,https://news.google.com/rss/articles/CBMikgFBVV95cUxNak1nb2RkN3Q3RFl6WnNOb1JISmFmbk1Yam9seW9TRVIxbHpTR2Nzd2Q4NDNQVFBkT3BDVmxvNGRQdU5iWklvX29ETG5vWWZSdjVYeWRSU0Q4ZFFQcFBmM2R3SURTQTd5YUJoQ3owWmxwSjUza2hiZ2dXNmVfaTZWNjZMNGFBN29hbVZsUFprMzNJUQ?oc=5,,2026-06-12T07:00:00+00:00,0,0,0,0,0.0,0,IN56,bm,india,Komuniti India / Tamil,news.google.com,india,"""Johor"" kuil OR temple OR Hindu when:30d",google_news_rss,indian_narrative,,,
news,post,7c982e42b9a35759,Police Arrest Six Men For Assaulting Two Victims At Temple. Police Arrest Six Men For Assaulting Two Victims At Temple&nbsp;&nbsp;Bernama,https://news.google.com/rss/articles/CBMiZkFVX3lxTE85QmJ5YV83ZHRrbmU2ZnNScUJuT2t5ejc3Tm5CVHVYRXpSeHA0TEIyNE1IYWhjbUtQOEl1VjlvaVk2MW0yWFlNQ0dvbTJiVW93MHppUlk4N0JicVJaOXFlcWNRVjdiUQ?oc=5,,2026-06-23T07:00:00+00:00,0,0,0,0,0.0,0,IN56,bm,india,Komuniti India / Tamil,news.google.com,india,"""Johor"" kuil OR temple OR Hindu when:30d",google_news_rss,indian_narrative,,,
news,post,d7f1f99d05f69e31,Onn Hafiz urged to set aside land for temples in new housing projects. Onn Hafiz urged to set aside land for temples in new housing projects&nbsp;&nbsp;Free Malaysia Today,https://news.google.com/rss/articles/CBMiygFBVV95cUxPWDluZ0tURzhWQm5DWXdlMjBDbzZqTjlXdDVPcFdJVlVWR0lEdDRSUkRlSk5SdzBvTzlSLU13UWtJQjNnbDljV01oemVyVUduc1NGSkppbkYzX0Q5MDAzOEpqeUtvaUV0eF94dHdUcXB2QXhpLTg1UmhIeHM0YXZoTmo3NzBEaVVJTFllaEoxaVgtRGVJdEN2c2lkQVJweHVWT29zYUd1aXFnUFNFNzZjdzdMeVhkbDIzbW9rdXh1ZTZSbVFHcHh6RnNB?oc=5,,2026-07-04T05:40:03+00:00,0,0,0,0,0.0,0,IN56,bm,india,Komuniti India / Tamil,news.google.com,india,"""Johor"" kuil OR temple OR Hindu when:30d",google_news_rss,indian_narrative,,,
news,post,235c8215e7a14b72,"""The Parade of the Gods"": Johor Bahru Chingay as a Collective Memory and Reflection of Malaysia's Unresolved Cultural Politics. ""The Parade of the Gods"": Johor Bahru Chingay as a Collective Memory and Reflection of Malaysia's Unresolved Cultural Politics&nbsp;&nbsp;New Naratif",https://news.google.com/rss/articles/CBMibkFVX3lxTE5US3hBYWVqOXQzMm0zVFY4bFgyRnlabGhPX3pZWm9QWEdfU1ZRQ1VocnF5OWVDV3VpcWtWWlZ6cmZlVWpaSEVtdHlNV1RZbExOWHlZZHVkTHhYZTlyZFA5UVJyZXlMR0gydlBlQV9R?oc=5,,2026-06-22T07:00:00+00:00,0,0,0,0,0.0,0,IN56,bm,india,Komuniti India / Tamil,news.google.com,india,"""Johor"" kuil OR temple OR Hindu when:30d",google_news_rss,indian_narrative,,,
news,post,b5ded373d3b0fdd0,Six arrested after two men slashed at Jelutong temple [WATCH]. Six arrested after two men slashed at Jelutong temple [WATCH]&nbsp;&nbsp;NST Online,https://news.google.com/rss/articles/CBMiwAFBVV95cUxQNDNMS2M5NGNXWEIxNW1WRTUzcFhLbE53S2FOS20tVnpPTlUxS0lyc053RmY5dEtWNWZhTElqMDVOYUtSM05JYlU2NU5kRmhRYWpBeVpjRTFLWTNqTHA4NFdYZVNGaXZNRkhqUlVDNjJsVVgtZmJmMGpNaG80dVZQMnJScjYxTG1RdTd0SXdyNHVvandCci1sZVA3SDA5UF9NMGpqRmRuRC14RzZsaGh5Z3RYVkFGMl9xZGF0bG9LVVLSAbMBQVVfeXFMTXBtV2dhQ3RzNnppV0Nwc1ZTZTVpOVZKTElzZzJyNFFXUU42UlJULXFqWTJycEIxWEFZYWprMW5jbnZTZS0zVjRJYTB4QUpELXZINDU5RkRNSko0UDl2TlB1Szk1ZjJobGRLMDQyenhPS1d0eWVDdFhuRUNFaUZJUFRCcXlDWXhuOHJuSTBhNmZHWlBFRUFyUVFpTG4xS3RIbkZCYnZXM0N5eG9WTHJzaUFId1E?oc=5,,2026-06-22T07:00:00+00:00,0,0,0,0,0.0,0,IN56,bm,india,Komuniti India / Tamil,news.google.com,india,"""Johor"" kuil OR temple OR Hindu when:30d",google_news_rss,indian_narrative,,,
news,post,06e5541b46c53d04,BN Johor to hold meeting after projections show possible win of only 35 seats. BN Johor to hold meeting after projections show possible win of only 35 seats&nbsp;&nbsp;Jesselton Times,https://news.google.com/rss/articles/CBMitwFBVV95cUxQNGxCTlI1R3FSTVZOSWlOTXB3ckFKbGNjbmxXa3RCNFRpT09wRXFIck8wd3kzamYtMml1RDhubjFoWFg3eTV4bnVwSklCTnNWOTlaVU1OaWt4dS1TX1M4UlEyYkl0UDNQakVadGNsY0VFdGZmY1JDN3hnbVFodElHeE41eHlBNElCblFDQjBKSDZVc0ZZYmE4c2VrbEd3cDR3UDB3eks4R2tORXV4S0tIcTBqV2g0MFHSAbwBQVVfeXFMT0Mxd0ZKTzZSSGozUF9vOE1wcjh6azRVaktZeHQwaGNDdXlNTXg5WnVpYjBQVjlkd1FWQS1TaFFWbjZRZWZQaERqeUFJOUhVZ2ctWjRNWWRqSHpfa0pTcE54Qlc2SlRYM0J4bHhXSWJMZllQb25CWEhUbWhYRGZUVFM2a3NneHRVck9GNThjZVFiMVo5WlB1Sk41eUU1elZycUFyRjZEQmdPSzBQU1plWjBZZkFuNEk3czR5YTQ?oc=5,,2026-06-28T20:35:27+00:00,0,0,0,0,0.0,0,IN56,bm,india,Komuniti India / Tamil,news.google.com,india,"""Johor"" kuil OR temple OR Hindu when:30d",google_news_rss,indian_narrative,,,
news,post,f94bd7db0c368ae5,Johor polls: Indians to play decisive role. Johor polls: Indians to play decisive role&nbsp;&nbsp;The Star,https://news.google.com/rss/articles/CBMilgFBVV95cUxNMlI4bi1xNnhaOG9pcDdlSXFocWdtNk9QYUQ3TW9JalBqYklBblE1TFhRRjdFejJZaTFaWUwyUmFHWVhGdFR3OFpPOHd6TG84ZzJ2djdIRXBfWmJTQVlIdFEzb0t5TldrNkpLWnA2SWNHeFJremxEcHVHa0ZuWVByLTA2V1JnRUI0b25CT2wyTkYtZW90NXc?oc=5,,2026-06-24T07:00:00+00:00,0,0,0,0,0.0,0,IN56,bm,india,Komuniti India / Tamil,news.google.com,india,"""Johor"" kuil OR temple OR Hindu when:30d",google_news_rss,indian_narrative,,,
news,post,0f18d4b8084c6d5d,"RM1.2 Million To Mosques, Still Called A Kafir: The Impossible Standard Facing A Malay-Muslim MP In DAP. RM1.2 Million To Mosques, Still Called A Kafir: The Impossible Standard Facing A Malay-Muslim MP In DAP&nbsp;&nbsp;TRP | The Rakyat Post",https://news.google.com/rss/articles/CBMi7gFBVV95cUxOX2JQLU1IQzRWci1Nb0NIWTlsLUJjaHEzNTFUUnR5VUhZdE9VWjFWeDVGaUJNcElLaEp6WnlZRHhKdVhURzg5M2xBZnpzUWVleE1vcV9mcVlBOVBOX3d2cE81UDREeU9NTVhnSnBvT3JYNVBMQnJBOER5SldsYVN6NjBBVVhLQ1pJbVkyQ2QwTENVZFB2bi10X0lIX01lWlhiY1VCcG50QXdYZjBmbzdKN0VWakl1S3dvYzlEakVld0o0djZyUnRZRndSZmRCVmdTQ2VZcGhsX0dxamk3ZG1DZkRQVi1NV01acTJoMUJR?oc=5,,2026-06-22T07:00:00+00:00,0,0,0,0,0.0,0,IN56,bm,india,Komuniti India / Tamil,news.google.com,india,"""Johor"" kuil OR temple OR Hindu when:30d",google_news_rss,indian_narrative,,,
news,post,89152e3b02173ebb,The hidden bamboo village drawing visitors to Kulai. The hidden bamboo village drawing visitors to Kulai&nbsp;&nbsp;Free Malaysia Today,https://news.google.com/rss/articles/CBMiswFBVV95cUxQZTd3YlY4dmpLbUh5OXEyeHF3WWUzeEFLZ3A0X2syQ1ZhNVNuNFp5ZVZpR28tdndydUFzc3doQkJkN1IxV1A3TmdYVi1PME9iOUJMZ0VHaHJxZjZlS0hjbGc1a0I1eDJwSjdCVEx3cmpBR05yUVNvamhGenhFM3JYdkRRREJQYllHWEpSa3Vfb2wyaExVbDNmZy0xVk1DT1JKTzlScVBQNzNvb0hYaVM0b1JPNA?oc=5,,2026-06-12T07:00:00+00:00,0,0,0,0,0.0,0,IN56,bm,india,Komuniti India / Tamil,news.google.com,india,"""Johor"" kuil OR temple OR Hindu when:30d",google_news_rss,indian_narrative,,,
news,post,9309bea0370b621e,Johor Polls: Kota Iskandar's Development Must Benefit The People - PH's Dzulkefly. Johor Polls: Kota Iskandar's Development Must Benefit The People - PH's Dzulkefly&nbsp;&nbsp;Bernama,https://news.google.com/rss/articles/CBMiXEFVX3lxTFBfdnFpM1M5NzcySlVvY1lsckpKRnZyeDRZYlFRenNwek10UVlkTExBWVZuV01VQUVBNWgzUFRNVUxDUTBiMXc5emRCYTl3WjIycG9PcUpKQ2twNnFv?oc=5,,2026-06-30T08:01:00+00:00,0,0,0,0,0.0,0,IN56,bm,india,Komuniti India / Tamil,news.google.com,india,"""Johor"" kuil OR temple OR Hindu when:30d",google_news_rss,indian_narrative,,,
news,post,db8af9ecbef2807f,"MIC to field four candidates in Johor elections, encourages unity among party members. MIC to field four candidates in Johor elections, encourages unity among party members&nbsp;&nbsp;The Star",https://news.google.com/rss/articles/CBMizwFBVV95cUxOVGdSclJlRWFydGlDQ2p1NGFLQ3hoV000dmc3RjBreDljYzBZSTdud1RodE0yTkEzaVlhbnFOU0R0RDRCQnJEV2V3bGhiVG1BanhZcUxCZUNVX1oxMUp4TzdRUC14ZGZ6Y0RlX3dGdl9uVHpDLTJ4dkphRWVESjVmbk1mRTdockpzeG1nLTh3ZmxTY2V5dlR6azlmZFBoSTNLZXNtQi1LUGVHNVN0b0ZOQXFKaWZ0UmduemdNTktja1NzNmF0ZWFPMm16N1I0U2s?oc=5,,2026-06-24T11:04:00+00:00,0,0,0,0,0.0,0,IN56,bm,india,Komuniti India / Tamil,news.google.com,india,"""Johor"" kuil OR temple OR Hindu when:30d",google_news_rss,indian_narrative,,,
news,post,d601f14b3c22a0bf,"Four Men Charged With Unlawful Assembly, Causing Grievous Hurt. Four Men Charged With Unlawful Assembly, Causing Grievous Hurt&nbsp;&nbsp;Bernama",https://news.google.com/rss/articles/CBMiXkFVX3lxTE05d3YzUldPTHRoNWhmTFZQNmdZRm50dU1PVEdaWVRrMHM1VzFDeEFHSzllbFdZd0NwQjd5b2JSVnFwNE9vQS01RHpVQjlFWHlfek80MTB3WGtrZnhiUHc?oc=5,,2026-06-26T07:00:00+00:00,0,0,0,0,0.0,0,IN56,bm,india,Komuniti India / Tamil,news.google.com,india,"""Johor"" kuil OR temple OR Hindu when:30d",google_news_rss,indian_narrative,,,
news,post,e61cc44ac3834481,Chinese temples the latest target of thieves in Kulai. Chinese temples the latest target of thieves in Kulai&nbsp;&nbsp;The Star,https://news.google.com/rss/articles/CBMipgFBVV95cUxQalBGcXdnQlQzMzNUa0duOXhpTDZwN1hqSXBNeHZ1TXF1UG1xREpnd0ZwX0ZocnRtbVc3TVRJeTJ4dldwZk9iX3JsbWdIY3UxUFNHMmVZYWNKdGVjT0RNenppek5nTjhvNXVSUnJydlhETFRmSWlnS2U5Zjc5TUhaZWV3UUY1Z1UyTzFYODZsSUFuZ1AzaFA4SS1wRDBzdDA0aS1Kdi1B?oc=5,,2026-06-10T07:00:00+00:00,0,0,0,0,0.0,0,IN56,bm,india,Komuniti India / Tamil,news.google.com,india,"""Johor"" kuil OR temple OR Hindu when:30d",google_news_rss,indian_narrative,,,
news,post,70a821214d008435,"Top News Headlines In Cambodia, Indonesia, Myanmar, Philippines, Thailand & Vietnam: July 1 2026. Top News Headlines In Cambodia, Indonesia, Myanmar, Philippines, Thailand & Vietnam: July 1 2026&nbsp;&nbsp;Bernama",https://news.google.com/rss/articles/CBMiXkFVX3lxTE9tbHJRMG9WZ0FpNDJLOVNRWFFTNEJ5a0RUMFF6bmVGTU14V2NabmJndno4eHVUaHdzU2xQS1RNYUpuLTJ4RTRZMFpUX0NLSTVTR296RFIzNkxNajgzdmc?oc=5,,2026-07-01T01:51:21+00:00,0,0,0,0,0.0,0,IN56,bm,india,Komuniti India / Tamil,news.google.com,india,"""Johor"" kuil OR temple OR Hindu when:30d",google_news_rss,indian_narrative,,,
news,post,32485d56e4229396,New social security scheme for cross-border workers to be tabled in Malaysian parliament on Monday. New social security scheme for cross-border workers to be tabled in Malaysian parliament on Monday&nbsp;&nbsp;Asia News Network,https://news.google.com/rss/articles/CBMiwgFBVV95cUxQZER6UDk3azBIYnFDSUJ2NmdzSThnSWFKa0RYalpfUlB4bWtFSl94dkE0Z3F4ZkpJTERCWktuWEJ5SllpT3V6M0tCbnRkYU04RmJKMTlGOHlva0RiNm5zNXIyaFBEWmlaYlBKQi1oajlPX0xta0pnWEM0RktPQ0kxRXg5NnpRVlZEUVg0OE95SnNFRUxMdk41S3dYRHJiVjNnS1VIMTk3VjdTdHZuSkZDZDYxYndiSUpNeDd6WWFld0MzUQ?oc=5,,2026-06-22T02:28:55+00:00,0,0,0,0,0.0,0,IN56,bm,india,Komuniti India / Tamil,news.google.com,india,"""Johor"" kuil OR temple OR Hindu when:30d",google_news_rss,indian_narrative,,,
news,post,61eed2a2211f13b5,258 Johor undergraduates receive laptops under Mitra programme. 258 Johor undergraduates receive laptops under Mitra programme&nbsp;&nbsp;NST Online,https://news.google.com/rss/articles/CBMixgFBVV95cUxNT1FSRFZrUHRrcnNjam5EYTBfcHd2UkxsRHlvQk9QLXhiT1RKNmRxWHpEOWFpSUlGQjNyOUxpTmZ3cEt4N1RKcHNJZXZhYm0zMktPTEVta3l5ZDlSTFVHcm9mV3VMN1Fhc08tMTJIYmQ5QU1jMlhMY3B0V1hLNFljR3RLOFgwUkU5b0g3VWtDcTJvRzVyVktkUjRsUW8ybDNBWVpsR1NtTl8ySTNZTEIzRVlWcUJUNXdocHJIWDVWamFwZTl4TFHSAbgBQVVfeXFMUExUT0ZxQkFEQ2Zvdi1IUEx1OTNFTElyRW9hd0M3c1hxSjA1bzg4VjdLMm5SU0hUQnJpVVhqMzJxNVBZdm5HR21CdTlyQlQtTEhhbHhRcS1uSW1JeVkzN2NONmJiMTZDWGZVN1Rkd2Q0QUdFZ2JYWHNPb0NrRko1ZXZQRXVnT1VEb2o2NGEwdURCeThrWVV3Q0E0YlFuU25EWDVOY0dJWkpnanlCRWhOWG1RS0dSeHMzMg?oc=5,,2026-06-19T07:00:00+00:00,0,0,0,0,0.0,0,IN57,bm,india,Komuniti India / Tamil,news.google.com,india,"""Johor"" bantuan OR kebajikan OR MITRA when:30d",google_news_rss,indian_narrative,,,
news,post,106f79a3a951eea3,"Johor Polls: Indian Community's Votes Key For PH Victory, Political Stability - Gunaraj. Johor Polls: Indian Community's Votes Key For PH Victory, Political Stability - Gunaraj&nbsp;&nbsp;Bernama",https://news.google.com/rss/articles/CBMiXEFVX3lxTE9wNWQtZTVhbk1xdFRJV3UxSlkwX1lTUUMtTDJIWmpFNkJqSTNpY3RQUkNYR1ZGdjU3bWNKR2FpUnh4OHI4WXgxUlh4LUhJZjR5YWgteWdxbzlNU1kt?oc=5,,2026-07-02T21:00:12+00:00,0,0,0,0,0.0,0,IN57,bm,india,Komuniti India / Tamil,news.google.com,india,"""Johor"" bantuan OR kebajikan OR MITRA when:30d",google_news_rss,indian_narrative,,,
news,post,42d57af1b5d6421a,"Johor election: BN banks on track record, says Onn Hafiz. Johor election: BN banks on track record, says Onn Hafiz&nbsp;&nbsp;The Vibes",https://news.google.com/rss/articles/CBMiqgFBVV95cUxPM2drbnQ4U0Z2RTY2cDdZa1VqcF95YmoxVFNqMzFVR2RKNEUyZ2xGTDlKaWFPUGNXc01jZloweklWVGF3ZHUwNWhYZHBfa2lfRzR1YXpReE16Mk10VnlEaUVjbXQtRTQyV2c3V0VPbFJFX0RxMVZZYnRmLVN0Rm5zNTJYb0wxY19hTFlzX2dMTllhRkU0SGM0TzRzMDFEWGsxWHhtdlFxZkNKUQ?oc=5,,2026-06-19T07:00:00+00:00,0,0,0,0,0.0,0,IN57,bm,india,Komuniti India / Tamil,news.google.com,india,"""Johor"" bantuan OR kebajikan OR MITRA when:30d",google_news_rss,indian_narrative,,,
news,post,94ecdd50e9caa5b9,iMotorbike Johor Extends Support to Special Needs Centre. iMotorbike Johor Extends Support to Special Needs Centre&nbsp;&nbsp;iMotorbike News,https://news.google.com/rss/articles/CBMinAFBVV95cUxQY1AwQUhYeTFtNGtpNm5URlg2UUpjWHhGSWsyMlVSNVhXM2FsM0RFU1p5ZmN5dmNwU0d0SXNEdjN0dnp0S1JGUzI2ZVJRVmZ6X2k3R3ViUXV6X05DN016NHUzbEI4c050dmpiWmozRExzNUtqTkhTYTR1ZnlrSjhITnJyc2JXLWhSMDBwdFlTeXlCb0tQMGl1ODRxbFE?oc=5,,2026-06-26T17:39:12+00:00,0,0,0,0,0.0,0,IN57,bm,india,Komuniti India / Tamil,news.google.com,india,"""Johor"" bantuan OR kebajikan OR MITRA when:30d",google_news_rss,indian_narrative,,,
news,post,9bd9ed543c04b00a,Applications For Uyarvu MADANI Grant Open From Today Until July 13. Applications For Uyarvu MADANI Grant Open From Today Until July 13&nbsp;&nbsp;Bernama,https://news.google.com/rss/articles/CBMiXkFVX3lxTE5adWh2OWVFdUUzSDJDN1BGZzRrSHdjVHRUemVOTEN4ZUZMSkg4MDh6T1FJZk9aLUdiNGp6TzBJdm8zUFZoMXhEandRVVN6c2NPNTF0RjhmU0tNZEQ2NWc?oc=5,,2026-06-30T08:58:59+00:00,0,0,0,0,0.0,0,IN57,bm,india,Komuniti India / Tamil,news.google.com,india,"""Johor"" bantuan OR kebajikan OR MITRA when:30d",google_news_rss,indian_narrative,,,
news,post,e67299eaef663160,"Development for all 10 districts in Johor, says Onn Hafiz. Development for all 10 districts in Johor, says Onn Hafiz&nbsp;&nbsp;The Star",https://news.google.com/rss/articles/CBMiqgFBVV95cUxOWkMxcndSWGF3bDJCVmhORmNoNktGS0VraW9TOW9mbDJZRkNlWFpZVFg3aDI5cVd0LV9qV0NzRXV3U29MWFM3SUNjV3YxUUQtZFBNUlFsVXB6MHJCblF1NlJvdmV2a3Q3T2pGTkExcEZpRkVRMk9iemlXVjBJVGxuSVcwZGtpeGhPWm00bm5VWm9xUm12SXZNLThtOTdVTUxpdEdYcElrS3FQdw?oc=5,,2026-07-02T00:45:18+00:00,0,0,0,0,0.0,0,IN57,bm,india,Komuniti India / Tamil,news.google.com,india,"""Johor"" bantuan OR kebajikan OR MITRA when:30d",google_news_rss,indian_narrative,,,
news,post,637736545c8c5e6f,"Onn Hafiz is afraid to debate, says Puad. Onn Hafiz is afraid to debate, says Puad&nbsp;&nbsp;Free Malaysia Today",https://news.google.com/rss/articles/CBMiogFBVV95cUxQMGdlR0c3S0NoTE43NmxzTVVua0RNWm9iRDh4dFNQQTJld3ZnSWI3cDhjZTdWLVNKMGNFbTJ3M3UtTU5zU2wzenBfWHZhbUVra3ZTLWtIVnFzLWtiMTdFZ29LQ2U2eWJUdEtudmZZS0k5TklMcWNYVTRFYlQ1ZjBGY2dNclNDVDF5cDZpREw2X3FMY1FZUUFPNzE1V2tZTTExckE?oc=5,,2026-06-29T11:28:45+00:00,0,0,0,0,0.0,0,IN57,bm,india,Komuniti India / Tamil,news.google.com,india,"""Johor"" bantuan OR kebajikan OR MITRA when:30d",google_news_rss,indian_narrative,,,
news,post,d7c27b6591a452f9,"BN Johor election manifesto promises jobs, housing and RM100m youth funds. BN Johor election manifesto promises jobs, housing and RM100m youth funds&nbsp;&nbsp;The Vibes",https://news.google.com/rss/articles/CBMiuAFBVV95cUxPTHQ2ZkFNbkExeVdzWmtoSVR0aG1DYkszVWNYVnQwYzVBRVJJVzdhUVpzMmRpU1NJQ1NhY1VUYkc5TlJ0ODA3NEVURnAwNXJ6X19xRmphLTFTVVVKbVFySTNDWFFic1p6RldlYkhpRTNtSVFPSGZES3lHbHhKaURWNUJRUXdzLWg0aWlqUVdaM0ZYVFllbTJPUHdlVWdyX2NYZFJPODRHOWd5QVFBTGRiUktwdDJwMW85?oc=5,,2026-06-26T08:59:00+00:00,0,0,0,0,0.0,0,IN57,bm,india,Komuniti India / Tamil,news.google.com,india,"""Johor"" bantuan OR kebajikan OR MITRA when:30d",google_news_rss,indian_narrative,,,
news,post,8278e5e639ccb8c7,"Return to cast your ballots, young voters urged. Return to cast your ballots, young voters urged&nbsp;&nbsp;The Star",https://news.google.com/rss/articles/CBMinAFBVV95cUxOaHVuRHd4ZkpuWTVraWZIWUEzSzRyczZGdF9qc09nbHdhYjh3OUhUYmlJRnhwU3dGVFZORkZDbEQ2Q21oZ2xsNzI4dHF1X05yM3J1czc2TC0yQ1NwNXhRWEc0N3BTTkJFaE5Hal9vSVl0S0dhcXdzdTgwTFBRZThOQ1QwSnR0MDhKTXpTOGZBLXg4djFmdVBGOWJTbG4?oc=5,,2026-07-02T23:09:34+00:00,0,0,0,0,0.0,0,IN57,bm,india,Komuniti India / Tamil,news.google.com,india,"""Johor"" bantuan OR kebajikan OR MITRA when:30d",google_news_rss,indian_narrative,,,
news,post,db298ed554e69fde,"Tough for other states to follow Johor’s high-wage move, says economist. Tough for other states to follow Johor’s high-wage move, says economist&nbsp;&nbsp;Free Malaysia Today",https://news.google.com/rss/articles/CBMiygFBVV95cUxOazJiT1pkMy1vU1JMZ0YwU0RIUWdBb3h0anR3NFV4T2d2bHA2QzNRN3lIVHRoaGd3alZHRk9uSWoxRDVTV2NYS1RyYUFvUlVsVjVMSk42TXV2MkpGYWxfbjl6dm80bTluMnkyWHZBQmpqLTlCeFMtR3ZqQnZaOVhhWXROMFM0SGE5TVJXalBoT0c2OUQ2NFM5a3habHZMTUZDQ3F2aEJwdldHajVadTdVajN2dVloNlNWS2owNDNJLURmWVdUZlVaZk9R?oc=5,,2026-06-16T07:00:00+00:00,0,0,0,0,0.0,0,IN58,bm,india,Komuniti India / Tamil,news.google.com,india,"""Johor"" kerja OR pekerja OR pengangguran when:30d",google_news_rss,indian_narrative,,,
news,post,5b783a00e23b9bfb,"Jalan Teku/Pasai Siong-Kemuyang, SMK Selangau Projects Ahead of Schedule - Uggah. Jalan Teku/Pasai Siong-Kemuyang, SMK Selangau Projects Ahead of Schedule - Uggah&nbsp;&nbsp;Bernama",https://news.google.com/rss/articles/CBMickFVX3lxTFBrUkRVVlkwRlR6NEgtcHZBMFYwNUpYdTI3RUZESUNDclFHTWRCWmMxTDhDQmQzWXpGQXdmVUtmUTNQUjViVlotZ0hGQ1BJb2lUZlIzU2c0cWxIYU5IbHRpaWVTSUFCNkFHR2xSWkJiZkx4UQ?oc=5,,2026-06-26T07:00:00+00:00,0,0,0,0,0.0,0,IN58,bm,india,Komuniti India / Tamil,news.google.com,india,"""Johor"" kerja OR pekerja OR pengangguran when:30d",google_news_rss,indian_narrative,,,
news,post,c328427fc3df6606,"Kerja, gaji dan kebergantungan kepada Singapura jadi isu utama di Skudai. Kerja, gaji dan kebergantungan kepada Singapura jadi isu utama di Skudai&nbsp;&nbsp;Free Malaysia Today",https://news.google.com/rss/articles/CBMiYkFVX3lxTE5uRUdvWnN0SmhTVTRQSl9iSGgyRGVmN3RwMHVpamM0TzFGN3NQdGVkWUsxOFBmZUhMc1RyRm9sNGpvN21jbXJ4M2hldElDcWJSbVptQzRqTXozZEpja1MyYU53?oc=5,,2026-07-02T04:33:33+00:00,0,0,0,0,0.0,0,IN58,bm,india,Komuniti India / Tamil,news.google.com,india,"""Johor"" kerja OR pekerja OR pengangguran when:30d",google_news_rss,indian_narrative,,,
news,post,e45118ae973fb483,"Focus on jobs, wages, housing to win Johor youth vote, BN told. Focus on jobs, wages, housing to win Johor youth vote, BN told&nbsp;&nbsp;Free Malaysia Today",https://news.google.com/rss/articles/CBMiYkFVX3lxTE5KSm02aVZ2dWtfeW0xWFVSTWdOOVJpQVJVQ0xta3owRVFpUE1IMlhwUUVseHVTVUJIX3Zzb2h0ei0xOEpHemVhTmpOanhPSDk0WHpuT2UzMUdwWFFNN0pCSzFn?oc=5,,2026-07-04T23:54:18+00:00,0,0,0,0,0.0,0,IN58,bm,india,Komuniti India / Tamil,news.google.com,india,"""Johor"" kerja OR pekerja OR pengangguran when:30d",google_news_rss,indian_narrative,,,
news,post,e1792f384a6630d7,Indonesian Migrant Workers Experience Violence Again in Malaysia. Indonesian Migrant Workers Experience Violence Again in Malaysia&nbsp;&nbsp;Kompas.id,https://news.google.com/rss/articles/CBMijAFBVV95cUxPWkd6QnkyY21peVd4YWxicHhPT0lWMGpIU1FVMXFzTWNxN0RKeFF1WU1lM3Q4ZU1oNVd1Q3M4TVJsa1ZFRm1ldk1vaWF0NTVpbTdCaXVhR3NVbTd2QTR5eXBELWhQWkhwdFJDMzJ0d0lLS25YS1ZoZzBtbmdkSVlTNjRFeHgyVFdodUU3cw?oc=5,,2026-06-15T07:00:00+00:00,0,0,0,0,0.0,0,IN58,bm,india,Komuniti India / Tamil,news.google.com,india,"""Johor"" kerja OR pekerja OR pengangguran when:30d",google_news_rss,indian_narrative,,,
news,post,729a3c7f30132bee,"No pact with PAS, but we share a common foe, says Nur Jazlan. No pact with PAS, but we share a common foe, says Nur Jazlan&nbsp;&nbsp;Free Malaysia Today",https://news.google.com/rss/articles/CBMiuwFBVV95cUxQbEc5N2ZWMEcyVHZUcXRKYVNLUHljMFBBdUhrWEZHNFhKcGROQjltUk91X1NSdGw3dDhDSTVhcThPSUl5S0lrSkRsQVNOUF9meldKVWhrSjVURUwxMHRrSDdteEpURUpRRWpYaWxfaGFWSWg5NUlZdExib0lMRVp0OTNHYzFoSVVLTFlRTUgyR2hHR202N2hQSnp0U0x4bVZvV01LbkhtS29QMXVlUl9fYUJGdm5QeVZ2RUxB?oc=5,,2026-06-30T02:15:46+00:00,0,0,0,0,0.0,0,IN58,bm,india,Komuniti India / Tamil,news.google.com,india,"""Johor"" kerja OR pekerja OR pengangguran when:30d",google_news_rss,indian_narrative,,,
news,post,e494492e25c5bfff,Puad sokong calon PH DUN Rengit. Puad sokong calon PH DUN Rengit&nbsp;&nbsp;Free Malaysia Today,https://news.google.com/rss/articles/CBMiYkFVX3lxTE1FVllYbmVhODFfSXZlQ0dpOTd4VkNUUkNqNmNaNk9uX1BUOWpOazg2THZnbTV1U1VfdkZOUEhWZWQzN2VDX25ELXZxemZVVjJNLW8wSHlCMW1Nd0h0SHIxTVZ3?oc=5,,2026-07-04T06:57:32+00:00,0,0,0,0,0.0,0,IN58,bm,india,Komuniti India / Tamil,news.google.com,india,"""Johor"" kerja OR pekerja OR pengangguran when:30d",google_news_rss,indian_narrative,,,
news,post,cab3e2232824b3e6,"PRN Johor: Henti main isu lama, fokus kelebihan calon, kata Zahid. PRN Johor: Henti main isu lama, fokus kelebihan calon, kata Zahid&nbsp;&nbsp;MEXC",https://news.google.com/rss/articles/CBMiSEFVX3lxTFA1a09mMW5XbjFQMUZwQm5IRVVDWVFCS29vTTd5QWdBWW9UUVZqbWRhaWF3N1NUS3doSFR1OGlaMmh1NDFPNnhEOQ?oc=5,,2026-07-03T09:17:35+00:00,0,0,0,0,0.0,0,IN58,bm,india,Komuniti India / Tamil,news.google.com,india,"""Johor"" kerja OR pekerja OR pengangguran when:30d",google_news_rss,indian_narrative,,,
news,post,81e6e359b58c3da0,PBAPP To Invest Nearly RM2.9 Bln For 12 Water Supply Projects In Penang. PBAPP To Invest Nearly RM2.9 Bln For 12 Water Supply Projects In Penang&nbsp;&nbsp;Bernama,https://news.google.com/rss/articles/CBMia0FVX3lxTE4ydTFoSDJ5RTBzX1BwQnF0NlpIbklGOFdQU2U3LUFra2pZb25ZenNkZy1ybXZ5RU9NZlU1M0ZYWWNOSGdINGZUWWRrcDJiVjU5OXZWRnhVQTNBcEJsZElyU3NtY3EwMWNaNW80?oc=5,,2026-06-16T07:00:00+00:00,0,0,0,0,0.0,0,IN61,bm,india,Komuniti India / Tamil,news.google.com,india,"""Johor"" banjir OR bekalan air when:30d",google_news_rss,indian_narrative,,,
news,post,01edfe4caa8221a1,"Don’t get dragged into a feud with Puad, analyst urges Johor BN. Don’t get dragged into a feud with Puad, analyst urges Johor BN&nbsp;&nbsp;Free Malaysia Today",https://news.google.com/rss/articles/CBMiYkFVX3lxTFBwcVlrRkxLVlZzZFljZlNEOFZnU0J6TXVGcWtmMjNBWmN4SEQ0eVJnTzNkQ1dKSno5N25zYk9WOWJsdUhlUkg4V3NDVTkzb21JWFQ4RHlCVUkzbXF2Ym9sUkZn?oc=5,,2026-06-27T23:30:02+00:00,0,0,0,0,0.0,0,IN61,bm,india,Komuniti India / Tamil,news.google.com,india,"""Johor"" banjir OR bekalan air when:30d",google_news_rss,indian_narrative,,,
news,post,c8f771faf31bf0d9,Authorities investigating viral claims of newborn thrown from 10th floor of PPR flat. Authorities investigating viral claims of newborn thrown from 10th floor of PPR flat&nbsp;&nbsp;NST Online,https://news.google.com/rss/articles/CBMi0AFBVV95cUxNQnM1dWRBMndKc19CSXlKYVotckZYVkdheFlUVHBMTEp2bzBvdXlnOGdaZXNlV3lhRVZCUXotTHNUNFFlbExGemZGLURXZkliaXRfRVdSaW9UaGNfcEtfX3hnZDVva3RFQnJFTjJyTm5SRmZITmxWZThONnNLSnpqbkdvVkNvY2dYRjNTaDFwbjVLc2FnODVsakhFMzY5TVVqb19hdk9kN3M5V1lrUjQySmJSRXV6SnBvUVdYbm5NWi00dFNKSzhqVVM5N2lGZmpE0gHDAUFVX3lxTE9NOGFZYm9kVFpJYWl1a1VhVEk2QUd3TXlYUVU3WW9ZY2UyV1ByNnFfdzVoMFlJM3E1aVN1b0ZtSU9KWGg0ajVBU18yTFlqbUtRZTdlbFgtODFJNEh3dzdMZFZ2aU5Md1FCakZsNlFpNnIyZ3BWdEh0Rk9UYVFjSmQ5djRaS3hXVkFzZGF0LTduX3BCWEQxNE84czQ1VnNvbUlIYUEtLXNBN1d6RFotT3JsTHUwQWFtSk0yQzBHR0pyZVUyRQ?oc=5,,2026-07-06T01:02:32+00:00,0,0,0,0,0.0,0,IN62,bm,india,Komuniti India / Tamil,news.google.com,india,"""Johor"" rumah OR PPR OR sewa when:30d",google_news_rss,indian_narrative,,,
news,post,1fc56cbb10152d18,City housing transformed. City housing transformed&nbsp;&nbsp;The Star,https://news.google.com/rss/articles/CBMihgFBVV95cUxQM0FKMFFMVWw0ZkRFcDZrRk83WjNISTRIRjJmNFpkWlhPMVJvb25HX0FxQ1FvWlhSMEx4M3B0WFZsemNSM0FnRncwWThOMFp3NW16QTNUMjdaUXdmcGk0eXVZaWRhMFBSRDA4dXY5N0Y1ZDRiTHJXVHZYZWZRMDA5aTFzVHN2Zw?oc=5,,2026-06-16T07:00:00+00:00,0,0,0,0,0.0,0,IN62,bm,india,Komuniti India / Tamil,news.google.com,india,"""Johor"" rumah OR PPR OR sewa when:30d",google_news_rss,indian_narrative,,,
news,post,69de745688daf807,"Unity Week 2026: Rumah KAMI, Perkampungan Rumah Etnik Showcase Malaysia's Cultural Diversity. Unity Week 2026: Rumah KAMI, Perkampungan Rumah Etnik Showcase Malaysia's Cultural Diversity&nbsp;&nbsp;Bernama",https://news.google.com/rss/articles/CBMiVEFVX3lxTFBzQ0R2elp3WkN6cEZVb3FYUzRIRlR5X3lPRWhkUWpvUXJfOGhfUk5fV01vR2QzNTFIS2VpZU9iT2t6bDRwT0ZNZzBBb0hjaDlQOUVFTw?oc=5,,2026-06-13T07:00:00+00:00,0,0,0,0,0.0,0,IN62,bm,india,Komuniti India / Tamil,news.google.com,india,"""Johor"" rumah OR PPR OR sewa when:30d",google_news_rss,indian_narrative,,,
news,post,9a60366c697cf000,"Putrajaya earmarks RM216mil to improve housing, public wellbeing in Johor. Putrajaya earmarks RM216mil to improve housing, public wellbeing in Johor&nbsp;&nbsp;Free Malaysia Today",https://news.google.com/rss/articles/CBMizwFBVV95cUxPbUpvLW5odnhRdkoxQ2dZaktGOXhicGlYNEZOWFhmaTNPMWFKdW1kSlE0YjlsSjBtamdjc295VlJfaXcxZVBucDFYeGFSRXB4NWQwUG9ONzN3blRWTFFqaWZzYXRLLTZNV3ZfTlpPOHl3R2lURVI4OENIV3pPSV80U0l3bWozV1dlaHNfcWxSdHhWWDlzbk9FT0NuRVVnNExHX2x6b3QyR3VmYzUtQ1VFcWlfQWp1VzNYN3VDVHd5ME04bUs4SXpidjZHY252WVE?oc=5,,2026-06-25T07:00:00+00:00,0,0,0,0,0.0,0,IN62,bm,india,Komuniti India / Tamil,news.google.com,india,"""Johor"" rumah OR PPR OR sewa when:30d",google_news_rss,indian_narrative,,,
news,post,aecbf19af34d811f,"Johor gets RM216.44 mil from Housing Ministry for development, public well-being. Johor gets RM216.44 mil from Housing Ministry for development, public well-being&nbsp;&nbsp;KLSE Screener",https://news.google.com/rss/articles/CBMiyAFBVV95cUxON3VDTmNuTDROWTJuX2xkem1xRmxmWWQwZHUwZGl5RU0zSnZtZlhGOEVBNlpZd0RGT0ZNR3c3Y2dyRG5VdDI5YjNsc0VuNFRkYi1wSlhuc1RLQ1JFOUFsY3hHUllGMi0xNk1KZzhBbTY5M1FuNkFEeV95NG9wcHhjMXR2eGNCMlBEcF9OZXJPamY2VXJtb2RHSVRNZ1ZIa0gwVnEyekJVWVFMelN1QmVrTnFaR1Y5ell1bXpuYU9IYkJDMkJxQTQ2Qw?oc=5,,2026-06-25T08:32:46+00:00,0,0,0,0,0.0,0,IN62,bm,india,Komuniti India / Tamil,news.google.com,india,"""Johor"" rumah OR PPR OR sewa when:30d",google_news_rss,indian_narrative,,,
news,post,78bc08b25e013285,From Singapore commutes to affordable housing: What Johor election manifestos promise voters. From Singapore commutes to affordable housing: What Johor election manifestos promise voters&nbsp;&nbsp;Malay Mail,https://news.google.com/rss/articles/CBMi4wFBVV95cUxQSU1WTG11QmZxbHNQdDBqQWVEMHAtNWFvZ0ZoWFluLVdUa0JPeHZfeVpNSWtOamRkNGlOUUpSemYtQVpZNGdGQWtPNnRQMFNid0x4LWNiQ0ZLdzJGNGs5TmlhMGMtbHRBMGc0Mnd4N3RiQldXMXFwNXFoU0J3UGxTM1VSbjVuNDFRR0lpdWt5SU9hR0RmbGpRQTBaVVV5V0VmOGhkNGJNNnpnWHlacVlOTWZMc3BaY3NGU2hoNzh1RmlHT1psaHJwMDdpRjJONWlrYUhnZ1BUNUJRa2kwNDBoY3JnONIB6AFBVV95cUxOR3dSSTNNVTVBdDd4bzk0eTRHT0drNG1hUlkzakR5b3VPSUkxYWpKZnA2cm4tcjlUTWdZc0w2VUNVbGpuU1JFekx1QnNjcGdhM2ZXX00zaEx4ZmRXaTV6cWtId284UUVBOUZaVE8tNlhuMlZiVmEzODN3VnZrNk5XSVJOak50YnJvRENUdURDc2FxdXJuaW8xMHpxN2lDaFozazA3by0tc20waFVXNkctVGxPdTJlRVg1cm56QWhIT2tEVFZWMTdYZmRjaXk3MDYzbVdWbGhaTERNbzB6aWV2N2tqNnc1Tmlo?oc=5,,2026-07-06T23:01:18+00:00,0,0,0,0,0.0,0,IN62,bm,india,Komuniti India / Tamil,news.google.com,india,"""Johor"" rumah OR PPR OR sewa when:30d",google_news_rss,indian_narrative,,,
news,post,31f48747b613fa2e,KPKT channels RM17.97 million for Johor housing maintenance. KPKT channels RM17.97 million for Johor housing maintenance&nbsp;&nbsp;The Sun Malaysia,https://news.google.com/rss/articles/CBMivwFBVV95cUxQNXZuMU1xVVM3RWE3UmRmMlRVeklrNThoZW1sQzNBSWU2YzhrbU5qRXdIT3Q4RUNZQU9EbEZMRUMxcFFzZmhGV0RHVlpKRmpPRGpiQVBab290VVJIOWE2ZTlLRThHSTNjcEQ0RmVZeklVZHNWVURtM0F2ZUprazRmUVczbDRqeTRyVWt0cW5JdEJSdi05WGNGTWZZbnpGemZXYmR2U1RRVkQ3RWdQLXhMVWktX3FGMkR6dU40ZFhKcw?oc=5,,2026-07-03T08:52:26+00:00,0,0,0,0,0.0,0,IN62,bm,india,Komuniti India / Tamil,news.google.com,india,"""Johor"" rumah OR PPR OR sewa when:30d",google_news_rss,indian_narrative,,,
news,post,0e00b4fbd15106b7,Residents in Johor Bahru cry foul over smelly river. Residents in Johor Bahru cry foul over smelly river&nbsp;&nbsp;The Straits Times,https://news.google.com/rss/articles/CBMimAFBVV95cUxPVE4zdkptbFpaMFN2SUFxaEFSQXNHWUhRR2F5MTZoZHRNNW1NVlBRbUQzaHhfY0lVT2R1bTdXZ1pJU3NlWHFxMkVQX0lHaFBvTFg3RTM4SVFtS0JpQ0FnU3MwUjdmQWxfemJIN2VMNHNFbkhsZnFnNFZXekw0cGEwWVFuN3BBVjRWOHNVeHBNaWwyWHJoNVUzUg?oc=5,,2026-06-24T07:00:00+00:00,0,0,0,0,0.0,0,IN62,bm,india,Komuniti India / Tamil,news.google.com,india,"""Johor"" rumah OR PPR OR sewa when:30d",google_news_rss,indian_narrative,,,
news,post,50300a10ecd5b533,Johor Polls: BN Hopes For PAS Support In Bersatu-Contested Seats - Ahmad Maslan. Johor Polls: BN Hopes For PAS Support In Bersatu-Contested Seats - Ahmad Maslan&nbsp;&nbsp;Bernama,https://news.google.com/rss/articles/CBMiYkFVX3lxTFA1cllJZlJJMzA4ekJhbUZPR21GQzl4VzN2RFhxdk9INTBobEdkbjY0aUlCN1BEdzlHYk0ybjBjX1l5eGRvLV94d3BUa19ZdUs0WjlqZk1vSlhFYzFDZU5lS0hB?oc=5,,2026-07-02T19:00:33+00:00,0,0,0,0,0.0,0,IN62,bm,india,Komuniti India / Tamil,news.google.com,india,"""Johor"" rumah OR PPR OR sewa when:30d",google_news_rss,indian_narrative,,,
news,post,694c4226076a0f73,Johor polls: Onn Hafiz defends move to field ex-PN candidate Alwiyah in Endau. Johor polls: Onn Hafiz defends move to field ex-PN candidate Alwiyah in Endau&nbsp;&nbsp;The Star,https://news.google.com/rss/articles/CBMixAFBVV95cUxONnp6N25QRnBEdGdMWVhEV0xlMEVxaWRfZWNEZUlndWc5Zl9jYXNiYnozbVJ5QlhtUUFWVmptbHcwY1FKYmJ1VFVTd2M1Wkl1enduY3BoNFVHU2dWa3R4MFJuQ0ZjbXJMUUFJQVVoUndoNWo4UnAwaEFGTURTbVAyWDE0RGZJaFBiQ2pyazk1UndPVV9JNHFHT1pSdnpNQ0dCQzYzSTZnZ2FjUEUzOWp6OU5zRkRKZHJPcUtZOWJnRXAzNDVu?oc=5,,2026-06-29T08:27:00+00:00,0,0,0,0,0.0,0,IN62,bm,india,Komuniti India / Tamil,news.google.com,india,"""Johor"" rumah OR PPR OR sewa when:30d",google_news_rss,indian_narrative,,,
news,post,f1a672501a200b54,"21,858 Join Or Return To Umno Through Rumah Bangsa Initiative. 21,858 Join Or Return To Umno Through Rumah Bangsa Initiative&nbsp;&nbsp;Bernama",https://news.google.com/rss/articles/CBMiXkFVX3lxTE5veFR2NFE1SEx5RDliLUpRVUpzYXNfOHhhV1JuRFVvOWJtbnBWbF8wQ1VIX1puSmI2SEFNVzFvLUlqYnVsWGVmUmxhc3pCcWdYaEhnbkNSYWZCLWpQRXc?oc=5,,2026-06-12T07:00:00+00:00,0,0,0,0,0.0,0,IN62,bm,india,Komuniti India / Tamil,news.google.com,india,"""Johor"" rumah OR PPR OR sewa when:30d",google_news_rss,indian_narrative,,,
news,post,70a82549bfad8699,Johor MB backs Aliyah’s Barisan bid in Endau. Johor MB backs Aliyah’s Barisan bid in Endau&nbsp;&nbsp;The Star,https://news.google.com/rss/articles/CBMimAFBVV95cUxOU0M1MnpOSlU3MENjbURtalpqa3RNVUQtSkhnaTN1aVk3Q29Zb2s3emp1ZXRqWUxjdXktRURsaEVMc2ZFd0lIRWJrM2VmaldqMmtIQk93RGJkaUJwTFJ0MUE1dVZiak1xQmM5S055dDVvRGVCT3dESGE3Zkxic1A4QVZsazRLMFpILWM4cUsyanJkbW05TTBSOQ?oc=5,,2026-06-30T00:44:44+00:00,0,0,0,0,0.0,0,IN62,bm,india,Komuniti India / Tamil,news.google.com,india,"""Johor"" rumah OR PPR OR sewa when:30d",google_news_rss,indian_narrative,,,
news,post,1ff69376a85199f8,"Over 93,000 First-time Homebuyers Benefit From SJKP - Nga. Over 93,000 First-time Homebuyers Benefit From SJKP - Nga&nbsp;&nbsp;Bernama",https://news.google.com/rss/articles/CBMia0FVX3lxTE1GVFQ4VXkyQjR5U3ZEVkpPOXJfZEREamNSV011MDN0SUNINHdlWk5XVUY1V3o3MVlwTkdxY24yWWYxUi1paWpEVENaRjVMdUdENDlsdTJyb0dKT0F2dnhLVFF4RGZGaHFZTG5r?oc=5,,2026-06-30T09:46:25+00:00,0,0,0,0,0.0,0,IN62,bm,india,Komuniti India / Tamil,news.google.com,india,"""Johor"" rumah OR PPR OR sewa when:30d",google_news_rss,indian_narrative,,,
news,post,ad559164a2d90e11,"Over 800 Rural Julau Residents Receive Driving Licences, Qualify For Subsidised Fuel Benefits. Over 800 Rural Julau Residents Receive Driving Licences, Qualify For Subsidised Fuel Benefits&nbsp;&nbsp;Bernama",https://news.google.com/rss/articles/CBMiY0FVX3lxTE5RdmJtUHBoOHVrdUNBd1pVUjJkd185WFNhMDViU3ZabWdoY3FEcWJWV3VSQTltV05vRDFjMFMxQ0hKV1BFTlVjcm9ibThEX1R3M3V1Y1YtZU9CTzZPb2VpSkxscw?oc=5,,2026-06-28T07:00:00+00:00,0,0,0,0,0.0,0,IN62,bm,india,Komuniti India / Tamil,news.google.com,india,"""Johor"" rumah OR PPR OR sewa when:30d",google_news_rss,indian_narrative,,,
news,post,98dd73be6725c0dc,"Zahid: Johor PH manifesto no game-changing reforms, recycles existing state policies. Zahid: Johor PH manifesto no game-changing reforms, recycles existing state policies&nbsp;&nbsp;The Vibes",https://news.google.com/rss/articles/CBMi0AFBVV95cUxQbTZwTXVrUmYtQ25hVU42YVRSQ0t6MEZKSFRxSmxQVXM2cjRIbHJiRjFGRFRyLTBrNi11cDF1dFFqQXUyMUFZTEZGQWhaak1zalVGeXRfQnI4TTcwTm0wVjl2c3RydndqVXRKQmt1ODVJMGVIUl8wazZpaGZOb3JRYXFpZVVGWGg3Z3V6cS1zT0RNRzZ2YVpQaHpCMTJVa2hPX2VUVHVqVGdmQ3lqaFNEY2xLY0hxcExsNG9OX0Z6N3c3dEVWUXY5eUVsMzltczFX?oc=5,,2026-07-03T09:23:00+00:00,0,0,0,0,0.0,0,IN62,bm,india,Komuniti India / Tamil,news.google.com,india,"""Johor"" rumah OR PPR OR sewa when:30d",google_news_rss,indian_narrative,,,
news,post,1dcc87aeab04076e,Johor Election: BN unfazed by party-hopping allegations in Endau. Johor Election: BN unfazed by party-hopping allegations in Endau&nbsp;&nbsp;NST Online,https://news.google.com/rss/articles/CBMirwFBVV95cUxQOVhoRlFTdmRUVUl4dzZsT29tZTZtWXU1Wnc5NzRnUW42VjdwZDVLZ0toX3dLUkJMUHJMcEQ5MDVqTHExRHF2Q0RXYk1RZzNrZkdVeU5QekNyUTJybVlRUUx0VUdpQ2lIRzBKNHkwUkVSRDJwbWtNeDhKTzdvY0VHTHRXM1JEbE5lRUU4eTV3RWhZWXVXaDFEUGo0blZIWjlQNFNyRlRoT0FQUkZSblRJ0gG0AUFVX3lxTFBPTW1ZSDVHSzFrRm5CazFJSUNiMmhDWml2d3RidEd3akFDdmdTaE1WVnctd1RqajNKWGVxUEJoVUJiR2NMZWtFMnhhU0NtMnRGTHBOdGVLZkFUT1lCSTFuTmZsbEh3V2RKdjFTQmN5N3IzdmZxTWN3Z0dNNGNEbHFfckt1a1BzSy02TW5LR1E2dFVTSTU0SDhzMzQ2MVZyOHkwMUR6TmxvbkxoRGhEUFh5cnRoTA?oc=5,,2026-06-29T08:49:01+00:00,0,0,0,0,0.0,0,IN62,bm,india,Komuniti India / Tamil,news.google.com,india,"""Johor"" rumah OR PPR OR sewa when:30d",google_news_rss,indian_narrative,,,
news,post,ab63660e70db65ca,"Rumah Pangsa Permas Jaya Flat for Sale in Pasir Gudang, Johor by JANICE CHAN. Rumah Pangsa Permas Jaya Flat for Sale in Pasir Gudang, Johor by JANICE CHAN&nbsp;&nbsp;EdgeProp",https://news.google.com/rss/articles/CBMimAFBVV95cUxQZG9PX2U1eGN4SG9CZXNyUFZoYzNIUUdQZHBCbS1acklYMFAwX09yRGdqaFcxa0tpZmJqMC1IUzV0QmhKVDlMOWlqLW1pWWZvN0xDVW55Sjh1ZC0waTdqMWkxS2lVMS1jUWxTSXBISW82SWRtbkRNRGY0OFc0REd0eThOc2g5bWhET0pWOFJUM1hBdGpkcWtWeA?oc=5,,2026-06-12T14:08:06+00:00,0,0,0,0,0.0,0,IN62,bm,india,Komuniti India / Tamil,news.google.com,india,"""Johor"" rumah OR PPR OR sewa when:30d",google_news_rss,indian_narrative,,,
news,post,305a0c655a72a966,Bernama Radio Producer Wins Red Tape Reform Media Award. Bernama Radio Producer Wins Red Tape Reform Media Award&nbsp;&nbsp;Bernama,https://news.google.com/rss/articles/CBMiWkFVX3lxTE9rWmFsbU1jMGlVMFM4NmNTWlJseDZNcW5kdWg5cFZDSXRvOXRXM1lYVGwybkhJNmV6UktRQThwT2w5c19WQ1JieUttZ1RkN2JiYjQyWVpTREZ4Zw?oc=5,,2026-06-29T15:46:00+00:00,0,0,0,0,0.0,0,IN62,bm,india,Komuniti India / Tamil,news.google.com,india,"""Johor"" rumah OR PPR OR sewa when:30d",google_news_rss,indian_narrative,,,
news,post,e512289a1d05050b,Beginner’s Guide for First-Time Homebuyer Malaysia 2026. Beginner’s Guide for First-Time Homebuyer Malaysia 2026&nbsp;&nbsp;Yahoo,https://news.google.com/rss/articles/CBMiigFBVV95cUxQWXUzR1NRQlNtOEo2QmRLeHNQNWI5azFrYjJyR2tXSHVfa0w4WjAxMEwtLWVSREtNMEtPQlI3MWlfdzRHbktSejFYc0t5R0U4ejFvdm5uT1hBekNHWElLMzVjb1IweEN2R0wzWU9CVUQ5b3g2TF9XS1NCTS1GSzl6MmkzUWxDb0N1Y3c?oc=5,,2026-06-10T07:00:00+00:00,0,0,0,0,0.0,0,IN62,bm,india,Komuniti India / Tamil,news.google.com,india,"""Johor"" rumah OR PPR OR sewa when:30d",google_news_rss,indian_narrative,,,
news,post,83ddac8cf3ec7d5d,"Umno adds over 20,000 members to ranks. Umno adds over 20,000 members to ranks&nbsp;&nbsp;The Star",https://news.google.com/rss/articles/CBMikAFBVV95cUxQUHhEazRuMVpCM1F0REpqOE96c3NleV9La2JjRldOTUNXZGhKZGJiRlpZX3lhUUVuQnRYaHJTTi1sZDRrUThVbkM4akhqckc3bnJzZk9JelZWQTZ4cU9UZ0ZaTXRRZzZoTVRxWlk3V2gtWUk2NFZ5Y0ZiNklGN25SeWlXWkRuc05xa1hucm81Umg?oc=5,,2026-06-13T07:00:00+00:00,0,0,0,0,0.0,0,IN62,bm,india,Komuniti India / Tamil,news.google.com,india,"""Johor"" rumah OR PPR OR sewa when:30d",google_news_rss,indian_narrative,,,
news,post,02ff03c5e981a75e,"Malaysia, Singapore Target January Rollout Of New Digital Immigration System. Malaysia, Singapore Target January Rollout Of New Digital Immigration System&nbsp;&nbsp;BusinessToday Malaysia",https://news.google.com/rss/articles/CBMivAFBVV95cUxNc2prVHo5YTdkXzJRbUhpVVIyaDlYdFZmMlA1dWZoVERlbmNjRDJQWEJPSTVidjZfODJWWlkza3BxY05seUl5b3pqZVlJMjVRYW9ZQXVnQXo2VV9vZmRDTzdDZHRJOFNrRlRKbHgtM1hYUm1NOFVDRDN2dUpSNWl5MWJTSEZfV2Q2bnV1M0dDMGd3M2RRMnpIaGN6NE9ENmFHUzM0bUlWd25keUd2QzMtMWEyYVZlbXA2bVJGVw?oc=5,,2026-07-06T02:05:29+00:00,0,0,0,0,0.0,0,IN62,bm,india,Komuniti India / Tamil,news.google.com,india,"""Johor"" rumah OR PPR OR sewa when:30d",google_news_rss,indian_narrative,,,
news,post,d1cea70c142bf157,Anwar: Malaysia and Singapore to launch digital immigration system and new lanes by January. Anwar: Malaysia and Singapore to launch digital immigration system and new lanes by January&nbsp;&nbsp;Malay Mail,https://news.google.com/rss/articles/CBMi5wFBVV95cUxPVHZpUGRuRzAyTnVRU3Zidi12UFR0VzhYWjhDQzE1ZWlYRUhUQVBkeFl3NTRTanE3Z05Nclh2dG5XNGI1dTY1X3UzQ0VUeUJVckI3QnpNa0QzS1cxQ2U0Q241V2QtR1YwYV9JeXUxbFlSWV9KRWVONlU5c29sMjlvV3lyNmpHdUJSS0JVODJiVHUzTVVUMG1ST185cFVOSFpCS0NBdFBxZnZrcm9idk9mdHBUUm44THFyTkY2ZmxDc2lQMXVEQ1NUci1UN3VIUDFCWjdsa2JEQkZfTDJhb2dXUGN6YXJDaHfSAecBQVVfeXFMT1R2aVBkbkcwMk51UVN2YnYtdlBUdFc4WFo4Q0MxNWVpWEVIVEFQZHhZdzU0U2pxN2dOTXJYdnRuVzRiNXU2NV91M0NFVHlCVXJCN0J6TWtEM0tXMUNlNENuNVdkLUdWMGFfSXl1MWxZUllfSkVlTjZVOXNvbDI5b1d5cjZqR3VCUktCVTgyYlR1M01VVDBtUk9fOXBVTkhaQktDQXRQcWZ2a3JvYnZPZnRwVFJuOExxck5GNmZsQ3NpUDF1RENTVHItVDd1SFAxQlo3bGtiREJGX0wyYW9nV1BjemFyQ2h3?oc=5,,2026-07-05T07:49:54+00:00,0,0,0,0,0.0,0,IN62,bm,india,Komuniti India / Tamil,news.google.com,india,"""Johor"" rumah OR PPR OR sewa when:30d",google_news_rss,indian_narrative,,,
news,post,a07c47a6a6ef81ef,Salleh Urges Sabahans in Johor to Support Barisan Nasional. Salleh Urges Sabahans in Johor to Support Barisan Nasional&nbsp;&nbsp;Jesselton Times,https://news.google.com/rss/articles/CBMingFBVV95cUxPN1dENG9FRDcwQWd1b1hLazdPTXRfUHZncnRSZWg4bGhKUjJscTIxbGhoVUxBOGpwQUNvV2haZVM4bHpRYWNrVUxkZ3JOQ1REeWN6cktFZDN6NG94UWZJUDVNN2duX1l2VE1MbzU3SkRFQjJpWGZ4X0wzcmZqMGlEaDFvd3NoVXpTS3dUVEo4QWRYNDRpNFp1OFF0NXlZZ9IBowFBVV95cUxNcjlxdmpWZGtRbHN3WFpGb0NMNFFMaHJVUzVoQTRxR1FKdUtvVzczQW1qazFMYUd4UkZndDUzVldSUXpfQm5fRzJWNWNlUTlYWEdnVUxnRTlXLVpnSy1IM0FGN2t6dWh0ekpnbWhqREZXNmZnMXVpZlpGYk9KU3BSTkF4UXJvZGhCTUtQa1JKRE43MnVFUWszT3dUMGtUbmR3UTg4?oc=5,,2026-07-06T11:42:57+00:00,0,0,0,0,0.0,0,IN62,bm,india,Komuniti India / Tamil,news.google.com,india,"""Johor"" rumah OR PPR OR sewa when:30d",google_news_rss,indian_narrative,,,
news,post,02314f15ed66874f,Anwar criticises slow delivery of affordable housing in Johor. Anwar criticises slow delivery of affordable housing in Johor&nbsp;&nbsp;Free Malaysia Today,https://news.google.com/rss/articles/CBMiYkFVX3lxTE5NcjJtSWppTVJiVFkzTWdpUTRIQ2FQNV94ZlVmOTBFTWhaeHEtX3FLTjJIeUpGTkJoN3hual9NNlB4SG1rbWFmYU5KcXBENlBaU3Q5anh0NGR3U1ZvNGdVZnpn?oc=5,,2026-07-05T14:09:13+00:00,0,0,0,0,0.0,0,IN62,bm,india,Komuniti India / Tamil,news.google.com,india,"""Johor"" rumah OR PPR OR sewa when:30d",google_news_rss,indian_narrative,,,
news,post,12a10456c7262049,Anwar tegur Johor lembab bina rumah rakyat. Anwar tegur Johor lembab bina rumah rakyat&nbsp;&nbsp;MEXC,https://news.google.com/rss/articles/CBMiSEFVX3lxTFAtbHIzVElhdWQtRXNnbndrUUp3MzJ4enVhQ3NDemxkWFhneExpaWQybjgzLWNaRUotSmRSNnNmU0VkSlB1aTJwaA?oc=5,,2026-07-05T08:13:21+00:00,0,0,0,0,0.0,0,IN62,bm,india,Komuniti India / Tamil,news.google.com,india,"""Johor"" rumah OR PPR OR sewa when:30d",google_news_rss,indian_narrative,,,
news,post,92beea531894c41b,"Johor perlukan pemimpin berani, faham rakyat, kata Anwar. Johor perlukan pemimpin berani, faham rakyat, kata Anwar&nbsp;&nbsp;MEXC",https://news.google.com/rss/articles/CBMiSEFVX3lxTE5UbHRXYTFTOS1QbllCbUxtSHpKVnFwUTBqU0RfTHV2clFCVXktRDA4VnM0MEtHTWduSTRWajR3R3VhV0RLMUo5Uw?oc=5,,2026-07-04T05:03:17+00:00,0,0,0,0,0.0,0,IN62,bm,india,Komuniti India / Tamil,news.google.com,india,"""Johor"" rumah OR PPR OR sewa when:30d",google_news_rss,indian_narrative,,,
news,post,3f8dd714e3c94976,SNAPSHOT | Maszlee dodges Johor MB candidate poser; new hospital to be built in Nilai. SNAPSHOT | Maszlee dodges Johor MB candidate poser; new hospital to be built in Nilai&nbsp;&nbsp;Malaysiakini,https://news.google.com/rss/articles/CBMiUkFVX3lxTE84Mjc5c1VSbGRaX29yM3ptQW1CaVlZWXZVWXgtSEZBcWJIRmRFaTVxVWlYamJfRDZyeUNwMXNJS3lLaEo1M1d4OUptZDEzV3hUTmc?oc=5,,2026-07-03T06:07:57+00:00,0,0,0,0,0.0,0,IN63,bm,india,Komuniti India / Tamil,news.google.com,india,"""Johor"" klinik OR hospital when:30d",google_news_rss,indian_narrative,,,
news,post,0714340920053f17,"Johor Specialist Hospital Performs Malaysia’s First Awake Mastoid, Eardrum Repair Surgery. Johor Specialist Hospital Performs Malaysia’s First Awake Mastoid, Eardrum Repair Surgery&nbsp;&nbsp;Bernama",https://news.google.com/rss/articles/CBMiXkFVX3lxTE1RZFdqNGtHYnRRZmFoZURQM242YXh4RjREcWthYnN1cFFWaU5aY2hCZTRDTkdCalpLRlJJZzVvZ3lNZjJEelA2c0oyaU1YX2Q4aEIxZ0dsZDVxejczZ2c?oc=5,,2026-06-22T07:00:00+00:00,0,0,0,0,0.0,0,IN63,bm,india,Komuniti India / Tamil,news.google.com,india,"""Johor"" klinik OR hospital when:30d",google_news_rss,indian_narrative,,,
news,post,158b616657680382,Is Malaysia’s Health Care System Collapsing? — Medical Officer. Is Malaysia’s Health Care System Collapsing? — Medical Officer&nbsp;&nbsp;CodeBlue,https://news.google.com/rss/articles/CBMiogFBVV95cUxNT2RoUDVCRkE2b1ZodmszSXF5NnFzWDlzejA1cjlsYm5TQmQzYTlrNVFha2dzZ1NiNkZJd0pWMTZ1UkNDbURxUHdHVHRuRWNJRGFIbV9WalFfZm1fTXdUenIxaThWVUVwY0VGdTJ0aG5uOFpYN2E3MlhackpCdFYydnRpYUR0Y2dSMHBuUWRwV2czbURJMlZzV3F4WkNYVDdwLWc?oc=5,,2026-06-09T07:00:00+00:00,0,0,0,0,0.0,0,IN63,bm,india,Komuniti India / Tamil,news.google.com,india,"""Johor"" klinik OR hospital when:30d",google_news_rss,indian_narrative,,,
news,post,69abea71d292004c,Foreigner’s body buried with help from donors. Foreigner’s body buried with help from donors&nbsp;&nbsp;The Star,https://news.google.com/rss/articles/CBMimgFBVV95cUxPRzZzdG9EclJtZ2Z2RVZocHpoa1Rkalg1NGg2VjFpbmo1eTdYdHF6R0I4ZmpfRk15dHFpUHN6Nl9ReHJEVDI3bGRmLXZ1NVJZWFFvNG5lM1pVMUlVSklUQ2RsQWJnNVdxbFgzelItX1l1dTl2Q2d3N1REdUhtQmoxZmNBRUpuM21QZWJib0d1VmxvYmVmSXpHMHJn?oc=5,,2026-06-11T07:00:00+00:00,0,0,0,0,0.0,0,IN63,bm,india,Komuniti India / Tamil,news.google.com,india,"""Johor"" klinik OR hospital when:30d",google_news_rss,indian_narrative,,,
news,post,e1da79f094bb335b,Authorities refute claims Malaysian district hospital is shutting. Authorities refute claims Malaysian district hospital is shutting&nbsp;&nbsp;AFP Fact Check,https://news.google.com/rss/articles/CBMiWEFVX3lxTFB5S3dQUVJaWmo3Y1FPTnl4dVJGZ2NyRENQdDVCV3NkaGc2R0kyOE1UNFlxMnJ2VVROeWI0Vml5UFNWM0hYVjlJUnZYTWNyQkZ3Rmtrdld5MzM?oc=5,,2026-06-14T07:00:00+00:00,0,0,0,0,0.0,0,IN63,bm,india,Komuniti India / Tamil,news.google.com,india,"""Johor"" klinik OR hospital when:30d",google_news_rss,indian_narrative,,,
news,post,d4eaff04e533585e,CodeBlue’s View: Budget Cuts Sound Death Knell For Malaysia’s Health Care System. CodeBlue’s View: Budget Cuts Sound Death Knell For Malaysia’s Health Care System&nbsp;&nbsp;CodeBlue,https://news.google.com/rss/articles/CBMiuwFBVV95cUxPd1B2a1hzNGQxSnFEQm93QjhvN2RDb3JPTG0wOEpyMkpTank4WEJreUhTTlNtUGRnQ2h2OWpBX2JaZFM4TnFRd09wTGM0RjlvbWlCQ1hRaEV4ZjdDVVVOcHJERFJhRGE2NXNfVUl6TktPcTN0Um9OOXJ1Ym01QnFldTdoMUxSSnFUY1Z0cE53YThoU2NXd0dNeEFsajcwVklKb2lsNDVEa2J5NHgtLV92TXB2VWhUZTF5WjJn?oc=5,,2026-06-12T07:00:00+00:00,0,0,0,0,0.0,0,IN63,bm,india,Komuniti India / Tamil,news.google.com,india,"""Johor"" klinik OR hospital when:30d",google_news_rss,indian_narrative,,,
news,post,119f4309570343ab,Non-professional Private Hospital Charges Drive Health Insurance Premium Hikes -- PAC. Non-professional Private Hospital Charges Drive Health Insurance Premium Hikes -- PAC&nbsp;&nbsp;Bernama,https://news.google.com/rss/articles/CBMiX0FVX3lxTE00cWxXbzFpQ0VmTmsyblVvbm9QU2xWOHJBTWpPWDVfZFI2ZkJBV0hYTkh5emtFTXZHZ3Z5NjRxNk9ic09zRHBaMzA2dF9hOHZSRFE1bUJaamYyYld3MTRR?oc=5,,2026-06-25T07:00:00+00:00,0,0,0,0,0.0,0,IN63,bm,india,Komuniti India / Tamil,news.google.com,india,"""Johor"" klinik OR hospital when:30d",google_news_rss,indian_narrative,,,
news,post,a5b5afce3e47c30a,Person Sleeping In Queen Elizabeth Hospital Lobby Not Patient Awaiting Treatment - Sabah Health Dept. Person Sleeping In Queen Elizabeth Hospital Lobby Not Patient Awaiting Treatment - Sabah Health Dept&nbsp;&nbsp;Bernama,https://news.google.com/rss/articles/CBMiakFVX3lxTE9CbE14b0RHdUotZm5nQVdVNWFUNXpoU2dtY2JFQkphTUtoT0tQNF9sS1JORk1RaHlUUkpKRk1pT281TTNmZVN2WUVxUEhhaHFqRGlDZnZsODA1bEtocEpVUVR2c251OElBbWc?oc=5,,2026-06-30T03:31:40+00:00,0,0,0,0,0.0,0,IN63,bm,india,Komuniti India / Tamil,news.google.com,india,"""Johor"" klinik OR hospital when:30d",google_news_rss,indian_narrative,,,
news,post,d9aae37e67185cbe,"Health Ministry’s Spending Cuts: New Positions Frozen, Overtime Allowance Controlled. Health Ministry’s Spending Cuts: New Positions Frozen, Overtime Allowance Controlled&nbsp;&nbsp;CodeBlue",https://news.google.com/rss/articles/CBMiwAFBVV95cUxQS19ESVMwSENQNXA4clRsSXNiOWRLcEgyV2w0OUVyQnlWY0wzd2FleGFQY0pVNkxjYXRwN0VKWmFoTlFDTlcxZy0tTVlvUTFoVlRnNFdYaUxoV3R2QW1lWnIxbzh6WDN0YVRrTWM4V0RsNjVoQXJfcExMYTJnVjgtVDdzR0c0U2lpOUZ0SjZJRFJjdHhLaldsVEIwZTREeGItZG9wUS1kR281N0x5aHJZc3FaY1BuaFBxX0hQOUJUaFk?oc=5,,2026-06-09T07:00:00+00:00,0,0,0,0,0.0,0,IN63,bm,india,Komuniti India / Tamil,news.google.com,india,"""Johor"" klinik OR hospital when:30d",google_news_rss,indian_narrative,,,
news,post,0d086d1f0972b702,"PAC Proposes 17 Measures To Address Rising Insurance Premiums, Private Hospital Charges. PAC Proposes 17 Measures To Address Rising Insurance Premiums, Private Hospital Charges&nbsp;&nbsp;Bernama",https://news.google.com/rss/articles/CBMiX0FVX3lxTE9FYXBKbnZtcjhzMWpTcUZFR2VTakZkOUJjYzVKb2FBRmU3UWxQMjQtV0NYVUk5Y1BZVDZxN0dkZGVzTlQwdXAzMzZtNnEzQ0liQVk5S3FuX2JNcVhIeVFN?oc=5,,2026-06-24T07:00:00+00:00,0,0,0,0,0.0,0,IN63,bm,india,Komuniti India / Tamil,news.google.com,india,"""Johor"" klinik OR hospital when:30d",google_news_rss,indian_narrative,,,
news,post,d668cb79c4e6cf3d,MADANI Government Committed To Continuing Sustainable Development In Every State. MADANI Government Committed To Continuing Sustainable Development In Every State&nbsp;&nbsp;Bernama,https://news.google.com/rss/articles/CBMiakFVX3lxTE5RT3ZHRWxlbWhPSE90eDFXMm9oclBzam9mbzdRdFhZNS1DYXdYdmYxS0VUTllZaV9DLW5BQUFWM1JyQ21VRjFCX0hxV3dFNEdTT19DVWsyWHRKVlk3cXYwRElMNTY1VzIwMHc?oc=5,,2026-06-30T07:11:18+00:00,0,0,0,0,0.0,0,IN63,bm,india,Komuniti India / Tamil,news.google.com,india,"""Johor"" klinik OR hospital when:30d",google_news_rss,indian_narrative,,,
news,post,3281fdcd0b40c5cb,"Israel Strikes Near Hospital, Demolishes Homes In Southern Lebanon Despite Framework Deal. Israel Strikes Near Hospital, Demolishes Homes In Southern Lebanon Despite Framework Deal&nbsp;&nbsp;Bernama",https://news.google.com/rss/articles/CBMiYkFVX3lxTE5rWXliWF9yTF9tMzdDLXp1NDNjVlRxWEhhdmRXQUV3NWdOdW9iWFVYbW9VanlkTm80dTNwaGpocldtTUp4cGxFMUVOcVJFN0pVWlpuWHhtb0djV3RkM2ZLYUVB?oc=5,,2026-07-03T00:27:09+00:00,0,0,0,0,0.0,0,IN63,bm,india,Komuniti India / Tamil,news.google.com,india,"""Johor"" klinik OR hospital when:30d",google_news_rss,indian_narrative,,,
news,post,7e61f3f20559d5e8,Increase competitive edge - KPJ Damansara Specialist Hospital. Increase competitive edge - KPJ Damansara Specialist Hospital&nbsp;&nbsp;Mayo Clinic,https://news.google.com/rss/articles/CBMiuAFBVV95cUxQWVRKTWVwSk9ieTZCQW9KUURCWkx6UU9EZjhrYS03YVZ6YkVSWlZxcEVqbTY1MXpTSGgwckhNTmk1VHk5dUhIVXpQQTNSc0VkbkZaa2tYelhtZWhsYU5wQ21aeDE0YkVBbTlrdDgxLXc0RFJ5Y3FnVTRlMUZtdmJlYUVjcVkzbGFMU040b0txemdvVnpKQmlCRFlrNGZES1dqWmViN1h6YTkydmdBYlRYSU9BZlVGdnZz?oc=5,,2026-06-22T11:14:38+00:00,0,0,0,0,0.0,0,IN63,bm,india,Komuniti India / Tamil,news.google.com,india,"""Johor"" klinik OR hospital when:30d",google_news_rss,indian_narrative,,,
news,post,3135b52fbfea6c25,"Girl dies, brother hurt in fall from apartment unit in Tampoi. Girl dies, brother hurt in fall from apartment unit in Tampoi&nbsp;&nbsp;Free Malaysia Today",https://news.google.com/rss/articles/CBMivgFBVV95cUxOVElIWGZIZFRCQ1NWdmlEbzNESEZleXlCVnpBTmhwTy1OZXBmZnR6WEZTa0NKbl9GeklVTWFmNHdxeE1oenlVV1c5RThfT2hjYTJNbloyYnVscE4yVGNLYmdDOXl2QlNNUVBHNDY5NWd2d0NtQjB4Qm1PU3BHOEkwMjBFZzIxcU5uZXBNU3E0QWhENExnNVhhSzBNVzFJUkhrMGFESjRMdzFwTnR6LXJxMUtyTmVZTGtPMzdwRlpn?oc=5,,2026-06-08T07:00:00+00:00,0,0,0,0,0.0,0,IN63,bm,india,Komuniti India / Tamil,news.google.com,india,"""Johor"" klinik OR hospital when:30d",google_news_rss,indian_narrative,,,
news,post,bfca094404aba479,KPJ Healthcare posts RM4.26bil revenue in 2025. KPJ Healthcare posts RM4.26bil revenue in 2025&nbsp;&nbsp;Free Malaysia Today,https://news.google.com/rss/articles/CBMiqwFBVV95cUxOWkpUY2duTy13V0JVTzJSSjJrQm9qWmVRaF9OR2dlc3RKclNVT0gwclhqRjUwLTRVUHM2MXk4S0NPUnREZFZYQVU2STk5UHc3ejhYUW1iQTE2bFpQZW5vd0pmZi0xeE5oS0I4ZF9IVGhXVkx5ZnlHaWFuaExaUEY1eXdILU9fcTVXZFJQMmM5MUE0UGJ2WHF1bzIySTRhR3pXeTlmRVRCSUlXQ1k?oc=5,,2026-06-16T07:00:00+00:00,0,0,0,0,0.0,0,IN63,bm,india,Komuniti India / Tamil,news.google.com,india,"""Johor"" klinik OR hospital when:30d",google_news_rss,indian_narrative,,,
news,post,d402695dc954e08c,"As Pengerang’s population grows, DPM Zahid backs hospital and district status plans. As Pengerang’s population grows, DPM Zahid backs hospital and district status plans&nbsp;&nbsp;Yahoo",https://news.google.com/rss/articles/CBMiiwFBVV95cUxPSnhwaURQOTRuNmJJWWlhb194SW5qVjg4aGdxTm9sNE5GSUUtQ2djOS0xMHR3SS1tbFRBYkk3dEtzQUQxRzdJYnR2OWVDSjFhZFliRmZXckh5SG9tU3BfOFJ4Tmg0bUlIR09GTjQ0Y0JrNVJrRWhENVVBcVJlTEFiU25hWWR4MDVMXzd3?oc=5,,2026-07-02T07:37:45+00:00,0,0,0,0,0.0,0,IN63,bm,india,Komuniti India / Tamil,news.google.com,india,"""Johor"" klinik OR hospital when:30d",google_news_rss,indian_narrative,,,
news,post,db84a92f99119457,Doctor among three killed in accident. Doctor among three killed in accident&nbsp;&nbsp;The Star,https://news.google.com/rss/articles/CBMikAFBVV95cUxOa3J5MUZwRFdtaHlSUFRhN0Zuck1XekhDYlp1aFV4RE5fVjRVcDN4RWRqVkpobHNxWEFaNUh3WkhwTTdXaVhyNTJNMzA4eUNVVFpJcFZ4b0VBdWE0dVJoREF2YVZpelgzQnVhUWpoWEE0dkhZczRHcXdUcU5fZndYU3lUNlNpbW1jXzVIZkJyNDQ?oc=5,,2026-06-21T07:00:00+00:00,0,0,0,0,0.0,0,IN63,bm,india,Komuniti India / Tamil,news.google.com,india,"""Johor"" klinik OR hospital when:30d",google_news_rss,indian_narrative,,,
news,post,cc3623648ae9d173,Multi-vehicle crash causes 9km traffic standstill on NSE near Sedenak–Kulai stretch. Multi-vehicle crash causes 9km traffic standstill on NSE near Sedenak–Kulai stretch&nbsp;&nbsp;The Star,https://news.google.com/rss/articles/CBMizgFBVV95cUxQN0duNDVqeDNLWFRLOURhMWstTnlFX2t2MURtS0ExSzBic3duVlh0QnRSSUJSdmZiUmpsUmxhd21GQXRqb1lkU3lTdWV3WUgwSEVrSE85b0FrUzBtNERnSEVmY0ZBWWQtdlZ4VHk3Wm5rNHJ4emJhNUNzYW0tay1FeW9mX0ZrSklpV29JNUtvcHhvd0JnNWg4bXhYcmE1WjFpOHdweEF2ZHNkRkhMQjR0OGlaSWVtaGRibnBTQlFabHNObkg4Q1J3akxMdlZsQQ?oc=5,,2026-06-23T07:00:00+00:00,0,0,0,0,0.0,0,IN63,bm,india,Komuniti India / Tamil,news.google.com,india,"""Johor"" klinik OR hospital when:30d",google_news_rss,indian_narrative,,,
news,post,8cc85edf6fb36cd6,"Fulfil old promises before making new ones, PH told. Fulfil old promises before making new ones, PH told&nbsp;&nbsp;Free Malaysia Today",https://news.google.com/rss/articles/CBMisAFBVV95cUxNbDNIVzJkeDBWVjR6YkgwbDJxb01kdjVSUjZIVDBGT3oxTXlHcXBMTlFlTTdRdVNnRDFDRGpqRHNNckJIS04yaXVjeG1HRzhVaUduSXU2NjlybjdPRG14b3JKM2JYaWhPQzFZUUNtbzdWTVNvNktvaVlQSFQxWG5UcDBaX1l2bmtuQ2xGVWNoREd4blBidXVSUV9Ub0NLZWFfZ0Zjcy1VWlpEU1NlWV9aSA?oc=5,,2026-06-28T07:00:00+00:00,0,0,0,0,0.0,0,IN63,bm,india,Komuniti India / Tamil,news.google.com,india,"""Johor"" klinik OR hospital when:30d",google_news_rss,indian_narrative,,,
news,post,80b4d53b6e62aa8d,"Sky Habitat @ Meldrum Hills Condo for Rent in Johor Bahru, Johor by CHLOE SHUM. Sky Habitat @ Meldrum Hills Condo for Rent in Johor Bahru, Johor by CHLOE SHUM&nbsp;&nbsp;EdgeProp",https://news.google.com/rss/articles/CBMimwFBVV95cUxPbGdqLUpDUXNVV1lGZmtLaUZLa0J5UUZsTWYxYTB3ZE83LWI3a19LbzFBTHdzMWR2UkpEV0NoR0pLNndIY3hScFNoUmVTcTBOUzBlTjdIaW1WTFJnWWMtcFdHanJlZnJxSVpyTHhwV2RQN0s0Sk5XUzMzOVRyOWFTYlRpVUhkVTRndEJFc2pBS2hqcmVESWR0azRLbw?oc=5,,2026-07-06T13:05:31+00:00,0,0,0,0,0.0,0,IN63,bm,india,Komuniti India / Tamil,news.google.com,india,"""Johor"" klinik OR hospital when:30d",google_news_rss,indian_narrative,,,
news,post,d1e53920f31133ae,"King, Queen visit grave of late Tunku Abdul Jalil. King, Queen visit grave of late Tunku Abdul Jalil&nbsp;&nbsp;NST Online",https://news.google.com/rss/articles/CBMiogFBVV95cUxONWs2TUd3MTBjd2sydnJjWVJpdGh1aXpKSlNORXFQNDFla1BQZ19QbGdsUzI4UnJad1VLdG9uTE55aUpfLWhzakpfRVJGUGt3NUVvcGFtbDVsTlMwSnVYbUt1dkhOTk1qWWJiSWo4Z2R0QzBVTWQ4RzJ3dUNUSG1HSnNXU0tJSVdHeUdkRmYycWxsRlltYmdIVW1yYjJXR2dzZEHSAaIBQVVfeXFMTjVrNk1HdzEwY3drMnZyY1lSaXRodWl6SkpTTkVxUDQxZWtQUGdfUGxnbFMyOFJyWndVS3RvbkxOeWlKXy1oc2pKX0VSRlBrdzVFb3BhbWw1bE5TMEp1WG1LdXZITk5NalliYklqOGdkdEMwVU1kOEcyd3VDVEhtR0pzV1NLSUlXR3lHZEZmMnFsbEZZbWJnSFVtcmIyV0dnc2RB?oc=5,,2026-07-05T13:18:41+00:00,0,0,0,0,0.0,0,IN63,bm,india,Komuniti India / Tamil,news.google.com,india,"""Johor"" klinik OR hospital when:30d",google_news_rss,indian_narrative,,,
news,post,fa7c42d0d445d239,"Mother, son perish in Johor crash with trailer. Mother, son perish in Johor crash with trailer&nbsp;&nbsp;The Vibes",https://news.google.com/rss/articles/CBMilgFBVV95cUxPWllLdEhKNmhSRThsNG42dGwzQjU1QmZDNnlwTno3ckVXU0NwSEozYUtYWEMyV1hDLTI4LS0zR3JOXy03QXlmSFAyV0ZpSW4yeU1yOW01QTBiME5ydVFuaFhvUEtkMWd0QUR6djVoakZJRGNfRGZoUnRkMHVmbC13eFBXN0FwTzRDUVpmQUtuRncxTUQ1M3c?oc=5,,2026-06-17T07:00:00+00:00,0,0,0,0,0.0,0,IN63,bm,india,Komuniti India / Tamil,news.google.com,india,"""Johor"" klinik OR hospital when:30d",google_news_rss,indian_narrative,,,
news,post,1a86d908ccc3a5d9,"Sky Habitat @ Meldrum Hills Condo for Rent in Johor Bahru, Johor by BRANDON DING. Sky Habitat @ Meldrum Hills Condo for Rent in Johor Bahru, Johor by BRANDON DING&nbsp;&nbsp;EdgeProp",https://news.google.com/rss/articles/CBMingFBVV95cUxQeXVGcnRVbjdGb3Nvc2hVb3NfbGpBeXhRVHdrdHZzdkZSVFliTnpwU0piSWhjc0U0aUM4UVphbUV0aUVkaHlwYy1tZ3Q3MzhCQUJubi1BUERpaDNzdVFFeUVTSTFFVGJCRm5aa3VuaXNaMTEwQ18tV2h2bTNFbmdWakdoQjVIcGtSaEhkOUVJSXJCbmNUV1RwWnNpZXhTdw?oc=5,,2026-07-06T13:05:31+00:00,0,0,0,0,0.0,0,IN63,bm,india,Komuniti India / Tamil,news.google.com,india,"""Johor"" klinik OR hospital when:30d",google_news_rss,indian_narrative,,,
news,post,4857c43b2784afd8,"Eco Business Park 1 Factory/Warehouse for Rent in Johor Bahru, Johor by YUYIN POH. Eco Business Park 1 Factory/Warehouse for Rent in Johor Bahru, Johor by YUYIN POH&nbsp;&nbsp;EdgeProp",https://news.google.com/rss/articles/CBMi7AFBVV95cUxNbEhiamxHQ3MwZEU2QmVCZjI2NjdYQVU4UExGbjl1bUV2YVlyR0FSOGNscE9MSWdwOE1kTVZfbU9yUHJoLXhNcTZDRkMxWWNxTHJrajZiWW8tN2ltRjJuVlljT0JoOFp4Uk9iUGR5ZHVaOE5aQW5RTzZab051WWNQS2IteGRra3pzanhxLXBoN1JieUx2TzlJdEE0dmlRT2swbkFUQ05DV2I2UHJmNzZtcmNuV3BnU3Z3WDJsZGFlZWkydE92b29jNjd1SG1FaVgyVXZkUjhlaVBBaXNXaVBkeDlZQVNuQ1B4LTJrcw?oc=5,,2026-06-11T22:45:05+00:00,0,0,0,0,0.0,0,IN63,bm,india,Komuniti India / Tamil,news.google.com,india,"""Johor"" klinik OR hospital when:30d",google_news_rss,indian_narrative,,,
news,post,a774ed4ce5f48638,"Senai Industrial Park Factory/Warehouse for Rent in Senai, Johor by MICHAEL TING. Senai Industrial Park Factory/Warehouse for Rent in Senai, Johor by MICHAEL TING&nbsp;&nbsp;EdgeProp",https://news.google.com/rss/articles/CBMixwFBVV95cUxNcHUxOVQzMFpPNXBRTm0wLU9RMTRPQk45NjV2TTRybE94XzNLbnBIck56bGI1VlNSRU5TMWdIYm9QRWpHNVRQSm5IeHlVbVROR09kaEswU0hhd1ZmN295V01YU3d4R0hFRzEwSDhjV0VwN1lqcFB4X1JVSnRZdDc1Z2N1eWhwbnYyWTBiNHN3dVNUbWRST0dIbW43RTJhZGg4OHlzZnJSMnFkM1RJQVhvQVd4T0pucVlfQi1jZkliT1JwdUxpTG1Z?oc=5,,2026-07-06T02:00:55+00:00,0,0,0,0,0.0,0,IN63,bm,india,Komuniti India / Tamil,news.google.com,india,"""Johor"" klinik OR hospital when:30d",google_news_rss,indian_narrative,,,
news,post,8b74fd9937d96ad3,"Girl, 8, dies after falling from Johor apartment building, 10-year-old boy critically injured. Girl, 8, dies after falling from Johor apartment building, 10-year-old boy critically injured&nbsp;&nbsp;Mothership",https://news.google.com/rss/articles/CBMiZ0FVX3lxTE02cUpNM1dFcU1sd2l6NUpwakd3cE14dWRueWFnYVlpQ2dYZ2FYUERiQVZpbVVEaUxDNlNOcHE1aFFKRUZzUkRsQlQtdjU3X0g1RUR0eVZtc3Y3RE5udktCdmU3WktvcGs?oc=5,,2026-06-08T10:38:48+00:00,0,0,0,0,0.0,0,IN63,bm,india,Komuniti India / Tamil,news.google.com,india,"""Johor"" klinik OR hospital when:30d",google_news_rss,indian_narrative,,,
news,post,ba05eaa03eba1bf2,"Taman Perindustrian Desa Cemerlang Factory/Warehouse for Rent in Ulu Tiram, Johor by STELLA WONG. Taman Perindustrian Desa Cemerlang Factory/Warehouse for Rent in Ulu Tiram, Johor by STELLA WONG&nbsp;&nbsp;EdgeProp",https://news.google.com/rss/articles/CBMixwFBVV95cUxPc2p0emVmMW1jcWJlVVdQWjk2akJyaU9iZ2lrRFUwcFdIclhiWFFTbm9jUkFSWG8tMjFqMmo1VGZoWHFBdGplVVQ3eGRVLTJLeWtQRkc5VWtuV04ySkRRc0FkNXhSbDR0N0Vyc0hWLWFQNmRvQnE2d1FrUnpnQkFDaFltdlZ1SzZpaVF2OGRjQzBpYnJvN0RBQ0dZR3FBcWo0X2Y4eTFtRWE2alkyYldfTE8xLUlqX2ZCN21XR1pTcU5XY294U0Fj?oc=5,,2026-07-05T18:23:10+00:00,0,0,0,0,0.0,0,IN63,bm,india,Komuniti India / Tamil,news.google.com,india,"""Johor"" klinik OR hospital when:30d",google_news_rss,indian_narrative,,,
news,post,5c47ba22b892bba9,"Menara JLAND Office for Rent in Johor Bahru, Johor by RONALD LIM. Menara JLAND Office for Rent in Johor Bahru, Johor by RONALD LIM&nbsp;&nbsp;EdgeProp",https://news.google.com/rss/articles/CBMixwFBVV95cUxPV3N4bnVwa2VIWERCS2dkZktlbGJWWFpOc19MOXQwTTU5NWk5QU8wUkpnOHhHVXA1QnNNZHZrV0I4eUtKX01aay1VNHloSTBrZjlvZS13ZlBFRFpoRFhGdDhmWjNEZkNVel9UVGJXZWlSdzY0NUo1ejdkeXVxc2k0eV85Qnd4dGZHc2o5azVLajh6Vzk0UjFZeng0aFlCUkJjNWFUeEZFNGhFelU4RjdPYU5fVm1GOHRRQUhVOGEyOUV4N0lHTzZJ?oc=5,,2026-06-22T10:46:20+00:00,0,0,0,0,0.0,0,IN63,bm,india,Komuniti India / Tamil,news.google.com,india,"""Johor"" klinik OR hospital when:30d",google_news_rss,indian_narrative,,,
news,post,97ddd11d02acc664,"Taman Bandar Cemerlang Shop/Retail Space for Rent in Ulu Tiram, Johor by JESY TEY. Taman Bandar Cemerlang Shop/Retail Space for Rent in Ulu Tiram, Johor by JESY TEY&nbsp;&nbsp;EdgeProp",https://news.google.com/rss/articles/CBMiwwFBVV95cUxPRndudEtuOU81SVM5WVNUa1lIay1ha1Q2ZXhBMGo5R3BhR1hsa2dUZE04b0k2ZGlNNXgyZUtHWjVaWnRCbktUX0ZiZTlMTHVILUZ3SzFjeEFnTmdPRGFZMUZHYmppbEFfcWozTGhPMm9rb1NEZFhZSnR6d0dpaW1qQncxSEczTUpHX3ZITVN1U3lZdUpsbHk0MFFvdnBPQ1h3dzh1clV0RFlrYmt4NlR1QzhFU25sYkFNa0h5NExTc1liVlE?oc=5,,2026-06-16T11:01:35+00:00,0,0,0,0,0.0,0,IN63,bm,india,Komuniti India / Tamil,news.google.com,india,"""Johor"" klinik OR hospital when:30d",google_news_rss,indian_narrative,,,
news,post,6a102f7cc6b86445,"Taman Johor Jaya Shop/Retail Space for Rent in Johor Bahru, Johor by VIVIAN GOH. Taman Johor Jaya Shop/Retail Space for Rent in Johor Bahru, Johor by VIVIAN GOH&nbsp;&nbsp;EdgeProp",https://news.google.com/rss/articles/CBMitAFBVV95cUxNNldhLWxzUXVmZmJVdUZ2ZDdtZHVWSlFTTkJabWdRT0ZGSFFLdkV5YVNhcWN3T1JNWHVOYkNJcktrTVQzZVk2MFhhQmFpaFRoRy1vXzBlRVgxRW5EbmNRN1BWTTFGdGRacVZNaU9PZWJPSW56QkVfNm5qd0hTSmlyZGNQWk9KWnhjdGZXb0RvRWRnU3dSeDRsd3pMNWx3Q0d3N3FMQjdDQnlCTWNOZTRQSVRkWF8?oc=5,,2026-07-06T04:41:06+00:00,0,0,0,0,0.0,0,IN63,bm,india,Komuniti India / Tamil,news.google.com,india,"""Johor"" klinik OR hospital when:30d",google_news_rss,indian_narrative,,,
news,post,c3e2a58054317e22,"M Park @ Premium Industrial Park Factory/Warehouse for Rent in Senai, Johor by SHERLIN TO. M Park @ Premium Industrial Park Factory/Warehouse for Rent in Senai, Johor by SHERLIN TO&nbsp;&nbsp;EdgeProp",https://news.google.com/rss/articles/CBMiwgFBVV95cUxQSUZBanJMVFlMaFpWOUZ2X3FFT2V1S1VTU1Z6NmJuYURwM05XeHVHaXdWNi1CNGNMZC1uTVliOUx2ZXFmZ2N6Z0lwdHNlWlgzOEZ0bUVsRXFoTG96aEwxV180ZXQ2QWdIWEgyYVJSVUZZTkJlZlFPaFc4eGFZQnY4Y0NXN2xSWUU4cWxMbDR2UUhYcjFmREl2a0VEdlkyUWRyMWE4NmFHLTMyVmwteFAzSXZpTHNQa3V5Nnh3UjFObFZzQQ?oc=5,,2026-07-05T21:49:25+00:00,0,0,0,0,0.0,0,IN63,bm,india,Komuniti India / Tamil,news.google.com,india,"""Johor"" klinik OR hospital when:30d",google_news_rss,indian_narrative,,,
news,post,3a6a4af256d4791a,"M Park @ Premium Industrial Park Factory/Warehouse for Rent in Senai, Johor by STEVE LAI. M Park @ Premium Industrial Park Factory/Warehouse for Rent in Senai, Johor by STEVE LAI&nbsp;&nbsp;EdgeProp",https://news.google.com/rss/articles/CBMiwgFBVV95cUxQb3VrNk1PT1BvRS02MzRxM1c5MXBoZGVZandoZUJ3dmRWbjZHdEU2ZG1Ec1NBSkJUSzIycGE4N2hkV0htMUtMN2ZVS284aGlSeWZIVE41TVNFNHJYV2I0SzlKQ1pxSTZGR0pSZ256V1M2Ul9fY3RGb3A0ZE45SGRDY0ZzdXNhMEJyejAxV25GTDEyNHlPV2lJZEtxZFduUzRVNWRDeFdLbmxuaXd3YkRuSHBHRzNreFlzTk9kN1NLMG5vdw?oc=5,,2026-07-06T02:00:49+00:00,0,0,0,0,0.0,0,IN63,bm,india,Komuniti India / Tamil,news.google.com,india,"""Johor"" klinik OR hospital when:30d",google_news_rss,indian_narrative,,,
news,post,b8ebe5af9448d690,"Taman Perindustrian Senai Factory/Warehouse for Rent in Senai, Johor by KEN CHEOW. Taman Perindustrian Senai Factory/Warehouse for Rent in Senai, Johor by KEN CHEOW&nbsp;&nbsp;EdgeProp",https://news.google.com/rss/articles/CBMizgFBVV95cUxQNGRUUEVjdWZKeHg2anhadUJtOFUxMzhIOGxYRGxOUmpNcGFMeFFjOXlkMXNkT0F2Y2VuRG9xRHl4WE9zRW5CRFJSOTVsb3N1Z1NHQmdlNjQ0d1BkZERXS3NFMjNhYzVVX1RJX1RaN3E4UFdRdHlSd2c5V3EyX2hhd0tmUnZyeVJCMWdIcVVJSFhJVTl2UHZuUWRJejJScjNLLXNoZXNQYnRwS2FSV1B0dXhndFM2Uy1nWXhGYjBYenRoQklXbFpPTzJWcHBtdw?oc=5,,2026-07-07T05:46:07+00:00,0,0,0,0,0.0,0,IN63,bm,india,Komuniti India / Tamil,news.google.com,india,"""Johor"" klinik OR hospital when:30d",google_news_rss,indian_narrative,,,
news,post,4c05d9160b13afe1,"Rini Homes Terrace House for Rent in Skudai, Johor by CHIADE. Rini Homes Terrace House for Rent in Skudai, Johor by CHIADE&nbsp;&nbsp;EdgeProp",https://news.google.com/rss/articles/CBMiuwFBVV95cUxOTFVfVTJfYVBRUUxNbEg5NDQ1NVBSR3ZWTVhsNmExU1otZ0xuXzJmUWFqXzV2VzkwOW1RQ1JwUEc2bl94ZXppZ3I1N0lIQm42c3hIVl9ic2RCUURmRkZiZDhQOVczbnNnZWJzS1lySGNTdm1HQVh6WDI3ZWJ4b1R0bjhMNEpoQnVGa1hDeFVYdFZsLXdEVi1GQTROMlNUTGRGb0F6MHFndUFNNE1jZ1hHSUk3MEo3VFpWclp3?oc=5,,2026-07-02T11:37:20+00:00,0,0,0,0,0.0,0,IN63,bm,india,Komuniti India / Tamil,news.google.com,india,"""Johor"" klinik OR hospital when:30d",google_news_rss,indian_narrative,,,
news,post,62e7598b10c2082e,"Taman Pasir Putih Factory/Warehouse for Rent in Pasir Gudang, Johor by COCO LEE. Taman Pasir Putih Factory/Warehouse for Rent in Pasir Gudang, Johor by COCO LEE&nbsp;&nbsp;EdgeProp",https://news.google.com/rss/articles/CBMi1wFBVV95cUxQZG1HLWpnenNybmhiLThBWmE3cFJLRC04dnYyWjd4OUlqZXJxbU5hbzFQRjBHZ0RRaUJqYTZGNTQ1QmtOVGk4bE9uYVNYcVhEY2k1NnVoRG16VE1GZmpGVEE5OWprUWxNbElEcWF4SUNzYmxtX25oVHpkWkRfQXRCLV9zdTFNV2s1NGlYVi1EdER0a0Y1TzQtbGI4ejUzOE1xdlFpLTdidlY3Q2w0c2laM1hSX09jVkc2YzllNjNDWWtPd2ozd1l6b1VRZjBlUDZTdmxyNzdsWQ?oc=5,,2026-07-06T05:59:27+00:00,0,0,0,0,0.0,0,IN63,bm,india,Komuniti India / Tamil,news.google.com,india,"""Johor"" klinik OR hospital when:30d",google_news_rss,indian_narrative,,,
news,post,f88624be41d9e668,"Tampoi Factory/Warehouse for Rent in Johor Bahru, Johor by KUA JIA YU. Tampoi Factory/Warehouse for Rent in Johor Bahru, Johor by KUA JIA YU&nbsp;&nbsp;EdgeProp",https://news.google.com/rss/articles/CBMi4wFBVV95cUxNckVzYWlZVFd4c016TWtLT1JKZm1lZmVRenhDVnJMeWl4amtDbElCZm43NUI5T0pUT0lVU3ZBS2pnZVBuZE85cjdzSFJUT0VvOG5XM3VJS2Z4RFF1ajBqb0dfR3VTcGlLZ2d0NlpHZkhma0ZRM2xBRVhZRnNMVWxZNGp5YWg3MTNBSl8zU0FYSXR1QTYtaGRtRHBWMmliWWFGZmYyVGtTbDlySVY2a2QzbHRrVHZzUTRoWFJIV1otQU5hSzlwSE1mNDBCUnVKZWtTMWt5NkVnaHcwUllCX1pNck1Cdw?oc=5,,2026-07-06T10:01:07+00:00,0,0,0,0,0.0,0,IN63,bm,india,Komuniti India / Tamil,news.google.com,india,"""Johor"" klinik OR hospital when:30d",google_news_rss,indian_narrative,,,
news,post,68111848144f8d85,"Taman Pulai Indah Terrace House for Rent in Kangkar Pulai, Johor by ANU RADHA. Taman Pulai Indah Terrace House for Rent in Kangkar Pulai, Johor by ANU RADHA&nbsp;&nbsp;EdgeProp",https://news.google.com/rss/articles/CBMi1gFBVV95cUxOUUxQajFpM3IzaVBkUy1PZmtXMFdhNWQ4SWg2TjVOZmJBWUdKSk1pM2swWm5yXzBvS1hRaHRidS1QeWlTcEMtb2QtZ0ZqV3d3azB4SnZHZ0ZqY3hTY0FUd0NmVjhDVVoxREI3TzJwUFk3Ny05cjZMblJYQVVoNmZwMWtSX2RaT3l6enU5MF9PWFhCMmpFa1pmWHBlWjB1VHd1Q3B4VjFtVHdNeFFoQ2FITUs3Um15YnVscHZCcmJKSk1PUEhBNXdKTEpJTDZZdDAxQVg2Sk5B?oc=5,,2026-07-06T04:59:05+00:00,0,0,0,0,0.0,0,IN63,bm,india,Komuniti India / Tamil,news.google.com,india,"""Johor"" klinik OR hospital when:30d",google_news_rss,indian_narrative,,,
news,post,0f96772e364e02f1,"Taman Pulai Indah Shop/Retail Space for Rent in Kangkar Pulai, Johor by MICHAEL TING. Taman Pulai Indah Shop/Retail Space for Rent in Kangkar Pulai, Johor by MICHAEL TING&nbsp;&nbsp;EdgeProp",https://news.google.com/rss/articles/CBMiuAFBVV95cUxPVjdHVmtyTUF3TS0xTHljSUxORlVWUzlCWDdkQjhVeGN5UUdOVzB4YlRMSzNaWmRoaHhxSzhVZnBqRVo4TThTR3YzdU1FX1BtUnZacDMyOXl2LW5ETnR3VTV4MFE5OGY4MmNOTnVuNFY1MFpRY2gxVktQLWUzaEIxYVloWTAtcUgxVWt4eE9HbUVLaE9GOHcycnNFdDg3R2JPeVoyeUgzQ0R0UzJhWmFGWFp3Z0N2QjNh?oc=5,,2026-07-06T06:09:28+00:00,0,0,0,0,0.0,0,IN63,bm,india,Komuniti India / Tamil,news.google.com,india,"""Johor"" klinik OR hospital when:30d",google_news_rss,indian_narrative,,,
news,post,e2f3cac7c3f0b735,Zahid jamin kerajaan Johor kekal selari dengan persekutuan jika BN diberi mandat. Zahid jamin kerajaan Johor kekal selari dengan persekutuan jika BN diberi mandat&nbsp;&nbsp;Free Malaysia Today,https://news.google.com/rss/articles/CBMi5AFBVV95cUxNNTZiRmtEUWlna2xaUjNmVGg5c2xZMEVSNURYdEx0Rkl1QVM1RllMc3JlMUozV0w0M0RWRnpXQUxNUjFGaFY0NUx4Zk83RnRHLV9mOHl3NjdnRE9DRDFZNEctUmYwaVhqMnN3Q1BoSEpDbTVNZlhRSDAzSFp0UWN0NUplR2ZTa29HeU50d1pBbkpKR2FqSVNMMnJHV1IxaG4zZVpfdEtoeDJyOHljRG5jVndBOTlydUk5bGF5ZnNVbDVjaEZBNW02a0NVeE5GeHNPMkQzbk9lTnQxNmhiUnBmTmo0YUE?oc=5,,2026-06-27T07:00:00+00:00,0,0,0,0,0.0,0,IN64,bm,india,Komuniti India / Tamil,news.google.com,india,"""Johor"" jenayah OR keselamatan when:30d",google_news_rss,indian_narrative,,,
news,post,a20202d7a6e1640e,"Johor polls: Gen Z voters more aware, less influenced by family. Johor polls: Gen Z voters more aware, less influenced by family&nbsp;&nbsp;Sinar Daily",https://news.google.com/rss/articles/CBMiVkFVX3lxTE9LUW1MOVNodU5pdGF1cjlUNFhGQXM5R3FBWWxJSjF1bjdWNTc4Q01vNmZBM2dwckFIbU92TGhHYlpCUGEzOGhwUGxpM1dIZlpJVmZoN0JR?oc=5,,2026-07-07T08:04:00+00:00,0,0,0,0,0.0,0,IN65,bm,india,Komuniti India / Tamil,news.google.com,india,"""Johor"" diskriminasi OR hak when:30d",google_news_rss,indian_narrative,,,
news,post,e669ac0be9531c2b,Johor polls: early voting passes 50 pct mark by 11am. Johor polls: early voting passes 50 pct mark by 11am&nbsp;&nbsp;Sinar Daily,https://news.google.com/rss/articles/CBMiqwFBVV95cUxQQjZVNnJ3SkFfbDM1NkllSHJsdmdVakRHVXhGdXd2d29kd1RHd3l5SDA5ZTZFNjdOSVBVeE1jMjhmcTE0alF0ek8wcWhTYzdabk0zX0QxdnhaTkZNSXNTTmktUzJoSURWeWptUGppUWtDdHNMZWN0N0tjV0RvMnRWWGVOTjBEUG9EWnNhYWZUcTRGQXhzbFI0OU0tMEdZVDRTTmNuRWJ0cGJaalE?oc=5,,2026-07-07T05:36:00+00:00,0,0,0,0,0.0,0,IN65,bm,india,Komuniti India / Tamil,news.google.com,india,"""Johor"" diskriminasi OR hak when:30d",google_news_rss,indian_narrative,,,
news,post,5ddd3c38fd5549d5,Johor polls: PH's Saiful Nizam campaigns on 'Endau's voice to Putrajaya' mission. Johor polls: PH's Saiful Nizam campaigns on 'Endau's voice to Putrajaya' mission&nbsp;&nbsp;Sinar Daily,https://news.google.com/rss/articles/CBMivwFBVV95cUxOVFJ0elEwcmFsOGlQbG1XdVV6NGRsTDMtY09BTUxhRmNSWHBCQWlFSUdLSnU5SHM1Z2w2cFFJMGZreGxmRjdKWXB4TlNhTkpiSFpEVmFmZGRhczNnbllpVlVfVUktenpueFhVLS0xZzMzXy0zQjdpeGtXUER3dEFaeE9kRUtRNF9XQkN4c295T3VxUjB2cnBNb0xVRFhVQ1ljOXlvNGcyUGxpM1NjUm41b1NUbjlUc3VMcGFNdDh3VQ?oc=5,,2026-07-06T07:25:00+00:00,0,0,0,0,0.0,0,IN65,bm,india,Komuniti India / Tamil,news.google.com,india,"""Johor"" diskriminasi OR hak when:30d",google_news_rss,indian_narrative,,,
news,post,e47482b0a705ddc1,Johor polls: DAP banking on young candidate to create history in Bukit Permai. Johor polls: DAP banking on young candidate to create history in Bukit Permai&nbsp;&nbsp;Sinar Daily,https://news.google.com/rss/articles/CBMizAFBVV95cUxQdmJCbjMyaUlVMXhzSlVuWkRlMmFkcDRwSFkydmZmZWp3QmpybFFGYmVWZjBUaWFIZU5JZGpKUUs1Uy1YQkJpc1JBSGNIMmlOTjFiWFRaM2dWWG01LW1jRll3MlJ0aWxWR2hGaHViZGtPNFM3RERMdTNxY2labkp6SmZsOXhXbGhoUHBoTVdzVzlBdU9wY2hFamZ2NlM4WGwyMWhoWkdFT2RyOEN3YUZTdHNhWVVfd1o1UkdIU0VZMThTaUZOQlBBZGFUN0s?oc=5,,2026-06-27T06:29:00+00:00,0,0,0,0,0.0,0,IN65,bm,india,Komuniti India / Tamil,news.google.com,india,"""Johor"" diskriminasi OR hak when:30d",google_news_rss,indian_narrative,,,
news,post,3e432a422e35aaf6,"Kuasa bebas Najib hak Agong, tiada kaitan politik, kata Azalina. Kuasa bebas Najib hak Agong, tiada kaitan politik, kata Azalina&nbsp;&nbsp;MEXC",https://news.google.com/rss/articles/CBMiSEFVX3lxTE4tZEtsRDFaQkk1eHZzdUtQQlRSQmZnTUVPYlFjNnVTRWVuT3BLRUJNOVRDcmRQcmh3V0daQW9CUk5ST3gxUENDcw?oc=5,,2026-07-06T10:06:33+00:00,0,0,0,0,0.0,0,IN65,bm,india,Komuniti India / Tamil,news.google.com,india,"""Johor"" diskriminasi OR hak when:30d",google_news_rss,indian_narrative,,,
news,post,ac5eb52c360f0c61,"Adakah BN sedia peruntuk Adun lantikan kepada PAS, soal calon DAP. Adakah BN sedia peruntuk Adun lantikan kepada PAS, soal calon DAP&nbsp;&nbsp;MEXC",https://news.google.com/rss/articles/CBMiSEFVX3lxTE03YWZwUXU0dHZMdlpZLTZFWWlXVU1uSFpmelBIazlYYmczajIwb25VZEFjRjdhNGVKbkh4RUdtZHpiZHdJSExBOQ?oc=5,,2026-07-06T09:54:37+00:00,0,0,0,0,0.0,0,IN65,bm,india,Komuniti India / Tamil,news.google.com,india,"""Johor"" diskriminasi OR hak when:30d",google_news_rss,indian_narrative,,,
news,post,cbad0dc6d0115365,"Kenapa tersentap dan meroyan, Asyraf tegur pemimpin PH. Kenapa tersentap dan meroyan, Asyraf tegur pemimpin PH&nbsp;&nbsp;MEXC",https://news.google.com/rss/articles/CBMiSEFVX3lxTE1CaTNzSF9DWktPRGM5Z3ZfUVAzMVBPNGFaWlJILUtYbWVYSWg0bnNrMTU0bl9wTXpQdERtOVhNTml2NGs4TkFqWA?oc=5,,2026-06-30T19:43:00+00:00,0,0,0,0,0.0,0,IN65,bm,india,Komuniti India / Tamil,news.google.com,india,"""Johor"" diskriminasi OR hak when:30d",google_news_rss,indian_narrative,,,
news,post,9c97f74190078077,"Johor Polls: Fahmi Warns Voters Over Digital Sabotage Tactics, Fake Accounts. Johor Polls: Fahmi Warns Voters Over Digital Sabotage Tactics, Fake Accounts&nbsp;&nbsp;Bernama",https://news.google.com/rss/articles/CBMiWkFVX3lxTE5qSkVHTFRVbHJFLV9sM2dEOEZlQ1I1ZHI2aXNpOUtxNHd5eHpoYXlEdWlUeC1FcUpOUGo1ZlV1emNud0ZoR01UU2ttcU92S0VybkxTSFg4OUd4QQ?oc=5,,2026-07-02T16:29:31+00:00,0,0,0,0,0.0,0,IN66,bm,india,Komuniti India / Tamil,news.google.com,india,"""Johor"" berita palsu OR fake news when:30d",google_news_rss,indian_narrative,,,
news,post,2ceca2ab89093708,"Dr Wee calls for probe, removal of social media post spreading fake news about MCA. Dr Wee calls for probe, removal of social media post spreading fake news about MCA&nbsp;&nbsp;The Star",https://news.google.com/rss/articles/CBMiywFBVV95cUxOeFpOam9WRVI3eU1rekJyZm9pc05EUWRRMWp4Y0NwTWtNRE5xMXlZYVBGbFh2b0Rnb2stNWZzbzQ3Z0hyWHMxQWJOQWRiN2VZXzVhZ0ZhWER1dmlfdjM1Mjhra3JmMVlmMXhaOGg5Vk5kVDFMckg5YzFFV3J1TjJMeGV3b3NDWEp4ZWlHV0FoaGtYbFVsQWViVlRwMXlEU2xzVzg3RVRPN1ZiZEs4Uk40OTY3NGZUMlZpOW5TblhKSzlQcTlRcEVBY3pnZw?oc=5,,2026-07-05T10:10:00+00:00,0,0,0,0,0.0,0,IN66,bm,india,Komuniti India / Tamil,news.google.com,india,"""Johor"" berita palsu OR fake news when:30d",google_news_rss,indian_narrative,,,
news,post,a9354be67c715f84,MMC rolls out Semak Berita to tackle AI-driven misinformation in Johor polls. MMC rolls out Semak Berita to tackle AI-driven misinformation in Johor polls&nbsp;&nbsp;NST Online,https://news.google.com/rss/articles/CBMivgFBVV95cUxQQUdWeWxLZ2xrSzBEM0xxV3N5clZDUmhBNjY2X1BVVWZFdTAtX0xRYXRCX3hwTnV1QlBOclZlcjFVZXp4TjF3RXlQSjFGVDZreFVReVlaLWJ3ZW12aFR2cHVvVkgyS2ZVSExYX1ljbTRRbjduZXNTVUVFcG5iUktIdk9wOXl2SVF3QnpTRWlvVFp3YXNITEtPT1hVSkFUM0Zia2Ruc0FMME5RbVY4blRsU1dVQXBjdTg4bEQyQmNR0gHDAUFVX3lxTE9FZ1JyYmpUdzhVTXRMeXI0S1Y4OEJlQTJjaUppbldBbzVCNjNad0VfMHRRcjhKUGRYeV9KSk1Jb0J2amFUNVRhZjBPZGZPV2hBS25OcUNBcEVvT3hiYzZza0d4UjJCUmhVb1N4MThLLWxaaXlzd2tuWDhfWGtLU1RTUk9LTmNWeVVEZkQwQy11Q2dfOVYyV3dIczgxcHE5M3N0MVBoLTZ2dzdtbkZrbC15UU1hQWRMQjZqZVRrQXA3OVFfYw?oc=5,,2026-06-27T07:00:00+00:00,0,0,0,0,0.0,0,IN66,bm,india,Komuniti India / Tamil,news.google.com,india,"""Johor"" berita palsu OR fake news when:30d",google_news_rss,indian_narrative,,,
news,post,95c2a63c0bbbe8ed,Penang Recognises Media’s Role As Frontline Defence Against Fake News - Chow. Penang Recognises Media’s Role As Frontline Defence Against Fake News - Chow&nbsp;&nbsp;Bernama,https://news.google.com/rss/articles/CBMiXkFVX3lxTFAxcTN1VUhLSGdFRkYwaXBna184R3BsQjhpbmxuelJvQk5yQjgxcFF3SkFlMktFTnZPLVVEWENGTkxLR0JUcU90aEdOd1ptaTdmVFU4MFhiNkpUekhCZUE?oc=5,,2026-06-19T07:00:00+00:00,0,0,0,0,0.0,0,IN66,bm,india,Komuniti India / Tamil,news.google.com,india,"""Johor"" berita palsu OR fake news when:30d",google_news_rss,indian_narrative,,,
news,post,eadf92c940e1433a,Cops open 3 investigation papers linked to Johor state polls. Cops open 3 investigation papers linked to Johor state polls&nbsp;&nbsp;Free Malaysia Today,https://news.google.com/rss/articles/CBMivgFBVV95cUxOSDFlR1lsSV9Ec3A0Sk9QbG9RT1lNMmIybTg0cUFIbFc1UHJic09uWkNFLVJPZXkxWDVGYnBVTzZUaGpoejhqekNOSDhRdjVBQTRmN0RaUGt6blNFelJseUtqcXV0VDlpdnNObHpTRkIyVE9GV2dCV0ZoTDROTDZ2OHNNVHZlaFBYWnBIYkZfQTRRdGpkOHNXSHhaNkpjNEw3WXpmYXFYRnFFZGxyZTZIVkZabjJsT2dHV1NWd0JB?oc=5,,2026-06-29T03:03:48+00:00,0,0,0,0,0.0,0,IN66,bm,india,Komuniti India / Tamil,news.google.com,india,"""Johor"" berita palsu OR fake news when:30d",google_news_rss,indian_narrative,,,
news,post,e9d3e0e23671f9eb,Johor polls: Cops open eight probe papers up to July 2. Johor polls: Cops open eight probe papers up to July 2&nbsp;&nbsp;The Star,https://news.google.com/rss/articles/CBMipgFBVV95cUxONFFMVW0wRVc0c0VUbUlSLUJoeXF0WkctbVVTRk55U3BaT1B3TDhISFU0M2J2Sjc2LWlrUTlhS0UxVnBOYVlXTEtxN19rZHlyTGJzR3lteU5BazlKU3hjNW80S1JoY2NnS3ZqMzN2NEJLN0FzbVRGN3RDQmNXM1ZWMlpabWtlQU9JUDlGUWZzZzYtY002RjdENVhPODFZMTZnZGc5WXZR?oc=5,,2026-07-03T02:09:00+00:00,0,0,0,0,0.0,0,IN66,bm,india,Komuniti India / Tamil,news.google.com,india,"""Johor"" berita palsu OR fake news when:30d",google_news_rss,indian_narrative,,,
news,post,c612867900ead962,Vietnam To Fine Social Media Users For Spreading Fake News Starting July 1. Vietnam To Fine Social Media Users For Spreading Fake News Starting July 1&nbsp;&nbsp;Bernama,https://news.google.com/rss/articles/CBMickFVX3lxTE1uQy1BMUJPdFFpbEV6QnNjbG9TM0hOWXNkM2JYZEt3Sjh2bk1lSXJycmd0MGptLUd2Vk5iTEd0RDZoak9fdTd6Nlh3OUNfaHJzV0EyRTEzNkMzakI4OVhraW82b0VDbF9YekJvS1JMZ0ZaQQ?oc=5,,2026-06-30T21:00:26+00:00,0,0,0,0,0.0,0,IN66,bm,india,Komuniti India / Tamil,news.google.com,india,"""Johor"" berita palsu OR fake news when:30d",google_news_rss,indian_narrative,,,
news,post,7715e84f12d45f2a,Fully Understand Information To Stop Spread Of Fake News - Expert. Fully Understand Information To Stop Spread Of Fake News - Expert&nbsp;&nbsp;Bernama,https://news.google.com/rss/articles/CBMia0FVX3lxTE41Skd6S0dpUEFVZUVXVkdObVVEN1VfQmg2aE5yeEhWdUtxZFFQN1NYY0ttZ0djRzRBeXo5ZktRQlZDV2tHVG45ZU94eldIQUY2MW4wczR4d0xWM2N6Z2RYYUowWS1PZ2NUYlRn?oc=5,,2026-06-15T07:00:00+00:00,0,0,0,0,0.0,0,IN66,bm,india,Komuniti India / Tamil,news.google.com,india,"""Johor"" berita palsu OR fake news when:30d",google_news_rss,indian_narrative,,,
news,post,c9ab33bf679c691b,Johor Polls: Fahmi Slams Fake Whatsapp Account Impersonating PH's Endau Candidate. Johor Polls: Fahmi Slams Fake Whatsapp Account Impersonating PH's Endau Candidate&nbsp;&nbsp;Bernama,https://news.google.com/rss/articles/CBMiXkFVX3lxTE0zMDlSMGMyeVlxWEZ1QjFzYUlZU0R0M18wQVVpZU8wVHpwRlZqdXdKYjNQWm9BSTNaaGU2Z3RreHdqSGF0Q1NVSWZqUFRzTWh1dU1JR2ZlTWx1blk3UXc?oc=5,,2026-07-01T16:21:00+00:00,0,0,0,0,0.0,0,IN66,bm,india,Komuniti India / Tamil,news.google.com,india,"""Johor"" berita palsu OR fake news when:30d",google_news_rss,indian_narrative,,,
news,post,8ec9d91ad00b734e,"PRN tengah bulan bukan alasan tak pulang mengundi, kata Fahmi. PRN tengah bulan bukan alasan tak pulang mengundi, kata Fahmi&nbsp;&nbsp;MEXC",https://news.google.com/rss/articles/CBMiSEFVX3lxTE1PdTdONTVFb3JSZ0tUWjhfN044NHdkMHM3QmlsMVJ0cVZFa18yYXVySWV0WngtT1NTU0xNVG52Tzg0T2RPZW15bg?oc=5,,2026-07-02T01:10:00+00:00,0,0,0,0,0.0,0,IN66,bm,india,Komuniti India / Tamil,news.google.com,india,"""Johor"" berita palsu OR fake news when:30d",google_news_rss,indian_narrative,,,
news,post,be486bef2051a0a1,"MIC to defend 2 seats in Johor polls, swap one with Umno. MIC to defend 2 seats in Johor polls, swap one with Umno&nbsp;&nbsp;Free Malaysia Today",https://news.google.com/rss/articles/CBMitwFBVV95cUxNczdUTWVMS0NuN1UtQWl1ZnpQX1JBME95SnNrZHVUUmJtSEROR2o1X1hZdDltNnpYS25lQTNCeTVOVjhCV1BLMkRIRnRLbG9mRG5Pc0NwQnMtREJ0UjRJUGdIbTd0aEFFV1VIQnA2MEgxanhoZTd4OXRsZHYwaXozMFRXc013Qjl4dWxtQWtkVm5KUW5VRVEtNFBHdzJ0UTNtUENGay1uR0N5MGtpQU40eDN0TjduVjQ?oc=5,,2026-06-16T07:00:00+00:00,0,0,0,0,0.0,0,IN72,bm,india,Komuniti India / Tamil,news.google.com,india,"""komuniti India"" OR ""pengundi India"" OR MIC ""Negeri Sembilan"" when:30d",google_news_rss,indian_narrative,,,
news,post,ec52adfb1ecb7093,Johor MIC gears up for Perling clash with DAP stronghold. Johor MIC gears up for Perling clash with DAP stronghold&nbsp;&nbsp;NST Online,https://news.google.com/rss/articles/CBMingFBVV95cUxOVm9XUGlkY2hDRmRVMTd4OFhNZ1lLeFQxR3JKSXA1Y01mUWxfZWxUSlBvQjV3dFVIRVNDV3NGZUs0eU1CdnRrSlVOLTNJWEt0dmt1TU1Lb2wzanA0RWtkYVhvbV84bl9WTHo1d0Y3amJldjcxd1NsNGN4NmtvUkhXa1FSY2w5cDVINHRnYnJ5NEl1V1IwekpLQ3h6MlJXZ9IBowFBVV95cUxPTXBuRDZ4M0JKYk1Nb1hvRVVCWVR6S0xyZFF1cy1hcThuZ0NvSWY2cTZ0RkN3T24tUkNCQU1La2dBU1ZNZjZBemhGYnYxM1FGTGR1WlI4TTFaaWJtYkE1VVdIQjY4azJPZGE3dFBKYXJBRHNGUDYxSlVENnJIT1J5ZTg3NFlkYlFwSlFkWjJibzFYVHJULVBVMXIycHJ4aHVneC1F?oc=5,,2026-06-08T07:00:00+00:00,0,0,0,0,0.0,0,IN73,bm,india,Komuniti India / Tamil,news.google.com,india,"""komuniti India"" OR MIC Johor when:30d",google_news_rss,indian_narrative,,,
news,post,5a99112a2d26b8e8,MIC steps out of comfort zone with urban push in Johor polls. MIC steps out of comfort zone with urban push in Johor polls&nbsp;&nbsp;Malaysiakini,https://news.google.com/rss/articles/CBMiUkFVX3lxTE5GRncxS0NPcFIzcFJydUptZzloaFBLLWU3UjFPQ1ZIOUVWX3VpNm1DRUdrSC1DUWZISFV2TTFHTzV0WlJyOFA0S0U3V0FkbW9SMUE?oc=5,,2026-06-30T12:06:09+00:00,0,0,0,0,0.0,0,IN73,bm,india,Komuniti India / Tamil,news.google.com,india,"""komuniti India"" OR MIC Johor when:30d",google_news_rss,indian_narrative,,,
news,post,45d0d4326f953e6b,Johor election: BN to field 12 new faces as incumbents face axe. Johor election: BN to field 12 new faces as incumbents face axe&nbsp;&nbsp;The Malaysian Reserve,https://news.google.com/rss/articles/CBMiqgFBVV95cUxNRGx2UjJReXNVaUtSeTZFVWNGSzhuVElkOG1oMlI1UC13V01ac2VrZEQ2anZMdFpERkNrM1NYYk1UTFR3aWZBcmt3a3JWNXZRREt2NXVoYk1sN0tNeGFLUDg3ak01YXJmdm9EUWVHMmV3bDdXR252ZmhrX2FYZFZTSzhSN1RvMGM5dTN6ZU50VHVXRTBBbFNWX05nUVZTb3VDYWVUb3BXTzY3Zw?oc=5,,2026-06-17T07:00:00+00:00,0,0,0,0,0.0,0,IN73,bm,india,Komuniti India / Tamil,news.google.com,india,"""komuniti India"" OR MIC Johor when:30d",google_news_rss,indian_narrative,,,
news,post,466823a455fc6650,Johor polls: MIC to contest four seats. Johor polls: MIC to contest four seats&nbsp;&nbsp;The Star,https://news.google.com/rss/articles/CBMikAFBVV95cUxQekNsam53SW5jTTdER1Y3dHpjYTBGUHZVX3hpZXFhWGdsbjhIRkZrbTMzX0ExY1hQTm5HTzdTU1ZWMWl2ck15WE00dzVhYVl0NDViNjFFWkNhcWZneFNseThtb2g2WV9RNEhwT0ZWTExNcGRPQjhDbFJhR1JobmljQzhNSjlZTUJqV01jdVl1b00?oc=5,,2026-06-16T07:00:00+00:00,0,0,0,0,0.0,0,IN73,bm,india,Komuniti India / Tamil,news.google.com,india,"""komuniti India"" OR MIC Johor when:30d",google_news_rss,indian_narrative,,,
news,post,0b9d60729716ff52,"PAS Tells Supporters To Vote MCA And MIC In Johor, But Nobody Calls It A Deal. PAS Tells Supporters To Vote MCA And MIC In Johor, But Nobody Calls It A Deal&nbsp;&nbsp;TRP | The Rakyat Post",https://news.google.com/rss/articles/CBMizAFBVV95cUxNR2xGSk9fYnQwanFFS3hFbnNoWUlRVUdtS090ZkxNdmFNOHVFaWxTTGF4OHN2cWRjSnlhbHFtVFkwaHF5TWZITGYxUHRBbGdFeUp5M2tVQmZrWGwyUGFKUFozbVE0MDVnSGdkQlA4bTN6TWZ3N3d4akVhVFRpNWQ5SGVaeGhxaDRwdElOMjhtOFZCNDFFZ3U1Sm5oZTY4RkxfYnMzcnpUT1VvMXhnYk1ZOEJFYURKMG9adzRScVM1dWVIT1NYWlBNYVdmTlk?oc=5,,2026-07-07T04:29:08+00:00,0,0,0,0,0.0,0,IN73,bm,india,Komuniti India / Tamil,news.google.com,india,"""komuniti India"" OR MIC Johor when:30d",google_news_rss,indian_narrative,,,
news,post,182bdf555a4bf0a9,"Elsa To Grow Digital Technology, Robotics, Engineering Segments After Positive ACE Market Debut. Elsa To Grow Digital Technology, Robotics, Engineering Segments After Positive ACE Market Debut&nbsp;&nbsp;Bernama",https://news.google.com/rss/articles/CBMiV0FVX3lxTFA5TW1XZGMtNG5BLW5wRTlBRGJhekF6b0xkNG80THhfcy1GbWlMS19zY2lielplU0hxejR4Nk9pcDBocTV3T2hhN2J4eXZvbFhndUw0Z20yOA?oc=5,,2026-06-16T06:09:25+00:00,0,0,0,0,0.0,0,IN73,bm,india,Komuniti India / Tamil,news.google.com,india,"""komuniti India"" OR MIC Johor when:30d",google_news_rss,indian_narrative,,,
news,post,99ae9bcdf8f1f081,"Johor polls: 200 Johor PKR members, including vice-chairman, quit for MIC. Johor polls: 200 Johor PKR members, including vice-chairman, quit for MIC&nbsp;&nbsp;NST Online",https://news.google.com/rss/articles/CBMiuwFBVV95cUxNaFR2UFZJbHZ6cXdIa0tzTDFZX2YwSE9ydnlsSW0xWHVLcVB1Q3lqSEhLb3BubWdwS2FLUFE2VEhHdUdnYUsxZ1IxSTB3MlFJQ0tLYlVwRFF0N2YzREY3QnFQdWZmZnFqTk9Ba1NZNlVOTnlRQ0hBYnUyeGhOZzhYLWlrWk1ISjVnVVQ5R29qSW9NVV90UFNWVVhCU2VoOTR0Rkc2S1JKMWh1dXA1WGs0SVFEVi1QMHJMS0xn0gHAAUFVX3lxTFBDQUpMVjlOTEdudm1QNU1rR1dQRlZjMWRYYmFNbE52c29uUEd1cGdhMEg5NjN2cktodEREZDZ4XzJsTXYwNlJOTURuMTRrYWlLcXlLNk83TG5mOW9IYWdVWTRoZ012WDlOVFRCWjJNSjUwNmpBcGd0RG5UaXJ4cVpENHJieFpKczJJMm5GM0k1YzM5Rld5NjVQMjVjMmlWYjBkcE90anZUTEVuTUZ2dEFweDVUeTNreVlGZERPbnM0Ug?oc=5,,2026-06-30T10:19:51+00:00,0,0,0,0,0.0,0,IN73,bm,india,Komuniti India / Tamil,news.google.com,india,"""komuniti India"" OR MIC Johor when:30d",google_news_rss,indian_narrative,,,
news,post,05dec11e73a9bcc1,MIC eyeing Perling following seat swap. MIC eyeing Perling following seat swap&nbsp;&nbsp;The Star,https://news.google.com/rss/articles/CBMikgFBVV95cUxPclZpTDF2VlkxczkxVWJMSlF0dmUwR3VtWlZ4cHRFTEhlbHNYbWZ3N1VUNWg1ck1RZFJoX0ZqX0s1SGM3WmMwRml6LW9DZzRkZjV1akRDUm9rdVhqbHVFTW1nM0tsRzhoeHdMRmgySHJ4NGItQ29UNktydUtmSExONXdSMGRXR2M4SkxsdnVYbDBIQQ?oc=5,,2026-06-13T07:00:00+00:00,0,0,0,0,0.0,0,IN73,bm,india,Komuniti India / Tamil,news.google.com,india,"""komuniti India"" OR MIC Johor when:30d",google_news_rss,indian_narrative,,,
news,post,f114507895357a81,"Ex-health minister, Umno returnee to contest Johor polls. Ex-health minister, Umno returnee to contest Johor polls&nbsp;&nbsp;Free Malaysia Today",https://news.google.com/rss/articles/CBMitwFBVV95cUxOeGxYMklSdnBtaVY2M3ZhM3lDNmM0aWpZdVoxV2NyX1pUQUpXLURaOEwzR3JyUGtMeDhOY0l5NGxPYXV1TzlsOW4yeUtnQ2dYN2J1QzVzQ2VVWGJOQU55SFI1V1I2WHNMTUlFTnpLUWp2ZWI5UnB6UnhTa2RadXUwc0lKMnhROUZnVXBGMlFkMlNUX2JOcVd5Yk4zOS1SUEdJelFpNjlPd2llR3ROb3B3WkRydnFLcm8?oc=5,,2026-06-24T07:00:00+00:00,0,0,0,0,0.0,0,IN73,bm,india,Komuniti India / Tamil,news.google.com,india,"""komuniti India"" OR MIC Johor when:30d",google_news_rss,indian_narrative,,,
news,post,ba6eaef93071186f,Road ahead for Perling electorate. Road ahead for Perling electorate&nbsp;&nbsp;The Star,https://news.google.com/rss/articles/CBMikgFBVV95cUxNT1Y1SjZVVnNWNE9aekFHU0xhTzFSMFgzMG1PTXhtNldmR05FdENKSmRkNWk5cU5VUDRzVDBHeE5xQ2k1MEtFRXMzTUVxREVpSWRCUlU3MkVwSFpCR0RuTEJNTExKX1ZETVMzbWc2TXl3VlNGSWpPVDhkWE40NXloSDZzdDZMblZHeVVVX1BzZTBzQQ?oc=5,,2026-06-25T07:00:00+00:00,0,0,0,0,0.0,0,IN73,bm,india,Komuniti India / Tamil,news.google.com,india,"""komuniti India"" OR MIC Johor when:30d",google_news_rss,indian_narrative,,,
news,post,cbcba318c668eef0,New faces coming for Johor polls. New faces coming for Johor polls&nbsp;&nbsp;The Star,https://news.google.com/rss/articles/CBMiigFBVV95cUxOSDROZjExUWFIajNNcjdRVW44N2NldVl4OFgybnF2djZkZ1NZazExTE55UmVITWxrbWtxcEtfd2lncUtydERQbDl1MkloWW9FVGZOTmplaUpKZ2d0bWlnYWxCUHh3VEduQjg0Q0IyOGk1VWRnRFlROGRNVzlZTm1rT2ZlWGVHbTMzM3c?oc=5,,2026-06-17T07:00:00+00:00,0,0,0,0,0.0,0,IN73,bm,india,Komuniti India / Tamil,news.google.com,india,"""komuniti India"" OR MIC Johor when:30d",google_news_rss,indian_narrative,,,
news,post,58e844db691bd9df,BN shuffling stronghold seats. BN shuffling stronghold seats&nbsp;&nbsp;The Star,https://news.google.com/rss/articles/CBMihgFBVV95cUxNNEtqTXF1S01CNGlRSnltbmRPNF9rOHNNa0UzUE5uZHoteWY2bWdhUEtIamNyMGFMdlpTcC1CWVR0QjNaNWNsaFhOb01ac0hyUEZZTWhPeTlDUFhNZlh5dWt2WlkyNTR4eUVwcnpHU09EX00tVlFQZmNFb1VEcTFkMmFMSmZCZw?oc=5,,2026-06-23T07:00:00+00:00,0,0,0,0,0.0,0,IN73,bm,india,Komuniti India / Tamil,news.google.com,india,"""komuniti India"" OR MIC Johor when:30d",google_news_rss,indian_narrative,,,
news,post,9458179bdc925ab8,"#SHOWBIZ: 'Himalayan giant' of Tamil cinema Bharathiraja dies at 84, Vigneswaran extends condolences. #SHOWBIZ: 'Himalayan giant' of Tamil cinema Bharathiraja dies at 84, Vigneswaran extends condolences&nbsp;&nbsp;NST Online",https://news.google.com/rss/articles/CBMiuAFBVV95cUxOb016bjVXUmN0X2E5SDJwUFBnQkpqcDBGZXpMcXExcTNUcWpILXhjck82eG5IRXZJT2VkMlhWRnh6U0U3Y2R2bm94ZUR6eU1qSS1yOFJERmJCbzBGdWZRZVFLY0xULWFOUUlkdHBaN1ZtTE9zbFVMaWRpN2NlU1JreGlPOGhKNmFyeTR5Y0YtNm9ENXJQQkoxZUR5T3NPVzI0MDRDLXZJWDFtVExrM2JuMEQ0VWctMFY00gG4AUFVX3lxTE5vTXpuNVdSY3RfYTlIMnBQUGdCSmpwMEZlekxxcTFxM1RxakgteGNyTzZ4bkhFdklPZWQyWFZGeHpTRTdjZHZub3hlRHp5TWpJLXI4UkRGYkJvMEZ1ZlFlUUtjTFQtYU5RSWR0cFo3Vm1MT3NsVUxpZGk3Y2VTUmt4aU84aEo2YXJ5NHljRi02b0Q1clBCSjFlRHlPc09XMjQwNEMtdklYMW1UTGszYm4wRDRVZy0wVjQ?oc=5,,2026-06-10T11:23:42+00:00,0,0,0,0,0.0,0,IN73,bm,india,Komuniti India / Tamil,news.google.com,india,"""komuniti India"" OR MIC Johor when:30d",google_news_rss,indian_narrative,,,
news,post,5b42e2b86916b630,"Johor Polls: BN's Power-sharing Principle Built On Sacrifice, Loyalty, Political Stability - Onn Hafiz. Johor Polls: BN's Power-sharing Principle Built On Sacrifice, Loyalty, Political Stability - Onn Hafiz&nbsp;&nbsp;Bernama",https://news.google.com/rss/articles/CBMiakFVX3lxTE5oc2FtR2dNWFd1UmtEVlpUbGhvVTVWWGRlaGtpZ2hUQldBcEw2TTlra0hnaW14T0lDeWdadTNmNkhQa1ZQVWtuUF9jaV80XzdVV1BZWUZ5MUdqX2JnZnVSRjNMeDNNbVV2RFE?oc=5,,2026-06-29T09:26:00+00:00,0,0,0,0,0.0,0,IN73,bm,india,Komuniti India / Tamil,news.google.com,india,"""komuniti India"" OR MIC Johor when:30d",google_news_rss,indian_narrative,,,
news,post,6e57d1b7e2bda985,"Johor BN fields mix of new faces, party machinery for polls. Johor BN fields mix of new faces, party machinery for polls&nbsp;&nbsp;NST Online",https://news.google.com/rss/articles/CBMipAFBVV95cUxORHV6TVFSNlY4VFQydmRaTG1zU18tVDlVZ1NOUXkzWm1RUDJmcjlRYkZ2TVFGWVplbXFYY1M5SjJzb2FLbXJIZUVDam5jVjF0dE1rX2FvY19YRWpRa2k4NXdLTzhSVEtoRUhVaTdaa2szYy1VbjlKVG01MTJGaVQwQzVkTnJrUWYzU08xOFNpejhnQUc3WDhHNTJBcEJCTzktVGNTONIBqgFBVV95cUxPeFZtWHN6c01Wdmw2c3lxb2pZSVNTVno4TjUxUWY1TE1ZVE5aUFpkUXFsS242RlVoWmFITngzdlFRU3hvZXd3enFnLXVZUjhBcVByWEVHWWFoZVAtanVHQW5wdTJyTTQya2R5TjNlcXUtREFWZmhObFJXLTdiazVHQldFbVhBZFQtUnFhWlVsZTlLbGhqUXpqMTZtODlUZUtfRDR6RHJKeFE2QQ?oc=5,,2026-06-24T07:00:00+00:00,0,0,0,0,0.0,0,IN73,bm,india,Komuniti India / Tamil,news.google.com,india,"""komuniti India"" OR MIC Johor when:30d",google_news_rss,indian_narrative,,,
news,post,c635c44e2a243136,"Johor polls: Adham Baba returns to contest Pasir Raja, Onn Hafiz to defend Machap. Johor polls: Adham Baba returns to contest Pasir Raja, Onn Hafiz to defend Machap&nbsp;&nbsp;The Star",https://news.google.com/rss/articles/CBMiyAFBVV95cUxNblh6d2lBWWZzODRvekQzb2FnTXRfd3lkNFY3OEpIblZvRFhKbEVmVzRXOHN3SHJnSk1qNGdGQlY5Qk54TGJ2d29ZRXJPdFB4MG01XzlfNFRCdWxvQnNpazZ2SDNQaWhlUl9pMzQ3RDRQWS1MY0lMalR1cEFWdzhwWkdYUURMc3l1WmRPS1FhNHBtZllTaWRvTEk3dWpiRFlRbmJ4U1FNSVBHUkpsOW1IZl95M1JTZFdUYXhVZzZXMWxtNWQwRjB6NQ?oc=5,,2026-06-24T07:00:00+00:00,0,0,0,0,0.0,0,IN73,bm,india,Komuniti India / Tamil,news.google.com,india,"""komuniti India"" OR MIC Johor when:30d",google_news_rss,indian_narrative,,,
news,post,734432461612e9c3,DAP Skudai candidate slams MIC over lack of women's representation. DAP Skudai candidate slams MIC over lack of women's representation&nbsp;&nbsp;NST Online,https://news.google.com/rss/articles/CBMitgFBVV95cUxOY1ZERjJnSU4xNTI3VWZYMGF3S1RvSTVTQzdlVGdUOEhjQWVKeHdNZmQtTldGeDFRMnlDS0hyb3I1YWNzd1MwWkM2VmlKbU8teVlPT3RJM3I1TlJ5alczdTBmQUZWWXRUOWZNVEJOblJxU0VVNktTZ2dCS0lGRkZZZC14bEVvMi16MU9JSXNYaXhpN2IzdW01ck90Rk54TC1lZDJGVk1uN0QybDR4a011NHBLd3R0Z9IBuwFBVV95cUxNcjhSV2dGWlkxSXRyS1NnOVU5X3REcWhUdS1FanVYZmdvV2dJRGV3cHJiZUEwXzdSdks2UmtHTVI5Rk54UmsyNFk0VnVFd2tYMUNmemdWTFk4VXdoYWJ2Vm9CWnh1Q0p4R1RJNlBQRklDdzFFZzIxVmxhZEhLUTRpWVZnUzRzVHBxR0tJdWR5RE1oeDNxOHAzd2ZydUR4eUZXakJGX2pMY0JGVUd1ejEtMnM5Z3NBNjJodUtF?oc=5,,2026-07-02T11:52:51+00:00,0,0,0,0,0.0,0,IN73,bm,india,Komuniti India / Tamil,news.google.com,india,"""komuniti India"" OR MIC Johor when:30d",google_news_rss,indian_narrative,,,
news,post,97570cfad69fa7bd,"Johor campaign billboards torn down in Bukit Batu, Pakatan hopeful Arthur Chiong cries sabotage. Johor campaign billboards torn down in Bukit Batu, Pakatan hopeful Arthur Chiong cries sabotage&nbsp;&nbsp;Malay Mail",https://news.google.com/rss/articles/CBMi7AFBVV95cUxQeS1mbV9BU21MS0VZWkQ4a2RvYk42MmhaRFJVaWZDUlhVUkROMUdjMko3ZExqNjlMUGY5Y1BKZVVodldVaGxzZDlsSExtb01MRnRDS0syUlVKQ01BR3RNV1p1dUlDRjgwdzBNWXdtV21RR29RdWgzUWgzUkNTOXBGYlg5WWRod3ZEMWJIRV9lSUhWTUtoX3RXZkxMR1NVTEN3YUNzV296VXBraWRMQWJuUmR0Tlc0aVJhNS1qejlDWXZ2ZGxUc25LWlAtOXlpUjRjVklVTUs5TXFNZWZRa3ZJZDc4STJYYjhMNENId9IB7AFBVV95cUxQeS1mbV9BU21MS0VZWkQ4a2RvYk42MmhaRFJVaWZDUlhVUkROMUdjMko3ZExqNjlMUGY5Y1BKZVVodldVaGxzZDlsSExtb01MRnRDS0syUlVKQ01BR3RNV1p1dUlDRjgwdzBNWXdtV21RR29RdWgzUWgzUkNTOXBGYlg5WWRod3ZEMWJIRV9lSUhWTUtoX3RXZkxMR1NVTEN3YUNzV296VXBraWRMQWJuUmR0Tlc0aVJhNS1qejlDWXZ2ZGxUc25LWlAtOXlpUjRjVklVTUs5TXFNZWZRa3ZJZDc4STJYYjhMNENIdw?oc=5,,2026-07-05T06:37:48+00:00,0,0,0,0,0.0,0,IN73,bm,india,Komuniti India / Tamil,news.google.com,india,"""komuniti India"" OR MIC Johor when:30d",google_news_rss,indian_narrative,,,
news,post,2bcc2ed4d846abdf,New faces coming for polls in Malaysia’s Johor. New faces coming for polls in Malaysia’s Johor&nbsp;&nbsp;vietnamnews.vn,https://news.google.com/rss/articles/CBMikgFBVV95cUxNVk5oR1FudXU5RzZldDhSWXZ5Wkd4ZmpYb21nSFNtdFdXdmMtc0xMcTRTaTlKcVBzNTJFclREQndweUdmNzQ1VUlwZmRyUVhGVlcwWDdZZ0c2VHVPMnQweUszWUIyUVhmdEQ5NWRKS0ZiVm05dVNmSFdEUWZpRDN3WEI3cklwcXdpanhmUjNzOC1Hdw?oc=5,,2026-06-17T02:09:00+00:00,0,0,0,0,0.0,0,IN73,bm,india,Komuniti India / Tamil,news.google.com,india,"""komuniti India"" OR MIC Johor when:30d",google_news_rss,indian_narrative,,,
news,post,70130f46db34d8b2,Merdeka Center Forecasts BN To Retain Johor. Merdeka Center Forecasts BN To Retain Johor&nbsp;&nbsp;TRP | The Rakyat Post,https://news.google.com/rss/articles/CBMilAFBVV95cUxNWi1vQzl1SmJXSVdVcl9xTHduSXhpZXo1QVNLektRSEU0SnFxalRZaU1pVkRpNmtFN2V0MWdDTlFYWDdaM0dYb1VJaXhYTWJqRnpNSUQzN05FNTBRa2NjOFdhdGloMVhpN21qemVXWEprQWZFamc0bjdkazBxWTRINEZ0c244U0RlNWRYcXJJSUNULVJU?oc=5,,2026-07-07T03:18:04+00:00,0,0,0,0,0.0,0,IN73,bm,india,Komuniti India / Tamil,news.google.com,india,"""komuniti India"" OR MIC Johor when:30d",google_news_rss,indian_narrative,,,
news,post,c2f150f3175960e9,Johor polls: MCA's 15 candidates seek mandate to drive growth. Johor polls: MCA's 15 candidates seek mandate to drive growth&nbsp;&nbsp;NST Online,https://news.google.com/rss/articles/CBMiqwFBVV95cUxQeW4xbEdxRTZqck05VjVaTm9RNHQwcHZrUGhnZ3ZtZVczbG9BLWp5U1RWUWo3VS1BRnIwTFFjMUlhYmJncW55OG1OY1BKaHN1M3BzWUUyT0VUMTAySW5CRDhGR1NSTHZUTUxTSWt6U3lDV1Boa19Na08tMXNfdjhTdkhGQmg1cGc2V3BTTE9OQ0xMTHNEM1Fvb2RQQW9SU25wdkhIOXRrZVphVnPSAbABQVVfeXFMT2FXVEstVFdOaXhHZ0JocHB3NGJSNkZKUDZxQmdDb2xGRlQ0aE1ZSERPekkxR1N2M3lqc3dlWGdOSjVfOTZtbGNUaVM3TXNUQmtseTdUY1k0OVhrOEE2VWd6Y1RYRFRwWTNqUjhwckFyRWxpUTFfMGYzOC1nWFpSTnpNZnBYenViSFllb1Q0ZDI0VzlXX1VMZEZWQkROU0lMb2JuaVp1dGlVY1FRNHJMMmc?oc=5,,2026-06-24T07:00:00+00:00,0,0,0,0,0.0,0,IN73,bm,india,Komuniti India / Tamil,news.google.com,india,"""komuniti India"" OR MIC Johor when:30d",google_news_rss,indian_narrative,,,
news,post,9380d170b125cf8a,"Johor Polls: Eight Years Of Casework, One Election To Prove It Matters For DAP's Johor Jaya Candidate. Johor Polls: Eight Years Of Casework, One Election To Prove It Matters For DAP's Johor Jaya Candidate&nbsp;&nbsp;TRP | The Rakyat Post",https://news.google.com/rss/articles/CBMi6gFBVV95cUxQM0JFSTJnWlBZbEZfWENpTWFnQ3FnRDdoQXp3MzVVZ2tBT29IUndRd3JMVWlvdzB1alBPQjRNNjUxRi1BTjZwdFZ2VjFSc3VndHRGamFiOHJUc2MtT0wwRlhscjVrbVVxaS13Z2d5bnBSWmdqdVpoVTBqc1VRTUhqMWZyOEdsZDRUWU5KanA5eWhRNU9TNVUwUGVUM1lZQjdFWm9PenU2SWNZUVpTeU01dENOby10V25CNC04M3dpdGYxYjhwZ2ZKQll6UEFVcWg2TkVNaUhfOFNFYlprUGNjUkFfTkl3Q0w0Z0E?oc=5,,2026-06-21T07:00:00+00:00,0,0,0,0,0.0,0,IN73,bm,india,Komuniti India / Tamil,news.google.com,india,"""komuniti India"" OR MIC Johor when:30d",google_news_rss,indian_narrative,,,
news,post,5eb17c79ab852e77,"Johor polls: Bukit Batu PH candidate lodges police report, regrets sabotage of campaign materials. Johor polls: Bukit Batu PH candidate lodges police report, regrets sabotage of campaign materials&nbsp;&nbsp;KLSE Screener",https://news.google.com/rss/articles/CBMi3gFBVV95cUxOMnE3SGFJMmNXUl9GeFZiY0c1QWdUbThSMzJDajg3VGN1c3VyLVFrVXpJX1JVdWVzUXJET3A5a2FWVk1KUlZiWEtOaEVuVENFMVlJMVQ2RTNQdHU3c3phaEc3RUNqeTQwV3VWWVFkSURIYnduejJ4Z0hjZmFaUzhaSWlRTnViWXFHZEdCbU9KV2R1bzIyU3lJSTVxSko2elRaWHY1T1lsSDREY0hWVi1JMlZHX01IaUhkMlh4TXVtYTRGSl9TRWVvZWFiMGtSTVpQQnBib3dfci1vUnNGaXc?oc=5,,2026-07-05T06:29:39+00:00,0,0,0,0,0.0,0,IN73,bm,india,Komuniti India / Tamil,news.google.com,india,"""komuniti India"" OR MIC Johor when:30d",google_news_rss,indian_narrative,,,
news,post,3d55f019494142f1,"Johor Students Shine at BIICC 2026 with Gold Medals and Top Innovation Awards. S tudents from a few Johor schools have made the state proud with their achievements at the Borneo International Innovation Creativity Competition (BIICC) 2026. Held from 19th June to 23rd June 2026, in Sabah, the international competition brought participants from 20 countries through physical and ",https://varnam.my/120992/johor-students-shine-at-biicc-2026-with-gold-medals-and-top-innovation-awards/,,2026-07-07T03:54:19+00:00,0,0,0,0,0.0,0,VARNAM_FILTERED,en,india,Komuniti India / Tamil,varnam.my,india,direct:VARNAM_FILTERED,direct_scrape,indian_narrative,Varnam Malaysia — local Indian issues,VARNAM_FILTERED,media_india
