Platform,Type,ID,Text,URL,Sentiment,Date,likes,shares,comments_count,views,sentiment_score,total_engagement,engagement_score,sentiment_label,sentiment_confidence,detected_language,demographic,emotion_primary,emotion_anger,emotion_fear,emotion_happy,emotion_sadness,emotion_love,emotion_surprise
news,post,26a28dbb0383468a,"PN drops Azmin, Radzi, appoints PAS, MIPP leaders to key posts. PN drops Azmin, Radzi, appoints PAS, MIPP leaders to key posts&nbsp;&nbsp;Malaysiakini",https://news.google.com/rss/articles/CBMiUkFVX3lxTE1TeDI5aXNfYTNsYmxaWDgxRk1ubVFwTnFPTGtwV1BiQWJUTVd3dkVQYU5RU0laaXRvblVxZ3Rqc2MwSXZrWkJ6aTlIWV9pWkRCSGc?oc=5,neutral,2026-06-17 23:55:06+00:00,0,0,0,0,0.5,0,0.0,neutral,0.9940598011016846,malay,Malay/Bumiputera,no_clear_emotion,0.02210046350955963,0.014022521674633026,0.03200869634747505,0.013339401222765446,0.04917701706290245,0.021312447264790535
news,post,fdf8391424da00e7,There’s the door: Bersatu says PAS can leave PN. There’s the door: Bersatu says PAS can leave PN&nbsp;&nbsp;The Star,https://news.google.com/rss/articles/CBMimwFBVV95cUxOdlFqczRybWJETHRfVlUza3NMZXpwVVBlZl9hSG9rc2hQX09hTzBNSWpkQmtsOUNfYUVWaG5Ia0xOdGdRaFFISmZEQnVxUVhNbHlITlQzTUZGNm5SQ2ZhMnlTSmRSbHo1V2NhT0M5S1Nka1QzbldLODB4VnFKS2ZSeVJoSm5qMTh5aFczYjQ0SUFjSF9XQWpvUHMzdw?oc=5,neutral,2026-06-19 07:55:00+00:00,0,0,0,0,0.5,0,0.0,neutral,0.9166681170463562,english,Mixed/Urban,no_clear_emotion,0.04616206884384155,0.04184301197528839,0.13397517800331116,0.022338038310408592,0.11708023399114609,0.04827690124511719
news,post,42d3db4473be2a86,"With Bersatu out, a PAS-Umno combo is inevitable. With Bersatu out, a PAS-Umno combo is inevitable&nbsp;&nbsp;Free Malaysia Today",https://news.google.com/rss/articles/CBMirgFBVV95cUxQbWpfYVZxUFpyN2FRNFJOeEJOb3ZRRlZoalpJUmo3RmF5czFGRy1ESUtRWFV2cFQ1R0EwRU9iTWtzc2drUlJ3azhVYVNvU0Z1LWJLX2tQcXFhZEIxUGVzNXFraXBvaEE1aDZSbTdfczBpdUszVEdmUy1PZ1ROTnp3VnR5SmxfWXg1ZXA0WFZsbFZUMzJ6YzJ4ZFloNEJnbkdYR1NiWG82UVVGcUpDUWc?oc=5,neutral,2026-06-15 01:00:13+00:00,0,0,0,0,0.5,0,0.0,neutral,0.700992226600647,english,Mixed/Urban,happy,0.02001337893307209,0.03802521526813507,0.7984036207199097,0.010373695753514767,0.08140439540147781,0.018726103007793427
news,post,dfe8d8020d9cde0b,"Malaysia's Bersatu, PAS trade barbs over Hamzah Zainudin's return as opposition leader. Malaysia's Bersatu, PAS trade barbs over Hamzah Zainudin's return as opposition leader&nbsp;&nbsp;CNA",https://news.google.com/rss/articles/CBMioAFBVV95cUxQVVJjUFFvQ0Vtcm5hc0d0OU1rRWlIM2tWVHNONm9SdC1PRVFTNk4ybFFHWl9udkpqNktiUFRrZ1ctOFE0aTRta2RyX1hzQkhNell1UFctY0hqaHlwUkl1UmpOMXZ4RU1VTnRPcGdrWFVreWI2MldOdXZBXzdfRE50Vm5BNHlnbzRqMm14SHBkSVg1U3FUdXZUTTluaVZjX0tm?oc=5,neutral,2026-06-15 07:31:58+00:00,0,0,0,0,0.5,0,0.0,neutral,0.705695390701294,english,Mixed/Urban,no_clear_emotion,0.05391250550746918,0.016549548134207726,0.07575756311416626,0.023445837199687958,0.20942126214504242,0.024338386952877045
news,post,8a78018f909e2624,"Zaid Ibrahim vows to reshape Pas image, says party can lead fairer Malaysia. Zaid Ibrahim vows to reshape Pas image, says party can lead fairer Malaysia&nbsp;&nbsp;NST Online",https://news.google.com/rss/articles/CBMivwFBVV95cUxNZ1ZZaWlDc0x0ZFB5eW5IdnNMWm1RcjVRa0NLVnU1YWhpZm5GcFIxQWJUSTJHTDdjVG9tYklaVEZXV0dCM184SUpGV1c1NWZyUWVROXdidGo1WWdQcVNjMlV3MHhJV19vdkRBRURTYmRJNGFKU0FoY3AzZTV6eDZ3VEtDU1dEQjBtU0pUM2UxVzNIaUpsYjdQVXN5X1I3ZDZSNUotaF9LaTVoTWFwdU9VcmlVeVdycHpIV2ViZ0JKc9IBxAFBVV95cUxOYkd6TUlVanlZdUZpaVVnYk8tRG0xRmR0WTNwVkRRSTJoSzJKbjZTYm9RejJ1a0prYUlRLUgxLXN6eUNyQmJlaldjaFViTjlHOWVWaWRmYm5WY291WExzX0ZsZW15RW13RGkwQzFFSmgtNkZSbElEVDg3VFR5a1EyZG41N2Y2cVBQTzlhcDVLdy1RZHlIMHB5RnNaa0NfclJKRS1jZHd4a3BmcHo3T0ZfcE5MT0J4eXc3VjJ5M1lqRWxuaGx0?oc=5,negative,2026-06-14 07:33:16+00:00,0,0,0,0,0.07310982942581176,0,0.0,negative,0.7563005685806274,multilingual,Unknown,happy,0.020661041140556335,0.03328423202037811,0.7541252970695496,0.01225376594811678,0.1152539774775505,0.020160533487796783
news,post,626a15286b36de27,"PAS support for Hamzah as Opposition Leader reflects majority will, says Saifuddin. PAS support for Hamzah as Opposition Leader reflects majority will, says Saifuddin&nbsp;&nbsp;The Star",https://news.google.com/rss/articles/CBMiywFBVV95cUxNN0lfTmstVnhHNHRldDMzUWt2RV9PUXdDVERfSF9MX0NUcnRHMnl5YUxGUkNIT0xockE5NnplOEpTeDVjMDM4Z0VOZmxPZURCbFlJcHVleTRYS1Q2QVJRM0NzQ3R6bmQ2R1FKWlJ5YWU5M19SQXRMUVhDdThybi10Y1hnTl9vblJJdDdZOFJxZjBScXB6UDFjMmtpVmxYOC1jRWxWVTRPSzNfcXE0R1JqdEdhQjhOcGZSUGRfRkY5ZUZBdFJ3MTNNV1Rpbw?oc=5,neutral,2026-06-14 07:49:00+00:00,0,0,0,0,0.5,0,0.0,neutral,0.8121650815010071,english,Mixed/Urban,no_clear_emotion,0.03219997510313988,0.013205534778535366,0.09335918724536896,0.01713762991130352,0.350496381521225,0.02153513766825199
news,post,e0d4bf4a9abae044,Zaid Ibrahim among 14 seeking to join PAS. Zaid Ibrahim among 14 seeking to join PAS&nbsp;&nbsp;Free Malaysia Today,https://news.google.com/rss/articles/CBMipAFBVV95cUxOSlNtbG4xZEZUVFcxRmRuYWtjSmUwazFwRTd2bkF5QVloOEJjLUtfclA2ZnZFWTBMclg1cGJVRDl2Vm1rMWY2S3NzTlpNeVA3dmt0aWtvdGQ0WFZqb1h1MHRHamhjVzVKNmZjS0ZiUGFRSnYwR2FsRk01ZTFKUTE3Z1VuWjRUQmpvQXczWDZIblRCaTVVNGFzcVlWRG1wSlJCNGl3Rw?oc=5,positive,2026-06-14 14:14:04+00:00,0,0,0,0,0.8647791996598243,0,0.0,positive,0.5492639988660812,multilingual,Unknown,no_clear_emotion,0.024200599640607834,0.03918599709868431,0.348849356174469,0.016254888847470284,0.16258534789085388,0.0572793073952198
news,post,c3fd51143da577db,YOURSAY | Can Wawasan Negara emerge from PAS' shadow?. YOURSAY | Can Wawasan Negara emerge from PAS' shadow?&nbsp;&nbsp;Malaysiakini,https://news.google.com/rss/articles/CBMiUkFVX3lxTE9abHBmYXlGakRWcWxWYWdRWjBLMV92b05tcVM3WDlfdGhzVGVIQWhlcXNWNnRQMDlnLWp3QWJuaXJBc09IVlFQaU83bUc5WjNVdlE?oc=5,negative,2026-06-15 02:30:00+00:00,0,0,0,0,0.138864728808403,0,0.0,negative,0.5371175706386566,multilingual,Unknown,fear,0.025134291499853134,0.4055621922016144,0.10800532251596451,0.03156127780675888,0.06037208437919617,0.24279850721359253
news,post,70b33711bbadcb85,Pas-Bersatu rift could cost PN GE16. Pas-Bersatu rift could cost PN GE16&nbsp;&nbsp;NST Online,https://news.google.com/rss/articles/CBMijwFBVV95cUxQSkI3bU5vaUo3UnBnNi1WVXc2ejMxTlE5Q1ZNcGF4Z2did05lUXhoQl9NRnZXUzBsT0pzSlpuZ1NiVHRYaGFSekZNczFESlh5NGxlOElXdks0R3o5VkhEV0ZrNmhhOWtsaEItRk8wTzhLY2NEelNfdzczWjV3R05SS2JJRVRxY045M3AyM2xFSdIBlAFBVV95cUxNUUtFRTItVDc0dXRKcll1SU5hSGY1bU9TLXgxVTBzNE1TaU1rTjB6N2tqVUxrWVBnTTJZOVNBWWFTcGZ0cWxnNXdWUlB5aWY1YWFHaG90bE5ENVpKWVh5M2ZkQWVwb3RLZWQ5cW5oU0RsTkF4dWJ4UTUtMHpTdXkzbjdHdDZOa0NJampMVHMxRThuZzA5?oc=5,negative,2026-06-17 08:31:46+00:00,0,0,0,0,0.12878379821777344,0,0.0,negative,0.5707206726074219,english,Mixed/Urban,no_clear_emotion,0.0944368913769722,0.031243806704878807,0.07022979855537415,0.03787584602832794,0.2569688558578491,0.033653564751148224
news,post,86dbd30292a17aad,"PAS making decisions unilaterally, claims Bersatu. PAS making decisions unilaterally, claims Bersatu&nbsp;&nbsp;The Star",https://news.google.com/rss/articles/CBMinwFBVV95cUxPMW5NSjg1TTA0TGFpTHFoNVkwYi1GNEtMbEZ6N0RXZnJ5aThPcDJJemJ2b3hxYmFUNC14SlUwdUh4OU5Oem41QThjQ2dYN00zeUdWV1B1T09JMlVackREWDBsa3FYYXpxakdVbFNOVEk5cUl4QnFoTFVtT1dPTFlTQWd4ZTlPd3pxeVVadE9mdWVVdGN4UnFYS1dQMHhtNFU?oc=5,neutral,2026-06-15 00:00:16+00:00,0,0,0,0,0.5,0,0.0,neutral,0.864362359046936,english,Mixed/Urban,no_clear_emotion,0.04427627846598625,0.022291554138064384,0.08499854058027267,0.029662106186151505,0.14633318781852722,0.03552547097206116
news,post,39beb9527206be25,'Jealous' PAS should be 'thanked' for breaking up PN - Ramasamy. 'Jealous' PAS should be 'thanked' for breaking up PN - Ramasamy&nbsp;&nbsp;Malaysiakini,https://news.google.com/rss/articles/CBMiUkFVX3lxTE5Xdjc0d0FkblZUeWFhczRhVWJqb0hVeW0xaGE4cHBpbnlXXzZ3QmJRY1pCdHFHQmNKXzdxUFM1X2Q0eXp1WU5Pd2NrUGE5aUh3cUE?oc=5,negative,2026-06-19 03:10:18+00:00,0,0,0,0,0.0911684364080429,0,0.0,negative,0.6961052119731903,multilingual,Unknown,love,0.030378807336091995,0.02037598192691803,0.031430769711732864,0.03753957152366638,0.8180463314056396,0.021929530426859856
news,post,14d2f20c4894b807,"Leave PN if you want to run against us, PAS tells Bersatu. Leave PN if you want to run against us, PAS tells Bersatu&nbsp;&nbsp;Free Malaysia Today",https://news.google.com/rss/articles/CBMiuAFBVV95cUxNdlhfb2sxSlMzYVgzc1d3ekNOOTc5dUNfYXNFRFlzZTJ4MldwYmNUVUNDRUtGWlZJbFAzeF9rQTJHZzVHaXg4UDV1QlhLanRKVFhtdjdSUU52bmkzanRHN3g0b3o5dUV0WTgyMFp0R01YMDNNUlgtaTBGZ29aNDI2ZVdhVThUQm5VaEFBbnRkeWFpXzN4ektrN0dtZXNCcFpUYllkZzg1eTFzVGxCVjZYb0RlZmRMUTA1?oc=5,neutral,2026-06-17 05:15:13+00:00,0,0,0,0,0.5,0,0.0,neutral,0.76519376039505,english,Mixed/Urban,love,0.04040522500872612,0.012329119257628918,0.08900739997625351,0.01798439398407936,0.5571020245552063,0.023827217519283295
news,post,30effd57c5f676e2,PAS rejects claims of skipping Johor state election. PAS rejects claims of skipping Johor state election&nbsp;&nbsp;The Star,https://news.google.com/rss/articles/CBMiowFBVV95cUxQSkZiSGVQRW1WUzJadmNSQnhRdEs4WE5zWS1VMWh2d29OOVl3U0YzWHFHeHJqUFp6QVRLc18xRDhnTlF4VWozM0FfTExobDNXUHRXM0daUVJFN3ZBU01CSThjRk5KQmZvU3AwbENwYWdqNG12c0Z0VVNxUHFISGRCVURzSEJrdUJYNkRpT2s4MThWUC0wQjVveGFMT3FBb08zZGlr?oc=5,negative,2026-06-15 23:34:32+00:00,0,0,0,0,0.1376410961151123,0,0.0,negative,0.541196346282959,english,Mixed/Urban,love,0.05030575394630432,0.013973776251077652,0.044735778123140335,0.027543118223547935,0.6020933389663696,0.022287027910351753
news,post,ef1f76df6251156d,"PAS Youth defends 'campus conversion' rights, cites constitutional protections. PAS Youth defends 'campus conversion' rights, cites constitutional protections&nbsp;&nbsp;Malaysiakini",https://news.google.com/rss/articles/CBMiUkFVX3lxTE9fVFdOSXEyWUhGSjh5MlJBTWZVWUpjbHVLSHZMOTdadnVDeUc3akp3Z01DbVdyRWstNWExRi1xNFpIcXBJSWxMWDRQZUpLcEt4amc?oc=5,negative,2026-06-18 07:19:15+00:00,0,0,0,0,0.09698260724544525,0,0.0,negative,0.6767246425151825,multilingual,Unknown,love,0.062121421098709106,0.014092940837144852,0.08568018674850464,0.02498706802725792,0.6740226745605469,0.016057554632425308
news,post,05abc1e3f9b5b762,Zaid says he will repay PAS’s trust after joining his latest party. Zaid says he will repay PAS’s trust after joining his latest party&nbsp;&nbsp;The Star,https://news.google.com/rss/articles/CBMitgFBVV95cUxOcHdXZnp5V0pPeGRXU1dBOGlaa19sdjJXdEU3bUN1Y3pZcDR6dGlHTDZuU3NKTmhaM0V1Tk5mZldpTzJqbnJ1R1FfNi1aYWs5dFVaYjgtTEloMFhUdXpTWXc1elVzSEZwcWctQU1WVEFPdF9UQ0pKaVVXZFpEVkpYX2FWVnZqYTJCbUY4dzVHMnE0b3dLOW9zQlJNQ0lxR0RmQWdNN2JNNFJDTE5uTzRLNzVOTVpKQQ?oc=5,neutral,2026-06-14 09:42:00+00:00,0,0,0,0,0.5,0,0.0,neutral,0.7056878805160522,english,Mixed/Urban,happy,0.03917011246085167,0.0589517317712307,0.6169028878211975,0.01905270852148533,0.12160014361143112,0.029180634766817093
news,post,0a83bd73532797f7,Bersatu veep claims PAS yet to prepare PN for Johor polls. Bersatu veep claims PAS yet to prepare PN for Johor polls&nbsp;&nbsp;Malaysiakini,https://news.google.com/rss/articles/CBMiUkFVX3lxTE9FSXVsdl9PNXNVYXBqUzJfeUcxM2RHZHlSdVJHdnoybUh1S3JPWEdCa0MyRzFwT1dZMXBXckN5QUZPWnFDQ25CQWNiQVJWWS05Qnc?oc=5,neutral,2026-06-16 04:05:19+00:00,0,0,0,0,0.5,0,0.0,neutral,0.5405416488647461,english,Mixed/Urban,happy,0.05111785978078842,0.24934802949428558,0.4761981666088104,0.021539956331253052,0.07295536249876022,0.03130198270082474
news,post,69959a186b91f472,PAS rebukes Muhyiddin over Perikatan logo remarks. PAS rebukes Muhyiddin over Perikatan logo remarks&nbsp;&nbsp;The Star,https://news.google.com/rss/articles/CBMioAFBVV95cUxQeS1paG9kRVIxWm11Ymd1dkdHT09JVk1oc05BbVMzZEQ5S2llX2NJV0xGS05kdG1CMXlUZXQ0MEVzU2JYMDB0SmwwMlRaQno0eDBsczk0V2VOb080dG1oa0hyUEhwUFYzeWt3Q1FRZThXY1RfQ0xhUjAwMlhlR2xnUm4tMGNKQ2ZMWjBIei1MRWh2R1QyX1pjRTlBbmozZFBN?oc=5,neutral,2026-06-17 06:54:00+00:00,0,0,0,0,0.5,0,0.0,neutral,0.5883901119232178,english,Mixed/Urban,no_clear_emotion,0.052303966134786606,0.010327018797397614,0.03840913623571396,0.026410507038235664,0.35714322328567505,0.021144894883036613
news,post,6a6c7a96e06f9251,"SNAPSHOT | Azmin, Radzi ouster strengthens PAS' grip on PN - Tun Faisal. SNAPSHOT | Azmin, Radzi ouster strengthens PAS' grip on PN - Tun Faisal&nbsp;&nbsp;Malaysiakini",https://news.google.com/rss/articles/CBMiUkFVX3lxTE01bkNSbUhCVGRzYVZBMkVLOXNEdzFST1I1Qk12RmJoV2F2ajJ2aVJ0bURhZlhWNFQ3M2pxVk12ZnNoak9hd0x3TjlvQ0Nkem9CRWc?oc=5,neutral,2026-06-18 01:29:31+00:00,0,0,0,0,0.5,0,0.0,neutral,0.8207279443740845,english,Mixed/Urban,happy,0.07442280650138855,0.03732035309076309,0.4282570779323578,0.022587783634662628,0.318937748670578,0.019717838615179062
news,post,016fb5071a9b3342,"PAS trying to consolidate grip on Perikatan, says Tun Faisal. PAS trying to consolidate grip on Perikatan, says Tun Faisal&nbsp;&nbsp;The Star",https://news.google.com/rss/articles/CBMirgFBVV95cUxNOVIzaFFOZU82MjdHeVZwWnJUeVloTnZROWYyNzNEWHEzTDVDbmJmdWgxLXZqcmNwcGt6c29sOXZPZldjckhWRjB0T3F2clVOaFF1dWd2ejNqaFhOSWJLLXp1U1F6WEZ1cVo1bmtxQU9POFg1QVJzUVZFRWhXWjhjc3YzTjFxM29hM0ZfY2dQNUxnR1ZBVzcyRmh3aXdjeVlmeThxMnFMWGFJUVdOVmc?oc=5,neutral,2026-06-18 06:14:00+00:00,0,0,0,0,0.5,0,0.0,neutral,0.9239960312843323,english,Mixed/Urban,no_clear_emotion,0.08711948245763779,0.0647416040301323,0.18259358406066895,0.02354934997856617,0.14712288975715637,0.021790239959955215
news,post,fb5d83717a1dd9b7,PAS calls on Bersatu to remain calm amid Perikatan turmoil. PAS calls on Bersatu to remain calm amid Perikatan turmoil&nbsp;&nbsp;The Star,https://news.google.com/rss/articles/CBMirAFBVV95cUxPU1licV9PZVMtcHF6dFFnS3FDZWlteWdRMERpUE5zTmpOMTB6aUpWSDF6d0hWaU1VdExYNFBmczZEbGpCdEN2WFB1cmhMbUFjaVN2Vkw2MmdmUTJoOUdXa0VtMklpRTZlMU1BaE5XVmhFc0F6RHF5WU1QMnVOVVFyM2t3Z2dYR1VpT2NPcXRnSDFSWjUxYW1EeWZDbThRVkhiVEl1TFdwWUVrbDB2?oc=5,neutral,2026-06-17 12:34:00+00:00,0,0,0,0,0.5,0,0.0,neutral,0.8820138573646545,english,Mixed/Urban,happy,0.028702670708298683,0.030662313103675842,0.8752589821815491,0.006483959034085274,0.02595161460340023,0.008487196639180183
news,post,9539d588b60039b1,Hamzah among Opposition MPs at PAS HQ for meeting. Hamzah among Opposition MPs at PAS HQ for meeting&nbsp;&nbsp;The Star,https://news.google.com/rss/articles/CBMioAFBVV95cUxOVXdIelNSa1lWRUp4NmNvYnpIWjlZVzEzOWpvZlNHM21iSTBNWEN3S3haT2RmRzRQd2xvMGgwUzRpTS1OcE41NW05WmlYbUNIRlFTc0Y3dl9ydEVJLTQ0dm1CTk5VS2h6R2tfTmdPdVo2Y3otMnFHZUttZzF5Sl9DNmlfc3hmRGx4RmM4b3VwWHM0RHFSNUJoazJhNjZ2WXJF?oc=5,neutral,2026-06-17 13:50:00+00:00,0,0,0,0,0.5,0,0.0,neutral,0.9329386353492737,english,Mixed/Urban,no_clear_emotion,0.0189712755382061,0.008792336098849773,0.03445449471473694,0.010671238414943218,0.08160842955112457,0.016881490126252174
news,post,2f6d20c41e798890,Experts: PAS directing Perikatan’s future. Experts: PAS directing Perikatan’s future&nbsp;&nbsp;The Star,https://news.google.com/rss/articles/CBMikwFBVV95cUxOTjM3NzF4djJFQVNlTWQ0T04zc2tPT0JmWXhuTDN4b3hEaW8yc0RkdHMwWHBGcFZiRUs4eXdNYUZNRXQyRzFrb2tGRVh1WENOamVOeXkwTURKYWo0N2VoNFhvU1FRdmNWMVNyUW9icGMyNTNlcTdadDBFTXJ4YTNoMWJQQnZMeVFQYURjSEptOEg5ekk?oc=5,neutral,2026-06-14 23:51:38+00:00,0,0,0,0,0.5,0,0.0,neutral,0.8274393081665039,english,Mixed/Urban,happy,0.057840291410684586,0.04722767323255539,0.45355865359306335,0.022779086604714394,0.16428372263908386,0.024994507431983948
news,post,e90748c1d284c2b2,PAS or Zaid’s ideological revolution? Analysts weigh in on unlikely alliance. PAS or Zaid’s ideological revolution? Analysts weigh in on unlikely alliance&nbsp;&nbsp;The Malaysian Reserve,https://news.google.com/rss/articles/CBMiugFBVV95cUxNYURGR2VrXzdlUmhjYlhIZnpyWG1TOGlyZzQ4eDRsNGtFbWM0SDNXUDRPYWZzOE5vVFR2QU9NVWQ5TVR6U3NqVzE2U0JpcnRJWUJfdXNYamhvOWRrMnB3VU1QNF9mRGM2dlEzeUgyZDJSdVBBbThSSlJZRGxWNHZvQkRHQnRkVkc5X2VkYk13ZzBIckQtS1ZPMlBSZWN6NTB0Sld0ekliM0pteVE0akJEaGJidXh5R1B4a0E?oc=5,neutral,2026-06-16 02:38:59+00:00,0,0,0,0,0.5,0,0.0,neutral,0.8125851154327393,english,Mixed/Urban,anger,0.2999036908149719,0.27807489037513733,0.1922634243965149,0.02409769594669342,0.05406603962182999,0.048692140728235245
news,post,9b710a685d0c16c8,Zaid eyes GE16 candidacy after joining PAS. Zaid eyes GE16 candidacy after joining PAS&nbsp;&nbsp;Malaysiakini,https://news.google.com/rss/articles/CBMiUkFVX3lxTE0wYlFUMlR3d3A2NGRsd09WdFNVeHZTajNSdldLakl4QzhqNmRhQzY1UXhuVDEycWFtYjJjeV94VWNjRHlhY2dCV1owbVAwNV9QWXc?oc=5,negative,2026-06-16 03:05:54+00:00,0,0,0,0,0.11832069307565687,0,0.0,negative,0.6055976897478104,multilingual,Unknown,no_clear_emotion,0.04175272211432457,0.019265858456492424,0.09288746863603592,0.021947717294096947,0.24383912980556488,0.030601315200328827
news,post,1d8a22422d958df7,Commentary: PAS the party to watch in Johor and Negeri Sembilan polls. Commentary: PAS the party to watch in Johor and Negeri Sembilan polls&nbsp;&nbsp;CNA,https://news.google.com/rss/articles/CBMiswFBVV95cUxOYWZIQzVNNzllRkRMb0M4RTc0OW9pekJGMHE2bFNUZ2dWTVlEeGRqU3c3aU9sbTFvTnp2NGpscUtpb2R5bmVSTXZ4aVNITzk3NjgxR20tN3NXQ1QtSkZETTZfQk9pRnRJWVB3dGtVeUtUTTMxaUJZdFpPVTFFVDNCeUJwVllHbTNCRU1ZMUdRczNFVmhxS2tkdFoyZWw4NUhQTFMzRGhCSG92UjNsYUMybTRMNA?oc=5,neutral,2026-06-18 22:00:00+00:00,0,0,0,0,0.5,0,0.0,neutral,0.9264699220657349,english,Mixed/Urban,no_clear_emotion,0.03609629347920418,0.010173425078392029,0.04685144126415253,0.018486060202121735,0.16016772389411926,0.018283171579241753
news,post,c089714229bf1ef8,The PAS Scarecrow. The PAS Scarecrow&nbsp;&nbsp;Harakahdaily,https://news.google.com/rss/articles/CBMiZEFVX3lxTE1EZ1FTVWJjRFlyZkFnSUNVSkJSZkV3ZHhFbjRwNzZkLUtzT3R2NThQYjlZZV9ic2Q4MGJudTZZSTNPU1Q4Um9TQThyUkc3X2NXcWRaOF9jSmRBMm9sZ3kzemZyZS0?oc=5,neutral,2026-06-15 08:19:07+00:00,0,0,0,0,0.5,0,0.0,neutral,0.7540919780731201,english,Mixed/Urban,love,0.07147110253572464,0.026170510798692703,0.08827050030231476,0.03374486044049263,0.45690348744392395,0.031045841053128242
news,post,826b0adf695acc51,"GE16 likely between October and November, says Pas VP. GE16 likely between October and November, says Pas VP&nbsp;&nbsp;NST Online",https://news.google.com/rss/articles/CBMipgFBVV95cUxQbnowTGRQczdRc1VHZFYtelo5WVdKYVh4eFhIeklsMWVzc3F3dE0wTk85XzJRWFhpX3MxVURSOFhJUDhQdFliNWdzTkJIYm02dndLS2lVNnhGcmpmTWZGZDVNOUZoSUlEb1JkMDFkcGNYSkZlSUE0S21sZEQtZnFpREF2YjJFbXFadGRTLWRSMzZxZXV6d3hZOXlwQXQ1UmFWdTFvUS1n0gGrAUFVX3lxTFBOSThMc25rb3A0TXhrOUliRTBNNnBBbTJVV0M4cUYzd2dOOGVRRUp4ZGR0bDhIZS1zMkZDTVliZHhPemlUc29IX0JJeTI2RDBpVkhvbE5fRWRmd1N1Z3pic2d4MWFIVkRwZDFSSXlIek11WEY0aWplT1ZPV0FabHY0MjhYMERuMHp3akVpQmpodGoxTmtTaTlESk5tQTBDY1d3SGRhZlBVd3dGdw?oc=5,neutral,2026-06-17 03:53:38+00:00,0,0,0,0,0.5,0,0.0,neutral,0.939160168170929,english,Mixed/Urban,no_clear_emotion,0.018046719953417778,0.01591815985739231,0.05396607890725136,0.008120384998619556,0.04092558100819588,0.017983628436923027
news,post,59e62ea74fa74b09,"PAS ready to take on Bersatu in Johor polls, says state chief. PAS ready to take on Bersatu in Johor polls, says state chief&nbsp;&nbsp;Free Malaysia Today",https://news.google.com/rss/articles/CBMivgFBVV95cUxQVjE1Q2F3V3lic0QwekZGczNFa1lyUno3M3dWYm4xWU1PZm44dnBRSXlqN3hmRWwxVEJud0N2NGFMeC1XaUF1dTdBNVFGa2w5dzFvNXZraWRRYmQ5ZEswa1UzWjFRVEZsR1kwZHFVNjBvMXA2RjBEeF9OblRibUQtUE5EV2VNY0xxQnZrS0t4bzNINHNCV2V0YVJvVzJiMkdZNXdIYjlvb29HQmhVV2hkQUJhR1g1RXFPZ1dObTBR?oc=5,neutral,2026-06-17 07:30:28+00:00,0,0,0,0,0.5,0,0.0,neutral,0.9008282423019409,english,Mixed/Urban,happy,0.022648222744464874,0.08476544171571732,0.82030189037323,0.009474724531173706,0.027365490794181824,0.014301066286861897
news,post,e11690bf9f6e66fb,"Pas move to oust Bersatu from PN may backfire, says analyst. Pas move to oust Bersatu from PN may backfire, says analyst&nbsp;&nbsp;NST Online",https://news.google.com/rss/articles/CBMiowFBVV95cUxQSHE3VXdFbXJNWGtCeE9iVGs3MGFxNE5VdUxvM1dpeVQzWXlpaFFVV05DZnYxNUYtUWhHQXp0Y1dldW44TjJTTW8tcFdlc3FXd2pMeHZITExsUno4UzNCYk54d1h6VWEwMGkyUHZJTjJTM1lVUC1UckF5YmE5bnI2WmVUYjdDT252TTJHcTlLd2JORXc1WE5hTThPMm5KbTJkSnJN0gGoAUFVX3lxTE5GSm5OUE1WVkp4R2dsSjYtUlY2YkRpWDVwRjlvMXIwZWFDUDdfbkd2NVNUcDllNWtnV2FnNnczVzhYZFlubkxpRnN6ZW81dW4wa0JoSWp0eXQ1V3dsaVJNZW5mY0tybFA2MXpLTnNIUEhTVjJUVlN1QVI2dkIzU0ZuN1FlbFZ0dVoyaWZkQ0FPbndhXzZVang0ckpDQXF5N2dTclNpUWxjcQ?oc=5,neutral,2026-06-16 11:10:50+00:00,0,0,0,0,0.5,0,0.0,neutral,0.5906053781509399,english,Mixed/Urban,anger,0.33173036575317383,0.041135530918836594,0.16962525248527527,0.020779967308044434,0.09832773357629776,0.02058296836912632
news,post,7fa49de3140898d1,Bersatu leader deletes 'condom' post targeting PAS Youth chief after backlash. Bersatu leader deletes 'condom' post targeting PAS Youth chief after backlash&nbsp;&nbsp;Malaysiakini,https://news.google.com/rss/articles/CBMiUkFVX3lxTE9fb2dlTC1zVV9RNUZ5c1h5STctM0c0dFVyRnFVQkpHZllpMVR5bkVYWjRRWDVpck1ibDBXOEQ3Vm1qc0lDaXpNZ0VtWFhkZW5lemc?oc=5,negative,2026-06-15 08:37:50+00:00,0,0,0,0,0.05603609383106231,0,0.0,negative,0.8132130205631256,multilingual,Unknown,no_clear_emotion,0.04019356518983841,0.01479077897965908,0.046148721128702164,0.014098896645009518,0.04841902107000351,0.01983984000980854
news,post,297026abeaad1e61,"PN may unravel amid PAS-Bersatu feud, says analyst. PN may unravel amid PAS-Bersatu feud, says analyst&nbsp;&nbsp;Free Malaysia Today",https://news.google.com/rss/articles/CBMirwFBVV95cUxNX3VtdHBLdjR4Y0FFTDRBNk9JYTg4VXhOZmxJc0hSWXZKMEZERlU0dk8tMHpDOTBsUzRGT1U1bTNwZzlEN0tRYVVhbjZfLVk3VE5GcnBtS0s5LUZqYy1RLVRKd0xrRHJkaWVaanVFOGNHLW50SGpPcVBJVDU3S0ZvdXhMcnBnLVRtRDk2TGxZOEVyWkd3YjZfYzhRTkJCMnBaSVR4TVJZdno1Vko3V3dz?oc=5,negative,2026-06-17 06:53:47+00:00,0,0,0,0,0.08819611519575118,0,0.0,negative,0.706012949347496,multilingual,Unknown,anger,0.576342761516571,0.15308547019958496,0.12081440538167953,0.022019140422344208,0.04098716750741005,0.016777530312538147
news,post,28c180700cafd826,"GE16: Pas wary of new parties targeting young voters, says VP. GE16: Pas wary of new parties targeting young voters, says VP&nbsp;&nbsp;NST Online",https://news.google.com/rss/articles/CBMivgFBVV95cUxOeUg3VXBZLU96VFRZbHQyVW9PUGdfUGhXd0dEVUZKOHFhbXAyMzc1SkZYQlBLb2RYZ1ZNMVZTY0loSEVXZWhubWxLa1hQZTFDcmZPTUliNm5jR0Z2Wmt5b0YxRlppS0dpOWZ5OUpKX3N5OXZDVGtiYkJBYmV1Yy1TMTcycDl0eU90eEh0V1hoTHBITWxoU0k4d2F0TEJHZ2hiLUNmM19lY2Rua203TDB6U0Jhel95MmpGRzlIaVV30gGwAUFVX3lxTFBGVHZWUG0tTUhQMk82eDNYUTJ0QXdKb1JVTlZicTY5NFVJeW9wcXZKYWQ2TXhZWTloaDQtaWo1Z0ktT1lNRGRxajI3dWlYQTZLZEFjeENsekhUd09qSVJEWmpyWUJDUGttTkpZTUUwa2xlZ2FncEF1OV9QTl9udE9RVmw4a0gxamVCWFdBaUlWcElYMXdQNHpVczByWlBpR3BqWGtIc0hMZmd3RjFyWGVG?oc=5,neutral,2026-06-17 03:04:32+00:00,0,0,0,0,0.5,0,0.0,neutral,0.8182919025421143,english,Mixed/Urban,no_clear_emotion,0.03696872293949127,0.01726655103266239,0.09082033485174179,0.017005980014801025,0.25387996435165405,0.03017968311905861
news,post,3956bda8058455f5,"PAS, Bersatu fighting for control of ‘prized possession’ PN. PAS, Bersatu fighting for control of ‘prized possession’ PN&nbsp;&nbsp;Free Malaysia Today",https://news.google.com/rss/articles/CBMiuAFBVV95cUxNMmdBVkJfb0VEZ0VmVkxWZm04bzRKLTc2Q1o0ZHNtQVZldHNXRWVhUXdqajhrWHNXR2lZbm53N0VRUUxfZkx4dUlHM3F6eERhQVpNSmFVb2pNdE1QSmdvQjBfZEJLLTVEMlVmeWJFNDZvVi1aVmhoVG16MDhfeTRzYU9YMWs0SGEzNV9idUlzZ3Z0ckhUdkdhYnc4TVhWcFdJS1VLQ2RVT2t4bzlWeFVVTXgtMzFhc0RM?oc=5,neutral,2026-06-16 01:00:05+00:00,0,0,0,0,0.5,0,0.0,neutral,0.8852431178092957,english,Mixed/Urban,no_clear_emotion,0.033937979489564896,0.02695561945438385,0.21422933042049408,0.014549154788255692,0.18802741169929504,0.026876073330640793
news,post,372bfb2d5b0edb16,"Weak allies mean PAS, Bersatu in for rough ride in Johor. Weak allies mean PAS, Bersatu in for rough ride in Johor&nbsp;&nbsp;Free Malaysia Today",https://news.google.com/rss/articles/CBMitwFBVV95cUxOWVB5YnNDUjFLN2xWT1ZMRDg3S2R0aXhDWGFzVFF5R2M2LWF4MnpHS1ZlTUQ1MDZab01XVlA0bUtabzRPSDU3WkpJV3lXZzQzMV9JNnFMb0s1bkJNTTZ0R0pIY20zbFBFRWZvdjRjTzFkYzY0dU8ySkZTb2M2eXpOWkVSdkhkUHoxRklVTDJjWG5jejI3SFlsTUI4ZE50Q0QxbVJuVS1Mem5iRmRHeVZaSmxEZTVfWlU?oc=5,negative,2026-06-20 01:00:36+00:00,0,0,0,0,0.051704549789428705,0,0.0,negative,0.8276515007019043,english,Mixed/Urban,happy,0.042727187275886536,0.025294417515397072,0.439904123544693,0.01752469316124916,0.2938061058521271,0.020562397316098213
news,post,4e2b69e2f830c8eb,"Ex-Malaysian law minister Zaid Ibrahim eyes political comeback, hopes to be PAS candidate in next GE. Ex-Malaysian law minister Zaid Ibrahim eyes political comeback, hopes to be PAS candidate in next GE&nbsp;&nbsp;The Straits Times",https://news.google.com/rss/articles/CBMi1gFBVV95cUxQRGFoM0F4NFFPUndnVmlhU01TNnBadWdlbXJuNm8wRHo3dkZpWEl1eWZBSlBuNXluVHZnYUM0eXg3dUR1SUZXZmVpUWZJM1Q2UG1BQW1JcG1HMEV3aWd5MlZSSkVPQkFaSHlKTWs4ZWdReG9lVS14bFFhYnZQeUpSbUFWZGIyRUN0eGE5UllYRUZGalBHTWxraE1fdWZsU2tkVkRFcExRSmZIRzRhckxPWlRIbTEySWdVVkhWdXFUS2JVV3pkSEZraTcwUk1LeURGelR5YWt3?oc=5,neutral,2026-06-16 06:43:00+00:00,0,0,0,0,0.5,0,0.0,neutral,0.8267053961753845,english,Mixed/Urban,happy,0.029729485511779785,0.055233024060726166,0.4765346944332123,0.017879506573081017,0.1135074570775032,0.033292125910520554
news,post,8b81aa0be3def253,Melaka Bersatu info chief apologises over remarks against PAS Youth leader. Melaka Bersatu info chief apologises over remarks against PAS Youth leader&nbsp;&nbsp;Free Malaysia Today,https://news.google.com/rss/articles/CBMi0AFBVV95cUxNOXF3bVZwUTZ4Z2VMTHNKZ3J2Tkd0R1VlQ0JiZWdQNGRmVUhkeEdoU2lseDVUZkVtQkJGaWlYOGRRbW1UeFp0a215YjdhNlhhb3QzOW81QjczY1FBVTRfOC1JTkVlTmgzdDJraUV6UUgwQmNYbGFHaDR5SlIyd21RNGhRdHUtTW44Q2YyMlpnMXZaMHBMMDljMm84bzFVTmpwMFBBcXZfY29BZVY3U1ZIdFp4cTFwc2VQZmhmYlF3WDRfalJnNVJqNVJ1cWM2WHhV?oc=5,neutral,2026-06-15 10:53:42+00:00,0,0,0,0,0.5,0,0.0,neutral,0.8466155529022217,english,Mixed/Urban,no_clear_emotion,0.05357106029987335,0.013023220002651215,0.07504909485578537,0.020313473418354988,0.26698124408721924,0.02340114861726761
news,post,0165b952e2be0407,"Bersatu prepared to fight PAS ‘on all fronts’, says Muhyiddin. Bersatu prepared to fight PAS ‘on all fronts’, says Muhyiddin&nbsp;&nbsp;Free Malaysia Today",https://news.google.com/rss/articles/CBMiuwFBVV95cUxQTExWa3NrdllTSkJWSlFCVlBmTXBUZHRoUUt2Nkg4TXo1QlBJNTlIN0dGR1ZhcUhiV3VkQkxVZjdoMTY5SFN0MnQ3bzgyNlpGcWptYVRTc0pHU2ljM25Kdkh3UzltNTRIek1Odk1mN2ZkalVYYnhQSWdSeTJsRFdsa3F0MlVrTWo2VGROaXRrMEFUeENQRzVJWW1WZHdZOFd1QUYzVlR1TnZpSzk3OWtVakdjRkpVVkR1NWt3?oc=5,positive,2026-06-17 07:09:47+00:00,0,0,0,0,0.8357199728488922,0,0.0,positive,0.4523999094963074,multilingual,Unknown,happy,0.03202388063073158,0.0533602237701416,0.7346166372299194,0.013604396022856236,0.08853968977928162,0.017674585804343224
news,post,1c943b325b792219,"PAS-Bersatu split clouds Malay unity narrative, analysts say. PAS-Bersatu split clouds Malay unity narrative, analysts say&nbsp;&nbsp;Free Malaysia Today",https://news.google.com/rss/articles/CBMivAFBVV95cUxPcjVPWUFGSWdrbFVZTDY3M0d0QXV3OTVRQ1RXSmh3LW5hTVhNQnJWQk14bXFDbHJsckdvVHZTcUc4WnE0WEllQ05LR3Y2YVFZMGx4MWtRUWx0UzN4RGFwb3NPVlAwemJDT2g5RTA4UWk2bzNjb05xQUpmQ0F4MEkyNU1YMHI2Q3NDdDdPNjk5VHR2WXpwalRTUGozREpBNlc3bk04N1JTVlExY3hsN0JaWlo4Y1Y0LU1JUE4zSw?oc=5,neutral,2026-06-20 23:30:38+00:00,0,0,0,0,0.5,0,0.0,neutral,0.7148950695991516,english,Mixed/Urban,no_clear_emotion,0.043379414826631546,0.00977419875562191,0.07640112191438675,0.017018074169754982,0.3875219225883484,0.020867200568318367
news,post,8d87908fc0fc61b1,Ex-footballer insists RTM axed him as World Cup commentator because of PAS ties. Ex-footballer insists RTM axed him as World Cup commentator because of PAS ties&nbsp;&nbsp;Malaysiakini,https://news.google.com/rss/articles/CBMiUkFVX3lxTE1ZZlFpNkVVMW5VZU14b1lGVlg1QmhaMlFBbnV3aHFMcUdTbzdESWNBcVV2cnA1NUhyMHRyQVpoeG12Z1ZWRWh4TE14X2dFZXRET3c?oc=5,negative,2026-06-18 10:56:39+00:00,0,0,0,0,0.07456427961587905,0,0.0,negative,0.7514524012804031,multilingual,Unknown,no_clear_emotion,0.20542597770690918,0.021431472152471542,0.08870705217123032,0.03720902279019356,0.20484571158885956,0.027106434106826782
news,post,c98e1f302e3a3126,"Zaid’s move to PAS just to stay relevant, says Umno veep. Zaid’s move to PAS just to stay relevant, says Umno veep&nbsp;&nbsp;Free Malaysia Today",https://news.google.com/rss/articles/CBMitgFBVV95cUxQZmdtakhQaTA1RUdCaGJVenJGYWxQa24xa1JmcEFtUnd3Z19xYTczZU1IN25DNFlYcVQxcXZySHo5YnNCTE9sWG5jX0dESEt6VmJhaDJUZy01MjZRQ2lBLVl4b0RKMTF1TnhnU1RpUXZ4MHdVaWx1STFsY0t1U3k1WmlWNm5uUmVWOW1RNjRWMmpJWHg0NXJzaUpKQ1BaUGxRSTRaVFVPR0JhblFCaFN4VlZyTmJwQQ?oc=5,negative,2026-06-14 08:32:47+00:00,0,0,0,0,0.099345101416111,0,0.0,negative,0.6688496619462967,multilingual,Unknown,happy,0.01972268521785736,0.04566652700304985,0.8334192633628845,0.009495004080235958,0.04415221884846687,0.017712291330099106
news,post,d9c2902b536ab884,PAS meets as Bersatu’s future comes under scrutiny. PAS meets as Bersatu’s future comes under scrutiny&nbsp;&nbsp;Free Malaysia Today,https://news.google.com/rss/articles/CBMirwFBVV95cUxNeURvaWIwT2I4VkNHTF91bzNuSUpfXzdhRDR0dnlScFdlWEd3QzZTZUNBQzNndkY2T3FDTW9SN3FsVVJtLWtwR0hTTXRHMnJJaXhsSDdZQldnWWNvRDNMLUR1MXRwa1Myc0VZRko5bGxtVWNPTzBnWmZpWmlIaEdZR0RUVFBFNVJCT1BKUUs1bXNOM2RVZGg5TDVXRHVqS1NzX3M3bnNHbmt6bGR4LW5V?oc=5,positive,2026-06-17 13:05:51+00:00,0,0,0,0,0.839838308095932,0,0.0,positive,0.4661276936531067,multilingual,Unknown,happy,0.036378346383571625,0.024390390142798424,0.30624330043792725,0.021470079198479652,0.27493026852607727,0.03452206403017044
news,post,123c03f6cb0828fc,"Johor polls: Bersatu ready to face PAS after cooperation ends, says Muhyiddin. Johor polls: Bersatu ready to face PAS after cooperation ends, says Muhyiddin&nbsp;&nbsp;The Malaysian Reserve",https://news.google.com/rss/articles/CBMiuwFBVV95cUxNV1ZoeWVyN21WdWh2M21CdktPWlJPRDhnR2hFUHotTEJGYTFqZUFZYUJqSHdhdUpCVDFsR3E2bXFST1J2TXYyaW5LelV2cWhiQUltWWlLTkdrdVlwU1A0YlhXSTFNVEljaU5MNjVSWDg0ZzNkWmUxb3J3TTlzcm1MNmp5Tk9VaTBKWHJCUVJnSW9MajAwVEtzdGxtY0hkYzhTWDJoZUNXMVZpLVZMcnJlQ2J4aF9UYVJiN3NJ?oc=5,neutral,2026-06-17 15:17:45+00:00,0,0,0,0,0.5,0,0.0,neutral,0.9074358344078064,english,Mixed/Urban,happy,0.026058213785290718,0.08953770995140076,0.7856950163841248,0.011084926314651966,0.03913314267992973,0.01736464351415634
news,post,b15f76fb41fbff67,"Gerakan weighs options amid Bersatu-PAS split, says Lau. Gerakan weighs options amid Bersatu-PAS split, says Lau&nbsp;&nbsp;The Star",https://news.google.com/rss/articles/CBMipwFBVV95cUxQelpjSVFVX2kzQWN0MXhhakc2cUpneThmMmZGZE94d1c5bHdJT0cxN3NhZ3hvakc1YlZySV9XTEl3YmpIZDQ4emh5aFptUlg4MjI4S2hNZ3dVS1RmZ29yRml6RGNnWWJERjRyQkRuOXBRQmRYb0JkNVlFS3pQLVA0RFVJT1VqOS1aQkxMZ3dmZXdkWmNiVzNKWTFMb2l0SnhwV1IyWE9VSQ?oc=5,neutral,2026-06-14 09:59:00+00:00,0,0,0,0,0.5,0,0.0,neutral,0.9407914280891418,english,Mixed/Urban,no_clear_emotion,0.031080028042197227,0.009268900379538536,0.035094235092401505,0.014181051403284073,0.09988584369421005,0.01808968372642994
news,post,658ddb377ba94e18,"Bersama a potential rival for support of younger voters, says PAS veep. Bersama a potential rival for support of younger voters, says PAS veep&nbsp;&nbsp;Free Malaysia Today",https://news.google.com/rss/articles/CBMiygFBVV95cUxPX1VmbzdwOTBFb1A4VEk4bFlIa2ZoQk9tcW9kNkEtLTVXTER2ZXJjOXVxZmJSLVVWZ09IaURBb09pcFBveVZCd3JobDhLY0pDOHhSVzZZQTc5TmRaZnVRcF94X2JWa3Z3RG1UZlM5UkhjVmk2ZkR3b3NWN2x6Nm9DTFY5MXNBLWhGNEtmdm8yaDdyTXI4Q2ZGdlE0empLenhzT2k4QTRkVnhnTlA5aXYyOTlrejl3bmVLdEthakx3M0dEUV9yRER6ZmNn?oc=5,neutral,2026-06-17 15:06:53+00:00,0,0,0,0,0.5,0,0.0,neutral,0.8420543670654297,english,Mixed/Urban,happy,0.04087749123573303,0.024424578994512558,0.5177555084228516,0.011615978553891182,0.16290228068828583,0.022036390379071236
news,post,3b900b7cff99c940,Tuan Ibrahim: More prominent figures expected to join Pas soon. Tuan Ibrahim: More prominent figures expected to join Pas soon&nbsp;&nbsp;NST Online,https://news.google.com/rss/articles/CBMirgFBVV95cUxPRDJhc2NtVXRMOTZkdm5TVEZyRkloY0ZKaXJmb3JpZjR5cElGMlZaaS1TNDF0QTN1TUNpSHlSMVBjcEJDZkJRYWJ3cWYxVXdSaVpHSzlBMEpOeFVHMXloanNvSGY3NHVmYkRFcmZURWthRFlvVDlWblIwOWFqRG1mTjF2Y09wMmlIUlQzQ2pWMDRIdF9TbnlUZkhkQ3A3WU1lb2owOUVzOWZvWFVxcXfSAbMBQVVfeXFMUFN0QkdFSlFVdGZjazZ5NmtaVVU0VUdLV1h0NHU0N3Z1TjRBSUdZeTBjVnlkYWlqU0dhWWZOZXUwVG5oZ3NsRm9hTnNFc2NOUEdMYzh4VUxiaXNuYk1sMzFSNHZEMk5yQ3dTaU5CcUszOGg4Z1BLLXM2clBjam1UWWNMZDB5RWY4VXVteXZYQk5HOXVGVmRxcXVDaW1xVXhyT0JlVWhySWcyU0VGaW14QVl4bFU?oc=5,neutral,2026-06-14 05:32:58+00:00,0,0,0,0,0.5,0,0.0,neutral,0.8326229453086853,english,Mixed/Urban,happy,0.022773727774620056,0.04186718538403511,0.6808367967605591,0.009886588901281357,0.05618809536099434,0.04312947019934654
news,post,f254f63850d1fa8c,RTM denies ex-national footballer 'sidelined' as World Cup commentator after joining PAS. RTM denies ex-national footballer 'sidelined' as World Cup commentator after joining PAS&nbsp;&nbsp;Malaysiakini,https://news.google.com/rss/articles/CBMiUkFVX3lxTE9kU2swNGRJaF9FcFdCaGVjY0w3Qk9JMDN6QXpXbXRUUTlScTFkSmdJSlNKMzc2QnVqcVQzUFZDMzhMeXZtS3RScGJKc2VCa3FjSFE?oc=5,negative,2026-06-15 06:40:00+00:00,0,0,0,0,0.08482063561677933,0,0.0,negative,0.7172645479440689,multilingual,Unknown,no_clear_emotion,0.03310481458902359,0.017173225060105324,0.0659436285495758,0.01492455042898655,0.05978497490286827,0.02802314981818199
news,post,cb611b66b97adaf5,SNAPSHOT | PAS Youth raps Amanah leader for referring to Loke as undang; Johor DAP candidates on June 20. SNAPSHOT | PAS Youth raps Amanah leader for referring to Loke as undang; Johor DAP candidates on June 20&nbsp;&nbsp;Malaysiakini,https://news.google.com/rss/articles/CBMiUkFVX3lxTE1QYVdrWTd0ZDBhcUZjazZhSE51Tl9Hbm1sUGdieW1neDRHV0JXYmdIX0pEOGw4OFRab1Z3MHJPVEs5bml5TndMel8xODZzUzRMRXc?oc=5,neutral,2026-06-14 06:30:04+00:00,0,0,0,0,0.5,0,0.0,neutral,0.8766483664512634,english,Mixed/Urban,no_clear_emotion,0.03629648685455322,0.014120077714323997,0.06843501329421997,0.017779722809791565,0.12416776269674301,0.01959175430238247
news,post,10e253f89d081c38,No more ‘green wave’?: PAS sounds the alarm over parties going after the 40pc youth vote. No more ‘green wave’?: PAS sounds the alarm over parties going after the 40pc youth vote&nbsp;&nbsp;Malay Mail,https://news.google.com/rss/articles/CBMi2gFBVV95cUxPRDAyTmdUcEozZ015RlRjZU5XREZzS2ZDd3VDdnhhN1MyRGlOLVZyT0ZQR3dzTEE0azZIZ3liTy1wTlhSOU1tbHR6LXl0T25TNWdqVVJCOTdya3lVRXVhLUZmLUJhSk1ncG1qdDlLTmxMX2F2c3ZDQUlYeW4xU29QbEkxVVJ3QjFsNzE1cDgwOFFHb2JqcHFQREVtVFR1aW1SNjhBemNFWHdNX1pWeENIUENFbzVqcTVDc3lyNW5ZNHItMVFFN2t2RU9rWTR1ZWR1RzdtS19BWVpXUdIB3wFBVV95cUxNWmdMRnRsVXJFdFJEcHV4TkRPUjQwVU9mSFd0cGVkOFRKb3pfNnd4ZjVsREoxOUxjLWZLeHo2M0hUTWlfRXVjZVJQQkZybXhYVjRTX245RHREdkdtWWIwSkZvdW9abU1ERFFGMzVRQkpuSEFUWUlkanpKcF9jRTgwS210cjRSdXd0QVRjT0hzM2l1NHhTQ1c1X2lZMHJWOXdtd29rcS1ZQ3lZZUktVHZldk9XRldCSEhIM2JjUVRKSXU1MHdEUllILTdGZlgxMklXUDlaNWRPM2hKQmMtZ0M0?oc=5,neutral,2026-06-17 03:49:24+00:00,0,0,0,0,0.5,0,0.0,neutral,0.7081577181816101,english,Mixed/Urban,fear,0.052480682730674744,0.24549956619739532,0.09461048245429993,0.14609619975090027,0.13486149907112122,0.16147758066654205
news,post,51cabfb339b5ab92,PAS takeover complete as ROS confirms new Perikatan leadership with Samsuri as chair. PAS takeover complete as ROS confirms new Perikatan leadership with Samsuri as chair&nbsp;&nbsp;Malay Mail,https://news.google.com/rss/articles/CBMi2gFBVV95cUxPMElqaVFiM0NOU21FcFNoNktsZElyZ3ZjRDZ0LTUwVEVlTnVvNko3azQ2T3RHcWVVeFJPeW85VDhDQ0dISlloWXdXS2tiMEhlbDBMcF9Vd2ZsREhqSXBmbUZnVFhwR19SdU40RjE5ekRRck9PWW9XdVRKNFdRRW1UaDFETzBiSFg3YVFBcm9ueE4zTzBTYlRXQ09xeHBTR2dyby1XUkVkekx3NW5zbkhzZ1gxNHhucW1ERzB1eEpfOC1WUGczVms0N1c1TEQ4ekNhLXpMeTZlQ1BId9IB3wFBVV95cUxQQ3o4a3VjS3NfOGpQcVNieFBrd09ySHdTaHdnRWdhMHBiWEFyaFFHbHk3TzNxbDBGbGhySjhRN3hyMi02SzhVaTVZbjUzc21PV2Utd1NGbUMzMU93QU10WkRMV09wYV9McV9ackdtSUxPMHkwQzI2aERaQW1MbG1wYXYzcFlITnBHQnJydG84XzdJaWFVeDlBQ25PSjhNaENNUGQ0Um95eTdkWjJEbno3TVFKQW05cXRrNlQ1OUxQYVZYbXQwTlNfc08weklBQlZDRHBOeERoNm5GbTNDYW9n?oc=5,neutral,2026-06-19 10:30:25+00:00,0,0,0,0,0.5,0,0.0,neutral,0.8484585881233215,english,Mixed/Urban,happy,0.03058515675365925,0.06235973536968231,0.6495154500007629,0.01690111681818962,0.06573578715324402,0.04081945866346359
news,post,03dcb6b93088b411,"PN decisions must follow constitution, not unilateral action - Selangor Pas Youth chief | Sinar Daily. PN decisions must follow constitution, not unilateral action - Selangor Pas Youth chief | Sinar Daily&nbsp;&nbsp;Sinar Daily",https://news.google.com/rss/articles/CBMi2gFBVV95cUxQQ3JjR1lJUEtJNWx1ckFid1FwVU0zeU15d0F1N0JuWGEtU29vMlhnYk4yS0RkLWJiNjhzMjhQSWhhUHFON19uSmIzeGd3SDUySzNwVUZhM0xpSkI1NGFkaHdHNDRmYWtjcEpldEhDY1dyWG5UMGNUenQwRkh0RW55UVRqbUhsV2NXX0NuNWlIZ09QWnpYR19hV1pST0dMRi0xZ0I3MzlhOFh4NlJmNVBMenFvSXdXZ25WYzU0MURDeVA3cE12SjdWWUFtTUtPRGNxd2xsYzJoaXhlUdIBVkFVX3lxTFBiS21LdzFZNzQtdGdKVzlQdVlOWno0Q2pkeE1lUWJBM2lDUElNLUdfSE1OTThPX2FJaGk4ZktyZ3J3U0hiMFp2eXBNZmxQdlZleDI2ZDJR?oc=5,neutral,2026-06-16 09:33:00+00:00,0,0,0,0,0.5,0,0.0,neutral,0.8519445657730103,english,Mixed/Urban,no_clear_emotion,0.11282601207494736,0.01929508149623871,0.08194053918123245,0.04270853102207184,0.30801352858543396,0.029751304537057877
news,post,a25c18e03f277087,"PAS’s balancing ties with Bersatu, with eye on optics, says analyst. PAS’s balancing ties with Bersatu, with eye on optics, says analyst&nbsp;&nbsp;Free Malaysia Today",https://news.google.com/rss/articles/CBMiwwFBVV95cUxOZF9XZFlWbWFRRy1zRk1wOVhIMXJBZDZ0WWdCMXRkUlJqSHpPYk5oa2Z3emttb0Z5SHk0QTRpdDZLbTJiNWVra1hqeWUwakdyOGROTnA2a2NISG9sWEZpUktPd1RSVTJyZUxLclRydTBEUDV0UHlYUDZIYS03aldVYW5PUmxaUmxOYUtWQWhWbVRJV3FoLWlsSDJ3dTVpVXRoTHUwalE3LWhxRE42azVYVWY3M1YxcHVwWjV0dnY1dTFPZW8?oc=5,neutral,2026-06-14 14:30:04+00:00,0,0,0,0,0.5,0,0.0,neutral,0.9272803068161011,english,Mixed/Urban,no_clear_emotion,0.054229285567998886,0.011655325070023537,0.056325510144233704,0.016383284702897072,0.20263253152370453,0.02489033155143261
news,post,77ac9a231d085f18,Bersatu info chief calls on PAS to quit Perikatan and align with Umno in Muafakat revival. Bersatu info chief calls on PAS to quit Perikatan and align with Umno in Muafakat revival&nbsp;&nbsp;Yahoo News Malaysia,https://news.google.com/rss/articles/CBMigAFBVV95cUxPTU1tNXlWNVJnWm9TQ2lPd3RXelVUQURFbE0yank3R0pjRTJUT2ZfWFZIYUxSblU3d2tNUm41MHMxZXpJeVdBamFkM0Y0VVQ5bVJHa0lyMTNmdTNlUVZPVFFNZTdiZzhRZXY1d0NObzIzNFZQa1cycXJLdUcteGlIRA?oc=5,neutral,2026-06-19 10:07:18+00:00,0,0,0,0,0.5,0,0.0,neutral,0.900902271270752,english,Mixed/Urban,no_clear_emotion,0.1456032693386078,0.02590557374060154,0.09620316326618195,0.05913631618022919,0.21066951751708984,0.02947455830872059
news,post,006484aaee8f9fd8,‘Wait for official statement’: PAS says no decision yet on Perikatan developments. ‘Wait for official statement’: PAS says no decision yet on Perikatan developments&nbsp;&nbsp;Malay Mail,https://news.google.com/rss/articles/CBMi0gFBVV95cUxQM3NBcHJGLV8zVnc2UzNNb1pIZS1CNDFIWlhIUGE1Vk92d1hlUC1nTXFmN244ZkRBb3ZtXzVPaWwyUTdCODIxRVlhZGN3UnU3M0dyTHFQSVhDUkF0N2pWTVBhMVJUcEZjZzdoUVYzc25YR21LQnpSeENMbEVuVEpObGZWckt4OUdNcjN2NlB1R2VIV3lYVTY3RXFZOFJDX2RadzhUWGdSX0ZsdzExY2FTbVhTc0hXSEhiTzcxWE1kRTFZR3pYTEtzenBnc1UwYVhQZ2fSAdcBQVVfeXFMT19VYUl0blNhMk8wZlBjSUQyS3UxNTVNU3Zzc2oyRHd6MUNFazVNQmIyUzlMMDhPZWRzOVM2NWttWE9iSURqOTJlVjhSTDFWUk5sUVJzYkU2SEVWa2RmTS00MDd1UVNwSnZQdzV0a0N2UVZMQnd2ellGVzBYMnYyNngyb1cxbmdWanRsV01CQ29NcGJrLVM1djk0eFFNcWNIbzJxQ2ttb0FScExPRDRNUDYxQVF3blZlampCT1U4UFRkazhFMUxrb3lMLWd6ZUdFMGFXb2Z4Tnc?oc=5,neutral,2026-06-18 01:04:17+00:00,0,0,0,0,0.5,0,0.0,neutral,0.7041820883750916,english,Mixed/Urban,fear,0.07370501756668091,0.5565780997276306,0.09821652621030807,0.019445987418293953,0.03808556869626045,0.054434046149253845
news,post,c903f0cb04d3ff37,‘Good luck’: Khaled responds to former Umno figures joining PAS. ‘Good luck’: Khaled responds to former Umno figures joining PAS&nbsp;&nbsp;Malay Mail,https://news.google.com/rss/articles/CBMiugFBVV95cUxOUzg2Q3NGOE1QVFYyX2s0NVNHeUJHMzFLWFNxdW96MWlVVG9NMUZ2emd1Z19GamFtV3lVZHJHU2hfckxHUG83OG82dHMtS1lIMlBKWUlEUDZ2ci0xa0w0RnFEdjdCdDhSRWJqSEpYTzJlWWpCQmY4Tnh3MWU3OVJmRDNVMU04M3l4b2Y4OUpub0xobWhNQWZoVTNqRTEtOVNBNWd4ZDBvQnJycDZSX3pHWVpEZ25QaXhSdHfSAb8BQVVfeXFMT1M4TjkxbHFTSE1sbFVBdTEwaElwRl90ZjRyZ0JxNFdab2s0NlNRdHktN210ejdManprUFhLZk42VV9FMTEwSU5OZ3BKTEtSRk92eGpWalY5eEdjZWxlUDVRSzhUQnZMY1puZ2h6NzJCWE1ySmlyVXlMY2hWLTgzNy1udWg3bWZsVUNyMklqU0htT05pRG9Ob1VxZXpORXVlM1Y1SmljUm56RGhqdExWYi05UjlETWYzcE5YdTRST1U?oc=5,positive,2026-06-14 09:20:00+00:00,0,0,0,0,0.9719977915287017,0,0.0,positive,0.9066593050956726,english,Mixed/Urban,happy,0.023284824565052986,0.03526679798960686,0.6548535823822021,0.011451773345470428,0.08161865174770355,0.0242855716496706
news,post,b595a48909d46e4c,"Pas Youth defends campus Islamic outreach, citing constitutional protections | Sinar Daily. Pas Youth defends campus Islamic outreach, citing constitutional protections | Sinar Daily&nbsp;&nbsp;Sinar Daily",https://news.google.com/rss/articles/CBMiywFBVV95cUxQbmVkVE44NlRrVGZ4bm0weUQza25YR21OcTNPekFhSlNhOFd4SU50QXJuVXBYeTFFZzRNcmNteFhNa09BU1p4VWUxN3kwNlBwN2FFdHc5bWpUVFVWQnVWZmZma2VrSlpJWHpQbG1OdURlNEUtbVVqNDg4RnJZZlZfRTRaVWc1MTlobExnemhPRFVNS0pYYXUzSlZncGNyWTJ6SldrZ0xlS1RJY3JocUFWeEg0aUU2SWRscXQ5RkJTTlNLX3pvcG9lWWRsRdIBVkFVX3lxTFBUeWRxQnl1SGVpenNEbWRQX0FqN3dXYzVkbHJMZHBTeXQtSXB0dFZRbnR1ajNFUWFxMFFxc05DT0MtOFR5Nmw3TTZIelBpQzZlcjlfYjVn?oc=5,neutral,2026-06-19 09:27:34+00:00,0,0,0,0,0.5,0,0.0,neutral,0.7699615359306335,english,Mixed/Urban,love,0.05491839721798897,0.016244057565927505,0.1617409884929657,0.020928267389535904,0.5783385634422302,0.01821676641702652
news,post,d7e06b0b83376ad8,Malaysia’s opposition party Bersatu says ready to fight PAS ‘on all fronts’ amid political divorce. Malaysia’s opposition party Bersatu says ready to fight PAS ‘on all fronts’ amid political divorce&nbsp;&nbsp;CNA,https://news.google.com/rss/articles/CBMiowFBVV95cUxONzlsWXdubDg3X2o4eXJTQ3BoQmZqRmd2S1hfdVZBMEZud2xIeWNlbDY5b0hvTl8wV1lOVnJfUGFyYnpkYk9KN1AwZVlUbTcydU0zME5hV3BsVmVRR2xhR1NHMm5VaWducVgxdUhXR0FpdHdySzlZaHExenItZUJSTmQteEZldXhBNW1vUndTZDhIbGRSdHBMNmduMldvb3hYZnJJ?oc=5,neutral,2026-06-17 05:11:00+00:00,0,0,0,0,0.5,0,0.0,neutral,0.8907312750816345,english,Mixed/Urban,happy,0.02153690904378891,0.09414882957935333,0.8183759450912476,0.00949830748140812,0.023315098136663437,0.016977442428469658
news,post,703631c9442f8b13,YOURSAY | Anwar made things worse for himself. YOURSAY | Anwar made things worse for himself&nbsp;&nbsp;Malaysiakini,https://news.google.com/rss/articles/CBMiUkFVX3lxTE1nMnNILS1fVEF5SGszRmZSVmdobHRBOHh2SmtPZlJTczdQUFpSRjk1dlI1TVdZRDRzODJHSlljRHU3QU9vY200Rk9Oa2UxeEJHVEE?oc=5,negative,2026-06-17 01:47:47+00:00,0,0,0,0,0.046609407663345315,0,0.0,negative,0.8446353077888489,english,Mixed/Urban,sadness,0.03552952781319618,0.0717882513999939,0.015325576066970825,0.8110216856002808,0.014779917895793915,0.026172397658228874
news,post,fdb6cecfbf97c683,'PAS must exit PN for lack of loyalty' - says Tun Faisal. 'PAS must exit PN for lack of loyalty' - says Tun Faisal&nbsp;&nbsp;The Vibes,https://news.google.com/rss/articles/CBMi1wFBVV95cUxORTFqQ0lnVGxFR1ktcVpZVHJ1SmZxMTlCX1U5Y0lLa29BWGZ4VDYya25tMVItdHZiZUIyVXRMVkhPWS13NGl4U3R5M0JLUzgwX09wVWhkdHZCR2pPR3ZINC1lNGhsejFfd05mWmlNRVlwYk0yTldzVHQ5X1l2TGtYS0hXczNZdE9iYktPc00ySEZjRWYtOS1RMmFkLUg5WVRwZWxkVjh1SzJpNTVVTmVTelNDRzJoZnhOT2J0UUF4TFlXb2lCdWVQV3dLNFZaalRjeHFidDZCQQ?oc=5,neutral,2026-06-19 04:25:00+00:00,0,0,0,0,0.5,0,0.0,neutral,0.6195804476737976,english,Mixed/Urban,love,0.0897553339600563,0.04612554982304573,0.035698745399713516,0.11674089729785919,0.6337120532989502,0.031519077718257904
news,post,94e0779878a8e7a1,Pas Youth chief to pursue legal action over alleged insult to father in FB post. Pas Youth chief to pursue legal action over alleged insult to father in FB post&nbsp;&nbsp;NST Online,https://news.google.com/rss/articles/CBMivgFBVV95cUxOVUptYkJKeS1vcWZ2N1g2Ymt1M1pjZ2QwWXdwV3NGS2N2ajlJVl9LLVpMdjlaWUwtZDBnMXhrYklDd280ZnNzR3I1U1g4VGFUX0pGbGFubEh6T1JvcEg0X05KWHZnal9vQUtleXhQem5EMzFMQmd1NVRtMm5NVDRmNGFBY2NsN0VkRFBzUUxsemdfWFhfX2hGOG1zQ2xUTTdsMERobVNXeVpET3pPVGprRUg0WXpGeHNGamREckpR0gHDAUFVX3lxTE9ucFE3Wi1aSkFtSno5bDVZcDgwejBnZ0RLX0d0Zlc2Sl9WRk16bGZacURhelotdXRieHY5bVNPRlA2SWxoQ2dwTmVxaVZkOEVmb0pLbURiNzBJZmVBWlF4NFZNY3NUcUN6dW02RFlxN1owaUtVWktmSUdmTm9VenczaUQya3JwVndwOVYtME1mUnh2R1BidnpTNHVBWHRRdjhrVkd6MVBUVTVVQ1U2V2tHa3hMRDIyZTdmV0VsUmJ6ckRzTQ?oc=5,neutral,2026-06-15 16:47:52+00:00,0,0,0,0,0.5,0,0.0,neutral,0.6058831214904785,english,Mixed/Urban,no_clear_emotion,0.22616328299045563,0.04196028411388397,0.1494492143392563,0.03708835691213608,0.0763903483748436,0.02926449291408062
news,post,f5a77f1015f78c2e,Malaya Politics Plagued By PAS/Umno/BN Vs DAP Syndrome ?. Malaya Politics Plagued By PAS/Umno/BN Vs DAP Syndrome ?&nbsp;&nbsp;Jesselton Times,https://news.google.com/rss/articles/CBMimAFBVV95cUxNU1VDN3pvZ0NabkdhRXc5QVpySmYxM3Qxb3ktRVhZQkRvNkt1cG11YkxDNUJlT2RUd1VWNnQ2dUU0Ym90Z1dLaFhjS0gzUWJYT2J6TEtQU2Z0STN1aTVxWWdKcDgxTWpZZy1pUFlod25sNXRQLS1sbmxjU05sdmdmTEFpRWlvTm9xdUg2TVJuX1YyaFM2WERETdIBngFBVV95cUxQX0xLYUNadU5kYkhnOG1qTnY1Yk1Tc21IOTk4aTFEZ0dDblE0TWRHZGxTUGx5dTBDamdERTRXQzEyelNMMF9FVE56R3d2QmR6bGxmRXFFTnZYVkoyeno5OVNYZEZHNXM2MzRUcklDck1xV2R3NVQ0T0FWcnc3WTRRZ1dhdzdpYmhrUDVqT3ZxU3JDM2s1eEhFZ1k4WFZSdw?oc=5,neutral,2026-06-20 23:41:35+00:00,0,0,0,0,0.5,0,0.0,neutral,0.8714112043380737,english,Mixed/Urban,love,0.10001292079687119,0.02627803571522236,0.0907982885837555,0.04056797921657562,0.39798638224601746,0.024791615083813667
news,post,e4c29e2397995de7,"Here's Why PAS Ditched Bersatu — And Why A Reunion Is Unlikely Anytime Soon, Says Analyst. Here's Why PAS Ditched Bersatu — And Why A Reunion Is Unlikely Anytime Soon, Says Analyst&nbsp;&nbsp;TRP | The Rakyat Post",https://news.google.com/rss/articles/CBMizAFBVV95cUxPV1ZZc2RXX3RpMEZSakN1dVNBcXFDN3JGbzV2OHc3TTBPODh3VTIzQ1pHSi16MkMxTl9pOERMV2JRTktBTEd0VmpCZVdGM2N4bi1YNFVpSTJlbXFYR2tsT0ItT2sydTFuVlg5dHVfRzYydjFseW0xUU5MbkFpcDkwdXJFbXRyWmg1R0c0d0JoVnEwMmg1NXZGZXRoOXREUU9vcWtzdDV1MXVkVlZ0WmotVExUdklOVVJoRHY2WGZMMHBSZFFQeG1lZU8xbTY?oc=5,neutral,2026-06-16 09:05:05+00:00,0,0,0,0,0.5,0,0.0,neutral,0.6051952838897705,english,Mixed/Urban,fear,0.14367835223674774,0.7132370471954346,0.0332263819873333,0.044441111385822296,0.01175752468407154,0.032545581459999084
news,post,2d3ec945ed135daa,PAS pivots to fresh opposition alliances after ditching Bersatu. PAS pivots to fresh opposition alliances after ditching Bersatu&nbsp;&nbsp;The Vibes,https://news.google.com/rss/articles/CBMirgFBVV95cUxOenVYWnpNOXA3WE8yRkJyNjlFbzJ1SFR5MnpoY0kyNGh0Xzc4Ull1U0loLW9pZmVxRVRCUXV5OTVXS3d0eXVyNVFKMUZhWExrSkktME1WdGE5aEctVUpja295cHB5TWxWY09oWWZReFBla0psODFTdTNUOTVYUEpzMkxzNjU0NUgzVm9FMThfN2lFMjJUdmU0RlpXSlpQRDZ2em82dFlETXR4NkJKeWc?oc=5,neutral,2026-06-16 01:31:00+00:00,0,0,0,0,0.5,0,0.0,neutral,0.8962848782539368,english,Mixed/Urban,happy,0.07229042798280716,0.09341104328632355,0.4621843993663788,0.03299091011285782,0.07978291064500809,0.04650421440601349
news,post,ba006907ad8efab8,"Annuar: I tried but failed to reconcile differences between Pas, Bersatu factions. Annuar: I tried but failed to reconcile differences between Pas, Bersatu factions&nbsp;&nbsp;NST Online",https://news.google.com/rss/articles/CBMiugFBVV95cUxQeWp3Y1g2bXZpSDFSU0huNTJGVzY5cDZzVmsyZDdSaFZlckM4dnh1b1k5Z3p5RlU1amU0S1ZxV2ZVYnB5ZmNoazB6U2ZPcUpYUzJ1c0Y0dXY0NDEzMDRuSWtGYnVFMG9tTkMtZ3lhS3RaQmpTcDFRdTFDQnZtcjJySFFNM245NFZERFk5WGtHbmtSLWktc3N6LTJJX3ZMeXg4cFZUbGM2WUJrTi1NOWlldUFCeVNIRDF2VGfSAboBQVVfeXFMUHlqd2NYNm12aUgxUlNIbjUyRlc2OXA2c1ZrMmQ3UmhWZXJDOHZ4dW9ZOWd6eUZVNWplNEtWcVdmVWJweWZjaGswelNmT3FKWFMydXNGNHV2NDQxMzA0bklrRmJ1RTBvbU5DLWd5YUt0WkJqU3AxUXUxQ0J2bXIyckhRTTNuOTRWRERZOVhrR25rUi1pLXNzei0ySV92THl4OHBWVGxjNllCa04tTTlpZXVBQnlTSEQxdlRn?oc=5,negative,2026-06-20 14:34:32+00:00,0,0,0,0,0.09980383515357971,0,0.0,negative,0.6673205494880676,english,Mixed/Urban,fear,0.16312438249588013,0.6144909262657166,0.046209871768951416,0.033910688012838364,0.025826869532465935,0.04308575019240379
news,post,ebebb50b5884b02b,Bersatu duo relieved of roles in PN. Bersatu duo relieved of roles in PN&nbsp;&nbsp;Free Malaysia Today,https://news.google.com/rss/articles/CBMisgFBVV95cUxPWTZaSlo5WXFzaGdxZTRHYmJVY2ZZcWF1M3RVUmNDYmRGTXo1TUU3VHcweUc3OGRWOVFrTFZXNEFCTTJhUmRtYTl3RzMyOG0ya1U5WHhPOWI2eVF4TmNnVjc0ZW1QZ0ZXN2FfNmVHZjhzRmlHTlZ4UXZlRmJRSFRsOXVMeXVtOFJ1TmxlWm91OGQwaTZBSVk0QVZwZm1wc0h5WmUwekdNZ2tqakxva0FLWl9n?oc=5,negative,2026-06-17 15:54:41+00:00,0,0,0,0,0.14595197886228561,0,0.0,negative,0.5134934037923813,multilingual,Unknown,happy,0.03926499933004379,0.03403246030211449,0.7155575752258301,0.013320142403244972,0.1252380907535553,0.015469918958842754
news,post,64e3104c7dd870b2,"Wawasan likely to mirror Bersatu’s Malay-centric model, says analyst. Wawasan likely to mirror Bersatu’s Malay-centric model, says analyst&nbsp;&nbsp;Free Malaysia Today",https://news.google.com/rss/articles/CBMixgFBVV95cUxPczZCREF6cHgyRkRUdlNZV0hhTjdRYlhYTTJ0bVQ4SkY5aUhjanlmTlIyaDctUFV6dDBLOW1oUi05TGNobHY5MUlzaDBESHVHMll3aWpSVW4xWDFBbFItT3NGcXBEa1NQbGNsUUJwV2tlTVJpQ2M1amRsOHpDN0ZNRDVNZGV6bzFIa2JDa3g1SzQzakZacGJiSm9RVV9jLVZFUTUxUHR1YlJEVHlSZDdkTW5MOVk1bklRR3NST2VOS0RMcUpWQkE?oc=5,neutral,2026-06-18 00:30:26+00:00,0,0,0,0,0.5,0,0.0,neutral,0.9208362102508545,english,Mixed/Urban,happy,0.18872010707855225,0.060942258685827255,0.3510023057460785,0.012630286626517773,0.08092348277568817,0.03080837056040764
news,post,70edecf5421f0366,Pas' iron-fisted attitude increasingly evident - Tun Faisal. Pas' iron-fisted attitude increasingly evident - Tun Faisal&nbsp;&nbsp;NST Online,https://news.google.com/rss/articles/CBMisAFBVV95cUxPeDg0S0VDclFSZE5wUXp2eWFGQ0VhRjlsbDVqRVBpQ2ZGQThJUzdZUnJhcFN6bUJGa0k0RXZ1SDBJREczQm1ZTXE5OHYxM1lpeGY2UWtWSGRtS1U1eEhSOUFNb0hVUl9tOU5ZMU1vb1Z0Tnk5UUxEekNfVHdrT0JvNGUtbHoxODUzRncycTFEeF9vUkx0NUVqbzgxNjhKUlhkQ21mMlZrTUlvbnJRX3RIeNIBsAFBVV95cUxPeDg0S0VDclFSZE5wUXp2eWFGQ0VhRjlsbDVqRVBpQ2ZGQThJUzdZUnJhcFN6bUJGa0k0RXZ1SDBJREczQm1ZTXE5OHYxM1lpeGY2UWtWSGRtS1U1eEhSOUFNb0hVUl9tOU5ZMU1vb1Z0Tnk5UUxEekNfVHdrT0JvNGUtbHoxODUzRncycTFEeF9vUkx0NUVqbzgxNjhKUlhkQ21mMlZrTUlvbnJRX3RIeA?oc=5,neutral,2026-06-18 08:46:26+00:00,0,0,0,0,0.5,0,0.0,neutral,0.7943424582481384,english,Mixed/Urban,love,0.02771393582224846,0.02230934239923954,0.1875445544719696,0.022136932238936424,0.6190311908721924,0.022220272570848465
news,post,c4bb8a9289f3bda6,"[UPDATED] Hamzah, Pas leaders meet in KL amid deepening rift with Bersatu. [UPDATED] Hamzah, Pas leaders meet in KL amid deepening rift with Bersatu&nbsp;&nbsp;NST Online",https://news.google.com/rss/articles/CBMiswFBVV95cUxOcHVMdGdhVFlweUZpNUd3YzV4VjNhcVJBTmdSX2FFVklNYjZaS3NmamZ2NFlzNzhfdzR6MHdaeUE5dXY5WmFSOEpMT1REbmttQkQ0VzlmZDdhNElrb3FucnZzNVRJbHB3XzVMcjJYa19zUVdodEhwV3VnblVTekQ2bzhfeURwZm12Wnd5VDFXUjJXbE1ZaWxMUVJ6aTJEdm93aVlOYk1TWUZ4U1d6dDBiMEhGVdIBuAFBVV95cUxPVlB0N3FUbDlYNnFlV1JmZllNUG9lalpwbTY4WTFCd3k3dzBhajBUQU9vZE1aTGRORm56WlowVDJaNHNaMVB0VERzSEdod0wtUVBEY0NMb0pueGNfVmllMU1yREVuVTVFYVdqTmlNdW5XWkZ5Q2UxT3o2UUc1WFN6ZTFfQ3JMbllIWi15dC1McXFIVHh2d2Q4QzBGTGwxM0JxamVlcmtWaE5BX3BDbWtaVGVJUzVWSkVq?oc=5,neutral,2026-06-17 12:03:21+00:00,0,0,0,0,0.5,0,0.0,neutral,0.9162898659706116,english,Mixed/Urban,happy,0.2523914575576782,0.07922443002462387,0.26392608880996704,0.0286849457770586,0.12060291320085526,0.025385603308677673
news,post,47b6d734c1676e87,Who gets the house in this divorce?. Who gets the house in this divorce?&nbsp;&nbsp;The Star,https://news.google.com/rss/articles/CBMirgFBVV95cUxQYVozc296OHpoUnVtbEIzQ3F4bUppMXhLR2xMNmlPTWp5bC02LUhJaVRXM3ZrRmJCSkVWOV9DSVFrR3dLazI4YzFaeUJzYTR2Q0RJd1FCRTVaRjc5ZVpVNzdOdGhCMWlvT1Q2UU10aXp0d3NOa1ZvLWxCY1V1NldGRGpiNVd5UGdaMlZTTTRGanJZU3o3aWRsSzFocFdDcVNVcEtoQUZkM2VuTEZOTnc?oc=5,neutral,2026-06-20 23:03:52+00:00,0,0,0,0,0.5,0,0.0,neutral,0.8982412815093994,english,Mixed/Urban,no_clear_emotion,0.028484297916293144,0.03128889948129654,0.10834118723869324,0.020620640367269516,0.11004357039928436,0.03508714213967323
news,post,dbd5b5681c2c14b9,"Bersatu Needs Perikatan Nasional Brand More Than PAS Does, Says Political Analyst. Bersatu Needs Perikatan Nasional Brand More Than PAS Does, Says Political Analyst&nbsp;&nbsp;TRP | The Rakyat Post",https://news.google.com/rss/articles/CBMixgFBVV95cUxQS1RCTU83QkxoY3VUTzJEdjZiX0luTXM1SUEwRGJzcG5zZzhQTmxUakVRT3BVTXVWMVdSYjMtUDFya1lkN1F5dmJrUkJxSW9UVGlmMGdBUnprcHZ2UzgzT1o1ZXhkbjN4Z1ktZ0R1ZUNwdzJrMTNwblNHSFpBck9rVldGSmFaSmdCN2YwQnR5eDFubnRFdzZuUC1YSnJoY0NmSlBTOHN5TXdPS1dGWnlhVldpVjFjRDQyd3k2eGNnMVFsRk13dUE?oc=5,neutral,2026-06-16 08:19:58+00:00,0,0,0,0,0.5,0,0.0,neutral,0.8935940861701965,english,Mixed/Urban,love,0.06383092701435089,0.03787243738770485,0.10994467884302139,0.05603312328457832,0.4103681445121765,0.03660200908780098
news,post,9b9369938c309c9c,PAS president accused of bypassing PN leadership as internal power dynamics come under scrutiny. PAS president accused of bypassing PN leadership as internal power dynamics come under scrutiny&nbsp;&nbsp;The Vibes,https://news.google.com/rss/articles/CBMi2AFBVV95cUxPTWNxSEJ3b3l1NXFZWXlTZmsxcWY1UlNMMWJzNnNvOVFJdlF1SU5LOUtncHJGVFNMSVVSVmZ1NDhINGVyd3BJRmxkdWhoVTY2aUxwQkh0Q0Z3cDF5V3NvdnVuVGxub1piOGM5Zy0zVUlQRGVFVlR3UllQc2dFWlFPZFlOR0Ixc2FYbS0yWnhOUlVteUgzZ29mQ3ItbS1mLS1Da2cwNlpKdndUMDdodDVDN2JuamNUeUw3cFB4LW9YUHZOQXdXN1BfQTRHSU1DdUhXRG1qTDFNZy0?oc=5,neutral,2026-06-15 01:35:00+00:00,0,0,0,0,0.5,0,0.0,neutral,0.5760554671287537,english,Mixed/Urban,anger,0.6167662143707275,0.06552024185657501,0.08143523335456848,0.037608057260513306,0.04302452877163887,0.019731944426894188
news,post,01e5e8127218baed,"PAS needs moderate ally as support base nears ceiling, says KJ. PAS needs moderate ally as support base nears ceiling, says KJ&nbsp;&nbsp;Free Malaysia Today",https://news.google.com/rss/articles/CBMivwFBVV95cUxOdm94cjU4WjIzblNtb0pXM240WFh4Y01SeEZIOEFXN1kzeEZpUnhNbFhlOHRXZE9EZHdGTXFvZ3ZsSi03VXpOb2ZySUozTGtKdW1RTmhfNUZXa1FnT0E5aEdzVEh2UjdCenVrVDlfNGM2eHBMTUs4Ymp1Y0hXSFlybjlGek1QcXQwQkFJcVR2LTlMeFVGeVNUVXc1eGRQZ1dCZ1FFNUE2MU04VWYzNzh3U2FZTTVaYjRLVzU1Q0FZbw?oc=5,neutral,2026-06-19 06:22:51+00:00,0,0,0,0,0.5,0,0.0,neutral,0.877385139465332,english,Mixed/Urban,love,0.07176888734102249,0.021975059062242508,0.1705622375011444,0.02683200314640999,0.48865434527397156,0.02233256585896015
news,post,463d458eaebfa5aa,"Majority of opposition MPs want Hamzah retained as chief, Saifuddin says. Majority of opposition MPs want Hamzah retained as chief, Saifuddin says&nbsp;&nbsp;Malaysiakini",https://news.google.com/rss/articles/CBMiUkFVX3lxTE9zcUdka2k5bng4blZUWGFJdm1SMUt1amhYNGJneXlXNHhjR01CMGRMeFRtNXM4anVyc0NWUzkydmowWjBXS3NLMVBSeU9MU2VldVE?oc=5,neutral,2026-06-14 07:15:52+00:00,0,0,0,0,0.5,0,0.0,neutral,0.9025951027870178,english,Mixed/Urban,sadness,0.1590428650379181,0.06880012154579163,0.028474971652030945,0.6371704936027527,0.03936697170138359,0.02426275983452797
news,post,f4d787625b5d0bf9,Umno-BN brims with bravado. Umno-BN brims with bravado&nbsp;&nbsp;Free Malaysia Today,https://news.google.com/rss/articles/CBMikgFBVV95cUxNczV4UHZtOERnN2taYTJTR2tqbzVocnMySVEwclh0N0h4NjhjZTVGMndzLUo1WmZsNVc3Q3U3a1NjRG53NzVpRmlvOXI0UjVLUDUwSlNucEhYTy02b3BXVnplVDFlZDlhaWVFUUFqQmxlMUI0Y2FWY1UwdC1PbEQ1aEJJQlloLTU4NVkta0JNNWE2dw?oc=5,neutral,2026-06-19 00:00:41+00:00,0,0,0,0,0.5,0,0.0,neutral,0.5789527297019958,english,Mixed/Urban,love,0.03466514125466347,0.012133079580962658,0.13970226049423218,0.01563655026257038,0.5979077219963074,0.019312074407935143
news,post,3e2a41e5273d14da,Logo dispute deepens internal strain in Perikatan. Logo dispute deepens internal strain in Perikatan&nbsp;&nbsp;The Star,https://news.google.com/rss/articles/CBMioAFBVV95cUxPTmFYZWM3SF9PSGlkUWs3bWx5Tm9ISVpSakRXMnIzRTQ2a0otNWRBTVAtYWZ1ZzQxcjc3UllVRWNKdEZnQnE4Z3hhOWZBZnQzclVJdjJRTTB1UkQ2ZzRDR1RQYjdNTzl4bXFyejZfX1VneFF5VmRTMFI5X2VaX0M3SFloMS1xOEdnTC1OSUl4OE9XN2JKOXNIUE9yUEJlWE9q?oc=5,negative,2026-06-17 22:58:15+00:00,0,0,0,0,0.11271781325340272,0,0.0,negative,0.624273955821991,english,Mixed/Urban,no_clear_emotion,0.08865361660718918,0.021062633022665977,0.07940523326396942,0.03358551859855652,0.1305839568376541,0.027622057124972343
news,post,d284c19238d9bbe6,"Softening PAS’s hardline image an uphill task, says analyst. Softening PAS’s hardline image an uphill task, says analyst&nbsp;&nbsp;The Vibes",https://news.google.com/rss/articles/CBMipgFBVV95cUxNd2tSaXNnZTVPYjVHRXNsRE0tWW1ZVVljb3VPUW8zSWxJTXI3VmJOSGZfQlFqVTJFUWs4SHR6SXcxN1YyTXQycFRLS1ppUk5VcmttaThmVEF1b0gwUXdiVUZJSFZWVmRVUk1EQTh0aHpfMEpqOEVlU3hkLW1PTDQ1bVM0REFpRVRXRkFBNkxfOEUtRDNzRmgybTAxd3Z3SXNvMlMtRkR3?oc=5,neutral,2026-06-15 23:53:00+00:00,0,0,0,0,0.5,0,0.0,neutral,0.7699759006500244,english,Mixed/Urban,fear,0.12633849680423737,0.4490824043750763,0.13798731565475464,0.15837745368480682,0.05913342908024788,0.028945140540599823
news,post,162c5b94fee02bf9,Use your own logo and leave: Bersatu info chief says PAS never truly committed to Perikatan. Use your own logo and leave: Bersatu info chief says PAS never truly committed to Perikatan&nbsp;&nbsp;Malay Mail,https://news.google.com/rss/articles/CBMi5wFBVV95cUxNU3NHRDlZQ1BDSlotTTVZVk1rMC15bDh5OFF5d0gxVmNsbXd2aWM3QW9ILVk0YUpsV3pRLTNkNmgxQlhCc3Myc21NTEo1YzFiYzZnaHIwRmhNeUFLTjA5N0JRZ1BOVGsybEgtMW5rTl9SUVBjMlJuNTNnNk9uSDhRcTBkb3BUY1hFUzMzc3pOd0tJUXJ4bVE0MElheEFTUFpkZ1Z1Q0ZtUjI1LWtpdzZicGFNdTdiYm9zbjVLX1lKSjRMbks1SWluLUt3T1hXai16dEN5ZDVvOWY4cFFEckt6QU5DR1dhWTDSAecBQVVfeXFMTVNzR0Q5WUNQQ0paLU01WVZNazAteWw4eThReXdIMVZjbG13dmljN0FvSC1ZNGFKbFd6US0zZDZoMUJYQnNzMnNtTUxKNWMxYmM2Z2hyMEZoTXlBS04wOTdCUWdQTlRrMmxILTFua05fUlFQYzJSbjUzZzZPbkg4UXEwZG9wVGNYRVMzM3N6TndLSVFyeG1RNDBJYXhBU1BaZGdWdUNGbVIyNS1raXc2YnBhTXU3YmJvc241S19ZSko0TG5LNUlpbi1Ld09YV2otenRDeWQ1bzlmOHBRRHJLekFOQ0dXYVkw?oc=5,neutral,2026-06-19 10:05:00+00:00,0,0,0,0,0.5,0,0.0,neutral,0.5368568301200867,english,Mixed/Urban,love,0.07249484211206436,0.029458891600370407,0.09992573410272598,0.03213103488087654,0.6519033312797546,0.01871943473815918
news,post,8e25996c8337f666,"PAS will prevail over Bersatu if they clash at polls, says party leader. PAS will prevail over Bersatu if they clash at polls, says party leader&nbsp;&nbsp;Free Malaysia Today",https://news.google.com/rss/articles/CBMiywFBVV95cUxPWmtRWU5leE9kb1prSEpSVWNIbzFkSGd1ZVc2QzBoZkNuMkVfd2pBNTF6alpiUS1MUk84MWFBNkRidTFSY3ZGMnVaWjV5LWVQNS1hVXhhNEtWSTJ6UlR4ZG9FQjJ1QWJxRS1Zb1lqZ291N2hHaHNVRGR6N3R2cS00MGNXczcwM21zbFV3RE96LXFaOFpibG5IaG9Wc3BTUWFMeW9BX1JQUnZMN09tbHZSS0lXV2Z2eWlHRGE0QjB4dk1fZXRCekk0XzliTQ?oc=5,neutral,2026-06-17 12:07:50+00:00,0,0,0,0,0.5,0,0.0,neutral,0.8383341431617737,english,Mixed/Urban,no_clear_emotion,0.08571481704711914,0.03728610277175903,0.24560320377349854,0.0173017717897892,0.20721349120140076,0.017730804160237312
news,post,26b2a7329ec3d4bf,Annuar Musa reveals failed mediation effort to prevent PAS-Bersatu split in PN. Annuar Musa reveals failed mediation effort to prevent PAS-Bersatu split in PN&nbsp;&nbsp;The Vibes,https://news.google.com/rss/articles/CBMiwgFBVV95cUxNYkpaaUhmV0Rva2ZMQzRad2s2OVl2SU5EQm9iRXdnWURrdUdIczZGWThwVTd1Ni1vZ3A4Tmx1SlBoOGhHRERoYmFDTUEzVlFaT2xjeTJIVkFMTG9aMjFranFnTDhPdm9YaWxIZ3pBOEN3M3BwQXhoMkRXOTh0azF1SHJxaVR3ZjlTQURRcUpYd3Jsend2dEp6ZjJpR2QtVkZjaXVsdW90ekRKWUdJRkx6LXNpYS13TTJGSUh3ZUJiQUVoZw?oc=5,negative,2026-06-21 01:37:00+00:00,0,0,0,0,0.13205970525741575,0,0.0,negative,0.5598009824752808,english,Mixed/Urban,sadness,0.10336264222860336,0.3078191578388214,0.012794643640518188,0.48571354150772095,0.010740541853010654,0.051450423896312714
news,post,00fcae0d2cf238d3,"Hamzah’s return a ‘KO blow’ for Bersatu, says PAS Youth. Hamzah’s return a ‘KO blow’ for Bersatu, says PAS Youth&nbsp;&nbsp;Free Malaysia Today",https://news.google.com/rss/articles/CBMisgFBVV95cUxQQTEzX3NtR0VmbDhpTGpMSUdDQ1pQVi1kdTJ4SUZiMnlBcGNOS2czek0zNlhrVTFFbkRyUEFoSjk0aGlOcUVuT1JFaUUwNXRvM0Z4WlpCU3RWa2Y3SzhOSmlWZEVnaF9RdGdCNm9IQ1p6NmlyUlI3T3JwVmRwOWt6T1lVOWxQMXhIeHlZNDRYQ1VoLVZQRkZnaGlGSXRXM1Q5ZGhVSEZoaElUN0N2RFh3eDFn?oc=5,neutral,2026-06-15 07:00:07+00:00,0,0,0,0,0.5,0,0.0,neutral,0.781966507434845,english,Mixed/Urban,love,0.038465920835733414,0.012279635295271873,0.12834937870502472,0.019199024885892868,0.5103787779808044,0.024432750418782234
news,post,6ec500e172fdc46a,Zaid fires back over PAS move. Says political journey ‘not a tragedy’ and hopes for seat in next GE. Zaid fires back over PAS move. Says political journey ‘not a tragedy’ and hopes for seat in next GE&nbsp;&nbsp;The Vibes,https://news.google.com/rss/articles/CBMiywFBVV95cUxPMHQxM2ZwanI0ZGxsU1dSaUFuMDNrZGxJRUZQMDI4MjJXM1dJclIzM0tvYzhCY0kzT3RRaUEyX3U3SWxpMmNKR0hiaDdiNFlWYjlSdXN0bFAybU9BVDZSbk1zQ1VzQVlPcmx1dUJnSmlGVzdqYjdmbHU2RVRsOXJSZW5fZ0hobzB4MVRrUksteEV3NXNyN0ItQktCcXF6NUw0aXVaUXpOOEt4bUVEU2RMREJYSk95MEx5UmVZbXk0cEJSYUwyUlpJM09JUQ?oc=5,neutral,2026-06-16 06:19:00+00:00,0,0,0,0,0.5,0,0.0,neutral,0.7544834613800049,english,Mixed/Urban,love,0.0646505057811737,0.03417958319187164,0.1810852289199829,0.04964246600866318,0.32154420018196106,0.027758562937378883
news,post,16b8903d57161c21,Hamzah among opposition MPs seen at PAS HQ for meeting. Hamzah among opposition MPs seen at PAS HQ for meeting&nbsp;&nbsp;Free Malaysia Today,https://news.google.com/rss/articles/CBMitgFBVV95cUxQRkxRQUItMlBpRGl3T3RLUkRncGRxaXRxNzVSUTVWbDJ0M0ZMc0Z5TmI5STZJVG9JVjlEVEJiTjZ6ejlHNDR6OU9mSGdkbXQ3aWFSV2ZRVmd1dFcwZWFGR19oeFBDNEpDTzh1Tkc3dnlnb3pNUXV6WVpnNjBFMG5VMXVRWUN4Z0t2X3VfT20xMVVRcWR6TFNkZ0JDRnVwTVBPZlRZUVJ1SUpPSXEyZXRpcjl6cDU4QQ?oc=5,neutral,2026-06-17 13:35:59+00:00,0,0,0,0,0.5,0,0.0,neutral,0.9184984564781189,english,Mixed/Urban,no_clear_emotion,0.023324929177761078,0.006135255564004183,0.046594154089689255,0.007719369605183601,0.09573633968830109,0.01673346944153309
news,post,a0db66d821913513,MoHE mulls legal action against PAS rep for false claims on public university admissions. MoHE mulls legal action against PAS rep for false claims on public university admissions&nbsp;&nbsp;scoop.my,https://news.google.com/rss/articles/CBMivwFBVV95cUxPMHFPMVpYcjJoUktUZmtfOENSelBoQldYdFlaVlpEUTgwbHZBNFlfUzd4dEl1NmM2R2FacmF0REJybW1lNEVYLXZXU3QxUVBhSTZkQkFDQlZOTDEzQ1BublhuMHBmWlBUczlhTExwb3lsWUQ0SlJUdnZHVzBEVkZDcW1fc25qN1g4d0xIeU94eEllTjk0NU1XaUxpZENrZHg4UUltaThKWmV4QUk2Mk1WQk5Qb3ZScERMZkduWkoxcw?oc=5,neutral,2026-06-15 12:07:28+00:00,0,0,0,0,0.5,0,0.0,neutral,0.5785492062568665,english,Mixed/Urban,no_clear_emotion,0.15405221283435822,0.015540465712547302,0.08178718388080597,0.02688242867588997,0.13691836595535278,0.021317115053534508
news,post,4337fb88a285bc51,Umno-BN brims with bravado. Umno-BN brims with bravado&nbsp;&nbsp;Free Malaysia Today,https://news.google.com/rss/articles/CBMikwFBVV95cUxPbDFKMFNtMEpoYlU1ZTV0TFcwNDYzWVkxUHVza19pWlFSUDJhVjNxUWxWLXU5d1czR3J1dkN5Mm56ME9MQjJiSE5zNncybmtBcHFrQjJaYTZaS3BHWDRObWNfb1lSLU5OMXNHbzVValBuczlNOGZ4MDAwaUl1SDYtX21ucE5BeDhlcG1uaFdQemM1eFU?oc=5,neutral,2026-06-19 00:00:41+00:00,0,0,0,0,0.5,0,0.0,neutral,0.5789527297019958,english,Mixed/Urban,love,0.03466514125466347,0.012133079580962658,0.13970226049423218,0.01563655026257038,0.5979077219963074,0.019312074407935143
news,post,d73825522c5ee4b8,"Bersatu will strike back after PAS draws first blood in PN, say analysts. Bersatu will strike back after PAS draws first blood in PN, say analysts&nbsp;&nbsp;Free Malaysia Today",https://news.google.com/rss/articles/CBMi0wFBVV95cUxOMEZGRTFERThSd3VkaEtvX0pRTDhkcnBnVlUxc0VsaGhtdEtZTTZldm8xZmxtX3J5SU04M2xzWmVMTTZOelNlSlZ3ZXM5U28yTVNIUDdhM1AwY2JpcE5UeW9KVUhCZWgzcy1KdGZTQkVKMVM0Zl8tMnFSbGpYZWplNC1JWkFGaDdPV0hCMUxYVEJzTXpJYlNCdThQaWJWLVlnVmFYaEZRZmllOWdOclM3X0dObjFMV0ZSRlFHZ09DQU9PdFd4RjFjM2ZrRGZJSXFlcC13?oc=5,neutral,2026-06-19 02:00:26+00:00,0,0,0,0,0.5,0,0.0,neutral,0.8451473712921143,english,Mixed/Urban,no_clear_emotion,0.03870755061507225,0.02648497186601162,0.28537097573280334,0.01665726862847805,0.16010382771492004,0.03009742870926857
news,post,6188b9b8ad233a6e,Ramasamy: PMX will be thankful to PAS for killing opposition front’s dream of capturing Putrajaya. Ramasamy: PMX will be thankful to PAS for killing opposition front’s dream of capturing Putrajaya&nbsp;&nbsp;Focus Malaysia,https://news.google.com/rss/articles/CBMiqwFBVV95cUxOQzQza3dhdk8wS25MU0dwaTJyZmNMNVRzbHp2NzJNQ1lFRFlSUXFQa2V6aTl0djVEbzlOZkQ2NGFDU1gxNnhHLVM2R1k3QnAyR1B6eXI0VTFQQWctRzFpX2JteEZ3bGlkV0dxMkZfNzZWQmVTNEJuQjh2VnNwNXVQV1B2VmNjcmxFOTY4VWRpQllEN2M0Skl5dV9kaHlqR3BFY1RybHBSbEZNQnM?oc=5,negative,2026-06-19 03:06:38+00:00,0,0,0,0,0.15737589597702026,0,0.0,negative,0.4754136800765991,english,Mixed/Urban,happy,0.023940542712807655,0.04045311361551285,0.751635730266571,0.01725841499865055,0.1134149506688118,0.023462606593966484
news,post,cf42a727f93b2b06,"PAS weakened opposition and lost its chance at Putrajaya, says Ramasamy. PAS weakened opposition and lost its chance at Putrajaya, says Ramasamy&nbsp;&nbsp;Free Malaysia Today",https://news.google.com/rss/articles/CBMiywFBVV95cUxQQnB6ZGZwT3ZINm1mTE9TTGFkQWxLRDdLa3p1cHFxWDNSWHEzVk1BdUdnMWM4akh6R1RvaDE5cWJGSWhrcEZhTHVkc21KX3l2a2RwVTk5VlBjeThFSWtkb1p1aEpWaTdPZERXdlBGdjhBYjBsRk56QlFSRlZqSGVwbEhTQnM2VFU1cl84dzVvMkNZc3RONGx0MmpYQ1J3ZmFGeDhpVVVtVjRNWlNFUnRxS25IbnA4M2V4eW5JTnZDdWZFSFM5TDMtWDJGNA?oc=5,neutral,2026-06-19 02:54:02+00:00,0,0,0,0,0.5,0,0.0,neutral,0.4994054436683655,english,Mixed/Urban,anger,0.373216450214386,0.3437606990337372,0.04443981871008873,0.17659227550029755,0.026665113866329193,0.015767376869916916
news,post,0c03aae95eb5b38e,PAS diehards adamant RTM ‘glued’ newly minted party member as World Cup pundit despite denial. PAS diehards adamant RTM ‘glued’ newly minted party member as World Cup pundit despite denial&nbsp;&nbsp;Focus Malaysia,https://news.google.com/rss/articles/CBMiuAFBVV95cUxObTY4WGFYZ3ljZkY1X1lCVVlXT0dJNEw2NEpXS3hPeDBuSDBWUGpRZjlKMnB4QXlfVklockp5MkxSbzFrcDRYQWJpLXM0MXlHX0lhVFRtMEZjV0dLY2V6QUZFMEZVdzNxWmlqOXB2ZEFYOEFoTmVESlhxc2czWjJFNUZ6emRwSTVkbjNuT1ByLUNORXB6cEU3Y2o5d1NoRHJmWHV3Zk5ST0Qtd0N2MkJ6bkE2QVl3U0JL?oc=5,neutral,2026-06-16 09:08:09+00:00,0,0,0,0,0.5,0,0.0,neutral,0.6991944909095764,english,Mixed/Urban,happy,0.06981009244918823,0.050767797976732254,0.3339833617210388,0.021211039274930954,0.18129962682724,0.028192266821861267
news,post,e19e263cee427fd3,Bersatu info chief accuses PAS of consolidating control in PN reshuffle. Bersatu info chief accuses PAS of consolidating control in PN reshuffle&nbsp;&nbsp;Free Malaysia Today,https://news.google.com/rss/articles/CBMizAFBVV95cUxNYy05RTJWNlBkTFd1NTZpVEkxMlZKT3h3SjJyT3d1UVJJTFd5LVdBeGZoWDBQd2NNZzczVUJvYk5ESEg0QVFONDE3QVppMHlwZm1PUkJPeTk3Wi1ETGcwODJldWFkUmlpU0pFY3VlazA1c09MeVZsQ2sxUjU0MHJPWlpTTHlHREFNbHVjWENpX0xEekNJZThLRGxzeW1aN3dQLXpMeEVycm5tRHMxYTdabWpUcmJ5WFdBb29TZy1ZUWZaMEZZRU9qeWt6ajA?oc=5,negative,2026-06-18 03:39:09+00:00,0,0,0,0,0.08331147283315657,0,0.0,negative,0.7222950905561447,multilingual,Unknown,happy,0.04015280678868294,0.04301897808909416,0.5285918116569519,0.019525796175003052,0.11561213433742523,0.0350787416100502
news,post,3d74b44330286b45,What’s so special about Hamzah Zainudin?. What’s so special about Hamzah Zainudin?&nbsp;&nbsp;The Star,https://news.google.com/rss/articles/CBMipwFBVV95cUxNYjNYZ1cydEVWN2xRZm92bmo3S3duNG1JRS1MS29peDUzM21fQ194SnpXYnpCS1BpRGRDNGVqZ2xUOG1xSXllZzFDZk5mUnZaTXJfWUZEUkF1Z3pHQ0ZKYWZzRTV3RUVOdF9DQXF3X3FhamlybXkwa0xVR0ZxX1ZjWmZHbjZ4Q1EybmFYbmVDU2xMbmR4R1ZHc081eXgwbGhTZHNLWVVtNA?oc=5,positive,2026-06-16 03:17:00+00:00,0,0,0,0,0.8662023663520813,0,0.0,positive,0.554007887840271,english,Mixed/Urban,love,0.016622480005025864,0.021184587851166725,0.12896661460399628,0.014418190345168114,0.701242208480835,0.054069261997938156
news,post,e6c2add11cd4cfea,"PAS-Bersatu rift may deny Sanusi ‘clean sweep’ in Kedah, says analyst. PAS-Bersatu rift may deny Sanusi ‘clean sweep’ in Kedah, says analyst&nbsp;&nbsp;Free Malaysia Today",https://news.google.com/rss/articles/CBMixgFBVV95cUxQOU9LSkc3ZUxpLVVqRjg4WkY2OXB4VUp0VWhHYUtKclNvNWc4UUVXN1NCSWJaZnFVTlpxRUotTE1lSVlhSzBTNmM5VC0xM2dsVzR6LWVxY3pKeEQxMGZXZmtMd3ZEemRBM09xTVBfMVNvc28zbkhCVlphRERNMTVHUzE3WjlVekI5SUJoRUprSkp6LUhEaWdzQUc5MXpZenY5VXU2WEx5S2tnNXlpWUZKSXZRbEZSNTVEZ0lUQ3ZIbDRTa1VoLXc?oc=5,neutral,2026-06-18 23:30:42+00:00,0,0,0,0,0.5,0,0.0,neutral,0.5168017745018005,english,Mixed/Urban,happy,0.03244847431778908,0.03963180631399155,0.675893247127533,0.012921062298119068,0.16051247715950012,0.019710956141352654
news,post,0ed4b71573717b82,Muhyiddin says Bersatu ready for ‘all out’ war with PAS after split. Muhyiddin says Bersatu ready for ‘all out’ war with PAS after split&nbsp;&nbsp;Malay Mail,https://news.google.com/rss/articles/CBMiwAFBVV95cUxNSEIxQjJBNXN6Q3B6cEp6VU1XRFZiaGdwVVE2ZThIMGJLZ1Y1WEJVWHpIWEJKZmhJY0VlSEdsbnhwcW9qN1VIbG9KeklMY0xkUjQybGNRMVI3TXhLZlF1QUVPaERsVTV3OExfM202cEFPT1dYeTAxUWtPdUhOSUFIaUF0SXU5LTNleDBEcWYtT2ZCSE9SUGl1VWxJVGlLY0syd2tuUlA5MUdsbkJvS3FEemFEYXNCZHFrMkRxSzN1V0nSAcYBQVVfeXFMUGhJXzNCQVoxUTNFWTdvNWJIYldxNEdJTm5JYUpkYUltc0c4UnVNMElCNV9sRUZfelhnM1hXYUFQY1FmdTM0R1lKaldvVHpZZlpOMXpqS05hc3dHVWFoMGdkQzZ5b1ZSVGR1NXQ2VzcxQ3ZmQXIza3BiMXFKQUJDZ0ozTVk0OFA5WnJ4OGZfcUY4alVoTVBzVUtuOFowejZQZDlMU2pqNVI5dXpob2tTdW0yY0Y0T1lDb0NzVkpZSWxISU5kdV93?oc=5,neutral,2026-06-17 01:03:00+00:00,0,0,0,0,0.5,0,0.0,neutral,0.8158895969390869,english,Mixed/Urban,happy,0.02376868948340416,0.09576982259750366,0.7850013971328735,0.011565107852220535,0.033998023718595505,0.01844049245119095
news,post,6e64e60b2719c9e4,Malaysia’s fight for Malay votes becomes a multiparty scrum. Malaysia’s fight for Malay votes becomes a multiparty scrum&nbsp;&nbsp;South China Morning Post,https://news.google.com/rss/articles/CBMirAFBVV95cUxOYUhrZ0ZnaDBpXzdBejhEaEdvMDBqMjBBSXU0ZEltNEJUTkZqNG5QWHRuUFZFUU1ZcEo0Vy00UFJBSXdNdGwyQmV6bW9FeFhuVGF2eGJneS1CUTFSbExuYTJHQ2NxbDBzSWNwY3E4Y0dET2xjN1VoaVNjSUFybzkzenE1S3pZQW50WXUwbHdvVzZRS3BFT3pFb05mNElKNm1ZTC15Sl81QVZVbnpP0gGsAUFVX3lxTE5HbHd3eFZRdGlJZ05CQ0FET2lsTTZoYmdqRVBiX2FFWGxYUnJyZGRWVXNDR1FaOGFPY3BxVGR4TElqZFNxTUZvOXVxVDF4M19mZVRONUYxc1FzdnYwazNsdkNmSy1ZQWVNME92Q0VVRVI1d1ZUNWJHdmRZVGpGTnhPOUIzRUhJeE5tblRDZC1DYmpTazJYRmNtYXRwLUFpeURDQVdpSU1UMGFjeUQ?oc=5,neutral,2026-06-15 06:42:39+00:00,0,0,0,0,0.5,0,0.0,neutral,0.8601589202880859,english,Mixed/Urban,no_clear_emotion,0.0481015183031559,0.03088519163429737,0.20735789835453033,0.04037047177553177,0.26364395022392273,0.033435773104429245
news,post,e3e7b7e8985fd8e2,Why did Bersatu call a PN meeting and then cancel it?. Why did Bersatu call a PN meeting and then cancel it?&nbsp;&nbsp;Malaysiakini,https://news.google.com/rss/articles/CBMiUkFVX3lxTE96alRjZGdyaUpRNnRKRnVFSVhkN1R4T3J1aWp5LUVMSlVQalhkYjV3Q1N3VlUycDZ5Q3BudFdvVEtQRjFtVW5aLV9nUkNKaDBCOHc?oc=5,negative,2026-06-19 13:00:11+00:00,0,0,0,0,0.07984383702278136,0,0.0,negative,0.7338538765907288,english,Mixed/Urban,no_clear_emotion,0.05908706411719322,0.03213661164045334,0.023528026416897774,0.12776514887809753,0.21120895445346832,0.12850558757781982
news,post,20644e01d2c74d0f,"Perikatan ‘plus’ agenda still on despite split with Bersatu, says PAS’ Tuan Ibrahim. Perikatan ‘plus’ agenda still on despite split with Bersatu, says PAS’ Tuan Ibrahim&nbsp;&nbsp;Malay Mail",https://news.google.com/rss/articles/CBMi0wFBVV95cUxOOEctaGNRODFnMTBNekxjdzZZUFUwN2R4S25yeU81U28wUzIzaGt1SVNrMGdzTHRvc09hZDYyWFFIZHFKRnlmQmNNTlRmNk9jajFTSjB6ZDhQWHFEWjU2eVhmVHpnVlg4MENTTkU2c19BcHFWTWZqSmZvZHlTTWlDTnZsMjhDN0x6Z2dPUGpELVQ0Sm8wdW9JVzF3ZXlpcmpNaHVsWVJraVNsS0wzcE9TdHpITHBmUlp5eGdkaGNtMkRYc1NITXpaN21XeHJnd2VmYUh30gHYAUFVX3lxTE5QS1J0RGFCaDAyTl85Y2N1aGU0cU5zX0tnMEEwTzAxWjJ6ZVlkd0hDWDZVM1hRamlzRExIN0dpcklra2UxWFltTVM4YXI0OG1hR2YzS0s0MElhakdFZ21zMm1tc1pjYUxDc2ZiZmFNS21pNlZRWWN4M29HbUVXazkxSk5KMmZ4Q3BUZlRoSHVNUmY5TzJoYW1ZSXU2SUplanJHNndTdFFMX1hjazBRX0ZFTERLeWdwT1FkR0lvcFNzN1lsWUJfbk5iRUdLaTc3NURNQVdFUTBjcA?oc=5,neutral,2026-06-16 03:24:00+00:00,0,0,0,0,0.5,0,0.0,neutral,0.9112798571586609,english,Mixed/Urban,no_clear_emotion,0.05640691518783569,0.02371066063642502,0.05405440554022789,0.023794161155819893,0.1451595425605774,0.03096061944961548
news,post,3ae197c90e775051,Analysts: Hamzah's retention reflects Pas' internal strategy over Bersatu's decline | Sinar Daily. Analysts: Hamzah's retention reflects Pas' internal strategy over Bersatu's decline | Sinar Daily&nbsp;&nbsp;Sinar Daily,https://news.google.com/rss/articles/CBMi0AFBVV95cUxOLUU5VWZITEdaNVhXT1MybnRpQnNOR0FzQ05jUUtpTTZQUFFaMVFOSXNRRUhybDZmRnN4MGZER1Q1UW9TMWFnSVRSWXpzSjc2R1ZrcHBzMjRSc2hKNW9ZVEZPTHhUbjFCSHlQclNXYmEyNWlWVDh4cF8tZHJYcjc0RE1nVjZZNDU4c0xPc09KZXY5WWJqeVVwM25QTU9nczQtb05lYTdBNWdUeU1LZ1dDcC1XQ0w4WUpSWE9xaHg2S0NBQkhWd3czSTlOdkpoaFhX0gFWQVVfeXFMTXBGWlVFYzJTVlk2ODM3Q1pkOVRyazVFcHE0dzhDQ2lTOUJva19BaFdJZmpSTDZkdXJoQUJyT2k2cEpDV1laaHBJNnF4RDQwOXk5UEdUOUE?oc=5,neutral,2026-06-15 10:45:43+00:00,0,0,0,0,0.5,0,0.0,neutral,0.8863420486450195,english,Mixed/Urban,no_clear_emotion,0.06017623096704483,0.052833933383226395,0.05993995442986488,0.06494293361902237,0.08108508586883545,0.04553821310400963
news,post,a105655fb86d7be0,Pas to meet on Bersatu exco position in Kelantan after ending cooperation. Pas to meet on Bersatu exco position in Kelantan after ending cooperation&nbsp;&nbsp;NST Online,https://news.google.com/rss/articles/CBMiywFBVV95cUxOanJyQ0JYWkhKWTM4ZEEwZkl4bHdPWi13VWdwVFhpVUp6cHdtR3JIV2lBai10cWgydUVxSnhxOV9hNzB1b0c5blExR2YzSXpyUlZUY01Bc3BhdEZBbWFfZFphbmtjdzR4MWFXTzF4a01xeUwwUmxFUkNvakZiTUpCTHhvT09jdjJUVndWRTZHbkJFTXItNjByNHMzT1J5emtFTVNTWURwQjF6czljWVBMREtIZWxiVFk3eHQ2NEVFWjNxd1NQY1NpTkhGc9IBvgFBVV95cUxNNEtmQ0p1aU40Q1RhczBoTExlNU92VjJXWkVwRHRaTUlsa2VRLVJpZExmbW1ZbmJ0c2k1UFd2YkM5MHNOaV82cUhPMm5hS1R4aXZxQVF2RklLZzZVNEZ3WV84dFVHeHJWRWl1MEpvS1JXb1NTc1ZjNzloYTJZRDZwR2ZYZHZocjVsZDhZLUw5R1JXZzVsWGk2cEN5SG9CU3ZWTlI3dzd2XzBfTGdUT3V4dFJIX0lQS3QzYktRVlh3?oc=5,neutral,2026-06-17 06:02:45+00:00,0,0,0,0,0.5,0,0.0,neutral,0.9368064403533936,english,Mixed/Urban,no_clear_emotion,0.05888450890779495,0.027842091396450996,0.08756663650274277,0.01783561147749424,0.04775512218475342,0.021400732919573784
news,post,7a1bcec34e0b3ee5,"Bersatu’s position in PN now ‘indefensible’, says PAS man. Bersatu’s position in PN now ‘indefensible’, says PAS man&nbsp;&nbsp;Free Malaysia Today",https://news.google.com/rss/articles/CBMitAFBVV95cUxOMm5ReEQzN0tsYlRmSHpPZXFLZjQxWG9FUmo3SHQ4MEd1YmUzeGVlUXNNQ3hiN0JTYWUzUUZDTlNQNlpYWEtwMWZnWUszZTJKQTd4TEc1dmJDbFVBZXJlNDRRcTFsOWVQYVJ3Tjl5aWpHM3phSWFMSUEzcGd2SlMwMFg5NGx4WEM0a0pxWElLRFN3Q01obzZJaGpDZndqUTRYdENfY1I4MkN4QjZEOU5mdFFJREc?oc=5,neutral,2026-06-16 08:06:32+00:00,0,0,0,0,0.5,0,0.0,neutral,0.6559497714042664,english,Mixed/Urban,fear,0.27186319231987,0.36186179518699646,0.03933250531554222,0.2590806782245636,0.03218661993741989,0.017478153109550476
news,post,de4e2167f6f31f6f,"No PN meetings, events without chairman’s OK, says Takiyuddin. No PN meetings, events without chairman’s OK, says Takiyuddin&nbsp;&nbsp;Free Malaysia Today",https://news.google.com/rss/articles/CBMiywFBVV95cUxNS0tBSG45cVA4RVpyRl9wY19qZlNjSzhPQWJkR1pTLWpJN2hqaXF1QU1VRjkwdFdHaHZFY3hmcFpQdG45MTlyQ2d3SVVwNm9BS2NVcnBVb0JSYWw0dnBZZVRLRVlzdWVRdUlSQmtZQXJqSkt4bTZJeUdpZ0RSbF93NFA5c3d1WXdnZGFRaXZZd2hPN1R0cHktRjBpeFAwWWdaZFgtS2JwQ2NXZ190dkcyRHBfbzBucUttc0JFZk8tTHBwcUItZlR6NEkzbw?oc=5,neutral,2026-06-19 09:58:31+00:00,0,0,0,0,0.5,0,0.0,neutral,0.6846023201942444,english,Mixed/Urban,no_clear_emotion,0.09168799966573715,0.05199877545237541,0.0871531292796135,0.022581735625863075,0.1923544555902481,0.05558323115110397
news,post,a1ee5fc53baa59e5,Feud With PAS Deepens As Two Senior Bersatu Leaders Axed From PN Leadership Structure. Feud With PAS Deepens As Two Senior Bersatu Leaders Axed From PN Leadership Structure&nbsp;&nbsp;TRP | The Rakyat Post,https://news.google.com/rss/articles/CBMizAFBVV95cUxQN3RpdUwwNFYxclFIQ1NQRUQ0Vk9pbjZ4TzRMRmZ6bDJQNGNBcWxLWVVDVUpCWHJ5Q0tRa2VobFJjU2tNYlQ1b0hxZXZpZHZJLUR1MDlPeGJEeEwyU3BETWZydF84ajFMam42akx5MnRWMzVLeVJzbHNpSXpfT1E5MG93LTRrQVNRTkZXaXU3bXRlLXdYNVhVc0ViZFR0azl5cTdVVkJ4bFhwNE9QVlktc1h4ZGpLSkpxYVhubUZtZ1BJZTFLWDNqeVNlVGs?oc=5,neutral,2026-06-18 03:50:55+00:00,0,0,0,0,0.5,0,0.0,neutral,0.6531950235366821,english,Mixed/Urban,no_clear_emotion,0.1326625496149063,0.02123827300965786,0.08966881036758423,0.030236706137657166,0.16240328550338745,0.02678794413805008
news,post,36b38bb78bed1230,Hamzah Zainudin attends PAS-hosted Opposition MPs’ meeting in Kuala Lumpur. Hamzah Zainudin attends PAS-hosted Opposition MPs’ meeting in Kuala Lumpur&nbsp;&nbsp;Malay Mail,https://news.google.com/rss/articles/CBMiywFBVV95cUxORktJbkdyR2dHWmhpNXF1aEc3V1BreDJoSHVnakNQUTlWVWwzSHJ1dVNaMEpTTVQxbDk2RUF3V3dPdHd2LUtjbmVxaGVlalNySmVLanl5dEhTWXBpZUtZOXdwRWduTU1NUVo4OVNaM055SzNYY1JQYl9UajIyME1VMmZob1dVaXhFOXIzMk9oR1VFYlN6UjB5MURKVnRxeVdzU2kyNTk4VW9qTWlQY0lNUjcyaDU5VVgyQ2ozTWphSG9rdV9XWXdvU3RrUdIB0AFBVV95cUxPbkV2STZoZHg5SnFyckNvcWZUMXNYNDdKU1R1MUJqYjlYTFF6TUQtclBDbmVKVjdDWFBGa1J4eTBBQlZta1hDekQzUkZ0MnJXQTZaTFEzYlVsOGNZZW56V05MSGMxbWNpNjJNU2t5ZzdGbFlVOHRTV1pSMlZxbGdVUzMyWkR2TkVSNGtycjZKMENMWXp6Q1ByQ21JbVpHcGFfNEUtMU9DYjY4UVVDVUFOckk2SzdnbDNzMVZVLWUtYWxGSHozZHNWOVFWWE90Smlh?oc=5,neutral,2026-06-18 00:58:00+00:00,0,0,0,0,0.5,0,0.0,neutral,0.9276946187019348,english,Mixed/Urban,no_clear_emotion,0.0421321727335453,0.014606360346078873,0.06386711448431015,0.017476649954915047,0.1736910343170166,0.0192874725908041
news,post,0ddf71914addf7df,"RM150 unlimited travel: Rapid KL opens digital monthly pass to all passengers. KUALA LUMPUR, June 20 &mdash; Rapid KL has introduced a digital Rapid Monthly Pass, allowing users to purchase and activ...",https://www.malaymail.com/news/malaysia/2026/06/20/rm150-unlimited-travel-rapid-kl-opens-digital-monthly-pass-to-all-passengers/224505,neutral,2026-06-20 02:50:27+00:00,0,0,0,0,0.5,0,0.0,neutral,0.724645733833313,english,Mixed/Urban,no_clear_emotion,0.025855140760540962,0.03216007724404335,0.2534705400466919,0.024456657469272614,0.17706947028636932,0.10116351395845413
news,post,0d8935a86ec332af,"Sarawak welcomes the world as WATCEFS 2026 opens in Miri. MIRI (June 21): The World National &#38; World Asia Tapas Competition, Exhibition, Festival and Seminar (WATCEFS) 2026 officially opened here on Friday, marking the arrival of an international culinary and trade gathering that brings together chefs, delegates, exhibitors, buyers, tourism leaders and industry professionals from 13 nations in what has become one of Sarawak&#8217;s most [...]
The post Sarawak welcomes the world as WATCEFS 2026 opens in Miri appeared first on Borneo Post Online.",https://www.theborneopost.com/2026/06/21/sarawak-welcomes-the-world-as-watcefs-2026-opens-in-miri/,positive,2026-06-20 23:02:38+00:00,0,0,0,0,0.9636519193649291,0,0.0,positive,0.8788397312164307,english,Mixed/Urban,happy,0.04430689662694931,0.057387687265872955,0.3873360753059387,0.03918116167187691,0.21183951199054718,0.04400297626852989
news,post,a80ac106c489e963,"Rohingya dilemma: Balancing compassion, national interests. IN 2017, Sarawak dodged a bullet when the state government refused to accommodate Rohingya refugees from Myanmar. At the time, Sarawak&#8217;s stance was heavily criticised by politicians and activists from Peninsular Malaysia. The state government was accused of shirking its humanitarian responsibilities, and some critics even went so far as to describe the Premier and [...]
The post Rohingya dilemma: Balancing compassion, national interests appeared first on Borneo Post Online.",https://www.theborneopost.com/2026/06/21/rohingya-dilemma-balancing-compassion-national-interests/,negative,2026-06-20 22:02:16+00:00,0,0,0,0,0.10320757627487182,0,0.0,negative,0.6559747457504272,english,Mixed/Urban,anger,0.3572806715965271,0.05318759009242058,0.03022933378815651,0.1691533774137497,0.3331305980682373,0.017191821709275246
news,post,a476e35d4c4de776,"'Jealous' PAS should be 'thanked' for breaking up PN - Ramasamy. Islamist party has achieved what Harapan could not, says Urimai chief.",https://www.malaysiakini.com/news/777720,negative,2026-06-19 03:10:18+00:00,0,0,0,0,0.15052845776081084,0,0.0,negative,0.4982384741306305,english,Mixed/Urban,love,0.026065565645694733,0.05016876757144928,0.22544756531715393,0.0447327196598053,0.566169023513794,0.04697989672422409
news,post,cbc038d62c85a286,Khaled mahu disegera siasatan 2 askar maut baling grenad. Menteri pertahanan berkata punca sebenar kejadian perlu dikenal pasti dengan sebarang kelemahan diatasi.,https://www.freemalaysiatoday.com/category/bahasa/tempatan/2026/06/21/khaled-mahu-disegera-siasatan-2-askar-maut-baling-grenad,negative,2026-06-21 04:32:09+00:00,0,0,0,0,0.0007340490818023571,0,0.0,negative,0.9975531697273254,malay,Malay/Bumiputera,no_clear_emotion,0.2760946452617645,0.11250870674848557,0.0866851806640625,0.02192753180861473,0.04633217304944992,0.0630761906504631
news,post,bfb7a7f792b187b4,Kasih lelaki yang tak terucap. Seorang ayah tidak selalu hadir untuk difahami ketika dia masih ada. Kadangkala kita hanya benar-benar memahaminya selepas kehadiran itu berubah menjadi ingatan.,https://www.freemalaysiatoday.com/category/bahasa/pandangan/2026/06/21/kasih-lelaki-yang-tak-terucap,positive,2026-06-21 01:30:46+00:00,0,0,0,0,0.9990038275718689,0,0.0,positive,0.996679425239563,malay,Malay/Bumiputera,surprise,0.036204926669597626,0.14241617918014526,0.030630487948656082,0.17286816239356995,0.16018424928188324,0.4001828730106354
news,post,e9cd20e1829fa12c,Keputusan mahkamah perhidup gesaan ikat jamin kes dadah. Peguam berkata tertuduh tidak sepatutnya terus ditahan tanpa tempoh yang pasti sementara menunggu laporan kimia.,https://www.freemalaysiatoday.com/category/bahasa/tempatan/2026/06/21/keputusan-mahkamah-perhidup-gesaan-ikat-jamin-kes-dadah,negative,2026-06-21 00:30:31+00:00,0,0,0,0,0.04733794927597046,0,0.0,negative,0.8422068357467651,multilingual,Unknown,anger,0.5404146909713745,0.09730214625597,0.06995770335197449,0.02036415971815586,0.051635563373565674,0.031192176043987274
news,post,cf6a0543cced1fa3,"Perpecahan PAS-Bersatu kaburi naratif perpaduan Melayu, kata penganalisis. Penganalisis turut berpendapat Umno boleh muncul pilihan Melayu lebih stabil, tetapi parti itu perlu mengatasi cabaran berpanjangan, termasuk persoalan mengenai integritinya.",https://www.freemalaysiatoday.com/category/bahasa/tempatan/2026/06/21/perpecahan-pas-bersatu-kaburi-naratif-perpaduan-melayu-kata-penganalisis,negative,2026-06-20 23:30:50+00:00,0,0,0,0,0.0004815995693207009,0,0.0,negative,0.9983946681022644,malay,Malay/Bumiputera,happy,0.09637171030044556,0.19019430875778198,0.530428946018219,0.028406627476215363,0.07495758682489395,0.019296826794743538
news,post,9ee8b1550268d8c2,"PAS-Bersatu split clouds Malay unity narrative, analysts say. They also say Umno could emerge as a more stable Malay option, but must overcome longstanding challenges, including questions about its integrity.",https://www.freemalaysiatoday.com/category/nation/2026/06/21/pas-bersatu-split-clouds-malay-unity-narrative-analysts-say,neutral,2026-06-20 23:30:38+00:00,0,0,0,0,0.5,0,0.0,neutral,0.8899155855178833,english,Mixed/Urban,happy,0.022883465513586998,0.07470929622650146,0.8319149613380432,0.010057074017822742,0.029603227972984314,0.014704953879117966
news,post,23d4ba8abf43b697,"Driver killed, 28 in hospital as UK train collision probed. British Transport Police said a train driver had been killed when two trains collided north of London on June 19, in an accident that also left 11 people seriously injured. (Photo by JUSTIN TALLIS / AFP)

BEDFORD – UK accident investigators were on Saturday probing the cause of a train collision north of London which killed a driver and injured scores of passengers, nine critically. The crash Friday afternoon near Bedford, a town around 90 kilometres (55 miles) north of the British capital, involved two London-bound trains on the same track, [&#8230;]
The post Driver killed, 28 in hospital as UK train collision probed appeared first on The Malaysian Reserve.",https://themalaysianreserve.com/2026/06/21/driver-killed-28-in-hospital-as-uk-train-collision-probed/,negative,2026-06-21 03:30:23+00:00,0,0,0,0,0.07889213562011718,0,0.0,negative,0.7370262145996094,english,Mixed/Urban,anger,0.4876205325126648,0.08615302294492722,0.05675048753619194,0.26118382811546326,0.029079236090183258,0.028316374868154526
news,post,478797b48fe29d63,"Peluang Ecuador belum berakhir - Beccacece. KANSAS CITY, Amerika Syarikat: Jurulatih Ecuador, Sebastian Beccacece menegaskan harapan pasukannya pada Piala Dunia masih belum tertutup walaupun diikat 0-0 oleh Curacao dalam satu keputusan yang amat mengecewakan pagi tadi.",https://www.bharian.com.my/sukan/bola/2026/06/1575266/peluang-ecuador-belum-berakhir-beccacece,negative,2026-06-21 12:46:14+00:00,0,0,0,0,0.1660181254148483,0,0.0,negative,0.44660624861717224,multilingual,Unknown,sadness,0.023103483021259308,0.03962212800979614,0.009712480939924717,0.8879416584968567,0.013702946715056896,0.015154383145272732
news,post,27142539259c01d0,"Terpulang kepada BERSATU mahu kekal atau keluar PN - Dr Ahmad Samsuri. TEMERLOH: PAS menyerahkan sepenuhnya kepada BERSATU untuk menentukan sama ada mahu kekal atau keluar daripada Perikatan Nasional (PN), kata Pengerusinya, Datuk Seri Ahmad Samsuri Mokhtar.",https://www.bharian.com.my/berita/nasional/2026/06/1575258/terpulang-kepada-bersatu-mahu-kekal-atau-keluar-pn-dr-ahmad-samsuri,neutral,2026-06-21 12:37:45+00:00,0,0,0,0,0.5,0,0.0,neutral,0.924450695514679,malay,Malay/Bumiputera,no_clear_emotion,0.04283755272626877,0.061430130153894424,0.058396924287080765,0.017829004675149918,0.07359975576400757,0.08083301782608032
news,post,fa99cc9e0d10b4b3,"Pemain Curacao berjuang seperti singa - Advocaat. KANSAS CITY, Amerika Syarikat: Jurulatih Curacao, Dick Advocaat meluahkan rasa bangga terhadap pemainnya selepas mereka meraih mata pertama dalam sejarah Piala Dunia susulan keputusan seri 0-0 dengan Ecuador, pagi tadi.",https://www.bharian.com.my/sukan/bola/2026/06/1575250/pemain-curacao-berjuang-seperti-singa-advocaat,negative,2026-06-21 12:31:17+00:00,0,0,0,0,0.1258437305688858,0,0.0,negative,0.580520898103714,multilingual,Unknown,happy,0.01368219405412674,0.028621941804885864,0.8839539289474487,0.007699181791394949,0.03361433744430542,0.016247816383838654
news,post,fb29da98cccda4ff,"PN adakan mesyuarat tergempar esok, bincang keanggotaan gabungan. KUALA LUMPUR: Perikatan Nasional (PN) akan mengadakan mesyuarat tergempar bagi membincangkan keanggotaan parti gabungan PN di Pejabat Agung PAS, malam esok.",https://www.bharian.com.my/berita/nasional/2026/06/1575246/pn-adakan-mesyuarat-tergempar-esok-bincang-keanggotaan-gabungan,neutral,2026-06-21 12:28:42+00:00,0,0,0,0,0.5,0,0.0,neutral,0.9366483688354492,malay,Malay/Bumiputera,no_clear_emotion,0.0558423288166523,0.11056527495384216,0.20368610322475433,0.02943861298263073,0.049445461481809616,0.08042362332344055
news,post,7a1e08fa6fc815bb,"2 beradik ditahan jadikan rumah pusaka transit dadah, bunga ganja RM1.76 juta dirampas. KUALA TERENGGANU: Taktik dua beradik menjadikan rumah pusaka peninggalan orang tua mereka di Duyong Besar, di sini, sebagai lokasi transit dan penyimpanan bunga ganja terbongkar selepas premis itu diserbu polis pada 14 Jun lalu.",https://www.bharian.com.my/berita/kes/2026/06/1575240/2-beradik-ditahan-jadikan-rumah-pusaka-transit-dadah-bunga-ganja-rm176,neutral,2026-06-21 12:15:13+00:00,0,0,0,0,0.5,0,0.0,neutral,0.9935896396636963,malay,Malay/Bumiputera,no_clear_emotion,0.2427508533000946,0.043894365429878235,0.061044737696647644,0.03788868710398674,0.10517995804548264,0.05613822862505913
news,post,496ff5c70deffb84,"Iran protes layanan tak adil tuan rumah, ganggu persiapan. LOS ANGELES: Ketua jurulatih Iran, Amir Ghalenoei mendedahkan pasukannya akhirnya akan diberikan kelonggaran dari segi perjalanan menjelang aksi terakhir Kumpulan G Piala Dunia, namun menyifatkan layanan yang diterima sebelum ini sebagai tidak adil dan menjejaskan prestasi pasukan di atas padang.",https://www.bharian.com.my/sukan/bola/2026/06/1575238/iran-protes-layanan-tak-adil-tuan-rumah-ganggu-persiapan,negative,2026-06-21 12:13:57+00:00,0,0,0,0,0.008169239759445168,0,0.0,negative,0.9727692008018494,malay,Malay/Bumiputera,anger,0.8291782140731812,0.04019012674689293,0.030555173754692078,0.018863096833229065,0.022160204127430916,0.015531309880316257
news,post,5be158c3a17c3094,"Suspek culik 2 rakyat Malaysia sebelum bawa ke Thailand ditahan ketika sembunyi di Terengganu. KOTA BHARU: Seorang daripada dua suspek yang mendalangi kes culik dua lelaki di Tumpat dan Pasir Mas sebelum melarikan mereka ke Thailand pada 6 Jun lalu, ditahan di Terengganu kelmarin.",https://www.bharian.com.my/berita/kes/2026/06/1575234/suspek-culik-2-rakyat-malaysia-sebelum-bawa-ke-thailand-ditahan-ketika,negative,2026-06-21 12:05:59+00:00,0,0,0,0,0.0005211174488067849,0,0.0,negative,0.9982629418373108,malay,Malay/Bumiputera,anger,0.7180293202400208,0.06435878574848175,0.05948777124285698,0.03375384584069252,0.03442373499274254,0.02521274797618389
news,post,f725a9aebfce4cca,"New Zealand perlu usaha kolektif sekat Salah - Herbert. VANCOUVER, Kanada: New Zealand perlu kekal tenang, berdisiplin dan menggunakan usaha sepasukan untuk mengekang pengaruh Mohamed Salah jika mahu mencipta sejarah pada Piala Dunia menentang Mesir, kata bekas jurulatih All Whites, Ricki Herbert.",https://www.bharian.com.my/sukan/bola/2026/06/1575230/new-zealand-perlu-usaha-kolektif-sekat-salah-herbert,negative,2026-06-21 12:01:46+00:00,0,0,0,0,0.1187561273574829,0,0.0,negative,0.6041462421417236,multilingual,Unknown,anger,0.46157369017601013,0.04357677325606346,0.13108424842357635,0.020127873867750168,0.1178821250796318,0.021857019513845444
news,post,25881480a26318cd,"""Kalau tak gemar orang rumah, bincang dahulu, jangan lepas makan tengah hari, tiba-tiba jatuh talak"" - Peja sindir PAS. KUALA LUMPUR: Naib Presiden BERSATU, Datuk Seri Ahmad Faizal Azumu menyindir pihak yang memutuskan hubungan dengan sekutu politik, namun mahu terus kekal dalam gabungan Perikatan Nasional (PN).",https://www.bharian.com.my/berita/nasional/2026/06/1575219/kalau-tak-gemar-orang-rumah-bincang-dahulu-jangan-lepas-makan-tengah,negative,2026-06-21 11:52:38+00:00,0,0,0,0,0.0004963159561157116,0,0.0,negative,0.9983456134796143,malay,Malay/Bumiputera,no_clear_emotion,0.27959755063056946,0.025290582329034805,0.0592925101518631,0.05021536722779274,0.19516174495220184,0.02787255495786667
news,post,997c1bcbd1652922,"Tartan Army tinggalkan Boston selepas pesta Piala Dunia. BOSTON, Amerika Syarikat: Ribuan penyokong Scotland meninggalkan Boston awal pagi tadi ketika Tartan Army berangkat ke Miami, selepas menceriakan bandar itu dengan suasana pesta sepanjang kempen Piala Dunia.",https://www.bharian.com.my/sukan/bola/2026/06/1575202/tartan-army-tinggalkan-boston-selepas-pesta-piala-dunia,neutral,2026-06-21 11:21:44+00:00,0,0,0,0,0.5,0,0.0,neutral,0.9966805577278137,malay,Malay/Bumiputera,sadness,0.022871505469083786,0.026363208889961243,0.008009839802980423,0.8998768329620361,0.017055872827768326,0.01532211247831583
news,post,fd4e531e1fe8068a,"Penyokong desak Man United, Carrick sambar bintang Belanda. MANCHESTER: Penyokong Manchester United mendesak pengurus pasukan, Michael Carrick untuk melakukan apa sahaja demi menandatangani pemain sayap West Ham, Crysencio Summerville, yang kini sedang mempamerkan aksi luar biasa bersama skuad kebangsaan Belanda di pentas Piala Dunia.",https://www.bharian.com.my/sukan/bola/2026/06/1575195/penyokong-desak-man-united-carrick-sambar-bintang-belanda,positive,2026-06-21 11:10:29+00:00,0,0,0,0,0.9991527795791626,0,0.0,positive,0.997175931930542,malay,Malay/Bumiputera,no_clear_emotion,0.19191278517246246,0.050725243985652924,0.07343368232250214,0.0638589859008789,0.2800762951374054,0.038595933467149734
news,post,f096ce74ee1b33e0,"RUU Warga Emas pastikan populasi sasaran dilindungi, dihormati dan dapat jalani hidup bermaruah, selamat serta dijaga - Lee Lam Thye. KUALA LUMPUR: Pembentangan Rang Undang-Undang (RUU) Warga Emas pada sesi Parlimen akan datang disifatkan tepat pada masanya serta penting ketika negara bergerak ke arah negara menua.",https://www.bharian.com.my/berita/nasional/2026/06/1575184/ruu-warga-emas-pastikan-populasi-sasaran-dilindungi-dihormati-dan,positive,2026-06-21 10:32:46+00:00,0,0,0,0,0.9961162865161894,0,0.0,positive,0.9870542883872986,malay,Malay/Bumiputera,happy,0.13284234702587128,0.036047086119651794,0.5276252031326294,0.020736506208777428,0.20205175876617432,0.018275151029229164
news,post,807fd66657cda53b,"Room muncul wira Curacao raih mata pertama. KANSAS CITY, Amerika Syarikat: Aksi cemerlang penjaga gol Eloy Room menjadi faktor utama Curacao meraih mata pertama dalam sejarah Piala Dunia selepas seri tanpa jaringan menentang Ecuador sebentar tadi.",https://www.bharian.com.my/sukan/bola/2026/06/1575170/room-muncul-wira-curacao-raih-mata-pertama,neutral,2026-06-21 10:21:55+00:00,0,0,0,0,0.5,0,0.0,neutral,0.8578156232833862,english,Mixed/Urban,no_clear_emotion,0.026059454306960106,0.060732681304216385,0.17257750034332275,0.029039902612566948,0.10023446381092072,0.060451243072748184
news,post,03b6342fe97c8d1a,"Bola 'Trionda' Adidas cetus kontroversi, didakwa terlalu laju. BOSTON: Kehadiran bola rasmi Piala Dunia, Adidas Trionda, mula mencetuskan kontroversi dalam kalangan pakar bola sepak selepas dikesan bergerak 'pelik' dan sukar diramal sehingga mengorbankan reputasi barisan penjaga gol bertaraf dunia.",https://www.bharian.com.my/sukan/bola/2026/06/1575153/bola-trionda-adidas-cetus-kontroversi-didakwa-terlalu-laju,neutral,2026-06-21 09:49:16+00:00,0,0,0,0,0.5,0,0.0,neutral,0.8401228189468384,english,Mixed/Urban,anger,0.501432478427887,0.3390100300312042,0.016390644013881683,0.0440378338098526,0.027033602818846703,0.03217707574367523
news,post,7632cb9355e70ce6,"Padah tumbuk marshal, Bezzecchi digantung. Brno: Pelumba Aprilia Racing, Marco Bezzecchi digantung daripada menyertai perlumbaan utama Grand Prix (GP) Czech selepas didapati melakukan tindakan tidak wajar terhadap petugas litar susulan kemalangan yang dialaminya dalam Perlumbaan Sprint MotoGP di Brno.",https://www.hmetro.com.my/arena/permotoran/2026/06/1373044/padah-tumbuk-marshal-bezzecchi-digantung,negative,2026-06-21 13:16:47+00:00,0,0,0,0,0.0007645547389983909,0,0.0,negative,0.9974514842033386,malay,Malay/Bumiputera,anger,0.7219802141189575,0.055808570235967636,0.03865734860301018,0.02583194151520729,0.026253804564476013,0.0217457078397274
news,post,c9b9647b7eaeeb96,"Peluang Ecuador masih ada. Kansas City, Amerika Syarikat: Jurulatih Ecuador, Sebastian Beccacece menegaskan harapan pasukannya pada Piala Dunia masih belum tertutup walaupun diikat 0-0 oleh Curacao dalam satu keputusan yang amat mengecewakan pagi tadi.",https://www.hmetro.com.my/arena/bola-sepak/2026/06/1373034/peluang-ecuador-masih-ada,negative,2026-06-21 13:02:42+00:00,0,0,0,0,0.17283554077148436,0,0.0,negative,0.42388153076171875,multilingual,Unknown,sadness,0.02264547161757946,0.03573480620980263,0.009213266894221306,0.8938687443733215,0.012801367789506912,0.01504034548997879
news,post,9fcf1c0e9d91ad99,"Boston sunyi, Tartan Army 'serang' Miami. Boston, Amerika Syarikat: Ribuan penyokong Scotland meninggalkan Boston awal pagi tadi ketika Tartan Army berangkat ke Miami, selepas menceriakan bandar itu dengan suasana pesta sepanjang kempen Piala Dunia.",https://www.hmetro.com.my/arena/bola-sepak/2026/06/1373030/boston-sunyi-tartan-army-serang-miami,neutral,2026-06-21 12:56:30+00:00,0,0,0,0,0.5,0,0.0,neutral,0.9954512715339661,malay,Malay/Bumiputera,anger,0.4488733112812042,0.04512544721364975,0.12419760972261429,0.025902720168232918,0.09768648445606232,0.020308585837483406
news,post,4850342790e6a900,"Mesyuarat tergempar PN bincang isu keanggotaan parti, malam esok. Kuala Lumpur: Perikatan Nasional (PN) akan mengadakan mesyuarat tergempar bagi membincangkan keanggotaan parti gabungan PN di Pejabat Agung PAS, pada malam esok.",https://www.hmetro.com.my/mutakhir/2026/06/1373024/mesyuarat-tergempar-pn-bincang-isu-keanggotaan-parti-malam-esok,positive,2026-06-21 12:32:51+00:00,0,0,0,0,0.9619693875312805,0,0.0,positive,0.8732312917709351,malay,Malay/Bumiputera,no_clear_emotion,0.05246482789516449,0.07274693250656128,0.11257835477590561,0.025574643164873123,0.04018576070666313,0.05589297041296959
news,post,fc2c628d510ac6e8,"Terengganu-Johor buat perhitungan di pentas final Piala Agong. Kuala Lumpur: Terengganu dan Johor mengesahkan kemaraan ke pentas akhir Kejohanan Ragbi Piala Agong Edisi Ke-42 Tahun 2026 selepas mencatat kemenangan dramatik dalam aksi separuh akhir, semalam.",https://www.hmetro.com.my/arena/lain/2026/06/1373022/terengganu-johor-buat-perhitungan-di-pentas-final-piala-agong,neutral,2026-06-21 12:31:05+00:00,0,0,0,0,0.5,0,0.0,neutral,0.8926534056663513,english,Mixed/Urban,no_clear_emotion,0.026634829118847847,0.03810407966375351,0.10302963107824326,0.019923873245716095,0.07916891574859619,0.03821525722742081
news,post,4c4171d511fec826,"Rumah pusaka dijadikan transit simpan 22kg bunga ganja, dua beradik ditahan. Kuala Terengganu: Taktik dua beradik menjadikan rumah pusaka peninggalan ibu bapa mereka di Duyong Besar, di sini, sebagai lokasi transit dan penyimpanan bunga ganja dipercayai untuk pasaran antarabangsa terbongkar selepas diserbu polis pada 14 Jun lalu.",https://www.hmetro.com.my/mutakhir/2026/06/1373020/rumah-pusaka-dijadikan-transit-simpan-22kg-bunga-ganja-dua-beradik-ditahan,neutral,2026-06-21 12:28:07+00:00,0,0,0,0,0.5,0,0.0,neutral,0.9976886510848999,malay,Malay/Bumiputera,no_clear_emotion,0.05657101795077324,0.017285948619246483,0.04498381167650223,0.013398218899965286,0.09138999134302139,0.05138902738690376
news,post,2d2c297c42d095cb,"Remaja diberkas kurang dua jam selepas rakam wanita dalam tandas. Miri: Identiti lelaki yang tular di media sosial selepas dipercayai merakam seorang wanita di dalam tandas sebuah restoran di Bekenu, semalam, sudah dikenal pasti polis dan suspek diberkas kurang dua jam selepas kejadian dilaporkan.",https://www.hmetro.com.my/mutakhir/2026/06/1373018/remaja-diberkas-kurang-dua-jam-selepas-rakam-wanita-dalam-tandas,neutral,2026-06-21 12:22:29+00:00,0,0,0,0,0.5,0,0.0,neutral,0.9976602792739868,malay,Malay/Bumiputera,no_clear_emotion,0.05707640200853348,0.11903131008148193,0.05166223272681236,0.019549716264009476,0.02608288638293743,0.3156938850879669
news,post,09f95af53db3c8ae,"DBKL tutup premis dikendali warga asing di kawasan Pasar Pudu. Kuala Lumpur: Dewan Bandaraya Kuala Lumpur (DBKL) menutup sebuah premis dikendalikan warga asing dan mengeluarkan tiga notis terhadap premis yang beroperasi tanpa lesen dalam Ops Kutip di sekitar kawasan Pasar Pudu, di sini, semalam.",https://www.hmetro.com.my/mutakhir/2026/06/1373006/dbkl-tutup-premis-dikendali-warga-asing-di-kawasan-pasar-pudu,neutral,2026-06-21 11:56:44+00:00,0,0,0,0,0.5,0,0.0,neutral,0.9961439371109009,malay,Malay/Bumiputera,no_clear_emotion,0.2202979177236557,0.036354910582304,0.049835022538900375,0.031077630817890167,0.053778085857629776,0.04859638214111328
news,post,361b3da33495e1c7,"PGA rampas 1,990 vape bernilai RM199,000. Kota Bharu: Pasukan Gerakan Am (PGA) merampas 1,990 unit pod rokok elektronik atau vape bernilai RM199,000 yang dipercayai diseludup dari Thailand dalam operasi di Pangkalan Haram Tebu, Lubok Gong, Rantau Panjang, semalam.",https://www.hmetro.com.my/mutakhir/2026/06/1373000/pga-rampas-1990-vape-bernilai-rm199000,neutral,2026-06-21 11:48:57+00:00,0,0,0,0,0.5,0,0.0,neutral,0.9975847005844116,malay,Malay/Bumiputera,anger,0.48697856068611145,0.042830292135477066,0.12062281370162964,0.025124145671725273,0.09401046484708786,0.028227774426341057
news,post,213f787199a97525,"Iran kesal sekatan perjalanan ganggu persiapan. Los Angeles: Ketua jurulatih Iran, Amir Ghalenoei mendedahkan pasukannya akhirnya akan diberikan kelonggaran dari segi perjalanan menjelang aksi terakhir Kumpulan G Piala Dunia, namun menyifatkan layanan yang diterima sebelum ini sebagai tidak adil dan menjejaskan prestasi pasukan di atas padang.",https://www.hmetro.com.my/arena/bola-sepak/2026/06/1372998/iran-kesal-sekatan-perjalanan-ganggu-persiapan,positive,2026-06-21 11:46:44+00:00,0,0,0,0,0.9847501039505004,0,0.0,positive,0.949167013168335,malay,Malay/Bumiputera,anger,0.8422724008560181,0.04889943078160286,0.026053329929709435,0.020619770511984825,0.017154235392808914,0.013483806513249874
news,post,d236126e11a0a65c,"Lelaki rakam wanita dalam tandas ditahan polis. Miri: Seorang lelaki yang dipercayai merakam wanita di dalam tandas sebuah restoran di Bekenu, di sini, semalam, ditahan polis kurang dua jam selepas kejadian terbabit dilaporkan.",https://www.hmetro.com.my/mutakhir/2026/06/1372996/lelaki-rakam-wanita-dalam-tandas-ditahan-polis,negative,2026-06-21 11:46:02+00:00,0,0,0,0,0.1129838079214096,0,0.0,negative,0.6233873069286346,multilingual,Unknown,anger,0.559968113899231,0.05678485333919525,0.07276798784732819,0.026033081114292145,0.044206779450178146,0.043844062834978104
news,post,c1ffaa729c64e454,"Kes culik sebab hutang saudara: Seorang suspek diberkas, rakan masih bebas. Kota Bharu: Seorang daripada dua suspek yang mendalangi kes culik dua lelaki di Tumpat dan Pasir Mas pada 6 Jun lalu sebelum ditemukan di Thailand ditahan kelmarin.",https://www.hmetro.com.my/mutakhir/2026/06/1372990/kes-culik-sebab-hutang-saudara-seorang-suspek-diberkas-rakan-masih-bebas,negative,2026-06-21 11:18:50+00:00,0,0,0,0,0.10961797535419462,0,0.0,negative,0.6346067488193512,multilingual,Unknown,anger,0.5827844142913818,0.08736486732959747,0.060730986297130585,0.04513666033744812,0.03859150782227516,0.054405730217695236
news,post,2a0004df73f8fd44,"Seorang nenek di Kansas 'bantu' pasukan England. Kansas City: Di sebalik kejayaan skuad England mencatatkan kemenangan demi kemenangan di atas padang, rahsia keharmonian kem latihan mereka di luar padang akhirnya terbongkar menerusi kisah seorang nenek dari Kansas, Amerika Syarikat (AS).",https://www.hmetro.com.my/arena/bola-sepak/2026/06/1372986/seorang-nenek-di-kansas-bantu-pasukan-england,positive,2026-06-21 11:09:39+00:00,0,0,0,0,0.8760237663984298,0,0.0,positive,0.5867458879947662,multilingual,Unknown,no_clear_emotion,0.025442857295274734,0.10154470801353455,0.13131077587604523,0.019380951300263405,0.05616430938243866,0.26727554202079773
news,post,b9a3f8274c0ac4ce,"Thailand naikkan caj perkhidmatan penumpang di 6 lapangan terbang. Bangkok: Thailand menaikkan caj perkhidmatan penumpang bagi pelepasan antarabangsa di enam lapangan terbang utama kepada 1,120 baht (kira-kira RM141) seorang, mulai semalam.",https://www.hmetro.com.my/global/asia/2026/06/1372984/thailand-naikkan-caj-perkhidmatan-penumpang-di-6-lapangan-terbang,neutral,2026-06-21 11:07:40+00:00,0,0,0,0,0.5,0,0.0,neutral,0.8931726813316345,english,Mixed/Urban,no_clear_emotion,0.017132679000496864,0.009199848398566246,0.04092875495553017,0.012987935915589333,0.05165090039372444,0.025255843997001648
news,post,c37287b84788c88f,"Room wira Curacao, bantu ikat Ecuador untuk raih mata pertama di Piala Dunia. Kansas City, Amerika Syarikat: Aksi cemerlang penjaga gol Eloy Room menjadi faktor utama Curacao meraih mata pertama dalam sejarah Piala Dunia selepas seri tanpa jaringan menentang Ecuador sebentar tadi.",https://www.hmetro.com.my/arena/bola-sepak/2026/06/1372976/room-wira-curacao-bantu-ikat-ecuador-untuk-raih-mata-pertama-di,neutral,2026-06-21 10:50:42+00:00,0,0,0,0,0.5,0,0.0,neutral,0.8949140906333923,english,Mixed/Urban,no_clear_emotion,0.06470587104558945,0.0849909856915474,0.09213829785585403,0.030953608453273773,0.07551155984401703,0.0567285381257534
news,post,b92fc33d31d4cb89,"H5N1: 13,000 anak anjing laut mati di pulau terpencil. Sydney: Sejenis patogen selesema burung membunuh lebih 13,000 anak anjing laut gajah selatan selepas menjangkiti koloni pembiakan di pulau gunung berapi sub-Antartika, kata seorang saintis Australia pada 18 Jun.",https://www.hmetro.com.my/global/asia/2026/06/1372951/h5n1-13000-anak-anjing-laut-mati-di-pulau-terpencil,neutral,2026-06-21 09:04:43+00:00,0,0,0,0,0.5,0,0.0,neutral,0.8667528033256531,english,Mixed/Urban,anger,0.4221994876861572,0.05437614396214485,0.09455186128616333,0.04907754808664322,0.09937535226345062,0.046046800911426544
news,post,e120175767606d9d,"Malaysia mampu sumbang sehingga 20 peratus kepada kapasiti Re Gentari dalam 5 hingga 10 tahun. Kuantan: Gentari Sdn Bhd menjangkakan Malaysia akan menyumbang antara 10  dan 20 peratus daripada kapasiti tenaga boleh baharu (RE) dalam tempoh lima hingga 10 tahun akan datang, disokong oleh prospek pertumbuhan domestik yang lebih kukuh termasuk dasar kerajaan yang menyokong.",https://www.hmetro.com.my/bisnes/2026/06/1372945/malaysia-mampu-sumbang-sehingga-20-peratus-kepada-kapasiti-re-gentari-dalam-5,positive,2026-06-21 08:53:10+00:00,0,0,0,0,0.9994071602821349,0,0.0,positive,0.9980238676071167,malay,Malay/Bumiputera,happy,0.042952511459589005,0.07101777195930481,0.7403724789619446,0.015236979350447655,0.05593762919306755,0.02090829238295555
news,post,bb3907c61116ec0d,"Cape Verde pasukan kerdil di Piala Dunia. Miami, Amerika Syarikat: Ketua jurulatih Cape Verde, Bubista berharap kempen bersejarah pasukannya pada Piala Dunia mampu menjadi inspirasi kepada pasukan kerdil di seluruh Afrika bahawa tiada had untuk mengejar impian mereka.",https://www.hmetro.com.my/arena/bola-sepak/2026/06/1372942/cape-verde-pasukan-kerdil-di-piala-dunia,positive,2026-06-21 08:45:06+00:00,0,0,0,0,0.9993562161922454,0,0.0,positive,0.9978540539741516,malay,Malay/Bumiputera,no_clear_emotion,0.02646554633975029,0.0363093838095665,0.0846424549818039,0.04044894129037857,0.25783154368400574,0.041759781539440155
news,post,4cb61b85189d209f,"KL Cermin kembali perkukuh latihan perikanan. MARANG: Kapal Latihan Cermin (KL Cermin) milik Akademi Perikanan Malaysia kembali beroperasi selepas melalui kerja-kerja baik pulih  dan naik taraf sejak 2023 yang bernilai RM10.14 juta bagi memperkukuh latihan serta pembangunan modal insan dalam sektor perikanan negara. Ketua Pengarah Perikanan, Datuk Adnan Hussain berkata, KL Cermin adalah sebuah kapal latihan moden dengan muatan kasar 160 ... Read more
The post KL Cermin kembali perkukuh latihan perikanan appeared first on Utusan Malaysia.",https://www.utusan.com.my/nasional/2026/06/kl-cermin-kembali-perkukuh-latihan-perikanan/?utm_source=rss&utm_medium=rss&utm_campaign=kl-cermin-kembali-perkukuh-latihan-perikanan,neutral,2026-06-21 05:15:02+00:00,0,0,0,0,0.5,0,0.0,neutral,0.9827288389205933,malay,Malay/Bumiputera,no_clear_emotion,0.07187102735042572,0.05533336102962494,0.19714851677417755,0.0442374013364315,0.19894838333129883,0.053973618894815445
news,post,1621ddaf32712f8c,"Rita Rudaini persoal guru dedah nama pelajar gagal peperiksaan dalam WhatsApp. KUALA LUMPUR: Pelakon, Rita Rudaini mempersoalkan tindakan segelintir guru yang mendedahkan senarai nama pelajar yang gagal peperiksaan secara terbuka menerusi kumpulan WhatsApp kelas. Perkara itu dibangkitkan selepas seorang pengguna media sosial Threads meminta pandangan orang ramai berhubung tindakan guru berkongsi nama pelajar yang gagal dalam peperiksaan dengan alasan untuk memberi motivasi dan mendorong mereka meningkatkan ... Read more
The post Rita Rudaini persoal guru dedah nama pelajar gagal peperiksaan dalam WhatsApp appeared first on Utusan Malaysia.",https://www.utusan.com.my/gaya/hiburan/2026/06/rita-rudaini-persoal-guru-dedah-nama-pelajar-gagal-peperiksaan-dalam-whatsapp/?utm_source=rss&utm_medium=rss&utm_campaign=rita-rudaini-persoal-guru-dedah-nama-pelajar-gagal-peperiksaan-dalam-whatsapp,negative,2026-06-21 05:00:57+00:00,0,0,0,0,0.00048372745513913795,0,0.0,negative,0.9983875751495361,malay,Malay/Bumiputera,anger,0.4621381461620331,0.1045253723859787,0.014884358271956444,0.24631145596504211,0.034139107912778854,0.04266592860221863
news,post,f1c27a1660e30487,"Dua beradik simpan dadah di rumah pusaka, bunga ganja RM1.76 juta dirampas. KUALA TERENGGANU: Polis menahan dua beradik yang dipercayai mengambil upah menyimpan bekalan dadah yang melibatkan sindiket antarabangsa dengan menjadikan Kampung Duyong Besar di sini, sebagai transit penyimpanan sebelum diseludup ke pasaran luar negara, minggu lalu. Taktik dua beradik lelaki berusia 39 tahun dan 50 tahun itu yang menjadikan rumah pusaka peninggalan ibu bapa mereka sebagai ... Read more
The post Dua beradik simpan dadah di rumah pusaka, bunga ganja RM1.76 juta dirampas appeared first on Utusan Malaysia.",https://www.utusan.com.my/nasional/2026/06/dua-beradik-simpan-dadah-di-rumah-pusaka-bunga-ganja-rm1-76-juta-dirampas/?utm_source=rss&utm_medium=rss&utm_campaign=dua-beradik-simpan-dadah-di-rumah-pusaka-bunga-ganja-rm1-76-juta-dirampas,negative,2026-06-21 04:49:46+00:00,0,0,0,0,0.0012785911560058705,0,0.0,negative,0.9957380294799805,malay,Malay/Bumiputera,anger,0.43992605805397034,0.04107154533267021,0.10936595499515533,0.027687525376677513,0.0831117182970047,0.03173845261335373
news,post,da397cf68e435a28,"Irfan perbaharui rekod kebangsaan. PETALING JAYA: Jaguh lempar cakera negara, Irfan Shamshuddin mencipta sensasi apabila memperbaharui rekod kebangsaan miliknya sendiri selepas memenangi pingat emas di Kejohanan Nemzetkozi Atletikai Balaton Bajnoksag dekat Veszprem, Hungary, semalam. Kejayaan tersebut hadir selepas atlet berusia 30 tahun itu melakukan lemparan sejauh 62.87 meter (m) sekali gus memadam pencapaiannya sebelum ini, 62.55m yang dilakukannya di ... Read more
The post Irfan perbaharui rekod kebangsaan appeared first on Utusan Malaysia.",https://www.utusan.com.my/terkini/2026/06/irfan-perbaharui-rekod-kebangsaan/?utm_source=rss&utm_medium=rss&utm_campaign=irfan-perbaharui-rekod-kebangsaan,neutral,2026-06-21 03:47:16+00:00,0,0,0,0,0.5,0,0.0,neutral,0.995627760887146,malay,Malay/Bumiputera,no_clear_emotion,0.02763368934392929,0.05950923264026642,0.09695857018232346,0.0250911395996809,0.06946135312318802,0.12238152325153351
news,post,b34af30e5df701eb,Umno to finalise Johor seat allocations by next week. Umno to finalise Johor seat allocations by next week&nbsp;&nbsp;NST Online,https://news.google.com/rss/articles/CBMingFBVV95cUxQeGdTT2Jpcllpcm01T0dnVTV6ZnlTQ05HakJIOEthdTJkX0hJXzd6aGFZUm95TUFWaHhnU2lDZGpyZ2M0X0pOS2hCaVZzWVJMcXJyVkV6MHkwd2E2ZmZMTmVKYmh6TlpxblczUVNSYVE5UzExNXJIYnRoZDRDekxiWVJlUG1RNkM5bWZVVkc2OHl5S2R5NnNkVVlhRmhzZ9IBowFBVV95cUxNZmJXc2Y3WXh6dGZpYmpzbmpCaGlCc2JIV01BT0x4VTZPYWRUdTh0U3BBUlp0WEJnYkZZTXV1R2xLcmRWY25kZ3haN3BJQ19tbV96M1hqc2dGeEMtaHpaNzdGZktLWXBuRWpabTYtd3Zya29SaERzNm5xd25IV2ZpNUlDakd2WGZWX3pnMGlkUm1JRHY2OGFRdXdUYzBrd1ZWX0pV?oc=5,neutral,2026-06-16 07:15:42+00:00,0,0,0,0,0.5,0,0.0,neutral,0.9021908044815063,english,Mixed/Urban,no_clear_emotion,0.03923098370432854,0.04188110679388046,0.2548075318336487,0.019870880991220474,0.08077017217874527,0.02681274525821209
news,post,58ae120885f83cc7,Negri polls a Pakatan-Umno battle despite crowded field. Negri polls a Pakatan-Umno battle despite crowded field&nbsp;&nbsp;The Star,https://news.google.com/rss/articles/CBMiqAFBVV95cUxOcFNBOHZOUTJmMXBpdjNkVHVIQ0FHV0tPekdJWHVfRndpOF92TEJnejNmRldyeXN0OFZDSTJ3cWRNZVl6czVabDlPaUNTMktMbUx4ZjlQQkRWd0piQ0lrM08tV19pTEptdE5QdUtMNTM4N2wzWGRnQ1FoZFJHSzZySU9KZXgtTVVzdk80OHJ2aE1lY1Zmd2NTSUtRZTBaUnNOamlLVFVfNXE?oc=5,neutral,2026-06-18 23:34:33+00:00,0,0,0,0,0.5,0,0.0,neutral,0.8777713775634766,english,Mixed/Urban,anger,0.6219834685325623,0.0629839301109314,0.06678915023803711,0.02457006834447384,0.07694988697767258,0.01351901050657034
news,post,b3e1502368f83676,Negeri Sembilan: Election War Drums Beating Amid Palace Tussle: PH faces test as BN/Umno seek to wrest power amid palace turmoil. Negeri Sembilan: Election War Drums Beating Amid Palace Tussle: PH faces test as BN/Umno seek to wrest power amid palace turmoil&nbsp;&nbsp;KLSE Screener,https://news.google.com/rss/articles/CBMihwJBVV95cUxNWnZQel9aUkhaamYyQ05QWFFQSUR0aEZJS1AzMlJGOExlT1JFNXpwdXQyUnZ0aXJITmlaY2FpSVAtakhETklUYm1jLXdkVDlJY0lsVmlXYWs0LWZsNU1Ha2ZGTndBSzl1eFNSejc3SFhxdzhsRG80VW9GRkpEaURNWUZLeVp0Q2RVSmlVNlJWcmhiSzBEQWR4NmktMmdEUUpRaDE4aHZYWmVicnNOMHhwX2ZaY3ZqY2dId1l2eEJMRkFlOFZ4MTlRZGpUSjU1R1JsY2k5ZFRrVGlpSHBMVzBGNm1WRWhnLUNCZTVtMGZHWnNvaFZLRnVSN2I0WHNEQjAtV2RGdy1JSQ?oc=5,negative,2026-06-17 07:30:00+00:00,0,0,0,0,0.1465784043073654,0,0.0,negative,0.5114053189754486,multilingual,Unknown,no_clear_emotion,0.09969527274370193,0.01951497420668602,0.07495131343603134,0.02305486425757408,0.13968457281589508,0.017889734357595444
news,post,bcabd97cc4ca3bf9,"BN/Umno’s smooth path in Johor, PH’s future uncertain in Negri Sembilan. BN/Umno’s smooth path in Johor, PH’s future uncertain in Negri Sembilan&nbsp;&nbsp;MySinchew",https://news.google.com/rss/articles/CBMickFVX3lxTFBpYUV4aDBieFMwRkFfWUlkZzRHOVZXZjBGYmJfcjBIT2xUMWFpMWtkZ295bHI3MmRyemxnbmsyOEEyZ2VtUXpSTTR6Zm5taWZpVE9fV25LWV9ZY1FLdnB3ZWp3ZVhIWjNVTWItSjl5X25sdw?oc=5,neutral,2026-06-16 04:16:43+00:00,0,0,0,0,0.5,0,0.0,neutral,0.807528555393219,english,Mixed/Urban,anger,0.5545081496238708,0.1522507518529892,0.11982662975788116,0.025965377688407898,0.05474838614463806,0.026631610468029976
news,post,45d0d4326f953e6b,Johor election: BN to field 12 new faces as incumbents face axe. Johor election: BN to field 12 new faces as incumbents face axe&nbsp;&nbsp;The Malaysian Reserve,https://news.google.com/rss/articles/CBMiqgFBVV95cUxNRGx2UjJReXNVaUtSeTZFVWNGSzhuVElkOG1oMlI1UC13V01ac2VrZEQ2anZMdFpERkNrM1NYYk1UTFR3aWZBcmt3a3JWNXZRREt2NXVoYk1sN0tNeGFLUDg3ak01YXJmdm9EUWVHMmV3bDdXR252ZmhrX2FYZFZTSzhSN1RvMGM5dTN6ZU50VHVXRTBBbFNWX05nUVZTb3VDYWVUb3BXTzY3Zw?oc=5,neutral,2026-06-17 10:14:01+00:00,0,0,0,0,0.5,0,0.0,neutral,0.9103810787200928,english,Mixed/Urban,no_clear_emotion,0.02852809801697731,0.015570686198771,0.07245291024446487,0.01460853312164545,0.09055070579051971,0.02240493707358837
news,post,bb7c78bead3f10b9,“UMNO leaders hate DAP coz it prevents them from plundering”: Rocketeers strike back at anti-DAP rhetoric. “UMNO leaders hate DAP coz it prevents them from plundering”: Rocketeers strike back at anti-DAP rhetoric&nbsp;&nbsp;Focus Malaysia,https://news.google.com/rss/articles/CBMixwFBVV95cUxQVElzNGdLRjlHNGMxSjdiNzRJRTBnMDhOM2NlTDVSbzVmdEdvVWQyRG5iaFBKVG4tMU12VDhQai0yNnZaeEtpWXROd1E3MjJTeTVoRDhpYjBsemdIRGZWR2ZaVTdoQnJ1UHluZVlJdWIzWWppMTdIM2pTYktIV1FtdU1YbGJqRzJMWUlabUdrbC1UWWdnMVRkeHZpTW41YkhQM0psa0p5ejUzdTcxYllIMWd0U29YaUJzWkFzQ0MwVWZvdkJvSzhB?oc=5,negative,2026-06-14 10:22:36+00:00,0,0,0,0,0.07805398106575012,0,0.0,negative,0.7398200631141663,english,Mixed/Urban,love,0.2637397050857544,0.018707195296883583,0.06356526166200638,0.05177779495716095,0.4115002453327179,0.026084329932928085
news,post,f15213c6fb94dfed,Youth UMNO Sabah Urged to Champion Sabah's Agenda and Moderate Politics. Youth UMNO Sabah Urged to Champion Sabah's Agenda and Moderate Politics&nbsp;&nbsp;Jesselton Times,https://news.google.com/rss/articles/CBMiswFBVV95cUxNejdhYm9KTnJFYV9UN1dFWUNGZklQTExEMEhTdE1aQkFVMDdOcjV6bGppNFdLWTJnekhqSWxLd29FT0JqQ205YkpuSEptVW5GLWlvV09ETjBFZS1xcVpuX0trb0c4ZjRNeTBWLVAwM3BMdTAyYVlsRDkxNXBwdE1IZlg3Zy1CdkNJUjZoaVJqdE1wZFZ6bmlSQjR2Y2NrTl9vaXVYdFJoQ0k5bEtfSmNDWWMzd9IBswFBVV95cUxNejdhYm9KTnJFYV9UN1dFWUNGZklQTExEMEhTdE1aQkFVMDdOcjV6bGppNFdLWTJnekhqSWxLd29FT0JqQ205YkpuSEptVW5GLWlvV09ETjBFZS1xcVpuX0trb0c4ZjRNeTBWLVAwM3BMdTAyYVlsRDkxNXBwdE1IZlg3Zy1CdkNJUjZoaVJqdE1wZFZ6bmlSQjR2Y2NrTl9vaXVYdFJoQ0k5bEtfSmNDWWMzdw?oc=5,neutral,2026-06-20 23:59:48+00:00,0,0,0,0,0.5,0,0.0,neutral,0.8344887495040894,english,Mixed/Urban,happy,0.03850766643881798,0.029710665345191956,0.39709916710853577,0.018305083736777306,0.17373999953269958,0.023864367976784706
news,post,bcb876f31adc1358,"BN to finalise Johor, N. Sembilan seat allocation next week, says Umno sec-gen. BN to finalise Johor, N. Sembilan seat allocation next week, says Umno sec-gen&nbsp;&nbsp;Malay Mail",https://news.google.com/rss/articles/CBMizgFBVV95cUxPdFAteTZVYWRSLWU1X04tTWZBVXBBWmVZTTVvbkktN2tENmdNVlBYUWV6OGJ5OHZndzNfc2dkOHhDalkwcjRmUWVSYkpBZEpWaDNVUmNEa0RMYXNyaVI5UzBfRTRXWTZMeG5ram04LVlISF9lSWs1c3dVd0czb2NCcjA3eU5tdjBoU1liZXF6Z05mUHBObkFTNWdqaXhvdUFPLUZhLVdBZE9WS0otUTUtbDh0ZmF2amJ4Q3NOT1o3V3RSdW1kbzUtbk5wOGRCZ9IB0wFBVV95cUxQQldlTDBRLTFUTXNCbEg0dG8zQ3lkMnRIQ1pXOFdGRjhnZ0NfUG1ySE1LcVFYT2ZSQXFXRzJkTnduZE9jRUVoMEpfdTFFak1McWw1OUtjckxWbkhqZUNPMnI0cmxwWGFCMEpZMVE4dWt3RV91WWxxa1U5NnF2NktSeEZ5ZE9lWlJpN1dUaksxMTE4aUNKSTBwaF9YdnJyWVA1Z1pjaEw0QTVoX1RIcUkyd0RwYVNGSTdKYTFHWDV2UEdEV0hwMDY1RlgzWnpMVmYxN2t3?oc=5,neutral,2026-06-16 08:10:07+00:00,0,0,0,0,0.5,0,0.0,neutral,0.9235264658927917,english,Mixed/Urban,no_clear_emotion,0.03348953276872635,0.011594832874834538,0.05101413652300835,0.015739204362034798,0.10076765716075897,0.017015114426612854
news,post,79547f3fa92c6de8,"Sabah Umno to campaign for BN in Permas, Johor Jaya for state polls. Sabah Umno to campaign for BN in Permas, Johor Jaya for state polls&nbsp;&nbsp;Free Malaysia Today",https://news.google.com/rss/articles/CBMixgFBVV95cUxOYXNKdEw3eWRCMGl5RUVGVXNFUVNuYkNuR19zZ1oxd2xzOTZ0YkpnaHRNcHRvSEJSWDI2M05wY0pycGhrZ3Rld0ZwRmtuWTlXRjd3ZlRoMkJlQ3dhNXBrbDExek9kNlBudUdlWVNhS0llQXNPM0dUWUFHVlJNOXpVaWpMYWtLSTdSMVdwc3JheVFZNmx2bnZIMjB6Vy1aQjFxNHYyckNETHJwRWVlZVQ2UGdBeHQ4czNtSjNVdVFBam1PSzZxVXc?oc=5,neutral,2026-06-18 12:05:53+00:00,0,0,0,0,0.5,0,0.0,neutral,0.8893364071846008,english,Mixed/Urban,no_clear_emotion,0.04669586196541786,0.01486275251954794,0.11229241639375687,0.021608123555779457,0.3487444818019867,0.023242926225066185
news,post,79609e01457ecc3a,"GE16 to feature ‘uninspiring but functional narratives’, says ex-Umno info chief. GE16 to feature ‘uninspiring but functional narratives’, says ex-Umno info chief&nbsp;&nbsp;Free Malaysia Today",https://news.google.com/rss/articles/CBMi1AFBVV95cUxPdVZjdTdIZXJvSmJibVBXZFktU1FIZDlPc2VhYkRVSWw3UVN2bG9BX01UMW0yMEZ1VWQzVGo3WmdpNk5DNHpBVGxwY0JMdkNLQnJkZjBXeHNwRWk2ajFoQnRMVHVrR2EtZTNrVjNwTFJLQkJfZ0UwN09HRHAyZmY0SjF0SXk2UjdPR1AxRWFZaTdlNXJ3aG1QaUltUkxNbEFqUVUtdHpIV0pXbDBBZ3RtakhUZXZHU0hzZDY0ZFg3dzF1MFJqYXVZc1dodnNpTTgtai16Sw?oc=5,neutral,2026-06-18 23:23:51+00:00,0,0,0,0,0.5,0,0.0,neutral,0.8632901906967163,english,Mixed/Urban,happy,0.05210589990019798,0.07625030726194382,0.3654155135154724,0.023260893300175667,0.14168961346149445,0.044190723448991776
news,post,c5aa33f18e0ae537,"There was betrayal in Negeri Sembilan, Anwar tells Zahid. There was betrayal in Negeri Sembilan, Anwar tells Zahid&nbsp;&nbsp;Free Malaysia Today",https://news.google.com/rss/articles/CBMitwFBVV95cUxPbXlKdEVkMWNKU2xqX0kwY3VlMmJITmxDWUloQ1NwUlFrR2d4RkhwRnU1b3U1b3MyUU9Cdk9fbjdQZGl4MlFsb0t3cm5NNE8wdDRRV1VvMWlwX2pCaGpNM2RaUkdRU2xvMUZyYlRGZnRYbWRQZ2tGVmFORnYyaEVCaTdJS0dJd3pxMkVtY1pQblltYzBUS19HVEN0d1B4QnpYaFhTZGNFbURyQkZzNzdDT0NyZkxaeWs?oc=5,negative,2026-06-14 05:23:36+00:00,0,0,0,0,0.14947457313537596,0,0.0,negative,0.5017514228820801,english,Mixed/Urban,no_clear_emotion,0.03318340331315994,0.009261040017008781,0.08066405355930328,0.016584239900112152,0.35962730646133423,0.023246383294463158
news,post,d8edc4fc8b2dde2f,"Heed TMJ decree, fast-track Johor development, Umno tells federal govt. Heed TMJ decree, fast-track Johor development, Umno tells federal govt&nbsp;&nbsp;NST Online",https://news.google.com/rss/articles/CBMiwwFBVV95cUxNX3ZzUFkwWmtTQmFIT0doRGdwZGl3bUQwVVJycWhHc04tSHAyeVZyWWFHYVljc3g5V0J5eHFJRHR1OTFZT05BOHRzUzBTTTJCaHk3UzFUdG1ucGJSTk5SODBFbnh0anVHUXhMMHFzZkJZTVNHRzlnblc4V1MxcmtyZVFLZkgzekFUMWJNYjBlbGljNG5YUmFaWDNzOTFBNVpVQVh1NWNlREZSS3R2T0lIdER4NEhBcTRDN3p4elE2WUxTYjTSAcMBQVVfeXFMTV92c1BZMFprU0JhSE9HaERncGRpd21EMFVScnFoR3NOLUhwMnlWcllhR2FZY3N4OVdCeXhxSUR0dTkxWU9OQTh0c1MwU00yQmh5N1MxVHRtbnBiUk5OUjgwRW54dGp1R1F4TDBxc2ZCWU1TR0c5Z25XOFdTMXJrcmVRS2ZIM3pBVDFiTWIwZWxpYzRuWFJhWlgzczkxQTVaVUFYdTVjZURGUkt0dk9JSHREeDRIQXE0Qzd6eHpRNllMU2I0?oc=5,neutral,2026-06-21 03:39:04+00:00,0,0,0,0,0.5,0,0.0,neutral,0.8777120113372803,english,Mixed/Urban,no_clear_emotion,0.0546635240316391,0.019368784502148628,0.08313354849815369,0.030988803133368492,0.24408142268657684,0.027455030009150505
news,post,6cf882aa32e71b1f,Puad opts out of Johor polls. Puad opts out of Johor polls&nbsp;&nbsp;Free Malaysia Today,https://news.google.com/rss/articles/CBMiqAFBVV95cUxOVUtGWks1dnZyZ3lFQmEyalFCWHBObnZBYmZNVnoyS0pYQVAwbU9XWFBYQ0N0NF9UaWNDa2dVS1hXUWpwZW9reVJmMmR1b3NXSHZfODBTYWJOUDJXcFdNdVgxa3plNTBEQ1RoRHE4cnp4LThuVWIxbEVtM2xLcUMxYm9mZTNLdWVUeFFDYVBna1AzX2IzWEtOTmY4NlNJU3NFNHlxbnV3VHM?oc=5,neutral,2026-06-17 07:56:29+00:00,0,0,0,0,0.5,0,0.0,neutral,0.7654197812080383,english,Mixed/Urban,no_clear_emotion,0.028905600309371948,0.007776396349072456,0.08144401013851166,0.012541715987026691,0.2696748971939087,0.024283772334456444
news,post,b748ebb655b7358f,"Negeri Sembilan: Election War Drums Beating Amid Palace Tussle: Negeri Sembilan dissolves assembly, but the political and palace tussles may end up in court. Negeri Sembilan: Election War Drums Beating Amid Palace Tussle: Negeri Sembilan dissolves assembly, but the political and palace tussles may end up in court&nbsp;&nbsp;KLSE Screener",https://news.google.com/rss/articles/CBMiqwJBVV95cUxQTEhWRk5WaDNjY25uVTFGQnBCME0zU3hkX0xhdVhEMldwRVRJSWNDOTVoOWR6eDhURndOanVHWEdXZFNlUERJU0dBZVdqZWJGRFFrYWoydlJWX1FLX3F0VVd3WGRiMjNtRFJKVUpueHR0aFptLVVJZFFVclNfNzdpSjBPRUZDa2FvZ0pfZ3FCUk5GZTZYc0ZtQlkyd3N3OEU3R0pSOE04UEk5Y0hFdDBQenU5TTRoVnkxWGZrLW5KdW5rNkl5ZkpTRlhKV0ZpaVBOVWVLNjVnWURsMnduRnlOWFFmdTJvYlNEUGsxQWVNZzhWblphZUhVYXQ0VHI5MzlTUTRUa2FIczFKN250b0tHczhlOWpqNUNkSi11RUwzYlVfamhJWGR5cWo2aw?oc=5,neutral,2026-06-17 07:30:00+00:00,0,0,0,0,0.5,0,0.0,neutral,0.8125475645065308,english,Mixed/Urban,anger,0.42622795701026917,0.12707766890525818,0.12327896803617477,0.0337410494685173,0.04052127152681351,0.025465933606028557
news,post,be486bef2051a0a1,"MIC to defend 2 seats in Johor polls, swap one with Umno. MIC to defend 2 seats in Johor polls, swap one with Umno&nbsp;&nbsp;Free Malaysia Today",https://news.google.com/rss/articles/CBMitwFBVV95cUxNczdUTWVMS0NuN1UtQWl1ZnpQX1JBME95SnNrZHVUUmJtSEROR2o1X1hZdDltNnpYS25lQTNCeTVOVjhCV1BLMkRIRnRLbG9mRG5Pc0NwQnMtREJ0UjRJUGdIbTd0aEFFV1VIQnA2MEgxanhoZTd4OXRsZHYwaXozMFRXc013Qjl4dWxtQWtkVm5KUW5VRVEtNFBHdzJ0UTNtUENGay1uR0N5MGtpQU40eDN0TjduVjQ?oc=5,neutral,2026-06-16 09:11:18+00:00,0,0,0,0,0.5,0,0.0,neutral,0.8711339831352234,english,Mixed/Urban,no_clear_emotion,0.04122735559940338,0.009259636513888836,0.06872043758630753,0.015280652791261673,0.2505587935447693,0.02087615802884102
news,post,d2b488ec440a433d,Barisan Nasional expected to put up new faces in Johor polls. Barisan Nasional expected to put up new faces in Johor polls&nbsp;&nbsp;The Straits Times,https://news.google.com/rss/articles/CBMipAFBVV95cUxPLW9xODRVSmdzazlCamZ5aHNPWlI3ZHlJbzZuX2pLVU1xS18xd2pfTlRzenBXUjN5ckhsMHNzYVJaOEk5dkpfOHNIM3VuR3RlWktxNGhEb3VEdjFLTzVCZUF6TFBZV1VLZGpTMFh6NHg5OFUwUkM5YkFTRGZDOVk1b0tBOHpROV9KTVBoYjNqekRJNGlwcEZoSW50Q2dkQlctVUM2UQ?oc=5,neutral,2026-06-17 02:15:00+00:00,0,0,0,0,0.5,0,0.0,neutral,0.8905373215675354,english,Mixed/Urban,no_clear_emotion,0.20212210714817047,0.0856265053153038,0.18996505439281464,0.020297210663557053,0.05987018719315529,0.029376590624451637
news,post,d7400f9ec22642f8,"Negri Umno Youth: If Jalaluddin wanted to betray, it would have happened in 2023. Negri Umno Youth: If Jalaluddin wanted to betray, it would have happened in 2023&nbsp;&nbsp;NST Online",https://news.google.com/rss/articles/CBMiugFBVV95cUxPbDFheXB3eHllcnVEVzBJMXpmc2lQRjlhNGlnN0N5VXZLcG14aWxFOFB1YzFGb2NnRElvY0xZOGo3MG0zaWJSOVdDdGc2WnE4SlNZNE9Vam55UllpVzVNaVFoS2hiSGtET3dmeUVkb2VtX3l3MlRUQnljaTR6em1LbWUxZkZRaU1wS2pEWnZOeGVRMFdFQ2NYbkRiUkk3Z01aNlZ3VWFTQ04ySmdyQjNwT2J5Sm01OXlJa0HSAb8BQVVfeXFMTThEWGV6eGp2eU1iZG1keC1DS1RHWU5hd3RFb01naVJOT2ptaU9kaGJmd0pFaVByZk9JR1hyRVVfbXVYNklBM3d4czRJN0NOMjhfOEY0SHVOaENTWDVXaVlZN2NWZ3FPaVJncmI0SUYtNkd0UXRlNG5Id284WVZoVHZTa0F4ZVlpSm9wbzNlSWk0eGliQXJTeXhlQTNTVGZILWZtQWprOUxfZEFxUVhoU3lDX29ZOG1hbFpNRjMtU0k?oc=5,neutral,2026-06-16 04:33:46+00:00,0,0,0,0,0.5,0,0.0,neutral,0.6429977416992188,english,Mixed/Urban,no_clear_emotion,0.034973885864019394,0.025736961513757706,0.15286792814731598,0.021535780280828476,0.2977054715156555,0.026802975684404373
news,post,1ab93212cd4f0f79,"Perak Umno to assist campaign in 13 state seats in Johor, Negeri Sembilan. Perak Umno to assist campaign in 13 state seats in Johor, Negeri Sembilan&nbsp;&nbsp;The Sun Malaysia",https://news.google.com/rss/articles/CBMiuwFBVV95cUxNRm14cldCR1BIYVJZVlRXVkh2cUhFbFk1dV9hV2NvX1RCLUdkTFVDZkQxUEtQTl9yOVpadjI0T1BGcWl2QmJ6Z1lvSGtZZ0o5cl9MWTE3bE9BaVpZMTI0Z1pNY3M4YmhvRFFSaUc0d2Vycm50VXR5eng2SWJycGJscW45YXFSNVNQVFdhZHZVOTc4RGF5d0UxLTlFRVBTOUNNQXRGQWRsWDBfc2JvSlZCaE5kOWl0eHJmaHFN?oc=5,neutral,2026-06-15 10:53:11+00:00,0,0,0,0,0.5,0,0.0,neutral,0.9161583781242371,english,Mixed/Urban,no_clear_emotion,0.03302082419395447,0.011364388279616833,0.051579058170318604,0.015830757096409798,0.10890427976846695,0.018740283325314522
news,post,858b79c6590a7b09,Johor Umno urges end to political credit-taking over projects. Johor Umno urges end to political credit-taking over projects&nbsp;&nbsp;NST Online,https://news.google.com/rss/articles/CBMisAFBVV95cUxQMHpzUER2aExzeWdnaHlWZHZ3QVIwdzM1b3BpWDBkMkVQMk1JUWt4b3hFTGlQM201R1ZTNUdIczB0Y2FKWnY5aEVkYjVPZFJZTzN4bXlMV21kYlFqX2tvTkN3b184c3FmQlc4ckJ5MW9aamtMMGpOR0M5dUMyTXhHS2xLblE2VV9ieE5yYWpMNmg2aFBGZWdJeHVWc28tSE5qeVJyUWtFa0xBZlNwWFJPX9IBtgFBVV95cUxQRnNoVFdsSFJVaE40ZVNpODlrMXB1aFFpZ0g1RkJ0MDhVWnNOY203YmM3Ty15Wm5WdE5zc3N5ZHVMdEJjbG9IZFduRkZGdWRqUlJxSnFoSWJRbHkwWm9DQnIwTHg3aDE0enU0VWNtSC01NkxLQlhCZURNRUxzcHVGTmZFQ3c1RjlGMEdtODI0NWJIc3M1MHRrVEhuZXY4bjBZSjFDWGh1MU5VVURXaHM3bVYwVXJDUQ?oc=5,neutral,2026-06-14 14:45:39+00:00,0,0,0,0,0.5,0,0.0,neutral,0.8290607929229736,english,Mixed/Urban,love,0.0973096489906311,0.02235248126089573,0.12196103483438492,0.04188218340277672,0.3897102475166321,0.022250346839427948
news,post,d56cb512c644b7f9,Tengku Zafrul keen on contesting Selangor seat in GE16. Tengku Zafrul keen on contesting Selangor seat in GE16&nbsp;&nbsp;Free Malaysia Today,https://news.google.com/rss/articles/CBMitgFBVV95cUxOQVh1a2NCLU8yb2p0NHpEcGx2LVBWdkpYUUVKUlRPSFNJVW00emJfYzRYeGhRaW16Vm5TMUZXUWlUZEgtRDZmWkNYWVc3TWRxbGVROHB0MUNNSVFtMFpnRllaaTROOE5xcWtOX2N1Ym1wenE1UkxveGVfUVFuX241dXlVc1htSVJqWnB3bDk4TzNxNGtWY0Rld0d0b3JfaE9zMlhuMUdhT1Q4NjZxa2V1LTlnMzdXQQ?oc=5,neutral,2026-06-18 13:15:00+00:00,0,0,0,0,0.5,0,0.0,neutral,0.8459948897361755,english,Mixed/Urban,no_clear_emotion,0.018247682601213455,0.008730582892894745,0.04052351787686348,0.007919779047369957,0.08581963181495667,0.016561802476644516
news,post,8d3b33d7d3646160,"Rafizi: PH, Umno leaders seek to join Bersama. Rafizi: PH, Umno leaders seek to join Bersama&nbsp;&nbsp;NST Online",https://news.google.com/rss/articles/CBMimAFBVV95cUxNck1yQ1VhT0xqYXJBSFFNSTBuRVRfbXNNZ3pPYXhzNkZxRF80MUIwZVJzdlFkT0tyMndxN3dTOFg5YXJ2OFJQSV9FTW5JSFlGLVQ5RmluMlRBVC1wcVMzaHQzVkdRN3NCWVZRWDJhTDJLTlJIekczMXM5aXpmdEp5V2UtS3NXYmlLSjBlYUlieWpoSVpaQXZzNtIBngFBVV95cUxNQjF1MEVMeXVNVXZwdVNGelREbmRZYnNzV3hMWXpOV0c0c2o1dGtpY3RpQm5CZElwRGhZNjVOdUI2dktRQ1FVRmVGMWs3TF9yTGtPX25mWGxDVFhyR0hBSlgxaTJyNFNqTVFoWlhFVVhLQlJNTm1EV20wTlZGbXdoWDU1RXVGTkxndEdpcEQ5Tm4zaFcySl9MNWJJTWdhZw?oc=5,neutral,2026-06-21 03:26:56+00:00,0,0,0,0,0.5,0,0.0,neutral,0.9227985739707947,english,Mixed/Urban,no_clear_emotion,0.019150016829371452,0.007755862548947334,0.03884970769286156,0.014402849599719048,0.19103378057479858,0.02325179986655712
news,post,94642a85ce7529e7,"No mudslinging in Umno's Johor, Negri campaigns, says Asyraf. No mudslinging in Umno's Johor, Negri campaigns, says Asyraf&nbsp;&nbsp;NST Online",https://news.google.com/rss/articles/CBMiqAFBVV95cUxPZ01FN09od3VkOEJIck1yUmhKa1Jubk5nM0RMT2oxYk8yenB1S0NDQ3draVMzT1MwY0dCWGVlaWNSdU90dUtNeFNfMmJpR2xXeTNKZC1ROEZMNE9KclJDQjdNODE2NE1YUWJMYjJXSTN4QkhSaHp6S0FMRWlSQkJKLURPLUV4VTE5eEdBVm5EUDNiX0hydV9TNUduWjVpVENKNDNlcW5RbmXSAa4BQVVfeXFMTVZOLXhPX25MTnhiNjFkamY2aEJwck95Q3BOQkxjLS1pZGw4bUhYLVk1Wm5pUEUwaGM0TnctV2lzUWg0MnJISmZyZ1FTMlY3R0hRVUdCT01QWVBxSkJIdWpTTU9iSkR5b1hzUVl1emd3bm9qX0R0REJuRkgxN0VDRENaM0tyTnE3YWRQSElFRl9GaXRadGNTSEhsbXRlcG1kLU5FT1AySnZtZXJhY2h3?oc=5,neutral,2026-06-16 06:31:39+00:00,0,0,0,0,0.5,0,0.0,neutral,0.8727567791938782,english,Mixed/Urban,no_clear_emotion,0.0673394501209259,0.027128616347908974,0.04348846152424812,0.032758112996816635,0.2775031626224518,0.04749109968543053
news,post,76280b8e9486acbf,OPINION | The Great Malay Reshuffle: UMNO + PAS. OPINION | The Great Malay Reshuffle: UMNO + PAS&nbsp;&nbsp;Newswav,https://news.google.com/rss/articles/CBMiiwFBVV95cUxPam5lSkItVFNRenAtTGV1alRiMlBRNzMwdkRWdEdXWU83R3pMZHg1LUNXLWhvWEoybVRaZEtkUll0NHZCYjVRWWNYUVFoWXY0ZmpkMEFfeUJRbExtLVgxVU5ZaGJSZWM4Sm5uc1pLQXBOTFJ3ejI4WVVWX2FLSVhsM0cwWVhlWlk4QzdF?oc=5,neutral,2026-06-20 05:30:27+00:00,0,0,0,0,0.5,0,0.0,neutral,0.8512330651283264,english,Mixed/Urban,love,0.02964388206601143,0.02881089225411415,0.24543187022209167,0.01939936727285385,0.40539997816085815,0.03510558605194092
news,post,d1bcf0cb30a37c5a,Why Mustapha died as a PBS member. Why Mustapha died as a PBS member&nbsp;&nbsp;Daily Express Malaysia,https://news.google.com/rss/articles/CBMiggFBVV95cUxPelRVZXJSY0Jqbjk2dkJWZTRTekY2c1hFaHdhTGZOOFJRMS1qSFNVSkFHMFl0RDFaemJudFc0QXBSWmMwREQxM2phRjU3dllnVGZqLTZ4WWZpaFVRWW9xLUpEU0l5dy03VlVGcTdibFYwbllKN09NVm9EOHU3RURWdmdB?oc=5,negative,2026-06-14 10:12:45+00:00,0,0,0,0,0.13508667200803756,0,0.0,negative,0.5497110933065414,multilingual,Unknown,surprise,0.02487647905945778,0.0620298758149147,0.01880795881152153,0.2789432406425476,0.04572601243853569,0.4163506031036377
news,post,ed21edde9364d5df,Khaled wishes Zaid Ibrahim luck after former minister joins Pas. Khaled wishes Zaid Ibrahim luck after former minister joins Pas&nbsp;&nbsp;NST Online,https://news.google.com/rss/articles/CBMiugFBVV95cUxOaThhcVQzaXU1MW9iQ3VFeXZfNXkwcnNIa1pwb0FEdjQ5dl9yN2N1TTY4dDlJYjkySHRiS093MTd0amtzcjVlaDQ1TG9VWmdXSktDb2xKSUZxaXR6WmdBbThOSWo5NXlLckIwd290MDhjcUl4ZWtfMm9tNWhMZTJ4Mmc2YVkxd0RUSGdmcmNndU9BTV8wUmJrQVN1a2pmMTJZMVFRMkUydGRKYjFsOUJvLTRPa3pHbVJvUmfSAboBQVVfeXFMTmk4YXFUM2l1NTFvYkN1RXl2XzV5MHJzSGtacG9BRHY0OXZfcjdjdU02OHQ5SWI5Mkh0YktPdzE3dGprc3I1ZWg0NUxvVVpnV0pLQ29sSklGcWl0elpnQW04TklqOTV5S3JCMHdvdDA4Y3FJeGVrXzJvbTVoTGUyeDJnNmFZMXdEVEhnZnJjZ3VPQU1fMFJia0FTdWtqZjEyWTFRUTJFMnRkSmIxbDlCby00T2t6R21Sb1Jn?oc=5,positive,2026-06-14 13:43:03+00:00,0,0,0,0,0.9082567572593688,0,0.0,positive,0.694189190864563,english,Mixed/Urban,happy,0.03213600069284439,0.057508066296577454,0.5547314286231995,0.025767939165234566,0.22253437340259552,0.03283573314547539
news,post,2bcc2ed4d846abdf,New faces coming for polls in Malaysia’s Johor. New faces coming for polls in Malaysia’s Johor&nbsp;&nbsp;vietnamnews.vn,https://news.google.com/rss/articles/CBMikgFBVV95cUxNVk5oR1FudXU5RzZldDhSWXZ5Wkd4ZmpYb21nSFNtdFdXdmMtc0xMcTRTaTlKcVBzNTJFclREQndweUdmNzQ1VUlwZmRyUVhGVlcwWDdZZ0c2VHVPMnQweUszWUIyUVhmdEQ5NWRKS0ZiVm05dVNmSFdEUWZpRDN3WEI3cklwcXdpanhmUjNzOC1Hdw?oc=5,neutral,2026-06-17 02:09:00+00:00,0,0,0,0,0.5,0,0.0,neutral,0.9247581362724304,english,Mixed/Urban,no_clear_emotion,0.015145818702876568,0.012059826403856277,0.05288952961564064,0.013156343251466751,0.09134315699338913,0.037540651857852936
news,post,dfe5557ab7d99e77,"Don’t make state polls a Johor vs Putrajaya affair, Loke told. Don’t make state polls a Johor vs Putrajaya affair, Loke told&nbsp;&nbsp;Free Malaysia Today",https://news.google.com/rss/articles/CBMivAFBVV95cUxOd1hVeXQzNzQ2QVFPQnVXMTlCdUl2YjB1YXhodndpS3BoYm03SVppM2E0Z3V6R0dVQW9OQ1c3Mk40YkZSLXZOSWhfTTVzV3Y1VnlXdXRDSTYxYUxMLTZUeEVDc3NSVG5EczRKZVp1SHZubVp3SmE0WV9zSFBSNjJmQ1BhSkx1NGhmRm1kckFoZTVPMDhMdWJxUE1PZkphUWZIN3c4LVJfU0traVBObVc2U0ctNHU3RXJmTnVZbQ?oc=5,neutral,2026-06-14 07:12:01+00:00,0,0,0,0,0.5,0,0.0,neutral,0.6623643040657043,english,Mixed/Urban,love,0.07247327268123627,0.012639619410037994,0.05692370980978012,0.032961808145046234,0.5482672452926636,0.023392220959067345
news,post,3329b5b441cd9805,"Palace drama, cracks in PH/BN alliance set stage for Negeri Sembilan showdown. Palace drama, cracks in PH/BN alliance set stage for Negeri Sembilan showdown&nbsp;&nbsp;KLSE Screener",https://news.google.com/rss/articles/CBMixAFBVV95cUxPLXN4Ym95bXQ3NGFuQldSV2llVnM1XzNkT3N6S1F0MFVsanA0ZjFWalJTZndEQnJfZUpFeEdOUWt0LUp4bC1LTHozLUpsQ0ZLbEZFUWU0MjJEaXJqWU9ZbWdYMVdvQVdyZjRlUndjQkwwWmhHLU9BU2tuOTBHRXh4M0RHRXA0VTBSX0Q0SDZuTDFfbWVnYVBPTzFZVEV2ZEU5b3ZpZlFhbkxJcTZBcVJjQTJCSjRpSC1UczZuWWl4NjEtTXdN?oc=5,neutral,2026-06-17 07:30:00+00:00,0,0,0,0,0.5,0,0.0,neutral,0.913822591304779,english,Mixed/Urban,no_clear_emotion,0.049279142171144485,0.013864295557141304,0.06038188189268112,0.015389135107398033,0.07108978927135468,0.0165883656591177
news,post,794972eaa03e0b2f,OPINION | UMNO and Anwar: “Betrayers” or “Best Friends”...?!!. OPINION | UMNO and Anwar: “Betrayers” or “Best Friends”...?!!&nbsp;&nbsp;Newswav,https://news.google.com/rss/articles/CBMikwFBVV95cUxPQWRVeUx5VDc0c29Ibl9FTDExSG9vR3JUdTNkRFM5STJ3VGlneTBUYnpPTElQRXg0aWZvelppYm4wTlpOQTBZX2hEaUtnRXJEck1mZm4yU3VTRnFYWkc3aTN5ZGZuOFhmbV93a2VFRkphUVlvUEs4RWM4eExPbUNOWU45bF9GVUZ4U1U4TmlOLXRNUGs?oc=5,neutral,2026-06-20 03:30:42+00:00,0,0,0,0,0.5,0,0.0,neutral,0.8088540434837341,english,Mixed/Urban,love,0.020522018894553185,0.008101270534098148,0.05237868055701256,0.01398533210158348,0.7388393878936768,0.021625207737088203
news,post,36d88b567f3d271d,Umno BN brims with bravado. Umno BN brims with bravado&nbsp;&nbsp;Free Malaysia Today,https://news.google.com/rss/articles/CBMiYkFVX3lxTFB2a1g3NEpaVzlvNm1UM0pKaTE4WDNURFVSS2pmOHBUdTZnNjdpd3R2X3hGTVp5MTI5bXBzakFNZ0ZjNmVrNkZBd05UOGw4Q2tVRTkzMTFSUWk3T0FiYktJbTlR?oc=5,neutral,2026-06-19 00:02:29+00:00,0,0,0,0,0.5,0,0.0,neutral,0.5811015963554382,english,Mixed/Urban,love,0.030129065737128258,0.012073198333382607,0.1690121740102768,0.01618136279284954,0.5944575071334839,0.0203601885586977
news,post,b1d84d1d06a30334,"MIC to defend 2 seats in Johor polls, swap one with UMNO. MIC to defend 2 seats in Johor polls, swap one with UMNO&nbsp;&nbsp;Free Malaysia Today",https://news.google.com/rss/articles/CBMiYkFVX3lxTFBSLVd4MEhvYUhJRGtTbzc0YnRLZHNsSjBpUm5ocXBEWWc0b0U0SkViaUVKYWh0ckUxZ0taWlV2N0JsbnNRdENXVFhaYWFqWFZxV2MtY05DZElpSElwWjNRN3hn?oc=5,neutral,2026-06-16 11:53:00+00:00,0,0,0,0,0.5,0,0.0,neutral,0.868646502494812,english,Mixed/Urban,no_clear_emotion,0.04036419838666916,0.00908774882555008,0.0698687955737114,0.01507406122982502,0.2652224004268646,0.02106451988220215
news,post,d008910c6c58eb77,ANALYSIS | The Reason Why DAP Youth is Repeatedly Targeting Tok Mat. ANALYSIS | The Reason Why DAP Youth is Repeatedly Targeting Tok Mat&nbsp;&nbsp;Newswav,https://news.google.com/rss/articles/CBMiqgFBVV95cUxOOFVoamFkdExnOEIxVXVHSllyYkVJS2JIVHlSVTNQdVFhM21YcUVacGh1UHNRcVo4RERPSml3Ny1qQWw4Ui01TUdqelI4NVNodlNkdjdLaG1fcDFpb2xuV090elZ1MUh6VGhWQ1U4aWJyWFQ2QTdlMmdVcjk1Q1N3bE9LcTJ5cC1reThtQnNaOU5DTnRod0V3NG9pclgyMmhCZHByMTdQRzAwdw?oc=5,neutral,2026-06-19 14:00:51+00:00,0,0,0,0,0.5,0,0.0,neutral,0.8644334077835083,english,Mixed/Urban,love,0.0246294979006052,0.015718767419457436,0.04511873424053192,0.03888426348567009,0.7661924958229065,0.031182920560240746
news,post,8a1ec0cea7ef2d82,OPINON | Chinese voters are returning to BN?. OPINON | Chinese voters are returning to BN?&nbsp;&nbsp;Newswav,https://news.google.com/rss/articles/CBMiigFBVV95cUxPZEZiVUdSclJLMlcxRS0tSWNwRVJrdkp0Rkh1ZmVoVjZDUEMxTm1wY0NRMjE0M3paRHlqOHRqZW04ZHZXYWxRZTdjWlJURHR2Y1ZIRDFfVFFYakxyQ1UxNUtadzlDODdQWmZDMXd1YUxaVzdYRlVicXFEVEoxRHdnOG1GM3hxV19MU2c?oc=5,neutral,2026-06-20 10:30:03+00:00,0,0,0,0,0.5,0,0.0,neutral,0.9312400221824646,english,Mixed/Urban,no_clear_emotion,0.02308857999742031,0.03245564177632332,0.21087642014026642,0.032950591295957565,0.26289963722229004,0.08772167563438416
news,post,2cb81467c126383a,"Sabah Umno to campaign for BN in Permas, Johor Jaya for state polls. Sabah Umno to campaign for BN in Permas, Johor Jaya for state polls&nbsp;&nbsp;MSN",https://news.google.com/rss/articles/CBMitgFBVV95cUxNcjNwUkRackZYRFdpQU5QSWhSS2hxUGI0MTJUM1ZXMEt3Ui1OTHhJUWplcUFRUTNUaVJFUmx2NzB6dXBQaFFfOTM5U3gtR25mU0hEUzZVVnVZcjFCajBvQzNUamI0eGNabFdlSklMelM0Y2hMX2gtcG1fQ1IzX0Vscm5RSlBza0VMWm9SZHZ0QWk2ZjR6RzQ0ZlVyVDNzekh5RlU3SWIyMDBlS0N1UEVYZFl5NC1wUQ?oc=5,neutral,2026-06-18 13:19:08+00:00,0,0,0,0,0.5,0,0.0,neutral,0.9109531044960022,english,Mixed/Urban,no_clear_emotion,0.052260447293519974,0.016840515658259392,0.08312734216451645,0.026165902614593506,0.27248474955558777,0.021695269271731377
news,post,5c41b19af2d393e4,"Zaid’s move to PAS just to stay relevant, says Umno veep. Zaid’s move to PAS just to stay relevant, says Umno veep&nbsp;&nbsp;MSN",https://news.google.com/rss/articles/CBMipwFBVV95cUxON1czM054Tm9sZm5QTmxaZHpEQlNLX0F5X1RvcFFHZnlvSHlkUXVoV3VyUm1fX3NCaTI4dGsxQzlDamE2N2pjOF9MM0QxcTVGUXVmTGYyVmtCWENOY1F0Q2NPNzREQmVnRG5waVRBd1VSUTUyN2dyR1lwVGY3QkllYkFyY0Q3S0NzM3NTUld0M3MwZ1VVVlZ2al9qNVlxQnJVMldiTndpaw?oc=5,neutral,2026-06-14 09:25:27+00:00,0,0,0,0,0.5,0,0.0,neutral,0.8684978485107422,english,Mixed/Urban,happy,0.020253434777259827,0.05151713266968727,0.8292945623397827,0.010082119144499302,0.041551537811756134,0.018383916467428207
news,post,0a6f9851c41b1b07,Umno-BN brims with bravado. Umno-BN brims with bravado&nbsp;&nbsp;MSN,https://news.google.com/rss/articles/CBMiwgFBVV95cUxQa2psaWJBZ09SWUdNQ0MtbVlyQjZlQmRpN19KRUZMRU4zUDFCWU9rcGdHNUR5S1RXeC1UTmN0emRVX3d6TjlhQmI2eWNtRUtkXzFCTnVtN2E2dXV1WmRldzI5NWNLMU1OTE5ia3dHWUJRZ0xKanBrQS1YaDF3bGFQTzc3NktwaWk0alVMYms3UTktV0RHS0Z3SWpVWVNETnJZcy13b2Vrcm5jLVRPVXg1MXkyYm4zZ1BzM09fQW0xNlJCdw?oc=5,neutral,2026-06-19 02:10:18+00:00,0,0,0,0,0.5,0,0.0,neutral,0.6803738474845886,english,Mixed/Urban,love,0.07255729287862778,0.015726536512374878,0.07993322610855103,0.026216497644782066,0.46718668937683105,0.022982846945524216
news,post,3a0588c13241d635,"Narrow wins, royal row will disadvantage Umno in Negeri Sembilan. Narrow wins, royal row will disadvantage Umno in Negeri Sembilan&nbsp;&nbsp;MSN",https://news.google.com/rss/articles/CBMiyAJBVV95cUxNVnFkZjZ4Z3dyeWtVOHlPdVItc25CVnI3anhQQUJUZE11bGctTmhZM0cwNEdxSnRodEZhY2wzVjc4bjYxU0h2dVRRcXc3ak51YzgtaDBzajJPSFUtQzdqekR6b2FCTDFETl9yRHVGWm5nZnh1TzB4Mk1mODNlMUlsQ3JjSlpONXAxeHRZV2dqOTVwVFFwMlVfTTZaVWZuY2VyZl84dWdjVEYyaF9udFhuUzNsdEl2TFBjU2ZkV3RDLWQ5ZGVJRUd5dV9qeS1ZRk5HTTNVTVBkSHhuNFluSzVIbjU1ZzBKWXNpcEZTWHl6TmxOSlhJMlFOejVCVkhuQkw5R1JuSWV6S2JIOXpXeFZaUnVPTWgxVGU4SGZLRUN5TjVKWVVOdmZWNTBuX2VUSGRXazU4TWMtM2xRQThkRkd6NDVYTi1NTU1u?oc=5,neutral,2026-06-16 13:39:00+00:00,0,0,0,0,0.5,0,0.0,neutral,0.7097824811935425,english,Mixed/Urban,no_clear_emotion,0.05937143787741661,0.01613914966583252,0.11496257781982422,0.0248990748077631,0.24299870431423187,0.023442920297384262
news,post,6f8b09c94613e0bd,"PAS could serve Umno a reality check on pact with PH, says analyst. PAS could serve Umno a reality check on pact with PH, says analyst&nbsp;&nbsp;MSN",https://news.google.com/rss/articles/CBMitAFBVV95cUxQeDUtZnlzS3hXcGhqRXVCVmZDWDZMZjNJWTJZaU9LTlFtRDNUMkcycjR0VEJKeFN5UXZqeUhReDJ0OVhIck5fdUZOR296MGlXdTBrbXpkbXpNVGdIVk81bTRnZS0wMWRORjdQeHNzOUNWNE00S3JZNkNqWV9TUHBUYXoyYmkzOEFWZ0JoS2duVjA3b2EyZXNickQ1YW5jRG5LRTVWc1ZrTVAxN1YyN2MxSGdsQmM?oc=5,neutral,2026-06-16 07:56:04+00:00,0,0,0,0,0.5,0,0.0,neutral,0.8546817302703857,english,Mixed/Urban,happy,0.05657235160470009,0.04747897386550903,0.3577134311199188,0.034748829901218414,0.22154659032821655,0.0412454828619957
news,post,d84b9fa42a559bb1,"Voters must punish Umno for betraying state govt, says Aminuddin. Voters must punish Umno for betraying state govt, says Aminuddin&nbsp;&nbsp;MSN",https://news.google.com/rss/articles/CBMi8wFBVV95cUxNZEM3UmQ1aFEtY285R09PTDNoZVhnY1hFTEVkNU5ra2w5ZDN1X1EwWFZxZEE5S05zeDc1Y2ZsZnFfcm1CbWJmOWdxNnM3RzE3eXdjNjRwQmJVV05KQnpDZWV4amJoa2hNaHVpQmNfUFN4TmxDSTBkQWlwcmdybWRFZFplaS1NcmNLVnpLMEJ0bWZwR0ZoSHpJdG5tcWRJSDZWUEt6aGtFdVV2d0poREE1YlRGZ2Frc1pmTzM1eWc4UnhmSUVhTzRqWnV1MVpzaWJUV0NBSHppNER0WjFnV2dUYW1DQzVQcXRYdllxVFQ1dTBxS00?oc=5,negative,2026-06-16 14:13:55+00:00,0,0,0,0,0.10139595866203308,0,0.0,negative,0.6620134711265564,english,Mixed/Urban,sadness,0.07303003966808319,0.030174361541867256,0.02099972404539585,0.7147865891456604,0.08417490124702454,0.02352217026054859
news,post,cc92f57e1bc1990c,"PAS needs moderate ally as support base nears ceiling, says KJ. PAS needs moderate ally as support base nears ceiling, says KJ&nbsp;&nbsp;MSN",https://news.google.com/rss/articles/CBMirwFBVV95cUxQT3VZV3A3Nk1uc01yTGNMT29uSFV0RFhkUlpTT0g5SW5uNWFkb2c3NWM4Q1BrbzRudjFiZWd3UUxDRk5uRTJ5UUhrN2RiVmxrdUI3NVE4amRyOEJlbEtEWTlIQWFKRjhFSDUtOVVYX3hjc1d5QlBsNkUxek10Uko4ZzNVcmMxMy1UbC1BME05a25zQkN6NzVIT3ktX1B2X2phVDZOUWZlSWZ3ZTlaamg0?oc=5,neutral,2026-06-20 00:25:37+00:00,0,0,0,0,0.5,0,0.0,neutral,0.8654728531837463,english,Mixed/Urban,love,0.09082983434200287,0.06652442365884781,0.26944103837013245,0.040486883372068405,0.2982679009437561,0.031079424545168877
news,post,eab4a4e8836ac432,"Pact with PAS doesn’t have to be called MN, says Akmal. Pact with PAS doesn’t have to be called MN, says Akmal&nbsp;&nbsp;MSN",https://news.google.com/rss/articles/CBMi6AFBVV95cUxPSXNrR2xUcTlXbV9NWmtTMDJWcmZQMXY2NG1fbEJKMEZOR1FBUjAxdDc1bURNQjlhVDV6TnRjak83TndYeV9Balc1Yy1BbFRZdHhqb2VMajk0a0VsbVE0ZldpdTdIXzYtWWtERHVNUl84RlE5UmhNN193OXpfMjZuS3RMNy00UXpIYzZQWGtBY1pxYUtxZzFlandrMzF3bHZWLW84MWxXQWJLU0FrQ1lVSEhDZF9nV2t2YmtUNm04bkI0LUdtRVQtNnRaZDJfdGN1Q2hYMUZnOTcwZFlaUlNkUmpjb3B5T0x2?oc=5,neutral,2026-06-15 10:57:23+00:00,0,0,0,0,0.5,0,0.0,neutral,0.8282396793365479,english,Mixed/Urban,love,0.10781849175691605,0.02784980647265911,0.06314077973365784,0.03981231898069382,0.42881742119789124,0.03760663419961929
news,post,b47d517fed009c45,OPINION | Trust Me One More Time: UMNO's Never-Ending Search for a Lifeboat. OPINION | Trust Me One More Time: UMNO's Never-Ending Search for a Lifeboat&nbsp;&nbsp;Newswav,https://news.google.com/rss/articles/CBMiswFBVV95cUxNa09FN1lrSmw0cmNlMThyUWI5R2tmLUxGTGdWUVlyVVFHb0lPTGJDb3pOanh6QUxYd0Y1ajZKbTQwMThWQjNtWGRZb2o1VmtIYWZSQlM4SWZUWWRKUGpwMUk1Q3NjYms1VVhiMl84QXVJLWEzZXU4eWFjT0M1anFlUS1Kb2FfNDhJUzg2STFUc2g0OVdnSWZlR3dBVWtLTWRnRTItTlBiTTFmOEplWXlpOVJpOA?oc=5,neutral,2026-06-18 01:30:00+00:00,0,0,0,0,0.5,0,0.0,neutral,0.6492668390274048,english,Mixed/Urban,love,0.03394278138875961,0.04766126349568367,0.11602886021137238,0.04566621780395508,0.34974685311317444,0.0577128604054451
news,post,d0332e1b28508ef3,OPINION | It will be BN / UMNO who will decide the date for 16th GE alone and not PMX or in consultation with him. OPINION | It will be BN / UMNO who will decide the date for 16th GE alone and not PMX or in consultation with him&nbsp;&nbsp;Newswav,https://news.google.com/rss/articles/CBMitwFBVV95cUxNNm1EdFhMTXNZWFAzeU5ZcjJFRzNTMUtUaGxkeExjTVMyR3o3Z1pISnV5S3c3THRmRzJEcEtURTVxZ1dlQ0pjdFE5VXRRRnlPN0R0aDRBUkNWaE9XeXFLZ01TT2tXVGw4ZkJTbl91VXAtUFZRMm9udGJrYkZLRDEtaHROYWdxeXVBMTZVM1RpWW5haENJZmZXb2ZnREtFTWhVYUtVSnVPOWZiWEJFNEY5UEQyRi14S3c?oc=5,neutral,2026-06-16 03:00:01+00:00,0,0,0,0,0.5,0,0.0,neutral,0.8136507868766785,english,Mixed/Urban,no_clear_emotion,0.05499868467450142,0.04165362939238548,0.12369333952665329,0.02326068840920925,0.0954422727227211,0.03251270204782486
news,post,f9856138e1f34616,OPINION | Before the War Drums Fade: How Johor UMNO’s Solo Leap Left DAP Rattled and Exposed. OPINION | Before the War Drums Fade: How Johor UMNO’s Solo Leap Left DAP Rattled and Exposed&nbsp;&nbsp;Newswav,https://news.google.com/rss/articles/CBMitwFBVV95cUxPLVdLX1JleTRmZlBQbzZuVkt0VW4zUnkwMjZpWEQ2V3FrRUxWVUNKZjZvXzlVaUl5eE1WVWRtY3RORE1oTjBfeGU4bFJodVptdzJZTVE2VVNJa0U5ZGRhel8xWEQ4d3l5UkZsWnlfY216QWxrMlNjbTBUd3ROUVRKb09NTHZhUThzQ1lQQkJkbWxXMUxab3RXVUdfMEdueXVMcENHOWpfZkQ5MUx2cXI4SmEzQzhKZmM?oc=5,neutral,2026-06-14 08:00:14+00:00,0,0,0,0,0.5,0,0.0,neutral,0.8591618537902832,english,Mixed/Urban,no_clear_emotion,0.08678027987480164,0.03454028069972992,0.15583790838718414,0.04272536560893059,0.12432064116001129,0.024986306205391884
news,post,df5208a4cb062d04,"OPINION | Dear Datuk Onn Hafiz, why NO to DAP?. OPINION | Dear Datuk Onn Hafiz, why NO to DAP?&nbsp;&nbsp;Newswav",https://news.google.com/rss/articles/CBMiiwFBVV95cUxQeXJSVWZBNjE4NGxvVHllR3pKci1wenFUVG9BZ25oSDdfY2V5RGJLd3FWRUFka3hRcF80djlxV0Zia0dYRElkRlB5TmI2S1RTTzdLOUFZdjdJbnNpbjRHRHVtb1FUS21jRkUycFgyLXdVczk1d3hyM2dhU3Q5alpyNTlwVGtXRXpQbDhJ?oc=5,negative,2026-06-18 09:00:00+00:00,0,0,0,0,0.1584811270236969,0,0.0,negative,0.471729576587677,multilingual,Unknown,love,0.07465730607509613,0.016549738124012947,0.0322934165596962,0.05434579774737358,0.6308919191360474,0.03145311027765274
news,post,f3019ac9bf53c864,Puad opts out of Johor polls. Puad opts out of Johor polls&nbsp;&nbsp;MEXC,https://news.google.com/rss/articles/CBMiSEFVX3lxTFBuQWF2QlJjM0FOQmc5MThzQnJUanR6X2M5VDhvYWpRSTdvNVpJc2xIdWVMUVZra05mbHg1b3BFb1RMMVN0STNxZg?oc=5,neutral,2026-06-17 10:56:19+00:00,0,0,0,0,0.5,0,0.0,neutral,0.6993550062179565,english,Mixed/Urban,no_clear_emotion,0.03511979058384895,0.01123758777976036,0.0522349588572979,0.0181752759963274,0.20542752742767334,0.020319370552897453
news,post,ba999f006fbedf90,"PRN Johor: MIC pertahan 2 kerusi, tukar kawasan dengan Umno. PRN Johor: MIC pertahan 2 kerusi, tukar kawasan dengan Umno&nbsp;&nbsp;MEXC",https://news.google.com/rss/articles/CBMiSEFVX3lxTE5SeFpMM3cwMXdWSW9weUswQ3ZrUHlMVXZtQWRBdUJmTjl1UXZ6ck1FMDdhZmpWempvTWN5T0xGakl4NnFhVFZYRg?oc=5,neutral,2026-06-19 18:27:19+00:00,0,0,0,0,0.5,0,0.0,neutral,0.8581590056419373,english,Mixed/Urban,no_clear_emotion,0.05797534063458443,0.014300464652478695,0.049775827676057816,0.024639345705509186,0.2000366449356079,0.022363994270563126
news,post,42cc27e4493d3ab0,'Good luck': Khaled responds to former Umno figures joining PAS. 'Good luck': Khaled responds to former Umno figures joining PAS&nbsp;&nbsp;MSN,https://news.google.com/rss/articles/CBMirgFBVV95cUxORGhlOVh3T25tN0tBWjN5X3FqNDhUUlQ2bEJna0pNZGY3cTJmN2I2TmphSVdJT0ROVXZjTWZZY1lGVzNkVUNfOHJKQk16NTdTaHppTTRiZ0x2Y1lQOXE3eUsxM240VTlRQzM0dnB1bkh5b1NVSExnRzlVRUNKNEtLWVpzY0J5anVqbFJ1V3Nqc3JrRFZLZ0lxNWpFTDZkbVYtUkdTLVFtclJxZnRDTVE?oc=5,positive,2026-06-14 09:48:32+00:00,0,0,0,0,0.9794602870941161,0,0.0,positive,0.9315342903137207,english,Mixed/Urban,happy,0.023306038230657578,0.03677453100681305,0.671748161315918,0.011208167299628258,0.06945671141147614,0.02395613119006157
news,post,37a56a1c2189a5df,Umno Youth chief’s challenge to prosecution over Facebook post set for June 16 hearing. Umno Youth chief’s challenge to prosecution over Facebook post set for June 16 hearing&nbsp;&nbsp;MSN,https://news.google.com/rss/articles/CBMi0AFBVV95cUxQXzVtTk1DNzhfYXZmYzBnRjNrT3FCSjNXeTdZMkFJdUhwNUMzRWdTV2FRUVp0V29IekVnRzU2WHpZeTg3V0pMaVVUOWFCU1NiUENSeUJpeVpjRkhpcFp4eGtpSGdJdUpQWUlzZXBPNWY4bTJiM1hjLXBIWW5VRzZGc2N0aHZ4d2JUa19QdnpwS1BqQVBwdVRKa3E2QlVHZUNzTVdkempDRlpOZkpNdjhURkJjVW9RMkNmWGZqdnhUaUhvTFVXZTR4VlVnemkxeDk5?oc=5,neutral,2026-06-17 02:55:14+00:00,0,0,0,0,0.5,0,0.0,neutral,0.8486467003822327,english,Mixed/Urban,no_clear_emotion,0.04016151651740074,0.020778564736247063,0.097992442548275,0.018478253856301308,0.06110379099845886,0.023539485409855843
news,post,71eef035ab98f966,"Umno sec-gen welcomes 21,858 new and returning members to 'Rumah Bangsa'. Umno sec-gen welcomes 21,858 new and returning members to 'Rumah Bangsa'&nbsp;&nbsp;MSN",https://news.google.com/rss/articles/CBMi8gFBVV95cUxOWnFMY1pWdzBFYzFQenlkNF8xYWpPdVR3dktSWl9OakNTeVRRUGVqSmNFNjhWQ2pUWGhLUHJ2MFlzNlJqOUF2Tk1CckIwWExoTk5vZzY5TjdoOE1NQU5WV0ZpZlhQaUFuQnUweVpzT3NHbkhQZUNqVW5ZYktqZlJHQWg3emlmU3ZaVFZNMG5oRksyUHBodkRIdHpsak90UkFCM2F6ZlBKdjVxd3dYU1lRQS1CSnQzaFhIYVVuNFp5OGVuLXVPMk5WdVd5TWJYZmNZRUc3Um1OTEQ1UGRWdkcxTlZnRm44SnZCQmhEbW03cWpjZw?oc=5,positive,2026-06-16 12:24:53+00:00,0,0,0,0,0.9031165540218353,0,0.0,positive,0.6770551800727844,english,Mixed/Urban,no_clear_emotion,0.014963585883378983,0.01656907983124256,0.09036152064800262,0.0200485922396183,0.14062254130840302,0.060535185039043427
news,post,0627e4b2763ccfd9,"Court-ordered auction of Jamal Yunos’s assets postponed after RM66,600 cheque to Teresa Kok. KUALA LUMPUR, June 20 &mdash; The planned court-ordered auction next Monday of 14 seized assets belonging to Umno leader...",https://www.malaymail.com/news/malaysia/2026/06/20/court-ordered-auction-of-jamal-yunoss-assets-postponed-after-rm66600-cheque-to-teresa-kok/224523,neutral,2026-06-20 05:16:06+00:00,0,0,0,0,0.5,0,0.0,neutral,0.5151748061180115,english,Mixed/Urban,no_clear_emotion,0.034453943371772766,0.018322721123695374,0.09295734763145447,0.0150223970413208,0.11823033541440964,0.028842169791460037
news,post,6500ebe589ca3a14,"Is Bersama planning to contest more than 10 seats in Johor?. Projection suggests Bersama may take on DAP and Umno, apart from PKR.",https://www.malaysiakini.com/news/777782,neutral,2026-06-20 04:13:18+00:00,0,0,0,0,0.5,0,0.0,neutral,0.9533929228782654,english,Mixed/Urban,no_clear_emotion,0.018334658816456795,0.010372165590524673,0.07925776392221451,0.00882370863109827,0.1515398472547531,0.024061474949121475
news,post,9477a83119c3f1e5,"Jadikan pilihan raya medan semai perpaduan – Khaled Nordin. KOTA TINGGI: Tempoh berkempen sepanjang Pilihan Raya Negeri (PRN) Johor dan Negeri Sembilan perlu dijadikan platform menyemai perpaduan antara rakyat berbilang kaum dan bukan medan menyemai kebencian. Naib Presiden UMNO, Datuk Seri Mohamed Khaled Nordin sehubungan itu berkata, semua parti politik yang terlibat perlu menjadikan demokrasi sebagai platform menawarkan idea dan menyelesaikan masalah rakyat. &#8220;Kita ... Read more
The post Jadikan pilihan raya medan semai perpaduan &#8211; Khaled Nordin appeared first on Utusan Malaysia.",https://www.utusan.com.my/nasional/politik/2026/06/jadikan-pilihan-raya-medan-semai-perpaduan-khaled-nordin/?utm_source=rss&utm_medium=rss&utm_campaign=jadikan-pilihan-raya-medan-semai-perpaduan-khaled-nordin,negative,2026-06-21 04:35:58+00:00,0,0,0,0,0.0052492618560791016,0,0.0,negative,0.9825024604797363,malay,Malay/Bumiputera,love,0.0712493360042572,0.020981142297387123,0.09824726730585098,0.04472000524401665,0.540604829788208,0.023647349327802658
news,post,e36c738ca9b6172d,"DAP names newcomer Chu Poh Yee as first Johor polls candidate, rest to be named by Monday. DAP names newcomer Chu Poh Yee as first Johor polls candidate, rest to be named by Monday&nbsp;&nbsp;Malay Mail",https://news.google.com/rss/articles/CBMi3wFBVV95cUxOOHZkREY0dDU1WGxCN1d4WF9VWVo5dEVNRUkxSHo2WDVpOHZzdldEQXRnLXFkQWFxOWhiZXI0WW1EelhTV05wSTZGOG1EcFdzMFF2TmUzWTB4UjJ4ZmlhR0dwb2FoSzc1cVNjdEhXYXFhZGs4eEdXdUlkWVQwYzVpZHhZVUhDX01WdmtLTUREdnVVNHZ3NGZsbEJGU1J6eVFQekRHa2p3LXVBY0pHVTh3a005dEFyWmwwcElIOEd6eGZJS3hPRkwzSDBBam5QWlFScHJQUElHNDZpbkFHYktr0gHkAUFVX3lxTE1LT1ZrREgxWkFOcFgxaUgwTEpPVWRLZDkxSTRoOU5vSzBZNEgxRGx0cExRTy1LdE1oLVhfc3BYQ0tNU1FoOUx6aFhDNjZ3UTdxaGVEOW43REV5SFhxZHQ1SHhjODdiWlRqWFpEUEtyZ1FfU05STm1ib0xZRG1HdUZjMVFPSnh6N1oySGZJa0RIVTlTR1RWZ3Zib2xUMnJjYzJZaklOWWNnZHp6OTBvVVhKdE9tWFBiUzcxa1RyUXZ0b29BQnBaRzJMdGV2Y2s3ODBScXBIUThnTGVLS2JkQXNIbHh1NQ?oc=5,neutral,2026-06-19 04:23:30+00:00,0,0,0,0,0.5,0,0.0,neutral,0.9083304405212402,english,Mixed/Urban,no_clear_emotion,0.023086518049240112,0.05931353196501732,0.2998068928718567,0.019364118576049805,0.11762971431016922,0.06835780292749405
news,post,bd5ee48659d38e26,Johor polls: DAP to field four candidates. Johor polls: DAP to field four candidates&nbsp;&nbsp;The Star,https://news.google.com/rss/articles/CBMi2wFBVV95cUxQTW5WMlNHUnVGTF9aejRDNGRxSklTWFd2aGQ5YWRzbXlwdEtvS0dCOG5UdkozRUlRTUxqZ2U3dXhOc0ZMc3hoekt3ZlVRa1dmUEltMGd5Q0FEaHJ6TlNDNXRwclJpb1NqNnA3Sy1Fc2taMU5kbUhTMHBNdzZCcEMtQk5KMk1QaEt5SkxmcUN0TGhncUNuTVJmc1YwTGhwMXIwTFB3RHNwb0YtWXhkd09pMlhIT04xOXlIVFlDdldWTGtDRS1NUFU4T3JIdmVWeXlyR0J6UWtWVUJud2s?oc=5,neutral,2026-06-20 05:57:00+00:00,0,0,0,0,0.5,0,0.0,neutral,0.9037405848503113,english,Mixed/Urban,no_clear_emotion,0.02349105291068554,0.010680831968784332,0.044419340789318085,0.014752090908586979,0.18781667947769165,0.02034473419189453
news,post,d1a1d8b39e52c246,SNAPSHOT | DAP fields Malay SJKC grad in Tiram; Muda chief won't recontest Puteri Wangsa. SNAPSHOT | DAP fields Malay SJKC grad in Tiram; Muda chief won't recontest Puteri Wangsa&nbsp;&nbsp;Malaysiakini,https://news.google.com/rss/articles/CBMiUkFVX3lxTFAxWWwxa1diM3Z3dmtKNTMyWDRBLW00dGhqeGJTWFF3UjBZSURKeVJnRkN5TU5GQjlWMWJqYmVsX19aMVNQaWFzY2R0WVQ2Y29oUWc?oc=5,neutral,2026-06-20 06:02:09+00:00,0,0,0,0,0.5,0,0.0,neutral,0.9968895316123962,malay,Malay/Bumiputera,anger,0.38165974617004395,0.2701984941959381,0.08435730636119843,0.04364972189068794,0.06787093728780746,0.031482499092817307
news,post,649e500f48b81f11,"DAP names Nor Zulaila to contest Tiram seat, Lee for Johor Jaya. DAP names Nor Zulaila to contest Tiram seat, Lee for Johor Jaya&nbsp;&nbsp;Free Malaysia Today",https://news.google.com/rss/articles/CBMiwAFBVV95cUxOajVNZzdWRzZOZlczUnBMRFpLR3NXMHpoYkliREZSMUdsUVR0dENWYVdUOC16UVRsNjFHb1pnXzMxTDBRNFJIUGtmaDY4WjFmNWRBUE4zTkZMZEpBMG43SVRFNzlqZnNjSk5nemR0b1VTQUM2Y1gyM0hfQ2prRjFZa0Fyd2hmdjZfcU9aMzgwVktRcjd5UWpQNzZWQ3FuRnBLZmxMbTdnWW5rRjRyVXpoaFdyc3dEbHdCLTVaLURxYmo?oc=5,neutral,2026-06-20 04:41:48+00:00,0,0,0,0,0.5,0,0.0,neutral,0.9159834980964661,english,Mixed/Urban,love,0.06193360313773155,0.012606052681803703,0.0501214936375618,0.02274451218545437,0.546080470085144,0.019974786788225174
news,post,81aba0f99ab9289d,"Johor polls: Malay, female faces among four DAP candidates unveiled on Saturday. Johor polls: Malay, female faces among four DAP candidates unveiled on Saturday&nbsp;&nbsp;The Edge Malaysia",https://news.google.com/rss/articles/CBMiUEFVX3lxTFBBeWEwcXZuaHhKNzhNc0VuWG5SUC1vRU1qOFJQV0FBVko2ZEpKcmVTX1lrYzhXa1phOENlaEtwcHYtTEJlSlJsNmZkMkdXb0JU?oc=5,neutral,2026-06-20 09:02:43+00:00,0,0,0,0,0.5,0,0.0,neutral,0.8803147077560425,english,Mixed/Urban,no_clear_emotion,0.014574061147868633,0.014192377217113972,0.04925299808382988,0.009135495871305466,0.08173931390047073,0.02537742629647255
news,post,3f0faa9dd0390f73,DAP to unveil Johor state election candidates tonight. DAP to unveil Johor state election candidates tonight&nbsp;&nbsp;NST Online,https://news.google.com/rss/articles/CBMitgFBVV95cUxPb2EydmRDYy1NbTZ4dFFieHVlMEIyVFU1NXFXZHVjVDhYcENEZk5uMXZaa1VqaXc1QzV5VXlKdS1nWm1aSEhsNTRhQVF1aDBsbUI5TnB0TEdaeTVOVmNmbFVTQi10TG9GcjRuLWljYjBTeVZ6V1d0Qkl6LUQyR0hBT3RlRGFpbGtvN2JabjZvWDJZcWczeXFUVmJqUFR2SHc3T1YtVzNsTlAxTlc2S1JmeDBXSE1zd9IBqAFBVV95cUxQSTR2WVRfLVB4d1VhdjlLeWpCdGlYaURUOW9faVVOaW5JSy1TclBuWE83aVlEek9KVkVNcWEzTmxCVDh4VHB1VFFHMVp5WE5nT052dERYQ1R5dkdLMWhLdk5NTUQwNFk0VEVfSlZJbjZqMGl5ak1tUXV6NldhWWFsNVFPRUVyTXI5dzJBN2xrbEt3SzdQdHlvemFQd0Zfc2YtcXphaGh4SEM?oc=5,neutral,2026-06-18 09:05:47+00:00,0,0,0,0,0.5,0,0.0,neutral,0.9216195344924927,english,Mixed/Urban,no_clear_emotion,0.01869804784655571,0.016559408977627754,0.07077368348836899,0.010821348056197166,0.06237368285655975,0.02167050540447235
news,post,0b0bff5ce4cb4809,Teo warns against smear campaigns targeting DAP posters. Teo warns against smear campaigns targeting DAP posters&nbsp;&nbsp;The Sun Malaysia,https://news.google.com/rss/articles/CBMipAFBVV95cUxOQklMbi1SRnUzRDc2aUVNckFBdTdOSUZNVVh3QWIxczd6T2ZlVFVOc2RhVjBTaTlXM1dwa0VkamVEdVR4SEttbEdDMmdJZWNlNUpvLU1FeW03T1VTeDhCT3hYbzdzc2NDNTNqYVhKNldSRWUxNjVrVF9UYk40bmFMX0c3ZTBHeVpENUhlajFqT3ZHOFp5RVZrczBSUnByQ0ZKdGZ4OQ?oc=5,neutral,2026-06-17 12:22:41+00:00,0,0,0,0,0.5,0,0.0,neutral,0.7794468998908997,english,Mixed/Urban,love,0.222882479429245,0.014938853681087494,0.08399979770183563,0.0204041488468647,0.36176568269729614,0.018990201875567436
news,post,8231c97217464d51,Johor polls: DAP picks young female lawyer to defend Mengkibol seat. Johor polls: DAP picks young female lawyer to defend Mengkibol seat&nbsp;&nbsp;The Edge Malaysia,https://news.google.com/rss/articles/CBMiU0FVX3lxTE5KWHYyN1RJbXU2aFdrYjdaYjJWNFhwQjhvZW15c0xrRU1oYmhlN2o4c3hCRC1pWUJJaXhJeFpCMmxBUlRUTUVRNVVmNE9qZXBCdEpV?oc=5,neutral,2026-06-18 17:00:50+00:00,0,0,0,0,0.5,0,0.0,neutral,0.8599409461021423,english,Mixed/Urban,no_clear_emotion,0.03128157928586006,0.01585433818399906,0.10154116898775101,0.01691722311079502,0.30286017060279846,0.02603233978152275
news,post,cad392df7fb307b6,"AI tudung pic sparks DAP fury at MCA, Johor ex-rep warns not to over-appease any community. AI tudung pic sparks DAP fury at MCA, Johor ex-rep warns not to over-appease any community&nbsp;&nbsp;Malaysiakini",https://news.google.com/rss/articles/CBMiUkFVX3lxTE4zVGJ1bm92c3lYRzFSMHlucFBfVTdleXdMOFZFa2VCZjdvS0o5cV96amR1UjRRQ2pwSmdDZS1DQkpydnNhS2dabkVXZ0FGYklxYnc?oc=5,neutral,2026-06-20 07:30:09+00:00,0,0,0,0,0.5,0,0.0,neutral,0.6545236110687256,english,Mixed/Urban,anger,0.34079858660697937,0.10836637020111084,0.13557074964046478,0.04379978030920029,0.18955519795417786,0.025745591148734093
news,post,1e4ce8f31c63abf3,"Barisan chooses not to work with DAP due to different political ideologies, says Onn Hafiz. Barisan chooses not to work with DAP due to different political ideologies, says Onn Hafiz&nbsp;&nbsp;The Star",https://news.google.com/rss/articles/CBMi1gFBVV95cUxQZW15ckFpazRhaE5XTV9ocG5abEN5dTBPSnJVcEhSa1JJQnFLRkt3X1pxMkxfbXNDREQ5YnNvdWpDTDJMdFhqZjhaZzVYRi1GVlBtS0JqUGV3YWpST0Iyem1DLXFtY3lMbk90Q1BpaTQxdjQ1aklJckVtQjUxTjRfM1pzMmNjalZkVUxMcGtNa1JDM00tcmdsWlRRMGRKNkVNYlMwYmdTQUNGZEJnd2pYZW5jbC1ROUVzd2x0VEVHNzZXay1nTjcyS0t5YzNaSTJWc1VHcGRB?oc=5,neutral,2026-06-18 02:00:00+00:00,0,0,0,0,0.5,0,0.0,neutral,0.5766502022743225,english,Mixed/Urban,love,0.29348739981651306,0.06150118261575699,0.05949684977531433,0.05228094384074211,0.30168721079826355,0.021059442311525345
news,post,bc5fa40a66ae833c,DAP to field 2-term Mengkibol rep in GE16 instead. DAP to field 2-term Mengkibol rep in GE16 instead&nbsp;&nbsp;Free Malaysia Today,https://news.google.com/rss/articles/CBMisgFBVV95cUxQWTNObkRXNldJSkNtdkg1dUN4dE11Z3I3S0tLb2JLbDBmOFE3M21IeFgwb2djanNWZTdlSndNSXNlREtrZFZyOTFXb1V2VjVteXFyNGhhTDFHWm9MSFNMZ2Y5a2ZsbjB4bFBEYi1OdFNFbC16Z1kzMUJFd1JaUGhLTGg2S04zaVlUMk1GUE5teGhjMUJMZXE0ZzQxNmtPU04zYjQyZkxxc0hQcXRtVVprR2lB?oc=5,neutral,2026-06-18 12:58:46+00:00,0,0,0,0,0.5,0,0.0,neutral,0.9513456225395203,malay,Malay/Bumiputera,no_clear_emotion,0.04177216440439224,0.00975523330271244,0.06460732221603394,0.014258189126849174,0.17423242330551147,0.022078298032283783
news,post,ee966b753d58f0eb,SNAPSHOT | DAP fields new face in Mengkibol; Putrajaya greenlights National Tahfiz Council. SNAPSHOT | DAP fields new face in Mengkibol; Putrajaya greenlights National Tahfiz Council&nbsp;&nbsp;Malaysiakini,https://news.google.com/rss/articles/CBMiUkFVX3lxTFBDZnM1WkVIYzRfRGp4SFl4XzNBbHNkNjcwOXFxV0RaZTZXVUx5UWtvV0NwZWpMYnVFSDE3RGo2UThCSVBCWFExMERNdlNLMEtjdWc?oc=5,neutral,2026-06-19 01:01:58+00:00,0,0,0,0,0.5,0,0.0,neutral,0.9977089166641235,malay,Malay/Bumiputera,no_clear_emotion,0.05102894827723503,0.026392532512545586,0.10579788684844971,0.027354735881090164,0.1927865892648697,0.036361999809741974
news,post,972ec6584d45f379,"Two-faced? Look in the mirror, Ti tells DAP. Two-faced? Look in the mirror, Ti tells DAP&nbsp;&nbsp;Free Malaysia Today",https://news.google.com/rss/articles/CBMipAFBVV95cUxQTTNMZGd4Z2U5dXFaOUtnUTN0R1JPYl9oaGk2cTI2UVZwZGhIUndUMWxONVhpM21JUTMyUU5ucTFaWFVyaXM2SFdoZ00zTGxLTWI0N2FVTUloNVY4RVhFclhMTzJXZVlIelBOMlVudkZqWTNySGtGZTI5VGE0Zi1jVTY2YWhPRjZqc1JjRDN1em1GZDVnR29NZHFLLW1VMXFpeTlqZA?oc=5,neutral,2026-06-20 11:29:34+00:00,0,0,0,0,0.5,0,0.0,neutral,0.8495815992355347,english,Mixed/Urban,love,0.02879106067121029,0.010624275542795658,0.09877409785985947,0.015915900468826294,0.49319836497306824,0.026003481820225716
news,post,5f9f1eb2c6f2f9e0,DAP to field mixed slate of candidates for election. DAP to field mixed slate of candidates for election&nbsp;&nbsp;The Star,https://news.google.com/rss/articles/CBMiowFBVV95cUxOME8temx6MzdhWE8xSFRuX0VabVBQaDhiUThFVThfN2wtUkV4bnEwbHhBalVzYnBhZy1zcVI1Y1pUMk1obW9sVUFWRXV1M1E3a0lHYUV1eWlPaGp4QnJSSTI1VDU2T2FxQTNXSFBiUW42Y2FBZU5LRS1JaGRudEJvYmd1b0M3RkV2d1d5TnZjSG94X3o1RDlsVU1BbXN0ZXpyRGN3?oc=5,neutral,2026-06-20 23:49:33+00:00,0,0,0,0,0.5,0,0.0,neutral,0.9265057444572449,english,Mixed/Urban,no_clear_emotion,0.023749470710754395,0.018023476004600525,0.037285756319761276,0.010017464868724346,0.04792294651269913,0.01999383047223091
news,post,f8e2bee0fc6d6d3d,"Clarify stance on Selangor halal, non-halal waste separation guideline, Warisan VP tells DAP. Clarify stance on Selangor halal, non-halal waste separation guideline, Warisan VP tells DAP&nbsp;&nbsp;Borneo Post",https://news.google.com/rss/articles/CBMizAFBVV95cUxOa2lJNEpmb3hpdE01OC1iX082WnkybEdGMERkbkQybnNKU1NwOG52ZG5WQ3diX090YXBodlgtdXhSTldJNFBZR3c3TldjSjBsTUVta21VRnczamZaZkZKanpJVUt3MTdDVE05NmU2bEpPVEFSaENJTFNrSnFGRFlfQU9Ra2NfSXJRN3Nta2lhS2EyM1ZkbXJManJScS0xb0NnN2VkNEpIYzdsSzV6QTFGRGQwN3A5TDBReU9aeDFnMUtfRTRKR3Z5b2h1eDM?oc=5,neutral,2026-06-20 09:53:10+00:00,0,0,0,0,0.5,0,0.0,neutral,0.8794873356819153,english,Mixed/Urban,no_clear_emotion,0.11286421865224838,0.030423862859606743,0.09860184788703918,0.035302650183439255,0.3314436376094818,0.03205321729183197
news,post,c51a338ab3e40dad,‘DAP must stop acting surprised by policies’. ‘DAP must stop acting surprised by policies’&nbsp;&nbsp;Daily Express Malaysia,https://news.google.com/rss/articles/CBMikgFBVV95cUxNWWRXdG5rd21hWU4zbkhsWlh0VGZFeVRtQzFTSnl3YXFORnU3SW9fRzVQNEd0bjViTW5feVd2bUhZak5oWkFFQllnUGxyWTRvaXo4RWNqTXFLM2hlZm9TUW82cW5jWklYWElYS0UyeVpPX1lBbmp3QkxfX2s5TmQ3Yy12STAzdkpldWxVU2NOMmp1QQ?oc=5,negative,2026-06-21 04:33:23+00:00,0,0,0,0,0.0554795354604721,0,0.0,negative,0.8150682151317596,multilingual,Unknown,surprise,0.00740860914811492,0.02699417993426323,0.015192761085927486,0.024828646332025528,0.021237825974822044,0.8705893158912659
news,post,25590d07f6a803e1,"Don’t be misled by doctored DAP candidates poster, says Teo. Don’t be misled by doctored DAP candidates poster, says Teo&nbsp;&nbsp;Free Malaysia Today",https://news.google.com/rss/articles/CBMiugFBVV95cUxOdHpralBma0FGU2YwTUl5NWRNMnEySkxnRUlGRjdKUGkyNHVLY1g4clJNOWx6d3l4NUZxMVhocm5zUWpPd05lVFU0Y2lHWFkyOXNjbVNWRG1XbXFZdW5oVTVQazItMXZnSk9vbEdUVElMeENjc3JBUFB4Wmx0ZUREcGRQSGNMT1QyZUt2NDVlUjZiOUhtQy05Rm1UalYyMEhxdEppOGc4Z1lTUzk2bmxKSlpDWlpSQUEyU1E?oc=5,neutral,2026-06-17 11:26:32+00:00,0,0,0,0,0.5,0,0.0,neutral,0.6470310091972351,english,Mixed/Urban,love,0.12875212728977203,0.02119564451277256,0.058021027594804764,0.023571191355586052,0.5230520367622375,0.015638252720236778
news,post,82628c68b1202e9e,"Build new power plant in east coast, says DAP. Build new power plant in east coast, says DAP&nbsp;&nbsp;Daily Express Malaysia",https://news.google.com/rss/articles/CBMikwFBVV95cUxPWEhPR19JMVRlNDlxOEtGcXJud21DaXN2clh4YnBrazFhbVNQaS1HaFd4V0dPWThZbHZLa2xFT0ZkcXN4TGNoOFJmTmxMVWxWcktFT3AzNU91U01ObUpFeXNENnJMOVlQRU1ub3lBSno3ZWw5cXVMQmxOdHltUENhSkE1ZFN0N2VKcFduRklHSWJpWHc?oc=5,neutral,2026-06-17 04:37:55+00:00,0,0,0,0,0.5,0,0.0,neutral,0.8728650808334351,english,Mixed/Urban,no_clear_emotion,0.05500035732984543,0.03131179139018059,0.12099231779575348,0.030256791040301323,0.11200478672981262,0.04736776277422905
news,post,2bc8d60fee43f0f7,"Kota Sentosa rep: DAP misdirecting criticism of Free School Bus Programme, enforcement lies with federal agencies. Kota Sentosa rep: DAP misdirecting criticism of Free School Bus Programme, enforcement lies with federal agencies&nbsp;&nbsp;DayakDaily",https://news.google.com/rss/articles/CBMi0AFBVV95cUxPN0ZJMEpTaUI1RmtHRzM2aVJKQW5UalVKWG8xTU9seXMwVTU4VldNbUFpVl9hRE50N1ZXQ0xEaVFMQXB4cy1vcUF6TEVQcjlvYTllaHdMeFZvdEJGTXE4bEx0dGNwam93cDVTYVhHZi1PMmg1LUV3Ul9HR2RHeFRqSTl5dUVSSWpid3J6WEdDN3l4MUJTZU1LejZYcm1jNE1VTW0zSktlZ2NNUHNjVk5rem1OdjQyVWxuMjdwbk1aZFdHR0JBT01CcGkwbkFRMFVM?oc=5,negative,2026-06-17 08:11:43+00:00,0,0,0,0,0.11632994413375855,0,0.0,negative,0.6122335195541382,english,Mixed/Urban,no_clear_emotion,0.12385354936122894,0.02071261778473854,0.06309203803539276,0.03184955567121506,0.16920290887355804,0.026650508865714073
news,post,e32477dffbc583c4,"Stop making DAP the enemy, says Amanah leader. Stop making DAP the enemy, says Amanah leader&nbsp;&nbsp;Free Malaysia Today",https://news.google.com/rss/articles/CBMiqAFBVV95cUxNOUdBZzhvVUg2TGEyaUZxNk04eEZqMVZYZUx5elVHdnFwb21GajdYdE9oSXVEaWxMTE5CYTZJMFNGVTFGSTJnOXhhZlNmdzJQNUJZdHVKRC04c016WW56dGJNTWZlWE5nNU1kS1hYTHVWX1llckJ3MWtqenp3dXBRV3BIU1oyd2VPa3c3SjNyeThBSXNZRDJRbFRFV1lGZUIwYnZOSWJXNGM?oc=5,neutral,2026-06-17 08:25:10+00:00,0,0,0,0,0.5,0,0.0,neutral,0.5398300290107727,english,Mixed/Urban,love,0.21454507112503052,0.018183622509241104,0.06767912954092026,0.09055310487747192,0.3612588047981262,0.028342468664050102
news,post,d2ac6e3fc12d5195,DAP Lawmakers Allegedly ‘Swollen-Headed’ ?. DAP Lawmakers Allegedly ‘Swollen-Headed’ ?&nbsp;&nbsp;Jesselton Times,https://news.google.com/rss/articles/CBMigwFBVV95cUxNeFR0Zm9xYzJpdndxVjMyWkN5SEdBckloVnhzaUhLZmx0QzhPVm9hUlJaSXFaOWNVRHdhOGJkNXZYV3JFQmU2YndkYnhGYy1JdFdwTWhzSXpjdjJVdDlEQW9uX2drV0ZYQjc4NVI4ek1QNHFmLThNYVZCaXU1NktrMVE5NNIBiAFBVV95cUxOQVlQblBqcDRfRGZCeXFhWUZyRzJOYm04MWFFd0ZiaThrR045UkhIX3JQMENxZjMzRnNudWRuZFZqTUpfTzZoRU5TdXpLc09nX0M3b1doaWdvWi0tczY2blhscUplSzRIZFNVQWZHS2pScXlEZDVNREtRSWJIeHdWQjlmOTAyODZi?oc=5,neutral,2026-06-15 22:23:00+00:00,0,0,0,0,0.5,0,0.0,neutral,0.7332934141159058,english,Mixed/Urban,no_clear_emotion,0.04086370766162872,0.02174384519457817,0.10284477472305298,0.029876546934247017,0.33001330494880676,0.04148947820067406
news,post,70e041903ffd2a10,"Johor polls: Why BN refuses to work with DAP, explains Onn Hafiz. Johor polls: Why BN refuses to work with DAP, explains Onn Hafiz&nbsp;&nbsp;The Malaysian Reserve",https://news.google.com/rss/articles/CBMirwFBVV95cUxNUTBUYzQ0WUJJdGY4YXkyVldZaG5xd0tyc0VPT0tGNV9KTDl4akR3cWJVLVJIYjVSOG5LV0pVZGZMTmxuQzVzNkE0TjltRW5fT2RvdnJtYXNVNzRpN0Z0MGNXbE1JVlhTSWhHZllUUkxYaTRHd25DaHV5TDU0b3BLaDdmby1YUE1YNHBxdGdoNmhLQms4SFFNNkRjakpqSExLVWxPSlExcmtJa3JTdHc4?oc=5,neutral,2026-06-18 09:14:23+00:00,0,0,0,0,0.5,0,0.0,neutral,0.7583136558532715,english,Mixed/Urban,love,0.06854145973920822,0.05006560683250427,0.01942909136414528,0.357507586479187,0.38108253479003906,0.04555906727910042
news,post,634c1d063d1a2719,Teo Nie Ching recalls ‘weird’ time she had to wave BN flag. Teo Nie Ching recalls ‘weird’ time she had to wave BN flag&nbsp;&nbsp;Free Malaysia Today,https://news.google.com/rss/articles/CBMiuAFBVV95cUxPLVpMZTVzY3NmX1BXSHNoNkEyb1FUNVlzVVo2MnQ3TFY5TTJFVHdrbWctWlAybG5aczJYNnFZN2ZZa3JSdWRid0RYamRjZjJMVWlhMUxnSDgwWTRRTHM5bHowa3lxbGlfNHlyX2Ewd1RSVWJxamdKVWFOLV9taDE1aTZZcGVYOFI3Q0otN18ySUVuUVlUZzVlSmdkMENDcGVRUjRoTkJGc09ERjRLZV9ueG9RTUdJb3lT?oc=5,neutral,2026-06-18 14:39:17+00:00,0,0,0,0,0.5,0,0.0,neutral,0.6848506927490234,english,Mixed/Urban,no_clear_emotion,0.05351346731185913,0.02440693974494934,0.27677252888679504,0.012968817725777626,0.30074402689933777,0.02457723207771778
news,post,2e56cc219fa07c85,Johor state election: DAP bets on Malay candidate in Ulu Tiram. Johor state election: DAP bets on Malay candidate in Ulu Tiram&nbsp;&nbsp;The Vibes,https://news.google.com/rss/articles/CBMiqwFBVV95cUxPTk43Q2JrQk1XYjd5LV9BMGV0RzZGT1VTQW5MSDZNWWlRaXNIWlZQM3JHbEhfeVNKbS1IaW9KcmhGaS11RVdSRGNTVXZ0Z0gyNVY4cHpYSGVFQ3hYbXdiSVRHa1QwdlI0dmNQRHYxQ2FwMmdrTG5ZVk95NWRMZmJrbU5JdE5LdzVLOFhhUXNsN25YUUpfdGNXcGx6a2VyS3BnQ01kbTlNX0NudzA?oc=5,neutral,2026-06-20 04:57:00+00:00,0,0,0,0,0.5,0,0.0,neutral,0.8733062744140625,english,Mixed/Urban,no_clear_emotion,0.05087368190288544,0.01432511955499649,0.05436895415186882,0.02496158890426159,0.34224140644073486,0.019873201847076416
news,post,ec9f3d6128099f7e,MCA man is culprit in AI-doctored tudung-clad DAP Johor state polls candidates’ poster. MCA man is culprit in AI-doctored tudung-clad DAP Johor state polls candidates’ poster&nbsp;&nbsp;Focus Malaysia,https://news.google.com/rss/articles/CBMitgFBVV95cUxNVmhFaXFHZFpTbTlieUM1WHBteFFOYXJOLW94Tk1XR2kyOF9oYTdoUDZHdUF5RjNaR2ZFOFdRYXlJYUhsWnBBY091a0ZXNDJOYXFCdVhXaDI5bnE0QXVVdXN6ZFYzVUtVMGtzdVQwYzRybE5NN3Z0R2VqcmJXeUR0SjQ3TnZ1NkRHemJIRnMzbDdfbjdrRnRDS0tnLUxmNVNpRDlCcUhMcjhmdzZ6ZlNxd1RqYTFDdw?oc=5,negative,2026-06-20 03:28:07+00:00,0,0,0,0,0.08919469714164732,0,0.0,negative,0.7026843428611755,english,Mixed/Urban,no_clear_emotion,0.04654239863157272,0.012653089128434658,0.06615108251571655,0.02099262736737728,0.18835367262363434,0.020539874210953712
news,post,a1705027932f4f8f,Inside the UEC Facebook debate: Who shapes the controversy?. Inside the UEC Facebook debate: Who shapes the controversy?&nbsp;&nbsp;Malaysiakini,https://news.google.com/rss/articles/CBMiUkFVX3lxTE9RdGpsR2UzSnBuUnRrdVhMeWhKY2Z3Zm5FNmwyY2xNYXpKdGNOMVNidG1iUThuVHc5Z1JTOTdnWnNjS2d6TU1Wbjh1YzRMc2NLaGc?oc=5,neutral,2026-06-17 02:00:00+00:00,0,0,0,0,0.5,0,0.0,neutral,0.8613578081130981,english,Mixed/Urban,no_clear_emotion,0.022797178477048874,0.010540036484599113,0.03822663798928261,0.009726837277412415,0.06146593019366264,0.016690662130713463
news,post,4ef5b9c6cb8cf512,Teng Chang Khim bears the wrath of rightists for opposing TRX’s landmark mosque project. Teng Chang Khim bears the wrath of rightists for opposing TRX’s landmark mosque project&nbsp;&nbsp;Focus Malaysia,https://news.google.com/rss/articles/CBMisgFBVV95cUxOSUIzT1lwUmZVM0lGVnVHZTJSMDc5RXpnT2JyVm5fTHNKM1hQZzBReTcxemQ5WGdGSEYwUm5lcnA4ekhGSFdaekwtazZ5azlXSWtuTDRaNVJHTmhJY2ZJRk5fTmNfeC1oZFlheWxqM0xnejF6R1N0dkRhOFhIYTR5SnZiZzZNbmt1QzZKeW1SdDZYN3R0MnhTQlJ0U3dINHpEbEFZVms4LW5YZWRiZUNyVmZ3?oc=5,negative,2026-06-20 01:20:53+00:00,0,0,0,0,0.08915070891380308,0,0.0,negative,0.702830970287323,english,Mixed/Urban,no_clear_emotion,0.07910177856683731,0.013396318070590496,0.08715731650590897,0.02141653187572956,0.2039693146944046,0.020637398585677147
news,post,8ecf44d5db580748,"Tudung-clad NM candidates: DAP accused of “self-doctoring slander, then blaming opposition”. Tudung-clad NM candidates: DAP accused of “self-doctoring slander, then blaming opposition”&nbsp;&nbsp;Focus Malaysia",https://news.google.com/rss/articles/CBMisAFBVV95cUxOSlREUENibDV5TmhsSm9obTRaaEtOcnhna3A3M0VHRWE2Y0QtWWNrdkw1T1Jqb01RVGJUZVJYb0RRN0ZSWUtVYU5PdWtGc0trckk5eVY3NWctaHpuTzRzNU5UckV4OHVRSmhEdmRrMGdsSzRfMU5vTUYzMDBnUm1HWHFneld4MW1iLUtZM0tNX2JuLWgyNDUxX3l0eVA2Z0JlZHk0dllnNGppOUNtU0NIaQ?oc=5,negative,2026-06-18 03:49:33+00:00,0,0,0,0,0.1407516896724701,0,0.0,negative,0.5308277010917664,english,Mixed/Urban,no_clear_emotion,0.22782452404499054,0.020614583045244217,0.07711731642484665,0.044221144169569016,0.17076711356639862,0.029435742646455765
news,post,7ed8c87d232f0185,"'It's about ideology': Onn Hafiz doubles down, says no to DAP alliance. 'It's about ideology': Onn Hafiz doubles down, says no to DAP alliance&nbsp;&nbsp;NST Online",https://news.google.com/rss/articles/CBMitgFBVV95cUxQbVhQNWJHalRteDhYQkJuOUJ5Y1Q3el9BNk5aczVTWDJmZnpxaGFSalI4dU1PdmJXNFpKc0dENGVDb1FjTmVEVFZBZTJuY2JuZzNkSjhZUGpJc2x2dUN2UzVIeUNDV3BPQkNiUGl2dy10MGVyQjBycGZiVVQ5cGFjOWxUZzgwQjhMZXVUcE5TRHRwX3ZJWUhiQ0JHLXlwbGpheHR3Y1RCWlNVWmdWVHpBSXJ2VmprZ9IBuwFBVV95cUxPZWNXM0xhZkRGSERyTl9HdTBwcjBLaThuSFU5Y0p4MlNUMEFQeDEzM29SdC1uRHlGUFg5U1ltemdxUjlkUWl4d3p2cjNrVnZ1MkhEMURwbVR3bGJYT3dNdkxJSU10WVhzZ3BJbVE4alRsenFfTmM3Q21LWGtpeVprOEpUb3pkTGxXZmo2NEkxblpFQ2RpTElfV1kzRFo4NkxfazY4SDRzTG8yaGFKV3U4dkxXTTZLZzNOMWNn?oc=5,neutral,2026-06-18 04:57:12+00:00,0,0,0,0,0.5,0,0.0,neutral,0.5693941712379456,english,Mixed/Urban,love,0.04344875365495682,0.01664484478533268,0.04610089212656021,0.031843289732933044,0.6456078290939331,0.024906307458877563
news,post,9278efcb801ee2a2,"Johor E-ART transit project: DAP demands Onn Hafiz explain IMBRT cancellation, spending. Johor E-ART transit project: DAP demands Onn Hafiz explain IMBRT cancellation, spending&nbsp;&nbsp;NST Online",https://news.google.com/rss/articles/CBMitwFBVV95cUxNZUVYQkk2djRGOUUweWVrU0gyOEx2alZTOFpOS25GT2xXa0RtR1k4Sk9iV252RktrcmVFZDUybkN4MDExX3lfUjFMSElsYzdZUGpIMGZ0SjhkZ1BEbjdvdE9jZmQ5c0k5bzJhR2kxZzBVWll3TnM5OUtaeEktaEFJXzE1RUhmWHNIYUpPdERlY0dFY2hyb04wX2tOR3JSQXRodzV3QTc2NlFkWmdZenNZYjZadng1RW_SAbwBQVVfeXFMTUVSS29xeVdhdm9RX3Y3M2F3eFRCQURFWUZnNVJJbE9KbkNvRUIzb0syUVpIR0NPMTNUVFFDckZqQVVIWEdua0JaMmRFZGllc25zVDVkWjdBWWtJbThNQnF2OWNVcE91dUZNV2xuVmZIV0sxeC1POEQtMktYaV9LSGF2bTRkd2o3M2d5RkVyZzdFRkczSno5NlhkcDdOb2xDRHJxWTQyVjBwMjlEMEEzcVZzSzMxRmx2bzlEMWo?oc=5,neutral,2026-06-17 13:43:15+00:00,0,0,0,0,0.5,0,0.0,neutral,0.7713925242424011,english,Mixed/Urban,love,0.11417664587497711,0.044561758637428284,0.07332223653793335,0.1241338700056076,0.33696746826171875,0.04849383607506752
news,post,971451440f0ae086,"PMX maybe a good choice for the Chinese “but not us because he listens to DAP, suppress Malays”. PMX maybe a good choice for the Chinese “but not us because he listens to DAP, suppress Malays”&nbsp;&nbsp;Focus Malaysia",https://news.google.com/rss/articles/CBMiugFBVV95cUxPSlZlamhBUkt0NXY3SS00azc1VGd0RmhsaUtqNHdSdHNmNm9aSWVWWm85UTBuQWRNbk93S0RwV0RuYngtTnF4Y1FWY05fbUt2ZDV3Y3RXa2NxQXFjemt1ZnJhNkNpSEpWajUxVFM1ZXNuWUJsTHVxM2FmNDU3T0EyeUI1VWV0WUs4QTRhRzljTEx3dGpDUDZkM0hTSUcySGVlMmlWZG9iOUtYQjVlMVNUaS1fbTV5ZEdfMmc?oc=5,neutral,2026-06-21 01:04:13+00:00,0,0,0,0,0.5,0,0.0,neutral,0.6224501132965088,english,Mixed/Urban,love,0.027009932324290276,0.009594668634235859,0.02638433501124382,0.025097258388996124,0.8136218190193176,0.017312705516815186
news,post,6af745ec7b83624b,"Saifuddin challenges Onn Hafiz over anti-DAP stance, raises 1MDB questions. Saifuddin challenges Onn Hafiz over anti-DAP stance, raises 1MDB questions&nbsp;&nbsp;mediaselangor.com",https://news.google.com/rss/articles/CBMiVkFVX3lxTE9IUFhIV3Y0ZE5pR1JNa1R2ZUUtWjVPOVJIS2ozOTFPTDdpeU1ydzNSc3BiRjhMazNOMmdvRUpZeFFiSmhRWTNqbFU4YThZcDRVaDlMTTBn?oc=5,neutral,2026-06-17 10:55:00+00:00,0,0,0,0,0.5,0,0.0,neutral,0.8586624264717102,english,Mixed/Urban,love,0.20075857639312744,0.022855272516608238,0.07947361469268799,0.044076982885599136,0.3686164319515228,0.030927488580346107
news,post,15ff2d17715900b5,Teo Nie Ching’s aide Shafwan among DAP picks for Johor state polls. Teo Nie Ching’s aide Shafwan among DAP picks for Johor state polls&nbsp;&nbsp;scoop.my,https://news.google.com/rss/articles/CBMioAFBVV95cUxORElLSWcyUHZVdHRjUHoweFhPZVowaXIyUkFYTEdIZThXR3dxWDBZVFVnYnkySU9qMmNGa0NLV2EzRjNSQ001SXRxVnJDWFY4OFk2RjF0TXBSZGllMVMzR0dnalY5bmRnY2pfemZiUnRGbHNmRkxBcVlDd3dHcm1sSmtJSWl3dEdCREROdXFyRWg2eHpGbnY3dlhUeGxySXJX?oc=5,neutral,2026-06-20 09:15:30+00:00,0,0,0,0,0.5,0,0.0,neutral,0.9179826378822327,english,Mixed/Urban,no_clear_emotion,0.041565585881471634,0.01280893012881279,0.057541172951459885,0.019291266798973083,0.22245870530605316,0.019230246543884277
news,post,7c4942c98cc6e5ac,"Two-faced? Look in the mirror, Ti tells DAP. Two-faced? Look in the mirror, Ti tells DAP&nbsp;&nbsp;Free Malaysia Today",https://news.google.com/rss/articles/CBMiYkFVX3lxTE84VVdZZWdyQXBVeDByclROTWZnUjdHQWNwc1dCSDFhOFpiVFhwQzhzUnUtZFNVMjNwdGFObEptUVJ5WFFlWUVYWTNUOUxTNzRRTVBrZjdpZzZUVzZmeWxCem9n?oc=5,neutral,2026-06-20 09:12:10+00:00,0,0,0,0,0.5,0,0.0,neutral,0.8495815992355347,english,Mixed/Urban,love,0.02879106067121029,0.010624275542795658,0.09877409785985947,0.015915900468826294,0.49319836497306824,0.026003481820225716
news,post,44237bb4cde7228f,"Loke, Onn Hafiz keep things cordial in first meet after online spat. Loke, Onn Hafiz keep things cordial in first meet after online spat&nbsp;&nbsp;Free Malaysia Today",https://news.google.com/rss/articles/CBMixgFBVV95cUxObnRtc2l5bWowMS1nYzRJZmZMdUV5UmVfTTFkay15dW80NDExWWtwZ3dYVl9KWHZwWHc3VmQwN2U2MTk5ZGJETkExNTNxSjh5aUlKb3VvWjdPTXZvUzRwaERHT2tIWXg4VDJZeEJIUDMzOFQ4Z2M5RGxaX0FFQVVMZ3pjNzNrWnZtWks3cEZEbWZhOG4wMERwa2FNNWsxXzdZdW1rNDRXU1d0M1Q5VDQyU0JaZk9VVWNiRm1taUdnbk1CZjVvOWc?oc=5,positive,2026-06-16 07:46:20+00:00,0,0,0,0,0.8591218799352646,0,0.0,positive,0.530406266450882,multilingual,Unknown,happy,0.023173773661255836,0.026271497830748558,0.8186959028244019,0.008675885386765003,0.08358687162399292,0.011981281451880932
news,post,86ba669201f3a48f,Conduct unbecoming of a leader. Conduct unbecoming of a leader&nbsp;&nbsp;MySinchew,https://news.google.com/rss/articles/CBMickFVX3lxTE4zYlVSb3U4WGRBNEhVZG9FYU93b0pGV0NCN3BUaGk4M1I0VlliSnhVOE9KemlPQ0hRaktJTnRacHNkeTVtVDJ6RVNCTGNsbEd4aDdBLV9CNC1nUS00dFhXR1hlR1U0UTJGOWF2LV9DbFZzUQ?oc=5,negative,2026-06-17 16:46:28+00:00,0,0,0,0,0.08221632242202759,0,0.0,negative,0.7259455919265747,english,Mixed/Urban,no_clear_emotion,0.13340623676776886,0.2701670527458191,0.17044992744922638,0.056493889540433884,0.0460587739944458,0.05198683589696884
news,post,b412190d15ba007d,"Lim’s defamation win against Muhyiddin upheld, damages cut to RM450,000. Lim’s defamation win against Muhyiddin upheld, damages cut to RM450,000&nbsp;&nbsp;Free Malaysia Today",https://news.google.com/rss/articles/CBMixgFBVV95cUxNUTcwaW56RldxcWRDZm9FZHpIZ0thVFpPVl9WVEZHcjcyY201S3RFYVFqVHFFanVpYTNVb0xKNWxEMjM5NmtFMDlwTDJ2XzZRX0RHTUhpWFQ0QTE0NjVjOXVYVzRBZFFXaWg1Vi1EVVpjR0NVZXhYNXE1ZzY1cXFLYmhEY2NoYllfVGI2U3dMVnlfaHhZRTdHaDBBX3RUVDlUODNWY1ViREUtNmlHeUNtWTRiZ0I4dDZGQXVkbGZoSmNIZGRaSVE?oc=5,negative,2026-06-18 07:15:03+00:00,0,0,0,0,0.036729249358177174,0,0.0,negative,0.877569168806076,multilingual,Unknown,no_clear_emotion,0.039043888449668884,0.011580425314605236,0.13771067559719086,0.014196876436471939,0.1727750152349472,0.02190212905406952
news,post,e693d9101455a8e2,GXO Logistics joins Italian aerospace association DAP. GXO Logistics joins Italian aerospace association DAP&nbsp;&nbsp;Investing.com,https://news.google.com/rss/articles/CBMirwFBVV95cUxOS29qT29mOXpSb3pRX2VTRWxYQWFGQVg2eG9fLXFmSXBpOGJuNlh1V2VTVFhyQTVrNG1teXBndkF0YThabm5UVzFNMjY5TnlSWWFyR0RFVVlQTC1KeU5ZMEVJNWRoZ0hLcVJYYzZhTEhZZjVHLXVOLUp3Rjg3d2FvNUZ3WXdBMEJOUm9lb2s5MjNBNFhLWmhObk9FU3p2LUI0T0pqSW1aV1gyWmlsRjFN?oc=5,neutral,2026-06-16 11:54:10+00:00,0,0,0,0,0.5,0,0.0,neutral,0.8681570291519165,english,Mixed/Urban,love,0.042536310851573944,0.02358991838991642,0.13131611049175262,0.037234704941511154,0.3673546016216278,0.033830512315034866
news,post,9b7d664b33a2d9b6,"Loke shrugs off Onn Hafiz's snub, lists Johor’s presence at transport events. Loke shrugs off Onn Hafiz's snub, lists Johor’s presence at transport events&nbsp;&nbsp;The Vibes",https://news.google.com/rss/articles/CBMiuwFBVV95cUxNMmxfU1J4WExmR01wcFV1VUZ3MGRQWEdvTGlraXBlS1ltZ0FuRkFWV3ZDR0RaaFFxUm55dTU5ZHNKTlVKc1V2X2VQcmRoUzhpOVhTV1VhZWIySHRtbFd0dDBUOEN0elFxT1hmcDVGdmloZHNrMFlXM05WalpwVGJ5RXYxdjhObDQxWHlVMDlUaktHdUtKT192Z2ZtZFBVSG82Rlp1aGtKY2ZwUTFSNnppZDlkeXJCcGJMWTFZ?oc=5,neutral,2026-06-14 08:04:00+00:00,0,0,0,0,0.5,0,0.0,neutral,0.7830844521522522,english,Mixed/Urban,no_clear_emotion,0.04833180084824562,0.014568123035132885,0.068731889128685,0.01857953704893589,0.1564728170633316,0.01951921544969082
news,post,4ff8ebace4c0ebe6,"Lawyer Chu Poh Yee to contest Mengkibol, DAP's first candidate in Johor. Lawyer Chu Poh Yee to contest Mengkibol, DAP's first candidate in Johor&nbsp;&nbsp;NST Online",https://news.google.com/rss/articles/CBMixwFBVV95cUxPUFNvbWhBRzB0UUVkSU8zNkNoY2NNbXJFbWFMVUN5R2k2dlRULWxmbEtmY0FTVGM1cFJIZXZzNHB3d3pUdEdfOW83UjhELWUyZF84ZXFsNURES3cySlNvMnNWLXhQNU5xa1FwS2JSSXpObEprem9QaGhidUh2RWkxdHB2bW9pMGt5VS1pZ0ZFS2p4UGhPUWFFUnNvaFgteEdENFBsS3kwaHhucmNtMXNPVXpfWlpBX1gwNHJjalVhcFlMR1VNQ0w40gG6AUFVX3lxTE9oS3ROeE90cjRVNFVTZ0t0eHV4bEo0Y2UwM01semtpREV2aGxaRlk4bHlhRWE0R0pHMHBhbzg4NWtNVGZpamdtNWRFTzg5aUF5M3d0b0llMXQzaVNvQl9wVGZEdEZRdlVTLU10Q0RpUnZOWDEzeVlCTm96UGd2NFhrSnRucGJXeERBVU52UWhKRmRNTjFsUFhuZWV4MF9QeEc3RkozM0dtSXhnRVRSZE1weVlnMkpOdnZwUQ?oc=5,neutral,2026-06-18 13:51:39+00:00,0,0,0,0,0.5,0,0.0,neutral,0.9228290319442749,english,Mixed/Urban,no_clear_emotion,0.022505799308419228,0.01277648750692606,0.0516040101647377,0.013090105727314949,0.12300415337085724,0.023125983774662018
news,post,437191315fa57d2d,"Winning election remains priority before naming Johor MB, says Loke. Winning election remains priority before naming Johor MB, says Loke&nbsp;&nbsp;NST Online",https://news.google.com/rss/articles/CBMirwFBVV95cUxNSElEOFdETWFqTkptLUU3UmxwRERMMGlDYU9jWlFQaFhVWUNpOWdncFRQd0Q2UThFVmFQZFRySl9ERjlMeHBicHVSd25TZjIyMTlKZXozZ2xyUW1PakZLdVMzN2s4VkZndWMyanY5SHU4ZU1XSTF2Ylg2Y21uaHh3Wk1LUXhkREJWZEhZMXIyWVVsZXBueUpjbFhkdzlEZi1tcklHdnllWmgxU1pxTW9n0gG0AUFVX3lxTFBCdl9pZHJhcjN3QmJfM0dnZ0hrOVR0QVNQSFhoSm80c1lJMkhOUWxSSkpwOXc5X1ljVnlWWjRTc2ZHcmdIOUQ0Tm1yMGxnVVdtajRhTVB3N3F5eXk0cktEYXd2Ym9JaGZORy11aHJhODJ0Zk1UTkVHcmZEUUtUSlBWN1Q3WmstWmlSRy1tS1U0VndpU1pWZmhkcDJmWkRXWkdsTmVNekxXeDY3ajNrd0xpLWxCMQ?oc=5,neutral,2026-06-20 07:02:39+00:00,0,0,0,0,0.5,0,0.0,neutral,0.8164870738983154,english,Mixed/Urban,no_clear_emotion,0.03034813329577446,0.02550412155687809,0.17456428706645966,0.015779022127389908,0.22502295672893524,0.026006698608398438
news,post,c06fe2d272c79311,DAP names four candidates for Johor state election. DAP names four candidates for Johor state election&nbsp;&nbsp;Newswav,https://news.google.com/rss/articles/CBMilgFBVV95cUxQRTZPS2NxVFhacWFPYUs0VGNvZW1hLXVYakNCX2d1eHRNa3VzWjdOSndnWmw4UmhOck1QTjJTT29ZdE1OLWZiQnlQemxzbHhRYktvcTM1dHk0VEtSVW4tSWd2QmZXdkNWWkpJWDVKMk5CbEE2VmZ0aHZDWUdITXdRMVFEX2hDTXE4TWhzSWhqNXIwREIxaWc?oc=5,neutral,2026-06-20 10:20:10+00:00,0,0,0,0,0.5,0,0.0,neutral,0.9357406497001648,english,Mixed/Urban,no_clear_emotion,0.028767183423042297,0.012776784598827362,0.05158368498086929,0.01678352989256382,0.16760876774787903,0.020118195563554764
news,post,69fe8737550b7fb4,PH defers Johor MB post decision as Loke prioritises election victory. PH defers Johor MB post decision as Loke prioritises election victory&nbsp;&nbsp;The Vibes,https://news.google.com/rss/articles/CBMitAFBVV95cUxQRHU4UzAwQ0lHVFRTUDlGMzhYanZpMnVLdUxnMkRHdC1leTRQeG9jLU1YTnJJZFA5bXliY05pcVNtRExXUXRROVNmZ05TUE9NTTBKYUVxeUZqcGRQVDhhbUpfb2tpTC1ybG8yQzlKblF5Wnk0NzR2aDN6WUhkMnp3YWNNUkJ5Qi1JMmZtODBLWXFZbWFTT0NUN040SEJDZmJSZTNtM1F6U05DQ0NYWUJFTWwweFg?oc=5,neutral,2026-06-20 05:40:00+00:00,0,0,0,0,0.5,0,0.0,neutral,0.7283689379692078,english,Mixed/Urban,no_clear_emotion,0.028380274772644043,0.014157703146338463,0.07574958354234695,0.015947410836815834,0.1410028338432312,0.01868431456387043
news,post,3efe2761805c78b2,"Guan Eng slammed for “insulting Islam, testing Muslims’ patience” with Butterworth mega pork sale. Guan Eng slammed for “insulting Islam, testing Muslims’ patience” with Butterworth mega pork sale&nbsp;&nbsp;Focus Malaysia",https://news.google.com/rss/articles/CBMiuwFBVV95cUxPbGZsUTNwZGZzSGpiMTVEMnJESHNHLVUwS3BLQ1FvOGRITHplYzNBcDlwVmdzMFF5V3lEcTRmZnEzT2Q1anZzZVpFeUozV0c5N2l4eEl0cnNuclplVlZwNlgzODluZkJTTVlpcHdCQk80QXVjeHlCZTNBY3FnNzRqVWVKRHk5Q0JtUHh1SVlhYTdQYVhORGNCS1JYZjN4MEEwX18tM2JSbi01NUNaVjNBaEZFZTZTamlOR1J3?oc=5,negative,2026-06-17 01:43:57+00:00,0,0,0,0,0.07359561324119568,0,0.0,negative,0.7546812891960144,english,Mixed/Urban,no_clear_emotion,0.0863390862941742,0.0168860275298357,0.06350495666265488,0.01810106821358204,0.21375672519207,0.01841081492602825
news,post,40887989655f7070,"OPINION | Enemies at Home State, Partners in Putrajaya: The Political Contradiction Testing BN’s Credibility. OPINION | Enemies at Home State, Partners in Putrajaya: The Political Contradiction Testing BN’s Credibility&nbsp;&nbsp;Newswav",https://news.google.com/rss/articles/CBMitwFBVV95cUxOelhDRlJhUWxDS1RlY3Bmd29DeEZEczlrWHNFbUY3d3diTmwzVkZJQU5TRE9aYjlwRWpXX1lTeWdQTjBFaUxTTHZuUTFoRE1yalhJdjBNdVpxQkpMMFZ3QTdYTVBNelJSOGphVEdpbmt2bHBHZzNHSmJEMjF3dUNibGJJX1Jpc25TajR5RHM4QVJ5LVRoMGlERVJYUmg1VXI4MnB5Tm15UmJ3OXZ3U2VPb1VPTGNLeWc?oc=5,neutral,2026-06-19 06:00:03+00:00,0,0,0,0,0.5,0,0.0,neutral,0.8024696111679077,english,Mixed/Urban,no_clear_emotion,0.048782408237457275,0.022662131115794182,0.11222681403160095,0.020557217299938202,0.09898601472377777,0.023409927263855934
news,post,1be2b777ba2f51d7,MB’s press secretary apologises to Undang over ‘Tok Undang’ remark. MB’s press secretary apologises to Undang over ‘Tok Undang’ remark&nbsp;&nbsp;The Vibes,https://news.google.com/rss/articles/CBMirgFBVV95cUxNZ3ZYYnBRN1BpYzNVV01RVTdscFRiTHpWaFJUWk8tYlRwdGhNRHJEMi1WMGZkZllNZUJUdXoxMkpZa1d2NGdtdGtYMlRObDZTdzJmTmwzZkpDQThPV2hKZVlpRVpjSEJBeWlBcGhuQkVPV3pKLW1mREkwTnJGdV9ZbXlTSS0zM1hOTmVJX0xYMkxJMThsQW9SbnRnUnZ5cnlWQTN1VDY2bDl6YUZERkE?oc=5,neutral,2026-06-15 08:28:00+00:00,0,0,0,0,0.5,0,0.0,neutral,0.8746566772460938,english,Mixed/Urban,no_clear_emotion,0.0542856901884079,0.014266913756728172,0.05453545227646828,0.020397502928972244,0.10834848135709763,0.02280481345951557
news,post,df3170bf97472a45,GXO Logistics joins Italian aerospace association DAP By Investing.com. GXO Logistics joins Italian aerospace association DAP By Investing.com&nbsp;&nbsp;Investing.com Australia,https://news.google.com/rss/articles/CBMitAFBVV95cUxOOHQ5Q3NRLXBMb2ZMSWNNU3k2VUFEUXIwTGJkbHloT0ZnZUVNV1g4Rm5BVlZHUUVlUlYwUDd5cVJXR0JNS1RsT2N2NVY3bWI4bTdrcHlwUU1lOTZJZFJVMTFJWkRqUWZsOUozc3ZuMlg2R1JOX1J0REE1Zzl5d1Zub0RJcFlFZklVZVctZ01HTVF3a2RnaGNLZnZ1aGhwYmM0Um54bUlSQ1BqRV82b2Q3djhCczQ?oc=5,neutral,2026-06-16 11:50:42+00:00,0,0,0,0,0.5,0,0.0,neutral,0.8712943196296692,english,Mixed/Urban,love,0.05092519149184227,0.024902887642383575,0.11930016428232193,0.036634258925914764,0.5157949328422546,0.027415458112955093
news,post,63713a91cfdc1755,GXO Strengthens Aerospace & Defense Logistics Presence in Europe with DAP. GXO Strengthens Aerospace & Defense Logistics Presence in Europe with DAP&nbsp;&nbsp;GlobeNewswire,https://news.google.com/rss/articles/CBMi2wFBVV95cUxPVEJXcnRSeUxmUXFDZUFsb2hLQ2wtZGtzY3lSckxELXRxb1F6VE4wYWhyT2xYVnpLbWd2WU5TbXlxWUhOMzVaeTg0c09oS0J3WENUT1FEN0pwZGUxcmZRX19nN250Sm5ObGpRUGdyQjJQQkdvUE5xSEN6T294OWVnVFdPY0g2TkI3dDRteExzQ19nSGJUR3NLVHg4Z2xJTXRvdkNXcDZYcmNsMk43SnZXZ2Y1TjIzV1QxaGYtNWRmcVVLeHlGMUhfSExXRnVwZTVqMmQ2bGNkSjZZOGs?oc=5,neutral,2026-06-16 11:00:00+00:00,0,0,0,0,0.5,0,0.0,neutral,0.8068660497665405,english,Mixed/Urban,happy,0.05048206448554993,0.07589941471815109,0.5368854999542236,0.03477473929524422,0.12444914132356644,0.03812650218605995
news,post,52649f6a931d4c6f,GXO Logistics joins Italian aerospace association DAP By Investing.com. GXO Logistics joins Italian aerospace association DAP By Investing.com&nbsp;&nbsp;Investing.com India,https://news.google.com/rss/articles/CBMitAFBVV95cUxPNElwV0xDUi1qeFFiMUhJMGZtSV9Ka3hxemJwcFF3b3lIUzFqY1FuVXFOc0x1WUs4ejB5Z0Rha21ic0NzbWZYMUJlSnZLWnRxZUNkVUFKYWdlUG1VTFZhZkpjdl8yU1FrOEMzc2VDT1ppWWJpWklCbFlaWDBKbVp6T2g1Uy1TN2hqNzlna3RCVjM4VGRYbTRUZk1RTTJ1MVQtVWJ2bjRFUjJhek1SM2VWLXVZS2s?oc=5,neutral,2026-06-16 11:11:26+00:00,0,0,0,0,0.5,0,0.0,neutral,0.8376736640930176,english,Mixed/Urban,love,0.04517947882413864,0.023181801661849022,0.11100789159536362,0.03558695688843727,0.520047128200531,0.02610413171350956
news,post,f6f74cc1798bf2f9,DAP fertilizer shortage hits paddy farmers in Kanchanpur. DAP fertilizer shortage hits paddy farmers in Kanchanpur&nbsp;&nbsp;Nepalnews.com,https://news.google.com/rss/articles/CBMinwFBVV95cUxQQmJTX29Uemh5UEs1NWN0aTNRNXQ2UGJSZjhGUWhuc3pCUllHc2ZPXzR5aGpuUk9DZndhejFncDItVHFlOXlKaGFDYXRVVGdhUjctci1VY20zUTlLYzJIWVplSTNvcGl0S2s1am5DMEVfM3BSZVRjWHkwM3ZyZDdDdjJHa3A4YlVZUWJkVUZqM3dranJqNGtpenMzM3pqdzg?oc=5,negative,2026-06-16 07:56:23+00:00,0,0,0,0,0.09156451821327208,0,0.0,negative,0.694784939289093,english,Mixed/Urban,love,0.08704517036676407,0.041988540440797806,0.05868988484144211,0.06327160447835922,0.38298073410987854,0.03547564893960953
news,post,61e006cc306f2c8d,Johor Polls: DAP Fields Local Candidate Chu Poh Yee for Mengkibol State Seat. Johor Polls: DAP Fields Local Candidate Chu Poh Yee for Mengkibol State Seat&nbsp;&nbsp;Wilayah.com.my,https://news.google.com/rss/articles/CBMioAFBVV95cUxOTk9jS0JQdlo1OHRuYjlzWGJQak80UmxZZ3ZNRUJxZllBYllRZmVOeHQ0SThienRKRE5aNGNsMl9oZWRSVEZLYnBFLXVvVlNiZUJBTG42RTJJdndaM045TDhCM2diZkpNa0RjWG9QZkdsbUk0X2lrcEdWY2xEQVI4QndlTTZ6eHZPXzFzcnVCZDNQLUVFUVBQdnBkMHBoaWlj?oc=5,neutral,2026-06-19 13:21:09+00:00,0,0,0,0,0.5,0,0.0,neutral,0.8871148824691772,english,Mixed/Urban,no_clear_emotion,0.055821191519498825,0.016671057790517807,0.056855395436286926,0.021744513884186745,0.26369595527648926,0.019944000989198685
news,post,dbf3600b868259d6,"CICC partners with DAP to boost operations, workforce development. CICC partners with DAP to boost operations, workforce development&nbsp;&nbsp;Philippine News Agency",https://news.google.com/rss/articles/CBMiUEFVX3lxTFAwSS0xUGJHeFQ5QUhwcEdabXg5RE0tU3lwRkFURnlUVmVaYmRqZDg1NDUta2ZmU0hqcFVfeE5aWk10c29mZEJIUkpkejVka05w?oc=5,neutral,2026-06-17 09:49:37+00:00,0,0,0,0,0.5,0,0.0,neutral,0.5423926115036011,english,Mixed/Urban,happy,0.05133780837059021,0.06640121340751648,0.4342142641544342,0.03489316999912262,0.1520833969116211,0.04826248064637184
news,post,eb1b9b18753a8cad,"Two-faced? Look in the mirror, Ti tells DAP. Two-faced? Look in the mirror, Ti tells DAP&nbsp;&nbsp;MSN",https://news.google.com/rss/articles/CBMilAFBVV95cUxNNE1heXZEMEhLTmZWT2FKQXZJdS1TWjhCUHl0RnpDQmwwckxDX09WR0RtOEFvS2Zkc0NPck9WaFptdkVnR3JlWHAyQ1Y5MHh2RnFHa0lfTE9mTEpsd0UzWGV3R1VIdHpEWFdYdTBSQld4bTFxcllYZGlwbmtCYmI1elpkQW1jd2t2eTc2OC1FeVJjOWVF?oc=5,neutral,2026-06-20 04:38:06+00:00,0,0,0,0,0.5,0,0.0,neutral,0.8212051391601562,english,Mixed/Urban,no_clear_emotion,0.029261615127325058,0.015496212057769299,0.03811949864029884,0.020766310393810272,0.1204744353890419,0.03165554255247116
news,post,ec243c6bfda12a35,Inside the Italian aerospace hub that just added logistics giant GXO. Inside the Italian aerospace hub that just added logistics giant GXO&nbsp;&nbsp;Stock Titan,https://news.google.com/rss/articles/CBMivgFBVV95cUxNanFfRk5vOEIzTHZTMl9meEtvbFE1cTRyeW5FNXY2eFc0emdpUGlHb2NHVVE3MFB0Qm1ZUHJvS1cxcXA0SnRpN2dGU21aenBTV2hVRlVmYzV2TmxjTFE1M01kQW02WUJHRUVHelFaRk5NYnk5ajJNb25PdWVPczNCSUJZWmEyZi0tRk9RUmpwcjZ5bUprZzUxSGZBSlp1SkVjV0lRd1R2NURjX1V3SkMzekJsYWNDaGpIX2lYNDVB?oc=5,neutral,2026-06-16 11:00:00+00:00,0,0,0,0,0.5,0,0.0,neutral,0.7462930083274841,english,Mixed/Urban,no_clear_emotion,0.04275815561413765,0.042146630585193634,0.11045759916305542,0.029344459995627403,0.0772499293088913,0.05194529518485069
news,post,321a80c13fba1ac4,GXO Logistics Joins DAP Aerospace Association in Italy | European Defense Logistics Expansion - News and Statistics. GXO Logistics Joins DAP Aerospace Association in Italy | European Defense Logistics Expansion - News and Statistics&nbsp;&nbsp;IndexBox,https://news.google.com/rss/articles/CBMiuwFBVV95cUxPNTFsS3R3SHFuZWVlbXZrcktHMjBTTHpwSmxPVDdJLTRpZzhPTVRaUmk5WDJyTzRCVW9qTkZ6N2ZieWs4QlRhZnVnWU1CZTN5UURZNzNxUWhpc3JEcTNfQ2k2bDFkS3cxOFA0dlMyUmpLMWd0YkR4Zk81UVBwTVRwX044dDRVbFZXRk1nMEtHdVNqbjFnMmZudExxTUpIYWdTcWF6UTAwZlpjUXp4T2pyUUFIUTlTRWFVVlBr?oc=5,neutral,2026-06-17 20:11:00+00:00,0,0,0,0,0.5,0,0.0,neutral,0.8581445217132568,english,Mixed/Urban,no_clear_emotion,0.05696271359920502,0.028837425634264946,0.1389121562242508,0.03809880465269089,0.22263026237487793,0.031818363815546036
news,post,ff15c51435ce4878,Teo Nie Ching recalls 'weird' time she had to wave BN flag. Teo Nie Ching recalls 'weird' time she had to wave BN flag&nbsp;&nbsp;MSN,https://news.google.com/rss/articles/CBMivgJBVV95cUxOUmZkQURlaXU5YXV4SW04ZFF3OURCQkhpenA2em9xMzRWeHV1ckNiZnV2NnZFV1htLUpyVVNPb0c2NzlpZWkxZEtYdzN6cE9uRGh1RjdfZHhyTVNhVEZ3V194Ui15TFFZOXJXTGZCbzFpX1lpb1hIQ2xtX1NLWXdON1NGZUZKLWxMazQ1TTYzOXQxeC1JQkhONG5jeElrTEtWNjFfS3JFUjl0c1VINkZocFpPNmFRYVcyRjRXMlRISGVYSGhyVHJoNDZ3OXdnZjhSSGJBbkZnQmZXZ00tdElBQXo2UlZBV2lWcG1UOUk4b1FFMGZOdi14c2xBc0d2VUtBSS1jVFZGb0E2aFRBaFp4YW5Lem15YUM0bGRBYUpBRkE1QkxtZ1VvREw5NkV4bmtDZXlDQ2dBU2tqWjRzRkE?oc=5,neutral,2026-06-19 19:32:04+00:00,0,0,0,0,0.5,0,0.0,neutral,0.7051275372505188,english,Mixed/Urban,no_clear_emotion,0.09838591516017914,0.035394761711359024,0.08202005177736282,0.013348088599741459,0.12523862719535828,0.04545817896723747
news,post,938fd7d99fe168c1,DAP 2026 has been designed to bolster self | Akashvani News. DAP 2026 has been designed to bolster self | Akashvani News&nbsp;&nbsp;News On AIR,https://news.google.com/rss/articles/CBMihAJBVV95cUxONWNuYnBEMDEzVjNnSEJ1MTZhblpBa3hHOW4xOHA0YmUyUnE3YWpveldpU0hGNzlwa092N1N2QjdsRnRDOVYzOEF1X1VyQmttM2huQ0FJSHVPelNidnJfYzE2Mi1hSnU4TXR4MEw3d2htQkVaNjdxWXRwUUN3cGltRzJmVHhBSnJNUmctQS14MzFNcDN1LUNnRWhQcng3VkJMQkhWbTJDT1hJel9Rc2VzRWt2M1d6dWVlQXFmSXZEaFlQOGMwVE83TGw1b2t2SElOa1pjNU9ISERJeVpEeXFDczdpb2c4Tm5IU2VkM1k2NVdaNFM1S3JwVkRDdDB2VW15cndmbw?oc=5,neutral,2026-06-20 22:29:12+00:00,0,0,0,0,0.5,0,0.0,neutral,0.5169175267219543,english,Mixed/Urban,love,0.05554676055908203,0.03334520012140274,0.22317814826965332,0.03358156234025955,0.4430733621120453,0.033771418035030365
news,post,1d30359033a93411,12 ships carrying 6 lt of urea and DAP may head to India once Strait of Hormuz opens. 12 ships carrying 6 lt of urea and DAP may head to India once Strait of Hormuz opens&nbsp;&nbsp;BusinessLine,https://news.google.com/rss/articles/CBMi9gFBVV95cUxNaGxvZmxCd21GbkprV1RXNTZSSkpXM21Md0Y3Mkh3a0ZYOVJ3LUl2ZGFlS2VCWjJBak5YM2ZWZndoTDdsRlN0N3ZOa1FROHBQT1VyYjZnNVd6Rk5Vb2ZwVG5HZ2xnaDJZaWZ2NW5idTNocnNxMF9XSWk2OVBvTUlHcnAyMFdDbUJHRC1KUmhDSlhQeldrVXVwNGczM3lHZThxTEZYVW0yRnZFejBNMUw0UXVJUkhhTWVHZ2dsX3lBRkRWUTBmUm9LSWdEYUlhTVRFaHVnblZjYVlkdXNxYXRSYlB3S192YUNYN3dfaS1PdEZpSS0wZnfSAfwBQVVfeXFMTW1VZ21tQWdpTnVDOHQzeHBOQ1FyWjRQV3pva1hxci1NQTBJSVAtQXB3SEI0RXJsY3c0SUpJT3IzTDlYOUUzR2p2WVlHWkxoY3F3eWRaTDlneG12QTE3VGY1eGFMY054ZU03VHNRMWd1WXJ5dHZsREpqSTBVV1RPc2ItM3ViNkROeGdNaWRzWjV4d1JWNllqZVFZeFhkdjVZVzZES2RPRS1YcDY1SUpTeFFmMUNfbTZ4dThiZ0Q0a09hczRETXZPU3VtbDJmNlE1WWJyd1BCTTNuWU9CQ0lwTi0xaXo1X3JWRUh1UXZhLU5HWm9IQTV3V1FWNzhF?oc=5,neutral,2026-06-15 13:24:35+00:00,0,0,0,0,0.5,0,0.0,neutral,0.9087744355201721,english,Mixed/Urban,no_clear_emotion,0.062237855046987534,0.06319205462932587,0.17557410895824432,0.024404173716902733,0.09634929895401001,0.04269219934940338
news,post,0c1789ccf665752f,Batac City turns ‘Dap-ayan’ traditional farmer sheds into tourism hubs. Batac City turns ‘Dap-ayan’ traditional farmer sheds into tourism hubs&nbsp;&nbsp;Inquirer.net,https://news.google.com/rss/articles/CBMiqgFBVV95cUxNcDlMSWQ2WlpLRDVGaGJDOHRUbDM1MFdHYS13WjFXRUktYzJvd1pLRFJ5QXpXUXlWeHNBNElnY0wyUFFuRklBbjB5SFpwNWF4WlhxeWJocHhuSzY2X1J2VmpkWFNsbFlXNXVya1BZOHd6eXFwN2ZpbTNnNk9Xd2JMM0dDSmlteVRlQXBBVjA5a05ERGg4ZVVCbFQ5OUdrcHRLOEpyS0dvQTVBd9IBrwFBVV95cUxQUzkwLTBJczhibk5MUXRxR0kwZXE3RnNSdTlSU2dydUdYaHNidlRySjZkaGJUTlI1dkplaFltUHN2VExpcXJrdVQ3bHplQXgyUVhyUzFBcTE1VWQ1WERodXNkZzFpSzBySTZHZ3VFYjJrU1dKNlkzclRqd2lRWDY0bEtFRjItbDBKMzdLUVNkX1ZiaXg5YnZTQ3VmX3B6cEQ0bUxoMVVSRFdta182M2xJ?oc=5,neutral,2026-06-16 08:31:00+00:00,0,0,0,0,0.5,0,0.0,neutral,0.8893327713012695,english,Mixed/Urban,love,0.0479457825422287,0.020140258595347404,0.10695690661668777,0.0403277650475502,0.5131481885910034,0.03541591763496399
news,post,a500e90f9e4e46b0,"RAJUK chairman backs DAP reform, pledges collaboration with REHAB. RAJUK chairman backs DAP reform, pledges collaboration with REHAB&nbsp;&nbsp;United News of Bangladesh",https://news.google.com/rss/articles/CBMirwFBVV95cUxPWkZLc0dsRHdXTGJtQ0dpTlJIU0trMzdITDZWal9DN1kzYjRaQ3c2bHRya1NJZXM0ZkVsWFR3X1MwckVMdnVldHJnNS1rbDFRcUdfUHVhVi1KR2M2c1JCU0NKeWhPSTZLeDdfSXNxZG81NUVfc2RmMk9rcFJDaElzT2pFRzFSTVFRZDQwTi1MR0J4MzVLRmFNVXl4dXJncEJUcjd5aEN0ejRKNlFtVkZV?oc=5,neutral,2026-06-18 11:20:36+00:00,0,0,0,0,0.5,0,0.0,neutral,0.8399620652198792,english,Mixed/Urban,no_clear_emotion,0.05770436301827431,0.02440846897661686,0.09660643339157104,0.03199680149555206,0.17256376147270203,0.031471069902181625
news,post,af002c03af10adb8,When the Young Know Dap-ay Only as Wine - HERALD EXPRESS | News in Cordillera and Northern Luzon. When the Young Know Dap-ay Only as Wine - HERALD EXPRESS | News in Cordillera and Northern Luzon&nbsp;&nbsp;baguioheraldexpressonline.com,https://news.google.com/rss/articles/CBMihAFBVV95cUxPeEw4V1RTMjZYVlBZOXN4SE9leDdnVFFJcUdXWVlyLXJjMEp5SG4yMHkxMml3RFM3dHMydDBkRDhYZklKamw4X3JldkhaMHZhT3k2aFJZUnBiRmpXd0tCRVVhMFBQcDZma3pLbmF6elZ6NmJzODZsMFZsbGZ4NDdtXzdrMWI?oc=5,neutral,2026-06-19 06:34:04+00:00,0,0,0,0,0.5,0,0.0,neutral,0.8785245418548584,english,Mixed/Urban,love,0.05024474486708641,0.029836244881153107,0.03128404542803764,0.19012105464935303,0.577639639377594,0.027850981801748276
news,post,0cfad681a0bab1c8,"DOJ, DAP partner to strengthen prosecutors' leadership, ethics training. DOJ, DAP partner to strengthen prosecutors' leadership, ethics training&nbsp;&nbsp;Daily Tribune",https://news.google.com/rss/articles/CBMisgFBVV95cUxQZHgyWlZiZjNhaVpNaU96a0NRX3VOVk5sdkJMTXJyVjNUcVFvdlhUeFMxcmFJNnFvU1M0WEQ1alBXQ0l0aHBCalhtYlNzT1B5TTVhZ2dHaWJlRTFpR3BHclMxbEREZ216OVh0ZVJaSTlfcklQVlYzNmxFMXVqaTh0cTJ6a3c2Tzg0bUVDenJTeEt0YWdxQURJSVhqWUg0RWZTUUpWRzNNRlZXWUE5OVQ3QXdR0gGyAUFVX3lxTFBkeDJaVmJmM2FpWk1pT3prQ1FfdU5WTmx2QkxNcnJWM1RxUW92WFR4UzFyYUk2cW9TUzRYRDVqUFdDSXRocEJqWG1iU3NPUHlNNWFnZ0dpYmVFMWlHcEdyUzFsRERnbXo5WHRlUlpJOV9ySVBWVjM2bEUxdWppOHRxMnprdzZPODRtRUN6clN4S3RhZ3FBRElJWGpZSDRFZlNRSlZHM01GVldZQTk5VDdBd1E?oc=5,neutral,2026-06-21 02:32:24+00:00,0,0,0,0,0.5,0,0.0,neutral,0.7279855012893677,english,Mixed/Urban,happy,0.042120642960071564,0.047482915222644806,0.6973673105239868,0.019044658169150352,0.0901443213224411,0.02059762179851532
news,post,fe4a0833e583fb2d,Holocaust artifacts found at Revivals donated for preservation. Holocaust artifacts found at Revivals donated for preservation&nbsp;&nbsp;The Desert Sun,https://news.google.com/rss/articles/CBMi6AFBVV95cUxPN1luOUVSMXBlclhuSHQ5LXlLemhjbHFORExVb3VZdzFkRHBVUDJhS01YT3FNeUxmSXZGVnRxY0w0S0xPdXkxdVRrZjdOYkFtdzhDbkZiN1E1RURmU0V4ZmpDWllxb2JQQjdnakxrVnVmS0tpeDVUeW51dWVRX1VWNElyTTBkYXFOS0xtZGdWbi04WUJzTUhvcjJ1X1BfWlUtemU3cjBvYW44UXJkUnhOaHdZRFNqZXZPbkhxSk9mYVBjLUhGbUVyc3dMM0hsNTVpYWp0QUx1X05FMnFWOVVmUW9XdGFoQ0Qx?oc=5,neutral,2026-06-18 23:32:00+00:00,0,0,0,0,0.5,0,0.0,neutral,0.8854065537452698,english,Mixed/Urban,love,0.060010265558958054,0.024841388687491417,0.10807985812425613,0.03725597262382507,0.4225214421749115,0.021966956555843353
news,post,3515ba0c6018d566,Jeremy Sochan tried to dap up the Spurs. Jeremy Sochan tried to dap up the Spurs&nbsp;&nbsp;MSN,https://news.google.com/rss/articles/CBMiyAJBVV95cUxNOHY4LWh5S0lWS1l5WlpXdTIwRDJHVlo5MzBWMlZadDVkVkxXSFlBcDI2eDhMcHM3bTM4a2prcVFvX3V4M0hrQzZ3akpiMkY3RDlhOWwwX2g3QUxJcWZZVE1qSU4wRFJpUzZ0YXNoN2lldUlwSUlUazZRcnh2T09BRE9OR253SVFYZ05SNHZ2dHB3SG02TDJ5ekhRbG1KbTV1bmhGdGt0M0had1J0REE1LVdPRUxqOFB5NmYzNGFkcWRlTFA5TjZJNzE4M2dFWWFWbERtY1VBdlZPV1p6blp0aElrOGxFQVRjWkV0MXVFNUp1OEpNT3lzRG15Ym9RVTVUby1xT1pyczdXMFJEUUVVZ0RHbEdmLUpfRTdwWFVFUENHU3hpTXUyMTRNNzlfM2NzQ01GS1ZfS0x2UU1oTzhfOUxETW1Qakdn?oc=5,neutral,2026-06-19 23:38:16+00:00,0,0,0,0,0.5,0,0.0,neutral,0.655045211315155,english,Mixed/Urban,no_clear_emotion,0.11792463064193726,0.06651075929403305,0.06436020880937576,0.01714509166777134,0.030580589547753334,0.04635753110051155
news,post,60e6572706e39a70,Indian Fertilizer Supply Outlook: Ships Loaded with Urea and DAP Await Strait of Hormuz Transit - Investor Earnings Call. Indian Fertilizer Supply Outlook: Ships Loaded with Urea and DAP Await Strait of Hormuz Transit - Investor Earnings Call&nbsp;&nbsp;newsline.com,https://news.google.com/rss/articles/CBMizgFBVV95cUxQel9VaXlKdVBXWDFuMGQwODJMWEJrN1JjOGZOQU1oTFZOQ2tQdDBEeWJoWWczVjJMWTBwbDdSUE5rNE1ZYUxIOGF5elNPU29sUGFDVFYzdEhIakdMX29nN2lfWUlKSWdtRk1LMEJJY1BremN5LVVYSWhUVXh2U3RudU5FY1M1a2RaYzlDQks1a2p0ZlIyUWNRbFIyUmtUMUR5ajRWZXRXcjFhOUFpLXFINU13Y0VtUF9LOUh5UkkybkpqQ1VmNEFlc19vSFNsdw?oc=5,neutral,2026-06-15 13:51:27+00:00,0,0,0,0,0.5,0,0.0,neutral,0.8658208250999451,english,Mixed/Urban,no_clear_emotion,0.2144547998905182,0.0624663345515728,0.10531226545572281,0.1376344859600067,0.16976387798786163,0.0389421172440052
news,post,7048f34ca3d59f5b,New sustainability push boosts RPM’s DAP Eclipse line of flat roof coatings. New sustainability push boosts RPM’s DAP Eclipse line of flat roof coatings&nbsp;&nbsp;AD HOC NEWS,https://news.google.com/rss/articles/CBMiwwFBVV95cUxOekdkaVZjY0M2a2UyVjJjcWFKRVBablB1eVFwTE1mb3JOR2dsSGdUM3NTeXpSR3RXTTNjM1NRX1pIRVhGWUJSeFJGM0hJdlg5V0o4Qjc1Yk10SW9NVk93LU5kdklzWWhqYjNGbzh3TTNRQ2FROGxpMHhpeDlzVzFfeHU4ejNCRVR4TnhMRUx1YU5aYzJsdGNHRHNmZnBRc0VzS0p2VklreUVJYXFGNng2dnp6ZmVMTFZUSllSUC1UNkl5a00?oc=5,positive,2026-06-16 03:49:35+00:00,0,0,0,0,0.851180475950241,0,0.0,positive,0.503934919834137,english,Mixed/Urban,happy,0.04225816950201988,0.060923341661691666,0.5972840189933777,0.02588632144033909,0.1005767434835434,0.043112773448228836
news,post,b92adfab65764d38,"Saifuddin challenges Onn Hafiz over anti-DAP stance, raises 1MDB questions. Saifuddin challenges Onn Hafiz over anti-DAP stance, raises 1MDB questions&nbsp;&nbsp;Newswav",https://news.google.com/rss/articles/CBMitAFBVV95cUxNZ3FuNnJtcmdvcm1FaS01eGtGZTFReTJpUzNWSGNPd3V2VzdNdjF1VjFYRWxOTVp3cGtDY3ZyVUxsRGNwb19fNFJ5eUcxdW5TaTNWSUNlSVRFQXFFMVBpenFJYnNJcDZ6X0VrQ2ZTbktIQVZEZUhiZnJQVzhMOHVRMVhaZkR4SmxYME4zMF90cURQR2RWUDZyY0hTdXVBOXAwbEJqN3pjLUJHcnMtcUMxSmJmNjQ?oc=5,neutral,2026-06-18 01:55:30+00:00,0,0,0,0,0.5,0,0.0,neutral,0.8595584630966187,english,Mixed/Urban,love,0.19516243040561676,0.02287771739065647,0.07891210168600082,0.04438214749097824,0.36918821930885315,0.031053010374307632
news,post,e3368a85d9e09dbd,OPINION | DAP's Only Competition for Chinese Votes is DAP Itself. OPINION | DAP's Only Competition for Chinese Votes is DAP Itself&nbsp;&nbsp;Newswav,https://news.google.com/rss/articles/CBMipgFBVV95cUxOMFVhay1FcU1FdElDelgzN2c1cDFYMGYxenVhWFRCV3BnRVVVTC1OM09mb09meXhRSEtBME5mNzhxSTRySk51LWlHU0Rxb3MwNWVGVGdSWnV1Y3dVTWQzUXhlSFBuN3FvSGNUa29ObUcybEp4Z1l0SXgwU2RPS0xmQ3g3anNYdkRkZlhLMThZOEtCQ0RuRVp1R0ktaEZJV2tCaEwtZDln?oc=5,neutral,2026-06-15 04:30:34+00:00,0,0,0,0,0.5,0,0.0,neutral,0.8498748540878296,english,Mixed/Urban,no_clear_emotion,0.03130299597978592,0.014414284378290176,0.05836009606719017,0.024901386350393295,0.40111637115478516,0.026574913412332535
news,post,27debc4e03baaede,DAP to field 2-term Mengkibol rep in GE16 instead. DAP to field 2-term Mengkibol rep in GE16 instead&nbsp;&nbsp;MEXC,https://news.google.com/rss/articles/CBMiSEFVX3lxTE5pY1hpUWRkZkVScUhuVnNmOUNTWFZzUm85R1EzSjByc3BVcWdBd0N4YndCbXY5ek9PVFN6Y0dJTFBBdEdtQlI0TQ?oc=5,negative,2026-06-18 17:19:07+00:00,0,0,0,0,0.06889311969280243,0,0.0,negative,0.7703562676906586,multilingual,Unknown,no_clear_emotion,0.030931297689676285,0.011550038121640682,0.03684436157345772,0.013320022262632847,0.058070357888936996,0.019988875836133957
news,post,550b6ca8bc2cc9b4,"DAP names Nor Zulaila to contest Tiram seat, Lee for Johor Jaya. DAP names Nor Zulaila to contest Tiram seat, Lee for Johor Jaya&nbsp;&nbsp;MEXC",https://news.google.com/rss/articles/CBMiSEFVX3lxTE9hNWxhUUltb2labm0ybkI4NXZGbVdaSGsybHNzRnVfejM4OFJFNHFwSlNQQ21EN2ZpZHRrcy1zMGRiNF8yRUZMdw?oc=5,neutral,2026-06-20 08:35:46+00:00,0,0,0,0,0.5,0,0.0,neutral,0.9323710799217224,english,Mixed/Urban,love,0.061069440096616745,0.014886715449392796,0.04812820628285408,0.025558508932590485,0.4478583037853241,0.01958802156150341
news,post,64a74fba14a3c0e7,"DAP umum Nor Zulaila tanding Tiram, Lee di Johor Jaya. DAP umum Nor Zulaila tanding Tiram, Lee di Johor Jaya&nbsp;&nbsp;MEXC",https://news.google.com/rss/articles/CBMiSEFVX3lxTE8zTGlKbmpVRmdpMk0yMkNvSmZaajlJa1lGWklWUDEyWHJ4N25NdkRFejRoV2h1Q20tZi1zdWoxY0F5aWtMT3BVTQ?oc=5,neutral,2026-06-20 08:35:46+00:00,0,0,0,0,0.5,0,0.0,neutral,0.9098353981971741,english,Mixed/Urban,love,0.07342157512903214,0.017612144351005554,0.05043584480881691,0.03152599558234215,0.5010146498680115,0.023259595036506653
news,post,bcfc17f71d5f67a8,Teo kenang saat ‘aneh dan pelik’ pegang bendera BN. Teo kenang saat ‘aneh dan pelik’ pegang bendera BN&nbsp;&nbsp;MEXC,https://news.google.com/rss/articles/CBMiSEFVX3lxTFBnb202R1FQYlFoaG13MHlWNFp5VEU5Y2JieWF3R0VQLUhQdVp2WGVaT0s0c0haM1VteWdoOGNTSlo4aV9lUjFSdQ?oc=5,negative,2026-06-18 00:05:00+00:00,0,0,0,0,0.11302165389060972,0,0.0,negative,0.6232611536979675,multilingual,Unknown,no_clear_emotion,0.03300858661532402,0.010222867131233215,0.032609108835458755,0.009346707724034786,0.17758701741695404,0.029350800439715385
news,post,1bd3116bfb277ddb,"Not a GLC, but a statutory body: DAP clarifies Marina Ibrahim offer amid patronage concerns. Not a GLC, but a statutory body: DAP clarifies Marina Ibrahim offer amid patronage concerns&nbsp;&nbsp;MSN",https://news.google.com/rss/articles/CBMi2wFBVV95cUxQWjB2MVVqUG40b0dsSGtIXzNVeUtTRUpfZm5oWWlUelM3ZEhOcXg4Y1A4NDk0Rl9MMS10V29oZkFnRDIxc29RaVR6cUZvWmlzTGtQR01mSHg2dFpTWDJkTjZndmEtWHVUY0xrZmYyNm84TndERk9fbGQxakNUSVNwZkNNNWlHMFNSc1RCSlZpb01BMnlBdjdTNmt6UGlIcHNqZ3dFOHpXYkY1Y3VlQnMyMENZOFBMTDNSa1ZaM1BqY2lnbGtXQXVTN0ZqSDlmWnc2Z3FNY1BYbHdXenc?oc=5,neutral,2026-06-20 11:31:45+00:00,0,0,0,0,0.5,0,0.0,neutral,0.8568892478942871,english,Mixed/Urban,no_clear_emotion,0.05552072450518608,0.02696066163480282,0.11142539232969284,0.033292245119810104,0.19398416578769684,0.03889824077486992
news,post,41702bf3f34ca158,"Barisan chooses not to work with DAP due to different political ideologies, says Onn Hafiz. Barisan chooses not to work with DAP due to different political ideologies, says Onn Hafiz&nbsp;&nbsp;MSN",https://news.google.com/rss/articles/CBMi1gFBVV95cUxPamd2Z0JaNW9ZWUszN0hLekpiRDVIMjRRbko0UTEtUmgweUh4TzBGN2xzTVJFRXI3Z0I4UUxLVUx4M3ZFZjVmUTJfQ3dXRkJHY0t1ODlpZGE4dUdtYWJBS0dfbzZpeGdiVmx0dWFYTnVlSm5fMkQwRnVsTXV1eGFJTVFTaHk1NE81M29QQWQyQzlKYjZTaFBGOHg3SlBMMVZ4ajduSHpLV1JqRWNOYTNtTU5ZZkVpWVZUbDdtN0Z6R0RsdWtrY0JaOEJCbmpzZGVwbWpEQlVB?oc=5,neutral,2026-06-19 04:42:15+00:00,0,0,0,0,0.5,0,0.0,neutral,0.5376059412956238,english,Mixed/Urban,anger,0.31516727805137634,0.06626049429178238,0.057582706212997437,0.052234355360269547,0.2892487347126007,0.020493408665060997
news,post,57741a000082c7c0,"Barisan chooses not to work with DAP due to different political ideologies, says Onn Hafiz. Barisan chooses not to work with DAP due to different political ideologies, says Onn Hafiz&nbsp;&nbsp;MSN",https://news.google.com/rss/articles/CBMi2AFBVV95cUxQNlFXM0NZa25fSFJTdkVpUjdSd3dmcVdkTkdPaThJRkhzV3dqQnJNSFZ1bkdOYzZfNXZkeVNIYUNnSC1fZTB4aGRMeHRweEtvZnVQdmNVUmdSSTdMY2oxSmlFaHlnMFRHdjlaNTZHem1jcHVRQ29XbDRqUXBabkZIdjBLUGtacmtEMWoyd1hXa21YdnRQWFhiSnM5T2VGVWtXbVpPVUszSS1KektiTnlVTWV0aDI1TjBNOTI3VlZRdzhFNkZDQzZHaXE1V1IzU1B1MEFldUo5OFM?oc=5,neutral,2026-06-18 04:24:59+00:00,0,0,0,0,0.5,0,0.0,neutral,0.5376059412956238,english,Mixed/Urban,anger,0.31516727805137634,0.06626049429178238,0.057582706212997437,0.052234355360269547,0.2892487347126007,0.020493408665060997
news,post,4a5ba23aff69330a,Da i dud thæh ki Youth Congress ha i dur u Rahul Gandhi wa pynyoo oo kam u Blai wow lehkmen yei dap snem u. Da i dud thæh ki Youth Congress ha i dur u Rahul Gandhi wa pynyoo oo kam u Blai wow lehkmen yei dap snem u&nbsp;&nbsp;Wyrta,https://news.google.com/rss/articles/CBMixAFBVV95cUxObUJSX25LZUxURU5XVEJ5TkIwUWtTOTBVUmZldFJiUGJHc2pLMTVzbjVwZkZadTVmTXpqSUVyb25OYVlqbVRya2RJTS0ySld5d0JMcS1kQlNMSFh0UVBJUzVVVERQUVNaWFEwRnZ4QkNHQXFtYVlDRDNLeFllT1V6WjBPR1owZVhVQTVjV0dMTE9NNXpXTlFkWGRHVThsSEMxRWdzX2UzR3BNYUdoQkFrMVg5aDFZMzRfU0EzMTFqRHBrRzNn?oc=5,neutral,2026-06-19 19:15:37+00:00,0,0,0,0,0.5,0,0.0,neutral,0.7123304605484009,english,Mixed/Urban,love,0.05501266568899155,0.022164873778820038,0.10736031830310822,0.021313147619366646,0.6278936266899109,0.02085772342979908
news,post,82bc2ecbd0ca81eb,Fertiliser shortage hits Karnataka farmers ahead of kharif season. Fertiliser shortage hits Karnataka farmers ahead of kharif season&nbsp;&nbsp;Dailyhunt,https://news.google.com/rss/articles/CBMi6AFBVV95cUxOdDRQUUlhRGRrYk85empwdGtuZDZjM1cyRzFqRFJvbGlDVG83WTRPdDhOcDYxYWgtMjdMNm9ob0JrSmpKRS1LZTBaUnl3Y19CcmtwR0RieTVXQ0NNd2thRHcySjl3WUwtWFJHTks4VG9UblBPZVJUalF2NmdRdllVWjRabUI3YmtSTldnU1JVMFhxX2xEVGNObWdhOVY2bkE3akltWjFOaDhRN0ZQcUY5cUZtRnVjMml5aWZJNlFuWkdxS3oyTVZGRDUxVWRnSDdaWjcyMVdUc2ZLa1VpNzZ1bmJRakhsbkxq?oc=5,negative,2026-06-14 12:03:36+00:00,0,0,0,0,0.06970008015632628,0,0.0,negative,0.7676663994789124,english,Mixed/Urban,no_clear_emotion,0.1716301143169403,0.11402098834514618,0.11947080492973328,0.10036703944206238,0.1161486804485321,0.041954901069402695
news,post,8d85b0b6ecc2e188,Batac City turns ‘Dap-ayan’ traditional farmer sheds into tourism hubs. Batac City turns ‘Dap-ayan’ traditional farmer sheds into tourism hubs&nbsp;&nbsp;MSN,https://news.google.com/rss/articles/CBMiuAFBVV95cUxQRDdvRFZ0WFl5V2o0WTlySEdrY2M4TFJ3TFJ1X3EwQlFLUHVqSmhUQkZBM19DcENBd1FieUt6d1gyWEhxNTc1TUR0ZXRGX1NnYzQ4RUprTV90b0VHcmFua2xNNWlzOGxPN0lNN0ZqSktIOXpZMTNhUk9JSGtBckJvQ2lJd3I5RmRObzFjb3pLVzl5ZWVVRXJXWnkycVFJRmdzdjgxUEhpOFNwdkN5RE5DSDBBQzFzcmt2?oc=5,neutral,2026-06-16 10:10:39+00:00,0,0,0,0,0.5,0,0.0,neutral,0.8605148196220398,english,Mixed/Urban,love,0.04969075694680214,0.020230887457728386,0.10950078070163727,0.04101043939590454,0.507274866104126,0.03490665555000305
news,post,437e2b6b5ae242a2,"Pakistan to Receive 50,000 Tons of Fertilizer Imports From Morocco Ahead of Kharif Season. Pakistan to Receive 50,000 Tons of Fertilizer Imports From Morocco Ahead of Kharif Season&nbsp;&nbsp;TechJuice",https://news.google.com/rss/articles/CBMitAFBVV95cUxQNzdveUZPaExfT1BSVlRQZkt0SmU4MnFZM1AzWVZxZVJabEU3U1dDNmU2Zy1MeU9UQ0UyMHNmMDlJVXhheUtVZXNCRUVjenpjOVN6MlNzVE8xSmYtVUJCY1lqTkRMSFNuSWdaVzcxcEVCNXFpYWREU3QyblotSWFncF9HTWh4UndQVlMyd1gtZzQ3MWhmZEhhbXUtTkJpcEZVS1ZVcDdoZ1JYVkg0cGgwQWJQSlI?oc=5,neutral,2026-06-19 22:26:59+00:00,0,0,0,0,0.5,0,0.0,neutral,0.7958002090454102,english,Mixed/Urban,no_clear_emotion,0.06591486930847168,0.08831360936164856,0.21808211505413055,0.04512348771095276,0.1821233183145523,0.04033762589097023
news,post,d40377f46e1fd549,"DAP names four candidates for Johor state election. JOHOR BAHRU, June 20 &mdash; DAP has named four candidates for the Johor state election on July 11.The candidates are No...",https://www.malaymail.com/news/malaysia/2026/06/20/dap-names-four-candidates-for-johor-state-election/224548,neutral,2026-06-20 08:52:42+00:00,0,0,0,0,0.5,0,0.0,neutral,0.9555199146270752,english,Mixed/Urban,no_clear_emotion,0.02730715088546276,0.032961077988147736,0.18410855531692505,0.018226703628897667,0.18775750696659088,0.03294835612177849
news,post,5082131dd093ec45,"AI tudung pic sparks DAP fury at MCA, Johor ex-rep warns not to over-appease any community. DAP chief calls it an 'outdated tactic' and 'dirty game'.",https://www.malaysiakini.com/news/777792,negative,2026-06-20 07:30:09+00:00,0,0,0,0,0.09491098523139954,0,0.0,negative,0.6836300492286682,english,Mixed/Urban,anger,0.3064228892326355,0.21790355443954468,0.1608063131570816,0.09648816287517548,0.1340520679950714,0.02166382223367691
news,post,04fb1e928130a98c,"SNAPSHOT | DAP fields Malay SJKC grad in Tiram; Muda chief won't recontest Puteri Wangsa. What's going on in the news today, with updates at 11am, 2pm, and 6pm.",https://www.malaysiakini.com/news/777786,neutral,2026-06-20 06:02:09+00:00,0,0,0,0,0.5,0,0.0,neutral,0.9227445721626282,english,Mixed/Urban,no_clear_emotion,0.07347570359706879,0.07130910456180573,0.05093972012400627,0.01759001985192299,0.03737889975309372,0.03552987799048424
news,post,ab8d6bc1d351d30e,"Britain’s King Charles to reveal personal tax bill. The decision has been made by the Sovereign at the express wish of the King himself, as part of the adaptations since his accession.",https://www.freemalaysiatoday.com/category/world/2026/06/21/britains-king-charles-to-reveal-personal-tax-bill,neutral,2026-06-21 04:25:53+00:00,0,0,0,0,0.5,0,0.0,neutral,0.9268835186958313,english,Mixed/Urban,no_clear_emotion,0.03522689640522003,0.021752268075942993,0.14935815334320068,0.017580371350049973,0.07776852697134018,0.030098356306552887
news,post,62af39f8698dfdb8,"Dia bukan beban, itu anak saya. Walaupun sudah berusia dan ada masalah kesihatan, Cheong Kah Pin hampir setiap minggu menyeberangi Tambak Johor untuk melawat anaknya di penjara sambil terus berharap mereka dapat bersama suatu hari nanti.",https://www.freemalaysiatoday.com/category/bahasa/tempatan/2026/06/21/dia-bukan-beban-itu-anak-saya,positive,2026-06-21 00:00:36+00:00,0,0,0,0,0.9992985129356384,0,0.0,positive,0.9976617097854614,malay,Malay/Bumiputera,love,0.19272971153259277,0.05594927445054054,0.0398106575012207,0.09663189202547073,0.4007376730442047,0.025216365233063698
news,post,a7fb518c0b826a3a,"Desak batal bina masjid depan Menara TRX keterlaluan, prejudis terhadap Islam - Zainul Rijal. KUALA LUMPUR: Desakan dibuat seorang veteran DAP yang menggesa pembinaan Masjid Warisan di hadapan Menara Tun Razak Exchange (TRX) dibatalkan atas alasan menimbulkan ketidakharmonian dan mengganggu aktiviti komersial serta hiburan di kawasan itu disifatkan tidak bertanggungjawab serta sarat prejudis terhadap Islam serta institusi masjid.",https://www.bharian.com.my/berita/nasional/2026/06/1575197/desak-batal-bina-masjid-depan-menara-trx-keterlaluan-prejudis,positive,2026-06-21 11:14:46+00:00,0,0,0,0,0.9619538843631743,0,0.0,positive,0.8731796145439148,malay,Malay/Bumiputera,anger,0.8863978981971741,0.02304937317967415,0.019231781363487244,0.01757582277059555,0.02192859910428524,0.0067695616744458675
news,post,d873fd3ce3c56252,"Polis antipengganas siasat serangan anti Islam di Edinburgh. LONDON: Polis Scotland mengesahkan unit antipengganas kini sedang menyiasat beberapa siri serangan di Edinburgh yang mencederakan lima lelaki, dalam kes yang disyaki bermotifkan kebencian terhadap penganut Islam.",https://www.bharian.com.my/dunia/eropah/2026/06/1575193/polis-antipengganas-siasat-serangan-anti-islam-di-edinburgh,negative,2026-06-21 11:06:28+00:00,0,0,0,0,0.0028894901275634544,0,0.0,negative,0.9903683662414551,malay,Malay/Bumiputera,anger,0.5978004336357117,0.03535007685422897,0.1061486303806305,0.02165588177740574,0.06988772749900818,0.020690878853201866
news,post,1e2f7292e44f13ed,Ringgit dijangka kekal rendah berbanding dolar AS minggu hadapan. KUALA LUMPUR: Ringgit dijangka terus diniagakan rendah berbanding dolar Amerika Syarikat (AS) minggu depan susulan jangkaan berterusan terhadap kemungkinan kenaikan kadar faedah oleh Rizab Persekutuan AS (Fed) tahun ini.,https://www.bharian.com.my/bisnes/pasaran/2026/06/1575174/ringgit-dijangka-kekal-rendah-berbanding-dolar-minggu-hadapan,negative,2026-06-21 10:30:27+00:00,0,0,0,0,0.0018328070640564187,0,0.0,negative,0.993890643119812,malay,Malay/Bumiputera,anger,0.31952300667762756,0.2886754870414734,0.03461729735136032,0.18123158812522888,0.03440120071172714,0.032270293682813644
news,post,ec120a44b7e5a5ba,Pemandu mabuk tak pernah ambil iktibar. Seremban: Kejadian kemalangan maut yang berpunca daripada pemandu mabuk seolah-olah tidak pernah diambil iktibar apabila masih terdapat individu yang dikesan memandu di bawah pengaruh alkohol.,https://www.hmetro.com.my/mutakhir/2026/06/1373002/pemandu-mabuk-tak-pernah-ambil-iktibar,negative,2026-06-21 11:51:07+00:00,0,0,0,0,0.00048235058784484863,0,0.0,negative,0.9983921647071838,malay,Malay/Bumiputera,surprise,0.029466314241290092,0.07844176888465881,0.023974524810910225,0.0364144891500473,0.01639169082045555,0.7292254567146301
news,post,cb76f813b9bb05bd,"Desakan batal bina masjid depan Menara TRX, keterlaluan, prejudis terhadap Islam - Zainul Rijal. Kuala Lumpur: Desakan dibuat seorang veteran DAP supaya pembinaan Masjid Warisan di hadapan Menara Tun Razak Exchange (TRX), di sini, dibatalkan dengan alasan menimbulkan ketidakharmonian, mengganggu aktiviti komersial, hiburan di kawasan itu disifatkan prejudis terhadap Islam serta institusi masjid.",https://www.hmetro.com.my/mutakhir/2026/06/1372974/desakan-batal-bina-masjid-depan-menara-trx-keterlaluan-prejudis-terhadap,positive,2026-06-21 10:45:55+00:00,0,0,0,0,0.967245328426361,0,0.0,positive,0.8908177614212036,malay,Malay/Bumiputera,anger,0.8120989203453064,0.041080448776483536,0.03928609937429428,0.021435270085930824,0.03179624304175377,0.01220584474503994
news,post,d17a1f0b02887c2c,"Jurukamera Al Jazeera antara 10 terkorban dalam serangan Israel di Gaza. Gaza: Sepuluh rakyat Palestin, termasuk jurukamera Al Jazeera, Ahmad Washah dan empat anggota sebuah keluarga terbunuh, manakala puluhan lagi cedera dalam serangan Israel di Gaza sejak awal Sabtu, dalam pelanggaran terbaharu terhadap perjanjian gencatan senjata yang berkuat kuasa sejak Oktober 2025, lapor Anadolu Ajansi memetik sumber perubatan dan saksi.",https://www.hmetro.com.my/global/asia/2026/06/1372956/jurukamera-al-jazeera-antara-10-terkorban-dalam-serangan-israel-di-gaza,neutral,2026-06-21 09:48:35+00:00,0,0,0,0,0.5,0,0.0,neutral,0.9616997838020325,malay,Malay/Bumiputera,anger,0.5386081337928772,0.07133278995752335,0.03917091712355614,0.24920020997524261,0.029032345861196518,0.022405512630939484
news,post,099330865355150d,"Muhyiddin: Bersatu to remain in Perikatan Nasional, use PN logo in Johor, N.Sembilan polls. Muhyiddin: Bersatu to remain in Perikatan Nasional, use PN logo in Johor, N.Sembilan polls&nbsp;&nbsp;The Edge Malaysia",https://news.google.com/rss/articles/CBMiUEFVX3lxTFB3b2c5NldVWEx5WC10b0ZjQzRiSTl1UFBxdGwxWmZHQWNtSFpyRWRPa2tNb1B4dHE2eHJsZk1oOUd6NGdiOVRrUlhwMjY0OUVw?oc=5,neutral,2026-06-17 01:00:44+00:00,0,0,0,0,0.5,0,0.0,neutral,0.8924755454063416,english,Mixed/Urban,love,0.047935474663972855,0.013819504529237747,0.09967546910047531,0.02938833273947239,0.40394648909568787,0.023269059136509895
news,post,d499ff4fd2d8542d,"Bersatu to remain in PN, use coalition logo in Johor, N Sembilan polls: Muhyiddin. Bersatu to remain in PN, use coalition logo in Johor, N Sembilan polls: Muhyiddin&nbsp;&nbsp;Malaysiakini",https://news.google.com/rss/articles/CBMiUkFVX3lxTE5VM3RFamk3RXh4VW5CTHpjWFZ1N0drZUFIM0NJM1phMElVQ2FXUE1acGJFQ2g0X2tXMlRhREg2TFBGUkFqZjluMkNvcW1weGNMLWc?oc=5,negative,2026-06-17 01:36:48+00:00,0,0,0,0,0.09626733809709548,0,0.0,negative,0.6791088730096817,multilingual,Unknown,no_clear_emotion,0.04189250245690346,0.011849327012896538,0.07170362025499344,0.028990793973207474,0.35191109776496887,0.02544356696307659
news,post,2307cda89e7b9944,"Gerakan urges PN unity ahead of Johor, Negeri Sembilan polls. Gerakan urges PN unity ahead of Johor, Negeri Sembilan polls&nbsp;&nbsp;Free Malaysia Today",https://news.google.com/rss/articles/CBMivAFBVV95cUxPeGRfUnlFOUE0YmwxZXpnT1VQQnJQanN3SXBEZndJYXRrTWpoZzl0MWptVGk4QVNWWjV5ckxmRUI2emtub3l1ZDh6SWFPQkVFRHVsNjVwbjc1TkhmN0wza1Y3M1pwSFlwb1RpOTNIQ3R1NURHT3FPdWtISkJoV2tEOXlNTWRadk9CYXlVVk1aeGlSc2YwYkFxQUEzTkZBOUlXbTIxOWNBbnFBTjNERzVwSlFPTzc2dXVoZl96OQ?oc=5,neutral,2026-06-20 08:38:26+00:00,0,0,0,0,0.5,0,0.0,neutral,0.8532036542892456,english,Mixed/Urban,no_clear_emotion,0.03903772309422493,0.0126491142436862,0.10280071943998337,0.01656796969473362,0.24973365664482117,0.02437150850892067
news,post,5c90de81fcba65b2,Johor vote may shape Negeri Sembilan race as staggered polls raise questions. Johor vote may shape Negeri Sembilan race as staggered polls raise questions&nbsp;&nbsp;The Straits Times,https://news.google.com/rss/articles/CBMiugFBVV95cUxNOFRmQ1JuSE9zYkpwbVdZTVlzX3VRN09GdmF0elRvMUhsN1BqVVBTeXFFTDlzQ2Z2TVNZRk9YTlBrT0pUQ2UxQmlHSG80c2JySkVKY3E4aGNoWEd2b1NQZ2hMVjZBTE04TlZpZFdHM3pDTXFYQ0hIRW15bF9qOGtvWl82OXk0VTV4R0tuUDFNcWpmSl9SdjBzeVNSMDM4cVI0bnNqaEVZRHN5aURTczJDSkhmbDJuOVJSSXc?oc=5,neutral,2026-06-16 11:50:00+00:00,0,0,0,0,0.5,0,0.0,neutral,0.9157153964042664,english,Mixed/Urban,no_clear_emotion,0.20954127609729767,0.026829324662685394,0.12370017170906067,0.03490299731492996,0.1983374059200287,0.023452406749129295
news,post,9b14e4126b4af17f,"PN meeting delay sees Bersatu push ahead with Johor, Negeri Sembilan poll plans. PN meeting delay sees Bersatu push ahead with Johor, Negeri Sembilan poll plans&nbsp;&nbsp;The Malaysian Reserve",https://news.google.com/rss/articles/CBMivwFBVV95cUxQVTNQSUlubDhRQ0wzSFVpdlBtVGgzQkc5TmZyYjg4bXU0VUo5aXVBUWl0YmtvTENZVkNVdE54MUhGLXpwNGJPZzdQUFBlOFA5QjQ4dTNzYy02eTlsMzJoSkJlQ21VaUNsajhCcWpTMVJ0X004TExHZDMzXy1LVDltRGFEbExGSWJvSHZUdk5LWXdRMlFSLU90Tm1YSUw0TVYwa0lBd0VyYmY3aS1EOWpxUWl2cTR0elhHVFVZSFpuWQ?oc=5,neutral,2026-06-16 09:14:03+00:00,0,0,0,0,0.5,0,0.0,neutral,0.7423115968704224,english,Mixed/Urban,no_clear_emotion,0.20316262543201447,0.03229620307683945,0.07071549445390701,0.031296566128730774,0.09389897435903549,0.018868764862418175
news,post,2e05835e0adbfb88,"No PN meeting on Johor polls but Bersatu won’t wait, says Peja. No PN meeting on Johor polls but Bersatu won’t wait, says Peja&nbsp;&nbsp;Free Malaysia Today",https://news.google.com/rss/articles/CBMivgFBVV95cUxORkdEbVVURUVldTd0TXVvQVdUNE5sUURIYXc5Qmhtdlp3SmJ2YUxTbTFDUU9LUnNpUWxzOWUwZzBURWVwR1JNbjZWMWUxeUNqeFdPVVR2Y0E4YUFPb21NeGcxbjJBNWJ1WUFCUGFNMFFxaFZ5MWtEUFZkNHpyQUgyTFZKOXFiRzU0dzZKS004dmlSNlo2RVB2cXN2LTFtT280NHVTOVZpQzkyQllhQlowZmN4TWg2TTNOY1dmVWNn?oc=5,neutral,2026-06-16 02:55:41+00:00,0,0,0,0,0.5,0,0.0,neutral,0.7974923849105835,english,Mixed/Urban,no_clear_emotion,0.03885514661669731,0.04363714158535004,0.0697832778096199,0.029629459604620934,0.2760961055755615,0.0629478171467781
news,post,cc4adad1c32ccf83,"PN to settle logo dispute, seat allocations for Johor and NS polls on Monday. PN to settle logo dispute, seat allocations for Johor and NS polls on Monday&nbsp;&nbsp;Free Malaysia Today",https://news.google.com/rss/articles/CBMi0gFBVV95cUxQWElKRE1pTzQwcnlpd1FhYkNfZTdmeGVZS0hwQUpuMGIyVUExOTltNi1CUTV0X193WFpVNnN4SDRnbkgtWXJzY1Vrc1dZRGxfOGwwN0p3TU91TUV3LVZRdDBqNjVwcGtvNnZjRHhzQjR5QllwSGFxTVUwMThpOTZOc2VfNk9YX1Q0ZHkyaEhtb3VtYy1RandNSnVSY1pBZFFERDNuWDd2V0ZGTHlZVDFld3RtcjV0YTRoZE8zT1FBNURhR3JVN2NxbHpXbE9CNUNCQ3c?oc=5,neutral,2026-06-19 14:54:20+00:00,0,0,0,0,0.5,0,0.0,neutral,0.8980929851531982,english,Mixed/Urban,no_clear_emotion,0.07115131616592407,0.0320536307990551,0.21348103880882263,0.016842273995280266,0.11255175620317459,0.02206040360033512
news,post,e92fcf852e427012,MIPP to decide political direction after PN Supreme Council meeting. MIPP to decide political direction after PN Supreme Council meeting&nbsp;&nbsp;Free Malaysia Today,https://news.google.com/rss/articles/CBMixwFBVV95cUxNR1pkUWVua2tyT0NSd0tyeVVOLVBqQThzXzJGcVNmRS0wUE5TZndjaGluTEdxWm1sd2FjTDAwOGF5bFRTRTFuekRHaHYxeVpyTFRzcmowYldjeVoxTjJUdHJhdVE0ZGY3ZmlfbDZzYWFud3dRbXUxMXdvOEx4SGNxbjkwRzRuMS1KWTFLQWNvdElKclVOa1RLTWpoQnlpUU5WalpkeGZXT21tTV9Qb1lvWXcxOWgtaFBkcThMYzVwNDVZc0tuNk1V?oc=5,neutral,2026-06-15 01:39:27+00:00,0,0,0,0,0.5,0,0.0,neutral,0.9114254713058472,english,Mixed/Urban,no_clear_emotion,0.053422871977090836,0.03962913528084755,0.21747246384620667,0.019443480297923088,0.08951271325349808,0.0316942073404789
news,post,36991f17645b80e6,"Gerakan, MIPP caught in dilemma as Bersatu fights to stay in PN. Gerakan, MIPP caught in dilemma as Bersatu fights to stay in PN&nbsp;&nbsp;Free Malaysia Today",https://news.google.com/rss/articles/CBMiwAFBVV95cUxPYUpRNzBSMTUydk1vNEJ6Y3RXRlJ6LVBoakEtUk1idXk0VDY4VEI2bEJvcENWLURDbkdWVE1wSnpVTUlkdEg1X19HWUJlc3ZYX3ZfUnRDVEotcG4wWllBcTZ5eTY5TFNaTW1uQl9kbFJQVFF5VVRkNVlsRXI5YzVBQkZlOUhZWnFQZlV5SlhhbnZab2x0eXZQVWtHVXFJeTFrVjZyR2p0NEE3MFRLekctczFBMXhXeVQ0UkFGeV8yNks?oc=5,negative,2026-06-19 23:00:27+00:00,0,0,0,0,0.0004810631275177224,0,0.0,negative,0.9983964562416077,malay,Malay/Bumiputera,anger,0.27033108472824097,0.17453087866306305,0.20073436200618744,0.02745603583753109,0.0763135626912117,0.028253529220819473
news,post,82022386bbacf93b,"Calm down, don’t speak in haste, Annuar tells Bersatu. Calm down, don’t speak in haste, Annuar tells Bersatu&nbsp;&nbsp;Free Malaysia Today",https://news.google.com/rss/articles/CBMisAFBVV95cUxNWjV1UmdPMXdWN0VkdmpfMW96T3hoWGZSaEFLUTRiMnlndzdXM0Q5R1RpSXNOUzNHRGVqeUYxenpvTktSTVNHMWViRHVfMXgyVFhvWTN6R3dpZmVrczU5VHVZWnhORC1pQTNyU0xkUjhGMkdaazFUM01hNzNNdnI5NWg2ajdWNHpOMEcwdHd5eWtDbnlIMmpEbW1mX3FLNUt0NnBTMzUzWGhIc0Zoa2Rneg?oc=5,negative,2026-06-17 09:49:43+00:00,0,0,0,0,0.1338028348982334,0,0.0,negative,0.553990550339222,multilingual,Unknown,love,0.052629612386226654,0.014043355360627174,0.08002611994743347,0.01668875850737095,0.492843359708786,0.019728505983948708
news,post,d6626a5e2dba6dab,"BN to finalise Johor, Negeri Sembilan seat allocations next week | Sinar Daily. BN to finalise Johor, Negeri Sembilan seat allocations next week | Sinar Daily&nbsp;&nbsp;Sinar Daily",https://news.google.com/rss/articles/CBMiuwFBVV95cUxQUlY2dUQ2VlQ0cjMwckxoWERSSjZRbG5PNG8tWTJTelVfZTNIV1Yzd1RPcHRBU0tDcEZTbEpFM0hGdU5ZUW5URXVhZFZhWERjVnJsS3NMQzJqcVZ2OVlEQUwwV2JOSlJDRHMzUFFiRmdCQ2FVeXpydFpvMnROcDluXzJlYXp5Y1dYY0tOVDQteUE5MV92WXYtd1lkQWhMTkpicDI3MTJTVGRtWFQ1bzVhZTJRTXg2SEtjaG1n0gFWQVVfeXFMTkVjY1NGOXJ2N21EN1l3bzRuaU5XV0xWZG81anhFSlh5Z201Mk9ZUEk1amVDV3luYWhMWnZuM1JvZC1VVW9tbDFfdVBCNnEtUmRVUGF4SEE?oc=5,neutral,2026-06-16 09:49:00+00:00,0,0,0,0,0.5,0,0.0,neutral,0.9139524102210999,english,Mixed/Urban,no_clear_emotion,0.02932795323431492,0.01494408119469881,0.06771324574947357,0.0137547692283988,0.09147955477237701,0.0169203020632267
news,post,ccee868c9822c82e,"Bersatu’s Radzi Jidin, Azmin Ali dismissed from PN roles. Bersatu’s Radzi Jidin, Azmin Ali dismissed from PN roles&nbsp;&nbsp;KLSE Screener",https://news.google.com/rss/articles/CBMiqAFBVV95cUxQOWFUS1dDODRkbTg1NGk4dTBXZnJmMFE1VVFYVWthUE1ON08zOVF5c2FWbEhxV2ROZTh0Y21oNXFaUTZaSTRpb2tJbk1vNlEtWW1Icnp4Zl9JSTBVYWJtSGR4b0F1Z3VkLUhZSGtMVDZpVGdMa3FOa0pmMlJIc2d1di1WUnhZT2EtRjRBZTZCUWdkMmNCU2N3MkRzZlNKNGZzcVRTVmpWR0I?oc=5,neutral,2026-06-18 01:27:13+00:00,0,0,0,0,0.5,0,0.0,neutral,0.6217513084411621,english,Mixed/Urban,sadness,0.031885791569948196,0.03655429184436798,0.010883857496082783,0.852030873298645,0.03175513818860054,0.017604181542992592
news,post,951ca7ceec831fa7,"Leave PN if contesting against PAS in state polls, Muhyiddin told. Leave PN if contesting against PAS in state polls, Muhyiddin told&nbsp;&nbsp;scoop.my",https://news.google.com/rss/articles/CBMinwFBVV95cUxOSkE0UzhaZ0FXZ0ZNTkR6N0pyQktUU2R4Qkt5TTNEdExHekF4bmpQb3BwZThEcklaUENWeW1lQk5wTUJQNUdZZVU5SGZsbXBVZWRyUkhFMTJsb2lsWUJ3WWdLMGhTQlByeGdMcEZ4RVZFdDVpUmtlSERkZFRFdmRFbGFRME45MWpLUll2VGtFN1dZY3dkSmQwTW9pa3ZVSWc?oc=5,neutral,2026-06-17 07:34:24+00:00,0,0,0,0,0.5,0,0.0,neutral,0.7920768857002258,english,Mixed/Urban,no_clear_emotion,0.03785186633467674,0.01127632800489664,0.040049709379673004,0.03072446584701538,0.21334001421928406,0.02474607154726982
news,post,2521b96d65e02391,"Azmin Ali, Radzi Jidin dropped in PN leadership reshuffle. Azmin Ali, Radzi Jidin dropped in PN leadership reshuffle&nbsp;&nbsp;The Vibes",https://news.google.com/rss/articles/CBMiowFBVV95cUxNdEU1VHdvb3FzNkZVMkgwc3JQMnhHMzY2MUxXR1RrMFB4MGNibWswTmhlaFd1UHJ2UWFuOU0wdGVkXzk5N3Jac1dlekFCYkpBY3l5Mk5abzk3b1MxT0JRYl95S0owWG16V2JhdVVoVlppcnRpTEtQRzJwR0V3eG9nWXBVSmpfeWVCb1otb3RfYV9oMEhvS0s4MGlQWjlocXhHTTdR?oc=5,neutral,2026-06-18 00:43:00+00:00,0,0,0,0,0.5,0,0.0,neutral,0.8188706636428833,english,Mixed/Urban,no_clear_emotion,0.051941726356744766,0.013396297581493855,0.040866583585739136,0.012670526280999184,0.03970176354050636,0.0157097689807415
news,post,74d8c7e85fa3720a,"PN mesyuarat Isnin bincang isu logo, calon PRN N Sembilan, Johor. PN mesyuarat Isnin bincang isu logo, calon PRN N Sembilan, Johor&nbsp;&nbsp;Free Malaysia Today",https://news.google.com/rss/articles/CBMiYkFVX3lxTE1oUDc1aEhSbnJOY25CX1JWTXNhMHZNVkpZOTZTd0JYWWo0WUU2by1BUU11S01SOF9MN3JmWmFOOTh5VHRyb1BQVnpSTXFxa3dMTy10VUtNb2JFMTg2bjFJRTdR?oc=5,negative,2026-06-19 11:15:34+00:00,0,0,0,0,0.098243710398674,0,0.0,negative,0.6725209653377533,multilingual,Unknown,no_clear_emotion,0.03196898475289345,0.01141393929719925,0.05810491368174553,0.015758849680423737,0.1581943780183792,0.0257263146340847
news,post,9343cf7270ac0aae,Over 200 rally behind Muhyiddin ahead of key Bersatu meeting. Over 200 rally behind Muhyiddin ahead of key Bersatu meeting&nbsp;&nbsp;Free Malaysia Today,https://news.google.com/rss/articles/CBMivgFBVV95cUxQSmlyeDdPZ0ZxYU4wb3lCX2FiNGNnRC1wUG1sUHZSejhXWXRsMDRvSmZsWjl2ZWJROWZRSkp6OWttRzc4MkhDbjBDT0pGU25FeXBWN1g1ZEs3REpYUlR5WGQzcHR0cFZMaWJGN05GcVRmY2tLVHduSGk5Y2Fkc1NvMVRIa1V3ZF9CZ2czcm1HVnJUWW5QRlN6Q0xUcWF1SXJNZnprbVFvX3ZybXlNaEhkdnZ0aDBWZlV0US1hUnRB?oc=5,neutral,2026-06-16 13:11:36+00:00,0,0,0,0,0.5,0,0.0,neutral,0.6124647855758667,english,Mixed/Urban,no_clear_emotion,0.02640056610107422,0.009523794986307621,0.10125116258859634,0.01119967456907034,0.14026592671871185,0.025008663535118103
news,post,1bf527d925154be7,"Gerakan ikhtiar satukan PN menjelang PRN Johor, N Sembilan. Gerakan ikhtiar satukan PN menjelang PRN Johor, N Sembilan&nbsp;&nbsp;Free Malaysia Today",https://news.google.com/rss/articles/CBMiYkFVX3lxTE5rWXZKLThEWjdCWFRvcFhqNlhIMFN1dk81LUJVUWJiczFEcGxjZ3A2Vm1pTG5udUNIR1pwc1RuZWx2Y2dEWEJjbzNZRHhyWWVDZjY5NV9sSFhETXlJbTZ5ZmpR?oc=5,neutral,2026-06-20 10:18:25+00:00,0,0,0,0,0.5,0,0.0,neutral,0.9975035786628723,malay,Malay/Bumiputera,no_clear_emotion,0.03535958006978035,0.017063895240426064,0.12494831532239914,0.018040841445326805,0.19636811316013336,0.027685267850756645
news,post,ce1f63cdee051b03,"State elections: Johor, Negeri Sembilan PKR list of candidates finalised. State elections: Johor, Negeri Sembilan PKR list of candidates finalised&nbsp;&nbsp;KLSE Screener",https://news.google.com/rss/articles/CBMivAFBVV95cUxNWWhnNzB4TFBQZ0lyTWtWZFVrNWg0Wm5NcGhjZHpqMmJ3bGlnRjk2cVJkb1dJOTNiaUhqTWt5ODVOZ2VqSjNLdk93TnVkNlZuMjRGekpYU2lCWTlZdFF3dS1fTHBURFo1M2V0OGt4Z0FMb2Z3R3AxRHJSMjY1eUx0NjYycXdYZk05UURNS2wyeG90SllMMWY2MGNvVy11YXN5dC1ZX3VBMWF3RGM2b08zMlpEUXE5Z1U3bnJNYw?oc=5,neutral,2026-06-19 04:28:47+00:00,0,0,0,0,0.5,0,0.0,neutral,0.9193337559700012,english,Mixed/Urban,no_clear_emotion,0.013363389298319817,0.013008590787649155,0.055930353701114655,0.009954201057553291,0.06044010818004608,0.02051454596221447
news,post,ee3a5426c73a49e4,"OPINION | Anwar’s Leap of Faith: To Win GE16, He Should Sacrifice Johor and Negeri Sembilan. OPINION | Anwar’s Leap of Faith: To Win GE16, He Should Sacrifice Johor and Negeri Sembilan&nbsp;&nbsp;Newswav",https://news.google.com/rss/articles/CBMitwFBVV95cUxPTkpjdWNaRlc3RU01UkpoQjhRdEtGOTJFUW5CVlR2aVhoX0Z3WjRNcUZTUWlnZWZVUEhrTVlLR0hwV2RhRGd0OGtPUVhhay1oVnVuZ19mNHdoUEEyZnVvNHdKU1k2WEVpSENORG0zcndYMWVMQUFIOVNiSmwwSXpvSTU2bjhwNnJZRVdVYS1RcmFPRlpuemNGTjd4TC0wWHA5NlhKaS1CZlBaaktVZmd2TlZTSmNfcGc?oc=5,neutral,2026-06-16 11:30:53+00:00,0,0,0,0,0.5,0,0.0,neutral,0.8197367787361145,english,Mixed/Urban,love,0.040829841047525406,0.037625230848789215,0.2312486320734024,0.026599517092108727,0.32556504011154175,0.025940224528312683
news,post,b964fca118453f5c,"PN mesyuarat Isnin bincang isu logo, calon PRN N Sembilan, Johor. PN mesyuarat Isnin bincang isu logo, calon PRN N Sembilan, Johor&nbsp;&nbsp;MEXC",https://news.google.com/rss/articles/CBMiSEFVX3lxTFBBbXhUbU5ScGZXamtpQzkydk1TOEtXVi1qZTRyVDhEejJLTERLaFJhcl91RnVaM2RuUmdjaDZhV0Z1Q2lUWTZ3Sg?oc=5,neutral,2026-06-19 10:11:50+00:00,0,0,0,0,0.5,0,0.0,neutral,0.8670587539672852,english,Mixed/Urban,no_clear_emotion,0.02842954359948635,0.011737652122974396,0.03378584608435631,0.013578426092863083,0.07747568935155869,0.018460238352417946
news,post,eb224737e3919bc2,"Why did Bersatu call a PN meeting and then cancel it?. Party officials, leaders give conflicting info; analysts weigh in on latest manoeuvre.",https://www.malaysiakini.com/news/777760,negative,2026-06-19 13:00:11+00:00,0,0,0,0,0.07665356397628784,0,0.0,negative,0.7444881200790405,english,Mixed/Urban,anger,0.5306192636489868,0.08674593269824982,0.07288631796836853,0.10404670238494873,0.0896085649728775,0.021144747734069824
news,post,c4640f912e1f4f6d,"SNAPSHOT | Azmin rubbishes Bersatu-led rival PN meeting; UNHCR cardholders still subject to M'sian laws. What's going on in the news today, with updates at 9am, 2pm, 6pm and 9pm.",https://www.malaysiakini.com/news/777749,neutral,2026-06-19 10:04:14+00:00,0,0,0,0,0.5,0,0.0,neutral,0.8703663945198059,english,Mixed/Urban,no_clear_emotion,0.0440879762172699,0.010781733319163322,0.04767113924026489,0.008048600517213345,0.04923466965556145,0.02194616012275219
news,post,16075617a4cf01a2,"SNAPSHOT | Shahril: Voters prefer grounded leaders; Bersatu holding PN meeting tonight?. What's going on in the news today, with updates at 9am, 2pm, 6pm, and 9pm.",https://www.malaysiakini.com/news/777729,neutral,2026-06-19 06:25:40+00:00,0,0,0,0,0.5,0,0.0,neutral,0.9262067079544067,english,Mixed/Urban,love,0.03244394809007645,0.006662899162620306,0.06603250652551651,0.013161457143723965,0.6079659461975098,0.020768700167536736
news,post,a938a913b6674f6e,"Ex-senior civil servants keen to contest for Bersama, says Rafizi. He says the party has received encouraging response from those interested in contesting the Johor and Negeri Sembilan state elections.",https://www.freemalaysiatoday.com/category/nation/2026/06/21/bersama-to-announce-johor-polls-candidates-on-friday,neutral,2026-06-21 02:38:29+00:00,0,0,0,0,0.5,0,0.0,neutral,0.512186586856842,english,Mixed/Urban,happy,0.01702992245554924,0.01838022843003273,0.8093874454498291,0.007976096123456955,0.10179103910923004,0.018173322081565857
news,post,7f185460519dbc04,"'Saya baru pergi Negeri Sembilan hari itu. Johor, ya insya-Allah...' - Nurul Izzah. KUALA LUMPUR: Timbalan Presiden PKR, Nurul Izzah Anwar akan menghadiri majlis pengumuman calon Pakatan Harapan (PH) bagi Pilihan Raya (PRN) Johor ke-16 di Bukit Gambir, Tangkak, malam esok.",https://www.bharian.com.my/berita/nasional/2026/06/1575273/saya-baru-pergi-negeri-sembilan-hari-itu-johor-ya-insya-allah-nurul,neutral,2026-06-21 13:02:21+00:00,0,0,0,0,0.5,0,0.0,neutral,0.9753354787826538,malay,Malay/Bumiputera,no_clear_emotion,0.019972041249275208,0.034197572618722916,0.0806049183011055,0.024262744933366776,0.08789370954036713,0.07035811245441437
news,post,f2dbd5af2cfce9b5,"'Dah 'cerai', tapi tetap nak duduk 'rumah' yang sama' - Peja. Kuala Lumpur: Naib Presiden Parti Pribumi Bersatu Malaysia (BERSATU), Datuk Seri Ahmad Faizal Azumu menyindir pihak yang memutuskan hubungan dengan sekutu politik, tetapi mahu terus kekal dalam gabungan Perikatan Nasional (PN).",https://www.hmetro.com.my/mutakhir/2026/06/1372994/dah-cerai-tapi-tetap-nak-duduk-rumah-yang-sama-peja,negative,2026-06-21 11:43:22+00:00,0,0,0,0,0.00048372745513913795,0,0.0,negative,0.9983875751495361,malay,Malay/Bumiputera,no_clear_emotion,0.05779363214969635,0.02696184255182743,0.028321022167801857,0.10571489483118057,0.20569543540477753,0.0928753912448883
news,post,a99649264337f265,"Keanggotaan Bersatu dalam PN dibincang malam esok. TEMERLOH: Keanggotaan Perikatan Nasional (PN) termasuk kedudukan Parti Pribumi Bersatu Malaysia (Bersatu) dijangka menjadi antara agenda penting yang dibincangkan dalam mesyuarat gabungan itu, malam esok. Pengerusi PN, Datuk Seri Dr. Ahmad Samsuri Mokhtar berkata, sebarang keputusan berkaitan hala tuju Bersatu dalam gabungan itu terpulang kepada parti tersebut untuk menentukannya. Katanya, setakat ini PN masih terdiri ... Read more
The post Keanggotaan Bersatu dalam PN dibincang malam esok  appeared first on Utusan Malaysia.",https://www.utusan.com.my/nasional/2026/06/keanggotaan-bersatu-dalam-pn-dibincang-malam-esok/?utm_source=rss&utm_medium=rss&utm_campaign=keanggotaan-bersatu-dalam-pn-dibincang-malam-esok,positive,2026-06-21 05:01:24+00:00,0,0,0,0,0.9417939722537993,0,0.0,positive,0.8059799075126648,malay,Malay/Bumiputera,happy,0.04465631768107414,0.13893918693065643,0.4096704423427582,0.025530820712447166,0.058390021324157715,0.05452254042029381
news,post,b806ad751e940646,DAP names four candidates for Johor state election. DAP names four candidates for Johor state election&nbsp;&nbsp;Malay Mail,https://news.google.com/rss/articles/CBMirAFBVV95cUxObmtBUmFqaUJURHBRZ2RPRHVGR0txcndfTmswNFl2WTRwbkhWVGRCNnVuVk83cHVrazRxZlRtRjY1d3llazRhcjZhWGs2U3VPOFp2aHBINi1fUndwdE1CV2VIa1U2VFpKU010czhxYUZ4OUhPWC1EdTB4cUQtU1ktUnFYemdEdlVubHJmc2lQbnlmUk5CTmdIVkd5VGEtWFhMeldEM2J0dklkNVI00gGyAUFVX3lxTE9KaHZFZDFsek9tM1R0U2s0UU9xelotU1hiT2dZTkNxRHBROXJDVjk5X21mNlNDQTM3MkFRSkdyY2dKclMwLUJvdnJFMmhXbWlaenI5LXZpd2JQR3BuUy1HTHp3ckdaeHJ0bXJrLXVPQlhGVjBCaFBFVVRVazEyWnVGR3g2OG5WUHBGVlJEUThhbWhJamgxTjJTaENkQTNJTi1NbTRrRldNUXprMkJpRnZhdUE?oc=5,neutral,2026-06-20 08:56:13+00:00,0,0,0,0,0.5,0,0.0,neutral,0.9324576258659363,english,Mixed/Urban,no_clear_emotion,0.030210109427571297,0.012600201182067394,0.051075488328933716,0.017250994220376015,0.18581467866897583,0.019511129707098007
news,post,5f1e82008561b7ab,"Johor PRN: BN candidates with best service records regardless of age, race or gender. Johor PRN: BN candidates with best service records regardless of age, race or gender&nbsp;&nbsp;The Vibes",https://news.google.com/rss/articles/CBMixwFBVV95cUxQbm5KUnFaQzl2Y3dGRi1HTk5XN3F5Sk9oeUhMWU9GbmtoVjFKbHRJbTlhUTNaNEp6aFozaEhCY0s5TjhldnlfajNNWWo5WU1QdjZCT0VYZllJNExvVDBVcmZVMk9tRF9VdG1CTXVHeEktWG01UlJ2d2N1NEtvTUd6b0t4c0ZScy1qbVBJclBKdlRhS2RWSmYwVU9IRUtGZGM0Q2VoMGZkcnpZcHVJQnBMZXN4VUcxWTRBWm11MklPMTZsS2RqLThN?oc=5,positive,2026-06-18 01:44:00+00:00,0,0,0,0,0.8839984834194183,0,0.0,positive,0.6133282780647278,english,Mixed/Urban,no_clear_emotion,0.01977917179465294,0.016903230920433998,0.09219755977392197,0.016116010025143623,0.28161177039146423,0.034498393535614014
news,post,bff26078a17c97ed,Anwar reminds Johor voters to choose leaders with integrity and humility. Anwar reminds Johor voters to choose leaders with integrity and humility&nbsp;&nbsp;The Malaysian Reserve,https://news.google.com/rss/articles/CBMitwFBVV95cUxPZkROUFR6TDdRR1JjdEZaZ0I0NHBHSzg3bHF3SUozSzE1cG43TTJmVXNuajl0emVMdFRrSkdCTGU5SnRkc0ZfT180d2ZsTE9JTEtVMDJFZ2daUVRCdk94eGgwdUp6WEg2UnYtM3QtVm1UWmtNX0owOW80Y0d1SC1vTFRYb2FhRnI5SlFCSnFpUTQ5a3JYNE5zM2cyUThheERuNU9NS1FUYXZ2bjdEQzhpbHBDT054Sk0?oc=5,neutral,2026-06-16 04:08:59+00:00,0,0,0,0,0.5,0,0.0,neutral,0.6562358140945435,english,Mixed/Urban,love,0.02699272334575653,0.008837474510073662,0.04951130598783493,0.017927881330251694,0.8320547342300415,0.011410694569349289
news,post,04c68509692b9e9f,Johor PRN: Amanah fields 13 new faces. Johor PRN: Amanah fields 13 new faces&nbsp;&nbsp;The Vibes,https://news.google.com/rss/articles/CBMiigFBVV95cUxONUZZVE8wWUVnaUhDbDlaYWJOenlDWjBxU1oxNms4bmF5SzVVNzlKeW1xSF9sRXRMYmoySDhjLTNSSmwxNGJpQkEzaS1iWHN1ekdMazRQcGVKaDAyZTdvU2dxd0JJZ1MtVVRQOWlPUzhCZ19SQ0hGRUVJYWxSb25KdzNGYjRTN0MzeXc?oc=5,neutral,2026-06-20 00:32:00+00:00,0,0,0,0,0.5,0,0.0,neutral,0.7712346911430359,english,Mixed/Urban,no_clear_emotion,0.028780978173017502,0.019662585109472275,0.07642859220504761,0.018559947609901428,0.20189635455608368,0.03208065778017044
news,post,bb294e7c03076423,"PH seat distribution finalised, PKR to contest 20 Johor PRN seats, 16 in Negeri. PH seat distribution finalised, PKR to contest 20 Johor PRN seats, 16 in Negeri&nbsp;&nbsp;The Vibes",https://news.google.com/rss/articles/CBMiwAFBVV95cUxNT1RLR3Vad2pTLTBCTVZyMVFrSzIzbFNTbVNTQjBpWUFzel9GWWcycWlHa3EwMm14dU85U3ViTThodV8xZVo3VVhtVmJST1JEU3Bmc0w4Z2pUdWstam1xS3IxcnVwX2JDVXBia1lfT1V3M2Mxc2ZtcTRjV0hhNGNTY3YzcE9yWHRaaWZvUV82QlZSdGtMQkJ1SlY3TGNwajIzRXQzbG1wZ2FCcVBqaFhQdzhFUzBjTm11cUd1WHhDLXo?oc=5,neutral,2026-06-14 07:01:00+00:00,0,0,0,0,0.5,0,0.0,neutral,0.7672160267829895,english,Mixed/Urban,no_clear_emotion,0.017578769475221634,0.010706860572099686,0.0339156799018383,0.009056005626916885,0.045834049582481384,0.015571000054478645
news,post,03d8dd1934686ef9,"PRN Johor: PKR akan wakili PH di Puteri Wangsa, kata pemimpin. PRN Johor: PKR akan wakili PH di Puteri Wangsa, kata pemimpin&nbsp;&nbsp;Free Malaysia Today",https://news.google.com/rss/articles/CBMiYkFVX3lxTE96Uk9GdVRmSzJqcGYtdlJ0cTJ0MTN3Y2dHbndSeldHNldocUxTRlhKQUNWUERrVExnQlBvZXR2bE1qWFd1X0pOT1oteFcwRTAzbUVzUWRFNV92RnZrR1g5cUFB?oc=5,negative,2026-06-16 06:36:43+00:00,0,0,0,0,0.18251630365848542,0,0.0,negative,0.39161232113838196,multilingual,Unknown,no_clear_emotion,0.04781374707818031,0.012054196558892727,0.061500657349824905,0.024099761620163918,0.3916369080543518,0.027689116075634956
news,post,5190a709eb49c369,"PRN Johor: 7 kerusi marginal cetus saingan panas, penentu kuasa. PRN Johor: 7 kerusi marginal cetus saingan panas, penentu kuasa&nbsp;&nbsp;Free Malaysia Today",https://news.google.com/rss/articles/CBMiYkFVX3lxTE5wR0N3c0F0THppQV9hMjlNNVBzUTY4OUJBRXhoTk8zamdHOEIzQ2ZvRHlDTVpVQ1dBV3NLUktkclFXZGs0cHcwYUlUUVl4QlhOMTRvakdfaUFoNllyVWh3N0l3?oc=5,neutral,2026-06-15 00:07:53+00:00,0,0,0,0,0.5,0,0.0,neutral,0.8600636720657349,english,Mixed/Urban,no_clear_emotion,0.3068355619907379,0.05619736760854721,0.1312827169895172,0.023736530914902687,0.10536065697669983,0.01953534036874771
news,post,734d97dc40323fa8,"Johor, Negeri Sembilan state elections: 99 per cent of PKR candidate list completed. Johor, Negeri Sembilan state elections: 99 per cent of PKR candidate list completed&nbsp;&nbsp;The Vibes",https://news.google.com/rss/articles/CBMixgFBVV95cUxPQVRjamxtd01WLUNlOXI5M19sMnN2ZFlhOUF5OXRuMThFdXpIbUV4eVFfbkZJM05WQzI0QUhJUlRVQVp1ckRVSE1Tb0hyNHU1UWcwdmFFbWVnaHNzS0gwTWNzYm5oUFJOazJ4OWwtYUh6NzlWel90QkFEWU9aaE4xam1nZmg2b0NsVmxNUU5lLUxLb3FmdGYySjRqbExNQjZWTzBfcDhQRk5MaWkzMGpNN2tsaWJLSnp1SWJMaDlvcGVBX19vWVE?oc=5,positive,2026-06-19 04:38:00+00:00,0,0,0,0,0.8549864053726196,0,0.0,positive,0.5166213512420654,english,Mixed/Urban,no_clear_emotion,0.020007869228720665,0.012961315922439098,0.06231868267059326,0.009632900357246399,0.0807940885424614,0.01737026311457157
news,post,60f1a1b34120e014,Johor MB to defend state seat in upcoming polls. Johor MB to defend state seat in upcoming polls&nbsp;&nbsp;The Vibes,https://news.google.com/rss/articles/CBMimAFBVV95cUxPWHpuVXNCTHB0VEtUXzhuLTdlMnlXTWpwU3JiN0gwTUpfTTNCcWRFOXFsSHliY0IzVkJhdGdrc1JiWnhVSnlOWjFmbmhxaTM2SklxVHBLX3JZNHNPOE9kT2JrdXJBSFZQR2NUblRFMDhEOWlWUC1jUjZYcnpNS3dSUUw3T3gxN2x2ZXI1SmFlYlRvbE8zZUthMQ?oc=5,neutral,2026-06-18 03:47:00+00:00,0,0,0,0,0.5,0,0.0,neutral,0.5617472529411316,english,Mixed/Urban,no_clear_emotion,0.04583965986967087,0.014530593529343605,0.071438267827034,0.01276710256934166,0.09798778593540192,0.0170541163533926
news,post,451dd54110c8f16f,Penang PH targets to field more women in next election. Penang PH targets to field more women in next election&nbsp;&nbsp;The Vibes,https://news.google.com/rss/articles/CBMiogFBVV95cUxNUm9aRkJGWkJnYVBMZUFTbTVhUlJ2aFhiR3gtWDg0SFpDRDU4ZnZDekt4VEZURlROQUxmM3NsZ0dJdGdDS0o3VHdWR09EM29DVm8zRHpiMVFwTzdHNWdCZmNscF94SFgyWFEwNUlESVhLTms5cnJRRjYtSUJDMS1ab29ocVpWaWFyRE5RcFJENFdTUWowUFFnT0FWZ1E0NzhJQ3c?oc=5,neutral,2026-06-15 09:34:00+00:00,0,0,0,0,0.5,0,0.0,neutral,0.6720861196517944,english,Mixed/Urban,happy,0.02955775335431099,0.0625884011387825,0.35405683517456055,0.02354269102215767,0.15799477696418762,0.0775977224111557
news,post,887d7c0e9dd42e0c,"Political parties showing their ‘true colours’, says Amanah leader. Political parties showing their ‘true colours’, says Amanah leader&nbsp;&nbsp;The Vibes",https://news.google.com/rss/articles/CBMirgFBVV95cUxOZkUtZFNCNkFuT0stUHJfVGpueHNYWTA5ZE8xV3FORFAzRmctMmdEUWcwYkkxQ1lXTmNkN0ZQWi00WGdiS0ZGQXdRYkJNNjJYWTFkbWZvWmlRdkw4a2NSanA5OHFuaGJ6eWVWTUxyUFhoQjlRWlZVN0FWU0o5LW44eE8ya25wMkhGOUZNRmRDbDlyNWFrNGtQMGo3dURxRlJvNWxiOVpyZTMzNFRhQWc?oc=5,neutral,2026-06-16 01:01:00+00:00,0,0,0,0,0.5,0,0.0,neutral,0.8651331663131714,english,Mixed/Urban,happy,0.01547448430210352,0.03737953305244446,0.8482286334037781,0.008162762969732285,0.035405389964580536,0.020983479917049408
news,post,b23518c29287689c,Wong Chen ‘dares PKR to sack him amid disciplinary heat. Wong Chen ‘dares PKR to sack him amid disciplinary heat&nbsp;&nbsp;The Vibes,https://news.google.com/rss/articles/CBMiogFBVV95cUxNcEpjTllJd2JTMDNKQURLeXQ5UVRJb3ZkRDhESTE3eXZOSmd4QmFidks0LTJ6UmtSNGpuOHhOMVZlYThDRW5VNTFsRENqaHNXN1pDVG84SUtDZzRvQTlOUGw5U1kxelNNMWowRzVuN1VWVG92ZlFKOVdabzlrNkJFeWU4MVpUTmk4X0c4d0M1TUIwTDBCbnJfV2gxbUExcnBQOGc?oc=5,neutral,2026-06-15 08:23:00+00:00,0,0,0,0,0.5,0,0.0,neutral,0.8036055564880371,english,Mixed/Urban,no_clear_emotion,0.03627101704478264,0.008821038529276848,0.05340901017189026,0.015377460047602654,0.21495692431926727,0.01745598204433918
news,post,c6ffe2a0c15a1453,"Muda, PSM bentuk ‘blok progresif’ hadapi PRN Johor, Negeri Sembilan. Muda, PSM bentuk ‘blok progresif’ hadapi PRN Johor, Negeri Sembilan&nbsp;&nbsp;Free Malaysia Today",https://news.google.com/rss/articles/CBMiYkFVX3lxTE1ja0R2VW16aGVkWU9uemItUTByX0pmRXowNGtJR2ZZNDRDTS13QlZoRDRXUzdSeE5PUGIzR2VYcndsT2ppb0JuM2NpY0laVVF6RDZIMVJSRVBvS0x2d29lNUJR?oc=5,positive,2026-06-15 08:26:46+00:00,0,0,0,0,0.8494190201163292,0,0.0,positive,0.498063400387764,multilingual,Unknown,no_clear_emotion,0.050529949367046356,0.012087605893611908,0.06262008100748062,0.023441046476364136,0.40398529171943665,0.027524489909410477
news,post,c52b036067bf8957,"PN meetings, activities cannot be held without chairman's permission - Takiyuddin. PN meetings, activities cannot be held without chairman's permission - Takiyuddin&nbsp;&nbsp;The Vibes",https://news.google.com/rss/articles/CBMiwAFBVV95cUxPMjdmQVBMRm9DcnRoQjRtcHNPZTZBOHV1TW8zbDVJc2pEeDIzVkJ1OEZ6ajVFMjgydFR1R1JwQXI2LTFTWkpRTHpjQWNGMXBoRU5iQkRiN1FHek1GbDVUOXZLZ01ZRHpSUk9STGpXbVVOdjk0RVhQTm9xRTdUeFBzSXlqaklhenZPNHNTTmNicWNHeFdtNjdBMEQ1VXgwZkpPVHRBVDdBYWt2cmNwYktJMFd0RGlucXNDT1JfNkltZnE?oc=5,neutral,2026-06-19 09:50:00+00:00,0,0,0,0,0.5,0,0.0,neutral,0.8288829326629639,english,Mixed/Urban,no_clear_emotion,0.19983692467212677,0.12566177546977997,0.10546702146530151,0.056674838066101074,0.16228657960891724,0.11638747900724411
news,post,ff9164aae7ae3f74,PN Taiping: Edited image of Chinese women using headscarves insensitive and disrespectful. PN Taiping: Edited image of Chinese women using headscarves insensitive and disrespectful&nbsp;&nbsp;The Vibes,https://news.google.com/rss/articles/CBMizwFBVV95cUxOb1c5cThZMXI4TkpFdjdNUGFWZHliSlpIZHgwRHkxclRsMU1rNDRVV3pURWI1bXBUNjFhT0FvR25jZ3VjUFkwa3EwVXFSZFBUQ2lvLXFVczBEbzl1ZGVJUHVOaTFSdnd2VG1jUUs2NXlZQkJ3VnA5S1BaNkNwcjlJY2J1VC1SZXBKSWtnbjFfTUJYWFEzYm8tajNCUXo0blFIRThYMXowM21fVzJvSkVLV2Vocm5CaUxPTXF6RkR3RlZXTnJOWHd1N0NnWlZkS0U?oc=5,negative,2026-06-19 10:07:00+00:00,0,0,0,0,0.0745738685131073,0,0.0,negative,0.7514204382896423,english,Mixed/Urban,love,0.3051796555519104,0.019601762294769287,0.046420879662036896,0.053518254309892654,0.42759689688682556,0.02373652346432209
news,post,a5c6bae975368f90,"Lee’s resignation from PKR leadership questioned, labelled as betrayal of mandate. Lee’s resignation from PKR leadership questioned, labelled as betrayal of mandate&nbsp;&nbsp;The Vibes",https://news.google.com/rss/articles/CBMiwgFBVV95cUxNTTl5TkZYeFlqS3FmQ1lPSzJteEQtRk1tWDA4Z3NHZm9SSV93bUQyYzFjY0VOTE9WcGp1ZHpkVkhxSlcyNjk0cHN2UlBEbk5xT0thU0Zlc0dsc2plOEo2LTNCcFZlS1Bkd2h0Y3EzRDRCYTdZODJBUU1BU0R1aHBLcGpwZnNRbkxKZjA0Rm9rbTdWSGFpVWx4Y3JYZ0ZqOFJydGtYMTk4RTQtZ2xjMldhNEN6MVdKX1Q1QkIwdzczaEhodw?oc=5,negative,2026-06-14 06:40:00+00:00,0,0,0,0,0.14429667592048645,0,0.0,negative,0.5190110802650452,english,Mixed/Urban,sadness,0.08495042473077774,0.05731481686234474,0.056082695722579956,0.5570617914199829,0.09091144055128098,0.03743429481983185
news,post,a2b0c4fcb8facc57,All eyes on Conference of Rulers and Negeri Sembilan. All eyes on Conference of Rulers and Negeri Sembilan&nbsp;&nbsp;The Vibes,https://news.google.com/rss/articles/CBMitAFBVV95cUxNMnBJS2Rlel9ENWQzV3pRLWtSVW5POVBJSmd3THQxVUQ1Y0VtcmphbGRSSUlSNzR0RHQ4NG1SVko5TXZMRjRlSXJTSHZZT1ljT2NQZXhSQW9hUUFKd3FtQ19PazhaZC1tMFBUTUxxNWpxMUhQOC1ySmpvcVJQdU1YVE1qMGFlUlFlWjRSOVg1SkNGNE43RzhBMnZ1YktBNUxDZ0E2c1NWZ2Nzb0c4TWVBbWdMSXE?oc=5,neutral,2026-06-16 04:33:00+00:00,0,0,0,0,0.5,0,0.0,neutral,0.7545230984687805,english,Mixed/Urban,no_clear_emotion,0.05335932970046997,0.013940775766968727,0.05810471251606941,0.019251732155680656,0.14444290101528168,0.01889921724796295
news,post,2097dd0fe4db3c34,Pemimpin Amanah gesa jangan jadikan DAP musuh semasa kempen PRN. Pemimpin Amanah gesa jangan jadikan DAP musuh semasa kempen PRN&nbsp;&nbsp;Free Malaysia Today,https://news.google.com/rss/articles/CBMiYkFVX3lxTE5fUHJzcWtpS3ZUWDhYeldMQjhfcTEzYmxVVjNlVnVtdm53RVZrWHI5MUtrWmJjVmZKMWNBekZNUjhKU0x2a3Zxd0FPRm1RNTdxekdKZmtlNW1nTGpjek9qai1B?oc=5,negative,2026-06-17 11:59:48+00:00,0,0,0,0,0.023783308267593395,0,0.0,negative,0.9207223057746887,malay,Malay/Bumiputera,love,0.2320220023393631,0.01598750241100788,0.056132882833480835,0.037628598511219025,0.43973350524902344,0.019653789699077606
news,post,0601dfe6c52b27bf,"Muda, PSM form ‘progressive bloc’ for Johor, NS polls. Muda, PSM form ‘progressive bloc’ for Johor, NS polls&nbsp;&nbsp;Free Malaysia Today",https://news.google.com/rss/articles/CBMiYkFVX3lxTE9vNXJOQ0VFdk1nLU1uaDJBejNOaEFralpGR0k3TkdNWldmaktwdVZxX2JJcHVWV01IZDg0TVFmbXVjdGpLQmtvd25Vb1lVZ19aVWVzWmtSWVA3TlNMdHJadnVn?oc=5,neutral,2026-06-15 09:56:01+00:00,0,0,0,0,0.5,0,0.0,neutral,0.8455942869186401,english,Mixed/Urban,love,0.058465179055929184,0.017589891329407692,0.1760837733745575,0.022356446832418442,0.5044919848442078,0.021869661286473274
news,post,6e4c01a862811943,The tragedy of Zaid Ibrahim. The tragedy of Zaid Ibrahim&nbsp;&nbsp;The Vibes,https://news.google.com/rss/articles/CBMiggFBVV95cUxNSjhIcThiMmRIQTR2UGZ6RmJSYXM2bmR6N2c2Z2J1UWs3ME5fZnRQR28wdjhqNFBzSnFIcXdWMWVha0ZUOG15aWtjVTUzTkhtNVV0U1JGN3U2OUo3Y1V3emc2eElYbHM5OE5URVlXcVdsNHNzQUJIWnhPenV2bXc0ZWZB?oc=5,negative,2026-06-15 00:16:00+00:00,0,0,0,0,0.08115586638450623,0,0.0,negative,0.7294804453849792,english,Mixed/Urban,sadness,0.16919387876987457,0.05672070384025574,0.05242690071463585,0.4487168490886688,0.10470069944858551,0.029234755784273148
news,post,69704eb719b0fd3e,"No PN meeting on Johor polls but Bersatu won’t wait, says Peja. No PN meeting on Johor polls but Bersatu won’t wait, says Peja&nbsp;&nbsp;Free Malaysia Today",https://news.google.com/rss/articles/CBMiYkFVX3lxTE9sV3JKUDF5YTU2THEteXAwaTdwRzY1ZUFZdUlhcDVwdFlndUNQTTg2MTA1QlotLVpERjRteW1PLUd0VEVZNmcxeVFPN2ROYUhZbTM0c2V4b1BBeHdrMEx1VUJn?oc=5,neutral,2026-06-16 05:12:15+00:00,0,0,0,0,0.5,0,0.0,neutral,0.7974923849105835,english,Mixed/Urban,no_clear_emotion,0.03885514661669731,0.04363714158535004,0.0697832778096199,0.029629459604620934,0.2760961055755615,0.0629478171467781
news,post,43fd20cd07c83f8e,"PN to settle logo dispute, seat allocations for Johor and NS polls on Monday. PN to settle logo dispute, seat allocations for Johor and NS polls on Monday&nbsp;&nbsp;Free Malaysia Today",https://news.google.com/rss/articles/CBMiYkFVX3lxTE1jYnUtRWJTN3hxbGx1eWQ5TFc3dDJZVGlCZTVHZzJCdTdvc1RjTHRqejEzNVJndVBYeVhwckNIWHRwcU4tNWFjbFFZM3Bfa2thbXA5aG52RGRNN3FHc3lyZklR?oc=5,neutral,2026-06-19 12:01:37+00:00,0,0,0,0,0.5,0,0.0,neutral,0.8980929851531982,english,Mixed/Urban,no_clear_emotion,0.07115131616592407,0.0320536307990551,0.21348103880882263,0.016842273995280266,0.11255175620317459,0.02206040360033512
news,post,6a27a06c5bcd8998,"PRN Johor: Amanah tekad rampas semula Parit Yaani, Kota Iskandar. PRN Johor: Amanah tekad rampas semula Parit Yaani, Kota Iskandar&nbsp;&nbsp;MEXC",https://news.google.com/rss/articles/CBMiSEFVX3lxTFBOd1djNU9XWDVNdG1GR2hNZlVLT3dfRWlCWFJ5TU5zOTcteDFGN2RBN2ZWRzhfbndQMm45dkdJT1dvMEt0emdzcA?oc=5,neutral,2026-06-19 22:13:49+00:00,0,0,0,0,0.5,0,0.0,neutral,0.8875036239624023,english,Mixed/Urban,love,0.07720864564180374,0.025999996811151505,0.08294301480054855,0.03975985571742058,0.3946131765842438,0.03835533931851387
news,post,410c41f8c123913f,"Pejuang akan tanding PRN Johor, NS. Pejuang akan tanding PRN Johor, NS&nbsp;&nbsp;MEXC",https://news.google.com/rss/articles/CBMiSEFVX3lxTE1mOFBUN29KLWhfZGhqcDlMUW9hV3NmWEs5emZUODRCSVNKUTY2cG1BbU1lMUJvYjhuYW1YQXZpQkNxd1hxNUhfYg?oc=5,neutral,2026-06-16 23:25:54+00:00,0,0,0,0,0.5,0,0.0,neutral,0.8915826678276062,english,Mixed/Urban,no_clear_emotion,0.035177312791347504,0.011643828824162483,0.02970731258392334,0.014194425195455551,0.10574652254581451,0.01652839034795761
news,post,1ed21d151838d078,"Muda–Bersatu ‘baik’ di Johor, kerjasama masih belum muktamad. Muda–Bersatu ‘baik’ di Johor, kerjasama masih belum muktamad&nbsp;&nbsp;MEXC",https://news.google.com/rss/articles/CBMiSEFVX3lxTE5CTTU4cDdTa28zQ05LUHl4MDVtOUdYZmRaTkttX0J4NkJSWmYwWVpVeDNBY1IxdXdhTm85M0I5NTZkOXBLU3BlTA?oc=5,neutral,2026-06-18 19:22:51+00:00,0,0,0,0,0.5,0,0.0,neutral,0.883381187915802,english,Mixed/Urban,fear,0.02718670479953289,0.8992576599121094,0.027164753526449203,0.010812894441187382,0.007893289439380169,0.019774463027715683
news,post,470347203b5cea54,"‘Move forward’, PAS Johor tiada masalah Bersatu ada kawan baharu. ‘Move forward’, PAS Johor tiada masalah Bersatu ada kawan baharu&nbsp;&nbsp;MEXC",https://news.google.com/rss/articles/CBMiSEFVX3lxTFBWTmtsMHFZdUd2VFRCRUNDSFZ1T1BiSmliQms4VmFUdnlma2JQYllONkl6dXZGUi1xNXdzN1hZRmxacW1QRFIzNw?oc=5,neutral,2026-06-16 11:32:47+00:00,0,0,0,0,0.5,0,0.0,neutral,0.8193598985671997,english,Mixed/Urban,happy,0.046761833131313324,0.06216023862361908,0.36817553639411926,0.03191743791103363,0.21814794838428497,0.03490424528717995
news,post,af953015ef502dcf,"Jangan ‘biar kawan kalah’, Mat Sabu seru ahli menangkan semua calon. Jangan ‘biar kawan kalah’, Mat Sabu seru ahli menangkan semua calon&nbsp;&nbsp;MEXC",https://news.google.com/rss/articles/CBMiSEFVX3lxTE01Vl9vbmstcDYwUEpNZ1hFeHFxMkVteWNERzlXQXowM2x5OWNGcXdkZmdnMEFWc2tHelZyOFAyZ3NuTHdEN0w3bQ?oc=5,neutral,2026-06-20 00:00:10+00:00,0,0,0,0,0.5,0,0.0,neutral,0.8544698357582092,english,Mixed/Urban,anger,0.6120799779891968,0.032433103770017624,0.07459770143032074,0.01768702082335949,0.07716468721628189,0.01911063678562641
news,post,c57952b2661183f9,"Tiong hadir ceramah PH atas kapasiti peribadi, bukan wakili GPS. Tiong hadir ceramah PH atas kapasiti peribadi, bukan wakili GPS&nbsp;&nbsp;MEXC",https://news.google.com/rss/articles/CBMiSEFVX3lxTE1JbFdBanloa1NSTjZ5aS0yNVZrLVNYbDhYa2MzSE01Smttek9JZDE5ZjZoUnJmeWROUEpRVnRGUWRxUlFpY0hCaQ?oc=5,neutral,2026-06-16 13:42:10+00:00,0,0,0,0,0.5,0,0.0,neutral,0.8425728678703308,english,Mixed/Urban,no_clear_emotion,0.027160240337252617,0.00859163049608469,0.020867997780442238,0.010234354063868523,0.047152094542980194,0.03572020307183266
news,post,9883f236fe37ca6b,"THE WEEKND KICKS OFF EUROPEAN LEG OF RECORD-BREAKING AFTER HOURS TIL DAWN TOUR WITH TWO SOLD-OUT SHOWS AT COPENHAGEN'S PARKEN STADIUM. €1 From Every Ticket Sold Across the European Tour Supports the World Food Programme Through the XO Humanitarian Fund and Global Citizen Hi Res photos:www.gettyimages.co.uk/search/events/776514872PHOTO CREDIT: Samir Hussein/Getty Images COPENHAGEN, Denmark, June 21, 2026 /PRNewswire/ &#8212; The Weeknd launched the European leg of his tour with the Denmark stop of his record-breaking After Hours Til [&#8230;]
The post THE WEEKND KICKS OFF EUROPEAN LEG OF RECORD-BREAKING AFTER HOURS TIL DAWN TOUR WITH TWO SOLD-OUT SHOWS AT COPENHAGEN&#039;S PARKEN STADIUM appeared first on The Malaysian Reserve.",https://themalaysianreserve.com/2026/06/21/the-weeknd-kicks-off-european-leg-of-record-breaking-after-hours-til-dawn-tour-with-two-sold-out-shows-at-copenhagens-parken-stadium/,neutral,2026-06-21 04:57:00+00:00,0,0,0,0,0.5,0,0.0,neutral,0.771122395992279,english,Mixed/Urban,no_clear_emotion,0.036660291254520416,0.022149816155433655,0.09164644777774811,0.02205951139330864,0.10664897412061691,0.02605251595377922
news,post,48208ba05739a930,"Harmonious Horse International Exhibition Tour Gallops into Tamar Park, Becoming New Community Landmark in Hong Kong. HONG KONG, June 21, 2026 /PRNewswire/ &#8212; Following its successful debut at the Hong Kong Cultural Centre in Tsim Sha Tsui, the Harmonious Horse International Exhibition Tour, organised by the DC Charity Foundation and presented by The Hong Kong Jockey Club, has moved to Tamar Park in Admiralty. An official opening ceremony was held on June [&#8230;]
The post Harmonious Horse International Exhibition Tour Gallops into Tamar Park, Becoming New Community Landmark in Hong Kong appeared first on The Malaysian Reserve.",https://themalaysianreserve.com/2026/06/21/harmonious-horse-international-exhibition-tour-gallops-into-tamar-park-becoming-new-community-landmark-in-hong-kong/,neutral,2026-06-21 03:30:00+00:00,0,0,0,0,0.5,0,0.0,neutral,0.8436374068260193,english,Mixed/Urban,happy,0.026509162038564682,0.046739786863327026,0.6898821592330933,0.017458686605095863,0.08714500069618225,0.0384521484375
news,post,47454b17192fac99,"PRN Johor: PH umum senarai calon di Bukit Gambir esok. JOHOR BAHRU: Pengerusi Pakatan Harapan (PH), Datuk Seri Anwar Ibrahim akan menghadiri majlis pengumuman calon bagi Pilihan Raya Negeri (PRN) Johor ke-16 di Bukit Gambir, Tangkak, esok.",https://www.bharian.com.my/berita/nasional/2026/06/1575224/prn-johor-ph-umum-senarai-calon-di-bukit-gambir-esok,neutral,2026-06-21 11:55:25+00:00,0,0,0,0,0.5,0,0.0,neutral,0.916391134262085,english,Mixed/Urban,no_clear_emotion,0.05054035037755966,0.03372509405016899,0.11620020866394043,0.02710062637925148,0.12069348990917206,0.036144573241472244
news,post,1fde27b514eb874d,PRN Johor: AMANAH yakin menang 6 daripada 10 DUN ditandingi di zon utara - Aminolhuda. BATU PAHAT: AMANAH yakin mampu memenangi sekurang-kurangnya enam daripada 10 kerusi Dewan Undangan Negeri (DUN) yang bakal ditandingi wakil parti itu di zon utara pada Pilihan Raya Negeri (PRN) Johor bulan depan.,https://www.bharian.com.my/berita/nasional/2026/06/1575172/prn-johor-amanah-yakin-menang-6-daripada-10-dun-ditandingi-di-zon,negative,2026-06-21 10:22:46+00:00,0,0,0,0,0.14708882868289946,0,0.0,negative,0.5097039043903351,multilingual,Unknown,happy,0.03129753842949867,0.05614171177148819,0.5005707740783691,0.011883708648383617,0.09438195079565048,0.031589388847351074
news,post,69a7f23c9c41477d,AMANAH akur 'hilang' DUN Puteri Wangsa kepada PKR. BATU PAHAT: Parti Amanah Negara (AMANAH) Johor terpaksa akur kerana ‘hilang’ kerusi Dewan Undangan Negeri (DUN) Puteri Wangsa yang diserahkan kepada PKR pada Pilihan Raya Negeri (PRN) bulan depan.,https://www.bharian.com.my/berita/politik/2026/06/1575159/amanah-akur-hilang-dun-puteri-wangsa-kepada-pkr,negative,2026-06-21 10:01:58+00:00,0,0,0,0,0.0009038865566253773,0,0.0,negative,0.9969870448112488,malay,Malay/Bumiputera,fear,0.35051611065864563,0.3981139063835144,0.026915770024061203,0.08365777879953384,0.021012887358665466,0.030199473723769188
news,post,8ff62062235bd9bf,"PH umum calon PRN Johor di Bukit Gambir esok - Anwar. Johor Bahru: Pengerusi Pakatan Harapan (PH) Datuk Seri Anwar Ibrahim akan menghadiri majlis pengumuman calon bagi Pilihan Raya Negeri (PRN) Johor ke-16 di Bukit Gambir, Tangkak, esok.",https://www.hmetro.com.my/mutakhir/2026/06/1373010/ph-umum-calon-prn-johor-di-bukit-gambir-esok-anwar,neutral,2026-06-21 12:05:03+00:00,0,0,0,0,0.5,0,0.0,neutral,0.9166674613952637,english,Mixed/Urban,no_clear_emotion,0.0426732562482357,0.03211069852113724,0.11095375567674637,0.024696478620171547,0.11589537560939789,0.03582702949643135
news,post,985aec47b200b963,PRN Johor: AMANAH yakin menang 6 DUN di zon utara. Batu Pahat: Parti Amanah Negara (AMANAH) yakin memenangi sekurang-kurangnya enam daripada 10 kerusi Dewan Undangan Negeri (DUN) yang ditandingi di zon utara pada Pilihan Raya Negeri (PRN) Johor bulan depan.,https://www.hmetro.com.my/mutakhir/2026/06/1372978/prn-johor-amanah-yakin-menang-6-dun-di-zon-utara,neutral,2026-06-21 10:54:51+00:00,0,0,0,0,0.5,0,0.0,neutral,0.9081712365150452,english,Mixed/Urban,happy,0.03332410380244255,0.05373853072524071,0.5795983076095581,0.010762300342321396,0.0804707258939743,0.024782858788967133
news,post,2e1087e39c3463ee,BERSAMA umum calon PRN Johor Jumaat depan. Kota Bharu: Parti Bersama Malaysia (BERSAMA) pimpinan Datuk Seri Rafizi Ramli serta Nik Nazmi Nik Ahmad akan mengumumkan calonnya bagi Pilihan Raya Negeri (PRN) Johor pada Jumaat depan.,https://www.hmetro.com.my/mutakhir/2026/06/1372967/bersama-umum-calon-prn-johor-jumaat-depan,positive,2026-06-21 10:11:13+00:00,0,0,0,0,0.994129091501236,0,0.0,positive,0.9804303050041199,malay,Malay/Bumiputera,no_clear_emotion,0.043603893369436264,0.022639766335487366,0.0755910649895668,0.021693341434001923,0.19328467547893524,0.026769200339913368
news,post,874a6fa132d3a3e1,AMANAH akur 'hilang' DUN Puteri Wangsa kepada PKR. Batu Pahat: Parti Amanah Negara (AMANAH) Johor akur kerana ‘hilang’ kerusi Dewan Undangan Negeri (DUN) Puteri Wangsa yang diserahkan kepada PKR pada Pilihan Raya Negeri (PRN) pada bulan depan.,https://www.hmetro.com.my/mutakhir/2026/06/1372963/amanah-akur-hilang-dun-puteri-wangsa-kepada-pkr,negative,2026-06-21 10:01:03+00:00,0,0,0,0,0.0013401389122009166,0,0.0,negative,0.9955328702926636,malay,Malay/Bumiputera,no_clear_emotion,0.1590031385421753,0.1626938432455063,0.0782892182469368,0.07181064784526825,0.09258195757865906,0.038078684359788895
news,post,4b8bb8c150b00cb4,"Kerusi DUN Puteri Wangsa milik PKR – Amanah Johor. BATU PAHAT: Pertikaian kerusi Dewan Undangan Negeri (DUN) Puteri Wangsa antara Parti Amanah Negara (Amanah) dan PKR selesai apabila kepimpinan tertinggi Pakatan Harapan (PH) membuat keputusan akhir. Pengerusi Amanah Johor, Aminolhuda Hassan berkata, pihaknya akur kerusi DUN Puteri Wangsa itu akan ditandingi calon PKR menjelang Pilihan Raya Negeri (PRN) Johor. &#8220;Tidak mengapa, kita akur dengan ... Read more
The post Kerusi DUN Puteri Wangsa milik PKR &#8211; Amanah Johor appeared first on Utusan Malaysia.",https://www.utusan.com.my/nasional/politik/2026/06/kerusi-dun-puteri-wangsa-milik-pkr-amanah-johor/?utm_source=rss&utm_medium=rss&utm_campaign=kerusi-dun-puteri-wangsa-milik-pkr-amanah-johor,neutral,2026-06-21 04:07:37+00:00,0,0,0,0,0.5,0,0.0,neutral,0.990559458732605,malay,Malay/Bumiputera,no_clear_emotion,0.044235192239284515,0.027028661221265793,0.07518798857927322,0.026944143697619438,0.18074920773506165,0.03312717005610466
news,post,b8e995563c77ff33,"Erasca, Inc. Notice of August 10, 2026 Application Deadline for Class Action Lawsuit - Contact Lewis Kahn, Esq. at Kahn Swick & Foti, LLC, Before Application Deadline. Erasca, Inc. Notice of August 10, 2026 Application Deadline for Class Action Lawsuit - Contact Lewis Kahn, Esq. at Kahn Swick & Foti, LLC, Before Application Deadline&nbsp;&nbsp;The Malaysian Reserve",https://news.google.com/rss/articles/CBMipgJBVV95cUxNWXEzZTRjREFNbFZDQ1EtY2tGcG40V3E2Z2tiaFRMUzJjaGtNQ3VMRDYzZ2NjX0FJajdLMGZJd2RLOW1NUjBweG9TOHVpZWwtMWkzQUtzQkZ2b3hxaDQwU0tHRGFDVVdXSlE1cVpDWFd1RlB6STBLbUowMmxJbDUtUW1zNWhRTnNhUVZjYXhtejc0T0x5cDVyZWZLVEU0OUdSdXJ4MTQ3bkhoZV96R3JoRHlhVS1tN04zcEVtaWx0c0JLQ3dFdVZhRkxmaGNMa2hDLWx3TGpfaVo0akpjMDFmZnQyVzRNZnlqaEZpemtqcVdXNmo1eFh1eTRQYnk2ODFUdllqdVpkSWRNZTFpZm8wTThaaFNaM0RuZkxHSV8tb0Q3VFhkcHc?oc=5,neutral,2026-06-20 08:57:20+00:00,0,0,0,0,0.5,0,0.0,neutral,0.9057174921035767,english,Mixed/Urban,no_clear_emotion,0.04057503864169121,0.021886833012104034,0.0814451277256012,0.019529499113559723,0.13652640581130981,0.032396912574768066
news,post,e5362f7637094bcd,Can diabetic macular edema be controlled with fewer injections?. Can diabetic macular edema be controlled with fewer injections?&nbsp;&nbsp;EurekAlert!,https://news.google.com/rss/articles/CBMiXEFVX3lxTFBMQ05kMUJMVU84MG9GNks3Q3VsTG9LYnJ0WG42aEo2TW5Zby1tWWprZnd6NWxTVUFXc3ZEZmQ2OENoQzJXeFJTLTBOeThGOVRiMDFOU1d1UnFFX1Jo?oc=5,neutral,2026-06-16 16:21:00+00:00,0,0,0,0,0.5,0,0.0,neutral,0.8332304954528809,english,Mixed/Urban,happy,0.09362741559743881,0.23562206327915192,0.2401638925075531,0.07506455481052399,0.10939144343137741,0.06076579540967941
news,post,1fb9512db05d9878,"Hyundai Card Reopens Korea's Kimchi Bond Market, Expands Funding Portfolio with Dual-Currency USD-CNY Issuance. Hyundai Card Reopens Korea's Kimchi Bond Market, Expands Funding Portfolio with Dual-Currency USD-CNY Issuance&nbsp;&nbsp;PR Newswire",https://news.google.com/rss/articles/CBMi_gFBVV95cUxNLVBPakdtNlk4OS1GWUlYR3k3aE9WS0dsTTlWQm5pNnRJTEJyVW1mOTBKZU1lSEtUbGx1N3laQnY5Rmh4em9sOVlHMU1rWVpVUlc1cjZUZkphRUMxc2tWeTlWeDJGV1Mza0ZsTUtnaGxaYjJhUUswdVluOW5RV0JFYjJUak54S3JhZWt5Ujh1Rk5YT09zb1NabmtMVjFvTGhhT3FoNUx6R0FwTm9EYThfdWRxSkdWSndUYmFTazRuVFBlTV83c0FDOVZCTE9wWEJKWTR0R1JNNUZuU1N2QXF6S0Uwclo3djNIcERpeHVLeFlwVmpsV3lmSzhlZmRWZw?oc=5,neutral,2026-06-18 07:00:00+00:00,0,0,0,0,0.5,0,0.0,neutral,0.7291106581687927,english,Mixed/Urban,no_clear_emotion,0.06167888641357422,0.03474912419915199,0.17703163623809814,0.04797263443470001,0.20957602560520172,0.04995669052004814
news,post,981e7e494860831d,(PRN) Volatility Zones as Tactical Triggers. (PRN) Volatility Zones as Tactical Triggers&nbsp;&nbsp;Stock Traders Daily,https://news.google.com/rss/articles/CBMivwFBVV95cUxQWkc2aVZpX016Z01uUWIzelZqSlVQdmp4RE0xSkVGTm9yRTBiRzdMeTlENmY5U2pVa21URHV0bEY1N2Y5cDdxMHFJVGtObW9nOVlYWXJHSFl6NnFRUGpLSUFKcnRoZU1sOUhTT2U3SG9QVmNfODlXUGtaRkpxR2l5SDhvWGY0QS13VlRqN3VYTUlDYkpuVjlvSmsyN0thTkZiSk0wS3RLN2xKNlpQWXdWWE13aW9hXzA3M0NCanhsZw?oc=5,neutral,2026-06-17 09:34:02+00:00,0,0,0,0,0.5,0,0.0,neutral,0.9194673895835876,english,Mixed/Urban,no_clear_emotion,0.022641537711024284,0.0076996935531497,0.03540235385298729,0.014012165367603302,0.09275582432746887,0.02043887972831726
news,post,6b76a2c8d25e341e,Should You Invest in the Invesco Dorsey Wright Industrials Momentum ETF (PRN)?. Should You Invest in the Invesco Dorsey Wright Industrials Momentum ETF (PRN)?&nbsp;&nbsp;Yahoo Finance,https://news.google.com/rss/articles/CBMiqAFBVV95cUxNQ19uaHZsalBZa29oby1kYl9HNXYteXJzZ0ZiUU43VnZLbExvTk11OWJOMkVfWUtpdElkb2lVcEotVDV3ODNXTWxVaUE0VHVQZVFkZkdFVmxRdXVuTkFkVncycjhfR2tVRTZQTUNscVFJTnVvX2NtLUFPaVRHbjZKa0F1TlhSNEMwRnk5Y2N3N05SMHBZVjVxRGtucUZ2ekREa2VpWW5YWm8?oc=5,neutral,2026-06-15 10:20:01+00:00,0,0,0,0,0.5,0,0.0,neutral,0.8895971179008484,english,Mixed/Urban,no_clear_emotion,0.08534921705722809,0.022369835525751114,0.09042314440011978,0.021503493189811707,0.3378047049045563,0.0338892862200737
news,post,4154e7e3c4056598,Perenti (ASX:PRN) Shares Valuation After A$850m Bellevue Contract Win And Leadership Change. Perenti (ASX:PRN) Shares Valuation After A$850m Bellevue Contract Win And Leadership Change&nbsp;&nbsp;simplywall.st,https://news.google.com/rss/articles/CBMiygFBVV95cUxOc3MxUE9CaXFMbF9zVU5vd3BHOHNKLUE5aUI3NHpSQ1JMbnU1d3JLaFJjMVdJWm00eHhLWXNkaG9vemZ2QUNsbHJjbmxBY3h2blY5eXVlZHZRZjVqMDdaWGwtMkl4NTRYcGJKQmwydDRva2s4SVJ2Nk9Kd21fek5tRkZ0VXVqUmFQUVo0WHdDaEVGN3d6OTBocEVCNlFqdFBYaWROM0dyTGZ3Ty1TVVFhN09oMllmdzVlOVZ4MENYMkxpdG13R1hKX0Jn0gHPAUFVX3lxTFBGVXI0eW1NNGFpcEhWQVN3QjJOZXg4OVZCZmVOQ292cjlieHlFWU9xMjJ1ZDB1MGlMUzM1aHc5bUNiS2FoOGRyd0luMWRyN0owQXotbGQ2VHJjekVZckFPNDVVNWVad3NPYl9SSGhncmpwVnZhNVhhNVNtYThrcFVWTXc4VmtuZXVQZkFBT3k0azZtdXdiVFh3UXAzVDZqMHUwbkN1bHNZZ0pVLUZIMy11WGNhMlQxRlROYjZGc3cyYW1zdk9HM0JmLXhnVGwzMA?oc=5,neutral,2026-06-14 10:21:13+00:00,0,0,0,0,0.5,0,0.0,neutral,0.7764586806297302,english,Mixed/Urban,no_clear_emotion,0.03362404927611351,0.025327956303954124,0.1762898713350296,0.015128727070987225,0.07521382719278336,0.020434118807315826
news,post,569d598419d7f2a0,"Divergent Builds America's Most Advanced Industrial Metal 3D Printer, Monolith One, and Announces Second Factory. Divergent Builds America's Most Advanced Industrial Metal 3D Printer, Monolith One, and Announces Second Factory&nbsp;&nbsp;PR Newswire",https://news.google.com/rss/articles/CBMi-AFBVV95cUxPWnBMZll0RmpYZzlWNnFHb1FIaFNfb0FvaFNnT0NSR0VVaUZqWlB2dnJxNnYtY2Q3WmlZQjg4algxS1MwZTJfOFhYazExaFQ4VGN1UFhxTnQ4S1BwZWZXNV9sRVM1bEJ1WUFKLWZvOXk1NHBpS2xudHlOLVBjTW1mdFRUVEdSVVN3cUZ3UFVOd29TTk42WVB5eHhYNDB3LURkX2s5RXBGY0dTY2lyUkdsbU14RXRRSm9nS3ROUk5UTV9LdS1pNW1CQmNlb1pCR0FlT0NvOG81UVFram0zR2Z6b3VUeVMwTFFVc3hleFRvcHJhZVNXdC1IZA?oc=5,neutral,2026-06-17 12:00:00+00:00,0,0,0,0,0.5,0,0.0,neutral,0.7670685648918152,english,Mixed/Urban,no_clear_emotion,0.0252425167709589,0.01558174192905426,0.07733431458473206,0.014616554602980614,0.09772400557994843,0.03032410331070423
news,post,a92441bf0f8eb215,Podium Automation Raises $18M Series A to Modernize the Backbone of Industrial Automation. Podium Automation Raises $18M Series A to Modernize the Backbone of Industrial Automation&nbsp;&nbsp;PR Newswire,https://news.google.com/rss/articles/CBMi3AFBVV95cUxQUVJLMTlWWTEzbkdBbGRaZXo3VE1kam9uM3FrUi1lR2ZHTGFnSWc3MkpUdjhZTGhubVljR3djTVR3SHF6c2I2STNEbGd5NW9pZ3ZrWlIwTW1hZWRZRF9RR1NlUnhaeWhjRExJbUhrYmdVVUtMUlVmelIzRGp5dDVvSzVkR1JtYUJGVEl2ODNBSXlLVTBMQVk4LWJ0TUZMcjU2c2Z0dnFEX1J5WWlVUUpJeW1iODUxYkpWc19IaGd1enAzZlpLRFJHa3lQWi16OU9EX2hxUXRSN3NjcEhH?oc=5,neutral,2026-06-15 13:32:00+00:00,0,0,0,0,0.5,0,0.0,neutral,0.6432371735572815,english,Mixed/Urban,happy,0.05765974894165993,0.12032697349786758,0.36109328269958496,0.05093885213136673,0.09355498105287552,0.07211513072252274
news,post,d665715a8fb15281,America's First VC-Backed Cyber Warfare Startup Raises $100M Series B at $1B Valuation. America's First VC-Backed Cyber Warfare Startup Raises $100M Series B at $1B Valuation&nbsp;&nbsp;PR Newswire,https://news.google.com/rss/articles/CBMi1gFBVV95cUxNdGpRUWFaUDhXMTJySUpMWnJyeE1nWTZ4aUtJc2RKY2Vydi1UM1ItVFMzaTJjdzlqX1k4REZmeGx2SVBKNndieUlOUGdzaVpMckU5c0RwTGkzMXkzWHZFeTZ1aUd4ZnFZQUhTVXZla3JCZC16WjZUcE1VNWwwbjZ4MWg0STM3T2VINS1vU0twNS14RklnR1hEZEtNXzJGTEtteU0wQ1RBOHFMZ0tKWVlwU2NXSUZRRXVjV1VyTEd6N1dBY1pNX3pXemNkdy0wdzRia2gxdy1B?oc=5,neutral,2026-06-17 11:30:00+00:00,0,0,0,0,0.5,0,0.0,neutral,0.5591010451316833,english,Mixed/Urban,no_clear_emotion,0.03260055556893349,0.04779841750860214,0.26381197571754456,0.02798863686621189,0.09366065263748169,0.09496951848268509
news,post,1e70bf1a6d601229,Cision Launches AI Coverage Analysis in CisionOne to Help PR Teams Move from Coverage to Action. Cision Launches AI Coverage Analysis in CisionOne to Help PR Teams Move from Coverage to Action&nbsp;&nbsp;PR Newswire,https://news.google.com/rss/articles/CBMi5gFBVV95cUxPNVpDN2RURDYzTXU4MUxWZlI0cnJRQ2VQc3ZyaE5xWWFmS1pjU3RGQUpteWlSbVBsdjhMTERHNWpBNFN3UGo4LWhCLVNWOThTMXdmZWVtbnlyS3VZak5pbmNVZERPcGxpWHhndS1tLTlSa25ncmZvRFAzX1ZQRWpTSFd6bU9hYUdMbGNod0hsNGJKbDBNM3E5LXpSX0NfcThrWDBPSlRWenJ5ZnlNWlJKRzBETTJZcDlwTjFYQTVlMVQyQXl4X2pYU1BXQmRsUEI1YkN0ckdmazdIaml0YzB1dml2VUVvUQ?oc=5,neutral,2026-06-18 14:00:00+00:00,0,0,0,0,0.5,0,0.0,neutral,0.8087241649627686,english,Mixed/Urban,no_clear_emotion,0.05663715675473213,0.0824492946267128,0.31207287311553955,0.03570002317428589,0.0799313634634018,0.05759035795927048
news,post,4acad051227d77f9,(IMAGE). (IMAGE)&nbsp;&nbsp;EurekAlert!,https://news.google.com/rss/articles/CBMib0FVX3lxTE4xZXZIVE1reVp0dmJncnZLNm9DajI4RzRhVlBnQ2IxenRjRXlDQTQ2aFZ6a2t4azk2WDRpaVk5ajRqZ2xVOWdnV0dLSk1ub003UnFuUXRKZndvc0N1R3ZfcFNUcFYtOG1vTWNrN3BCcw?oc=5,neutral,2026-06-17 05:34:20+00:00,0,0,0,0,0.5,0,0.0,neutral,0.8673025369644165,english,Mixed/Urban,love,0.08808644860982895,0.03849528357386589,0.08192313462495804,0.04106529429554939,0.5069200992584229,0.04026646912097931
news,post,9b41d1b95491ee1f,Principal Mineral Announces Acquisition of Isola and $280 Million in New Funding for Next Phase of Strategic Growth. Principal Mineral Announces Acquisition of Isola and $280 Million in New Funding for Next Phase of Strategic Growth&nbsp;&nbsp;PR Newswire,https://news.google.com/rss/articles/CBMi_wFBVV95cUxQd2o0R2JYZWJNVmhzOHE0NmZPNEJSSVM0V3Zrck1lX3RUVmlrY2Zmdmk3M1EyeHc3RHJuZ0hoMUctVE1VTGZyN09RTVpxUUowOTRUZTdRZGg5ZzdSZjVMX0x0aGI0QWlrMmR4UnJManNQVEdpQThaQVVxMXdXR2VVT1YxRUM2c2xXVlZmR2MzczhnaE9qNTZZOVJfOHB5NG1QVjdhbkZILUdHU2NtRVEwZGNBZnZwR3Z2VzZ3eUtlRy1KWVZlS1B5VV9sRVdxbWlla1hqTTlZaWZDdWpISWJncVI1ZzhtTTZJWGg3dkZKbXlsTjRHbnBVWnlxUGJIWkU?oc=5,neutral,2026-06-16 16:13:00+00:00,0,0,0,0,0.5,0,0.0,neutral,0.7900596261024475,english,Mixed/Urban,happy,0.04566708952188492,0.10273332893848419,0.5746247172355652,0.026411734521389008,0.07532484829425812,0.03722098097205162
news,post,3798ed11a6def92f,What Are the Key Growth Drivers for Perenti (ASX:PRN)?. What Are the Key Growth Drivers for Perenti (ASX:PRN)?&nbsp;&nbsp;Kalkine,https://news.google.com/rss/articles/CBMilgFBVV95cUxQaUR0dmpWeDRzY1JEZ0pqaTdxa1hrUFk5WDVvYVFobUpOV3RpcWZ4NEs3YjQ1WlNPRGNSTlAweFJQdmtIS0ozRGNKdFc1MDBQaGRoOWRUWHdMcHJmUEQtdTZLWmJSdWNhY2lNeTl1XzNKSkVfbzRqODlFY2EtZ0djZ21lTHJ1WWhJeGFKSDhnOTdOVWZ1M1E?oc=5,neutral,2026-06-15 14:51:00+00:00,0,0,0,0,0.5,0,0.0,neutral,0.8950228691101074,english,Mixed/Urban,no_clear_emotion,0.035466887056827545,0.0346405953168869,0.09771183133125305,0.0216576736420393,0.1162252351641655,0.049259692430496216
news,post,6669436c457b53f2,"Globant Launches Synthetic Operator, dedicated AI Pods for Live-Stream Monitoring. Globant Launches Synthetic Operator, dedicated AI Pods for Live-Stream Monitoring&nbsp;&nbsp;PR Newswire",https://news.google.com/rss/articles/CBMi0gFBVV95cUxQYWlYSktTNjNYS3RoTWNqVW8za3g2RkNKYk5fblI0bkt4eUc2N1liT0E0MklmVUJoMnhNNlJnUkoweUd4QjhiMjJ3dVY1MktPNjN5SmpfNUZROFM1WjNUZzRBRDdUMUEtb0dzbFJ0aktoN2FKRlFlQU1Bd2ZXMmJEamVQMzhkeWphbExhZld6YVNjVlpvU0FOazR1RmhtLUE5UGZxUkptSF9Qb3RUNFhFNS1CZ0xzaTAzYmk2Y1JNSkJHRDlHV1hWcm5DM3RuYmZ0Umc?oc=5,neutral,2026-06-17 14:00:00+00:00,0,0,0,0,0.5,0,0.0,neutral,0.9021122455596924,english,Mixed/Urban,no_clear_emotion,0.03793903812766075,0.02615155465900898,0.14655116200447083,0.023577358573675156,0.14740242063999176,0.0417521707713604
news,post,286142603c328ef9,"Persistent Celebrates 10 Years of Growth in Mexico, Strengthening Nearshore Capabilities to Advance Enterprise Transformation Across the Americas. Persistent Celebrates 10 Years of Growth in Mexico, Strengthening Nearshore Capabilities to Advance Enterprise Transformation Across the Americas&nbsp;&nbsp;PR Newswire",https://news.google.com/rss/articles/CBMipwJBVV95cUxPRGxYVDgxQUpENHo4X2NVdDk3OGYwbVprc05TWE1yRGYzVUxLNGtGWFNxa3BtREVrcXRBQlk5TFBId2dqMWQwcmJWSUMwcHJlTC1oSUxOWVktUjg3YTkwX3Ficzg0RHhRYUNfZlpiOTQxMENsdG82TDZvUGEtRzRrM1J6TUZVYmQxbzYxM2YyWEQ3MmxzTTZvRUx5cmlkOHlfbFpIbDBCcXAwejlHRUVtWlNUdFpYUE8xOVU0d1J6TWQ0dGUxWEx4dTdvNHBZb1dyNksxMVcteERCREJyZnoyaXdScE10dkRXazdtbGZVYnV1NkpWSnprVXBKWjVfcXFwd0FlVWlQeUo1X21zSkV2VWhUTFNHNkd6b3lmVU1uN3htazVWUDhz?oc=5,positive,2026-06-17 11:52:00+00:00,0,0,0,0,0.9208043277263641,0,0.0,positive,0.7360144257545471,english,Mixed/Urban,happy,0.027028553187847137,0.06516717374324799,0.7510005235671997,0.016321443021297455,0.05223450809717178,0.023993341252207756
news,post,9c9eece756e7dca4,Novva acquires 120MWp Philippines solar project. Novva acquires 120MWp Philippines solar project&nbsp;&nbsp;PV Tech,https://news.google.com/rss/articles/CBMifEFVX3lxTFBUYmRyQXpnRWU0R1JKV3gydUtOT1VMTGhxekZNb01NUExBVWFiMXRKR3k2UU82eHRhcmNwU0pUUThCOThJbTg2ZlhlYW5oWHlucXpZU2NiNTZiWWNoWTJlN1BfQ0FkWEVrbUNuZ21keHF1OHc1SUMwaXpJMkk?oc=5,neutral,2026-06-19 13:43:37+00:00,0,0,0,0,0.5,0,0.0,neutral,0.8335817456245422,english,Mixed/Urban,love,0.057845208793878555,0.06524396687746048,0.21338902413845062,0.056002143770456314,0.3121086061000824,0.058040957897901535
news,post,4b104f5a4a9f1ced,Semperis Appoints Jimmy McNary as Deputy Federal CTO to Drive Identity Security Strategy Across the Public Sector. Semperis Appoints Jimmy McNary as Deputy Federal CTO to Drive Identity Security Strategy Across the Public Sector&nbsp;&nbsp;PR Newswire,https://news.google.com/rss/articles/CBMi_gFBVV95cUxQbjhxV0Q5VjdHTlJXU3RPWWJRejJVR05HelJZc0dVbmVEcjNQRC1XZTZuXzZ6ZnAzZ0Z4ME56WEpkblhkNU50WS1BTlVEeC1ZcnRLdjVaWkZlRm1zNGlLcnNjcFRlcldXbnZjcXFGcE1MOHVaZE5HVHFRU252Z3pEeHV4RkNsOUw3ai1UZkhEMjhTVW1MN0lIN3JfcURzTFV4anBrekFmbm1FWnhpNzJ0OXhWUW9ETUhDU0NzczhVcWhORmhPYnZVMlVQZXkwdXo1MWdMempndC1LS1J1Y3VWQ2kyNzk1eTVtb3NaMFFlbmxpUFE1ZTBqaGxPMFdPZw?oc=5,neutral,2026-06-18 13:00:00+00:00,0,0,0,0,0.5,0,0.0,neutral,0.8810399770736694,english,Mixed/Urban,no_clear_emotion,0.08302400261163712,0.044719014316797256,0.18234410881996155,0.035576652735471725,0.11156245321035385,0.037648603320121765
news,post,d67899717782f777,"Ceros Launches Providing Unified Identity, Observability and Governance for Every AI Agent and Workflow. Ceros Launches Providing Unified Identity, Observability and Governance for Every AI Agent and Workflow&nbsp;&nbsp;PR Newswire",https://news.google.com/rss/articles/CBMi7wFBVV95cUxNUkhOTkxDVVJkWGI0VXY4bV9XMkZRem14SnJaZl9PYzhqM244QUttZnpfa1ZFZXdhUHFTRW84YXZDZHJGT0VSSUVzRjFDZUJzRkRCd2xvd0tPc1JWSWQwN2lXQW1sYm9Rd01ZZXdGLTBCZmszV3o1WkRwTlRUaG9FVmthck9EdW5jQTVrenZ6YjlFLWFSQ1VSMThfbVh1RXgtMDdnZEFBZ0hoOGg3dnVtdTBjejZIX3FvTmVMNHlsbUd5Z2ZDYXh0ZVpYNW5TcGtuRkw1R21fVWRmTUc0VE1OMVV4Qll6eDVvQkx2XzF0QQ?oc=5,neutral,2026-06-16 10:00:00+00:00,0,0,0,0,0.5,0,0.0,neutral,0.7327340841293335,english,Mixed/Urban,happy,0.027585795149207115,0.07692238688468933,0.7246935367584229,0.01707480102777481,0.0480613186955452,0.028265023604035378
news,post,799a1990181fa469,Siemens partners with Databricks and FFT to turn production data into scalable AI-driven insights. Siemens partners with Databricks and FFT to turn production data into scalable AI-driven insights&nbsp;&nbsp;PR Newswire,https://news.google.com/rss/articles/CBMi6AFBVV95cUxNMnBGVUYyWjh5ZDJIQzZHc1ZWRU5iQXJycW9TZ0tpbW15ZkI5S3lXUDZWc2h1VWREUHRVeVRCWV8wMDJLTkFHSFZBS0Z2X2hZS21hcmFXZ3JoZkM0UWgzYjZFdWNCMnVDTzhkeG1LaHhTZWlfeFI0WjJ0Y3FxdVg5NnFSSW5TTEZRY2RFbFhqc1QyR2VBY0xxcF9BcDdESnI1MVdKcy1WRXdHRlNjdVZkRG94MGFkTFNXbXFKc3RLWDJnenFLa0ptdFlmNzlXVzhMMW5NQlRHMXZmZ2tZTUM0dVZDTG05emRO?oc=5,neutral,2026-06-16 15:00:00+00:00,0,0,0,0,0.5,0,0.0,neutral,0.6515748500823975,english,Mixed/Urban,happy,0.02323494665324688,0.058509256690740585,0.8115373849868774,0.011849118396639824,0.0401272214949131,0.019228795543313026
news,post,7ff7a2dabc89b76c,Telescope Innovations Stock And Two AI Healthcare Plays To Watch. Telescope Innovations Stock And Two AI Healthcare Plays To Watch&nbsp;&nbsp;simplywall.st,https://news.google.com/rss/articles/CBMi8AFBVV95cUxPNzVSU2tIbDBRbUpmNThrZHItZDFMM2swOW8wY2lfOHF6cGRCbmh2dVZ6ZjhTVnhuUHJVTG5YbkQ3VmxJWVFZNi16OHR3c1A5czlVU1RGQVpzOUVjQUFtYXRVQnl0UWF6WGlHeWZPU2lUWHc0TDhkaDFSdmJoZEE4amFFTVBfU2stSTZXUVh4YVV1Wl9TVjN6V3FvQ1FrWG14YkJjWk52Zk5zVjdBSzVjSHpPVXFNMTRaVFVRQzVOOGREc0RSZzlnSzVYTTNUQkVHRGl4X0ZvWHYxcTQ4YmVaV2ZlcFlBbUZPYWdSZ2x0Zy3SAfYBQVVfeXFMTjE2VTh6anV1YUtOeEpzV003UUJxcG42RnA3bGJObXMtRDdXeU9TWVR4REFlcEIxdWQxQ0VQZDRrbUpVMDM4VnYta3RjUmdmQ3RyeUowUy1kNG43NnRab2ZXUE5KSGZhMHpxXzgxXzNhczFXendEV244d1NTdWR5bjB1bkZhdmpGWGZja1RFd3JIMEdiUUtmUnZRWU10SEpYY2RIYmlPRWI4Z0o5Vl8yUEIzVlZjZWhLRlUtS0NIbVBYUUhtOUtUQmdvMnB6eVlMQUh6NjcteG5OUzJ6SGpFRk9UUC1hcGdud2IySFBxekhha2RQVmJ3?oc=5,neutral,2026-06-17 15:56:12+00:00,0,0,0,0,0.5,0,0.0,neutral,0.869329035282135,english,Mixed/Urban,no_clear_emotion,0.04137124493718147,0.017540547996759415,0.06324464827775955,0.014096693135797977,0.050241727381944656,0.03218236565589905
news,post,54a20ede0bdbc8e9,Jazz Pharmaceuticals and AbCellera Announce Collaboration to Discover Next-Generation T-cell Engaging Multispecific Antibodies. Jazz Pharmaceuticals and AbCellera Announce Collaboration to Discover Next-Generation T-cell Engaging Multispecific Antibodies&nbsp;&nbsp;PR Newswire,https://news.google.com/rss/articles/CBMijwJBVV95cUxQYkFXcXJKVlRaaVVzenFqM3JFMkNsSkxCQnhsVlRzRUFfaEtFOFdMRjJFUTJleEFLYlJHVTRvYm9EdGxhMFZEN2QyRVNWQkZoM2FEMW04aV82WHRkZEM5Z2lqMGpicThtcjNScGhnU3kybGtiRmxjZjZiX0RNb202SmloUE1NUVhCczJ2VFkzblBjR1ZVc0xCdV83WHV2NGZ5VUhaTUtpeUpndVpmd3hDSFZ6TDVOMTd1d3BsbGpkTUFtUjRwbjNXZGxFY3dreXNobUpzNnBvQ0FQUUlVa1RDZ2FLRVZqcm0xQm9Pc1VFQ2l1Ti1jdUVJbGo0T0pnOWg1SlVaVEdWMnNXNHZ6ZFNB?oc=5,neutral,2026-06-17 11:00:00+00:00,0,0,0,0,0.5,0,0.0,neutral,0.8746101260185242,english,Mixed/Urban,no_clear_emotion,0.04816809669137001,0.06531473994255066,0.33143943548202515,0.029431933537125587,0.11518394201993942,0.051404912024736404
news,post,1cb9a29b86a2ad87,Sol de Janeiro Enters the World of Soccer as the Official Body Care and Celebration Partner of the Washington Spirit. Sol de Janeiro Enters the World of Soccer as the Official Body Care and Celebration Partner of the Washington Spirit&nbsp;&nbsp;PR Newswire,https://news.google.com/rss/articles/CBMiggJBVV95cUxQalFja0FjNUh3ZDRUb2RHMWhEQVpJcTFPQ1lOQWdoQlVYeHlJaHdxZHg1elBDdjYwc2UxZkFrMVNwdEJ2Z1F2X2stS3dScTFyZVV6aEYwMzFFeDFVZ2hnMTd4OElNek1CR21xcGxYLThPRmlheDBKX1M3RzI2a0F4NVJtZ3JNdmVMTXJhR1RDRnRPYmtjRmh6MDBzYm45YTJ3c2sweFVKa0laSTFQdGlqeXVXV1M4Vkh1NEJ1ZnJMTF9hRU5xMk52c0JBaFdWZHRENldOMFNQLVFsX2tFYVhtVk1uYUUxd3hwRFdXdzlJWmkxWXhOby0tZjRDSktnZU1FUkE?oc=5,neutral,2026-06-17 18:00:00+00:00,0,0,0,0,0.5,0,0.0,neutral,0.8186207413673401,english,Mixed/Urban,no_clear_emotion,0.02780080959200859,0.02649402804672718,0.15349791944026947,0.02036045677959919,0.09288135170936584,0.03523882105946541
news,post,9d7451a6d8f09e95,Origis raises US$900 million to fund 5GW of project development. Origis raises US$900 million to fund 5GW of project development&nbsp;&nbsp;PV Tech,https://news.google.com/rss/articles/CBMikAFBVV95cUxPNWpGdWRNYkdMRmVhV09KUnhpaTEzQXZkSEo2SjBMTjh5NlU2MnZvaHdHLTlxU0REQ1JRcjEyaHBMSFpIY2pJWG9ENWFhc2VoZHhrRmFqZTVsNmxNd1RwcWZsamlBTFJORk1hTzNZQ1lXUlNWb3ktUW1qc0VuQmtoUHdRZzIzRUlmQk5lRGI3MTk?oc=5,neutral,2026-06-19 16:11:20+00:00,0,0,0,0,0.5,0,0.0,neutral,0.6406319737434387,english,Mixed/Urban,happy,0.0755954161286354,0.11748955398797989,0.4109703302383423,0.043365366756916046,0.15799258649349213,0.037018198519945145
news,post,fc6ea9b3daceaa61,3 Undervalued Small Caps In Global With Insider Action To Consider. 3 Undervalued Small Caps In Global With Insider Action To Consider&nbsp;&nbsp;simplywall.st,https://news.google.com/rss/articles/CBMi0gFBVV95cUxOWUN4OEg1bW1TYUh1TmEyYi1wSzhfYUdJTktMeklNdHZiYnNmeExDck1MVk9PQ1FHcXkwbldkNW56ZXJwTHNENVlidUxvSEJTR1BjUGZyemd3QTJuZUtwSnNJdGhIMDg4UmU2Sl9NczFvbW0zdHlHNmVRTi1nX3NTUC1kc1pwb3ZDdkxqY0tvZlJkMTBiYk11dkw4QnhDSmFubWwtUUlsTGZpa0JPSHlST2t3Vlh4QWJmdG9ZZjloMlczMGJPTmV4Slc5c1g3UGI3bGfSAdIBQVVfeXFMTllDeDhINW1tU2FIdU5hMmItcEs4X2FHSU5LTHpJTXR2YmJzZnhMQ3JNTFZPT0NRR3F5MG5XZDVuemVycExzRDVZYnVMb0hCU0dQY1Bmcnpnd0EybmVLcEpzSXRoSDA4OFJlNkpfTXMxb21tM3R5RzZlUU4tZ19zU1AtZHNacG92Q3ZMamNLb2ZSZDEwYmJNdXZMOEJ4Q0phbm1sLVFJbExmaWtCT0h5Uk9rd1ZYeEFiZnRvWWY5aDJXMzBiT05leEpXOXNYN1BiN2xn?oc=5,neutral,2026-06-19 10:45:31+00:00,0,0,0,0,0.5,0,0.0,neutral,0.8366540670394897,english,Mixed/Urban,no_clear_emotion,0.22027826309204102,0.032584235072135925,0.08229058980941772,0.033871401101350784,0.11161088943481445,0.021686231717467308
news,post,de999da5255463f8,TELUS Digital to Showcase AI-Powered Customer Experience Solutions at Customer Contact Week Las Vegas 2026. TELUS Digital to Showcase AI-Powered Customer Experience Solutions at Customer Contact Week Las Vegas 2026&nbsp;&nbsp;PR Newswire,https://news.google.com/rss/articles/CBMi9AFBVV95cUxNanB1b1FWRE9QWDJ3UDVVOUwyNFdYWHJSTEZnOTVlbTdOcDNzbVdBMHdLRVN6SDlkV0Zhb2U1QXZkNEYxRmpMQ25uZ29weHJ3U2V5a2phcVBoTnlUVGZ5aXMyUk5JV0Y1YmwwVEVoTDVCSUtvU3VEN0N6VklzR0c3RDAxMS1VWXZycmtKbnU3ZENxVWNyQnd3U1RxWWEwYUdQbUVoNTJCa0h4WjB1b2lZb1llRE1PY0ZUb2NZeGhrNDFlWWpCTG1RcGpaNHdua1VlaUJFbjVjdlluRzlfWk1IM0o0UUI5YnhQTTVIb3ViWk9ZdDht?oc=5,neutral,2026-06-16 10:45:00+00:00,0,0,0,0,0.5,0,0.0,neutral,0.6345371007919312,english,Mixed/Urban,no_clear_emotion,0.03427824750542641,0.027185777202248573,0.23169097304344177,0.024323051795363426,0.1940411627292633,0.03600771352648735
news,post,6904db8e90e2e525,Körber launches STEPLogic Tracker to help food companies prepare for FDA Food Traceability Requirements. Körber launches STEPLogic Tracker to help food companies prepare for FDA Food Traceability Requirements&nbsp;&nbsp;PR Newswire,https://news.google.com/rss/articles/CBMi8AFBVV95cUxQZl9PUktENUhCblp1YXFJOV9Gek5EMkw3UFdZT3BaTjA3ekJlTGJvbDEtdlptRFdlX1RrUUdLUExoYWpNTnlIY183cDJtWkRsM1Fab3hSU09UNlBzdTNHX01hR2tKdDRTX0UxNldFc25SYVZWYWxYWjRvVzh3Um5ERXUwTkZvODl0ZEZpcG5jMDFLTW1mRV9rb1k1ckNnSmxmbFlwRndXb3cxUWVoZ3FyVktpSDBQeGE0T01RaUc2U19wVFBLdXkxR3M5c003UzlNdGtCM3hkV0J4M3YxWkluaVNrbF9nTElLZ21oVGxhMXE?oc=5,neutral,2026-06-17 18:00:00+00:00,0,0,0,0,0.5,0,0.0,neutral,0.8306596279144287,english,Mixed/Urban,happy,0.08197785913944244,0.13477957248687744,0.4064267873764038,0.052955202758312225,0.09186787158250809,0.0465678833425045
news,post,6753a5159dde24ed,"FOX CORPORATION TO ACQUIRE ROKU, INC.. FOX CORPORATION TO ACQUIRE ROKU, INC.&nbsp;&nbsp;PR Newswire",https://news.google.com/rss/articles/CBMilgFBVV95cUxNcjJnY1E1c08wN1hsYmlDQ0Q0djVqU3pNWFo0TzRSeDNvLXJBdHA1dGhGdE9iQzI4ZzhHSml5UjdiVXZmYk5QM19xUWxYcmxvZVREVUVhaEhKQTZGMjlGQVQyX0xrOGFkd3kwQmduM2ZRR3dfZUlaNDR4Mm1pdFFtNGttT0Fua0d1X2dSNS1NWHAzNmZYMGc?oc=5,neutral,2026-06-15 11:00:00+00:00,0,0,0,0,0.5,0,0.0,neutral,0.8179232478141785,english,Mixed/Urban,no_clear_emotion,0.09550190716981888,0.03774728253483772,0.09549631178379059,0.038420505821704865,0.2901981770992279,0.04375891387462616
news,post,cffdfbba76250178,"Swisslog appoints Robert Humphry Vice President of Sales, New Business. Swisslog appoints Robert Humphry Vice President of Sales, New Business&nbsp;&nbsp;PR Newswire",https://news.google.com/rss/articles/CBMiwwFBVV95cUxOVm5rb0xhb09xeFg1X3kwb0k3MHZRbF9aM3VoQ091QWpGU1pUc2FsVF9aM2pFSFpiQnNseU01N19SSDJJckRmaEN3dUcyaVAxd01xWmM1Tkh0c0hzUmlMUkt5U0Q1NkJSd3U5M2wycEVOY1pGWTJyZ1NpN2RQMjRXUGxZTlczOXZ3bEtaeHh1NEFETl9mZXpNYVdRVHZrbmRicjJYb09zd20wVl9vam9GVUhUVXJ1eDk4Nm53UFIzbmUtVHc?oc=5,neutral,2026-06-17 14:00:00+00:00,0,0,0,0,0.5,0,0.0,neutral,0.8526815176010132,english,Mixed/Urban,no_clear_emotion,0.021922625601291656,0.024068983271718025,0.09733869135379791,0.016213683411478996,0.04115866497159004,0.03680969029664993
news,post,774cc4b9cc40225b,Colibri Group Announces Acquisition of Audirie to Advance AI-Enabled Professional Learning. Colibri Group Announces Acquisition of Audirie to Advance AI-Enabled Professional Learning&nbsp;&nbsp;PR Newswire,https://news.google.com/rss/articles/CBMi3wFBVV95cUxQSXM2LTZ3WjN2RnpVcnRLYUgwZElMdGV0ZlJnUXpMM3JuM293anc3M1ozNUNFeUtuS0xTU1ZXc25jcnlVcGNkYjBEd0FlVGdlUHlRSlBQY2ZwSFBfOVBNNGgwckFPOWd4cDl6ODJJU0RuMVVnM2ljR19ESm9EWjdka3BJZ2pwakZPU3NSU0pXeU4zZmd3a3pUSUwySDRtaDVtZzFta2tFZm9oZGd2VXV2R2VxNW1YbXpuN1pYWF9Bekk0d1dSaUo5cXVoUzB1czE1VXVQbWNkRkI5NkFxMVA4?oc=5,neutral,2026-06-17 15:00:00+00:00,0,0,0,0,0.5,0,0.0,neutral,0.7618275880813599,english,Mixed/Urban,happy,0.03307570889592171,0.0719263032078743,0.6383239030838013,0.022872522473335266,0.059732500463724136,0.044842854142189026
news,post,25dc02afd2b318fc,"Fox Corporation to Acquire Roku, Inc.. Fox Corporation to Acquire Roku, Inc.&nbsp;&nbsp;Wilson County Source",https://news.google.com/rss/articles/CBMidkFVX3lxTE11dXdlQVRZYnNBS3JkTlNUWFpEbzkyN2RLSU9VdHphc1B5TVJCVDY4cTVrX3lVOEFDODhPWHVtWXVNWWdUMU1pbGdtSEk3WHRQZ01ubVdCaklFQmd5ZkJJeHQ2UlZHeWZiU19EbV9fSTZaLV9ybVHSAXtBVV95cUxOVVNGWjJnVnlvRW51RC0zVU5oY09jX1NwSkQyVVFneGl5QVZWdHdMdDZrU19XSGN5czIybERxd25LRkx6R21VTEx1QTNWYW11WEhSNVpJS1BMSG1iUFc3dng2dUJYSFk5dTZWQWhBdURWdXBMUFhIbmd5S3M?oc=5,neutral,2026-06-15 12:23:57+00:00,0,0,0,0,0.5,0,0.0,neutral,0.9413193464279175,english,Mixed/Urban,love,0.057038962841033936,0.01644207537174225,0.05932219326496124,0.02507452853024006,0.49439018964767456,0.020833300426602364
news,post,034976cdddb39c21,Angelina Jolie Says Couture Changed How She Sees Life. Angelina Jolie Says Couture Changed How She Sees Life&nbsp;&nbsp;jdjournal.com,https://news.google.com/rss/articles/CBMilgFBVV95cUxPU3E3bXB4X2IwYXVvT0JMTE11d0N5VWNjZ2F6d0pnVGMyZ0RlV0lPMU5ELWh1Yl9OTnRseDJLV0QydlNUOHVRQWE5X1psRGJkbF96SEtUNXFBejRIT0dGb0FTOVZMODhMV0d1Rzh4ckVsV3pfREVJQXhKR1VwUEYyS0NaeGZvX2pCOVBxYURFN3IxamthWFE?oc=5,neutral,2026-06-17 09:00:00+00:00,0,0,0,0,0.5,0,0.0,neutral,0.7529461979866028,english,Mixed/Urban,sadness,0.03266240656375885,0.09525664150714874,0.09016453474760056,0.2880813181400299,0.1640835702419281,0.1836165487766266
news,post,49defcacbdef2fda,"Impian ’36-0′ Sanusi, tak mustahil kerusi Bersatu ditawan PAS, kata penganalisis. Impian ’36-0′ Sanusi, tak mustahil kerusi Bersatu ditawan PAS, kata penganalisis&nbsp;&nbsp;MEXC",https://news.google.com/rss/articles/CBMiSEFVX3lxTFBFUzBHdzhYcHlrNHZvbExIMDd6QUhKeXAxWTNtNzl0dEJQUWR3TC1Ndl9OTER3eUd4VWs0SWIxdlVMOUZNNjFqMw?oc=5,neutral,2026-06-19 14:22:42+00:00,0,0,0,0,0.5,0,0.0,neutral,0.7905234694480896,english,Mixed/Urban,fear,0.036062151193618774,0.6140987277030945,0.0452132448554039,0.018525393679738045,0.01625281758606434,0.16770783066749573
news,post,3fe7e8ef7b76547f,SNAPSHOT | Anwar not concerned about legacy; Rafizi: Educate Rohingya to deter crime. SNAPSHOT | Anwar not concerned about legacy; Rafizi: Educate Rohingya to deter crime&nbsp;&nbsp;Malaysiakini,https://news.google.com/rss/articles/CBMiUkFVX3lxTE9WWEQxMnpGX2xSZ05hRTN4V1FPbVNLY0lNamx4eFhmT2NhYks4d2Q1Y2Z3VXhyck5UekF3T1U3Z0Q3VE5vYll6WWhMQXBhVkpQT2c?oc=5,negative,2026-06-20 03:00:08+00:00,0,0,0,0,0.1059570550918579,0,0.0,negative,0.6468098163604736,multilingual,Unknown,love,0.09492326527833939,0.13712258636951447,0.2326890081167221,0.020223839208483696,0.2692689299583435,0.028071681037545204
news,post,2ded02f3f0b3f78d,Educate Me. Educate Me&nbsp;&nbsp;Malaysiakini,https://news.google.com/rss/articles/CBMiXEFVX3lxTFBrLXJUTzNqaW5McjJ0LUk1ZXpnSWtNZGlyQjh1VkxqQm9vMW12blYxc3V2N1MyV2NaZklHYjRRTXFXOTd6Yk9KZlJFaE9ua2w0N0JZSVZ2dnRTUjZ3?oc=5,neutral,2026-06-21 00:59:25+00:00,0,0,0,0,0.5,0,0.0,neutral,0.9976503252983093,malay,Malay/Bumiputera,love,0.03362070396542549,0.022688278928399086,0.06909459829330444,0.025308756157755852,0.7027614712715149,0.024143850430846214
news,post,671c99ae1795e4c4,Nushi Mahfoz. Nushi Mahfoz&nbsp;&nbsp;Malaysiakini,https://news.google.com/rss/articles/CBMiY0FVX3lxTE9fdF95cGxRRHhvRmt6aDhfODJ6VS0tV0NtcHNFSjNxOUVfVkZ5SkVPMGxGR2JhMml3ekdNQWNzTjRBUHl1c1lKTEw0R05RMnEwQzZIYW1PQjEzXzNYc2lOeVRJNA?oc=5,neutral,2026-06-20 05:47:59+00:00,0,0,0,0,0.5,0,0.0,neutral,0.9976183772087097,malay,Malay/Bumiputera,love,0.06359410285949707,0.02392803132534027,0.05116196721792221,0.028494061902165413,0.6265568137168884,0.021148229017853737
news,post,009e4077e9e021a8,Iran announces new procedures for vessels seeking to transit Strait of Hormuz. Iran announces new procedures for vessels seeking to transit Strait of Hormuz&nbsp;&nbsp;Malaysiakini,https://news.google.com/rss/articles/CBMiUkFVX3lxTE1FMnRxbFowX2xob3lqLXpKTDhkejN1cnJhWnM4NGgzc1gyMnBkWkR1SEdMRlJCNWZnV294WDVfUHNDZzJyZDFmeFY5TWhfdGpPNmc?oc=5,neutral,2026-06-19 13:37:39+00:00,0,0,0,0,0.5,0,0.0,neutral,0.9231194257736206,english,Mixed/Urban,no_clear_emotion,0.09792124480009079,0.06856530159711838,0.13755996525287628,0.03644685074687004,0.17022797465324402,0.043938927352428436
news,post,f97192a9ad18b3d7,Koong Hui Yein. Koong Hui Yein&nbsp;&nbsp;Malaysiakini,https://news.google.com/rss/articles/CBMiZEFVX3lxTE1zV0Q5QkdVbHZ2N04zdFhFd2RYU1dvOWl3ZlVRMWc2X3pVNVIxZm1sTVZmeFVoMW1CMnJ2M2NKVXBDelk2UjBQdTNueW5neWRHcFJkWl9Vc0xmeF9ocE9NbU8xNzc?oc=5,neutral,2026-06-20 10:31:56+00:00,0,0,0,0,0.5,0,0.0,neutral,0.9971041083335876,malay,Malay/Bumiputera,love,0.06022196263074875,0.014518874697387218,0.0379190668463707,0.02393965981900692,0.7386610507965088,0.017023716121912003
news,post,27c0434a24c17220,Johor polls: Zahid courts Chinese voters as BN eyes Putrajaya. Johor polls: Zahid courts Chinese voters as BN eyes Putrajaya&nbsp;&nbsp;Malaysiakini,https://news.google.com/rss/articles/CBMiUkFVX3lxTE1EUWJxeHZCaU9WWWJTWmxndnhSUnhQTzJ1eDRKR2hWMWJZeU9aZ0IxYmNsVGFKWWVpV0tROVJOaFJOWjd0RlVJS3dBWXJldjkxU2c?oc=5,negative,2026-06-18 02:01:46+00:00,0,0,0,0,0.08737334758043289,0,0.0,negative,0.7087555080652237,multilingual,Unknown,no_clear_emotion,0.04832835495471954,0.01209703367203474,0.07177473604679108,0.023988056927919388,0.40226975083351135,0.02050096169114113
news,post,7cdc02900fc6a4d8,Punithan. Punithan&nbsp;&nbsp;Malaysiakini,https://news.google.com/rss/articles/CBMiV0FVX3lxTE1QVjAzdEZIcFBpNVQ1RkNSb0UtWEtiWGlXMXBnWFR1dHlrelhuYzdmcTE3bGVmTG9OYTlnZkNMRGJzcnJ6NkIwRkJ3ZnFWeHRHSDlYa2dxQQ?oc=5,negative,2026-06-19 16:33:40+00:00,0,0,0,0,0.15640055090188978,0,0.0,negative,0.478664830327034,multilingual,Unknown,no_clear_emotion,0.030935848131775856,0.020908094942569733,0.02022363618016243,0.029393641278147697,0.1836329996585846,0.061441145837306976
news,post,274264b571c046e4,Malaysiakini. Malaysiakini&nbsp;&nbsp;Malaysiakini,https://news.google.com/rss/articles/CBMibkFVX3lxTE50Q3V6YnQxTnZCaElCQXVPMDFGNTlqU3FVX0l2REZwU2JWTWtnd09YOWZtb1NDRElRaHotTXNUbFVZVFozazFidDJHcF9sd2E1eFJiZEhweHZyb1B6Q2xybjBqNmxYUUotXzkzbXBR?oc=5,neutral,2026-06-19 01:59:37+00:00,0,0,0,0,0.5,0,0.0,neutral,0.9974616765975952,malay,Malay/Bumiputera,love,0.034660451114177704,0.02446439303457737,0.032401759177446365,0.03564814478158951,0.43182820081710815,0.047862790524959564
news,post,f7ff13dc697ce262,UN members warn Gaza crisis deepens despite ceasefire; US blames Hamas. UN members warn Gaza crisis deepens despite ceasefire; US blames Hamas&nbsp;&nbsp;Malaysiakini,https://news.google.com/rss/articles/CBMiUkFVX3lxTE9tRGlXQWZERkRLM0NxUnQzTktvUVpONGlRYjNIeUZKc1d1LWJzczQ2WGJoU3pMR3dwMzQwa01qanFmX0NHMnp1ZkRMOWU3Y0pRMmc?oc=5,negative,2026-06-19 01:56:30+00:00,0,0,0,0,0.12035529613494872,0,0.0,negative,0.5988156795501709,multilingual,Unknown,anger,0.45627060532569885,0.0603659562766552,0.24884720146656036,0.020466459915041924,0.08012696355581284,0.014305828139185905
news,post,036826fccfd2dd04,Rahimullah Muhammad Hussain. Rahimullah Muhammad Hussain&nbsp;&nbsp;Malaysiakini,https://news.google.com/rss/articles/CBMiekFVX3lxTFBMRzd1TzVTeUVaQllQN2FobC1vR1pEajVnSUJsVXIwTE5qVm5aVi1aWWY3VjZBS252cFBaM3lWaDZ5VXJlSnU5Z25GenJ5VVBkSGR5U2lQUk50SGRvQzVpSFJjVDhpd2lVZ09MdThYcjBhVEwzZlFNbkx3?oc=5,positive,2026-06-19 14:45:38+00:00,0,0,0,0,0.9942216277122498,0,0.0,positive,0.9807387590408325,malay,Malay/Bumiputera,love,0.05000500753521919,0.019849184900522232,0.055583126842975616,0.023147480562329292,0.7711459398269653,0.01622106321156025
news,post,8a14b0de56309c13,Qistina Nadia Dzulqarnain & Ng Ling Fong. Qistina Nadia Dzulqarnain & Ng Ling Fong&nbsp;&nbsp;Malaysiakini,https://news.google.com/rss/articles/CBMilgFBVV95cUxOQlBfQUw2cjlYWGRObEc0cER2UVRlc3lCR0JvdVlJd0VNTHhBN1FlOVhJdy10c3NObEFpWGdRZHBHYmdIdUhZUWNBMGY1dVlBdC1weTlVVUZ1T0h0TldZQUpFRDRnSVVkZ1h2dUp3RWU1QlNVLWFUcmF4ZkR2bnJGSEJjTi1xMVFZWlM1RjUwWnR4VkR3NXc?oc=5,neutral,2026-06-19 13:59:12+00:00,0,0,0,0,0.5,0,0.0,neutral,0.997665286064148,malay,Malay/Bumiputera,love,0.1012541875243187,0.03848296403884888,0.04780279099941254,0.03424224629998207,0.681608259677887,0.019905677065253258
news,post,34b2dd497acac512,How Johor royals' influence may make naming MB candidate a bad idea for non-BN parties. How Johor royals' influence may make naming MB candidate a bad idea for non-BN parties&nbsp;&nbsp;Malaysiakini,https://news.google.com/rss/articles/CBMiUkFVX3lxTE5MSlFfZFdhT2ZnVlBmMnVVVzRSWWg1S2MtdUQtUG40N2Y5VUZKZFNRT1huR1E4ZVFfSUlWbUw5cHpHb2xleXRHMkxsR3E4ZGZjS1E?oc=5,negative,2026-06-20 23:00:00+00:00,0,0,0,0,0.11039446592330932,0,0.0,negative,0.6320184469223022,english,Mixed/Urban,anger,0.46016761660575867,0.07884377986192703,0.05154541879892349,0.2730526924133301,0.08560395985841751,0.014370106160640717
news,post,87ed053010365dd8,Regional tech investigation featuring Mkini's report wins Sopa award. Regional tech investigation featuring Mkini's report wins Sopa award&nbsp;&nbsp;Malaysiakini,https://news.google.com/rss/articles/CBMiUkFVX3lxTE9BdTRFclNDU2FFSHVTbXBkRzNDUko5dFZ0LXNjT25zZzV6ekpHWktLSHJjRmR6czdVTmpNczI1UlE5VEJadmVBeTFPaFRDQ1lOc2c?oc=5,positive,2026-06-19 11:03:16+00:00,0,0,0,0,0.8392492011189461,0,0.0,positive,0.46416400372982025,multilingual,Unknown,no_clear_emotion,0.016278477385640144,0.02174767106771469,0.06709185242652893,0.016162363812327385,0.09802838414907455,0.03909384086728096
news,post,313ac74919b0f04b,"Nik Nazmi denies involvement in elephants' transfer, welcomes probe. Nik Nazmi denies involvement in elephants' transfer, welcomes probe&nbsp;&nbsp;Malaysiakini",https://news.google.com/rss/articles/CBMiUkFVX3lxTE5LWC1LOGsxQ2JyUmpPMlA5LXk0RzB1UjRxNUt1MmRHam95cFREOWlrYWViYlBEZE9XN21jUVlrYjI2NV9CVWtubGpkb1Y0WG01b3c?oc=5,negative,2026-06-19 01:32:08+00:00,0,0,0,0,0.05929580032825471,0,0.0,negative,0.802347332239151,multilingual,Unknown,no_clear_emotion,0.027554048225283623,0.010804511606693268,0.06955944001674652,0.010851879604160786,0.14261598885059357,0.01773480325937271
news,post,ceb53dcfb843825d,"Qistina Nadia Dzulqarnain, Ng Ling Fong. Qistina Nadia Dzulqarnain, Ng Ling Fong&nbsp;&nbsp;Malaysiakini",https://news.google.com/rss/articles/CBMikgFBVV95cUxOMkpSMndVaXgwRWthc2pleWVucHZRRjdjYTRZRG5iczZ0dVVNTmxabU5GTWlOZE1uMUZvc2JpeTdUMzBTLUtNYjV4QzY2MC1lVU81cVREa3NrbWU3LXBGcFdTUkJLT2ppNGFZUnQ0S2JNQ25qY3ByakRyb0hkU3o3ZDhaRUl4UWZpaGJDN1BEQnZyQQ?oc=5,neutral,2026-06-19 13:45:02+00:00,0,0,0,0,0.5,0,0.0,neutral,0.9976276755332947,malay,Malay/Bumiputera,love,0.10465880483388901,0.03611687198281288,0.049715910106897354,0.03357421234250069,0.6751540303230286,0.019507594406604767
news,post,f30b9c3d462b6393,N Sembilan chieftains order Friday sermons to pray for Tunku Nadzaruddin. N Sembilan chieftains order Friday sermons to pray for Tunku Nadzaruddin&nbsp;&nbsp;Malaysiakini,https://news.google.com/rss/articles/CBMiUkFVX3lxTE45RjJ1UTVfd1JGekVlYmpmZE1pRkFjWnE4cDV0YWNrRHZTd1pyMGtmLXlkSWQxZXFFRmdpUy0xb1FkOHNCMGl2WTJjZmxmQzZtcmc?oc=5,neutral,2026-06-18 23:00:00+00:00,0,0,0,0,0.5,0,0.0,neutral,0.9974598288536072,malay,Malay/Bumiputera,no_clear_emotion,0.024398280307650566,0.011636249721050262,0.054403211921453476,0.012359683401882648,0.1419014185667038,0.017551250755786896
news,post,541d44f3e6b698d8,Sopa. Sopa&nbsp;&nbsp;Malaysiakini,https://news.google.com/rss/articles/CBMiUkFVX3lxTE1tclRiTTVuV0pKLUU1QUdBbGswMjBTam9hTEhFWXpVQmlhbmRMMmxxSUR2dWtMbExacVlGWWUzU3lIb1lYWkJiMV9XZzY2eVcxcmc?oc=5,neutral,2026-06-19 13:00:50+00:00,0,0,0,0,0.5,0,0.0,neutral,0.9974269270896912,malay,Malay/Bumiputera,love,0.06011456251144409,0.026306752115488052,0.03213467076420784,0.03419105336070061,0.679959774017334,0.021648870781064034
news,post,12fe5e331b43e981,Nfa. Nfa&nbsp;&nbsp;Malaysiakini,https://news.google.com/rss/articles/CBMiUEFVX3lxTE9MZm5QSjdFZGVGVlJCMDZTLUFfN3dhcy1NNjY2MEdOaGRYc1hzVU1KVVhUX3doTmFVTTF4bjdGOU1hRkJDVVB6SmE0R2h6OXY0?oc=5,neutral,2026-06-19 09:06:17+00:00,0,0,0,0,0.5,0,0.0,neutral,0.9977028965950012,malay,Malay/Bumiputera,love,0.045720670372247696,0.045226432383060455,0.03448374941945076,0.05238328501582146,0.4407940208911896,0.06817667931318283
news,post,f86f9f85783dd0d8,SNAPSHOT | Zafrul wants chance to contest seat in S'gor for GE16; GRS accepts Upko. SNAPSHOT | Zafrul wants chance to contest seat in S'gor for GE16; GRS accepts Upko&nbsp;&nbsp;Malaysiakini,https://news.google.com/rss/articles/CBMiUkFVX3lxTE85azh2Z1Z4X1RtTE80eGhKdEJwcWhFRV9Vak16dUszQ3BEWElfSXpZSzlzTzRYY09RUEExNUNUdDVwaktmSGZpWDUzVko4NnJ3Y2c?oc=5,neutral,2026-06-18 13:18:13+00:00,0,0,0,0,0.5,0,0.0,neutral,0.8657494187355042,english,Mixed/Urban,no_clear_emotion,0.028227603062987328,0.03169016167521477,0.10070601105690002,0.018305808305740356,0.2730635404586792,0.03545290231704712
news,post,3011b6b7fb8ad9ee,SNAPSHOT | Johor polls: Muda candidates soon; Mahfuz slams Onn for using royal institution as shield. SNAPSHOT | Johor polls: Muda candidates soon; Mahfuz slams Onn for using royal institution as shield&nbsp;&nbsp;Malaysiakini,https://news.google.com/rss/articles/CBMiUkFVX3lxTE4wY2dvTFp3aG9va0hKQ2wtNDhzWU5PSFM3OER0R0pSS3pSTFA0akExVXBMOUl4THJOUU9MbFJpSkhaU1NPSWhUb1JVeGhXaVFGT3c?oc=5,neutral,2026-06-18 10:19:54+00:00,0,0,0,0,0.5,0,0.0,neutral,0.6479882001876831,english,Mixed/Urban,love,0.04856337979435921,0.023887017741799355,0.18541958928108215,0.01904335618019104,0.3947896361351013,0.025570744648575783
news,post,1f64a748f6738e6c,Suit against Muhyiddin: Court reduces Guan Eng's damages from RM1.05m to RM450k. Suit against Muhyiddin: Court reduces Guan Eng's damages from RM1.05m to RM450k&nbsp;&nbsp;Malaysiakini,https://news.google.com/rss/articles/CBMiUkFVX3lxTE50aW1TOUVUc1VCcTZLbVpfNjRwNEhaZzBZUy05akN3Snk5RmtuTXdPWWp5NHFyRTJPQ3pHNmU1U1JCSTVFeFN5R2tHcm55d3dfaHc?oc=5,neutral,2026-06-18 08:48:02+00:00,0,0,0,0,0.5,0,0.0,neutral,0.9950162768363953,malay,Malay/Bumiputera,no_clear_emotion,0.06617618352174759,0.024827785789966583,0.10226389765739441,0.03892401233315468,0.17471067607402802,0.027560140937566757
news,post,0a991827a5d277bf,"New road transport amendment bill to be tabled Monday, targets illegal racing. New road transport amendment bill to be tabled Monday, targets illegal racing&nbsp;&nbsp;Malaysiakini",https://news.google.com/rss/articles/CBMiUkFVX3lxTFBhQ1BNdU9OMUY4cVZEaDVRTmFVZjFYR2RLamowREpPRlRRMUIwVk1Hd1hSTXVmb2ZnV0NrWUx4cDdBZzZYRmVpYjZUX3JOdWxRVVE?oc=5,negative,2026-06-18 12:12:49+00:00,0,0,0,0,0.08601177781820296,0,0.0,negative,0.7132940739393234,multilingual,Unknown,anger,0.4966489374637604,0.034841641783714294,0.11692985892295837,0.029364801943302155,0.07039846479892731,0.02480054274201393
news,post,13610d8cfef75689,SNAPSHOT | MOH close to resolving specialist doctor training issues; Ajinomoto shares trading to be halted. SNAPSHOT | MOH close to resolving specialist doctor training issues; Ajinomoto shares trading to be halted&nbsp;&nbsp;Malaysiakini,https://news.google.com/rss/articles/CBMiUkFVX3lxTE54blFRWWIwa2hwNTNVOURqNW5fdnhRR0VUdXhHLVdMNnl3dkZhdkNJOHpaMXB4U1d2N2lqemdrdnVLYlp3c0FWZDN0NFBNM1A3Mmc?oc=5,negative,2026-06-19 13:15:47+00:00,0,0,0,0,0.04988655745983123,0,0.0,negative,0.8337114751338959,multilingual,Unknown,anger,0.7676303386688232,0.04213431105017662,0.05035047605633736,0.02284155786037445,0.03680787980556488,0.01702064462006092
news,post,bf17b8839a0c1897,SNAPSHOT | Bersama aims for 10-20 federal seats in GE16; Johor Harapan to unveil polls candidates soon. SNAPSHOT | Bersama aims for 10-20 federal seats in GE16; Johor Harapan to unveil polls candidates soon&nbsp;&nbsp;Malaysiakini,https://news.google.com/rss/articles/CBMiUkFVX3lxTE9HcXFaMW51QkZxbnlGckxJZ212QmtrR2F1Mm1LdkNhVzZQWUVUSG5JS1VBdHZCd1Bqb2tSVUFlVDJPbFoxUTdROEFfWEdnWVF5dlE?oc=5,neutral,2026-06-18 06:06:01+00:00,0,0,0,0,0.5,0,0.0,neutral,0.8958110809326172,english,Mixed/Urban,happy,0.052857134491205215,0.07585093379020691,0.4522677958011627,0.020485516637563705,0.14503252506256104,0.028601428493857384
news,post,52ba2d23b57326c5,Bersatu fails in bid to lift freeze on bank accounts. Bersatu fails in bid to lift freeze on bank accounts&nbsp;&nbsp;Malaysiakini,https://news.google.com/rss/articles/CBMiUkFVX3lxTE1scmNOYXM5QnB3ZHV5VmlYeFhBQkFrTlAxRVROdFcxUV8tb3p4akI4UWNqWXY3OW9ST1hGZS1VWVctQ2tpWjZkOHdTb2I4WjMyZnc?oc=5,negative,2026-06-18 10:00:28+00:00,0,0,0,0,0.03997895121574402,0,0.0,negative,0.8667368292808533,multilingual,Unknown,no_clear_emotion,0.04349159449338913,0.02246532402932644,0.056677430868148804,0.01425517350435257,0.04698110371828079,0.021942859515547752
news,post,6a80f9d6104da945,Deputy minister: 388 sexual harassment cases recorded in first 5 months of 2026. Deputy minister: 388 sexual harassment cases recorded in first 5 months of 2026&nbsp;&nbsp;Malaysiakini,https://news.google.com/rss/articles/CBMiUkFVX3lxTE9NSl9TNHpOeFpJUlhBZ0d5YmdwQnFncjFSMW11cTgzUUo0ZHlmeWN1RDlrSnlhOC1Zc19lbG9aV1RhQ1JvNFFDYUxwdWo3U0syNkE?oc=5,negative,2026-06-18 09:34:47+00:00,0,0,0,0,0.07225124537944794,0,0.0,negative,0.7591625154018402,multilingual,Unknown,no_clear_emotion,0.08753304183483124,0.018312351778149605,0.08952249586582184,0.01782013662159443,0.07086651027202606,0.020256472751498222
news,post,cbcf7d3f23d3dfaa,"MACC identifies 1,638 more firms suspected of false Daya Kerjaya 2.0 claims. MACC identifies 1,638 more firms suspected of false Daya Kerjaya 2.0 claims&nbsp;&nbsp;Malaysiakini",https://news.google.com/rss/articles/CBMiUkFVX3lxTE91UnBEODBoc2N3QTU3VnNlT0t3ckZTZTVVV2VZTncxQUl4Tk5vRlJsSEdIUDEzMnhxbjZWRmU1MHJ2clpsTjZHSWtkOXlIeXVJQnc?oc=5,negative,2026-06-18 09:34:50+00:00,0,0,0,0,0.04184945672750473,0,0.0,negative,0.8605018109083176,multilingual,Unknown,anger,0.7047786712646484,0.06853562593460083,0.08385554701089859,0.020568331703543663,0.03155394643545151,0.022334225475788116
news,post,c52d82abdd158b5a,MACC's new chief pledges improvements after first month of challenges. MACC's new chief pledges improvements after first month of challenges&nbsp;&nbsp;Malaysiakini,https://news.google.com/rss/articles/CBMiUkFVX3lxTE9nOExDYm9jSlM5ck9rdGs5TVdSUWNFZVU5YzVrem1tZkU5NGg1TWxMbWFOYldnSG1mTFJBZkhYY3NnVUNweHYwOUVVeEppU1Raamc?oc=5,neutral,2026-06-18 08:02:24+00:00,0,0,0,0,0.5,0,0.0,neutral,0.9415937662124634,malay,Malay/Bumiputera,happy,0.037663958966732025,0.10165432840585709,0.4229063093662262,0.026233255863189697,0.04099855199456215,0.06081093102693558
news,post,ba8a83e191ebc20f,"Focus on Puteri Wangsa issues, not seat tussle - Muda tells rivals. Focus on Puteri Wangsa issues, not seat tussle - Muda tells rivals&nbsp;&nbsp;Malaysiakini",https://news.google.com/rss/articles/CBMiUkFVX3lxTE9nUlI2YXRkTExlZVdWellFVW1VdWdST3RWRmdUbzlad1RVZ0dUSWpzUEhrQVRYZk1oNVFlbk5RR1BPMDd6Z0NqQVRPLVRRN0pPemc?oc=5,negative,2026-06-18 06:59:33+00:00,0,0,0,0,0.1159771889448166,0,0.0,negative,0.6134093701839447,multilingual,Unknown,no_clear_emotion,0.06579630076885223,0.01275976188480854,0.05267086625099182,0.023156430572271347,0.3873123526573181,0.021170951426029205
news,post,171a131df99f7101,Ra Lingeshwaran. Ra Lingeshwaran&nbsp;&nbsp;Malaysiakini,https://news.google.com/rss/articles/CBMiY0FVX3lxTE1pdjM3bWNKOFNIX0V2QnVMOXE5eEwtSFRHbVJ1dnZ3ZURsYnV1dklPcnVyLXZaSEdseUZXQ2ZEbWpwVTBJU3M2anVjMTVRY0RtY1Uta29MQWoxZXNlX3hDbWprWQ?oc=5,neutral,2026-06-18 10:39:51+00:00,0,0,0,0,0.5,0,0.0,neutral,0.9977070093154907,malay,Malay/Bumiputera,love,0.07937705516815186,0.015398968942463398,0.05604211241006851,0.025703925639390945,0.6888875365257263,0.014261112548410892
news,post,24a5f8a7f2d62a26,"COMMENT | Anti-Rohingya hate campaign not harmless, authorities must act. COMMENT | Anti-Rohingya hate campaign not harmless, authorities must act&nbsp;&nbsp;Malaysiakini",https://news.google.com/rss/articles/CBMiVkFVX3lxTE5DQlZIZWx3TTF3bWdQWklSNDFEV2xuNVczS01RQWdkU0hrSmpTYXNqb2lRVlRmQV9NWWpkcTFhNThpUXVsRzluTDVGcEt5TEhyYzZJclN3?oc=5,negative,2026-06-17 23:00:00+00:00,0,0,0,0,0.043530839681625355,0,0.0,negative,0.8548972010612488,english,Mixed/Urban,love,0.24351251125335693,0.034061282873153687,0.09962046146392822,0.03179401904344559,0.48920729756355286,0.015871252864599228
news,post,8beb9e78b462e908,Sukri Omar. Sukri Omar&nbsp;&nbsp;Malaysiakini,https://news.google.com/rss/articles/CBMiXEFVX3lxTFB4OE81SzNGa0tSTUV5UU5TbHEzX1dFQWNTS1ZuTXE3QXRpSC1VQWJ0ZFZybGw0Y3JPOXJRWGhxZW5HbFdBZEJ4aUpHci1JNVpDeGFUcHdXRGw1c08y?oc=5,neutral,2026-06-18 08:49:04+00:00,0,0,0,0,0.5,0,0.0,neutral,0.9907556176185608,malay,Malay/Bumiputera,love,0.04582366347312927,0.016653526574373245,0.02662082016468048,0.033459071069955826,0.7083448171615601,0.02188081666827202
news,post,beb9650bb879ee70,"Police, MCMC reports lodged against J-Kom DG over 'Cina sesat' post. Police, MCMC reports lodged against J-Kom DG over 'Cina sesat' post&nbsp;&nbsp;Malaysiakini",https://news.google.com/rss/articles/CBMiUkFVX3lxTFA3U0gtQWF0NGVSUG9iXzVqbUJCTDg3VmhXMWVJRGVmcVBoNlRJUWJoR0Y4dTk1X1JPQnRaOU5adEhwVTJiRHJHQ1NuOXVFZ0RDQ0E?oc=5,negative,2026-06-18 04:38:58+00:00,0,0,0,0,0.06921543180942535,0,0.0,negative,0.7692818939685822,multilingual,Unknown,no_clear_emotion,0.09785713255405426,0.017351876944303513,0.05738839879631996,0.018722811713814735,0.09152312576770782,0.0220088679343462
news,post,0e6ec3dd8438b401,"Hamzah clarifies Wawasan Negara's status, says it is a renamed party under takeover. Hamzah clarifies Wawasan Negara's status, says it is a renamed party under takeover&nbsp;&nbsp;Malaysiakini",https://news.google.com/rss/articles/CBMiUkFVX3lxTE1TT2dadlVKQmNYSjBxckh2Ukl6STNNYWxVQVpjSEExTjQzb0poX1Z2dF9NLTdrOVg4N0ZiTVZLMjdnaTVkal9fMk50Y1NQNy1CTVE?oc=5,neutral,2026-06-18 03:32:06+00:00,0,0,0,0,0.5,0,0.0,neutral,0.923870861530304,english,Mixed/Urban,no_clear_emotion,0.03505046293139458,0.02515462227165699,0.1301102191209793,0.020752958953380585,0.12922212481498718,0.04113221541047096
news,post,9181484bc0c1c33a,SNAPSHOT | Azmin rubbishes Bersatu-led rival PN meeting; UNHCR cardholders still subject to M'sian laws. SNAPSHOT | Azmin rubbishes Bersatu-led rival PN meeting; UNHCR cardholders still subject to M'sian laws&nbsp;&nbsp;Malaysiakini,https://news.google.com/rss/articles/CBMiUkFVX3lxTE9xendOekpWdWRqTlpvRzJDWV9lU21ZTHljaFJ5NnAtTFk5cUtpMW1HZGk3SzJrQmoyVHFNRnNRT3VVQXdUSkYybmRiODliSWs1eGc?oc=5,neutral,2026-06-19 10:04:14+00:00,0,0,0,0,0.5,0,0.0,neutral,0.7637218236923218,english,Mixed/Urban,no_clear_emotion,0.07186900824308395,0.02093556895852089,0.07290640473365784,0.020773528143763542,0.11997299641370773,0.028214745223522186
news,post,1c068294c2107370,Zambry slams claims of 'backdoor' admissions into public universities. Zambry slams claims of 'backdoor' admissions into public universities&nbsp;&nbsp;Malaysiakini,https://news.google.com/rss/articles/CBMiUkFVX3lxTE10NktBVjlreU1CT1IwS1hxS1JvZTBHQWppY1ppeGttU3FRZ0N6T3FhVEt1LWJEblJ2anRXT3lBQVhudlFIaU44S2J6cU1vZ0h4eHc?oc=5,negative,2026-06-17 10:06:16+00:00,0,0,0,0,0.08238267302513122,0,0.0,negative,0.7253910899162292,english,Mixed/Urban,no_clear_emotion,0.034817829728126526,0.01514012087136507,0.09223382920026779,0.019144173711538315,0.17319385707378387,0.023383548483252525
news,post,280862ca1f626336,SNAPSHOT | Rafizi's aide claims Bersama fundraiser torpedoed; minister cites 402 drug cases in vape ban push. SNAPSHOT | Rafizi's aide claims Bersama fundraiser torpedoed; minister cites 402 drug cases in vape ban push&nbsp;&nbsp;Malaysiakini,https://news.google.com/rss/articles/CBMiUkFVX3lxTE02SmVnUUEyN1lmOEFESE8xRVVZb3R6M0Q4Qm5UU3VIbWpXcGd1QURlcEM5a3h2TmpFSmtRYVpvV2dHR3Q4WXdlYlo0RXNuSjVWckE?oc=5,negative,2026-06-21 03:18:24+00:00,0,0,0,0,0.103566974401474,0,0.0,negative,0.6547767519950867,english,Mixed/Urban,no_clear_emotion,0.04516254737973213,0.016339940950274467,0.0551082007586956,0.018635544925928116,0.11203135550022125,0.024416569620370865
news,post,adefb1132bfaba15,SNAPSHOT | Beng Hock Association list demands for endorsement in Johor polls. SNAPSHOT | Beng Hock Association list demands for endorsement in Johor polls&nbsp;&nbsp;Malaysiakini,https://news.google.com/rss/articles/CBMiUkFVX3lxTE5memVlSkVaQ05Ka0s0YWZCNldrRWMwMUphQk8tUnNCMEp1S0ROc2EyRU1IQ0pnNWo1MVJpYkFRRmJCUTVxclRUQ2FUTFh5TTJzWUE?oc=5,neutral,2026-06-20 09:58:39+00:00,0,0,0,0,0.5,0,0.0,neutral,0.8946324586868286,english,Mixed/Urban,love,0.0600920245051384,0.016109686344861984,0.055966995656490326,0.028702443465590477,0.449211061000824,0.02369776926934719
news,post,4db06bc80a929118,SNAPSHOT | Puad to stay out of Johor polls; heavy rain may have caused mass fish death at lake: DBKL. SNAPSHOT | Puad to stay out of Johor polls; heavy rain may have caused mass fish death at lake: DBKL&nbsp;&nbsp;Malaysiakini,https://news.google.com/rss/articles/CBMiUkFVX3lxTFBUeERvS2RJN0VpWmp1YTJhdWNYbnd5UUJPUmN2M2lvbEQ2eWxkTjZwbkY1SjFpemdhSGFJWTZtelZRUUJxbUllZmdtRDZkSWMyZ1E?oc=5,negative,2026-06-17 10:00:00+00:00,0,0,0,0,0.11052746772766112,0,0.0,negative,0.6315751075744629,english,Mixed/Urban,anger,0.4451991021633148,0.07513049244880676,0.04785636067390442,0.3155650794506073,0.03559022396802902,0.020028093829751015
news,post,183c7249a9db2424,1 Muharam. 1 Muharam&nbsp;&nbsp;Malaysiakini,https://news.google.com/rss/articles/CBMiW0FVX3lxTFBta2VlT1lfUmlRZDBGZUlHQi1ZZlRnQU9DazlNTUdTQW54ZHQwbUFzVkFOVHpsUjRwdGJ2R1QzZkFvYlJ2Ul9JdjFLQWdPZVhuNHpscUt5VXQwbk0?oc=5,neutral,2026-06-17 03:45:00+00:00,0,0,0,0,0.5,0,0.0,neutral,0.9976784586906433,malay,Malay/Bumiputera,no_clear_emotion,0.034793686121702194,0.026131892576813698,0.03417125344276428,0.03443257138133049,0.26137328147888184,0.05907127261161804
news,post,f733e67c5afec36e,SNAPSHOT | Shahril: Voters prefer grounded leaders; Bersatu holding PN meeting tonight?. SNAPSHOT | Shahril: Voters prefer grounded leaders; Bersatu holding PN meeting tonight?&nbsp;&nbsp;Malaysiakini,https://news.google.com/rss/articles/CBMiUkFVX3lxTE5URzdIRjlPMC00TnNtOVN6amMwYW11YmQzRHZsc3J6OVZuZFh4ZDNKTVBpZ3o1VzBEb1F4aGdDd0dEUTV1RHpRajROTjdERjFZRVE?oc=5,neutral,2026-06-19 06:25:40+00:00,0,0,0,0,0.5,0,0.0,neutral,0.9975737929344177,malay,Malay/Bumiputera,love,0.035539526492357254,0.007971866056323051,0.06221188232302666,0.013484569266438484,0.6452182531356812,0.01744512841105461
news,post,2f1a844d79c89eac,SNAPSHOT | Prison Dept fails to address Taiping riot questions: MP; MACC nabs 13 over RM2.5m in bribes. SNAPSHOT | Prison Dept fails to address Taiping riot questions: MP; MACC nabs 13 over RM2.5m in bribes&nbsp;&nbsp;Malaysiakini,https://news.google.com/rss/articles/CBMiUkFVX3lxTE1OSjdmckRrOG1xMGowRjN1dUU2VktoYVdCRjlxQzkxREFjZng3SGprY0VmdUt1VUl2QnRzVG1sRDBEY1ZoeGswNmNGQTJDVWd2SWc?oc=5,negative,2026-06-17 06:01:31+00:00,0,0,0,0,0.006532913446426369,0,0.0,negative,0.9782236218452454,malay,Malay/Bumiputera,no_clear_emotion,0.054170187562704086,0.017092177644371986,0.03556397184729576,0.02126353606581688,0.19444072246551514,0.019002214074134827
news,post,393c227bba6cadca,MCMC: Activist's Facebook page blocked for public harmony. MCMC: Activist's Facebook page blocked for public harmony&nbsp;&nbsp;Malaysiakini,https://news.google.com/rss/articles/CBMiUkFVX3lxTE0wZUZPcFNSc0cyaGk3U3laRWp2aktHWXo5RUN0T1BoRU9FemhZUDN6cUhTZDE4ZGZ4VVg2U3VVazdPYlk0aWtGQW5KSVQ0NXAxVXc?oc=5,negative,2026-06-17 05:20:43+00:00,0,0,0,0,0.03921523690223694,0,0.0,negative,0.8692825436592102,multilingual,Unknown,anger,0.7152275443077087,0.10791011899709702,0.028073938563466072,0.05212073773145676,0.02405552752315998,0.02531568706035614
news,post,b055a1054ceebdff,Batu Arang residents seek DOE town hall over repeated incinerator EIA rejection. Batu Arang residents seek DOE town hall over repeated incinerator EIA rejection&nbsp;&nbsp;Malaysiakini,https://news.google.com/rss/articles/CBMiUkFVX3lxTE5NRGJ5RmFKT05raXphQWNRa1VMdnd4TUd2SC15RVQxM3UyYmIzR1JLRmc4d1N0cEt0cC1fc3F1aXEtY1VaVGx4T2FlV1BZdmYzdEE?oc=5,negative,2026-06-17 04:14:59+00:00,0,0,0,0,0.06465716063976287,0,0.0,negative,0.7844761312007904,multilingual,Unknown,no_clear_emotion,0.11633412539958954,0.02906034141778946,0.04940241202712059,0.24688494205474854,0.2022390514612198,0.028547130525112152
news,post,b010bfd45ab971ee,SNAPSHOT | Fahmi urges J-Kom chief to speak carefully; multi-faith group wants poster probed. SNAPSHOT | Fahmi urges J-Kom chief to speak carefully; multi-faith group wants poster probed&nbsp;&nbsp;Malaysiakini,https://news.google.com/rss/articles/CBMiUkFVX3lxTE04X0hzcUFwNHpuM0Rlc1g3ejZsa1lYNVZQSXktMXFha1ptYTl1cGlJX2M5bkpYV1JVdk5IbC1pdWRnaHFfcmFwckpySUYxd1YzVlE?oc=5,negative,2026-06-17 03:00:00+00:00,0,0,0,0,0.12734404653310774,0,0.0,negative,0.5755198448896408,multilingual,Unknown,happy,0.06977497041225433,0.051115188747644424,0.29746687412261963,0.024312805384397507,0.23826873302459717,0.026171468198299408
news,post,fa0cb6ec45b495c4,"Ahead of M'sia visit, migrant workers press Bangladesh PM to end recruitment syndicates. Ahead of M'sia visit, migrant workers press Bangladesh PM to end recruitment syndicates&nbsp;&nbsp;Malaysiakini",https://news.google.com/rss/articles/CBMiUkFVX3lxTE9Sb2EyMU1kN0t5WUFFYVdzeU9HSDF2MndCVDdHRDU2MkhoNEoxN2lNVWk1cEpMYmt5NTFyY0RnTUl3cjI3b0lqb2YxMl92MVRsUkE?oc=5,neutral,2026-06-17 04:00:00+00:00,0,0,0,0,0.5,0,0.0,neutral,0.8783032894134521,english,Mixed/Urban,no_clear_emotion,0.059795647859573364,0.014656111598014832,0.04507296904921532,0.013847804628312588,0.0420159213244915,0.01832457073032856
news,post,58580f4a30fa8853,Does the Iran war diminish US superpower status?. Does the Iran war diminish US superpower status?&nbsp;&nbsp;Malaysiakini,https://news.google.com/rss/articles/CBMiUkFVX3lxTE51T283akZmRmNvaGhXYW5SWnFnQmx5WnNjYmRXQVM2QWQ0TXYyOXU3d3RhdW9TVG56eDYyenNnQlRXbGhrXzZmVzhkcWJpYmV4WGc?oc=5,neutral,2026-06-17 01:47:17+00:00,0,0,0,0,0.5,0,0.0,neutral,0.6360676884651184,english,Mixed/Urban,fear,0.056550703942775726,0.21209357678890228,0.10881571471691132,0.1760518103837967,0.1982334703207016,0.05493339151144028
news,post,b12ccb6729f20744,NFA: Cops close probe on Mkini reporter over migrant worker system article. NFA: Cops close probe on Mkini reporter over migrant worker system article&nbsp;&nbsp;Malaysiakini,https://news.google.com/rss/articles/CBMiUkFVX3lxTE9UZkpodUJsT1pOWVo0OWJBZTFyQjVjdUFuYmJxaUdrOFZwbnF2NVJXcUY3SUJqVTZvUnNDWVgxaWh4T3czcC11SXA0VW85cTVBYkE?oc=5,negative,2026-06-19 08:45:30+00:00,0,0,0,0,0.10073314011096954,0,0.0,negative,0.6642228662967682,multilingual,Unknown,no_clear_emotion,0.07563934475183487,0.01889991946518421,0.06297992169857025,0.025562701746821404,0.1415681391954422,0.025158734992146492
news,post,99f98a525016d68d,Expulsion possible as UMS pursues action against students over Kudat village protest. Expulsion possible as UMS pursues action against students over Kudat village protest&nbsp;&nbsp;Malaysiakini,https://news.google.com/rss/articles/CBMiUkFVX3lxTE1WV09rcjA5SFQ4S3dnQkZDeXlxc2MxRUtSSHBzQzZIcm1zYnQwaXB0aE5xem5WUjJGd1BLbDlIS0w4SExNejVQN1EyS2xKb21lS1E?oc=5,negative,2026-06-16 23:00:00+00:00,0,0,0,0,0.0004829406738281472,0,0.0,negative,0.9983901977539062,malay,Malay/Bumiputera,no_clear_emotion,0.10575859248638153,0.10319899767637253,0.2640223801136017,0.021073078736662865,0.05557531490921974,0.03833349794149399
news,post,af6d9683b0c4144c,Senator urges probe into poster offering 'perks' for uni students who convert. Senator urges probe into poster offering 'perks' for uni students who convert&nbsp;&nbsp;Malaysiakini,https://news.google.com/rss/articles/CBMiUkFVX3lxTE0wOE1MUWxWaGljVUtkRVJ5bzVwc25kM1RpOE9sM0lwX3c4SWJTSzh2aFotaWU2dzVxWFhRamhYX040Q3BMUWVUbWUyUGxxUjhqdEE?oc=5,negative,2026-06-16 07:44:27+00:00,0,0,0,0,0.11508345007896423,0,0.0,negative,0.6163884997367859,multilingual,Unknown,no_clear_emotion,0.03013733960688114,0.009256629273295403,0.044776223599910736,0.012492690235376358,0.12123638391494751,0.016615623608231544
news,post,4f825efc9491b499,ADUN SPEAKS | J-Kom DG must resign or be removed over 'Cina sesat' insult. ADUN SPEAKS | J-Kom DG must resign or be removed over 'Cina sesat' insult&nbsp;&nbsp;Malaysiakini,https://news.google.com/rss/articles/CBMiVkFVX3lxTE0wcFZVMWNhOW1RZ0R5MWlXZmJzZDBDVUxVTWRTMkpKMDFSMC1ldWVqWmFyQkZfMlcycThjVVpmdjFCTzJfU2NYekt6SWlLY1FwUFhjOXN3?oc=5,negative,2026-06-16 07:40:36+00:00,0,0,0,0,0.0948379710316658,0,0.0,negative,0.6838734298944473,multilingual,Unknown,sadness,0.18104882538318634,0.13175846636295319,0.032415878027677536,0.28698015213012695,0.03885312005877495,0.08872535824775696
news,post,8ae9cae85d495e47,N Sathes Kumar. N Sathes Kumar&nbsp;&nbsp;Malaysiakini,https://news.google.com/rss/articles/CBMiaEFVX3lxTE1EQ3lfbHJZZXJqTXc1Mk9pcGNaVHFVUGdndDR5c1JOYUJlbjBrdUEwLS1IVHZXemRlTVNnUlR1UkZ5eWxnZlRlc1dvb0c0QngwejJQODRPcmVuY2FSTXdlc200X3F6TURH?oc=5,neutral,2026-06-15 15:50:45+00:00,0,0,0,0,0.5,0,0.0,neutral,0.9214017987251282,english,Mixed/Urban,love,0.04902384430170059,0.013398587703704834,0.027197690680623055,0.023419717326760292,0.7010504603385925,0.01764596253633499
news,post,cee893a944023e05,COMMENT | Is it Anwar's last hurrah?. COMMENT | Is it Anwar's last hurrah?&nbsp;&nbsp;Malaysiakini,https://news.google.com/rss/articles/CBMiVkFVX3lxTE11V3MxWGtGRXlkenlsTWFnQ1EweHg2SVVDTE1kbVVZVHZjNF9FVDRKc1NOQTloNldvR1FHLVE2Y1M4QUhJNkljOUxOVUtmRFh3aVFzOFVR?oc=5,negative,2026-06-16 00:00:00+00:00,0,0,0,0,0.155181947350502,0,0.0,negative,0.4827268421649933,multilingual,Unknown,no_clear_emotion,0.011353680863976479,0.012534109875559807,0.03278427943587303,0.01885398104786873,0.267360657453537,0.06573541462421417
news,post,1196fcc03f7662de,"KPJ Healthcare appoints Nurul Amni as Chief Strategy, Foresight and Transformation Officer. KPJ Healthcare appoints Nurul Amni as Chief Strategy, Foresight and Transformation Officer&nbsp;&nbsp;Malaysiakini",https://news.google.com/rss/articles/CBMiXEFVX3lxTE5Zdm5abEFQdXZxYmFTamRjeV9YV0VrdDJia3c1SmlSSmhCSTJUVENfUHpvdl9ON29fUHpfaE1wTW1hVDVUbVp3ODh2cXdJMm8wTVFicEhpOFRJQUt1?oc=5,neutral,2026-06-16 08:20:00+00:00,0,0,0,0,0.5,0,0.0,neutral,0.9053444266319275,english,Mixed/Urban,no_clear_emotion,0.02505444921553135,0.019062373787164688,0.06601317971944809,0.015372524969279766,0.03887687623500824,0.026876196265220642
news,post,6c3376e7ff3eeb1d,"MP SPEAKS | Selangor govt must clarify halal, non-halal waste separation policy. MP SPEAKS | Selangor govt must clarify halal, non-halal waste separation policy&nbsp;&nbsp;Malaysiakini",https://news.google.com/rss/articles/CBMiVkFVX3lxTFBSZGN3VC0wcVhEN3hhakJiUzZUMEwweWpxRnVCMjN3ZFNuaXpmV1ZERWY2Wk1IR3I4UEE1d21RU3VVSG5WdVdEcm53WWZsWm1YeEJmX3Zn?oc=5,neutral,2026-06-19 07:50:00+00:00,0,0,0,0,0.5,0,0.0,neutral,0.8831918835639954,english,Mixed/Urban,no_clear_emotion,0.11450135707855225,0.03146803751587868,0.09533707052469254,0.03561513125896454,0.3088182508945465,0.0351984016597271
news,post,e95047e196d582db,KPJ Healthcare launches Digestive Care 4 Life Campaign. KPJ Healthcare launches Digestive Care 4 Life Campaign&nbsp;&nbsp;Malaysiakini,https://news.google.com/rss/articles/CBMiXEFVX3lxTFBxaUYtX2M2TXJmS0dfRmhQeTVrcDZjNXkyWENRMXZVLVFKYjl0RWw0emk3UHA0anM3cDRxc213S1BBOFBhX3Y0SktDVWtUVGtpVlpyTWFKQVJ6bW9r?oc=5,neutral,2026-06-18 10:46:26+00:00,0,0,0,0,0.5,0,0.0,neutral,0.8327739834785461,english,Mixed/Urban,no_clear_emotion,0.05003263056278229,0.026003971695899963,0.1009957492351532,0.02803620882332325,0.16908138990402222,0.03410660848021507
news,post,7cecbd49bcf45ddc,"Ngeow Chow Ying, Farah Izzah Haron. Ngeow Chow Ying, Farah Izzah Haron&nbsp;&nbsp;Malaysiakini",https://news.google.com/rss/articles/CBMiiwFBVV95cUxQcUgteU83YXZwMzlwaG1TM3QxSkZ1VU9vRjdIeENVRjdFRjA5VFdRLWtnNmJFUWgtY3R6dnd5TGtSandQcnZoN09OZmNKMXFITWVzOFdKSWhkeFN5b29GS0ZuVWhHaUZpRnQ5QjVxTG5WdHJfSkY3X1BmM2l4UThubUJyeEFaRjRLMXNr?oc=5,negative,2026-06-15 12:39:44+00:00,0,0,0,0,0.1858353853225708,0,0.0,negative,0.38054871559143066,multilingual,Unknown,love,0.05899905413389206,0.01850007101893425,0.04524144157767296,0.028140438720583916,0.6829149723052979,0.01830919273197651
news,post,e67e432623550797,"'Sack me if you're brave,' Wong Chen tells PKR over disciplinary action. 'Sack me if you're brave,' Wong Chen tells PKR over disciplinary action&nbsp;&nbsp;Malaysiakini",https://news.google.com/rss/articles/CBMiUkFVX3lxTE8zR2hMeWxFZFBDYkg5dTlzanR3bkQ4akc2ZWtBLU51bzVGazdpR2lLS1VXT0hUbEdOTklaSGVWUzB3aUppSjFiSXVSQU5aUnhRcmc?oc=5,neutral,2026-06-15 07:22:11+00:00,0,0,0,0,0.5,0,0.0,neutral,0.6866225600242615,english,Mixed/Urban,love,0.02191854827105999,0.02286401018500328,0.09016512334346771,0.013743404299020767,0.6328856348991394,0.020220832899212837
news,post,ccc6315e74af8cac,SNAPSHOT | 'Hidup Abah!': Bersatu members at leaders meet; M'sia and UK held socmed talks. SNAPSHOT | 'Hidup Abah!': Bersatu members at leaders meet; M'sia and UK held socmed talks&nbsp;&nbsp;Malaysiakini,https://news.google.com/rss/articles/CBMiUkFVX3lxTE9JQkhRUVQtNFUtR19uV2ViRWk4TUNHbUxsbVF4RnpqdjF1OU9mRG5LWlZicHJ2MFI1dHBYa3dvRFI2Rm41TE5Cdi0xcU5pRUFhV2c?oc=5,neutral,2026-06-16 13:14:32+00:00,0,0,0,0,0.5,0,0.0,neutral,0.8587565422058105,english,Mixed/Urban,no_clear_emotion,0.03478400781750679,0.01196327619254589,0.0457775816321373,0.021909799426794052,0.15098609030246735,0.021600982174277306
news,post,2c98194731ac738e,Daing A Malek Daing Rahaman. Daing A Malek Daing Rahaman&nbsp;&nbsp;Malaysiakini,https://news.google.com/rss/articles/CBMie0FVX3lxTFA2OTlRVzdwbzRoZkl1bnpPd0lzc21vOXRFNUlQaHNOQlVyOEU1aVUxLTZaZzdVUUs5NE8tUmNQdVR3Y0dRM2NIMFZZcmNCQWRiSWp4QUJDVGNJVUp0WllsWFpTbEZTQnBQZjNIenBnSWRZYzZ2bEQ1enhuNA?oc=5,neutral,2026-06-14 07:50:22+00:00,0,0,0,0,0.5,0,0.0,neutral,0.9973351359367371,malay,Malay/Bumiputera,love,0.08295952528715134,0.016771161928772926,0.04690096899867058,0.025067271664738655,0.6992007493972778,0.014497920870780945
news,post,dcaaa4f5ec4f8826,"SNAPSHOT | New parties won't impact BN in polls, Zambry says; 2 die after grenade training. SNAPSHOT | New parties won't impact BN in polls, Zambry says; 2 die after grenade training&nbsp;&nbsp;Malaysiakini",https://news.google.com/rss/articles/CBMiUkFVX3lxTFB6RklMSHZ5UEtuZnB2ai1QYXNDZGhpa2FfWFYwdjNucXZFTnQxT2JIbElqX3VWQU9FRlBJeVhfT3I5VkZENnI0YWEtVncwZVJnNFE?oc=5,negative,2026-06-16 10:12:53+00:00,0,0,0,0,0.0005848646163940652,0,0.0,negative,0.9980504512786865,malay,Malay/Bumiputera,no_clear_emotion,0.2578619718551636,0.07608243077993393,0.17422495782375336,0.02832651324570179,0.11985889077186584,0.027737166732549667
news,post,622dc92c4cce1e39,COMMENT | Green Wave politics and limits of non-Malay influence in M'sia. COMMENT | Green Wave politics and limits of non-Malay influence in M'sia&nbsp;&nbsp;Malaysiakini,https://news.google.com/rss/articles/CBMiVkFVX3lxTE9ncWxpSUpZd1lTQndWd3JfQlRUVFRGdy12N00xMTRLNmwtNnR5N21malh0RUxPRG9FcTA5NjZQQ28zN1VrTzFwaXZpZVVzbGhvdUdvMXNn?oc=5,neutral,2026-06-15 00:00:00+00:00,0,0,0,0,0.5,0,0.0,neutral,0.912367045879364,english,Mixed/Urban,happy,0.041039492934942245,0.02247782237827778,0.4042777717113495,0.022167816758155823,0.3473392128944397,0.02299094945192337
news,post,60184e860b2f2a11,"SNAPSHOT | Dr M claims 'feel of fear' in M'sia; 'learning centre' leased to UN-backed NGO, Marang council clarifies. SNAPSHOT | Dr M claims 'feel of fear' in M'sia; 'learning centre' leased to UN-backed NGO, Marang council clarifies&nbsp;&nbsp;Malaysiakini",https://news.google.com/rss/articles/CBMiUkFVX3lxTE50VEpHcHBlWUhiSjB5YkxRVkhLQllIVGplNGV4d2tMbWZNY0haOFpPdkczUUVjdW5oS1NCNEl3UVczSGNweWVmcFkwTkJGWUZEVGc?oc=5,negative,2026-06-16 06:11:21+00:00,0,0,0,0,0.07287253886461259,0,0.0,negative,0.7570915371179581,multilingual,Unknown,love,0.05047103390097618,0.02290107123553753,0.28269314765930176,0.021655619144439697,0.34829217195510864,0.025981416925787926
news,post,61a0cfc04c0bf347,"SNAPSHOT | PM urges Johor voters to pick wise, humble reps; nuclear inspectors to return to Iran: US veep. SNAPSHOT | PM urges Johor voters to pick wise, humble reps; nuclear inspectors to return to Iran: US veep&nbsp;&nbsp;Malaysiakini",https://news.google.com/rss/articles/CBMiUkFVX3lxTE1VeUZ3MC1aVHlrcElwa0lRbFJYenhTODh0eTB5VU5rN1lIOXhBNGVwRzF1TU5JdG9ZemdDeTBaVWhxaDdnZDVjTnlNeGZfZFdYX3c?oc=5,negative,2026-06-16 01:05:01+00:00,0,0,0,0,0.06477279961109161,0,0.0,negative,0.784090667963028,multilingual,Unknown,love,0.04468584805727005,0.020229781046509743,0.2921471893787384,0.01743600144982338,0.4912381172180176,0.01922944374382496
news,post,8dbb229c19c72284,SNAPSHOT | Zahid welcomes new Malay parties if they foster unity; MCA leader to run for elephants. SNAPSHOT | Zahid welcomes new Malay parties if they foster unity; MCA leader to run for elephants&nbsp;&nbsp;Malaysiakini,https://news.google.com/rss/articles/CBMiUkFVX3lxTE83RF9ad1pwVmZqTlhhdFZTSTFEbWY1b1dzWWxabmI3ZHZNWmxDNU1WYWotQzlncjhjZFpmcHJNbVlKZTF2cTFCT2lFOTJGbUs4Mmc?oc=5,positive,2026-06-14 10:21:03+00:00,0,0,0,0,0.8601982057094574,0,0.0,positive,0.5339940190315247,english,Mixed/Urban,love,0.026003487408161163,0.014686273410916328,0.1719084084033966,0.02203294448554516,0.41215184330940247,0.03307004272937775
news,post,9c8b4132519e6a02,B-52. B-52&nbsp;&nbsp;Malaysiakini,https://news.google.com/rss/articles/CBMiUkFVX3lxTE9ucXV2NFpsWTVFYmc0ajh1NEFCYnBHQldMcnVVUERkcUlBR0wtLXVqZUhmZWkyU0kwY2RFcVRXblFfY012cVRTNVNSVXgyd3RLSWc?oc=5,neutral,2026-06-16 03:19:07+00:00,0,0,0,0,0.5,0,0.0,neutral,0.9977045655250549,malay,Malay/Bumiputera,love,0.05831349641084671,0.041574351489543915,0.04798001050949097,0.03957289457321167,0.49128833413124084,0.04509769380092621
news,post,a282174bf67621b1,"COMMENT | We Malaysians are a nice bunch of people, right?. COMMENT | We Malaysians are a nice bunch of people, right?&nbsp;&nbsp;Malaysiakini",https://news.google.com/rss/articles/CBMiVkFVX3lxTE9KeXpZU3U5TkxfYkRmY3JCRTZqM0dERnpTRWh3bURoX2RZckltU2dQTlhTU3hXcTV5em5iWVN5TDE4OG1fWHRuZnI2cXdKUUJoODlSU0h3?oc=5,positive,2026-06-20 07:02:05+00:00,0,0,0,0,0.9992072284221649,0,0.0,positive,0.9973574280738831,malay,Malay/Bumiputera,love,0.023389684036374092,0.013307640329003334,0.04314758628606796,0.016602592542767525,0.8691586256027222,0.013282067142426968
news,post,bbc6f0a4fd5c65c9,"Rafizi: Bersama aims for 50pct female candidates, 70pct under 50 years old. Rafizi: Bersama aims for 50pct female candidates, 70pct under 50 years old&nbsp;&nbsp;Malaysiakini",https://news.google.com/rss/articles/CBMiUkFVX3lxTFBLc0V3MTZlTms3S0FKYnltQTE4em5IREo0Q2JuTXlLTlVfcUFjN1k5T0piQ3dNWWlyVFRfbWZHS3RMN1hKRVNmSlcxWXhnZWJEd0E?oc=5,neutral,2026-06-14 12:00:00+00:00,0,0,0,0,0.5,0,0.0,neutral,0.8910970687866211,english,Mixed/Urban,no_clear_emotion,0.030209116637706757,0.014315963722765446,0.039416611194610596,0.01377703994512558,0.15143351256847382,0.023099681362509727
news,post,5e7bd0e12687dda3,"SNAPSHOT | Putra: We're now migrant 'haven', be more strict; RM1 ATM fee abolished July 1. SNAPSHOT | Putra: We're now migrant 'haven', be more strict; RM1 ATM fee abolished July 1&nbsp;&nbsp;Malaysiakini",https://news.google.com/rss/articles/CBMiUkFVX3lxTE00WTduRGw3ZFJWYWJBUlctWFBtUWZ2NFVNancybDBIYWJSUDZiOGpnMFBiR1FMTjZaTVlCMWlSWnZFSi11U0ZqT3V2c19EQmZ5QWc?oc=5,neutral,2026-06-15 10:25:05+00:00,0,0,0,0,0.5,0,0.0,neutral,0.7362354397773743,english,Mixed/Urban,love,0.11247577518224716,0.047076061367988586,0.17700593173503876,0.040566083043813705,0.4155328571796417,0.04009439796209335
news,post,abbfeb4a819ae3e0,SNAPSHOT | Govt appeals court ruling on nicotine delisting decision; MACC awaits AGC in Arm probe. SNAPSHOT | Govt appeals court ruling on nicotine delisting decision; MACC awaits AGC in Arm probe&nbsp;&nbsp;Malaysiakini,https://news.google.com/rss/articles/CBMiUkFVX3lxTFBMMFNIenVZb2xOWHNORGphVG9hZzFjeERKVEgwcXRrck1semhsZm9ycFVEcGZOVjJsTlQyMTZtVUZZdXFZS0RUaUNSQllhMlFJOUE?oc=5,negative,2026-06-15 13:05:32+00:00,0,0,0,0,0.1463508903980255,0,0.0,negative,0.5121636986732483,malay,Malay/Bumiputera,no_clear_emotion,0.07559292018413544,0.030546173453330994,0.10498228669166565,0.03168822452425957,0.14789403975009918,0.03580434247851372
news,post,fc2b0c542c57998c,Malaysian workplaces have a psychological safety problem. Malaysian workplaces have a psychological safety problem&nbsp;&nbsp;Malaysiakini,https://news.google.com/rss/articles/CBMiXEFVX3lxTE82TGJOUjdJdDZmbmxic0FIWkpWdWEzY1psVmhOWTJyQXMtcnMxUnNNV3E4djhPWHVJOXY1Z2pNdjFsaS1DNmZzM1VpZWhfS2NqbGllTmFEU2JkMlZN?oc=5,negative,2026-06-16 02:30:00+00:00,0,0,0,0,0.08761047720909118,0,0.0,negative,0.707965075969696,multilingual,Unknown,love,0.14992006123065948,0.08137709647417068,0.318503201007843,0.03526109829545021,0.32115548849105835,0.018751751631498337
news,post,2d7249a11964ee86,SNAPSHOT | Ex-Federal Court judge first media council chair; Adam urges stronger press-govt ties. SNAPSHOT | Ex-Federal Court judge first media council chair; Adam urges stronger press-govt ties&nbsp;&nbsp;Malaysiakini,https://news.google.com/rss/articles/CBMiUkFVX3lxTE9KalNnV2FZQUtZcEd1OVNYdFpBdjhmX2x4TEFKMjBCR3lYRmNFNU5aMjJhVlY4WDdxMHZwQWZDaWZHUHZsYnltYmxNckxzRFBybGc?oc=5,positive,2026-06-15 06:00:26+00:00,0,0,0,0,0.9953380882740019,0,0.0,positive,0.9844602942466736,malay,Malay/Bumiputera,happy,0.024989930912852287,0.058182574808597565,0.7813175916671753,0.014371369034051895,0.061075128614902496,0.024060973897576332
news,post,66854721e999dbee,KPJ Healthcare highlights progress under KPJ Health System at 33rd AGM. KPJ Healthcare highlights progress under KPJ Health System at 33rd AGM&nbsp;&nbsp;Malaysiakini,https://news.google.com/rss/articles/CBMiXEFVX3lxTE5SWGx5Q010NzVsdDV2S1hfQWZCVHkwRFJRWWZXS3VjTG5qSU1BV3BCU3JiSmJrQ1BKc2doaHRqM1JuVnJKNUJlSmE1aUZmNVJScG0xOFpSN3ZCVmZa?oc=5,positive,2026-06-16 10:50:32+00:00,0,0,0,0,0.8999580204486847,0,0.0,positive,0.666526734828949,multilingual,Unknown,no_clear_emotion,0.04101277142763138,0.0463196337223053,0.18203672766685486,0.02398713119328022,0.06543797999620438,0.041825294494628906
news,post,88910fae12936f4a,"Rafizi: The needy shouldn't have to 'beg' for aid, system must facilitate process. Rafizi: The needy shouldn't have to 'beg' for aid, system must facilitate process&nbsp;&nbsp;Malaysiakini",https://news.google.com/rss/articles/CBMiUkFVX3lxTFA1Y3ZDcVJqQy1NZGcwWkJxaG1tZ0V3LWY2azdMNEFLWjNTYXdKcjktNExNWmNDNHB5ZWRMblZiVERoZThPdzlEbnV4aG1CSTU5ZHc?oc=5,neutral,2026-06-19 07:12:46+00:00,0,0,0,0,0.5,0,0.0,neutral,0.8190255761146545,english,Mixed/Urban,sadness,0.058758847415447235,0.058194927871227264,0.01858479529619217,0.7417106628417969,0.06660576164722443,0.02126028761267662
news,post,d0d7e84324da96f4,Is Bersama planning to contest more than 10 seats in Johor?. Is Bersama planning to contest more than 10 seats in Johor?&nbsp;&nbsp;Malaysiakini,https://news.google.com/rss/articles/CBMiUkFVX3lxTE9oblRaNkd1V3hnYVZ2WjlfUG9GWXdXVlpTaUs4NldWNHFGVWx2dWxEZ3dmdGFEMlphTnFGSEExNjdVdjB5UHpRZzBETnZyUXF0N0E?oc=5,negative,2026-06-20 04:13:18+00:00,0,0,0,0,0.1317830890417099,0,0.0,negative,0.5607230365276337,multilingual,Unknown,love,0.021914932876825333,0.020060919225215912,0.06838981807231903,0.016508052125573158,0.4796554744243622,0.04236118495464325
news,post,36cc19a17acdb62b,Strait of Hormuz reopening won't restore normal prewar shipping any time soon. Strait of Hormuz reopening won't restore normal prewar shipping any time soon&nbsp;&nbsp;Malaysiakini,https://news.google.com/rss/articles/CBMiUkFVX3lxTE5BSjNDNWNaLU9LTGdQU2xRYll2RW9EZ1lVRm1KTkNsdzF0aUFZZFRzUVlQZHUweDJ2akhGNmlpWGE4bUhtQmRUY1QxSzZOQ0RnSnc?oc=5,negative,2026-06-16 03:34:38+00:00,0,0,0,0,0.05618963241577149,0,0.0,negative,0.8127012252807617,english,Mixed/Urban,fear,0.05046256259083748,0.7923279404640198,0.0963125228881836,0.015405013225972652,0.011861954815685749,0.02092352695763111
news,post,f04452ede06bc3fe,"'M'sian face, not multiracial mask': Saifuddin details vision behind Hamzah's new political venture. 'M'sian face, not multiracial mask': Saifuddin details vision behind Hamzah's new political venture&nbsp;&nbsp;Malaysiakini",https://news.google.com/rss/articles/CBMiUkFVX3lxTFBwT1p2dENoUEZjSlRiSUxhZ0hwd3JNRW0xUE9GdWdHcm5od3dMUGVRZjFtWWJfZnMtWkVzSFdWdUpsZ3BqMm5OU1VqYzl5VHFCcnc?oc=5,neutral,2026-06-19 12:00:20+00:00,0,0,0,0,0.5,0,0.0,neutral,0.7930341362953186,english,Mixed/Urban,love,0.053579721599817276,0.023286256939172745,0.15756408870220184,0.024816161021590233,0.5407413244247437,0.019434509798884392
news,post,75496ac78e643774,DBKL launches rest hub for p-hailing riders near Dataran Merdeka. DBKL launches rest hub for p-hailing riders near Dataran Merdeka&nbsp;&nbsp;Malaysiakini,https://news.google.com/rss/articles/CBMiUkFVX3lxTE1oMWE3bGlEaUFfQk4wU25kYlE1Ukh3MlhyaTJweW5PelFva1VSREh6RjJrMmtFSVdWYktQWUFRQ2hMbzI4cy1sUXJvTkkxRVZwUHc?oc=5,neutral,2026-06-16 04:57:39+00:00,0,0,0,0,0.5,0,0.0,neutral,0.9267668724060059,english,Mixed/Urban,no_clear_emotion,0.06549706310033798,0.02053806744515896,0.1016315370798111,0.021086659282445908,0.16221947968006134,0.031858351081609726
news,post,64cb89b07ee6a4d3,"Selangor launches Triple Accelerator Programme 2026 and new Wira AI initiative, expanding support for startups and SMEs. Selangor launches Triple Accelerator Programme 2026 and new Wira AI initiative, expanding support for startups and SMEs&nbsp;&nbsp;Malaysiakini",https://news.google.com/rss/articles/CBMiXEFVX3lxTFBsLXlKRGJYZGNWTmJhMGpLRlprU3dVblFjRTFTRGRVdWhLY1hmeVIzWDlDckQxXzBKNWFoNXhMRnZaeU9HM1NqcHNRYnNBZmZNVzgxaWRFVUdpX0tQ?oc=5,neutral,2026-06-15 03:58:00+00:00,0,0,0,0,0.5,0,0.0,neutral,0.559583306312561,english,Mixed/Urban,no_clear_emotion,0.04647180438041687,0.035579096525907516,0.2389046847820282,0.026341833174228668,0.15263491868972778,0.03907490149140358
news,post,36399ded2b7c6792,Rosmah rejects all allegations over US property purchase. Rosmah rejects all allegations over US property purchase&nbsp;&nbsp;Malaysiakini,https://news.google.com/rss/articles/CBMiUkFVX3lxTE1BTzFEVFZqbGJOdXI1V2VhbE9qOGppUlBEMHYybEpjemF5V2tvT0dRbF9VMVJFOFlGN2dxSUVBVDQ0bTQ4SlNsYjBsS2o1Q3B6UUE?oc=5,neutral,2026-06-14 06:33:26+00:00,0,0,0,0,0.5,0,0.0,neutral,0.8138225674629211,malay,Malay/Bumiputera,love,0.0865471139550209,0.015481201931834221,0.03835415840148926,0.054313477128744125,0.6689855456352234,0.02306712605059147
news,post,765f080833806721,"Opposition's fractured front, landmark bills await as Dewan Rakyat opens Monday. Opposition's fractured front, landmark bills await as Dewan Rakyat opens Monday&nbsp;&nbsp;Malaysiakini",https://news.google.com/rss/articles/CBMiUkFVX3lxTE1QZUVTTFFSMmhaSUN4YWJEV0R6Q0NGeHo5TVA5TDlpQkh6dDZoZC11SjlVUDByRHpzRXdLNG93NEJ2dlNycjl5Q2FNMWRRbHVzaUE?oc=5,neutral,2026-06-21 01:00:28+00:00,0,0,0,0,0.5,0,0.0,neutral,0.7617292404174805,english,Mixed/Urban,no_clear_emotion,0.032081589102745056,0.018768833950161934,0.05455164238810539,0.01361028477549553,0.03856733441352844,0.023639623075723648
news,post,20b05ae17ab28137,"Johor facing federal revenue drain, not leakages - regent. Johor facing federal revenue drain, not leakages - regent&nbsp;&nbsp;Malaysiakini",https://news.google.com/rss/articles/CBMiUkFVX3lxTE0welJ6STZPd1ZZN3VQS2VfRlc5QlVRUHpvdFpmUDZ1ODdQaGFvTDVpMkdTWEJqZ3JCYVliT0FnNlpzYjhYLXlPYU5qc08zd0x4dHc?oc=5,neutral,2026-06-21 02:19:10+00:00,0,0,0,0,0.5,0,0.0,neutral,0.6471866965293884,english,Mixed/Urban,no_clear_emotion,0.06837020814418793,0.018621189519762993,0.09769336879253387,0.02207467332482338,0.23264482617378235,0.024870431050658226
news,post,cdfdbfde7055f61e,DOE rejects Lynas EIA for Gebeng plant expansion. DOE rejects Lynas EIA for Gebeng plant expansion&nbsp;&nbsp;Malaysiakini,https://news.google.com/rss/articles/CBMiUkFVX3lxTFBneEJWX0pFVGJleXBXWV9INlRNZm5kbVd4NGNjd1pFaEtxbVZwTG43XzIwS1o3UjdKVWZKY3FrWTZhdEViUDJPeHBCa0RTZ0Y4UEE?oc=5,negative,2026-06-20 07:33:14+00:00,0,0,0,0,0.1099407434463501,0,0.0,negative,0.633530855178833,english,Mixed/Urban,no_clear_emotion,0.0924193486571312,0.030493641272187233,0.11524848639965057,0.03566228225827217,0.22270283102989197,0.03513149544596672
news,post,8e0ffd9d47136d96,"COMMENT | Problem not 'dakwah' but inducements, misuse of public institutions. COMMENT | Problem not 'dakwah' but inducements, misuse of public institutions&nbsp;&nbsp;Malaysiakini",https://news.google.com/rss/articles/CBMiVkFVX3lxTE5aTHlKNGlrRkpnQTlfb092UDlWaFpEbWdrUnh1eTNmVGVwVG8tRjBqaTBTdTNPTU5iQjBEWUxoRzE5T1BhMWFxWHZOQXJ4cHFWZGZPc1ZR?oc=5,negative,2026-06-21 04:10:28+00:00,0,0,0,0,0.07562103867530823,0,0.0,negative,0.7479298710823059,english,Mixed/Urban,no_clear_emotion,0.09662503004074097,0.030467413365840912,0.057704534381628036,0.03804228827357292,0.2693958878517151,0.02960852161049843
news,post,dad0071e2e040445,Amanah concedes Puteri Wangsa to PKR for Johor polls. Amanah concedes Puteri Wangsa to PKR for Johor polls&nbsp;&nbsp;Malaysiakini,https://news.google.com/rss/articles/CBMiUkFVX3lxTE55ZUx4ZlpucDdDRG1nR2lCUzAtYlBCM3FQZWUyOFJFSlRLSkFXVkFPTW1NU0ZKVjlCaW5VZ3NYVTVTU2lEdkZFcjZaSTZYdGIzWXc?oc=5,neutral,2026-06-21 03:31:31+00:00,0,0,0,0,0.5,0,0.0,neutral,0.8707596063613892,english,Mixed/Urban,no_clear_emotion,0.030762046575546265,0.01568554900586605,0.055641889572143555,0.023388680070638657,0.3325134217739105,0.02641226537525654
news,post,6f554432bf34d317,No room for 'ketuanan': Saifuddin bets on principled unity to win non-Malay trust. No room for 'ketuanan': Saifuddin bets on principled unity to win non-Malay trust&nbsp;&nbsp;Malaysiakini,https://news.google.com/rss/articles/CBMiUkFVX3lxTE9mUWhLdllwMHJQaEUxM2JFNEE1UF9HUnVJNldhMS11RVJ5OGZTMDNzN1hOM2dYQU0ySG1JenRKS3BzWVdLOE1yNDRoY0hIS0VYakE?oc=5,neutral,2026-06-19 23:00:00+00:00,0,0,0,0,0.5,0,0.0,neutral,0.6551870107650757,english,Mixed/Urban,no_clear_emotion,0.09998241066932678,0.12627455592155457,0.17860117554664612,0.034032829105854034,0.17220140993595123,0.03308257833123207
news,post,a00d690c3d1da60f,Lebanon: Is US-Iran peace deal a 'victory' for Hezbollah?. Lebanon: Is US-Iran peace deal a 'victory' for Hezbollah?&nbsp;&nbsp;Malaysiakini,https://news.google.com/rss/articles/CBMiUkFVX3lxTE4xNUN2UTVOb2xOeTlCUmxGT3E4aGJuaVhIRXU3X3ZqSG9nYW5RZHpQWnlUaXE0MEl6Z0dwcTNYTnhoc3A3VnU1eHc0cklSVzRDVEE?oc=5,neutral,2026-06-20 02:30:00+00:00,0,0,0,0,0.5,0,0.0,neutral,0.8690129518508911,english,Mixed/Urban,love,0.052213821560144424,0.02598218433558941,0.08325840532779694,0.026460474357008934,0.6747832894325256,0.01593313366174698
news,post,adadc01f0d6bae79,"Army freezes hand‑grenade drills as investigation into Kedah training blast is fast‑tracked, says defence minister. KOTA TINGGI, June 21 &mdash; The Malaysian Army has temporarily suspended all hand grenade training activities following...",https://www.malaymail.com/news/malaysia/2026/06/21/army-freezes-handgrenade-drills-as-investigation-into-kedah-training-blast-is-fasttracked-says-defence-minister/224616,negative,2026-06-21 04:57:14+00:00,0,0,0,0,0.13112064599990844,0,0.0,negative,0.5629311800003052,english,Mixed/Urban,anger,0.3809041976928711,0.1569204330444336,0.10733361542224884,0.08933383226394653,0.0597042441368103,0.05747134983539581
news,post,71a0a809a535eb5e,"Kuching South mayor urges public to report murky water issues to Sarawak Water, not on social media. KUCHING, June 21 &mdash; Members of the public are urged to lodge formal complaints with Sarawak Water Sdn Bhd whenever...",https://www.malaymail.com/news/malaysia/2026/06/21/kuching-south-mayor-urges-public-to-report-murky-water-issues-to-sarawak-water-not-on-social-media/224615,neutral,2026-06-21 04:47:23+00:00,0,0,0,0,0.5,0,0.0,neutral,0.8614464402198792,english,Mixed/Urban,love,0.21958144009113312,0.029168488457798958,0.09895413368940353,0.020971110090613365,0.47147756814956665,0.021057093515992165
news,post,f604360ad7375219,"Scratch-and-lose: Bau woman poorer by RM6,000 after falling for online ‘Super Lotto’ scam. KUCHING, June 21 &mdash; A woman from a village in Bau lost over RM6,000 to an online scratch-and-win scam advertised un...",https://www.malaymail.com/news/malaysia/2026/06/21/scratch-and-lose-bau-woman-poorer-by-rm6000-after-falling-for-online-super-lotto-scam/224614,negative,2026-06-21 04:31:15+00:00,0,0,0,0,0.05057365894317628,0,0.0,negative,0.8314211368560791,english,Mixed/Urban,sadness,0.09920354932546616,0.12984640896320343,0.05223354697227478,0.5677076578140259,0.03371554613113403,0.0306351687759161
news,post,d9987f78fe4fe7f6,"Kuching cop injured after falling into 6m‑deep gorge during village community programme. KUCHING, June 21 &mdash; A police personnel suffered injuries to his body and head after he slipped and fell down a six-...",https://www.malaymail.com/news/malaysia/2026/06/21/kuching-cop-injured-after-falling-into-6mdeep-gorge-during-village-community-programme/224612,negative,2026-06-21 04:22:47+00:00,0,0,0,0,0.07709807753562928,0,0.0,negative,0.7430064082145691,english,Mixed/Urban,anger,0.6912306547164917,0.0799594447016716,0.0499129481613636,0.08897075057029724,0.025599760934710503,0.02373276837170124
news,post,3d8b1fac567dae86,"Malaysian sisters behind handcrafted footwear brand Machino named to Forbes 30 Under 30 Asia list. KUALA LUMPUR, June 21 &mdash; Two entrepreneurial sisters have done Malaysia proud by being inducted into the prestigiou...",https://www.malaymail.com/news/malaysia/2026/06/21/malaysian-sisters-behind-handcrafted-footwear-brand-machino-named-to-forbes-30-under-30-asia-list/224603,positive,2026-06-21 04:05:20+00:00,0,0,0,0,0.9685455918312071,0,0.0,positive,0.8951519727706909,english,Mixed/Urban,happy,0.027760129421949387,0.0581699013710022,0.35970139503479004,0.02400188148021698,0.10983819514513016,0.07391901314258575
news,post,a189f9e6e1c0007c,"Pakatan to unveil Johor state poll candidates in Bukit Gambir tomorrow, says Anwar. JOHOR BAHRU, June 21 &mdash; Pakatan Harapan (PH) chairman Datuk Seri Anwar Ibrahim will attend the announcement ceremon...",https://www.malaymail.com/news/malaysia/2026/06/21/pakatan-to-unveil-johor-state-poll-candidates-in-bukit-gambir-tomorrow-says-anwar/224601,neutral,2026-06-21 03:46:46+00:00,0,0,0,0,0.5,0,0.0,neutral,0.9478329420089722,english,Mixed/Urban,no_clear_emotion,0.038117870688438416,0.031538382172584534,0.15692739188671112,0.018448183313012123,0.10031566768884659,0.030874960124492645
news,post,13bf3ef683b482b5,"Bersama to announce Johor candidates Friday as applications pour in for two state polls, says Rafizi. KOTA BHARU, June 21 &mdash; Parti Bersama Malaysia (Bersama) will announce its line-up of candidates for the Johor state...",https://www.malaymail.com/news/malaysia/2026/06/21/bersama-to-announce-johor-candidates-friday-as-applications-pour-in-for-two-state-polls-says-rafizi/224591,neutral,2026-06-21 02:30:52+00:00,0,0,0,0,0.5,0,0.0,neutral,0.9467461109161377,english,Mixed/Urban,no_clear_emotion,0.027947179973125458,0.030264243483543396,0.1441608965396881,0.018657485023140907,0.1591910868883133,0.03454343229532242
news,post,a095616775309b07,"Pekan crash driver has six traffic summonses, including two for double‑line overtaking, say police. KUANTAN, June 21 &mdash; The driver of a pick-up truck involved in yesterday&rsquo;s fatal three-vehicle crash near Peka...",https://www.malaymail.com/news/malaysia/2026/06/21/pekan-crash-driver-has-six-traffic-summonses-including-two-for-doubleline-overtaking-say-police/224589,negative,2026-06-21 02:22:28+00:00,0,0,0,0,0.14833125472068787,0,0.0,negative,0.5055624842643738,english,Mixed/Urban,anger,0.39375486969947815,0.09648218005895615,0.10543835163116455,0.20280219614505768,0.03613387048244476,0.03322189301252365
news,post,ae0e877435ec0d9d,"Police probe case of two teenage cousins missing after first solo outing to Kota Bharu. KOTA BHARU, June 21 &mdash; Two teenage cousins, aged 15 and 16, have been missing for three days after going on their f...",https://www.malaymail.com/news/malaysia/2026/06/21/police-probe-case-of-two-teenage-cousins-missing-after-first-solo-outing-to-kota-bharu/224587,neutral,2026-06-21 02:01:23+00:00,0,0,0,0,0.5,0,0.0,neutral,0.718538761138916,english,Mixed/Urban,sadness,0.1469477266073227,0.0928918644785881,0.012731756083667278,0.6904245018959045,0.01706189475953579,0.02283879742026329
news,post,5f4b63f4077f9305,"Dzulkefly: 402 vape cases involving synthetic drugs give strong basis for national vape ban. KUALA LUMPUR, June 21 &mdash; Data on vape seizures by the Royal Malaysia Police (PDRM) up to April this year recorded 4...",https://www.malaymail.com/news/malaysia/2026/06/21/dzulkefly-402-vape-cases-involving-synthetic-drugs-give-strong-basis-for-national-vape-ban/224584,neutral,2026-06-21 01:32:05+00:00,0,0,0,0,0.5,0,0.0,neutral,0.5191822052001953,english,Mixed/Urban,no_clear_emotion,0.03888212889432907,0.037394534796476364,0.18436458706855774,0.022500602528452873,0.12621819972991943,0.056918915361166
news,post,bec21677ebd6dd6b,"Dzulkefly: MOH fast‑tracking study on e‑MC system to curb medical certificate forgery and identity theft. KUALA LUMPUR, June 21 &mdash; The Ministry of Health (MOH) is studying the implementation of a digital medical certifica...",https://www.malaymail.com/news/malaysia/2026/06/21/dzulkefly-moh-fasttracking-study-on-emc-system-to-curb-medical-certificate-forgery-and-identity-theft/224580,neutral,2026-06-21 01:22:29+00:00,0,0,0,0,0.5,0,0.0,neutral,0.9125866889953613,english,Mixed/Urban,no_clear_emotion,0.12077098339796066,0.09033237397670746,0.24832284450531006,0.039253056049346924,0.09479416161775589,0.04372374713420868
news,post,60183d5f7160dfce,"Anwar urges Malaysians to ‘work together as one strong force’ to drive unity and reject divisive racial narratives. SEREMBAN, June 21 &mdash; Datuk Seri Anwar Ibrahim has called on Malaysians of all races to uphold the spirit of unity a...",https://www.malaymail.com/news/malaysia/2026/06/21/anwar-urges-malaysians-to-work-together-as-one-strong-force-to-drive-unity-and-reject-divisive-racial-narratives/224577,neutral,2026-06-21 01:14:09+00:00,0,0,0,0,0.5,0,0.0,neutral,0.8018813729286194,english,Mixed/Urban,love,0.16574259102344513,0.0331713892519474,0.1813541054725647,0.06764809787273407,0.429052472114563,0.020003657788038254
news,post,50dc520f67dab6de,"Tremors possible as weak 3.3‑magnitude quake hits off Batu Pahat, says MetMalaysia. KUALA LUMPUR, June 21 &mdash; A weak earthquake struck the waters off Batu Pahat, Johor early this morning, according to...",https://www.malaymail.com/news/malaysia/2026/06/21/tremors-possible-as-weak-33magnitude-quake-hits-off-batu-pahat-says-metmalaysia/224575,neutral,2026-06-21 00:57:07+00:00,0,0,0,0,0.5,0,0.0,neutral,0.7163903117179871,english,Mixed/Urban,fear,0.21775472164154053,0.43406814336776733,0.04729261249303818,0.21001890301704407,0.02384272962808609,0.02561452053487301
news,post,f7dc3b157a5f9c13,"Police detain woman who allegedly staged own kidnapping for RM18,000 ransom in Johor Bahru. KUALA LUMPUR, June 21 &mdash; Police have detained a woman believed to have staged her own kidnapping in an attempt to o...",https://www.malaymail.com/news/malaysia/2026/06/21/police-detain-woman-who-allegedly-staged-own-kidnapping-for-rm18000-ransom-in-johor-bahru/224571,negative,2026-06-21 00:48:57+00:00,0,0,0,0,0.12210581302642823,0,0.0,negative,0.5929806232452393,english,Mixed/Urban,no_clear_emotion,0.22384265065193176,0.04451252520084381,0.1239309161901474,0.04231253266334534,0.06973054260015488,0.04378073289990425
news,post,be0bcac2c0f37427,"Malaysia and Thailand in talks to resolve shrimp import suspension, says Mat Sabu. KLANG, June 20 &mdash; Malaysia and Thailand are holding intensive discussions over the temporary suspension of shrimp i...",https://www.malaymail.com/news/malaysia/2026/06/20/malaysia-and-thailand-in-talks-to-resolve-shrimp-import-suspension-says-mat-sabu/224568,neutral,2026-06-20 12:10:01+00:00,0,0,0,0,0.5,0,0.0,neutral,0.9500961303710938,english,Mixed/Urban,happy,0.09217850118875504,0.08598939329385757,0.32857319712638855,0.040331192314624786,0.11789430677890778,0.044036366045475006
news,post,ed98d07548f42af8,"Anwar: Malaysia entering new high-tech economic phase, but development must benefit all. KUALA LUMPUR, June 20 &mdash; Malaysia is entering a new phase of economy based on high technology, semiconductors, inno...",https://www.malaymail.com/news/malaysia/2026/06/20/anwar-malaysia-entering-new-high-tech-economic-phase-but-development-must-benefit-all/224564,positive,2026-06-20 11:33:04+00:00,0,0,0,0,0.8551613748073578,0,0.0,positive,0.5172045826911926,english,Mixed/Urban,happy,0.04361877962946892,0.05972116440534592,0.6293879151344299,0.021559035405516624,0.10410268604755402,0.031748753041028976
news,post,d553ca5d5f552f75,"Former Federal Court judge Nallini says judicial experience will help safeguard Media Council’s independence. KUALA LUMPUR, June 20 &mdash; Newly appointed Malaysian Media Council chairman Tan Sri Nallini Pathmanathan said her dec...",https://www.malaymail.com/news/malaysia/2026/06/20/former-federal-court-judge-nallini-says-judicial-experience-will-help-safeguard-media-councils-independence/224562,negative,2026-06-20 11:29:53+00:00,0,0,0,0,0.14593713283538817,0,0.0,negative,0.513542890548706,multilingual,Unknown,happy,0.04110386595129967,0.05501912906765938,0.4683026969432831,0.02622944675385952,0.14958246052265167,0.058767158538103104
news,post,814b73e20a58da67,"MOH says advanced specialist training selection is transparent, merit-based. PUTRAJAYA, June 20 &mdash; The Health Ministry (MOH) stressed today that the selection process for its Advanced Speciali...",https://www.malaymail.com/news/malaysia/2026/06/20/moh-says-advanced-specialist-training-selection-is-transparent-merit-based/224558,neutral,2026-06-20 10:35:32+00:00,0,0,0,0,0.5,0,0.0,neutral,0.6504703760147095,english,Mixed/Urban,no_clear_emotion,0.049336254596710205,0.06073688343167305,0.3097881078720093,0.02873668633401394,0.14899292588233948,0.048532046377658844
news,post,173228e1c11c10b9,"Dewan Rakyat Speaker confirms receiving letter on Hamzah Zainudin as Opposition Leader. KUALA LUMPUR, June 20 &mdash; Dewan Rakyat Speaker Tan Sri Johari Abdul has reportedly confirmed receiving a notificatio...",https://www.malaymail.com/news/malaysia/2026/06/20/dewan-rakyat-speaker-confirms-receiving-letter-on-hamzah-zainudin-as-opposition-leader/224557,neutral,2026-06-20 10:14:54+00:00,0,0,0,0,0.5,0,0.0,neutral,0.9383810758590698,english,Mixed/Urban,happy,0.027430599555373192,0.07202461361885071,0.5496200919151306,0.014791258610785007,0.06914715468883514,0.0655154138803482
news,post,71b93dcb3140942c,"Jasin MP Zulkifli Ismail hurt in AMJ highway collision. KUALA LUMPUR, June 20 &mdash; Jasin MP Zulkifli Ismail was injured in a road accident along the Alor Gajah-Melaka Tengah...",https://www.malaymail.com/news/malaysia/2026/06/20/jasin-mp-zulkifli-ismail-hurt-in-amj-highway-collision/224556,negative,2026-06-20 09:27:33+00:00,0,0,0,0,0.11403175592422485,0,0.0,negative,0.6198941469192505,english,Mixed/Urban,sadness,0.23306362330913544,0.059016723185777664,0.01988840475678444,0.6117442846298218,0.02806263230741024,0.018290117383003235
news,post,d6ae4c13d1bfaf81,"Anwar to present HAWANA prizes, special awards to journalists at PICCA Convention Centre. BUTTERWORTH, June 20 &mdash; Prime Minister Datuk Seri Anwar Ibrahim has arrived at the PICCA Convention Centre @ Butter...",https://www.malaymail.com/news/malaysia/2026/06/20/anwar-to-present-hawana-prizes-special-awards-to-journalists-at-picca-convention-centre/224543,neutral,2026-06-20 07:57:58+00:00,0,0,0,0,0.5,0,0.0,neutral,0.8336634635925293,english,Mixed/Urban,no_clear_emotion,0.028028560802340508,0.03948581963777542,0.22047005593776703,0.024379363283514977,0.10593211650848389,0.05771768465638161
news,post,fc9c91ca5a56bf4d,"Wet and wild afternoon as heavy rain and lightning forecast for most parts of Malaysia. KUALA LUMPUR, June 20 &mdash; The Malaysian Meteorological Department (MetMalaysia) has issued an urgent thunderstorm wa...",https://www.malaymail.com/news/malaysia/2026/06/20/wet-and-wild-afternoon-as-heavy-rain-and-lightning-forecast-for-most-parts-of-malaysia/224538,neutral,2026-06-20 07:35:01+00:00,0,0,0,0,0.5,0,0.0,neutral,0.6832324266433716,english,Mixed/Urban,happy,0.10284285247325897,0.11242622882127762,0.40934228897094727,0.03208683431148529,0.10658784955739975,0.034638434648513794
news,post,03f9742507d178be,"Muda’s Amira Aisya won’t defend Puteri Wangsa for Johor election, aide named as replacement. JOHOR BAHRU, June 20 &mdash; Muda President Amira Aisya Abd Aziz will not defend her Puteri Wangsa state seat in the Joh...",https://www.malaymail.com/news/malaysia/2026/06/20/mudas-amira-aisya-wont-defend-puteri-wangsa-for-johor-election-aide-named-as-replacement/224537,neutral,2026-06-20 07:12:51+00:00,0,0,0,0,0.5,0,0.0,neutral,0.6359309554100037,english,Mixed/Urban,anger,0.42216211557388306,0.18358787894248962,0.09908881783485413,0.036673638969659805,0.1000535860657692,0.021505825221538544
news,post,ed1fe4f301518dda,"US, China, or India? Anwar explains why Malaysia doesn’t have to choose. SEBERANG PERAI, June 20 &mdash; Prime Minister Datuk Seri Anwar Ibrahim said today that Malaysia&rsquo;s policy of engag...",https://www.malaymail.com/news/malaysia/2026/06/20/us-china-or-india-anwar-explains-why-malaysia-doesnt-have-to-choose/224522,neutral,2026-06-20 05:08:17+00:00,0,0,0,0,0.5,0,0.0,neutral,0.8856202960014343,english,Mixed/Urban,love,0.06281441450119019,0.08795830607414246,0.07761844247579575,0.1283574104309082,0.331409215927124,0.07920432090759277
news,post,c1d68a9b6d4c1a79,"Ops Tiris: Man detained, 1,205 litres of petrol seized in Semporna. SEMPORNA, June 20 &mdash; The General Operations Force (GOF) Battalion 22 Kunak detained an undocumented man and seized...",https://www.malaymail.com/news/malaysia/2026/06/20/ops-tiris-man-detained-1205-litres-of-petrol-seized-in-semporna/224519,negative,2026-06-20 05:01:41+00:00,0,0,0,0,0.12283169031143187,0,0.0,negative,0.590561032295227,english,Mixed/Urban,anger,0.479184627532959,0.07500472664833069,0.08274447172880173,0.1085793599486351,0.04797592759132385,0.03255375474691391
news,post,0c9c21fe33627a4f,"Anwar lauds US-Iran de-escalation, warns geopolitical turmoil hits the poor hardest. SEBERANG PERAI, June 20 &mdash; Prime Minister Datuk Seri Anwar Ibrahim has hailed the reported de-escalation of tension...",https://www.malaymail.com/news/malaysia/2026/06/20/anwar-lauds-us-iran-de-escalation-warns-geopolitical-turmoil-hits-the-poor-hardest/224515,neutral,2026-06-20 04:41:47+00:00,0,0,0,0,0.5,0,0.0,neutral,0.8260490298271179,english,Mixed/Urban,sadness,0.1593848317861557,0.04112931713461876,0.07534641772508621,0.29037749767303467,0.27157917618751526,0.024760600179433823
news,post,47c4cb1dabb9ef4c,"Neutrality pays: Anwar links landmark Turkmenistan gas deal to Malaysia’s balanced foreign policy. SEBERANG PERAI, June 20 &mdash; Malaysia has secured a foothold in one of the world&rsquo;s largest gas fields, with Tur...",https://www.malaymail.com/news/malaysia/2026/06/20/neutrality-pays-anwar-links-landmark-turkmenistan-gas-deal-to-malaysias-balanced-foreign-policy/224514,neutral,2026-06-20 04:32:57+00:00,0,0,0,0,0.5,0,0.0,neutral,0.631597638130188,english,Mixed/Urban,happy,0.0569785013794899,0.058598533272743225,0.5959321856498718,0.022342268377542496,0.12965179979801178,0.025093771517276764
news,post,7c8a4f870fdf933b,"Sabah trade enforcers investigate ‘fish in squid’ claim at KK market. KOTA KINABALU, June 20 &mdash; The Domestic Trade and Cost of Living Ministry (KPDN) Sabah acted swiftly and proactively...",https://www.malaymail.com/news/malaysia/2026/06/20/sabah-trade-enforcers-investigate-fish-in-squid-claim-at-kk-market/224513,neutral,2026-06-20 04:27:55+00:00,0,0,0,0,0.5,0,0.0,neutral,0.9073243141174316,english,Mixed/Urban,no_clear_emotion,0.10911577194929123,0.04242558404803276,0.1531461477279663,0.03815557062625885,0.2039644718170166,0.04005842283368111
news,post,f7054fe5eb92a769,"Why diesel? Anthony Loke defends Shuttle Selatan choice to avoid years of waiting. KUALA LUMPUR, June 20 &mdash; The decision to deploy diesel trains for the KTM Shuttle Selatan service was a pragmatic m...",https://www.malaymail.com/news/malaysia/2026/06/20/why-diesel-anthony-loke-defends-shuttle-selatan-choice-to-avoid-years-of-waiting/224511,neutral,2026-06-20 04:23:13+00:00,0,0,0,0,0.5,0,0.0,neutral,0.8606570363044739,english,Mixed/Urban,love,0.02702241949737072,0.013196135871112347,0.11171592772006989,0.013673616573214531,0.6254927515983582,0.0321645513176918
news,post,09d82bbb79d623d2,"Horseshoe crabs’ survival triumph: Landings of ancient species in Malaysia increase by 14.44pc this year. PUTRAJAYA, June 20 &mdash; Malaysia recorded a 14.44 per cent increase in horseshoe crab landings over a three-year peri...",https://www.malaymail.com/news/malaysia/2026/06/20/horseshoe-crabs-survival-triumph-landings-of-ancient-species-in-malaysia-increase-by-1444pc-this-year/224510,positive,2026-06-20 04:22:59+00:00,0,0,0,0,0.938345456123352,0,0.0,positive,0.7944848537445068,english,Mixed/Urban,happy,0.03796064481139183,0.036224495619535446,0.4109317660331726,0.025334058329463005,0.19088727235794067,0.05148056522011757
news,post,8fc78c90ebc03b21,"Selgate: How Selangor is using private hospitals to cut public healthcare waiting times. SHAH ALAM, June 20 &mdash; The Selangor state government continues to expand access to affordable healthcare through its...",https://www.malaymail.com/news/malaysia/2026/06/20/selgate-how-selangor-is-using-private-hospitals-to-cut-public-healthcare-waiting-times/224509,neutral,2026-06-20 03:37:37+00:00,0,0,0,0,0.5,0,0.0,neutral,0.859422504901886,english,Mixed/Urban,happy,0.05622447282075882,0.06795331835746765,0.5125390887260437,0.025591900572180748,0.2500302493572235,0.026278706267476082
news,post,fd9f25372d0e8730,"No deaths reported in Bercham storm that ripped up 248 homes, say Ipoh police. IPOH, June 20 &mdash; A storm accompanied by heavy rain tore that through several residential areas in Bercham yesterday...",https://www.malaymail.com/news/malaysia/2026/06/20/no-deaths-reported-in-bercham-storm-that-ripped-up-248-homes-say-ipoh-police/224504,neutral,2026-06-20 02:40:10+00:00,0,0,0,0,0.5,0,0.0,neutral,0.7644810676574707,english,Mixed/Urban,anger,0.5240644812583923,0.05087541788816452,0.11351443082094193,0.030061468482017517,0.05458337068557739,0.017905740067362785
news,post,df6f371d270c1c1c,"Wet and windy: Heavy rain alert out Johor, Sarawak and Labuan. KUALA LUMPUR, June 20 &mdash; The Malaysian Meteorological Department (MetMalaysia) has triggered a thunderstorm alert f...",https://www.malaymail.com/news/malaysia/2026/06/20/wet-and-windy-heavy-rain-alert-out-johor-sarawak-and-labuan/224500,neutral,2026-06-20 02:15:12+00:00,0,0,0,0,0.5,0,0.0,neutral,0.6224967241287231,english,Mixed/Urban,no_clear_emotion,0.07754307985305786,0.02313815988600254,0.11982328444719315,0.025023339316248894,0.12249225378036499,0.02459430880844593
news,post,b56a47c41b3e84b8,"Luyang rep: Sabah’s reliance on Danish and Norwegian pork imports not sustainable. KOTA KINABALU, June 20 &mdash; Sabah should treat pork imports as a temporary measure and urgently strengthen local pig...",https://www.malaymail.com/news/malaysia/2026/06/20/luyang-rep-sabahs-reliance-on-danish-and-norwegian-pork-imports-not-sustainable/224497,negative,2026-06-20 01:55:33+00:00,0,0,0,0,0.10849133133888245,0,0.0,negative,0.6383622288703918,english,Mixed/Urban,fear,0.18751917779445648,0.3809807300567627,0.2361948937177658,0.07888198643922806,0.07527115195989609,0.016986390575766563
news,post,6a43e40f89adfcfb,"Doctor, two-year-old daughter among three killed in Pekan crash triggered by puddle. KUANTAN, June 20 &mdash; Three people, including a doctor, were killed while six others sustained injuries in a three-ve...",https://www.malaymail.com/news/malaysia/2026/06/20/doctor-two-year-old-daughter-among-three-killed-in-pekan-crash-triggered-by-puddle/224494,negative,2026-06-20 01:50:08+00:00,0,0,0,0,0.05252945423126221,0,0.0,negative,0.824901819229126,english,Mixed/Urban,anger,0.5287204384803772,0.0857127383351326,0.05413881316781044,0.21357852220535278,0.029510045424103737,0.028125207871198654
news,post,fc3c9a4b3469a5bb,"Johor Pakatan responds to Onn Hafiz: Focus is on economy, not menteri besar post. JOHOR BAHRU, June 20 &mdash; Pakatan Harapan (PH) has pledged to fully uphold the Johor State Constitution 1895 and the...",https://www.malaymail.com/news/malaysia/2026/06/20/johor-pakatan-responds-to-onn-hafiz-focus-is-on-economy-not-menteri-besar-post/224491,neutral,2026-06-20 01:39:31+00:00,0,0,0,0,0.5,0,0.0,neutral,0.8888309001922607,english,Mixed/Urban,anger,0.4426316022872925,0.06555715203285217,0.18522314727306366,0.018856719136238098,0.08587043732404709,0.03034193068742752
news,post,58768da430f457f5,"Over 1,000 media practitioners gather at PICCA Arena Butterworth for HAWANA 2026 finale. BUTTERWORTH, June 20 &mdash; The National Journalists&rsquo; Day (HAWANA) 2026 grand finale will be celebrated at the PI...",https://www.malaymail.com/news/malaysia/2026/06/20/over-1000-media-practitioners-gather-at-picca-arena-butterworth-for-hawana-2026-finale/224487,neutral,2026-06-20 01:25:36+00:00,0,0,0,0,0.5,0,0.0,neutral,0.5773988962173462,english,Mixed/Urban,love,0.038105517625808716,0.06289007514715195,0.3331390917301178,0.033101074397563934,0.3682131767272949,0.05522705987095833
news,post,00f2a669907aa66e,"Minister Fadhlina calls for sensitivity and respect in case of Seremban student death. SEREMBAN, June 20 &mdash; Education Minister Fadhlina Sidek has urged the public to give space and respect the sensitivi...",https://www.malaymail.com/news/malaysia/2026/06/20/minister-fadhlina-calls-for-sensitivity-and-respect-in-case-of-seremban-student-death/224485,neutral,2026-06-20 01:19:09+00:00,0,0,0,0,0.5,0,0.0,neutral,0.9043536186218262,english,Mixed/Urban,love,0.12541116774082184,0.030903929844498634,0.061491407454013824,0.057115670293569565,0.6519448161125183,0.01738770678639412
news,post,13bcb3d07846bb33,"Two men arrested over snatch theft case in Kuching. KUCHING (June 21): Police have arrested two local men, aged 24 and 27, in connection with a snatch theft incident in front of a shop at Taman BDC Stampin, Jalan Stutong here recently. Kuching police chief Alexson Naga Chabu confirmed that a report was received on June 11 at about 9.44am. &#8220;Both suspects were arrested [...]
The post Two men arrested over snatch theft case in Kuching appeared first on Borneo Post Online.",https://www.theborneopost.com/2026/06/21/two-men-arrested-over-snatch-theft-case-in-kuching/,neutral,2026-06-21 04:44:43+00:00,0,0,0,0,0.5,0,0.0,neutral,0.7585920691490173,english,Mixed/Urban,no_clear_emotion,0.2579587399959564,0.05590472370386124,0.10030631721019745,0.03229043260216713,0.05229061096906662,0.04248443618416786
news,post,e3d366ecc2fd2505,"Mayor: Public urged to report murky water supply issues to Sarawak Water directly. KUCHING (June 21): Members of the public are urged to lodge formal complaints with Sarawak Water Sdn Bhd whenever they encounter water supply issues such as murky water. Kuching South mayor Datuk Wee Hong Seng said lodging complaints through the proper channels would help ensure the relevant authorities take immediate action to resolve the problems. [...]
The post Mayor: Public urged to report murky water supply issues to Sarawak Water directly appeared first on Borneo Post Online.",https://www.theborneopost.com/2026/06/21/mayor-public-urged-to-report-murky-water-supply-issues-to-sarawak-water-directly/,neutral,2026-06-21 03:13:16+00:00,0,0,0,0,0.5,0,0.0,neutral,0.9025446176528931,english,Mixed/Urban,anger,0.3882724344730377,0.03696177899837494,0.08279792219400406,0.026210913434624672,0.30776047706604004,0.019274776801466942
news,post,d8a266903a27e263,"WAK x Miri continues to grow through youth and community support. MIRI (June 21): The third edition of WAK x Miri has grown remarkably since its inception, thanks to the support of the local government, private sector and enthusiastic local communities, particularly young people, said Sarawak Minister of Tourism, Creative Industry and Performing Arts (MTCP) Dato Sri Abdul Karim Rahman Hamzah. Speaking at the launch of [...]
The post WAK x Miri continues to grow through youth and community support appeared first on Borneo Post Online.",https://www.theborneopost.com/2026/06/21/wak-x-miri-continues-to-grow-through-youth-and-community-support/,positive,2026-06-21 03:00:33+00:00,0,0,0,0,0.9607982993125914,0,0.0,positive,0.8693276643753052,english,Mixed/Urban,happy,0.04618334397673607,0.04974013566970825,0.4667021930217743,0.022854061797261238,0.26965299248695374,0.03150053694844246
news,post,5d0780e3749c4731,"Diabetes among biggest public health challenges in Malaysia, says Sarawak Health director. KUCHING (June 21): Non-communicable diseases (NCDs), particularly diabetes, continue to pose major public health challenges in Malaysia. Sarawak State Health Department director Dr Veronica Lugah said data collected nationwide showed a significant number of Malaysians are affected by NCDs. &#8220;At the national level, data collected across Malaysia shows that many Malaysians are affected by NCDs. [...]
The post Diabetes among biggest public health challenges in Malaysia, says Sarawak Health director appeared first on Borneo Post Online.",https://www.theborneopost.com/2026/06/21/diabetes-among-biggest-public-health-challenges-in-malaysia-says-sarawak-health-director/,negative,2026-06-21 02:21:26+00:00,0,0,0,0,0.1479932963848114,0,0.0,negative,0.5066890120506287,english,Mixed/Urban,anger,0.2982291877269745,0.05649843439459801,0.07288185507059097,0.1088285744190216,0.14016927778720856,0.038602523505687714
news,post,335ff7fa59e70cb6,"Sarawak records new rabies case after three weeks without infections. KUCHING (June 21): Sarawak recorded a new rabies case between June 15 and 19 after going three weeks without any reported infections, said Kuching South mayor Datuk Wee Hong Seng. He said the positive case was detected from 25 samples collected during the period. &#8220;One of the 25 samples tested positive for rabies. The case [...]
The post Sarawak records new rabies case after three weeks without infections appeared first on Borneo Post Online.",https://www.theborneopost.com/2026/06/21/sarawak-records-new-rabies-case-after-three-weeks-without-infections/,neutral,2026-06-21 02:12:29+00:00,0,0,0,0,0.5,0,0.0,neutral,0.9282357096672058,english,Mixed/Urban,no_clear_emotion,0.021344248205423355,0.04135214164853096,0.24022915959358215,0.015143083408474922,0.06331165134906769,0.07808474451303482
news,post,4658a07c9f9c2d79,"Breakfast with Johnny: Tanjong Batu rep engages with constituents on issues, concerns. BINTULU (June 21): Tanjong Batu assemblyman Johnny Pang continued his community outreach efforts through the fifth series of his &#8216;Breakfast with Johnny&#8217; programme at a popular coffee shop here yesterday. He said the initiative provides him with the opportunity to engage with local residents and better understand issues affecting communities, particularly those living in residential [...]
The post Breakfast with Johnny: Tanjong Batu rep engages with constituents on issues, concerns appeared first on Borneo Post Online.",https://www.theborneopost.com/2026/06/21/breakfast-with-johnny-tanjong-batu-rep-engages-with-constituents-on-issues-concerns/,neutral,2026-06-21 00:02:47+00:00,0,0,0,0,0.5,0,0.0,neutral,0.7047824859619141,english,Mixed/Urban,happy,0.03687676787376404,0.028963813558220863,0.3847121596336365,0.02476227656006813,0.37269875407218933,0.028567345812916756
news,post,3caa44b2fc6c80f2,"Likas rep backs Anti-Bullying Act, shared parental responsibility. KOTA KINABALU (June 21): Likas assemblyman Tham Yun Fook has welcomed the Anti-Bullying Act 2026, describing it as a timely and necessary step to address the growing problem of bullying in the country. He said the Act&#8217;s provision on shared responsibility involving parents and families for bullying offences committed by their children would strengthen efforts [...]
The post Likas rep backs Anti-Bullying Act, shared parental responsibility appeared first on Borneo Post Online.",https://www.theborneopost.com/2026/06/21/likas-rep-backs-anti-bullying-act-shared-parental-responsibility/,neutral,2026-06-21 00:01:37+00:00,0,0,0,0,0.5,0,0.0,neutral,0.6784727573394775,english,Mixed/Urban,love,0.06287170201539993,0.02270250767469406,0.3257130980491638,0.021714527159929276,0.4710542857646942,0.017782064154744148
news,post,70a2abba037b278f,"Bingkor rural infrastructure projects show steady progress, says development officer. KENINGAU (June 21): Rural infrastructure development in the Bingkor constituency continues to show steady progress, with several assemblyman-funded projects either completed or underway for the benefit of local communities. To ensure effective implementation, Apin-Apin Mukim Development Officer Henly Bianus conducted a site monitoring visit to several project locations on Thursday. The visit began at Kampung [...]
The post Bingkor rural infrastructure projects show steady progress, says development officer appeared first on Borneo Post Online.",https://www.theborneopost.com/2026/06/21/bingkor-rural-infrastructure-projects-show-steady-progress-says-development-officer/,positive,2026-06-21 00:00:50+00:00,0,0,0,0,0.8922753512859344,0,0.0,positive,0.6409178376197815,english,Mixed/Urban,happy,0.032233092933893204,0.06274992227554321,0.7481083869934082,0.014274555258452892,0.0616786926984787,0.02221827767789364
news,post,e003ae038c16d615,"Soon Koh pledges continued development push for Bawang Assan if nominated by GPS for state election. SIBU (June 21): Bawang Assan assemblyman Dato Sri Wong Soon Koh has pledged to continue pushing for development in the constituency if he is given the mandate by Gabungan Parti Sarawak (GPS) to defend the seat in the coming state election. He said Bawang Assan still has various development needs, including roads, drainage systems, water [...]
The post Soon Koh pledges continued development push for Bawang Assan if nominated by GPS for state election appeared first on Borneo Post Online.",https://www.theborneopost.com/2026/06/21/soon-koh-pledges-continued-development-push-for-bawang-assan-if-nominated-by-gps-for-state-election/,neutral,2026-06-21 00:00:45+00:00,0,0,0,0,0.5,0,0.0,neutral,0.6844117045402527,english,Mixed/Urban,love,0.0390404649078846,0.05530596897006035,0.22986598312854767,0.023895980790257454,0.3769252300262451,0.035638242959976196
news,post,c54b9f9f90b8e0c7,"Anti-Bullying Act needs strong, transparent enforcement to work, says PGRS leader. KOTA KINABALU (June 21): The Anti-Bullying Act 2026, which came into force on June 16, marks a significant step in tackling rising bullying cases, but its success will depend on firm and transparent enforcement, said Parti Gagasan Rakyat Sabah (PGRS) Women&#8217;s Legal Bureau chief Erveana Ansari. She said the Act, together with the newly established [...]
The post Anti-Bullying Act needs strong, transparent enforcement to work, says PGRS leader appeared first on Borneo Post Online.",https://www.theborneopost.com/2026/06/21/anti-bullying-act-needs-strong-transparent-enforcement-to-work-says-pgrs-leader/,neutral,2026-06-20 23:01:44+00:00,0,0,0,0,0.5,0,0.0,neutral,0.7650155425071716,english,Mixed/Urban,happy,0.06669704616069794,0.05156131088733673,0.5387368202209473,0.023541582748293877,0.1728948950767517,0.02651510015130043
news,post,0aa4817fd36d3b11,"Creators, vendors gather for Sabah National Tabletop Con 2.0. KOTA KINABALU (June 21): The Sabah National Tabletop Con 2.0 opened at the Sabah Art Gallery on Saturday, doubling in size from its inaugural edition and drawing regional participation from across Southeast Asia. The two-day event features 20 tabletop creators and vendors from Malaysia, Singapore and Brunei, positioning Sabah as an emerging hub for the [...]
The post Creators, vendors gather for Sabah National Tabletop Con 2.0 appeared first on Borneo Post Online.",https://www.theborneopost.com/2026/06/21/creators-vendors-gather-for-sabah-national-tabletop-con-2-0/,neutral,2026-06-20 23:00:24+00:00,0,0,0,0,0.5,0,0.0,neutral,0.6342422962188721,english,Mixed/Urban,no_clear_emotion,0.03460483253002167,0.05124422907829285,0.32121121883392334,0.02975521795451641,0.1281840056180954,0.06777728348970413
news,post,c613f1b6eb6588c4,"Dr Annuar connects with Nangka residents through Gawai visits. SIBU (June 21): Sarawak Deputy Minister for Education, Innovation and Talent Development Datuk Dr Annuar Rapaee used the Gawai Dayak festive season to strengthen grassroots engagement with rural communities in the Nangka constituency through his annual &#8220;Ngabang Gawai&#8221; programme. He visited four longhouses &#8212; Rumah Selia Anding, Rumah Augustine Lumbok, Rumah Stanly Amban and Rumah [...]
The post Dr Annuar connects with Nangka residents through Gawai visits appeared first on Borneo Post Online.",https://www.theborneopost.com/2026/06/21/dr-annuar-connects-with-nangka-residents-through-gawai-visits/,neutral,2026-06-20 23:00:09+00:00,0,0,0,0,0.5,0,0.0,neutral,0.7329729199409485,english,Mixed/Urban,happy,0.05449962615966797,0.03493102267384529,0.4036225974559784,0.028654884546995163,0.330173522233963,0.022356631234288216
news,post,a85f0ce79e2910bc,"When blessings spill over. SOME blessings do not arrive with fireworks. They sit quietly in an old coffee shop in Sibu, beside a glass of strong black coffee and bread waiting patiently on the table. I was home over the weekend for the 65th wedding anniversary of my cousin, Wong Chih Yong, and his wife Soon Kuan Koon. In [...]
The post When blessings spill over appeared first on Borneo Post Online.",https://www.theborneopost.com/2026/06/21/when-blessings-spill-over/,positive,2026-06-20 22:03:37+00:00,0,0,0,0,0.89405397772789,0,0.0,positive,0.6468465924263,english,Mixed/Urban,love,0.09214016795158386,0.26958736777305603,0.1272033005952835,0.1729826033115387,0.28082719445228577,0.029865117743611336
news,post,0b9dc280f7ed3b20,"Preserving history as a reservoir of cultural knowledge. THE recent call by Deputy Minister of Tourism, Creative Industry and Performing Arts Datuk Sebastian Ting to preserve, document and promote stories linked to Miri&#8217;s World War for tourism push, deserves full support from all quarters. We need to preserve this part of our history as a reservoir of cultural knowledge &#8211; tourists or no [...]
The post Preserving history as a reservoir of cultural knowledge appeared first on Borneo Post Online.",https://www.theborneopost.com/2026/06/21/preserving-history-as-a-reservoir-of-cultural-knowledge/,positive,2026-06-20 22:01:44+00:00,0,0,0,0,0.8775410294532775,0,0.0,positive,0.5918034315109253,english,Mixed/Urban,love,0.06646257638931274,0.054634783416986465,0.271644651889801,0.03680352121591568,0.29414939880371094,0.039310723543167114
news,post,fa0b99df9b5608ae,"From Sarawak rainforests to the Sahara. SEVEN Iban adventurers from Sarawak swapped tropical rainforests for the sands of the Sahara, only to find themselves caught in heavy snowfall in Morocco. The group, led by globe-trotting Iban couple Mark and Maureen Chella, embarked on a trip across Morocco expecting endless dunes, camel rides and scorching desert heat. Others in the team were [...]
The post From Sarawak rainforests to the Sahara appeared first on Borneo Post Online.",https://www.theborneopost.com/2026/06/21/from-sarawak-rainforests-to-the-sahara/,neutral,2026-06-20 22:01:37+00:00,0,0,0,0,0.5,0,0.0,neutral,0.8595895171165466,english,Mixed/Urban,anger,0.6031305193901062,0.06079750880599022,0.10055206716060638,0.03943909704685211,0.06305044144392014,0.014068486168980598
news,post,eb4f3cda89fb04d4,"China’s aerospace-grade super fiber goes industrial. BEIJING (June 21): A new generation of high-performance carbon fiber, often dubbed &#8220;black gold&#8221;, has officially transitioned from laboratory research to large-scale production in China, marking a significant breakthrough in the country&#8217;s advanced materials sector. The domestically developed T1000-grade 12K small-tow carbon fiber is now being produced at scale by Sinopec Shanghai Petrochemical, a milestone [...]
The post China&#8217;s aerospace-grade super fiber goes industrial appeared first on Borneo Post Online.",https://www.theborneopost.com/2026/06/21/chinas-aerospace-grade-super-fiber-goes-industrial/,positive,2026-06-20 22:01:36+00:00,0,0,0,0,0.9026756346225738,0,0.0,positive,0.6755854487419128,english,Mixed/Urban,happy,0.028012949973344803,0.05145028978586197,0.6114426255226135,0.02217850834131241,0.11707378923892975,0.042944084852933884
news,post,b64a7af2573ab439,"The strategic runway: Why premium travel is an investment in human capital. ON the surface, the business travel environment is a paradox. Organisations strive to impose stringent financial control mechanisms, carefully accounting for every expenditure. On the other hand, organisation leaders and key personnel are frequently spotted in spacious business-class seats, enjoying premium beverages and priority boarding. The obvious discrepancy makes the outside observer draw the conclusion [...]
The post The strategic runway: Why premium travel is an investment in human capital appeared first on Borneo Post Online.",https://www.theborneopost.com/2026/06/21/the-strategic-runway-why-premium-travel-is-an-investment-in-human-capital/,neutral,2026-06-20 22:01:27+00:00,0,0,0,0,0.5,0,0.0,neutral,0.7625157833099365,english,Mixed/Urban,happy,0.04171019420027733,0.07801440358161926,0.4261663854122162,0.023604074493050575,0.23591959476470947,0.05478757992386818
news,post,bce4f78b9a84c197,"Shepherded by grace: A Sabahan triptych. IN Sabah, the Catholic story is not only found in old mission records or solemn episcopal lists. It is found in chapels tucked beside kampung roads, in choirs rehearsing before feast days, in catechists patiently forming the young, in families making Sunday journeys, and in communities praying under a Borneo sky more familiar with rainclouds [...]
The post Shepherded by grace: A Sabahan triptych appeared first on Borneo Post Online.",https://www.theborneopost.com/2026/06/21/shepherded-by-grace-a-sabahan-triptych/,neutral,2026-06-20 22:00:52+00:00,0,0,0,0,0.5,0,0.0,neutral,0.8586037158966064,english,Mixed/Urban,love,0.04671507701277733,0.021766575053334236,0.14330938458442688,0.019870292395353317,0.5623713135719299,0.0201001837849617
news,post,e692bdae60bb8424,Amanah concedes Puteri Wangsa to PKR for Johor polls. State Amanah leader says matter settled after multiple rounds of negotiations.,https://www.malaysiakini.com/news/777818,neutral,2026-06-21 03:31:31+00:00,0,0,0,0,0.5,0,0.0,neutral,0.9279552698135376,english,Mixed/Urban,happy,0.04058253765106201,0.07127189636230469,0.7516689896583557,0.014126849360764027,0.053295426070690155,0.01858573779463768
news,post,8beddee84f7c7982,"SNAPSHOT | Rafizi's aide claims Bersama fundraiser torpedoed; minister cites 402 drug cases in vape ban push. What's going on in the news today, with updates at 11am, 2pm, and 6pm.",https://www.malaysiakini.com/news/777815,negative,2026-06-21 03:18:24+00:00,0,0,0,0,0.11322029829025268,0,0.0,negative,0.6225990056991577,english,Mixed/Urban,no_clear_emotion,0.025555331259965897,0.009295927360653877,0.03999366983771324,0.008250596933066845,0.04066930711269379,0.02044074982404709
news,post,8c07ad76fe41a56b,"Johor facing federal revenue drain, not leakages - regent. Tunku Ismail wants Putrajaya to return quarter of the revenue collected from Johor.",https://www.malaysiakini.com/news/777813,neutral,2026-06-21 02:19:10+00:00,0,0,0,0,0.5,0,0.0,neutral,0.8265069127082825,english,Mixed/Urban,love,0.0766291469335556,0.045366913080215454,0.2933792769908905,0.031561315059661865,0.30834388732910156,0.025638852268457413
news,post,8bafad9b6da99851,"Opposition's fractured front, landmark bills await as Dewan Rakyat opens Monday. With twin elections around the corner, expect 'fireworks' during debates.",https://www.malaysiakini.com/news/777809,neutral,2026-06-21 01:00:28+00:00,0,0,0,0,0.5,0,0.0,neutral,0.6126004457473755,english,Mixed/Urban,no_clear_emotion,0.12118292599916458,0.07052281498908997,0.16166390478610992,0.019649717956781387,0.04572088643908501,0.022396240383386612
news,post,609ad2337f7d0c8d,How Johor royals' influence may make naming MB candidate a bad idea for non-BN parties. History shows such a move may incur state palace's displeasure.,https://www.malaysiakini.com/news/777804,negative,2026-06-20 23:00:00+00:00,0,0,0,0,0.11549999713897705,0,0.0,negative,0.6150000095367432,english,Mixed/Urban,anger,0.4947727620601654,0.044931162148714066,0.07473697513341904,0.12952569127082825,0.193337544798851,0.012042895890772343
news,post,451dd7c4f949acbe,"SNAPSHOT | Beng Hock Association list demands for endorsement in Johor polls. KINI SNAPSHOT | What’s going on in the news today, with updates at 11am, 2pm, and 6pm.",https://www.malaysiakini.com/news/777798,neutral,2026-06-20 09:58:39+00:00,0,0,0,0,0.5,0,0.0,neutral,0.9498775601387024,english,Mixed/Urban,no_clear_emotion,0.043011780828237534,0.011943361721932888,0.04660838842391968,0.015412557870149612,0.2558043897151947,0.020953606814146042
news,post,1ff94bde5b0e5324,DOE rejects Lynas EIA for Gebeng plant expansion. Department doesn't mention reason for rejection.,https://www.malaysiakini.com/news/777793,negative,2026-06-20 07:33:14+00:00,0,0,0,0,0.11055321693420408,0,0.0,negative,0.6314892768859863,english,Mixed/Urban,sadness,0.03288082778453827,0.03908245265483856,0.014622120186686516,0.8235563039779663,0.03641461580991745,0.02408977784216404
news,post,2c4d7bb5c733b76b,Lebanon: Is US-Iran peace deal a 'victory' for Hezbollah?. Analysts question if advantage shifted to Iran-backed militia after fighting paused.,https://www.malaysiakini.com/news/777775,neutral,2026-06-20 02:30:00+00:00,0,0,0,0,0.5,0,0.0,neutral,0.881040632724762,english,Mixed/Urban,no_clear_emotion,0.07602888345718384,0.031434450298547745,0.16330258548259735,0.02501874789595604,0.26610392332077026,0.02222728729248047
news,post,84b4fcf6916b1e09,VIDEO | On the road in rising heat: The daily reality of Malaysia's delivery riders. Examining the hidden cost of delivery work as riders' health and safety are affected.,https://www.malaysiakini.com/news/777774,neutral,2026-06-20 01:40:13+00:00,0,0,0,0,0.5,0,0.0,neutral,0.5118935704231262,english,Mixed/Urban,anger,0.7045037746429443,0.059339337050914764,0.07708977907896042,0.043167322874069214,0.04133332893252373,0.015015801414847374
news,post,6e14d080e6ceba1b,No room for 'ketuanan': Saifuddin bets on principled unity to win non-Malay trust. INTERVIEW | 'It should be anchored to more than just mere political rhetoric.',https://www.malaysiakini.com/news/777766,neutral,2026-06-19 23:00:00+00:00,0,0,0,0,0.5,0,0.0,neutral,0.617184579372406,english,Mixed/Urban,love,0.11800049245357513,0.034839365631341934,0.13310901820659637,0.0330459363758564,0.4280889332294464,0.021484510973095894
news,post,d3a1799014ba2087,Iran announces new procedures for vessels seeking to transit Strait of Hormuz. Requests must be submitted to authority to receive prompt clearance.,https://www.malaysiakini.com/news/777762,neutral,2026-06-19 13:37:39+00:00,0,0,0,0,0.5,0,0.0,neutral,0.9342371821403503,english,Mixed/Urban,happy,0.10423573106527328,0.2246977537870407,0.4824471175670624,0.01612340845167637,0.0652933269739151,0.027134239673614502
news,post,5bcf8fb677506e7d,"SNAPSHOT | MOH close to resolving specialist doctor training issues; Ajinomoto shares trading to be halted. What's going on in the news today, with updates at 9am, 2pm, 6pm and 9pm.",https://www.malaysiakini.com/news/777761,neutral,2026-06-19 13:15:47+00:00,0,0,0,0,0.5,0,0.0,neutral,0.8609859943389893,english,Mixed/Urban,anger,0.6483521461486816,0.07921144366264343,0.06430068612098694,0.040852420032024384,0.0374315120279789,0.024314898997545242
news,post,b832d01c8665a56e,Regional tech investigation featuring Mkini's report wins Sopa award. The investigation includes KiniTV's video report on data centres.,https://www.malaysiakini.com/news/777752,neutral,2026-06-19 11:03:16+00:00,0,0,0,0,0.5,0,0.0,neutral,0.7266234159469604,english,Mixed/Urban,no_clear_emotion,0.007980426773428917,0.010083428584039211,0.03219102695584297,0.006766653619706631,0.03198615089058876,0.025080299004912376
news,post,7298761efb61d8b9,"NFA: Cops close probe on Mkini reporter over migrant worker system article. Investigation results referred to AGC, General Crime and Public Order Unit before decision.",https://www.malaysiakini.com/news/777744,neutral,2026-06-19 08:45:30+00:00,0,0,0,0,0.5,0,0.0,neutral,0.8258178234100342,english,Mixed/Urban,no_clear_emotion,0.031109843403100967,0.007882241159677505,0.03126058354973793,0.008848987519741058,0.03584393858909607,0.014387967064976692
news,post,bf0211f73be48ced,"MACC wins appeals to set aside ruling on malicious process against company director. Suhaimi's cross-appeal struck out, ordered to pay RM90k in costs.",https://www.malaysiakini.com/news/777738,neutral,2026-06-19 08:13:47+00:00,0,0,0,0,0.5,0,0.0,neutral,0.7053678035736084,english,Mixed/Urban,no_clear_emotion,0.11177068948745728,0.01476944237947464,0.09488741308450699,0.020787056535482407,0.17004017531871796,0.022672299295663834
news,post,0a437d8269bd4575,"Rafizi: The needy shouldn't have to 'beg' for aid, system must facilitate process. Former minister argues this can be done with rigorous data collection and political will.",https://www.malaysiakini.com/news/777733,neutral,2026-06-19 07:12:46+00:00,0,0,0,0,0.5,0,0.0,neutral,0.8248884081840515,english,Mixed/Urban,sadness,0.06818582862615585,0.057632073760032654,0.02775135636329651,0.6426910161972046,0.13794387876987457,0.024745900183916092
news,post,ca8bc416c63946fb,16 more killed as Israel keeps attacking Lebanon despite US-Iran deal coming into force. Some people are also missing after strikes on inhabited homes in Nabatieh district.,https://www.malaysiakini.com/news/777730,negative,2026-06-19 06:28:14+00:00,0,0,0,0,0.04541623592376709,0,0.0,negative,0.8486125469207764,english,Mixed/Urban,sadness,0.12830276787281036,0.13902054727077484,0.017441796138882637,0.6601030230522156,0.014742924831807613,0.023024488240480423
news,post,2d39aa1d3d4992dd,"PKR's Johor, N Sembilan candidates list 99pct finalised - Fuziah. Party to contest 20 seats in Johor, 16 in N Sembilan.",https://www.malaysiakini.com/news/777726,neutral,2026-06-19 04:37:44+00:00,0,0,0,0,0.5,0,0.0,neutral,0.9466138482093811,english,Mixed/Urban,no_clear_emotion,0.014683384448289871,0.00837000273168087,0.026149457320570946,0.009303255006670952,0.05717799812555313,0.01607719622552395
news,post,1fad8ac6e7e883ba,Moody's lifts Malaysia's outlook to A3 stable on AI-related growth. Increasing adoption will create opportunities for stronger productivity growth in Asia-Pacific over the long term - agency.,https://www.malaysiakini.com/news/777724,positive,2026-06-19 04:02:22+00:00,0,0,0,0,0.9707916378974915,0,0.0,positive,0.9026387929916382,english,Mixed/Urban,happy,0.01770571991801262,0.04230352118611336,0.8668690919876099,0.009284939616918564,0.03198619931936264,0.014643224887549877
news,post,6fe8b8bd06b1cf0a,UN members warn Gaza crisis deepens despite ceasefire; US blames Hamas. States debate over Gaza aid access as humanitarian crisis worsens.,https://www.malaysiakini.com/news/777715,negative,2026-06-19 01:56:30+00:00,0,0,0,0,0.06988706588745117,0,0.0,negative,0.7670431137084961,english,Mixed/Urban,anger,0.6369766592979431,0.056336209177970886,0.15141189098358154,0.017561299726366997,0.05978349968791008,0.013237723149359226
news,post,dea857e61f9d10ef,"Hamzah appointed Wawasan president. Veteran politician and former minister Rais Yatim has been appointed chairman, while Indera Mahkota MP Saifuddin Abdullah has been named secretary-general.",https://www.freemalaysiatoday.com/category/nation/2026/06/21/hamzah-appointed-wawasan-president,neutral,2026-06-21 03:31:12+00:00,0,0,0,0,0.5,0,0.0,neutral,0.8319213390350342,english,Mixed/Urban,no_clear_emotion,0.01815974898636341,0.02331620082259178,0.06629694253206253,0.013104393146932125,0.06366525590419769,0.052765559405088425
news,post,a7ded84b675bdf4d,"Room’s heroics earn Curacao World Cup point against Ecuador. Curacao goalkeeper Eloy Room was the hero against Ecuador, keeping out a barrage of shots to earn the Caribbean side their first World Cup point in a goalless draw.",https://www.freemalaysiatoday.com/category/highlight/2026/06/21/curacao-win-maiden-world-cup-point-in-0-0-draw-with-ecuador,positive,2026-06-21 02:25:54+00:00,0,0,0,0,0.9173658967018127,0,0.0,positive,0.7245529890060425,english,Mixed/Urban,anger,0.3247862458229065,0.16354253888130188,0.13763749599456787,0.07150845974683762,0.040255289524793625,0.027277277782559395
news,post,c85bc49a987b62bb,"Australia extends fuel excise relief to ease household cost pressures. The government will extend fuel excise relief, making petrol and diesel 16 cents per litre cheaper than normal prices in July and saving Australians around A$11 per tank.",https://www.freemalaysiatoday.com/category/business/2026/06/21/australia-extends-fuel-excise-relief-to-ease-household-cost-pressures,neutral,2026-06-21 02:12:35+00:00,0,0,0,0,0.5,0,0.0,neutral,0.5981268286705017,english,Mixed/Urban,happy,0.033638522028923035,0.049617283046245575,0.6792858839035034,0.020826708525419235,0.11384197324514389,0.031171683222055435
news,post,64570c42482763f5,"Los Angeles under state of emergency as warehouse fire rages for days. The fire broke out in a frozen food warehouse, where burning foam insulation, suspected ammonia leaks and melting solar panels have complicated firefighting efforts.",https://www.freemalaysiatoday.com/category/world/2026/06/21/los-angeles-under-state-of-emergency-as-warehouse-fire-rages-for-days,negative,2026-06-21 01:28:00+00:00,0,0,0,0,0.08773328661918639,0,0.0,negative,0.7075557112693787,english,Mixed/Urban,anger,0.7454119324684143,0.1027534008026123,0.058803435415029526,0.021759435534477234,0.024503884837031364,0.014486593194305897
news,post,eb7ba136a5177d24,Gempa bumi lemah dikesan di perairan Batu Pahat. Jabatan Meteorologi Malaysia berkata gempa dilaporkan pada 1.17 pagi pada kedalaman 10km.,https://www.freemalaysiatoday.com/category/bahasa/tempatan/2026/06/21/gempa-bumi-lemah-dikesan-di-perairan-batu-pahat,negative,2026-06-21 01:25:09+00:00,0,0,0,0,0.028419998288154613,0,0.0,negative,0.905266672372818,multilingual,Unknown,no_clear_emotion,0.21900536119937897,0.032370682805776596,0.04940543323755264,0.013482424430549145,0.03688538819551468,0.027333319187164307
news,post,d34f44fafa21e272,"Weak earthquake detected off Batu Pahat, Johor. The Malaysian meteorological department said the quake was reported at 1.17am at a depth of 10km.",https://www.freemalaysiatoday.com/category/nation/2026/06/21/weak-earthquake-detected-off-batu-pahat-johor,neutral,2026-06-21 01:12:12+00:00,0,0,0,0,0.5,0,0.0,neutral,0.7621923089027405,english,Mixed/Urban,no_clear_emotion,0.3259028494358063,0.08452340960502625,0.10595107823610306,0.01817442663013935,0.045919228345155716,0.037133436650037766
news,post,187a46ca52158eb7,"Legal issues, local resistance in way of proposal to employ refugees, says economist. Yeah Kim Leng points to the lack of a clear policy framework, and failure of a 2017 pilot project.",https://www.freemalaysiatoday.com/category/nation/2026/06/21/legal-issues-local-resistance-in-way-of-proposal-to-employ-refugees-says-economist,negative,2026-06-21 01:00:59+00:00,0,0,0,0,0.06958209872245788,0,0.0,negative,0.7680596709251404,english,Mixed/Urban,fear,0.3140580952167511,0.3853224217891693,0.14127324521541595,0.03212849795818329,0.05941604822874069,0.019394181668758392
news,post,eb6be758c1fe99d6,"Isu undang-undang, tentangan orang tempatan kekang cadangan ambil pelarian bekerja. Ahli ekonomi Yeah Kim Leng merujuk ketiadaan kerangka jelas dasar serta kegagalan projek perintis pada 2017.",https://www.freemalaysiatoday.com/category/bahasa/tempatan/2026/06/21/isu-undang-undang-tentangan-orang-tempatan-kekang-cadangan-ambil-pelarian-bekerja,negative,2026-06-21 01:00:48+00:00,0,0,0,0,0.0020638346672058328,0,0.0,negative,0.993120551109314,malay,Malay/Bumiputera,anger,0.6887529492378235,0.09353470802307129,0.04560178518295288,0.020565932616591454,0.055152084678411484,0.020008940249681473
news,post,145a2dae6d0a0628,Nagelsmann says Germany has higher ambitions than advancing to knockout stage. Coach Julian Nagelsmann says the focus remains on the next step despite Germany ending their long wait for a place in the World Cup knockout stage.,https://www.freemalaysiatoday.com/category/sports/2026/06/21/nagelsmann-says-germany-has-higher-ambitions-than-advancing-to-knockout-stage,neutral,2026-06-21 00:59:20+00:00,0,0,0,0,0.5,0,0.0,neutral,0.648245632648468,english,Mixed/Urban,happy,0.029605817049741745,0.09355410933494568,0.6920204758644104,0.019194619730114937,0.07458901405334473,0.02471066266298294
news,post,1d5d3fcee048ae8b,Sivasangari finishes runner-up at PSA Squash Tour Finals. She loses to world number one Hania El Hammamy of Egypt in the women's final in Paris.,https://www.freemalaysiatoday.com/category/highlight/2026/06/21/sivasangari-finishes-runner-up-at-psa-squash-tour-finals,neutral,2026-06-21 00:40:24+00:00,0,0,0,0,0.5,0,0.0,neutral,0.7914562225341797,english,Mixed/Urban,no_clear_emotion,0.06778956949710846,0.045831236988306046,0.06498889625072479,0.02100950852036476,0.04096860811114311,0.025628264993429184
news,post,54c29d7679835552,"Childhood dance partners reunite for special show after 20 years. Two friends returned to the stage, rekindling a lifelong bond while helping preserve a community landmark.",https://www.freemalaysiatoday.com/category/leisure/2026/06/21/childhood-dance-partners-reunite-for-special-show-after-20-years,positive,2026-06-21 00:30:36+00:00,0,0,0,0,0.9681855142116547,0,0.0,positive,0.8939517140388489,english,Mixed/Urban,happy,0.041255343705415726,0.07068698108196259,0.5029535293579102,0.0380806140601635,0.27958330512046814,0.029886368662118912
news,post,9c74d596b44e098c,Court ruling reignites debate over bail in drug cases. Lawyers say accused persons should not remain in custody indefinitely while awaiting chemist reports.,https://www.freemalaysiatoday.com/category/nation/2026/06/21/court-ruling-reignites-debate-over-bail-in-drug-cases,neutral,2026-06-21 00:30:18+00:00,0,0,0,0,0.5,0,0.0,neutral,0.5938845276832581,english,Mixed/Urban,anger,0.6259669661521912,0.07832787185907364,0.10312015563249588,0.023657945916056633,0.046574659645557404,0.022939331829547882
news,post,cf50bcc59135e1ca,"Marmoush aims to emerge from Salah’s shadow as Egypt’s hero. Omar Marmoush may not yet enjoy Mohamed Salah's superstar status in the national team, but he is vital to Egypt's World Cup progress.",https://www.freemalaysiatoday.com/category/sports/2026/06/21/marmoush-aims-to-emerge-from-salahs-shadow-as-egypts-hero,positive,2026-06-21 00:27:28+00:00,0,0,0,0,0.9355269372463226,0,0.0,positive,0.7850897908210754,english,Mixed/Urban,happy,0.04476294293999672,0.36759647727012634,0.4726364016532898,0.016978198662400246,0.036496058106422424,0.026047734543681145
news,post,a47ad34f06d8223d,"Mexican teachers end strike after 20 days. The CNTE teachers’ union has blockaded streets and held demonstrations this month, demanding salary increases and pension reforms that authorities have deemed impossible.",https://www.freemalaysiatoday.com/category/world/2026/06/21/mexican-teachers-end-strike-after-20-days,negative,2026-06-21 00:12:40+00:00,0,0,0,0,0.11546629071235656,0,0.0,negative,0.6151123642921448,english,Mixed/Urban,anger,0.6622604131698608,0.10022728145122528,0.033073317259550095,0.10833615064620972,0.037566669285297394,0.01701279543340206
news,post,4fc82cbccb805adf,"Seizures of drug-laced vapes strengthen case for ban, says Dzulkefly. The health minister says police have recorded 402 such cases in the first four months of this year.",https://www.freemalaysiatoday.com/category/nation/2026/06/21/seizures-of-drug-laced-vapes-strengthen-case-for-ban-says-dzulkefly,neutral,2026-06-21 00:09:46+00:00,0,0,0,0,0.5,0,0.0,neutral,0.8097425103187561,english,Mixed/Urban,no_clear_emotion,0.06440460681915283,0.04445427656173706,0.2388230562210083,0.017945250496268272,0.06822124868631363,0.034847602248191833
news,post,cc784db353d2d47a,Government source denies report Starmer to resign. The threat to Prime Minister Keir Starmer’s position increased sharply after his rival Andy Burnham won a parliamentary seat that would allow him to launch a leadership challenge.,https://www.freemalaysiatoday.com/category/world/2026/06/21/report-says-starmer-expected-to-resign-government-source-denies,neutral,2026-06-20 23:53:16+00:00,0,0,0,0,0.5,0,0.0,neutral,0.5071379542350769,english,Mixed/Urban,happy,0.11672133207321167,0.17276419699192047,0.408222496509552,0.03631152957677841,0.07456803321838379,0.03636350482702255
news,post,fb232c4f3c1dabcc,"Selat Hormuz akan ditutup akibat pelanggaran AS-Israel, kata Iran. Iran berkata AS gagal laksana Fasal 1 memorandum persefahaman bagi menamatkan perang, manakala Israel secara berterusan melanggar gencatan senjata di selatan Lubnan.",https://www.freemalaysiatoday.com/category/bahasa/dunia/2026/06/21/selat-hormuz-akan-ditutup-akibat-pelanggaran-as-israel-kata-iran,negative,2026-06-20 23:41:40+00:00,0,0,0,0,0.0548221617937088,0,0.0,negative,0.8172594606876373,multilingual,Unknown,anger,0.6355595588684082,0.08994872868061066,0.05454733967781067,0.04375975579023361,0.04776180163025856,0.031856514513492584
news,post,0b8f331956dfd6e7,"Planting the seeds of a grape-growing community. A Gua Musang resident is sharing grape cuttings, fruit and advice in the hope of encouraging more locals to grow their own vines.",https://www.freemalaysiatoday.com/category/leisure/2026/06/21/planting-the-seeds-of-a-grape-growing-community,neutral,2026-06-20 23:30:04+00:00,0,0,0,0,0.5,0,0.0,neutral,0.5114688873291016,english,Mixed/Urban,love,0.043879903852939606,0.03598693013191223,0.2861774265766144,0.029225245118141174,0.5383250713348389,0.03202200308442116
news,post,f76c6f9b5e65d4d3,Albanian protests against Trump-linked resort swell. Protesters have gathered every evening to oppose the construction of a luxury hotel linked to US President Donald Trump's daughter Ivanka Trump and her husband Jared Kushner.,https://www.freemalaysiatoday.com/category/world/2026/06/21/albanian-protests-against-trump-linked-resort-swell,negative,2026-06-20 23:14:17+00:00,0,0,0,0,0.13726685643196104,0,0.0,negative,0.5424438118934631,english,Mixed/Urban,love,0.23334063589572906,0.025332564488053322,0.15382777154445648,0.04815275967121124,0.31669241189956665,0.02136700600385666
news,post,cbd543a58ff01755,"Remembering the son who left too soon. This Father’s Day, Joseph Sinnappan reflects on the life of his son Soosaimanicckam, whose dream of serving the country was cut short in 2018.",https://www.freemalaysiatoday.com/category/leisure/2026/06/21/remembering-the-son-who-left-too-soon,negative,2026-06-20 23:00:50+00:00,0,0,0,0,0.13344190120697022,0,0.0,negative,0.5551936626434326,english,Mixed/Urban,love,0.0948900580406189,0.13219168782234192,0.16265998780727386,0.1539553999900818,0.3534047305583954,0.028207147493958473
news,post,e7d401289698353e,Germany come from behind to beat Ivory Coast and reach World Cup last 32. Germany reached the World Cup knockout stage for the first time since 2014 with a dramatic 2-1 comeback win over Ivory Coast.,https://www.freemalaysiatoday.com/category/highlight/2026/06/21/germany-come-from-behind-to-beat-ivory-coast-and-reach-world-cup-last-32,positive,2026-06-20 22:43:01+00:00,0,0,0,0,0.9186494767665863,0,0.0,positive,0.7288315892219543,english,Mixed/Urban,no_clear_emotion,0.03230471909046173,0.07484779506921768,0.3744555413722992,0.021304210647940636,0.052584726363420486,0.04111205041408539
news,post,96ed06c976a03f43,"Bolivia declares state of emergency, deploys military to quell protests. Major cities face shortages of fuel, food and medicine, the economy has lost billions of dollars, and protests have threatened Bolivia’s first non-socialist government in two decades.",https://www.freemalaysiatoday.com/category/highlight/2026/06/21/bolivia-declares-state-of-emergency-deploys-military-to-quell-protests,negative,2026-06-20 22:12:27+00:00,0,0,0,0,0.06094490289688109,0,0.0,negative,0.796850323677063,english,Mixed/Urban,anger,0.433841347694397,0.3052048981189728,0.07293139398097992,0.10000473260879517,0.03985573723912239,0.014667993411421776
news,post,f359787e53d2b3a4,"Fritz takes down Zverev again to reach Halle final. Taylor Fritz came from a set down to beat Alexander Zverev 6-7 (4/7), 6-4, 7-5.",https://www.freemalaysiatoday.com/category/sports/2026/06/21/fritz-takes-down-zverev-again-to-reach-halle-final,neutral,2026-06-20 22:02:38+00:00,0,0,0,0,0.5,0,0.0,neutral,0.7836683392524719,english,Mixed/Urban,no_clear_emotion,0.040729377418756485,0.022916404530405998,0.05925441160798073,0.012902725487947464,0.034164879471063614,0.02221900038421154
news,post,ed8e28110519c48a,"Gaza health officials say Israeli strikes kill 11. Israel and Hamas have traded near-daily accusations of truce violations, while Gaza remains gripped by bloodshed and efforts to end the war permanently remain stalled.",https://www.freemalaysiatoday.com/category/highlight/2026/06/21/gaza-health-officials-say-israeli-strikes-kill-11,negative,2026-06-20 21:52:38+00:00,0,0,0,0,0.027774524688720714,0,0.0,negative,0.9074182510375977,english,Mixed/Urban,anger,0.609049916267395,0.03890803083777428,0.09608045965433121,0.04031985625624657,0.0964147076010704,0.011374682188034058
news,post,7d6d8d1258f19fd9,US VP Vance heads to Switzerland for Iran talks. US vice-president JD Vance says negotiators are expected to discuss the Islamic republic’s nuclear programme and the Lebanon ceasefire.,https://www.freemalaysiatoday.com/category/highlight/2026/06/21/us-vp-vance-heads-to-switzerland-for-iran-talks,neutral,2026-06-20 21:43:06+00:00,0,0,0,0,0.5,0,0.0,neutral,0.9292047619819641,english,Mixed/Urban,happy,0.08854745328426361,0.09284837543964386,0.4022811949253082,0.017589028924703598,0.061879467219114304,0.026054486632347107
news,post,99cda83e0e18c378,"Meloni hits back as Trump escalates G7 photo spat. Italian Prime Minister Giorgia Meloni accused US President Donald Trump of 'constant, unprovoked, senseless' attacks and said her popularity did not depend on her relationship with the US president.",https://www.freemalaysiatoday.com/category/highlight/2026/06/21/meloni-hits-back-as-trump-escalates-g7-photo-spat,negative,2026-06-20 21:17:53+00:00,0,0,0,0,0.13232274055480955,0,0.0,negative,0.5589241981506348,english,Mixed/Urban,anger,0.46624690294265747,0.1017138808965683,0.12203888595104218,0.049678415060043335,0.11607688665390015,0.02528429962694645
news,post,60cdc486af43af15,"Dutch swat Sweden as Germany, Ivory Coast eye World Cup knockout rounds. The Netherlands edged closer to the World Cup knockout rounds after a 5-1 win over Sweden, while Germany and Ivory Coast chase a last-32 berth.",https://www.freemalaysiatoday.com/category/highlight/2026/06/21/dutch-swat-sweden-as-germany-ivory-coast-eye-world-cup-knockout-rounds,neutral,2026-06-20 20:30:14+00:00,0,0,0,0,0.5,0,0.0,neutral,0.686438262462616,english,Mixed/Urban,no_clear_emotion,0.05109509080648422,0.047812242060899734,0.1495627909898758,0.024012701585888863,0.07301643490791321,0.030504876747727394
news,post,bf69e35debb70903,"Sabalenka knocked out of Berlin semi-final by Pegula. World number one Aryna Sabalenka struggled to find her rhythm after a slow start, losing 6-4, 6-7 (4), 6-0 to Jessica Pegula.",https://www.freemalaysiatoday.com/category/sports/2026/06/20/sabalenka-knocked-out-of-berlin-semi-final-by-pegula,neutral,2026-06-20 15:49:28+00:00,0,0,0,0,0.5,0,0.0,neutral,0.5444772243499756,english,Mixed/Urban,anger,0.3105246126651764,0.2979801297187805,0.07189399749040604,0.062150198966264725,0.027502600103616714,0.04249890521168709
news,post,348b20f71d531318,TMJ says he keeps tabs on the Johor govt. The Johor regent says he would sometimes call the menteri besar and state secretary at 3am to seek an explanation on unresolved issues.,https://www.freemalaysiatoday.com/category/nation/2026/06/20/tmj-says-he-keeps-tabs-on-the-johor-govt,neutral,2026-06-20 15:33:22+00:00,0,0,0,0,0.5,0,0.0,neutral,0.9428287148475647,english,Mixed/Urban,anger,0.3981338143348694,0.3731030821800232,0.07990889251232147,0.050239019095897675,0.029313240200281143,0.024882782250642776
news,post,e947d9be77d4a036,Media harus elak jadi ‘ruang gema’ jika mahu kekal relevan. Pengerusi Eksekutif FMT Nelson Fernandez berkata landskap sosial dan ekonomi Malaysia yang pelbagai memerlukan organisasi media tampil pelbagai perspektif untuk terus kekal 'berguna' kepada masyarakat.,https://www.freemalaysiatoday.com/category/bahasa/tempatan/2026/06/20/media-harus-elak-jadi-ruang-gema-jika-mahu-kekal-relevan,positive,2026-06-20 15:31:35+00:00,0,0,0,0,0.9993425905704498,0,0.0,positive,0.9978086352348328,malay,Malay/Bumiputera,happy,0.11773902177810669,0.17881835997104645,0.3935617506504059,0.029994197189807892,0.12620992958545685,0.03042915090918541
news,post,f422f9a0c157e89d,US military ‘vigilant’ after Iran announces Hormuz closure. The US military said 55 commercial vessels had transited the strait on Saturday and that safe passage 'remained intact'.,https://www.freemalaysiatoday.com/category/world/2026/06/20/us-military-vigilant-after-iran-announces-hormuz-closure,neutral,2026-06-20 15:25:47+00:00,0,0,0,0,0.5,0,0.0,neutral,0.9170125722885132,english,Mixed/Urban,anger,0.4700145423412323,0.19536393880844116,0.11260572820901871,0.04203339293599129,0.0400199294090271,0.032794494181871414
news,post,893c6e19e1c8ef5c,"Johor tak perlu politik dipenuhi janji, titah TMJ. Pemangku Sultan Johor bertitah baginda tidak suka janji atau 'cakap dongeng'.",https://www.freemalaysiatoday.com/category/bahasa/tempatan/2026/06/20/johor-tak-perlu-politik-dipenuhi-janji-titah-tmj,neutral,2026-06-20 15:21:31+00:00,0,0,0,0,0.5,0,0.0,neutral,0.8192734718322754,english,Mixed/Urban,anger,0.5791090130805969,0.026249796152114868,0.042636483907699585,0.024897584691643715,0.23804543912410736,0.012888370081782341
news,post,024abc301cfb5852,"Army halts hand grenade training as probe into blast is expedited, says Mohamed Khaled. (Pic credit: MEDIA MULIA)

KOTA TINGGI&#160;&#8212; The Malaysian Army has temporarily suspended all hand grenade training activities following a fatal blast during a training session at Hobart Camp, Kedah, which claimed the lives of two personnel. Defence Minister Datuk Seri Mohamed Khaled Nordin said the order is effective immediately and will remain in place until the board of inquiry [&#8230;]
The post Army halts hand grenade training as probe into blast is expedited, says Mohamed Khaled appeared first on The Malaysian Reserve.",https://themalaysianreserve.com/2026/06/21/army-halts-hand-grenade-training-as-probe-into-blast-is-expedited-says-mohamed-khaled/,neutral,2026-06-21 05:13:16+00:00,0,0,0,0,0.5,0,0.0,neutral,0.8310363292694092,english,Mixed/Urban,anger,0.2743072211742401,0.23487453162670135,0.19903697073459625,0.09034109115600586,0.03444137051701546,0.049712277948856354
news,post,aaec8d4df01e7144,"PH to announce Johor polls candidates in Bukit Gambir tomorrow, says Anwar. (Pic credit: Anwar Ibrahim /FACEBOOK)

JOHOR BAHRU&#160;&#8212; Pakatan Harapan (PH) chairman Datuk Seri Anwar Ibrahim will attend the announcement ceremony for PH candidates for the 16th Johor State Election in Bukit Gambir, Tangkak, tomorrow. In a social media post today, Anwar said he would join other PH leaders at the event, scheduled for 8 pm at the Bukit Gambir Extreme [&#8230;]
The post PH to announce Johor polls candidates in Bukit Gambir tomorrow, says Anwar appeared first on The Malaysian Reserve.",https://themalaysianreserve.com/2026/06/21/ph-to-announce-johor-polls-candidates-in-bukit-gambir-tomorrow-says-anwar/,neutral,2026-06-21 05:05:53+00:00,0,0,0,0,0.5,0,0.0,neutral,0.9350662231445312,english,Mixed/Urban,no_clear_emotion,0.03263511508703232,0.03372573107481003,0.16439257562160492,0.019926683977246284,0.12683475017547607,0.03316010907292366
news,post,8d883b8764aedf4e,"Iran says Hormuz has been closed but sends team for Swiss talks. Cargo vessels remain anchored off Port Sultan Qaboos  (Photo by Getty Images)

IRAN said it has closed the Strait of Hormuz for shipping transit due to what it called a violation of the ceasefire by Israel, even as it dispatched a negotiating team to Switzerland for prospective peace talks with the US.&#160; Iran’s joint military command said the closure is Iran’s first step in response to Israel’s [&#8230;]
The post Iran says Hormuz has been closed but sends team for Swiss talks appeared first on The Malaysian Reserve.",https://themalaysianreserve.com/2026/06/21/iran-says-hormuz-has-been-closed-but-sends-team-for-swiss-talks/,neutral,2026-06-21 04:58:03+00:00,0,0,0,0,0.5,0,0.0,neutral,0.7285735607147217,english,Mixed/Urban,anger,0.49656519293785095,0.11919596791267395,0.12488522380590439,0.05193851515650749,0.07172989845275879,0.02439958229660988
news,post,f10953fb3dc79a4e,"Trump says ‘no tolls’ in Strait of Hormuz for 60 days, warns of possible US fees later. (AFP)

ISTANBUL &#8212; US President Donald Trump said Saturday that no maritime fees will be permitted in the Strait of Hormuz during the current 60-day ceasefire, warning that Washington may impose its own tolls thereafter, Anadolu Ajansi reported. After the 60 days, fees might be collected for “services rendered as the guardian angel” to West Asia [&#8230;]
The post Trump says &#8216;no tolls&#8217; in Strait of Hormuz for 60 days, warns of possible US fees later appeared first on The Malaysian Reserve.",https://themalaysianreserve.com/2026/06/21/trump-says-no-tolls-in-strait-of-hormuz-for-60-days-warns-of-possible-us-fees-later/,neutral,2026-06-21 03:23:04+00:00,0,0,0,0,0.5,0,0.0,neutral,0.7588402628898621,english,Mixed/Urban,anger,0.3521774411201477,0.07676500827074051,0.2101449966430664,0.020256439223885536,0.08082246035337448,0.0274820514023304
news,post,d472b1aae516434c,"Netherlands thump Sweden in Houston to get World Cup liftoff. Netherlands&#039; forward #19 Brian Brobbey (C) celebrates after scoring the opening goal during the 2026 World Cup Group F football match between the Netherlands and Sweden at the Houston Stadium in Houston on June 20, 2026.  (Photo by Paul ELLIS / AFP)

HOUSTON – Cody Gakpo and Brian Brobbey both scored twice as the rampant Netherlands thrashed Sweden 5-1 in a World Cup warning on Saturday in Houston. The big win in front of nearly 69,000 put the delighted Dutch on the cusp of the knockout rounds and gave them liftoff after being held by Japan. Ronald [&#8230;]
The post Netherlands thump Sweden in Houston to get World Cup liftoff appeared first on The Malaysian Reserve.",https://themalaysianreserve.com/2026/06/21/netherlands-thump-sweden-in-houston-to-get-world-cup-liftoff/,positive,2026-06-21 03:14:36+00:00,0,0,0,0,0.9329530894756317,0,0.0,positive,0.7765102982521057,english,Mixed/Urban,happy,0.02605721354484558,0.07102447003126144,0.5261898040771484,0.018127933144569397,0.07400789111852646,0.04476998746395111
news,post,e644b631e55680b5,"Room heroics earn Curacao World Cup point against Ecuador. Curacao&#039;s goalkeeper #01 Eloy Room gestures during the 2026 World Cup Group E football match between Ecuador and Curacao at the Kansas City Stadium in Kansas City on June 20, 2026.  (Photo by JUAN MABROMATA / AFP)

KANSAS CITY – Curacao goalkeeper Eloy Room was the hero on Saturday as the tiny Caribbean island claimed their first-ever World Cup point in a goalless draw against toothless Ecuador. Ecuador, who finished second in South American qualifying, had 28 shots, including 15 on target in Kansas City but Room stood firm in an astonishing [&#8230;]
The post Room heroics earn Curacao World Cup point against Ecuador appeared first on The Malaysian Reserve.",https://themalaysianreserve.com/2026/06/21/room-heroics-earn-curacao-world-cup-point-against-ecuador/,neutral,2026-06-21 03:09:58+00:00,0,0,0,0,0.5,0,0.0,neutral,0.5152620077133179,english,Mixed/Urban,no_clear_emotion,0.04759970307350159,0.10025347769260406,0.1053273007273674,0.04076122120022774,0.05141359940171242,0.055627524852752686
news,post,0b8f7f3e85245913,"Pemandu mabuk, positif dadah antara ditahan dalam operasi bersepadu di Seremban. SEREMBAN: Polis menahan 10 lelaki, termasuk empat pemandu mabuk dan seorang positif dadah dalam Operasi Bersepadu, Ops Samseng dan Ops Samseng Jalanan, yang dijalankan di beberapa lokasi sekitar daerah ini, awal pagi ini.",https://www.bharian.com.my/berita/kes/2026/06/1575261/pemandu-mabuk-positif-dadah-antara-ditahan-dalam-operasi-bersepadu-di,neutral,2026-06-21 12:44:20+00:00,0,0,0,0,0.5,0,0.0,neutral,0.981873095035553,malay,Malay/Bumiputera,anger,0.5677173137664795,0.040183357894420624,0.08630821853876114,0.024181749671697617,0.044113900512456894,0.03149952366948128
news,post,b922123f3ee4255d,"Tentera Darat tangguh latihan bom tangan, siasatan insiden korbankan 2 askar di Kedah disegerakan - Khaled Nordin. KOTA TINGGI: Tentera Darat Malaysia (TDM) menghentikan sementara semua latihan membabitkan penggunaan bom tangan susulan insiden letupan yang mengorbankan dua anggotanya semasa menjalani sesi latihan di Kem Hobart, Kedah, baru-baru ini.",https://www.bharian.com.my/berita/nasional/2026/06/1575252/tentera-darat-tangguh-latihan-bom-tangan-siasatan-insiden-korbankan,neutral,2026-06-21 12:33:38+00:00,0,0,0,0,0.5,0,0.0,neutral,0.9943115711212158,malay,Malay/Bumiputera,anger,0.4236447215080261,0.08569908142089844,0.10090230405330658,0.038063593208789825,0.05386507138609886,0.0378706119954586
news,post,74f58f34b0d6edb0,"Tular lelaki ceroboh kawasan rumah di Puchong Prima, polis giat buru suspek. KUALA LUMPUR: Polis sedang mengesan seorang lelaki dirakam menceroboh kawasan belakang sebuah rumah di Taman Puchong Prima, dekat Subang Jaya, Selangor.",https://www.bharian.com.my/berita/kes/2026/06/1575242/tular-lelaki-ceroboh-kawasan-rumah-di-puchong-prima-polis-giat-buru,negative,2026-06-21 12:18:26+00:00,0,0,0,0,0.09424781799316406,0,0.0,negative,0.6858406066894531,multilingual,Unknown,anger,0.6649281978607178,0.03636369854211807,0.08612954616546631,0.023745158687233925,0.06137658655643463,0.018285265192389488
news,post,87fe5e0a8f0668ff,"7 negeri diramal ribut petir, hujan lebat, angin kencang hingga jam 3 petang. KUALA LUMPUR: Jabatan Meteorologi Malaysia (METMalaysia) mengeluarkan amaran ribut petir, hujan lebat dan angin kencang membabitkan empat negeri sehingga jam 3 petang hari ini.",https://www.bharian.com.my/berita/nasional/2026/06/1575232/7-negeri-diramal-ribut-petir-hujan-lebat-angin-kencang-hingga-jam-3,neutral,2026-06-21 12:05:02+00:00,0,0,0,0,0.5,0,0.0,neutral,0.8874489068984985,english,Mixed/Urban,no_clear_emotion,0.06740584224462509,0.03764967992901802,0.13051794469356537,0.011495967395603657,0.06115156039595604,0.02271929383277893
news,post,a63ba08b440704f7,"Tragedi Kem Hobart: Siasatan perlu disegerakan - Khaled Nordin. KOTA TINGGI: Kementerian Pertahanan berharap siasatan ke atas kes dua anggota tentera yang maut ketika latihan membaling grenad di Kem Hobart di Gurun, Kedah Selasa lalu, diselesaikan segera.",https://www.bharian.com.my/berita/nasional/2026/06/1575228/tragedi-kem-hobart-siasatan-perlu-disegerakan-khaled-nordin,negative,2026-06-21 12:01:25+00:00,0,0,0,0,0.1744835525751114,0,0.0,negative,0.41838815808296204,multilingual,Unknown,anger,0.39464232325553894,0.18785542249679565,0.19168256223201752,0.02875230833888054,0.04239831864833832,0.036594606935977936
news,post,fc781c83d533db83,Fenomena skuad 'import' warnai Piala Dunia 2026. NEW YORK: Lambakan pemain yang dilahirkan di luar negara atau 'foreign-born' mencatatkan angka luar biasa pada Piala Dunia 2026 apabila hampir satu daripada setiap empat pemain (23.3 peratus) mewakili negara yang bukan tempat kelahiran asal mereka.,https://www.bharian.com.my/sukan/bola/2026/06/1575213/fenomena-skuad-import-warnai-piala-dunia-2026,neutral,2026-06-21 11:32:14+00:00,0,0,0,0,0.5,0,0.0,neutral,0.9972219467163086,malay,Malay/Bumiputera,no_clear_emotion,0.1141602173447609,0.23773454129695892,0.05377691239118576,0.03613610193133354,0.05781294032931328,0.05863794684410095
news,post,57a4466cdeb73ac2,"Ani Mayuni sanggup berhabis demi anak. KUALA LUMPUR: Demi memastikan anak tersayang menyerlah dalam musim kedua program realiti Talk To My Manager (TTMM2), penyanyi Ani Mayuni sanggup mengorbankan simpanan peribadi yang dikumpul selama bertahun-tahun bagi menyokong perjalanan Viviana dalam pertandingan itu.",https://www.bharian.com.my/hiburan/selebriti/2026/06/1575206/ani-mayuni-sanggup-berhabis-demi-anak,neutral,2026-06-21 11:30:17+00:00,0,0,0,0,0.5,0,0.0,neutral,0.8500841856002808,english,Mixed/Urban,love,0.058817360550165176,0.06226016581058502,0.03159346804022789,0.11831574141979218,0.47494426369667053,0.1789863407611847
news,post,cc19c1da052ab9b3,"2 ditemukan maut dalam kebakaran hutan di tengah Vietnam. HANOI: Dua orang ditemukan maut susulan satu kebakaran hutan di Wilayah Ha Tinh di tengah Vietnam pada Sabtu, menurut Agensi Berita Vietnam yang memetik pihak berkuasa tempatan, lapor Xinhua.",https://www.bharian.com.my/dunia/asean/2026/06/1575204/2-ditemukan-maut-dalam-kebakaran-hutan-di-tengah-vietnam,negative,2026-06-21 11:22:05+00:00,0,0,0,0,0.040568992495536804,0,0.0,negative,0.8647700250148773,multilingual,Unknown,anger,0.6252855658531189,0.070023313164711,0.07235817611217499,0.043756529688835144,0.038924720138311386,0.029388820752501488
news,post,a3c542b7c3afe0e9,"Kepingan konkrit bangunan runtuh di Bangkok, seorang maut. BANGKOK: Satu kepingan konkrit daripada tingkat dua sebuah bangunan di Bangkok runtuh lalu menghempap dan mengorbankan seorang mangsa pada petang Sabtu, lapor Xinhua yang memetik media tempatan.",https://www.bharian.com.my/dunia/asean/2026/06/1575199/kepingan-konkrit-bangunan-runtuh-di-bangkok-seorang-maut,neutral,2026-06-21 11:15:57+00:00,0,0,0,0,0.5,0,0.0,neutral,0.9976402521133423,malay,Malay/Bumiputera,anger,0.6011049747467041,0.05158328264951706,0.07535845041275024,0.0318249948322773,0.039873894304037094,0.027366071939468384
news,post,5dc555a635709428,"Inisiatif veteran tentera di MRSM tiada kaitan BPHP dalam drama Korea, cadangan dah lama bangkit sejak 2023 - Asyraf Wajdi. KUALA LUMPUR:  Pengerusi Majlis Amanah Rakyat (MARA), Datuk Dr Asyraf Wajdi Dusuki menegaskan penggunaan khidmat veteran tentera sebagai warden di Maktab Rendah Sains MARA (MRSM) tiada kaitan dengan drama Korea ‘Teach You a Lesson’.",https://www.bharian.com.my/berita/nasional/2026/06/1575191/inisiatif-veteran-tentera-di-mrsm-tiada-kaitan-bphp-dalam-drama,neutral,2026-06-21 11:00:11+00:00,0,0,0,0,0.5,0,0.0,neutral,0.8645105957984924,english,Mixed/Urban,no_clear_emotion,0.04608724266290665,0.02016330324113369,0.04904026910662651,0.027430277317762375,0.3390524685382843,0.03268474340438843
news,post,b4c986051557d1f6,"Nenek di Kansas 'bantu' kem England. KANSAS CITY: Di sebalik kejayaan skuad England mencatatkan kemenangan demi kemenangan di atas padang, rahsia keharmonian kem latihan mereka di luar padang akhirnya terbongkar menerusi kisah seorang nenek dari Kansas, Amerika Syarikat (AS).",https://www.bharian.com.my/sukan/bola/2026/06/1575177/nenek-di-kansas-bantu-kem-england,positive,2026-06-21 10:31:53+00:00,0,0,0,0,0.8681518092751502,0,0.0,positive,0.5605060309171677,multilingual,Unknown,no_clear_emotion,0.02441157028079033,0.08541606366634369,0.10517385601997375,0.022771980613470078,0.0705709159374237,0.2913132309913635
news,post,07abfe691c761823,"Israel serang Gaza: Jurukamera Al Jazeera antara 10 penduduk Palestin terkorban. BANDARAYA GAZA (Palestin): Sepuluh rakyat Palestin, termasuk jurukamera Al Jazeera, Ahmed Wishah dan empat sekeluarga terbunuh, manakala puluhan lagi cedera dalam serangan Israel di Semenanjung Gaza sejak awal Sabtu.",https://www.bharian.com.my/dunia/asia/2026/06/1575163/israel-serang-gaza-jurukamera-al-jazeera-antara-10-penduduk-palestin,negative,2026-06-21 10:16:05+00:00,0,0,0,0,0.04101827591657636,0,0.0,negative,0.863272413611412,multilingual,Unknown,anger,0.7508501410484314,0.058831293135881424,0.06089154630899429,0.037533681839704514,0.03353779762983322,0.017150280997157097
news,post,c4683ae3910d659f,"Perluas peranan PETRONAS di Turkmenistan perkukuh kedudukan Malaysia dalam landskap industri global - PM Anwar. KUALA LUMPUR: Kejayaan memperluas peranan Petroliam Nasional Bhd (PETRONAS) dalam sektor tenaga Turkmenistan membuka akses kepada antara rizab gas terbesar dunia, sekali gus memperkukuh kedudukan Malaysia dalam landskap tenaga global, kata Datuk Seri Anwar Ibrahim.",https://www.bharian.com.my/berita/nasional/2026/06/1575157/perluas-peranan-petronas-di-turkmenistan-perkukuh-kedudukan-malaysia,neutral,2026-06-21 09:59:28+00:00,0,0,0,0,0.5,0,0.0,neutral,0.8796786665916443,english,Mixed/Urban,love,0.061062321066856384,0.046132974326610565,0.24913474917411804,0.046552591025829315,0.2960485816001892,0.043338485062122345
news,post,c37cc4fb34bb1956,"Ecuador 0 Curacao 0. KANSAS CITY, Amerika Syarikat: Ecuador dan Curacao seri 0-0 pada aksi Kumpulan E Piala Dunia FIFA 2026 di Stadium Kansas City, Kansas, Missouri sebentar tadi.",https://www.bharian.com.my/sukan/bola/2026/06/1575155/ecuador-0-curacao-0,neutral,2026-06-21 09:55:45+00:00,0,0,0,0,0.5,0,0.0,neutral,0.9301233887672424,english,Mixed/Urban,no_clear_emotion,0.0641983151435852,0.04800725728273392,0.07560025900602341,0.031922221183776855,0.0720498338341713,0.03312332555651665
news,post,6ecc1658ed7c1cd3,"Pusat Koreksional rayu bantuan kesan waris banduan. Kuala Lumpur: Pusat Koreksional Johor Bahru, Johor sedang mengesan waris kepada seorang banduan reman yang ditempatkan di pusat berkenaan.",https://www.hmetro.com.my/mutakhir/2026/06/1373042/pusat-koreksional-rayu-bantuan-kesan-waris-banduan,positive,2026-06-21 13:08:05+00:00,0,0,0,0,0.8162342876195907,0,0.0,positive,0.38744762539863586,multilingual,Unknown,anger,0.5750789046287537,0.04086577147245407,0.07481711357831955,0.027525098994374275,0.06468542665243149,0.02597481943666935
news,post,806e6fe5563e7d1d,"Naib Presiden AS, delegasi Iran berunding di Switzerland. Geneva: Pusingan baharu rundingan mengenai perang Timur Tengah dijangka bermula Ahad, dengan perunding Iran tiba di Switzerland beberapa jam lebih awal daripada Naib Presiden Amerika Syarikat (AS) JD Vance, lapor AFP.",https://www.hmetro.com.my/global/eropah/2026/06/1373040/naib-presiden-delegasi-iran-berunding-di-switzerland,neutral,2026-06-21 13:07:34+00:00,0,0,0,0,0.5,0,0.0,neutral,0.9096936583518982,english,Mixed/Urban,no_clear_emotion,0.07823404669761658,0.042932089418172836,0.1264660507440567,0.012939746491611004,0.046116046607494354,0.026668421924114227
news,post,50d270be354c3ea4,"Kes denggi di Selangor meningkat, catat 15 kematian sejak awal tahun. Ampang Jaya: Jumlah kes denggi di Selangor mencatatkan peningkatan apabila merekodkan sebanyak 15,549 kes bagi tempoh 1 Januari hingga 13 Jun lalu.",https://www.hmetro.com.my/mutakhir/2026/06/1373036/kes-denggi-di-selangor-meningkat-catat-15-kematian-sejak-awal-tahun,neutral,2026-06-21 13:03:29+00:00,0,0,0,0,0.5,0,0.0,neutral,0.8764693140983582,english,Mixed/Urban,no_clear_emotion,0.21292749047279358,0.030968308448791504,0.07924888283014297,0.03073822893202305,0.08615902811288834,0.035590577870607376
news,post,feb8ba769a326d2f,"Bukan sebab 'Nepo Baby'! Mila Mohsin sedia bukti kemampuan. Petaling Jaya : Pelakon, Mila Mohsin, 29, enggan melayan dakwaan segelintir netizen yang mengaitkan kejayaannya terpilih menerajui watak utama teater muzikal Puteri Gunung Ledang (PGL) adalah disebabkan faktor hubungan anak dan ibu dengan Datin Seri Tiara Jacquelina.",https://www.hmetro.com.my/rap/rapextra/2026/06/1373032/bukan-sebab-nepo-baby-mila-mohsin-sedia-bukti-kemampuan,positive,2026-06-21 13:00:38+00:00,0,0,0,0,0.9795186161994933,0,0.0,positive,0.931728720664978,malay,Malay/Bumiputera,fear,0.03032192401587963,0.7201724648475647,0.049963030964136124,0.022855401039123535,0.02366587147116661,0.08802808821201324
news,post,467a9e52f2360577,"Jelitawan diikat pemain Mexico bernilai RM160 juta. Kuala Lumpur: Di sebalik ketajaman penyudah penyerang sensasi Mexico, Santiago Gimenez, berdirinya seorang wanita jelita yang sering mencuri tumpuan lensa kamera, iaitu isterinya, Maria Fernanda Serrano Coto atau lebih mesra disapa Fer Serrano.",https://www.hmetro.com.my/arena/bola-sepak/2026/06/1373028/jelitawan-diikat-pemain-mexico-bernilai-rm160-juta,neutral,2026-06-21 12:46:24+00:00,0,0,0,0,0.5,0,0.0,neutral,0.5761229991912842,malay,Malay/Bumiputera,no_clear_emotion,0.13898195326328278,0.02626553364098072,0.0719015896320343,0.027406083419919014,0.2763312757015228,0.027265138924121857
news,post,8b55a28a351dfd06,Tukar sisa sawit kepada Bio-CNG mesra alam. Kuala Lumpur: Malaysian Bioeconomy Development Corporation (Bioeconomy Corporation) memperkukuh kerjasama strategik antara Malaysia dan Republik Korea menerusi pelaksanaan Projek Naik Taraf Biogas Kilang Sawit Negeri Terengganu yang bakal menukar sisa industri sawit kepada Bio-Compressed Natural Gas (Bio-CNG).,https://www.hmetro.com.my/bisnes/2026/06/1373026/tukar-sisa-sawit-kepada-bio-cng-mesra-alam,neutral,2026-06-21 12:40:23+00:00,0,0,0,0,0.5,0,0.0,neutral,0.8841314315795898,malay,Malay/Bumiputera,no_clear_emotion,0.07677146047353745,0.0385848768055439,0.25724557042121887,0.046120915561914444,0.266843318939209,0.03963606432080269
news,post,73399694bb2d262e,"CCTV tular rakam lelaki ceroboh rumah, polis buru suspek. Kuala Lumpur: Polis sedang mengesan seorang lelaki yang disyaki menceroboh kawasan belakang sebuah rumah di Taman Puchong Prima, dekat Subang Jaya, dalam kejadian yang rakaman kamera litar tertutup (CCTV) tular di media sosial.",https://www.hmetro.com.my/mutakhir/2026/06/1373012/cctv-tular-rakam-lelaki-ceroboh-rumah-polis-buru-suspek,neutral,2026-06-21 12:07:10+00:00,0,0,0,0,0.5,0,0.0,neutral,0.9966729879379272,malay,Malay/Bumiputera,anger,0.6288000345230103,0.04357048496603966,0.08506672084331512,0.02404823899269104,0.054826635867357254,0.026309475302696228
news,post,41571a75f8084774,"Kekurangan pengalaman jadi pemisah - Fae. Toronto, Kanada: Pengendali Ivory Coast, Emerse Fae mengakui kekurangan pengalaman menjadi faktor utama kekalahan 1-2 kepada Jerman dalam aksi sengit Piala Dunia, namun tetap berbangga dengan semangat juang dipamerkan pemainnya.",https://www.hmetro.com.my/arena/bola-sepak/2026/06/1372989/kekurangan-pengalaman-jadi-pemisah-fae,positive,2026-06-21 11:17:12+00:00,0,0,0,0,0.9992858350276946,0,0.0,positive,0.9976194500923157,malay,Malay/Bumiputera,fear,0.155241921544075,0.2721920609474182,0.01845465786755085,0.23810891807079315,0.037083327770233154,0.05102436617016792
news,post,4a9120ba6961c457,"MARA nafi pelantikan warden veteran tentera terinspirasi daripada drama Korea. Kuala Lumpur: Pelantikan warden dalam kalangan veteran tentera di Maktab Rendah Sains MARA (MRSM) tiada kaitan dengan drama Korea, sebaliknya cadangan itu sudah lama dibangkitkan oleh pelbagai pihak sejak 2023.",https://www.hmetro.com.my/mutakhir/2026/06/1372982/mara-nafi-pelantikan-warden-veteran-tentera-terinspirasi-daripada-drama,neutral,2026-06-21 11:01:29+00:00,0,0,0,0,0.5,0,0.0,neutral,0.8801896572113037,malay,Malay/Bumiputera,no_clear_emotion,0.03262582793831825,0.06353813409805298,0.08887127041816711,0.02153814397752285,0.17462489008903503,0.1356908679008484
news,post,b9565809d9bc79aa,"Perluas peranan Petronas di Turkmenistan perkukuh kedudukan Malaysia dalam landskap tenaga global - Anwar. Kuala Lumpur: Kejayaan memperluas peranan Petroliam Nasional Bhd (Petronas) dalam sektor tenaga Turkmenistan membuka akses kepada antara rizab gas terbesar dunia, sekali gus memperkukuh kedudukan Malaysia dalam landskap tenaga global, kata Perdana Menteri Datuk Seri Anwar Ibrahim.",https://www.hmetro.com.my/mutakhir/2026/06/1372965/perluas-peranan-petronas-di-turkmenistan-perkukuh-kedudukan-malaysia-dalam,positive,2026-06-21 10:06:00+00:00,0,0,0,0,0.8425233110785484,0,0.0,positive,0.47507770359516144,multilingual,Unknown,no_clear_emotion,0.08272876590490341,0.051180649548769,0.24566711485385895,0.04297061264514923,0.22442667186260223,0.0405653677880764
news,post,a13960cbad16c2e0,"Hujan lebat, rebut petir, angin kencang di 4 negeri hingga 12 tengah hari ini. Kuala Lumpur: Jabatan Meteorologi Malaysia (METMalaysia) mengeluarkan amaran ribut petir, hujan lebat dan angin kencang membabitkan empat negeri hingga 12 tengah hari ini.",https://www.hmetro.com.my/mutakhir/2026/06/1372961/hujan-lebat-rebut-petir-angin-kencang-di-4-negeri-hingga-12-tengah-hari-ini,neutral,2026-06-21 09:57:44+00:00,0,0,0,0,0.5,0,0.0,neutral,0.9084134697914124,english,Mixed/Urban,no_clear_emotion,0.0444946363568306,0.05316022410988808,0.22827890515327454,0.011559775099158287,0.05258756875991821,0.02849944680929184
news,post,f9c4534b8708e8a6,Isu udang: Peluang pengusaha tempatan teroka bekalan alternatif. Kuala Lumpur: Cadangan Thailand untuk membawa pertikaian eksport udang dengan Malaysia ke Pertubuhan Perdagangan Dunia (WTO) dilihat berpotensi membuka peluang kepada industri akuakultur tempatan dengan meneroka sumber bekalan alternatif.,https://www.hmetro.com.my/bisnes/2026/06/1372954/isu-udang-peluang-pengusaha-tempatan-teroka-bekalan-alternatif,neutral,2026-06-21 09:28:54+00:00,0,0,0,0,0.5,0,0.0,neutral,0.8633974194526672,malay,Malay/Bumiputera,happy,0.052805714309215546,0.04856620728969574,0.5231561064720154,0.021521035581827164,0.14474767446517944,0.038154516369104385
news,post,37e85bf8be533f71,"Sivasangari raih pingat perak pada Jelajah Akhir PSA. PETALING JAYA: Hasrat untuk melihat pemain skuasy No. 1 negara, S. Sivasangari mengulangi pencapaian Datuk Nicol David tidak kesampaian, apabila dia terpaksa berpuas hati dengan pingat perak pada Jelajah Akhir Persatuan Skuasy Profesional (PSA) di Paris, Perancis, awal pagi tadi. Sivasangari yang merupakan pemain No. 5 dunia tewas kepada jaguh No. 1 dunia, Hania El ... Read more
The post Sivasangari raih pingat perak pada Jelajah Akhir PSA appeared first on Utusan Malaysia.",https://www.utusan.com.my/terkini/2026/06/sivasangari-raih-pingat-perak-pada-jelajah-akhir-psa/?utm_source=rss&utm_medium=rss&utm_campaign=sivasangari-raih-pingat-perak-pada-jelajah-akhir-psa,neutral,2026-06-21 05:09:48+00:00,0,0,0,0,0.5,0,0.0,neutral,0.49817538261413574,malay,Malay/Bumiputera,fear,0.19494223594665527,0.5312318205833435,0.03905697166919708,0.04716481268405914,0.017176000401377678,0.059718769043684006
news,post,36ba2112b54256fc,"Wawasan umum kepemimpinan, Hamzah presiden, Rais dilantik pengerusi. PETALING JAYA: Parti Wawasan Negara (Wawasan) mengumumkan barisan kepemimpinan pusatnya yang menggabungkan tokoh politik veteran, bekas menteri, Ahli Parlimen dan golongan profesional. Bekas Yang Dipertua Dewan Negara, Tan Sri Rais Yatim dilantik sebagai Pengerusi manakala pengasas Gerakan Reset, Datuk Seri Hamzah Zainudin memegang jawatan Presiden parti itu. Pelantikan berkenaan dibuat menerusi mesyuarat agung luar biasa ... Read more
The post Wawasan umum kepemimpinan, Hamzah presiden, Rais dilantik pengerusi appeared first on Utusan Malaysia.",https://www.utusan.com.my/nasional/2026/06/wawasan-umum-kepemimpinan-hamzah-presiden-rais-dilantik-pengerusi/?utm_source=rss&utm_medium=rss&utm_campaign=wawasan-umum-kepemimpinan-hamzah-presiden-rais-dilantik-pengerusi,positive,2026-06-21 05:01:37+00:00,0,0,0,0,0.8162298575043678,0,0.0,positive,0.38743285834789276,multilingual,Unknown,no_clear_emotion,0.28939932584762573,0.08002655953168869,0.1350967288017273,0.02780519239604473,0.05213416740298271,0.0633578896522522
news,post,8571d36cff073e09,"Gempa bumi Filipina ubah dasar laut jadi pantai. MANILA: Gempa bumi kuat berukuran 7.8 skala Richter yang melanda selatan Filipina awal bulan ini mengubah bentuk sebahagian garis pantai secara drastik, dengan menolak dasar laut ke permukaan dan membentuk garis pantai baharu. Bencana pada 8 Jun itu, yang dicetuskan oleh pergeseran di sepanjang Jurang Cotabato berhampiran Mindanao, mengorbankan sekurang-kurangnya 76 nyawa dan menyebabkan kemusnahan ... Read more
The post Gempa bumi Filipina ubah dasar laut jadi pantai appeared first on Utusan Malaysia.",https://www.utusan.com.my/terkini/2026/06/gempa-bumi-filipina-ubah-dasar-laut-jadi-pantai/?utm_source=rss&utm_medium=rss&utm_campaign=gempa-bumi-filipina-ubah-dasar-laut-jadi-pantai,negative,2026-06-21 04:30:53+00:00,0,0,0,0,0.0005517661571502464,0,0.0,negative,0.9981607794761658,malay,Malay/Bumiputera,anger,0.6699171662330627,0.09029967337846756,0.045032769441604614,0.08438181132078171,0.023785961791872978,0.026803618296980858
news,post,d0af4d5a820969dc,"Bersama uji sistem politik rata di PRN Johor. KOTA BHARU: Parti Bersama Malaysia (Bersama) menjadikan Pilihan Raya Negeri (PRN) Johor sebagai medan pertama menguji keberkesanan flat system atau sistem politik rata yang diaktifkan bermula Isnin ini, dalam usaha merombak kaedah gerak kerja parti dan memperkasa penglibatan ahli secara langsung. Pemimpinnya, Datuk Seri Rafizi Ramli berkata, sistem itu membolehkan arahan daripada kepemimpinan Pusat disampaikan ... Read more
The post Bersama uji sistem politik rata di PRN Johor appeared first on Utusan Malaysia.",https://www.utusan.com.my/nasional/2026/06/bersama-uji-sistem-politik-rata-di-prn-johor/?utm_source=rss&utm_medium=rss&utm_campaign=bersama-uji-sistem-politik-rata-di-prn-johor,negative,2026-06-21 03:45:39+00:00,0,0,0,0,0.0005291819572448841,0,0.0,negative,0.9982360601425171,malay,Malay/Bumiputera,no_clear_emotion,0.023229308426380157,0.0207685399800539,0.054640818387269974,0.016209766268730164,0.05903210863471031,0.04469114914536476
news,post,10ddc3b57fc9d924,- dev.chinapress.com.my. &nbsp;&nbsp;dev.chinapress.com.my,https://news.google.com/rss/articles/CBMivgJBVV95cUxPTkVEUUxaVWFUdkN1cW1wN3JsX2pRM2FjMndmQUpiZmd4bkpYb1NZdGc0N1J0MExQYnJTcXNCZmdIU1g3QlRDRFBxV1E1c1hzWEdWak90bVYtWnVBZkR1c01DMC0zYWttcTNKc2hqV1g3UmdMLVMzUU9NUGNhSlZDTHVUVTFfU2g1V0poLXJ3ZktSWWlsWi0wQkxKRzhEQW1ydFBjcHFaaFkxeUEzbzFKUV9SNlZ5LWtCZlpsZWdQeWlIUThhNERUeUo2dEJwOE9rQTNib1ktTVVFZVg5Y0haU3E0M0MzcEdYMi1VcEFQUllhT2hzWGZscTBVM1QwMFFHZjFaNDQtbEJzY3JabjNVRjJGTm92ZjFENC1rSDhxclYtdElYUWJYUmZ4dGxmMlh4d3E0ZXlHUkFZMDdRYlE?oc=5,neutral,2026-06-18 07:00:00+00:00,0,0,0,0,0.5,0,0.0,neutral,0.8498299717903137,english,Mixed/Urban,love,0.06645429879426956,0.03362806513905525,0.05149415507912636,0.04534962773323059,0.6539804339408875,0.029118800535798073
news,post,a3a0f76cc38a7817,- dev.chinapress.com.my. &nbsp;&nbsp;dev.chinapress.com.my,https://news.google.com/rss/articles/CBMiogJBVV95cUxPUmFhNTU5cWlJMTZRa1paVUlxYjlSLXR3Y05sQzJLVFlWU2NuUHNDaUtBbHIzQkNGQ2t6dk56UFZKQ0ljTFpKZVI5RFdQZmhyeEdSVXp4UGNyX0tkMFpGQ0xESDJQVVg2ZXF4MFd4b3Z1S20yYXhpZ25jY3FRWkhDSjlNYWdXcEdCVld2Sm44N1dkUFh4Q3Q2RWthRDY4dE1UZmpfV1NnS2NucTdCcWxDai1mbUlEU2RMZmVSUzJldVp4RXRiYnI5M2R4Q0c4OW11T05aUW50WWVNb296bndNNU1lMTNvRTJPU0JCSHJoX0pVWGllLWdmOVBBNlI4dWNSSDJ4RUpYMms4M2dESHYtdEU5OG9Fd2RiYWtyX0o3RTZkZw?oc=5,neutral,2026-06-20 08:12:59+00:00,0,0,0,0,0.5,0,0.0,neutral,0.8498299717903137,english,Mixed/Urban,love,0.06645429879426956,0.03362806513905525,0.05149415507912636,0.04534962773323059,0.6539804339408875,0.029118800535798073
news,post,6d89b8924009abe6,- dev.chinapress.com.my. &nbsp;&nbsp;dev.chinapress.com.my,https://news.google.com/rss/articles/CBMi8AFBVV95cUxOVHV3d2o1RGVXQ3JVRmJTR3RRcVhPeHdnRkprNTNsaTRwUHVJaENuckJwalpNLWhyTkFHd2FWWXowcWtUTGlCZk9vTjJQeGdfUlJQeEtDUVVYY1ZhQUlKMU5lT3dGNVpOQWRqa1NBMUo5bjhuMFBIMTkzWUlFVnhvaWFBMlVVaDIzUnhKeDYxV1BVa1FOaXdqUEZLQUVtSjItd2pqdlhNaV9ZNlpnU0I3RC1zQkJjZnVHYllUb2RFQVFVbWxUNi1YM3dEdFVPWlMtb0tsVGZiQ3Flb3o4U2xxSm50dmM5MWJHR3BGemxrZkM?oc=5,neutral,2026-06-20 13:17:08+00:00,0,0,0,0,0.5,0,0.0,neutral,0.8498299717903137,english,Mixed/Urban,love,0.06645429879426956,0.03362806513905525,0.05149415507912636,0.04534962773323059,0.6539804339408875,0.029118800535798073
news,post,71cf747cacfbebf2,- dev.chinapress.com.my. &nbsp;&nbsp;dev.chinapress.com.my,https://news.google.com/rss/articles/CBMihgJBVV95cUxNdl9lYWwxQnJkLWdNU3BBSkEwU1dka0R5ZkRod0xJLThkNldSbWloWFZxbnpWZVY2OVBmR1lwSVlGb0J0b19Oc0lYOHVwb3ZsS19XWEZkRUZIT1ZKM0N3OEFia2JPZGg2ZXBvM0FKNHRGeEJSQ3dIUmlKSURkbTRLQjI1bHVTbndyZWtwbE1LeDhLMFhVcWJzcG9xWm9BdllvX3MxSUU1RWJ5emI0ZUd1cHpydXZyemhGLW1vbVRBUm1Tck9xNjVzZS1ORVZwNk9tSnVPVXd2STNXVURpLWpkUEMtUzVRMVpCNTB0ZGZRd053TDhWNnV0c3NnLTgtcGNZY2JEX05R?oc=5,neutral,2026-06-20 20:43:25+00:00,0,0,0,0,0.5,0,0.0,neutral,0.8498299717903137,english,Mixed/Urban,love,0.06645429879426956,0.03362806513905525,0.05149415507912636,0.04534962773323059,0.6539804339408875,0.029118800535798073
news,post,67fdeb1c24b95ba3,- dev.chinapress.com.my. &nbsp;&nbsp;dev.chinapress.com.my,https://news.google.com/rss/articles/CBMi-wFBVV95cUxNTXhlWXZIcTlsaUNCZ3ZJQlpmUE0yQlQ2akdGODhvckhnNTR5Qm1ESFV5cExqNjVpemVwM19NWmhWVGVPRnlFclVRT3QwZy1vYkV0V21uN05tejJDNDBrR0pranY0X2ktZ1dEcGZ2QTBkc3BDSlpMZTN2YnhTQzJ6cWlueHFUbWI0bHVzSEo5NTJoZVlQWW1ybE5TWjZxbFVvVmxOelp4UXU2ZUJhSDNveGlaeVZCZm5DeXlkMlBnRktUS3pIRVJCWml5ZGRJS3Z2V2VQb2dKbG5vTFI4VURYMVJIdzFHcTUwV2hDSnNPc3gzdVJQTHpVblZ6TQ?oc=5,neutral,2026-06-20 13:17:08+00:00,0,0,0,0,0.5,0,0.0,neutral,0.8498299717903137,english,Mixed/Urban,love,0.06645429879426956,0.03362806513905525,0.05149415507912636,0.04534962773323059,0.6539804339408875,0.029118800535798073
news,post,35dd61e376ef7bae,- dev.chinapress.com.my. &nbsp;&nbsp;dev.chinapress.com.my,https://news.google.com/rss/articles/CBMiowJBVV95cUxQbTFzVHJTTUo5RU1BQ2pudG50VkRzcnhjUWpsM3ZVUkRzd0tnc1ZfbkJjaVZSRXU4eVNSeldHTE9aTV95Wmo5Tm11Q3U2Vnlyb3EwamRGMFQtTXAwVE8wTkR4X3VQeTdlTkpqTllZNDdudENoUW1WQmdHN1FmTFMxY2c3RU5oRm1UVThyWVVRVGltNEg3WkRPeWhyZnBFblhKbmNldkhMaGRsd3Fld3JMV1Utam9iRFBzRGdIWmg1MFFlRklPeUpZRWJwb3dlY21pYS1xaVdYblRoeXk1QkZYLWdsWUxTV1Z3dm02eDJWSEVBM0xWTkhwdHVBQ2JCajlOSVpnU0pwZU5SblVWcF9saW5rVVZvQ1B4N2g3bEhZdXVRUm8?oc=5,neutral,2026-06-20 20:43:55+00:00,0,0,0,0,0.5,0,0.0,neutral,0.8498299717903137,english,Mixed/Urban,love,0.06645429879426956,0.03362806513905525,0.05149415507912636,0.04534962773323059,0.6539804339408875,0.029118800535798073
news,post,6f36810f5196008a,- dev.chinapress.com.my. &nbsp;&nbsp;dev.chinapress.com.my,https://news.google.com/rss/articles/CBMi4AFBVV95cUxOQTVRRFpyUHpfWWZPS1F6VVktdGduNjhSSmh0aV9ia2QwV1hNb3E4UktEcUdUc3NsU0VTMFhBb2YydXRLQk5FUWhlc3ZsNzZ4SDlUYjNXRXJDRDB1Y2U0dnJfb18xMjI3SHRWTHBaZmwzU1o2TjVHME5lVE9DWGROcEQxMm1rendXYlp3eWNBS0tPY2pCNjJKcmhqMVZ0U1YyM1hYamFYVWtPZnJOYXI1ZzFabmNHSERMQmMySlNRZlo0b2dZQUZkckI0Q2VSV3prRkZnZk5mdlJjcXVUQkh0Qg?oc=5,neutral,2026-06-20 13:17:08+00:00,0,0,0,0,0.5,0,0.0,neutral,0.8498299717903137,english,Mixed/Urban,love,0.06645429879426956,0.03362806513905525,0.05149415507912636,0.04534962773323059,0.6539804339408875,0.029118800535798073
news,post,bbc553e873bf9071,- dev.chinapress.com.my. &nbsp;&nbsp;dev.chinapress.com.my,https://news.google.com/rss/articles/CBMi2wJBVV95cUxNQ1hlTFlmV2JvZmx0M3hSc2ljOENCRFpCRl9QeTBBMmEyQkVTeFpadzZMT3FlRzA3MFMxRmZlNUVjdlFMSzZSRG9nV2FGOGlBYWlqeWdtX3ZIUHU0WDgzTUNLeTlOUkc1WlRwSWd0V3UtRHVOT0dPaTZQc291UFpMTzRKZm5fcW9WRzJqN3JCMEJWN0dxYloweGI4eS1qVHI0eWxRbXRwem5YaTlvSEtNXzdEWktySmhhUkVRU2QyaXhYakRiZHd6SzViVFNldDh1TzFBX3d0SVdoR25SbmttS3JSNm5seVFyY0toUHp5Z1l2UnVJckJOOVBDT0llZTdoeHlROVhHaWpNU0F0b183VW1MS3VsLTdjNkxKU3BxUGhaM2pjRUJpdmZIT2ZfMUFKMHB0NklhNHRqNzJucWhNRjZVMUNFcmpFaXg5MGRNaFM3cWtUNWtQcVNQZw?oc=5,neutral,2026-06-20 13:17:08+00:00,0,0,0,0,0.5,0,0.0,neutral,0.8498299717903137,english,Mixed/Urban,love,0.06645429879426956,0.03362806513905525,0.05149415507912636,0.04534962773323059,0.6539804339408875,0.029118800535798073
news,post,c4e92e0c9bcfebf8,- dev.chinapress.com.my. &nbsp;&nbsp;dev.chinapress.com.my,https://news.google.com/rss/articles/CBMingJBVV95cUxPekY1X25MOXJlLXZwcnUyS3RtRTU0dlRJSnFSejV5cVhwUjNjNkFyMkY0Z3daT2REVTNSZ19QcldxT01lSEI5RmF3RHh3OVlFYkJqSERPLUJCbEdKQnVyeUtldXFQMER6SV9FaHVXQ2ttX2lJT2xjT2JnZUktWE1tOTJHYlRkWDVWa0NVaVd6dUxobzVyUkt3bldXOGxkOUhicnJKdTNaNnY4SkRtdkExbXR6UW9YZEc4VVFWMDJzZ0FiSFJGc2ZOTEZ6WXZkV0lVTnRIaEhYUl9OYUJxbEZ6OXhvNnJXT0c5ZFc3X0NaWENoUTRXXzlGTlRiNm1YVTZvUFN1VzQzM0FMcEdNQW1JTmtSQ3FWQmZlRm56S0V3?oc=5,neutral,2026-06-20 13:17:08+00:00,0,0,0,0,0.5,0,0.0,neutral,0.8498299717903137,english,Mixed/Urban,love,0.06645429879426956,0.03362806513905525,0.05149415507912636,0.04534962773323059,0.6539804339408875,0.029118800535798073
news,post,e2a4cf9863648a48,- dev.chinapress.com.my. &nbsp;&nbsp;dev.chinapress.com.my,https://news.google.com/rss/articles/CBMi1AJBVV95cUxNbThLYlVrN0dpVjRYZUpEdXRFSHNnWHhPLWEtcDdocmtMbC1iYjFyQ19TMUVmUzY2STYyNlhlN0MxNGxzblRQSTBoNGlhSEZLbTd6d0M5RkF2MXpOSFJ2LVBOWS1FeWJJNUMzZzVweHphMmZyOGpMQTZzdG1jMGVFVEM3RkJXYlhmRndWcXZadW0zRGhMckFQMTBGc3pIelFUSlUyMnJ6Q0gyYTNDMzJETUQwOHdDMzd2dDNVcDNTNTJCNjNQa1NHZHRkd3M2WURTTU9PZFRxM2V1Y0VtZGRVdzFSZHFVaVNnRWFPLXJsUjE5alhfOFhVeDdZcGYyd2s1elRxUllZWTZiQ0NySVZJT2RwamFRQm1PcHdadTJONlB2djlqZngzWGxpem1xbGdDWGFtMEY3QVZTQ2JjZVEtajk1bU4xV05sOEc4WDhoQVpPWVNE?oc=5,neutral,2026-06-20 20:43:04+00:00,0,0,0,0,0.5,0,0.0,neutral,0.8498299717903137,english,Mixed/Urban,love,0.06645429879426956,0.03362806513905525,0.05149415507912636,0.04534962773323059,0.6539804339408875,0.029118800535798073
news,post,711011cef86c467c,- dev.chinapress.com.my. &nbsp;&nbsp;dev.chinapress.com.my,https://news.google.com/rss/articles/CBMitwJBVV95cUxPb3lNbDFBSGlfNVo1WTkzeTBpOGp5a3pMUWFSdU4zb0VvME1FMDVPXzcxcWVBLXpxbTZ5c3M1Z2RjZDBBb0w3VTZyU1JLUVN6LVJRaG4xZmtaUC02MHZsYTRQdVB6b241RXMyUDVWZFZ2MWk5Mzh5Vm4tVkcyQ3A5bjFZTDNyaHAyOGhkWXhyUmJvNm5oLUt2OU8zdTlLd2Q2dW9NZnM1MUZHN3BiYWtoWWNPUFdMR3Z0WlJUOXdnLXVqbXFxVE1nOTJCWkM1Vm9hOHJoUXkwUnFyd05QY1JUNHRXN05pdlZDZDJlRHRPcGhGQ2hwVl9oM1BtX1Fyb3lXU3A2bFBGdkQ2S3V3X2dhSFlHR0ZreXJHeWdyTkhQSHhxWHNJMkVqN3pwcDJDQXcyM2ExMXBOTQ?oc=5,neutral,2026-06-20 13:17:08+00:00,0,0,0,0,0.5,0,0.0,neutral,0.8498299717903137,english,Mixed/Urban,love,0.06645429879426956,0.03362806513905525,0.05149415507912636,0.04534962773323059,0.6539804339408875,0.029118800535798073
news,post,ea466ad866f02053,- dev.chinapress.com.my. &nbsp;&nbsp;dev.chinapress.com.my,https://news.google.com/rss/articles/CBMi-wFBVV95cUxPaEFBYUVDajM4elpmVjNmdWNtRkJObWZQay1GM0t1alFQRjEtVUNWeHVQT1lOVXI5SElYX3lsRDU2RjNHSkJ1U2N6TlNGNW9nRUhUSWVUbjNYdGRvQU1WSFVsVjVrR1pqWXB2ZUxkRkpFcU5jZEEzUjNNeDUzOXF4QzlzamV6dU4zVDliN0oxMmFnSndZNTRlMnRXM2lCc1BKYmFneDRFMEMtd2JjeU1nT0Z6ejFXeFlFakZpajhGQmV2eElmQjNjNktiVWw4aWluU19pUGxZaVdHLTVIUEtWbkhNZWQ4TkdhMlpYTHdzVzRyWk5SZTZBZ3h2RQ?oc=5,neutral,2026-06-20 20:43:55+00:00,0,0,0,0,0.5,0,0.0,neutral,0.8498299717903137,english,Mixed/Urban,love,0.06645429879426956,0.03362806513905525,0.05149415507912636,0.04534962773323059,0.6539804339408875,0.029118800535798073
news,post,f11634ef8c6bb7cb,- dev.chinapress.com.my. &nbsp;&nbsp;dev.chinapress.com.my,https://news.google.com/rss/articles/CBMilAJBVV95cUxQbV9GZWNNeF95UkZXVFE5YmRUMjZSOUxKTVNzQ1JTZzFRZHBfU3ZiUjhMdWlRZTVLSkNROUpOWHpaeGUtcUNISjRBMnJjVDl0czVGOHB6SDhaSXRJQTM1TnpKREdHeDlYUm5pVlF5LVUtaGNJQ3pFUFdncjBJT25EWnB1dGt6TS1zcjZEUXUtcnBPZ2ZNaVptQ2M4WWNpOElzeHVKSzNiZ2JTanNqd3NBZEhhYjZaMEw2QTRRNXV4bUNUdUJUYk5HdTREU25ZQ0x2UWs4UDZZZzRBMVZqdTBpUjUtRHNscWtBeVdoSW4zTmo4TXlKaEQwYVVjRTNoazNGZGNMUGtLdVhRTzZESGtnQnRWUS0?oc=5,neutral,2026-06-20 08:12:59+00:00,0,0,0,0,0.5,0,0.0,neutral,0.8498299717903137,english,Mixed/Urban,love,0.06645429879426956,0.03362806513905525,0.05149415507912636,0.04534962773323059,0.6539804339408875,0.029118800535798073
news,post,14310def7c46afbc,- dev.chinapress.com.my. &nbsp;&nbsp;dev.chinapress.com.my,https://news.google.com/rss/articles/CBMi0gJBVV95cUxOaHRicW4tMTlSOURTdmFVcDRPWG5fS3pyMlpTTDB1XzdkbEUtbzRSaDhmR01ReWRSNVlQSDR2SGhvd1U4ZHVIRzI2X2UzS2p4aF9YNlZSbHdEMk1MWG9tUTB4Sml2eTJvX3RLejg4RWIyN2U5UjhtTGF3blRCdGRlTVN4Unk5Xzl3U1oxTW82R3dRU0ppYW5ZQUxaN09Tb2R1LUhTeFZyWEdqc09aN0l4N01jbGVqWV9pd3g4OFpaOHdsaW5vMFZpTklZZjFfVXdOdWRKcEpfNEZQYjVHWnFHbHJrelpVa19tRmJIbE9LQ0VFMWZ1ZXFKVjFmWjVHckdPZUJEenl5ZXdEVkR4MWc1TUZsdUY0RUgzOEtxSzNLRElRRkZvV3liVHFnaWhJTk1yb1Z4Wkh6UjVoRlBZUHluR21sSjJ2YTJhU1lob2gxQzQ3UQ?oc=5,neutral,2026-06-19 15:22:06+00:00,0,0,0,0,0.5,0,0.0,neutral,0.8498299717903137,english,Mixed/Urban,love,0.06645429879426956,0.03362806513905525,0.05149415507912636,0.04534962773323059,0.6539804339408875,0.029118800535798073
news,post,e05ee0c765f3afea,- dev.chinapress.com.my. &nbsp;&nbsp;dev.chinapress.com.my,https://news.google.com/rss/articles/CBMi2gJBVV95cUxPUFZnalAtLXRkVkV4NmNRdk0xaXNXLTJ0bkt5YmF0bEpsbFI3M3l6cGI5TEVRdWU4LU5ndWY5bDU4ajdnU0JydGM3Q1AyVWRha0VsRHBMLUFIRHdUVENkMm1mX2FsMWM0QWUyVHNrRW1DaWRjZ2RHNXQzLU1LbHV4Yy1DMWJyYUtNdDE4bUlaRUI3ZHplM25jQU5Wb3FRMjBicHBGWVJuUVBNTzdPdXVEUlBray16NkxHN25MV0hHd2dDQWJETl9vNml3UEFnbU05S1RhZVBxU1V3UDc0cnBUak9xR0d2b2lBTlNlX1pWNmdWdnFxdnN3azlYU0R2VWhBTVFjZmFJLUo2RDVJN3drWnA3VDBjN3RJVmpJQjV6c2JBdVRrVm9JS2wzS2g2eXd4eGpzTVIyQm9wVm11eW9nWC1ZY3E3THZBbll3dHhOQ09hNzVTODQ3NmZ3?oc=5,neutral,2026-06-19 15:22:06+00:00,0,0,0,0,0.5,0,0.0,neutral,0.8498299717903137,english,Mixed/Urban,love,0.06645429879426956,0.03362806513905525,0.05149415507912636,0.04534962773323059,0.6539804339408875,0.029118800535798073
news,post,94edde49b418aaee,- dev.chinapress.com.my. &nbsp;&nbsp;dev.chinapress.com.my,https://news.google.com/rss/articles/CBMi0AJBVV95cUxQOFljNkRzZkU4SjlMaHlkdV9LQjFuWnY2UEI2SGd6YlZwNWRsX2FvWmdjQ3o3amJLSmZHcFp5ZXhCQWFEcC1FVWpZeG9rQzIwTEhDb3R0WVZwamhSVzFuUk1FN0xmMG10QjJuZ1Z6VUJFYXExc2JQdkR5clRqWFNMZ1JKdWRjTVA2dWlfellVSVR3TzJIR2ZPTVBDNjR2bXdwTm9IaGpfQWxBelNRa3czNDJSSXBMWTh4MzV4dng3d0pmWXpmSlBPYkVsOHotdG9xT3JmS0hIR3NXR2ttNXdtZnNnaVRwYkZRT2ZyaV9FV2w1OURuY1NjX0Npems5ZzVIYVVORnZNU0RVOEpPdjU4SDhUZ25IYTRhc1lJdmhwMVdqT2g1Wld0MVRLOWNldlByb0lidUNNZHM0dDlIcXZLZUxydzNSUFVuclJMODZ0RU0?oc=5,neutral,2026-06-20 20:43:25+00:00,0,0,0,0,0.5,0,0.0,neutral,0.8498299717903137,english,Mixed/Urban,love,0.06645429879426956,0.03362806513905525,0.05149415507912636,0.04534962773323059,0.6539804339408875,0.029118800535798073
news,post,1d2503dec8ab2fed,- dev.chinapress.com.my. &nbsp;&nbsp;dev.chinapress.com.my,https://news.google.com/rss/articles/CBMivgJBVV95cUxOOHowRzV4TWlJRDk1ZHYyWjRxekpVTThwZFZHUlBldVVwcWhKdER4U1RXeUpyVXphT2hXZldKWXF1dWRTeHMyTU8tMkF0SU9zU09CREJIdzhCeTVuSUdDMUZBbmtHb0tZM2FkbGh5NGwxY0dCTlBhWk1VZUp5THpoUXNiNzRib3l0Y25ETXlJVkNaRWc4dUtKa1owc0c5TWdLekMxN0ZzUHBHeEYtUEc5STVwYW8xTXdfU1pZeU91bzRpbjZLcS1WQlFoV2gwMXlnNkxfNTRFZUF3VzVtemVzMlJvY2FQRERmOFdib2kyOWRFaHZIWUZqT3ZJUDJ3bkw3ME4wblBGUkVFeHRoQi11dVJBRkhZZ2kxUDh4VUxfSDNEbnJ0LVYxdXVlb2FlamFnTmFQakZweTI0VndUVlE?oc=5,neutral,2026-06-20 20:43:21+00:00,0,0,0,0,0.5,0,0.0,neutral,0.8498299717903137,english,Mixed/Urban,love,0.06645429879426956,0.03362806513905525,0.05149415507912636,0.04534962773323059,0.6539804339408875,0.029118800535798073
news,post,3d8d35b7c13730d0,- dev.chinapress.com.my. &nbsp;&nbsp;dev.chinapress.com.my,https://news.google.com/rss/articles/CBMiugJBVV95cUxPc3hnUTIwVi16blJOTk9LY3NiYkdQQXZQZ2tmUGhONDFSOXRnT19mTGZpN1l4WEVidzFNTFFGUkg2R1ZuVy15Q2Z1XzN0WUtJY1ZSTy13WDRIOEl6eHVWZUZpNU9GUHpvMVVHeVdJTmNvNDdYRUw5T1ZoQklhX2NwMTUzblRkT3VDOHhsZlVpdVNLUHY5LVd4QV9sMkhjdzhXaGJVWUh6aDN0YnRpeFBlTVR6cW8xRGRLZWRIcV9uYlJ0M0ROV3NGaFFWZ1N4U21pMjhqSmEzbEdyZUU5ZTVpWnRjamNzS3RvU0RGd3JCUU1ncjlYaU83cmpHQ18zSTNOWnJSM2s0WnQ1UjZRZmp2eExRRDBEdXhTSXFqc0JtWGFsd2NGRk94SExwNE1EdlpQVGJERkdQZVFMUQ?oc=5,neutral,2026-06-19 15:22:06+00:00,0,0,0,0,0.5,0,0.0,neutral,0.8498299717903137,english,Mixed/Urban,love,0.06645429879426956,0.03362806513905525,0.05149415507912636,0.04534962773323059,0.6539804339408875,0.029118800535798073
news,post,3845ae69fdd4415f,- dev.chinapress.com.my. &nbsp;&nbsp;dev.chinapress.com.my,https://news.google.com/rss/articles/CBMi1AJBVV95cUxPVHd1eWd0ajVuckhxU3ZlNm12c0o2R3lDOUdPNDJESUlscG9ZUHFVV2xQYjEzTlBqNkI1UXlRcUhnYzlYWXBZUlVINlFIZGNUcThxb1d0VTBhVDVscjhaRFByTmhySzRTVlM4THp6bDB5U292cU5EdkJEYS14X0I4NDVDV2R2TTF5NzJieHhYalB4Z0Q4X3hqRlAtUFlxV1BhMndsdEJLTGRhNFlHNkZrMmlVRVhzRHB4WFBQNm9jV2I3RUV6bkZ1akg3UnRPaU51SGFFTExjdUdwQXJ3X1I5eV81YmFTREhQX2lUSHhzbVp3MTFJRmRjVGNPTFdSc18tcU90cU90NDFiekVUU0FuTVFmSnZUNjJoRDF4aTFCZmZqR1lVWEJfRG56MkFDd2lEUmJMYUk1Sm1PQXNNY2ZPOXl0Z0pYcDJDSzdjSVdYR0JwQjdT?oc=5,neutral,2026-06-20 08:12:59+00:00,0,0,0,0,0.5,0,0.0,neutral,0.8498299717903137,english,Mixed/Urban,love,0.06645429879426956,0.03362806513905525,0.05149415507912636,0.04534962773323059,0.6539804339408875,0.029118800535798073
news,post,1b710ff0fd3a6f84,- dev.chinapress.com.my. &nbsp;&nbsp;dev.chinapress.com.my,https://news.google.com/rss/articles/CBMixAJBVV95cUxPOGhaQlZQQlRtNFhqeVJxeUZWZDhEcUZ0aEZUVGYyVFZSNm5uVWxKMzFmUEtFTHhlOVNSUGF6Zlg1aG5vYzN3aHZNLUFHN3RyZDdYRDNlMVBCbGZkd0RGbks1WnRTX1hqSEhNZkpLUWdUa2lGRk5zSG15M0MxWlZoeEptTTJnRDVtMmhqZVFMeHVDaXF4WE44WEl3RjJGOERmbHliNUZnNV8tSnBwT2tTRDE0UUM5UktqcTlGemZxNGc2ZTBSNHJhTm9CTjdubUlrdkVrc2NWTDFQOEt6d2U2Q1RGYzFXaVNqM3ZlZ3RpVHo3YkkxQnlIQTdrVUlOV1o3TWFGNTMyanRHcHZSYS00dlFRSDc1S3ZaaUFtSlExSFl5RmdERjNRWEpDT3VuazM0TW04TTVGMVV3bGZMRU9ZQlM3SGs?oc=5,neutral,2026-06-19 15:22:06+00:00,0,0,0,0,0.5,0,0.0,neutral,0.8498299717903137,english,Mixed/Urban,love,0.06645429879426956,0.03362806513905525,0.05149415507912636,0.04534962773323059,0.6539804339408875,0.029118800535798073
news,post,60b34386a1b99668,- dev.chinapress.com.my. &nbsp;&nbsp;dev.chinapress.com.my,https://news.google.com/rss/articles/CBMiwwJBVV95cUxPemZJTFlENVc2aEU0NnV5ZmlPUWdJSGY4RG5sNUZMeTktak9LTklKc3VNN2ZoZ0tuNlliOER5MHFyRHNtVXNLSEVZaEVfYXhGc1o1RUxZRmZhalJTOGsyTWZYZ2JFc3B4OWZBb2NGXzVIOHRzdlBLSnk5YkJqTTJ6cWFuSmtoOU42eFc5RUtmQWtNUUxWOUt4SEZRSnpYdWk3MXotOWM5Q0xSdTFnc0dKVkhwVnM5TG9XaE9kNnRkWGVNQVc0dXV6UmY0ZzF1azdzQ05SVXRYQUM0RWN6aTd2MEpSUXdfZl9TNkVWd3FhSzdrTU9EOWRSdmpvUkd6ZVZvQ0VpTGs0c3FGa253TVM5a2QxMmNTZVVGY2RvR3pBTTRudG8zamlZZ2xCVEVlWDRJbFJjS1pDR1RBNUtQSWtrbEhXZw?oc=5,neutral,2026-06-20 08:12:59+00:00,0,0,0,0,0.5,0,0.0,neutral,0.8498299717903137,english,Mixed/Urban,love,0.06645429879426956,0.03362806513905525,0.05149415507912636,0.04534962773323059,0.6539804339408875,0.029118800535798073
news,post,40bde93d0d90b7da,- dev.chinapress.com.my. &nbsp;&nbsp;dev.chinapress.com.my,https://news.google.com/rss/articles/CBMi5wFBVV95cUxNekhZYzVYal9HeERWTTBaN24yaVRVZWFxcHdydzhZODBrZWgzbFJod1lNQ050VWZRUzBzVF9qOFhHMkhpSnE5SkNRWUZZQ0J5aTJCWjBZa1pqYU44N2NfcDNIUE5ybzF5Tnd0Ym9nR3dvVldHV1cyRkViWl9mQmVqYzh4MTF6d2t3VnpPZUxrZ285a3hGMG9pbG1wMlJqZWtxa3BzSllRODZfMkUxY3FmUUY4ZlFWck41dXNfVW9YdC1FZFJnYUFWc3VLQXRpQTd5U045d1VIRWFwa1Q5dThsa2tLX2ZIMzA?oc=5,neutral,2026-06-19 15:22:06+00:00,0,0,0,0,0.5,0,0.0,neutral,0.8498299717903137,english,Mixed/Urban,love,0.06645429879426956,0.03362806513905525,0.05149415507912636,0.04534962773323059,0.6539804339408875,0.029118800535798073
news,post,f25c58c9b51fe002,- dev.chinapress.com.my. &nbsp;&nbsp;dev.chinapress.com.my,https://news.google.com/rss/articles/CBMi1AJBVV95cUxQODlyTFM4NDExM3d5aVpSZFBiTDhCNUU4WUw2ZFVGOTNrdzhwN1JzZk00OHFZX1hOd2UtM3VDZ3pUNFJsa3ZaYkJ4NXdKY0JueTRTaGZvUU1Mb1JhWEdBcG80YVR6Y1hpdXphVFJhQ1Y0S2t2X1hrY1NoMFdhak9LXzctYWVhQW84Vl9Mcnl0dGlyVU5RVmltTEM5dUxqUTF5RTd2N01BdHRpbmJTNGhCbTgxTHYzYlN2VlVuVC1YVFNmd292MXNVMDYxMFNROV92OEhZUzg5dzZ3UmNqUXB1RVZJMlFPbzE0NFpXSUl2VUNYTU1nZmNhZHhxWXlyU1lMUzlYd0JXa0c5OGdhMFB5LXBjVHpwcnFaY3p5azIwSlhUT1R2X1g3ZGlFWk85aFJVdG5zcEt0VDZtSTBBLWZlLUJrV3RMTW55LXlVUmlBWnJLSjJ5?oc=5,neutral,2026-06-20 08:12:59+00:00,0,0,0,0,0.5,0,0.0,neutral,0.8498299717903137,english,Mixed/Urban,love,0.06645429879426956,0.03362806513905525,0.05149415507912636,0.04534962773323059,0.6539804339408875,0.029118800535798073
news,post,1cb872a68408ee3f,- dev.chinapress.com.my. &nbsp;&nbsp;dev.chinapress.com.my,https://news.google.com/rss/articles/CBMi_wFBVV95cUxPWFJ2S1djaUVIUU5CT3VKQno2YlRiTXE1NnVFN0kzLVJyZ2djWE5QZW1jQWZFak44MlJRajdpNHR3aG16SjB0aGNRQkFTamJ0ZV9QaEkwQzFEWUNVU3JPMXc1NUh2NHd5eDhNU3FuWVY5VmJoTFlsZHdkU1RKVFBiMnhmNGhCSjdkOEdicURtSlVja2VydzJMOWNkUnN0R2JKMkppOXhvd3BQUkZWQlRuZzFkcnpEb3Q4LUFuOXpxTXNZTUhDQXZoU2x0OC1TbnBzYmJEblAzbnRaNWtVUk5ZVVhTM3E1bzFQSDNob1M2QkJSUUxqdUtwamx3SU53VU0?oc=5,neutral,2026-06-20 13:17:08+00:00,0,0,0,0,0.5,0,0.0,neutral,0.8498299717903137,english,Mixed/Urban,love,0.06645429879426956,0.03362806513905525,0.05149415507912636,0.04534962773323059,0.6539804339408875,0.029118800535798073
news,post,d4877b1b6cf1767f,- dev.chinapress.com.my. &nbsp;&nbsp;dev.chinapress.com.my,https://news.google.com/rss/articles/CBMi1AJBVV95cUxNajloMzFwOTRUd0pnTU05WjdUTi1HTk1YTFlyZFN2ak1EZUIxblVHR01UeVB2alA4VVVrR01vdUp4bGMwYUd1cVV5eEdMd2xMVUxYeGVDNFI5eUpNNy1vbHlKa3RVRDU1dUpJS2hyNUNoR0RDejFNampxTDJSZmpwV1NRR3RwdFRESWNDOU0weXVvanU3R0hMUmVmYnFUYzlwT2VhaUE2WUg4cWhta3pDWHJkVEFEbE5YN1RaNm9UTmFxb2NYak9FcWE3Y0NXRkRkQUN3cjdkdl80V05ubmJUdFVZM1B6Tmd5c0F4TzVNT2JZRGw2OHNOdU51UWtGWjdId0lDODZPSUZ1WUV4YUlmbHk1N0FiWTRLeW5DYTEyZXp0bkRvR2pua1pvM2wyR0dkZUdsUVlkUEVyR1otb3BFTFRNYjctRUpIOHFfQjh0TVhqeXdi?oc=5,neutral,2026-06-20 20:43:25+00:00,0,0,0,0,0.5,0,0.0,neutral,0.8498299717903137,english,Mixed/Urban,love,0.06645429879426956,0.03362806513905525,0.05149415507912636,0.04534962773323059,0.6539804339408875,0.029118800535798073
news,post,4c2ff754041368c7,- dev.chinapress.com.my. &nbsp;&nbsp;dev.chinapress.com.my,https://news.google.com/rss/articles/CBMi-wFBVV95cUxOZmVYWkdFSG5wRjlGMVdJQU9Yc0pjWVdKR2NhYVdXZndHc0ZpZ2poeU1kSWQ4SGNvNHRQYU1JN21NNXR4V3YwM0wzZVUyUXZVc0h2UmlhZTVHU0JRWURuUG1JVUFjWkFmUG95UU1uVnFiUzdOMGZNV0J5NXQ1TTBrdk9abHJQekZLWXpXQnBoQzdlSmRjRlZjOVBxbm56aFZKa1oxVUZmNXJpbnQ1UnBFVDhPZmx2Rkl2X2hHU3VjWl9fdnhlb1BvMFZZVm5FVS0xUXNyQUlPNnEtSDRQRTRNdWgwbE81Wl9ZdEdOMDBUWjdRMl8zMnZ2LXpPbw?oc=5,neutral,2026-06-20 20:43:12+00:00,0,0,0,0,0.5,0,0.0,neutral,0.8498299717903137,english,Mixed/Urban,love,0.06645429879426956,0.03362806513905525,0.05149415507912636,0.04534962773323059,0.6539804339408875,0.029118800535798073
news,post,c3ce276ba2004988,- dev.chinapress.com.my. &nbsp;&nbsp;dev.chinapress.com.my,https://news.google.com/rss/articles/CBMizwJBVV95cUxPR183c1lLZDJHck50ZU9EcUxyR3FueWt0am1sUDh4elh6NmN3NHRJa3FUWTV6RkZqekxYd2EwZ01oTlU3S3F0ZlB6U1RvdW1paktSem1wc2hlUENKanZHUGFhSDZobDQ2RWtpUThtc1pnTGU1WXFiYlRmb3hBOGY3VjhVVFlCX0lmaUprSGZGZVpaWjl6NF9EQ2FyRGtZeXFvX09zdUt3cXhGaGxGaFRXdVhEdWtVT1dudzdsZDF2azNZeU1GY3hncE5XWWlRQVc5Rk9uTFl5TXJTY2pzZS14X2ZPaEQ3VDB5Uy1YeGo4ZWlDc2FjSEZoQ05UZ29NeHh2cllKUlBXTzBGY3QybUk2cTZ1REdyNlNQRkJSU040U080NmgyeF92ZFdoLVZoYTlxWERxMmVCTWo5bUZFbVFuYlRiTU1aUUF6WjFzbnlUdw?oc=5,neutral,2026-06-20 08:12:59+00:00,0,0,0,0,0.5,0,0.0,neutral,0.8498299717903137,english,Mixed/Urban,love,0.06645429879426956,0.03362806513905525,0.05149415507912636,0.04534962773323059,0.6539804339408875,0.029118800535798073
news,post,7c1ede6da44ae63f,- dev.chinapress.com.my. &nbsp;&nbsp;dev.chinapress.com.my,https://news.google.com/rss/articles/CBMi2wJBVV95cUxQRHIxaG40Y0dsM3d6VEZUUFU5MGlCcy1WR0ExaEkzY2hwM2VhU3lzcEFqcVE5Y0hQbkF4R0dNV2EtdkNLYV96WDNad3VFUWVxUGtLZ1ZhSld3cmp6cXpsMWNsRTRKTGVncXl4NGpIQllTVkpMeTJ0NjlnZ0hhZnVBS2k0NmNJVktBTEJENWFKVHh1ZGFjbWZQMlMyZXdleGlZMWlkcjlPUTRjR1NzRlB5VUF6TXh2emFXVk53enk1MlRNLVNCWkJyY203WVFhU3ZTc3lra240X3RLTWF2cWxOTHdwc19lMExrY09RYzhrZEtFS3h6UmpHdVIzelloTk9jTVFzNTJXb05YM0lqMHgwOTVndlNRRmZqNF9nQmRJTmZQS09NcWlSRDZOQXUzREtWY0FxT193WWdRV3dZdHJwYkR5S2tjQ2xJeHJiZ3hubkduaGFCT2dfNUxOWQ?oc=5,neutral,2026-06-19 15:22:06+00:00,0,0,0,0,0.5,0,0.0,neutral,0.8498299717903137,english,Mixed/Urban,love,0.06645429879426956,0.03362806513905525,0.05149415507912636,0.04534962773323059,0.6539804339408875,0.029118800535798073
news,post,d19026cb731a59e0,- dev.chinapress.com.my. &nbsp;&nbsp;dev.chinapress.com.my,https://news.google.com/rss/articles/CBMilgJBVV95cUxPVDFlR0tGdWFobDZUV2k4Rm1yMFE0OG5iZ1VWX0pVRUlzWlJESWl5ZkV2M042bGVKUnI3MkVtSDA3dU42M0dpOWJaTmprTlRhMDQ4NUtEc0cxV3JsMng4THh5LXF0N2NleGZXWnZFc1RxMzVLcDNnVDlmNFBwUWdzTlB4RFVETTZxN21ybzNBc2NSbm5ZNkJxU3RjVnZISkJybzBnNjM0X2RoMGh0VFVpR3NGSllxbmtzci1WT3NESU9kUDBoYldfTUhOcjRieGR1S0hxcEcxTk1acFR4MFN0Z2ZMMFpGZWNkQ3dtY201TW9FNlZ2YndIS25TRVM4VDJxclVkR0NOYmJkcU1CWTQ2TVhjMktjUQ?oc=5,neutral,2026-06-20 13:17:08+00:00,0,0,0,0,0.5,0,0.0,neutral,0.8498299717903137,english,Mixed/Urban,love,0.06645429879426956,0.03362806513905525,0.05149415507912636,0.04534962773323059,0.6539804339408875,0.029118800535798073
news,post,fa912343898d5d97,- dev.chinapress.com.my. &nbsp;&nbsp;dev.chinapress.com.my,https://news.google.com/rss/articles/CBMi1gJBVV95cUxNWkFxTHFoTE5maTZ5dlFsRGFVZ0xsV1VpQjdIMU53MC1qLXk4MmJNNE03a0M2NWh3NWdWUTA5RFFzQmtqYmFJY3ZtT0lSQ0VUTWVDQlc3Zl8xYXhBMkEzbW9fVGR5THdadU9fYll3WXAzWDI0RHJjcFR4UTh4QUJ5T25wdUh4QTM4b2MyT3hsTlJuemJyS2NfNVVhNVZqWjY0OWFZUm1QSGk0S0V2RUtrbXNnbXdEMTJpTDN4aVpFaUhrZzVkU2VMU21FWEpTdk00d242RG94U05CbXdKX3ZKTVpTNTY3VkpsUnlNNy1XUkVrNVFLTUNweVl3cDBCMnVTWFB3Zk9mVjhBcUJuTVI5YWE5NGdMNHNTcXZ5RkU1MVFyOGN0a21TWGU1bHZCdndxcENxU0puZk5mUUhtLU0teU5ZOVE3U2xsX2FYejBzUF9YTU1sZVE?oc=5,neutral,2026-06-20 08:12:59+00:00,0,0,0,0,0.5,0,0.0,neutral,0.8498299717903137,english,Mixed/Urban,love,0.06645429879426956,0.03362806513905525,0.05149415507912636,0.04534962773323059,0.6539804339408875,0.029118800535798073
news,post,5e8b594c98aeb38b,- dev.chinapress.com.my. &nbsp;&nbsp;dev.chinapress.com.my,https://news.google.com/rss/articles/CBMi3AJBVV95cUxPYUF6bXhqTHhqejBTaGRULVM2ZVZCOU9XOU1QSEllaXpWT1l6cDZCc2ZMVkF0Q05ROXo0M0dENzhiWE54UDEwSVJjUkVTTUNPNUtQQm9OTXJZVTUwXzB0V0ZTMkNPMVkyQ3JCM1FlSEtFdS1PRmM4bm94WXY1U0JPTy04S0FOOTRUYlU2STNFQ09nR1F5SEgyMTNfb0Y3b2NPYk5UYjc1YVRSekppdUtfZ1g3ZURuRU9pNEVBVjlhWHByOHBHbEc0REwxbzEtRjN6Qi05YU9xUTNJT2cteGxmWUpUSDE4Uk0zR0tMdmRSQ1lHVkZsZGgyMGwtNENUc3BLMFU5ZHBtdUJWeDRNNXE0R3U3QWRFUVZmeXpsWHNOU3h6bC1GUXZfRWI5OHJZU3RuVnNOOVhzTkUzTlpVQk00dEtvYUUtUnNMRGtYeFZBUGl4dTF2WEpzYnFPNXU?oc=5,neutral,2026-06-20 13:17:08+00:00,0,0,0,0,0.5,0,0.0,neutral,0.8498299717903137,english,Mixed/Urban,love,0.06645429879426956,0.03362806513905525,0.05149415507912636,0.04534962773323059,0.6539804339408875,0.029118800535798073
news,post,f2280ce942500bee,- dev.chinapress.com.my. &nbsp;&nbsp;dev.chinapress.com.my,https://news.google.com/rss/articles/CBMiuwJBVV95cUxPMXMwa3hGWWdTZWhMUGNhZEZBa0tNNUo4WFg1cWFDTmVaVUMxUHBrU2R6QVowOElGNDMybVJyVWVHUXFZZDB2SGIyVk1NU1lYTDQtN21nZ2plUmpIekRQN3R5VFVJWjI4d2FOSkhYTWluU1hnd0twdDVzTFVnQTFscDN5OHJqaUFpenBFVDktWnBiLWF2SmhXYUZRLUxaZlJfZ1oxcXFxa2VObGlPRWZtQmhsOGVsbFAwNWdsUDBkZ2JHZVBmanlMVDFCdnZ1elBPWVI0aXkxbElZeXRVcTR0X3Y0ZHhyTy1PQ2E4UkRzME0zZERELVV1amJXa0Q0N1JRTHhVWndKNUhUNG1tQThJY1ZDcmhpRU1xbGJiNkNYdU5xcWp0bkhkVjVwckdCZkRIUXVzTDl0QVdwWHc?oc=5,neutral,2026-06-20 20:43:25+00:00,0,0,0,0,0.5,0,0.0,neutral,0.8498299717903137,english,Mixed/Urban,love,0.06645429879426956,0.03362806513905525,0.05149415507912636,0.04534962773323059,0.6539804339408875,0.029118800535798073
news,post,2cc18f47c50e4b0a,- dev.chinapress.com.my. &nbsp;&nbsp;dev.chinapress.com.my,https://news.google.com/rss/articles/CBMixAJBVV95cUxQVFhyNE1aTUpuRG5jaGJFX2xkcXJxdGE2dUFSVWlXMmxnNDhvOUMzM0hsVktoWUVIUkg5a3ZrT0JkVExEZGh5dWk5VGFJVzhCaXpsUkxTMFZ4NEE3dERXa1FFc0h3WktDSFlXRmt5QlZyUEg0cFJXeXdGMjdtSV9xMWFTMGdqb1h0VktoT1JqUVFkOUpTd01kbXNuNV81enlzTUlGQmIzWjhUZTlqQmMtUENySG0tQ3ZTeVlabFhxaXU3MGtJN2ZfV2ZXazRXRVp4anhNSGcxTEVIcTVQX2RXM09hemdGZmxRUVNzYVVIcHFLX2FlekFUcGRfRVZVbW9lOHozYWZPZFE2ajdjdEs2VDNac2FvNm05ek5mMGhpLVMyVmVCeS1PVGtJRVZyVVJfR3drWVkxUEtRanpnVlExTWdJeGQ?oc=5,neutral,2026-06-20 13:17:08+00:00,0,0,0,0,0.5,0,0.0,neutral,0.8498299717903137,english,Mixed/Urban,love,0.06645429879426956,0.03362806513905525,0.05149415507912636,0.04534962773323059,0.6539804339408875,0.029118800535798073
news,post,17725d081c177a0e,- dev.chinapress.com.my. &nbsp;&nbsp;dev.chinapress.com.my,https://news.google.com/rss/articles/CBMiygFBVV95cUxPLUU1OFJ3b0dSUFlmX01GUnRwd1lkejBsa3VJenFVM1VWajRmcG5tUDE4bGtoMTY3a3V5VVBwOEVHY09YdDMtekRGRTh3YUxuLURXZ191OC02UXlLbmZVR1RMeU5SUG1iVF9uT21LTnN6NkxpVnBBS0FxS2dXeGtLWURlNEVBR3RhbjdvVDUxN0dBMmg0MDA1bU9hcU5qdjVsLXF4V0tFOWViUjBhUGk3MnF3YW9TMGhsQWhMVHRHVTc0MDJrUy1XNWln?oc=5,neutral,2026-06-20 08:12:59+00:00,0,0,0,0,0.5,0,0.0,neutral,0.8498299717903137,english,Mixed/Urban,love,0.06645429879426956,0.03362806513905525,0.05149415507912636,0.04534962773323059,0.6539804339408875,0.029118800535798073
news,post,3a716afcda8b1259,- dev.chinapress.com.my. &nbsp;&nbsp;dev.chinapress.com.my,https://news.google.com/rss/articles/CBMi1wFBVV95cUxONEpYdWw2WE5wSXNMZ0JKeW5rQXdXVncxU0VnMFA2M2xpampQdUZPeWUteENrc2o2eDJBblZpSVBkNmRvTzROcU9leklROGQwckJONUswRGFyRExpM09mM3pjSG9JaFc3LXR5SmtDSzRUbEdndW5zUW0zS1JkallqRnE1N1pqOVFiQlJKcUFyOG1namc0bEFWZnRIemlYeXI4Um9CV3BGRzI5dHlDLWxOZE4teVQxeVFBYjB3MnFsNGc3bHJ1azZGLWZrWXplZ3BabzItVHM0QQ?oc=5,neutral,2026-06-20 20:43:25+00:00,0,0,0,0,0.5,0,0.0,neutral,0.8498299717903137,english,Mixed/Urban,love,0.06645429879426956,0.03362806513905525,0.05149415507912636,0.04534962773323059,0.6539804339408875,0.029118800535798073
news,post,ee4a11952c78b958,- dev.chinapress.com.my. &nbsp;&nbsp;dev.chinapress.com.my,https://news.google.com/rss/articles/CBMiugJBVV95cUxPbWo0WVF4cGFIcXJxM0hFU0c4OGJvTDlsOVowMFBzYXM4VHNOLUszQXoyeHpydUNIYTEzNGNVQmFhbU4ySHVyWS12TnpsT2xqYWdJRi1RdkhNN21oVHNRampYdVB1WEtFYmozdElSckd5VmRWWkNKTWtjUUl1azZvc3BucVdmY1I5Mzh1ZmJQVHNkV0lsSUpUU0p5MGxXbGI3ZnRaVXNVaXVmS0NqZXRjTHl6Ml80SlV0THNqTXFMM2RZSk9uUEt0MjFyVEo1WGo0RnNHMXNibVZaXy1uNm1sd1BsejhFdTNqLWpvaUw2SjVIVkNwRXRtSWNWWWFMX2xGYVluLVRyOHFvQUpXTnRzSDNBN2htR0E0NUIxTE9hN1NxR0NiSDFLNzF4ZnpGemNJa0cxYU5YQXNHdw?oc=5,neutral,2026-06-17 12:02:58+00:00,0,0,0,0,0.5,0,0.0,neutral,0.8498299717903137,english,Mixed/Urban,love,0.06645429879426956,0.03362806513905525,0.05149415507912636,0.04534962773323059,0.6539804339408875,0.029118800535798073
news,post,6ee6d1b1204e8639,- dev.chinapress.com.my. &nbsp;&nbsp;dev.chinapress.com.my,https://news.google.com/rss/articles/CBMi1AJBVV95cUxOdDZNeEJVWTdxV0oxdmVRNzloV2UzVG1TVDZua21wQzlINXdueXg2R1FqdndaZlhvNktjOUlUWUdGb2duRERSZU5VX3kxOGpJY3ZlTGdqSW5CS2VaMHY3Q1ZHNlZrN1pXMHpKUVpiUHFWRzhJeTB1TGZKRXpOZjZJcGh0SG1xVmk1MkNWOUZfc3BjeGI0VVJKNWg0R05LX0YyNWpNN2RpX3NvRDlYQWNwOXdzSjV2d2cycWhSbTF6UzdQaTdJNllWMVFxV1hBQmF6MFdYVHdfOVFONDZaMjFVVVZfYXNpRXJicWhuM2JzUGRnZ2VJSjVfM3dMQVBNWTJadTV3cXlEd2tCdG9iYnRDMEpPbjhxdld2NDFEak9wM29FUFd2aUNQa2lfRWc2dU9VTWt3aFBCSFIxZUtERmRvOTAzcTJhYmpDYTF3RWFOb3JPOThS?oc=5,neutral,2026-06-20 08:12:59+00:00,0,0,0,0,0.5,0,0.0,neutral,0.8498299717903137,english,Mixed/Urban,love,0.06645429879426956,0.03362806513905525,0.05149415507912636,0.04534962773323059,0.6539804339408875,0.029118800535798073
news,post,a170b5f45efefd7a,- dev.chinapress.com.my. &nbsp;&nbsp;dev.chinapress.com.my,https://news.google.com/rss/articles/CBMioAJBVV95cUxOVXNVRXhncS12dFhrSGZsQmtSUXlVREs1d1ZaNVc5NV9kV0ZjOHUtVHROZWFBUWV5SnZpSmMxSmNGZXk3Q0JxcHU1LW5nZFZrSHVSbUZvS3hKRnhsQzJDMW1Eb0FxUUFKdmw1ZDEyVnN2WFFKV3EwNnZHUlZXT3c4T0dBZ1VaczRqRE1oMVo4SDVuMVNjRXFQMjlDTWRHWVQyN0N6dVVFSmtTRGw3Yjk5Nk4zOGxMeVBiMC1RRmpOUHNVM1ZnM1pPNVFZU1REZGhVeDdveEdrQVNzR3NURXVNbzhTVmcxQjNJclVEUXVYVVU3d2FxVjV3STFqaGdUVDZqSDBhd0FUeEdRRlltMXNfUjdzNGM3Unl0UDJvbDlVdVU?oc=5,neutral,2026-06-17 12:02:58+00:00,0,0,0,0,0.5,0,0.0,neutral,0.8498299717903137,english,Mixed/Urban,love,0.06645429879426956,0.03362806513905525,0.05149415507912636,0.04534962773323059,0.6539804339408875,0.029118800535798073
news,post,3933e827af25e741,- dev.chinapress.com.my. &nbsp;&nbsp;dev.chinapress.com.my,https://news.google.com/rss/articles/CBMixAJBVV95cUxNanIzVTFKVTdmSG9XakdXa1RrZTN2ZEUyS3FDYm1yWXdlbFpBa0FaOGtNMEVuWUxZaFlvVm5EanhqMk1lQVdRMEhJMnZfbU1aYTJwM19oZWRaZjA5MTRJZ2FIemRlMGZpbENPRlVXMlhSSVktdERjN2k1VGRualVhaGdsRXVhY010UnVDUUZCdHFwaWozRTk5eDIwbWRrTTNGcGR0Q1ZFa2F3SGdhTHd1SFczcEdLTWV5aDNtVEFRTTgyX2hTTm1jb1lwRmtabEc4bUJVRFpiZHM2Nm1PUUJLcEpxZEpzanF6Z2pZb2xmYjFCbFhqMjV4X2pnNDBGcGV0eGVkOTAzNkNDcUVibC1yMmoyR25UQnEtOVF1SDVMOVhsWU9CT3ZHdmdOZUtNbFdHQ1ZUenNlRzg4V0NJX3U1elI0S2k?oc=5,neutral,2026-06-20 08:12:59+00:00,0,0,0,0,0.5,0,0.0,neutral,0.8498299717903137,english,Mixed/Urban,love,0.06645429879426956,0.03362806513905525,0.05149415507912636,0.04534962773323059,0.6539804339408875,0.029118800535798073
news,post,52a30c6492085112,"Malaysia News: National, Regional and World News. Malaysia News: National, Regional and World News&nbsp;&nbsp;The Star",https://news.google.com/rss/articles/CBMipwFBVV95cUxPRFNMaWs2c3F2a2ItbWI1MWNEWTgxWEdnNmtTc2hCZDI3cWJ4TVV0SlB6OFROaGd5aDBSRnhtT2NPY1JZOHJHWVNtUzRlZ3lfZDNQWkJPdXlMMXpWRWZMS0x3UUFDRkE2VGE0MEZnc29GdGJfWDR3aHhaYktoNTd1ZTQzRG1hNDlTR1Z1LTJNRmQ4a1ZvVF9nVEw4QVpHNnFGekh0RmtvZw?oc=5,neutral,2026-06-20 06:32:57+00:00,0,0,0,0,0.5,0,0.0,neutral,0.9186616539955139,english,Mixed/Urban,no_clear_emotion,0.020716490224003792,0.008947125636041164,0.030702468007802963,0.020231952890753746,0.1509934812784195,0.020902182906866074
news,post,5e279e1de35a7124,Malaysia to 'seriously' look into expanding settling foreign trade payments in local currencies. Malaysia to 'seriously' look into expanding settling foreign trade payments in local currencies&nbsp;&nbsp;The Star,https://news.google.com/rss/articles/CBMi8gFBVV95cUxONzlqTXUzbTczWmhycFVHTlhSRDVaREp2NDZaWE5vZVRUbmZDZXZLQWNlMFQtUENhM1prUVFaNXI3MkVXYTJ1cExnbm01ZkhaQTE2T0VsSmUzV2lCRGNNWG5fc3MySGlnSzJadTE2YVlXZXdZRVV0Z1J6alFpWTNSazhRTTB2ZFhnY3BoRnMxd3VmRXBhR2F3Zi1KTkhDR1dXRGRna29ObFBaM0VjUTIycjFMV09yZ3FQNFFVaGJ1dGRrWTdack1kT3dqLXU3eHdPWnJZQzlYN3NrUEdsU0J4RXcyc0xJYVRtUUZOSW9mUXAwUQ?oc=5,neutral,2026-06-19 01:43:00+00:00,0,0,0,0,0.5,0,0.0,neutral,0.8805168867111206,english,Mixed/Urban,happy,0.041935838758945465,0.05376122146844864,0.6230195760726929,0.022288059815764427,0.1132991835474968,0.030311817303299904
news,post,fd509bf7dd91b50f,"Malaysia’s fuel, gas supply secure for 20 years after talks with Putin, says Anwar. Malaysia’s fuel, gas supply secure for 20 years after talks with Putin, says Anwar&nbsp;&nbsp;The Star",https://news.google.com/rss/articles/CBMiyAFBVV95cUxNWjE0Q29xdlVPOUE4SEduVF92RG1HUzBpdmU4dG5UT0FpUnJNQnQzMk9pa003Z2QtYVRZajI1dTZlWVZqdHZXWjdLT25fRWVnalhYZVU3dGRNTEhSWldBNzVwRDZncGNvLXFlYV9qckJWQmNVbmFJZVFlODNlQ3JnTnhJLUd0cEdRRmc4M1BmWjl2VmEtcEx1SzlHUVpJRW40QlR5ZHZLUXZlYzBELWgxQS1nWUc5bzF4bGhzck5Fa1dlVmthRF8tcQ?oc=5,neutral,2026-06-20 06:40:00+00:00,0,0,0,0,0.5,0,0.0,neutral,0.7780166268348694,english,Mixed/Urban,happy,0.03574550524353981,0.08140736818313599,0.7946116328239441,0.009515749290585518,0.04535531625151634,0.012498312629759312
news,post,c74fe9ea9403b37a,Star Karnival Cuti-Cuti Malaysia 2026. Star Karnival Cuti-Cuti Malaysia 2026&nbsp;&nbsp;Star Media Group Events,https://news.google.com/rss/articles/CBMiTEFVX3lxTE84TlcxSGtXbWZNUExqRy1lS1pGNE9fUEF6VDVIRl9UMTRtaV9VclVIWDIwQ3plbkZjV2RTNnk3T05NeWZ2d0stSUhtcVU?oc=5,neutral,2026-06-20 12:54:48+00:00,0,0,0,0,0.5,0,0.0,neutral,0.9977161884307861,malay,Malay/Bumiputera,no_clear_emotion,0.016728419810533524,0.02645510993897915,0.06606501340866089,0.017651088535785675,0.186495840549469,0.04784933850169182
news,post,7f3ddbf014c166ee,Glove firms at strongest since downturn. Glove firms at strongest since downturn&nbsp;&nbsp;The Star,https://news.google.com/rss/articles/CBMiogFBVV95cUxOeFM4c3laaXBtUFdRSTNmbFdaYkVzUVp3RGtGSXA0a19TelR6d25STE04aDQwdDlwMmR3ZkFERlYwRHBiUEhFVkZLZzNzRER0MmdpNGRPcm44QzhhVW84dE51WFFTUkZ5LTZsYWJmMHgxTENlUFc3WHgzdXRSTGtFUlM1N0ZxUHdCU3NBTERCSXppQ0pGSXlpMmhLRVV5N2ZNWGc?oc=5,neutral,2026-06-17 23:04:21+00:00,0,0,0,0,0.5,0,0.0,neutral,0.7089011073112488,english,Mixed/Urban,no_clear_emotion,0.04108339548110962,0.05405903607606888,0.34303906559944153,0.020308546721935272,0.14057955145835876,0.046744540333747864
news,post,ea396eb9645e7b44,China says 'welcomes' Iran-US signing deal to end Mideast war. China says 'welcomes' Iran-US signing deal to end Mideast war&nbsp;&nbsp;The Star,https://news.google.com/rss/articles/CBMixwFBVV95cUxNblFVQjVXdDFjZUYwRTBqNVZwVVdWaTVrQmlBZ1hmR29TRWw5cEI3RXBzcnNIYzRmT2ZtaDBXcm9NSnpTMWpQYVFjVDhjdWEzTnlXekNPSDNUaXM4V1Uyamc3V2FvVWktUksyYk5zd1pFN0ZCU09SaW85NW1scHdKZVNmT05mbjlwSVdjN3dkMkZSY1RLQ054bGhjcElJSV84SHd0alZhT0ZGUVYzWDBNN3RjSUNYOWlGOF96Um9MUFFIX1VNbXA4?oc=5,neutral,2026-06-18 11:50:00+00:00,0,0,0,0,0.5,0,0.0,neutral,0.7160891890525818,english,Mixed/Urban,love,0.05952192470431328,0.02476862631738186,0.18574292957782745,0.03165936470031738,0.4068548381328583,0.027413859963417053
news,post,de6a9c921e0369d2,"Vodafone Australia network outage hits thousands, services being restored. Vodafone Australia network outage hits thousands, services being restored&nbsp;&nbsp;The Star",https://news.google.com/rss/articles/CBMiwwFBVV95cUxNN1pua0xrS0JQNVNyeWJtSXpIWUt5cDRNTDh5MEQ0YjBuSVBKYVZxeTVDcFhNMGZWWl9jU3pCNEVubWNwWGZEdlQwNHF5YVBJaTh0U0l6WnBUTURSRTAzaDVsT09yV01aZ0hSZm1fQmNzSzZwaElLSzh3cVZfMDNMNERJbjJaVUg0SC1LMzVRSUtLWGh6akJoMmI5dDBFNWJaWGgxalA3cmtUM2RDWEVqRndsMGx1dDNERlpnTHVoVWhldmc?oc=5,neutral,2026-06-18 03:17:00+00:00,0,0,0,0,0.5,0,0.0,neutral,0.7547650933265686,english,Mixed/Urban,happy,0.06678737699985504,0.1700807511806488,0.48023051023483276,0.0355500765144825,0.11930440366268158,0.06871045380830765
news,post,e4ed7a97e3e679a4,Microsoft launches AI agent with pay-as-you-go pricing. Microsoft launches AI agent with pay-as-you-go pricing&nbsp;&nbsp;The Star,https://news.google.com/rss/articles/CBMiqwFBVV95cUxQLUQ1SHpHbW15NjJqR0p3bHlTNGo0dFJ6d2FzSWpFS2JfMlNGT2ZoN3UxdDFaNDBhVUpvX3Rfb0V3OTluc3hMcVNSbVZrZE9iN21Qa2RObHpGMWt0X2hGUVpvUlZBeURra1NtVlBIRlNUclp2TGtOcHFMbEl0LV9wMGRaQXVfU0VsRnlFcXhMWTFMRzItU041RVlReHBTR3VtekVhVE5NT1ZKNjQ?oc=5,neutral,2026-06-18 01:00:00+00:00,0,0,0,0,0.5,0,0.0,neutral,0.6003444790840149,english,Mixed/Urban,no_clear_emotion,0.0408979170024395,0.02533094771206379,0.13288597762584686,0.030457304790616035,0.15254902839660645,0.05051520839333534
news,post,bca23c3c5da96436,SpaceX set to overtake Amazon in value as it soars. SpaceX set to overtake Amazon in value as it soars&nbsp;&nbsp;The Star,https://news.google.com/rss/articles/CBMisAFBVV95cUxNMHBUdVBiY3EwNHA5V0hjamhRdzBFRlFZUzRxbUZSMEg2UVlEbFIxS3dWZEpraVhpd2l0cmx1YVg1dmZBamhmZmZuWmZTSDExR2VFVGp2RHpDWDJxTDJYWVNraTR0aHFmMjFpQkFWNDNHUmxZR0k3N1F6d24tODhjelF1a1lVT25rTm1YT1VtTEhEWUJ1Y0RrS3Y3cGhmRXBxXy1jVGM0WlNveF9yRFNlRw?oc=5,positive,2026-06-17 22:02:16+00:00,0,0,0,0,0.873961478471756,0,0.0,positive,0.5798715949058533,english,Mixed/Urban,happy,0.03474302217364311,0.07492513209581375,0.6608753204345703,0.014562610536813736,0.040664736181497574,0.034186866134405136
news,post,6a62fe70452aa252,"Azmin, Radzi dropped in Perikatan leadership reshuffle. Azmin, Radzi dropped in Perikatan leadership reshuffle&nbsp;&nbsp;The Star",https://news.google.com/rss/articles/CBMipgFBVV95cUxPM3VDc0JQUXI2UVQ4YnM2THZqTlFCaklhZUphMHVWLW1xWkZpSHd2cEpycnl6SlZSbW9ZUjhWLV9WZGQ1ZjYxZTlSbFVmWC0yWFNvdDlEbW1RNXlvYnZKQjJBbnBTdkpES2ZWNk91b2dZOGJLRTNNTndHVWk5dXdjemtTRjNQMGZLd0JHYjlOcEJ5cmRFMDQxSDlyTEVxa1hiNlI3YjJB?oc=5,neutral,2026-06-17 16:05:00+00:00,0,0,0,0,0.5,0,0.0,neutral,0.6362287998199463,english,Mixed/Urban,no_clear_emotion,0.038730911910533905,0.014303315430879593,0.03104432485997677,0.015577837824821472,0.08369555324316025,0.021740460768342018
news,post,61c33f82a06c7d53,Estonia to grant AI bots legal rights with personal ID numbers. Estonia to grant AI bots legal rights with personal ID numbers&nbsp;&nbsp;The Star,https://news.google.com/rss/articles/CBMitgFBVV95cUxQcTBxT2JjSTZtUk1kWW04T1VJSzdfRDBrbWlVNVN1TThVSmNkRTZXNEpFb0lUbzZnWGlkTEZrcjB1c0NWU0M3OTFiVVMyNHBjckpIeFVzcU9PUTlsYnNYOVdiQ0VvcDBmUm5EWEN1Qk04RXF1bFYwNHZkVVN0VUtjVk9od28yc3MzNnEzU2QxLUlpZXItZWhvQkNhR2xSYnlLYVBhejh1bDUzbWxRSUxPU1lyY0IwZw?oc=5,neutral,2026-06-18 09:00:00+00:00,0,0,0,0,0.5,0,0.0,neutral,0.8842633962631226,english,Mixed/Urban,happy,0.03603909909725189,0.04636688530445099,0.3736034333705902,0.033944614231586456,0.20941250026226044,0.05191533640027046
news,post,255456f15fbcff4b,Singapore to lead Asean AI push. Singapore to lead Asean AI push&nbsp;&nbsp;The Star,https://news.google.com/rss/articles/CBMimgFBVV95cUxNZS0xM0FNcmltU3dFRlhObUlsTV9QNUZzbEQ4T2Q2TXNXMy1QdWowc3BTM3haSzhiOUV3Z1FMT3VGRFI5TWU4aTBnUVNfUXhxMFZQdXl3Y0hxY2Z2RFh3M2wwdHJ2cE14WEFTZ3BhbzhmLWRWUnVEeUlnSkNyNDRRT2d3U0dpNDlVOERsV0RkSkxGT29kenZoRmln?oc=5,positive,2026-06-17 23:44:49+00:00,0,0,0,0,0.899983286857605,0,0.0,positive,0.6666109561920166,english,Mixed/Urban,love,0.03790930658578873,0.021664876490831375,0.2970971167087555,0.020609358325600624,0.46674224734306335,0.022269658744335175
news,post,e735db58d372c84f,PM Anwar conveys condolences to family of student who died in fall. PM Anwar conveys condolences to family of student who died in fall&nbsp;&nbsp;The Star,https://news.google.com/rss/articles/CBMitwFBVV95cUxQMzBzNkxmdDFpXzVuN19zOW9BclZsY0g4ZUVEcDEzcEZlRWRtVjY1aGFLNkJXLTZJVzJfUlp5VTdHa1IwTnNVMVNUdXF4ZndNa1pNbThfUkt0V0laZHhIUXVkc2ZGSWVfcXk4dnYzd0J1d2Z2V2FGZjdva2w0WTUyMzBKMXFkV1RXRklqbVJENGwyTC0wZUZod3YxUlhCMHF3N09TWm50RVlGOUYxQUhtZGVqU2l1Sk0?oc=5,neutral,2026-06-19 14:49:00+00:00,0,0,0,0,0.5,0,0.0,neutral,0.6575114130973816,english,Mixed/Urban,sadness,0.04080700874328613,0.03931041434407234,0.011476635001599789,0.8520298004150391,0.02345375530421734,0.017585746943950653
news,post,e22fd73986fac580,PERKESO: AI used to block RM5.33mil fake incentive claims. PERKESO: AI used to block RM5.33mil fake incentive claims&nbsp;&nbsp;The Star,https://news.google.com/rss/articles/CBMiqAFBVV95cUxPa0FOeG5uRFpjcWdpaGQ5MlZQejZYREtRS055cUtEWXJVSTZHMm5Bc2NyUEJMWGNSby1vUHBnaGNrMmF1aXBQY19FZ0F3eU1hOEttb0JHdG9CVnl4TXE1QUhKWVlRYXRWblcwaTVPSmdfR2xSVWFpdHZsMGpxM2dUZ1Q3RE9xeFNwNW5kM0NOMzFkSUdxTkJKbS16TzNwRjIyUWstNHpwa1A?oc=5,neutral,2026-06-18 07:47:00+00:00,0,0,0,0,0.5,0,0.0,neutral,0.6613665223121643,english,Mixed/Urban,no_clear_emotion,0.10580611974000931,0.035959258675575256,0.08600126951932907,0.03919428214430809,0.14851894974708557,0.03624000772833824
news,post,c7a52d5e73726179,Perodua reduces service maintenance parts price by up to 10%. Perodua reduces service maintenance parts price by up to 10%&nbsp;&nbsp;The Star,https://news.google.com/rss/articles/CBMivAFBVV95cUxOVWc1MFI3MnZmUlJfNEE1QnhkY3ljdWdudEt6aUVUVzI3MnI1Y19seGktSVdsTkxoMU5ZdWRLUFRCeERid3pHMGh3VnA3eTl6OGk4bW1IX0pVZmhrcElrVVg5VEhtMUVDa3JoSktxTEtUci00TVRfc21EakpkRk5xODhJOEtDWUxMeUFjMmZWTzd1STUzSXVOMk1iaU55VWxhMXhwWTAtWUV2RGNuTDh1M20weXJ6T29MbExEdA?oc=5,neutral,2026-06-18 08:51:00+00:00,0,0,0,0,0.5,0,0.0,neutral,0.7630446553230286,english,Mixed/Urban,no_clear_emotion,0.05761105194687843,0.06232714280486107,0.1888587921857834,0.04884998872876167,0.22689299285411835,0.0765983834862709
news,post,df5084195c1a2e28,El Nino impetus for oil palm stocks. El Nino impetus for oil palm stocks&nbsp;&nbsp;The Star,https://news.google.com/rss/articles/CBMinAFBVV95cUxQN3E2NFI3Z241dHdZYlVFUzZRdGRLam1oOXdLQTYzVzRDNmNEMzZLVTRmX1hyR1JyTWJzZDU5dnNCM2FlZmVQQTFwVUZsbkY4MmZNOTU3Nl8wUGRBWUM3eWo2ZEpIMzdmdGVLOEdnYUJndUlBbVlsNnRoZG5DS0UwbGFUSndzUmlUSmhybmc1TVhOdXptb1JnOHFwT2Q?oc=5,neutral,2026-06-14 23:29:36+00:00,0,0,0,0,0.5,0,0.0,neutral,0.8473774790763855,english,Mixed/Urban,no_clear_emotion,0.030532654374837875,0.014224160462617874,0.08324214816093445,0.012492682784795761,0.1518867313861847,0.02178010530769825
news,post,9fb9412562aef5fa,SpaceX vaults past Amazon's market value as options listing fuels surge. SpaceX vaults past Amazon's market value as options listing fuels surge&nbsp;&nbsp;The Star,https://news.google.com/rss/articles/CBMiwgFBVV95cUxPcExIUDc5dVgyU3BWTFIwMTk0T2ZjaG1saEJ1TXVBME1zWm5xQkk3eUpmT1hDQm1iZ04yQllaVy1ZUWhzb1dyN2lyNTVBWW1nd3ZZZDJfUlFKZ1dKVHNHTzB4ZTctYW1FYk9qV2VwaFdUcW80V3Y3Mi0yeWZITENrSXpMVjdwU2V2QUk4Z2VVeEVkM0ZidXN4Y1IxalFTRTl1bjdqM0J5a3NldTdyTC10RG9zdGZReEg1aF9FZkJsdUVoUQ?oc=5,neutral,2026-06-16 09:21:00+00:00,0,0,0,0,0.5,0,0.0,neutral,0.6271210312843323,english,Mixed/Urban,no_clear_emotion,0.05596420168876648,0.028440767899155617,0.10221858322620392,0.021067887544631958,0.07546170055866241,0.03361717239022255
news,post,8c2a118ff88501ee,Top STPM students to get public university scholarships. Top STPM students to get public university scholarships&nbsp;&nbsp;The Star,https://news.google.com/rss/articles/CBMiqAFBVV95cUxNOXFTUlY2VGxZTkU4dTdHa1VPeGN2NVBtLTM0X0dZRWtxdFBDSWZGdHJwSWp4LURTb19GVWRsNVc4R0JHaEg0bW56R2pfRE5COENtNXNncXZ3d3p6U3BrY09ZX2RuOHAyX0gxYmdUN29mUzN2eUhTQWxPN3g0WFZTMS1jMFBzSTZ1eExxc0Z2TkwyTmRxV2tPbWEtZW1RaDdtTGZWYmVDYzY?oc=5,positive,2026-06-18 06:17:00+00:00,0,0,0,0,0.8585049450397491,0,0.0,positive,0.5283498167991638,english,Mixed/Urban,happy,0.02529231272637844,0.07001526653766632,0.5342085957527161,0.020389514043927193,0.10941674560308456,0.0563942976295948
news,post,8fd0fb6eaf191db9,"Schneider Electric, Foxconn partner on AI data center infrastructure. Schneider Electric, Foxconn partner on AI data center infrastructure&nbsp;&nbsp;The Star",https://news.google.com/rss/articles/CBMivAFBVV95cUxOWWlLZGp1WEF5YkxfbWtmYl9WcEE3T19lS2lYQkQ4amo5eFY1TlB6VFdBcEVaM2NFSE1UY09tYUdEYXFST2taTHlDWnh5TDJKQS1hY0xSNWt5SVVPalhaLXZmTGI3a1lpc05FZFBXMloxQTUyWkpHU1ctY1J2NG5pUXlNZWhxbmE2XzgyN0c0XzlhZEdyVXpMTXdtSkpocVI5QWFHUGNBbUtSTjlVNnYyNHFocC05Vm1IZW1FOA?oc=5,neutral,2026-06-15 05:27:00+00:00,0,0,0,0,0.5,0,0.0,neutral,0.8596963286399841,english,Mixed/Urban,love,0.07802367955446243,0.026374420151114464,0.1194334402680397,0.04835578054189682,0.3573378920555115,0.04473673552274704
news,post,238dc70d97367dbe,Ringgit opens higher against US$ on Fed rate hold expectations. Ringgit opens higher against US$ on Fed rate hold expectations&nbsp;&nbsp;The Star,https://news.google.com/rss/articles/CBMivwFBVV95cUxQa3lqZ3UwSnRYa0t2aWV5ZmlHUHRKMXRDMjliZktfaG1vOUtKSTEwaWFYSXRfQ2NuT3VIZkpnV0hpZTZGYnV3dk5zSlN6dVV4RVpSVnJRX0F1Mm5YTkYzazgtdGhFS2JZdEdCZDdjeUt0bnN6S09WekJ1QzJfUkJjZFB6UU1CMGE2TW5uaTVmeTZ2NmFfWXhJWkpGSE0yNlk5TEExYnFPdHBrcGhvQ28yTlVPTmZra2xKbTZyVjFaSQ?oc=5,neutral,2026-06-16 01:01:00+00:00,0,0,0,0,0.5,0,0.0,neutral,0.7408566474914551,english,Mixed/Urban,happy,0.03467412292957306,0.03172662854194641,0.5954461693763733,0.0161911491304636,0.12279605120420456,0.024153996258974075
news,post,7648a0d81a96d086,Keep the final decision-making and sensitive data in human hands. Keep the final decision-making and sensitive data in human hands&nbsp;&nbsp;The Star,https://news.google.com/rss/articles/CBMiuAFBVV95cUxPUEZHdmw5QmJuemxGQngtdlFWYTFadElZcmExeFp4bk81TmJ1THVjdU1tZ1R2Y3lpUWs3Z0trUEpzVGFDRHZLd1hKUzg2UVdzN1BrdmRTNGdvbEhFcmM2ZGI5M1BIbURISzZRb2NGWExDOUFaYm1iN1c1VzdkUFIxR3VyaER1Nmp1NDFVUDdyNFJOVFhpNnE4Y1pXcGkwVk1LTUo4S0tXazBTOEtMcUx0ZjR4WVIyX3pn?oc=5,neutral,2026-06-15 05:00:00+00:00,0,0,0,0,0.5,0,0.0,neutral,0.806641697883606,english,Mixed/Urban,love,0.05778413638472557,0.02981417439877987,0.07423976063728333,0.023101918399333954,0.7687798738479614,0.019697466865181923
news,post,5fed0a24e382f1fd,US order cutting access to Anthropic's AI models sparks criticism. US order cutting access to Anthropic's AI models sparks criticism&nbsp;&nbsp;The Star,https://news.google.com/rss/articles/CBMivAFBVV95cUxPWTZjRC1CZEZGQ0tmZ3JPX2c2QlRERHI1TVdwOWo5eUo3N0xidGFCaTNDaWtUdVhlaG05Q0hWWHg2WTFDODJIYjRMclB6eDFUUVFXeVNRTEl3UUdocE0wWmdNd2RyUEViMEFLVTVQNTBWbWdOVDYxaVZwVzl3d0FJa21Gclc0M3JjaTI5UnN0eHllT2FiZnVLWEhMNkRBenl5cEpYak1NQUZ3dVZ1OFZDaTQ0WHQwTlhMeDRDdQ?oc=5,negative,2026-06-15 04:00:00+00:00,0,0,0,0,0.1054900825023651,0,0.0,negative,0.648366391658783,english,Mixed/Urban,no_clear_emotion,0.024492943659424782,0.020090563222765923,0.055200330913066864,0.017035838216543198,0.08413257449865341,0.030333738774061203
news,post,07cc5bf490030fc1,"EU Commission looking at practical consequences of Anthropic decision, spokesperson says. EU Commission looking at practical consequences of Anthropic decision, spokesperson says&nbsp;&nbsp;The Star",https://news.google.com/rss/articles/CBMi1wFBVV95cUxONFFxWnRIclk5Q1F6X2NDR2NyOHVZZGdJOTdBWkN1WjJMOGJCdjdBZUVnZENqZjhnM1JNbHd3bU9uMkVRNkgyN3Q4ZnNUc0NrdDNPV091VWw4YjRwa25DaHF2RFl0YTA1TFA0dnNrdm1nRnh1RGM3OFpSVzVjMklWZXdXQ0NER3lvRzVWTHBfRGFRbmZBc2JxMEI5UnNBM1NaOVB4TzRYX013VlE4TUtacFlPb1l6cDd6NlhJN18zV25xRTRTdWlzQ0RfZGhMaVV1eDY0eWg4Yw?oc=5,neutral,2026-06-14 13:49:00+00:00,0,0,0,0,0.5,0,0.0,neutral,0.8988813757896423,english,Mixed/Urban,happy,0.04080396145582199,0.06621972471475601,0.5486018061637878,0.020700065419077873,0.06501729786396027,0.04426053911447525
news,post,00414c0747ca74d2,Cambodian minister invites Chinese travelers as visa-free entry nears. Cambodian minister invites Chinese travelers as visa-free entry nears&nbsp;&nbsp;The Star,https://news.google.com/rss/articles/CBMizAFBVV95cUxPTHpSQW1kSDAyWG9lMW5GWUdTcTBwU2dqMExVdkMyNDV6QUJRbWdhNkNGZ3FzZ3Z1bTBfUWlFckdpeGE3RUtCa1FRVllHMnhyVnVsV2VFRUhFMTFCVkJpMFFudFBGMkVqVlFMRWtSNVFJUnNpbnV4TV9OSEFVSFlwZTJUNTl3NElvWmxuREI4U3JvQ28wTVNWQm1QNDB0ZjBaLW5neV9DQVhscFg4bHVuc2FFZkxZa09FYmNfcHRzc0xFVmIyUzNjWkR0MFE?oc=5,neutral,2026-06-14 06:55:00+00:00,0,0,0,0,0.5,0,0.0,neutral,0.8652782440185547,english,Mixed/Urban,happy,0.021769553422927856,0.02084706537425518,0.6633290648460388,0.012199586257338524,0.13838019967079163,0.0275602787733078
news,post,452e273c22439347,Japan foreigner entry visa fees to be hiked five-fold to US$90 from July. Japan foreigner entry visa fees to be hiked five-fold to US$90 from July&nbsp;&nbsp;The Star,https://news.google.com/rss/articles/CBMizwFBVV95cUxNeGtORENtRHNwR0ZQd00zQUV5SlAwR2RWRUlIVXBpR25wMjM2Q21ROWktVXcxVzZwN1c3bDZpWXNVVU11OTdiTGp4SXNuZ0g5Qm9lLUFQZHFGWGJqTEMwQnFpQVZMUUlwWHBrbGZMUHA4MHExS1FlY0JTTEN1TjRGdElzU1RjTnF6Mlh5WHFIM0NtbmJVQVpabk5tN3lLZWd1ZC1oMnVhUmkyd3pJdkRxQnlEOEkyVTFVU05NMTcwYUkwN0ljUTE1RkFSZmkyN0U?oc=5,neutral,2026-06-20 01:57:00+00:00,0,0,0,0,0.5,0,0.0,neutral,0.8740742802619934,english,Mixed/Urban,no_clear_emotion,0.022525785490870476,0.01740747131407261,0.07617521286010742,0.01652093417942524,0.06580045819282532,0.023173842579126358
news,post,8480e91ea20085e7,AI rally still has legs. AI rally still has legs&nbsp;&nbsp;The Star,https://news.google.com/rss/articles/CBMijAFBVV95cUxOeURXWmgwSkwtSGYwRUsycThGNTVqRHloLUd3VlI4ZG1sV2ZKSDJ3cVNRWFlBOVU3R2s1ZUdiamp0Y3dHNl9vRzVIMFdmTmZ3U3pPRWszVWxyMEUxdkFYT0xWMUwxLUJfMjh5el9MUFdkVmRnaVJTYmp2ems0Qy1qbFZSYnJQVUVnelVGTg?oc=5,positive,2026-06-14 23:55:06+00:00,0,0,0,0,0.9714016795158386,0,0.0,positive,0.9046722650527954,english,Mixed/Urban,surprise,0.01474772673100233,0.040527861565351486,0.04034954681992531,0.03967532515525818,0.30644315481185913,0.34237825870513916
news,post,5bcf0f44ac436c49,"Dollar holds two-month high on rate hike bets, yen slides. Dollar holds two-month high on rate hike bets, yen slides&nbsp;&nbsp;The Star",https://news.google.com/rss/articles/CBMiuAFBVV95cUxPSmJ0ajEtOGtEOWZhRmgzYkZCZDZnd3ZVSkJ4N1YxUDJXOFpBUzdtdDBWbU1BSmh1NnJqVjczUHhQclFvQWo5UzN5TGhUN3JORDdCUF9sOG9hRGluZ2tYTzNGb2dtWVVNTVVZYkNRbkRqVGF1dUc5a2NOV3hCRXA4NUx4ZVhOc0Q2Mk00QllDY1FkNjBDbzZFeUt0ZWRycUFRWVk1T1paeTdfTF9RUnpvWkZVUks5WDBY?oc=5,neutral,2026-06-18 06:04:00+00:00,0,0,0,0,0.5,0,0.0,neutral,0.8699907064437866,english,Mixed/Urban,no_clear_emotion,0.02769000269472599,0.02188895456492901,0.07513921707868576,0.025410501286387444,0.08453531563282013,0.028832318261265755
news,post,71955e9bcb03ccf4,Nancy Shukri's husband passes away. Nancy Shukri's husband passes away&nbsp;&nbsp;The Star,https://news.google.com/rss/articles/CBMijwFBVV95cUxNOHJESVJ4akwtb1ZsbVhBemRmMmxRcmlFZHZwM19Dblh0WlJjQ1JYVjZmdDdiMGF0RUc4SkM5ck44WjdIeEFDSzdtbU9wWlljejYySUx6QjFPV1JhWTFJS2h4M2VPaVBUYVFzdzFuRnd2V3o2bkJxbUVvVW5Lanl4Z1RXeXhvVlV2X3lfMUVpUQ?oc=5,negative,2026-06-18 12:33:00+00:00,0,0,0,0,0.13710182905197144,0,0.0,negative,0.5429939031600952,english,Mixed/Urban,no_clear_emotion,0.016604842618107796,0.009853316470980644,0.04636135324835777,0.009976159781217575,0.1126721128821373,0.023297294974327087
news,post,ede93c185a9d67da,"Iran says deal with US finalised, signing set for June 19. Iran says deal with US finalised, signing set for June 19&nbsp;&nbsp;The Star",https://news.google.com/rss/articles/CBMiqAFBVV95cUxPYktMcFYtN1JhcjZsa1FqRi1mUW90Z2RjVVozMFRybG9jWW1lcEhwREJhdE1qQ2JJRjdYME9GM09vUm1sUGc5Mm1RNHlGcmdSUThuelNnOEs1RzJhbWxqdi1xSklibDVPZzA2UGRtY0M1ZGxFdzFHS2hrcFZSOVRlaEVpM3NaVTVwbkZEbHF3ZGN0ZEtSbkU3WlNibnlFbElKSzYyZVV3T0o?oc=5,neutral,2026-06-15 00:51:00+00:00,0,0,0,0,0.5,0,0.0,neutral,0.8898409605026245,english,Mixed/Urban,happy,0.035886500030756,0.080167755484581,0.6443007588386536,0.015214433893561363,0.06802980601787567,0.029688889160752296
news,post,d2a2fbc383725d1e,U.S. stocks close higher. U.S. stocks close higher&nbsp;&nbsp;The Star,https://news.google.com/rss/articles/CBMie0FVX3lxTE1OaXBWcF90R2RqaGdUUmJkeUVCQjNzRjZZaUlnZUt3cVlGcl8zVUc1cXAxemgydG45eEFYQWtUa29wZ1BzY3BjUUFuQ3JVZDZTdHo3T2xMclM2NTA2QTNJb1hka28xUWRKakl2SFp3aG9UVzhmM05wVXJVUQ?oc=5,positive,2026-06-18 20:29:00+00:00,0,0,0,0,0.9158835291862487,0,0.0,positive,0.7196117639541626,english,Mixed/Urban,no_clear_emotion,0.04211348295211792,0.023442154750227928,0.19251947104930878,0.018560711294412613,0.13962066173553467,0.030006084591150284
news,post,f846f3bc11ca3db0,MRCB ventures into digital infrastructure with RM2.1bil data centre in Bukit Jalil. MRCB ventures into digital infrastructure with RM2.1bil data centre in Bukit Jalil&nbsp;&nbsp;The Star,https://news.google.com/rss/articles/CBMi2gFBVV95cUxQNlZzdlA1djV1MlE4amlwSkwtR1o5RlhmMjQwRVpVdXFaRUhYVjVjTEp5cjY2c0xGSkpweHdUT1RnU2dDRmNjalVybFlTNGxkR2ZCWE81bF9SRHJqcWhDOWVQT0RuZ1RGNm9ucHhkUDJUVlBDR1E5YmJuSk1iaEktNy1nLWt3NjBfMzZOSEZrWW9GMlFBeXJLRlQ0MlhBMmNja2UyYkhuc1Vua0ZQanNsZHZGQU9pekNTdzdpVDJrdHZ1VlZrbUxKZzVrVE5CazZwbmNvMjZqR1FrZw?oc=5,neutral,2026-06-16 11:10:00+00:00,0,0,0,0,0.5,0,0.0,neutral,0.8909854888916016,english,Mixed/Urban,no_clear_emotion,0.0478813499212265,0.02613907679915428,0.14364027976989746,0.022173698991537094,0.11950889974832535,0.03497057035565376
news,post,7106b7bca7d02e9c,"Russia has agreed to long-term supply of petrol, oil and gas to Malaysia, says Anwar. Russia has agreed to long-term supply of petrol, oil and gas to Malaysia, says Anwar&nbsp;&nbsp;The Star",https://news.google.com/rss/articles/CBMizAFBVV95cUxQQ29UWUF4ek0zR01oZW9NcWloS3hXeXNLUkEzSXJWTVlJemx5clVsV0dlSlZRem1hQkl2aXlZZ3FwcVhtdXpQTFdwaUpuQlFLT1JsTkZmbHV0dkJGTUtxYThZMUdOSEhLV0NWNmVkSk5jXzEwR3k4a0VxRnRwNXdSOXY5QV80NDRwZjlpUkdmQldreEpEWmRiM1p6ejREcTF2ODloNlVfN0tWQ1NPQ0cyUjhiNlIwVGtTbjZSTUJVWXRKMXpwemRQeVljLUc?oc=5,neutral,2026-06-18 14:12:00+00:00,0,0,0,0,0.5,0,0.0,neutral,0.895366370677948,english,Mixed/Urban,love,0.047358449548482895,0.022782763466238976,0.14252790808677673,0.0371965654194355,0.6134401559829712,0.026553411036729813
news,post,33880244a24daf63,One dead after freight trains collide in Munich. One dead after freight trains collide in Munich&nbsp;&nbsp;The Star,https://news.google.com/rss/articles/CBMinAFBVV95cUxNNTRpVm1Sa0g1NmUtNENDWmdNX0w1MTlYa2kxbGlITFJLV25zWlpaZHpoczFURHo0UW04YTNrWllUdlMxdDZGTUo0ZXdidEIzdkNSWGpuS1JEUUo4V1JwZWt0T0pyZFBKWWpiVmkzcVpfSG5GdG91eElPRFp3bUxhMVFiOHpBWlRlRGpZeW1LRzhPcnNUWklELURya1E?oc=5,negative,2026-06-20 11:09:00+00:00,0,0,0,0,0.08499593138694764,0,0.0,negative,0.7166802287101746,english,Mixed/Urban,anger,0.4322355091571808,0.11831369251012802,0.060916926711797714,0.24720309674739838,0.029181331396102905,0.03881053626537323
news,post,1028ecc6c640b84f,"Scammers used Gemini AI to help build spam messages, Google says. Scammers used Gemini AI to help build spam messages, Google says&nbsp;&nbsp;The Star",https://news.google.com/rss/articles/CBMitwFBVV95cUxOaU5ub0VNOXJWa0YxU1NyU2ZCMkdQT1JlRGZMd3BiWF9saWRvVEFXYjJZdWpYd3BZbENsWFlDQ3RwWENwU3VoR1diTzdybXlhVlhyWS1LQzVOanFJNmR5ZnRhZ1VtVDJaVTlYZGFrS3Y2Z1Z5R1JXSnNfTmppMS11M0NTa011WkpOMU8wbnAzVGlXMUozVC1xOUJjS2hKODdlTUo2a0JlbFdiOWh4dFRHcDl4eVd5N1k?oc=5,negative,2026-06-15 01:00:00+00:00,0,0,0,0,0.10806158781051636,0,0.0,negative,0.6397947072982788,english,Mixed/Urban,no_clear_emotion,0.06526652723550797,0.019920215010643005,0.05471101403236389,0.019072728231549263,0.08879780024290085,0.026423674076795578
news,post,40cef5a53e7b1096,Why are C-dramas so popular across South-East Asia?. Why are C-dramas so popular across South-East Asia?&nbsp;&nbsp;The Star,https://news.google.com/rss/articles/CBMisgFBVV95cUxQUXZyblNiV283ZzYySWxzeUlHOWN1Y3NJMVp1WW9fd0x5OGI0Qi0xcmpzLTcyOHU2RzU4UHVIWFpvUjloSG5vZ3IxeVpaVE94aWNQUnVEV2FqSHJiMTBGVnhvQWQ4cVNWV3M0ZWFibzZjWnhrMlFkNGRUOTVPazFlbHBXS3E1eUI2cDNYNGJRd2dKczYxa1U5MFFQdjRoRHdSQzh2QzV1MDUycG9JYm5yQnNB?oc=5,neutral,2026-06-19 07:10:00+00:00,0,0,0,0,0.5,0,0.0,neutral,0.650048017501831,english,Mixed/Urban,happy,0.019966576248407364,0.0631309300661087,0.4008113443851471,0.022669436410069466,0.22559714317321777,0.20643416047096252
news,post,8965861ed4b28936,"Growing anger, no answers. Growing anger, no answers&nbsp;&nbsp;The Star",https://news.google.com/rss/articles/CBMimAFBVV95cUxQODMzVDlpd3MwQVAya1UzOFhUekJOVWxMSV9LaEhFM1VIMU9wQUY0MG9tMTV1UFh4eWR6NWIyTUxEaGQ5S255eVE2VkZONG9jeTZpZ3dCbFFzUkRPbGdYSk56QlFuZTFqYkV4Q0JfVzNWZFMzWEszR1RtTlFPSDRRY2JiN3RwT09VMllGZmNGbHgtMHl1UUpvdw?oc=5,negative,2026-06-20 23:03:58+00:00,0,0,0,0,0.038633394241333,0,0.0,negative,0.8712220191955566,english,Mixed/Urban,love,0.08806056529283524,0.10033755004405975,0.08011046051979065,0.0841975063085556,0.5214575529098511,0.029446164146065712
news,post,bfba0eac82b24ee8,More accessible medicine delivery. More accessible medicine delivery&nbsp;&nbsp;The Star,https://news.google.com/rss/articles/CBMiiwFBVV95cUxOX0dVUmJGalBjZ0JPc1l5ZXBFQkVjZ2VZb2ZGdkdQRGV0OThlNEd6NGl0VXY1SXVlaHFsb2ZTNkgtSXRjeDZyOVZwLU1kUkphMm9TYzhmc3NwT2hEMkhaSWhWYXZwQXA4YVlwYjhyOUJqRm1CT29mVVpJc0sxZU1xTHBIM1NsN1dVME9z?oc=5,positive,2026-06-15 23:24:11+00:00,0,0,0,0,0.9030926287174225,0,0.0,positive,0.676975429058075,english,Mixed/Urban,happy,0.0221319068223238,0.039028868079185486,0.7976903319358826,0.011822644621133804,0.08916966617107391,0.017450513318181038
news,post,904e40eeb0f547cf,Every new memory with dad is precious. Every new memory with dad is precious&nbsp;&nbsp;The Star,https://news.google.com/rss/articles/CBMikAFBVV95cUxPaXVVQ3BpMnNmeU1LYW5WYkQwUUlpU0RZdi1rQmpKQ0w5RUYzSVJkM3NaenVwNkJNOTY3RmN2VXE4Q0RWM0JWWDBxTVpNNTNkRk54Vng4NDEwU210UWsxVFZkU3I0WUwwZGt0d2RPNldKcWxJMG5tY1JURnNYT2E1eWZOb3kydHdyUDV2M0d4ZmU?oc=5,positive,2026-06-20 23:18:29+00:00,0,0,0,0,0.9894217610359191,0,0.0,positive,0.964739203453064,english,Mixed/Urban,happy,0.027463844045996666,0.039825502783060074,0.7033164501190186,0.014181036502122879,0.1740664392709732,0.021269258111715317
news,post,bd47fe23a8b8c8b7,Staff existing hospitals first before building new ones. Staff existing hospitals first before building new ones&nbsp;&nbsp;The Star,https://news.google.com/rss/articles/CBMiqAFBVV95cUxQZ1FCVEZ4Rzl5dmRRaWdyMlk1eWdWU2J2bWlWVGltUWdqTUdZQWZyenl3ZF82bHZhWFBqRGhoeW9DNlNPV3h6VGhRcm81eVlxcEVCMHJlX0RBVXJlNk5zNEZ0ZGgyWmxKUlZHQnhSM2RVVEFhLU4tQnRDUTFLLUxPXzBNMXhEMlVuMHZmM0RmbVB3Mll5c1JKRzloRFd1VllNWmdNYWJSbHM?oc=5,neutral,2026-06-16 23:34:34+00:00,0,0,0,0,0.5,0,0.0,neutral,0.8451893925666809,english,Mixed/Urban,no_clear_emotion,0.06834940612316132,0.020389532670378685,0.07478953897953033,0.02122877538204193,0.0675988644361496,0.03964293748140335
news,post,1cd4ad9214417be0,"Why RM300,000 homes remain unsold. Why RM300,000 homes remain unsold&nbsp;&nbsp;The Star",https://news.google.com/rss/articles/CBMimAFBVV95cUxNLUFSTDdDVUVIUFpOQ0dzTXZlREk2WDJ3ZVFXV3hYa1kxN21zOEQ2SmNtTW81UG1nTXppN2pyWjJDTFREOEVYTnE0aUhMcUlhWVVoakV6bVBJcHB0UkV5R0c5SG9Yb2kyYkcySjVjV0RrSVlHeVdaeWlsSnhkMklFSTg0N0tnb282UEJQdjMzYWFjTTBoU2VCRw?oc=5,negative,2026-06-20 17:01:35+00:00,0,0,0,0,0.12483583688735961,0,0.0,negative,0.5838805437088013,english,Mixed/Urban,sadness,0.03740650415420532,0.058420330286026,0.006183716468513012,0.8597195148468018,0.012826596386730671,0.0164776723831892
news,post,4826adb97873cb90,Jasin MP suffers minor injuries in early morning crash. Jasin MP suffers minor injuries in early morning crash&nbsp;&nbsp;The Star,https://news.google.com/rss/articles/CBMilAFBVV95cUxNZmxuenVtS0tNQVcwel8yLVNWdUZPUnowbjhfcDVzMmhIclZwckNmVmlMMVp5MTdYMG1MWWUyMU1xY0hVdG1LTDU2MUUzWHpUbmNFel9BNU9qM2JXYWNvYlJVUndnRjlJblpCM2stOElSLTlLT3RZTkJhWmY0V1h3STBSXzZDVGo3MFNqdTdvdmFhSHdf?oc=5,negative,2026-06-20 08:51:00+00:00,0,0,0,0,0.13452354669570923,0,0.0,negative,0.5515881776809692,english,Mixed/Urban,sadness,0.1476096361875534,0.14243371784687042,0.02816280536353588,0.4807256758213043,0.024518374353647232,0.06787621229887009
news,post,27267ffb33eeca76,AI chatbots are not doctors. AI chatbots are not doctors&nbsp;&nbsp;The Star,https://news.google.com/rss/articles/CBMigwFBVV95cUxQQXdXYUYxS0k3ZEZ0OGRZNk1Od1NJaFd3SW5mdkdOX25nTHlIbGxzcU4zNmpDVU15UlMyUkhKVFRDOGJrM3hNODJsclJldzFzQ1hFUm91aThYZHhkU1NheTJQU2duby1wdzZsTm9NSU96Q19LZUR4WWdXb3E0S2o3R0phYw?oc=5,negative,2026-06-20 23:12:17+00:00,0,0,0,0,0.13394785523414612,0,0.0,negative,0.5535071492195129,english,Mixed/Urban,love,0.08048710227012634,0.01985730230808258,0.04654712602496147,0.02865411527454853,0.4057149887084961,0.032650724053382874
news,post,064c3eee65bba9cb,STPM 2025 records historic high national CGPA of 2.88. STPM 2025 records historic high national CGPA of 2.88&nbsp;&nbsp;The Star,https://news.google.com/rss/articles/CBMipAFBVV95cUxPbEd2TE5HVzFIMHBUNTl4RG9HeldwS0dTTmdQUGRoOTBDbzQwZkRkTmR0U3lTU2U0OVRhRHcwczlzWkJ0cDcxOGVZTE9rM0EySEwtS2swbE5hS2VIRzJ2Qklsa2lPNGEyQlh2V1U2SmJwX3FjWXF1TW1YUkxGcGhmbWNpZ01LXzd3NktlM1MwcHNYejFQaXRmRzBuQ3BWRmFudDVzSw?oc=5,neutral,2026-06-18 04:52:00+00:00,0,0,0,0,0.5,0,0.0,neutral,0.5474398732185364,english,Mixed/Urban,happy,0.023495597764849663,0.05148882791399956,0.6370632648468018,0.01473583746701479,0.07955880463123322,0.042710334062576294
news,post,865578da118633b1,Be proactive in monitoring public infrastructure. Be proactive in monitoring public infrastructure&nbsp;&nbsp;The Star,https://news.google.com/rss/articles/CBMitAFBVV95cUxNOUpUeUhIeG9tcVNDNXNlN2VkdXNEY1FobFFFSGdIU1BnOUppMnVia1JCcXltcnhrc0NIZFYwV1ByUkVCajFGT2U2UkhKTDlZcGtTd1JzcmlSeFZrUHdHRHd4TzhjS0FRRjhWdXZwQnBpQ0lJNHd6V0t2TGpWZjYtNzFlTExOVmU5dENleGJRTmxod3A1SlBQaWxPU2d1WTJ5UlBsRGoxdW9LUE5uSWI5VDJRa0s?oc=5,neutral,2026-06-20 01:11:02+00:00,0,0,0,0,0.5,0,0.0,neutral,0.6619671583175659,english,Mixed/Urban,happy,0.025413479655981064,0.026782413944602013,0.7717207074165344,0.010271299630403519,0.10704298317432404,0.014638152904808521
news,post,2a70b579f78ca2f3,Forget re-election – Mind the bond market. Forget re-election – Mind the bond market&nbsp;&nbsp;The Star,https://news.google.com/rss/articles/CBMipAFBVV95cUxNNmZVVm16SW5TYmYyY2RtOU5CbHhqQVlwWVU1OVdBalh6RVRxbHhSR3RESkFXa0kzYjIwd05yUVFjWDA4QTkzTmF2US16bGM2OS1vemZXMFppaXFfbDcyQ2RWMDMzUGVIamRrbm5SUnQ3VUlpVmFucXlNcjhqbXhhdk1vX09yamU3RUIxS0lzTHBFMVRWeXA5NTBROGRzX2JTa1JJTg?oc=5,neutral,2026-06-15 23:29:22+00:00,0,0,0,0,0.5,0,0.0,neutral,0.75452721118927,english,Mixed/Urban,love,0.04284245893359184,0.05809307470917702,0.040804509073495865,0.28001275658607483,0.3335113227367401,0.05546092987060547
news,post,c5c2ac0f3b984d03,Norway imposes near ban on AI in elementary school. Norway imposes near ban on AI in elementary school&nbsp;&nbsp;The Star,https://news.google.com/rss/articles/CBMipgFBVV95cUxPLXduaFRXZGRLT2JGMkpwZ21vaW40NXRIc2d2M2dad0hpSTZvR0lkRzBYRkdWM2dJVUIycUJWWVF2VkRyNWFSd2hpdXdsOTh5Ym9DTktzVFJ5QjlBd0VxY3dITENwX1RhdUQxX1BSZkxlazJoWDZBY2VESVVacDMxdkN6TGhqaTVTMGJXWlF5aVVGZnNWaFZsS0JicFNvQUl3NDlMV2Z3?oc=5,neutral,2026-06-19 14:52:00+00:00,0,0,0,0,0.5,0,0.0,neutral,0.576107382774353,english,Mixed/Urban,no_clear_emotion,0.049246348440647125,0.021508008241653442,0.10287207365036011,0.02476097270846367,0.17845889925956726,0.0287480466067791
news,post,bb334c7c182c2e5c,Selangor announces RM4.76mil relief package. Selangor announces RM4.76mil relief package&nbsp;&nbsp;The Star,https://news.google.com/rss/articles/CBMingFBVV95cUxNNk9femV5QV9QNDFNbExPRVU0MVktWW91YUItSkRINWJxRXRTblZ2blJLOTJPbWZ2bkdmR1hQMl9UZHpZY0dCWVJiamJHOU1TT1lNb0NJVFdGa19aYk50Ym5fMm5fc25QN0tLNFYtV04zTDV2LTRVOFVRekoxVG5kQll2N1lEeTl6NXh4WTB1U2ZqRFRVVXY0Szl4QkRIZw?oc=5,neutral,2026-06-19 11:59:00+00:00,0,0,0,0,0.5,0,0.0,neutral,0.7253694534301758,english,Mixed/Urban,no_clear_emotion,0.046593934297561646,0.024659886956214905,0.09905125945806503,0.023877987638115883,0.13509893417358398,0.026866311207413673
news,post,da9efd36d0f6379a,Japanese man arrested for confining five-year-old girl to garbage can. Japanese man arrested for confining five-year-old girl to garbage can&nbsp;&nbsp;The Star,https://news.google.com/rss/articles/CBMizAFBVV95cUxQRkFqUGp5dXFpNVlmcUJhYnRxV01DUWRKTXN0LU1HZ3RudVIzZElhVk9yTEFvQzlkVWZGTDRvYktHUnMxeU1UaGYzYlhZMG1RMWhsOTZQd05hMkRJUDJxeVFDZW1sWElsS183NEV0WV9KRXZiN2FHMTBWSXZIWXRFZEJDbnRKZVAwOC1lem1TWkN6OTJYWHY3T0xlV2p5V0gzR2EzWjVnRmllUTJWUHl3UXp1Q3VGb3U5bHItVGVObThPV3h4QUV1aXFHWWU?oc=5,negative,2026-06-19 13:50:00+00:00,0,0,0,0,0.12207493185997009,0,0.0,negative,0.5930835604667664,english,Mixed/Urban,anger,0.39486420154571533,0.035646360367536545,0.09523197263479233,0.031981270760297775,0.06214546784758568,0.0258686114102602
news,post,15e8151a997be9cd,Nine people remain in critical condition after fatal UK train crash. Nine people remain in critical condition after fatal UK train crash&nbsp;&nbsp;The Star,https://news.google.com/rss/articles/CBMiuAFBVV95cUxPSldkYm52NDl1NUR4bHFDc3g2b1BxVFM4YU03ZUtBY0RkX09WOVJRR2lidkJwZzJIVkNtbEoyVjZqMnRqZTV5NlZhY3I1bTd2WXNEM2FmOUtxdlhRVEtGRVc3NkVXUzFuSGJJQzUwb3lJY3d6NlZMWmh0VUFiMDgwLUJYQmNJM3BsYkNNVWJEaGxDMl9pMlI1elEwRnlGZFQ2b0w3Qm0xcWFKMzAydzVRMWcxVnQ2VnZk?oc=5,negative,2026-06-20 12:20:00+00:00,0,0,0,0,0.10692223906517029,0,0.0,negative,0.6435925364494324,english,Mixed/Urban,fear,0.057082146406173706,0.5710979104042053,0.19986888766288757,0.09524883329868317,0.013627166859805584,0.03886064141988754
news,post,5336f0e472fe1a7b,"Man jailed 33 years for rape, sexual assault of granddaughters. Man jailed 33 years for rape, sexual assault of granddaughters&nbsp;&nbsp;The Star",https://news.google.com/rss/articles/CBMisAFBVV95cUxPcGkwZE5WcDRKNWxBV0Y5M0lJWXE1OWpJZUVzSks1SE00bVhRcTFwMnUwSHVtZTlkd2lkWWFNMDJHNFFIcHJOXzQ1NGpENnBRTHhwLXhUSkZrNkJvNm1nOWF3MVFqNC1VX0lPTFVvMVVVREdOcHhPazdUaFlkMGt2OC0xM2o0Q0xtM2dSUUpRQnMyWGE3UG1taDhnb2JVWklzakppTkFVcHpuZEVaOGRkUQ?oc=5,negative,2026-06-19 11:07:00+00:00,0,0,0,0,0.09581376314163206,0,0.0,negative,0.6806207895278931,english,Mixed/Urban,anger,0.6584639549255371,0.02956584095954895,0.0741608664393425,0.05768190324306488,0.06041168421506882,0.01631663180887699
news,post,7084853d8a8c3351,"Coffee causes 'shallow' sleep without you noticing, brain scans show. Coffee causes 'shallow' sleep without you noticing, brain scans show&nbsp;&nbsp;The Star",https://news.google.com/rss/articles/CBMixAFBVV95cUxOdEpDcXlaSFlnZFQ0Q191eUY2ODQ4RDJJXzdCb0g0MG5vZFBzWTlHQXdfd3ROUWo4QnZoMTBvT0l3ejl4ZklJU2JwT0h2WFBDNVFRZFkwSzNmdTQzR293OG1TLWZWazYwMTRLSXZXZUVqbDhNSzdMczJkcVFURzgzU1h0R01fT1AwMjdRa25LTF9VNjdzUnQ0YXc0RnJFcVdnODdSRnNzcDJBMmpkVGJ0b3ktOXNGTGtGa0dLOWkzVVlLLVBV?oc=5,neutral,2026-06-19 04:00:00+00:00,0,0,0,0,0.5,0,0.0,neutral,0.6788153648376465,english,Mixed/Urban,happy,0.02120942622423172,0.10572734475135803,0.3933817744255066,0.023553941398859024,0.06760439276695251,0.16998042166233063
news,post,a40d6e5c6e5b558e,Football: Soccer-'Everybody's crying': Tearful Turkey crash out without a goal. Football: Soccer-'Everybody's crying': Tearful Turkey crash out without a goal&nbsp;&nbsp;The Star,https://news.google.com/rss/articles/CBMixAFBVV95cUxNRUZldDBNNDFSWElrSE5HS1JpZGxQbFJraEtSTmpLRzZkOTBucDZCaVNoRFZvNHZXZXozY3E2eVBINU13NlI4T0ZrSlJqRU1fTkl6OExpaUZ2Y1dIa0ZrQ21kWEhrVE5Xb2xSc0Z0TWVzVXVpUml1UFBDOGJhZzRUX0daN3RFYjlkY0lSSGdVRkxWOWp0a2ZZd3FsZEl6cGdDWWcxMDg4NmFsRUt1NFc3cFM2UnBrQmdWTDBncXRfZ2N6Y1BU?oc=5,negative,2026-06-20 07:37:00+00:00,0,0,0,0,0.07916318178176879,0,0.0,negative,0.736122727394104,english,Mixed/Urban,happy,0.07737788558006287,0.21064892411231995,0.2125508338212967,0.09452202171087265,0.2102939486503601,0.040935348719358444
news,post,04ab9cf3d1e49289,"AI museum brings sights, sounds and smells of the rainforest. AI museum brings sights, sounds and smells of the rainforest&nbsp;&nbsp;The Star",https://news.google.com/rss/articles/CBMisgFBVV95cUxNZG5FZXFPMWlsd1VSS2tValdxTmY2c05QMV9ORDVEQ055a1lWMW9xNTZZLXBiRjVxRzdSODhSSHJsR2hmek13aHNMQ2JldXpkbjROTXJxX3F3Mzc3OTBEODNGRWVuQVdTZ09Gdm85aEU3NnpZdEZaN3luNFoyc1ZsRDVYUmRPRlRpMUFYRXVRcDhBdHFJOEEyU0xURExjdXpHMDlscHBRY0R4YUc2U2s4Q1dn?oc=5,positive,2026-06-21 01:00:00+00:00,0,0,0,0,0.8723135828971862,0,0.0,positive,0.5743786096572876,english,Mixed/Urban,no_clear_emotion,0.030934376642107964,0.023304859176278114,0.08504395186901093,0.020569924265146255,0.1506701111793518,0.0481843538582325
news,post,1369db7f2570fe5e,"Malaysia strengthens role in global medical supply chains, says Matrade. Malaysia strengthens role in global medical supply chains, says Matrade&nbsp;&nbsp;The Star",https://news.google.com/rss/articles/CBMivAFBVV95cUxNdi1rSkMtZHFTcVliNW1SclhnRnB5U215LVdteTU1VTduUktpbE1hOWQ2aFVzemlRM1h1SjM2QVVqZUdnbEMwbGtjaXdYTkJYcmZmdk9ZTjIwTEtWR3NvUEJGcXVXR2NvbU1WYTdhcXZBd1Y5MlJqMl8wVmZsVGs2SWdzZDNfZzUyZ01xUVNGMUdJR1lmRTBUY0ZTZHVYOXhVSTlFRHJGa290WC14NVhQNE8zMW5nbEdCMEZiSQ?oc=5,neutral,2026-06-15 05:13:00+00:00,0,0,0,0,0.5,0,0.0,neutral,0.6261212229728699,english,Mixed/Urban,happy,0.028158456087112427,0.0427241176366806,0.7663586139678955,0.012680740095674992,0.08501037955284119,0.01963154599070549
news,post,86f4698dd0d02937,"National Food Security Bill to be tabled in 2027, says Mat Sabu. National Food Security Bill to be tabled in 2027, says Mat Sabu&nbsp;&nbsp;The Star",https://news.google.com/rss/articles/CBMiswFBVV95cUxPWDdfeGpfaENCQzFWcktESkNKeXNCMnVUVVlzUGhsSWp1Xy04VWpZdEdQSDg3VW95WW5IcnRQalhXa04tMHV0VWpUZmhJZnUxR0ZJSW9kNDlRSUd3ZkpFdDVuYm9JVzVKOE40TUcxZzFqazVQM0FVWkUwUU56RTFEMU5zRTJRbk51b2trLUpVUzE3RUI5VzJFMGlFblRCOEJuR01yUmtJSUlMSWNaN1c4WkFqRQ?oc=5,neutral,2026-06-20 09:19:00+00:00,0,0,0,0,0.5,0,0.0,neutral,0.9348596930503845,english,Mixed/Urban,happy,0.06809394061565399,0.08848682790994644,0.4390510618686676,0.030242085456848145,0.12006371468305588,0.039386797696352005
news,post,05402d1eea077a0e,PM accorded official welcome at Turkmenistan Presidential Palace. PM accorded official welcome at Turkmenistan Presidential Palace&nbsp;&nbsp;The Star,https://news.google.com/rss/articles/CBMitAFBVV95cUxPSGcyeDYtOWhBelNSSXg2MXh0SmFxTnFrOVdSckdnLXZabERMQmpNTGpmTVNVTzk0NFVtMlU5bU0zOGdyNFNvTmowVl9vZVFRbl84N0xCdTV0dlBhRTBwUUZzb0s5cXFhb0F4RkVUbkJnWVBqaTY0TFdwTWZvSnNzYmctWnpTOER2OTZEQU4tc00zdDI3SVF2UGYxX0xidzl6dmp4LXFtSlZBenhyLXhjd0F1S18?oc=5,positive,2026-06-19 13:04:00+00:00,0,0,0,0,0.8713623464107513,0,0.0,positive,0.5712078213691711,english,Mixed/Urban,no_clear_emotion,0.01811370626091957,0.012379499152302742,0.12450437992811203,0.012745295651257038,0.11043956875801086,0.01982070878148079
news,post,b492245158ff4474,Two teenage cousins missing after first solo trip to Kota Baru. Two teenage cousins missing after first solo trip to Kota Baru&nbsp;&nbsp;The Star,https://news.google.com/rss/articles/CBMisgFBVV95cUxQQlFoYjEyOFdaZ3cwV2FqOThWc3JCVEFHTUNpa2NUY25TSXVLS1A5Qk9DU0ZaMllNWFVaTGJyVjZaSk0zbkpsSTZIZVlZQnhiU04xOE9iTkxVOVB6QjZkS0V6YXJ4TmtBei01Z2tVZHN3cHZfU2gxVmpwZVNoVjJ2UVZPd3ltYi1VS1U2cmktd1ZjdXl3Z2habGZoRG9TdC1HbG5ad1FqY01IVWlZb2s4QUlR?oc=5,neutral,2026-06-20 12:37:00+00:00,0,0,0,0,0.5,0,0.0,neutral,0.5664448142051697,english,Mixed/Urban,sadness,0.09618847072124481,0.07349542528390884,0.009387635625898838,0.7715794444084167,0.016160424798727036,0.018863951787352562
news,post,4814077019574e9b,Robotaxis are blocking emergencies. Are they really safe for roads?. Robotaxis are blocking emergencies. Are they really safe for roads?&nbsp;&nbsp;The Star,https://news.google.com/rss/articles/CBMiugFBVV95cUxNVWlTa2IyNVBvR1VSYU5ncnhKclZST3dmVWwyZWgtT2dBdkVEZDRzQzhPSFlFb2FrRm1aVnpxMjQ2LUd1bldNZDl4eXRsOG0zSXljdndlY29iLWFKZzJ5a2ZBY3FDNHVOVkNLSy1RUFlVOXVmcTgxM21IcXBZTk5Xb09hTDFPbm81bm91Yzl3V1IzOG5OMWVkaDRueU91Z3ROa1cxSHRPZmJuc3o2Tk9IdFNRS0RPQmRBS3c?oc=5,negative,2026-06-21 02:00:00+00:00,0,0,0,0,0.09965372085571289,0,0.0,negative,0.667820930480957,english,Mixed/Urban,happy,0.2901862561702728,0.09733206778764725,0.41505858302116394,0.01940706931054592,0.07906503975391388,0.024747595191001892
news,post,fd0abd222c90a7c0,Iran says Hormuz closed again after Israel strikes Lebanon. Iran says Hormuz closed again after Israel strikes Lebanon&nbsp;&nbsp;The Star,https://news.google.com/rss/articles/CBMirAFBVV95cUxQeDFvZFllcFAwWmItUnhYOGFydEdBLUxzWjBKcEFxek1ENHdJSm4zejVNTnZtQ2dtZ2JWZGhfRzFkR3VNdjdjd2NfRjBfOWc1VDlIT18zU1dmT3lRSzlFVnA3T0E0ZXl3dE94M2xKYmI3NmN4S3BsQUg2RXFpZTkxcHJXUmNqbnNROE53X0w2aWgySlZuVUs3eEpnRkhEVi16QWlDemRYOEpqNU1Z?oc=5,neutral,2026-06-20 14:38:00+00:00,0,0,0,0,0.5,0,0.0,neutral,0.5834982395172119,english,Mixed/Urban,no_clear_emotion,0.2847353518009186,0.06558412313461304,0.06933166831731796,0.10102023929357529,0.12076477706432343,0.04639144241809845
news,post,564c4a512952173b,Rapid KL introduces unlimited travel pass via TnG eWallet. Rapid KL introduces unlimited travel pass via TnG eWallet&nbsp;&nbsp;The Star,https://news.google.com/rss/articles/CBMiqwFBVV95cUxQZ3dWeXdJRnF3QzhyVkUtOEl0LU04eEt5bFBGWjF1U3AxOUIwWlZTZThMOXhDbmxONUFNRWV3SlhGb05tUk1wQ0VOdDNBRmtFM1A3bG9wN3A2bEluQW1DT2pRR0xNUjZnSFN5d1FnazhMOXV2aWFDRnFmMkcta1ZLdjhVejBpMWVDV0tDT3Y5azExXzNySzZQQlJlMGdDNGlFTVpBZHRWYVFzWU0?oc=5,neutral,2026-06-20 09:36:00+00:00,0,0,0,0,0.5,0,0.0,neutral,0.7009692192077637,english,Mixed/Urban,happy,0.029554039239883423,0.029329223558306694,0.30507808923721313,0.021728143095970154,0.3009830117225647,0.06563374400138855
news,post,c350fcf3cb13c7e0,Health Ministry’s healthcare digitalisation reaches 4.21 million users. Health Ministry’s healthcare digitalisation reaches 4.21 million users&nbsp;&nbsp;The Star,https://news.google.com/rss/articles/CBMiugFBVV95cUxONzZZMTctYnpKcWl6SU9YbmtvX2tpZ0QyM3FjMjVNOTZlTkQwT1VZN2t6WlR0dThKUUMxc0FEdHNSN05mbjJOVEE0bVBXUkgxRG1WRVZRcTBFS3o4Rm9pTUlVd0hxYmVUUkpBcDZSMjR1eUtrczBYOGxtTUZ4MmJUR3hQTlNOc0h4RXVYTHhOcG9NUWg3ZzB0WFNnaU1RcDRQazkwdy1tWGhMcVBiRXZTWlJYUWdLbW9KMmc?oc=5,neutral,2026-06-15 08:26:00+00:00,0,0,0,0,0.5,0,0.0,neutral,0.618567168712616,english,Mixed/Urban,no_clear_emotion,0.05424679070711136,0.027276596054434776,0.08715885877609253,0.025676187127828598,0.10295211523771286,0.03549942001700401
news,post,9e1c8ec32aafaf58,Badminton: Alarm bells for Lee. Badminton: Alarm bells for Lee&nbsp;&nbsp;The Star,https://news.google.com/rss/articles/CBMifkFVX3lxTE50anNsaXpZZlpLMkNULVJnRlJLdDVLdzZyLXUwSENoLWtYVDA2d184ekxuWlVLNG1VMTQ5LXpOaTF2U2RTLVNfbkNXTTNFWDNNd0VIcmdQbTE1X3ZURWVTZmVMR3JoRy1kQkFSUnNIVjNJUGhEekVBeHNKUS1vUQ?oc=5,neutral,2026-06-17 23:19:12+00:00,0,0,0,0,0.5,0,0.0,neutral,0.8908738493919373,english,Mixed/Urban,no_clear_emotion,0.02243981696665287,0.009628428146243095,0.04510790482163429,0.014747967943549156,0.22143781185150146,0.020988067612051964
news,post,9c563864b68e34b9,Fadhlina urges public to give space to family of deceased student amid investigation. Fadhlina urges public to give space to family of deceased student amid investigation&nbsp;&nbsp;The Star,https://news.google.com/rss/articles/CBMizwFBVV95cUxQeDNuTzFyeUhsV05EcmcxMERDTGtiUElZQm10VkRTcWJiMWRlSHpadGQ1TlJvcWs3azl3RElqZnExR2V3d0R6UVpPYXB1SFplMmJmZ3B4c1NyUkpVOEZuWDRVaUtDQ1JIekh1TkNfVHVvbHhkZ2pYendEVUhSalJ6UlZJQmw3WUJ1WGJNSnUxUW9LLWJuZ1hRWm9peW1FSVFWalhNLXNjcHlXRWxiNkZvbTQ2RGRzdUpDWEllWVYwM3FmeEo4WFNuUmRwbFg5OW8?oc=5,neutral,2026-06-19 15:49:00+00:00,0,0,0,0,0.5,0,0.0,neutral,0.9056165218353271,english,Mixed/Urban,sadness,0.04178454354405403,0.047442398965358734,0.0168362557888031,0.7843180894851685,0.04926411807537079,0.03420469909906387
news,post,20ea0c819a4b8579,"Malaysia, Turkmenistan commit to more structured, progressive partnerships. Malaysia, Turkmenistan commit to more structured, progressive partnerships&nbsp;&nbsp;The Star",https://news.google.com/rss/articles/CBMivwFBVV95cUxNU1hVYUdzcXU5TmpQbEItSUlsSTJNcG9JZndvR3J6OWx6QzJfWFFKLThTYlpla1FfQm4yRVlMRF9aVzVOcTBkb3dMYnU3dTB1Wjd3dHhGMTNLRU80ZGcxa25vRlZLc0lQMnZvSW1wakdUMHNXQkF5OXRockctMWxITWhKcUFVNTVRMzBYMllDcDJ2M3gtbEpia0Y3b3I3aDRZVW5ZUDRYV2o1RTdJSzZEYlFwS1NsUW9Bb0pkVUktcw?oc=5,neutral,2026-06-19 15:05:00+00:00,0,0,0,0,0.5,0,0.0,neutral,0.5761198401451111,english,Mixed/Urban,happy,0.017614437267184258,0.028836509212851524,0.8454442024230957,0.009343940764665604,0.05377229303121567,0.014120243489742279
news,post,7765e01e67fc098e,"Malaysia, Thailand step up talks over shrimp import suspension. Malaysia, Thailand step up talks over shrimp import suspension&nbsp;&nbsp;The Star",https://news.google.com/rss/articles/CBMisAFBVV95cUxNRDdKSGZ1cmRual8xay1BLXNOSXZkbGFuVTlJN3Qwd040UHlkcHh3OEZuY1JiaHVjdFgxeHk5WEZkWUNXc1ZrX0dKMFg3X1Q3dlByb2p4dDgyVTNLaGFSTVpDTXotTG0tNWl3UUZDTDIzRThoQldFUlJLSnMtWnh1MjlLc2JrX1MtZm1ubWdwZUxUU2hSNFo1VGhHMi1rLWgtSzFYdUVNMUdleXVZRGp2NA?oc=5,neutral,2026-06-20 10:35:00+00:00,0,0,0,0,0.5,0,0.0,neutral,0.8938325047492981,english,Mixed/Urban,no_clear_emotion,0.03814590349793434,0.014964086934924126,0.0608341358602047,0.01835845224559307,0.08937796950340271,0.022125426679849625
news,post,def7ebd846322343,Football: Soccer-Coach Hassan denies Salah rift as Egypt eye historic World Cup win. Football: Soccer-Coach Hassan denies Salah rift as Egypt eye historic World Cup win&nbsp;&nbsp;The Star,https://news.google.com/rss/articles/CBMixAFBVV95cUxQM0piZmZnamw3aEVvMjBCb1p3MjVCM29HYWJybmRJdW8tdHd2X0ljY2ExZTJuUDR3WEhBT1ZFLTRlQkFtWVhDY3B6NDh1eUJISWJ0NHppN1N2aDE1aThEUkFjVFRYbFVzdzRBb1g5UFlMTFJMN3owZkdaSkZuVUx3SmlMN010S1cyd21FbDBJTHhObHJrbWRPTnZ6NGZJX0VwenhRb0pUYzZ5RThKaHBCVFFONlhGaW5Yd0NFc0pqU2lxbkY5?oc=5,neutral,2026-06-21 00:15:00+00:00,0,0,0,0,0.5,0,0.0,neutral,0.7741944789886475,english,Mixed/Urban,no_clear_emotion,0.0403359979391098,0.028839750215411186,0.1858222633600235,0.019615208730101585,0.2650306224822998,0.022054806351661682
news,post,482a862549a5b675,"Water surge sweeps away bridge in Gopeng, 69 evacuated. Water surge sweeps away bridge in Gopeng, 69 evacuated&nbsp;&nbsp;The Star",https://news.google.com/rss/articles/CBMirgFBVV95cUxPXzMxbmI5VEZOX1pUZGh4S1lIMnVkUWFUTVpLMlNJT2ZlaEtray10ZjJlaHRVekd6d0hEN3doWDlhQmxPTS1IY29LaDBzdkpPelJYNVpJZUE2S3otclRubGF5ZUpEeGU1Y0RodENSaUZ1Vm1sXzE0Q19PeWtsZTc1NFN5UEUtWDVKY1RoUWtOZ01ma0ZEU01pMkM1bFVqYUtaZ3AxVi1VUXo5Nk9SWlE?oc=5,neutral,2026-06-20 09:00:00+00:00,0,0,0,0,0.5,0,0.0,neutral,0.6339958906173706,english,Mixed/Urban,anger,0.42390695214271545,0.053469326347112656,0.10205262899398804,0.042898111045360565,0.07151606678962708,0.023771915584802628
news,post,59ff31e4322169c8,"Najib no country bumpkin, improbable he was deceived, says Justice Sequerah. Najib no country bumpkin, improbable he was deceived, says Justice Sequerah&nbsp;&nbsp;The Star",https://news.google.com/rss/articles/CBMiwAFBVV95cUxQU1psTkhMZjQxM2JlTFZLenZyR2V3Qk9vS2lyMFRCRkVzUjJIYjNIYmR6RkF2TWJBOUczWWIxR0tQZTdoT3B5aldCSGNPeHFNTHYwQmtHMko5SFBEYWZBOFJweDdHdmNGUy10amNLd3lmN2lEal92V3lKNHAwOGd6UWlEQ1V1dTJUdERzekVpeUxOY1FzWHREeEdpMWx5YVVhQWp4NGlSY0NxOFJXbmpudUJGZEl4SURFYnl3NHZlYk8?oc=5,neutral,2026-06-16 10:36:00+00:00,0,0,0,0,0.5,0,0.0,neutral,0.5506325364112854,english,Mixed/Urban,anger,0.3718024790287018,0.033138807862997055,0.06135566532611847,0.14552631974220276,0.16116125881671906,0.029002323746681213
news,post,d37d0cf9bfa49530,Ajinomoto shares to be suspended on June 22 pending material announcement. Ajinomoto shares to be suspended on June 22 pending material announcement&nbsp;&nbsp;The Star,https://news.google.com/rss/articles/CBMizwFBVV95cUxPSjlmLWNkZ3NCeXNVUmtPVDZVTVFYbVpsSXZLTF9uX1cxeDMtYkNvZ2tuQlR3Mm5XTUl5N1JOWEdWaVU3dTB0ZkFBdGp3MVhBcTBCNkk2eHBaQjd6OFVqQU85UUdmRDEzd2hTRE5rcnByREYtZmhROXJZMHJXd2ZlN3hudWdoN2w3THFyZE82R3R2OEFPOGxObm4xd0E0U3RmdWxISndZLTZDVllIY3dTNTJjOEMxM0l1VnlZZjJkNmNESkctNmpzYmdvLTBlN3c?oc=5,negative,2026-06-19 11:29:00+00:00,0,0,0,0,0.11980791091918944,0,0.0,negative,0.6006402969360352,english,Mixed/Urban,anger,0.6079375743865967,0.1328737586736679,0.03728201612830162,0.10719922184944153,0.023527324199676514,0.029067140072584152
news,post,535b834cb1d63127,"Govt studying nationwide rollout of free medicine delivery, says Fahmi. Govt studying nationwide rollout of free medicine delivery, says Fahmi&nbsp;&nbsp;The Star",https://news.google.com/rss/articles/CBMiuwFBVV95cUxQNnAtOUpzaHBXLWZ5U0xDZHFPcXpUcUJVdm55SVc2N3N3RGVUS3c1Ykd2blVWVzJNc0NZa3RRRGpsMzBYbDFJX3kwejBzcjVDa2NBY0tLOWI1SFNDY0FNZkVveVFmSzJaZHh4ZUtzd1l3LV9EaXpnSktyanl0NEtBX2s4UEZ2LVo3akFkMHFjYnowZXRsYkJJS2dHNXA2MXBxTjdkM2JTaklFTzVLUjA4X3dtaEtTNG5UTmVJ?oc=5,neutral,2026-06-15 08:43:00+00:00,0,0,0,0,0.5,0,0.0,neutral,0.8279539346694946,english,Mixed/Urban,happy,0.018944809213280678,0.02084542252123356,0.7044547200202942,0.009798986837267876,0.12414787709712982,0.030133649706840515
news,post,79eb568e2ef50132,"Over 60,000 births involving Myanmar nationals in Malaysia since 2000. Over 60,000 births involving Myanmar nationals in Malaysia since 2000&nbsp;&nbsp;The Star",https://news.google.com/rss/articles/CBMiugFBVV95cUxPSVktUjk0ZUxRcS1vX19FZVdXZWVjVnNYdWJ0SWppUGFESXpsbFk5SmRGTmd5cTZKcV9vSDNCRlZ2Y29DZ2NlUEtVa3Jjd1JnZk1YQlRxYllPMkxzYk4tM1pPWGxvOHFWTDQwUk5WQzlaQjFWcVVoTVYyd3FwNTVZVWgtQzM0VjFNMnozSXlBT3dpMUozNDVZakNPUk5kZGxqeHlnZWNrZ0hsM1Q2THdNNUlscUl1ak03elE?oc=5,neutral,2026-06-20 09:00:00+00:00,0,0,0,0,0.5,0,0.0,neutral,0.8589964509010315,english,Mixed/Urban,no_clear_emotion,0.015325292013585567,0.006057297810912132,0.030855676159262657,0.008326537907123566,0.06887900084257126,0.0227217935025692
news,post,8a8c1ea08ccc585f,"Foreign patient treatment bills on downward trend, says Dr Dzul. Foreign patient treatment bills on downward trend, says Dr Dzul&nbsp;&nbsp;The Star",https://news.google.com/rss/articles/CBMisgFBVV95cUxQUi03RnNoQVprMUNmQ3VhbXBYVHNXOE9DUlFuSVp6Ty1yYUhfNnlSWjJaU3lHT0YtX193dk1QRXBnanhqbGZwRXpYWTE5MnpPQ3dGNTRqc2tqaDg4am01bjdaV1dIaFRyUU1Hai11YlJ4c2VrWDA2TlptTUNPSTlBV0ZhdzlHcy1FdDVUVmRnQ0pSYUlKZTBzSHNObG40YlpWT25YZThWNHJWMDQ3VWpVbkhR?oc=5,neutral,2026-06-15 09:16:00+00:00,0,0,0,0,0.5,0,0.0,neutral,0.61772620677948,english,Mixed/Urban,no_clear_emotion,0.03814594820141792,0.0120353689417243,0.0636155754327774,0.02184121310710907,0.09784933924674988,0.02019689790904522
news,post,83e4021ed2d7b2ac,Fahmi calls for stronger Asean media collaboration to combat misinformation. Fahmi calls for stronger Asean media collaboration to combat misinformation&nbsp;&nbsp;The Star,https://news.google.com/rss/articles/CBMiwwFBVV95cUxPNjlkUElDS0trNXdsSkdnT05ZWDBJazJ2ZDNVNGlnbmRDMmxsZUFRN1llWEt4cXNhWHFRWURjWFpXblRCZnlCMndFNFkwZWtkSlc5S2JlamdRTHBnTEVDOTFBeVJLalZYcU5vNG9MdkRPVDFYYXN0UGZOTG1WbVcxOFJkd2xlaHNwWDVJRkpoMmxBVVBaM2YxdTk0aHFLQ1NtajJuQzM3TlF4eXN1TGFuR2NrR3dVM0pNOW96NlhfSmc3blU?oc=5,neutral,2026-06-19 13:53:00+00:00,0,0,0,0,0.5,0,0.0,neutral,0.8380174040794373,english,Mixed/Urban,happy,0.016898659989237785,0.03991472348570824,0.8630872368812561,0.009293311275541782,0.036603763699531555,0.01667563058435917
news,post,5f0006fa6378c119,"Business ops remain uninterrupted, says Tanco. Business ops remain uninterrupted, says Tanco&nbsp;&nbsp;The Star",https://news.google.com/rss/articles/CBMiqAFBVV95cUxNV0M4X1d6dzlucjllVVV4ODhpY3dzRXBDOW9BQnFIWUZpekpIQmE0SVp3b1lNM0VMNTZ0Wkdva1hjeVJzUjJGOWtFc0Zja3B3ZHJnTEU4UVA2RE54NmRKZVlqdUM5b1ZLNVBjUXBHQTBBenN3ei1HOEUxYTVfVzRPX3ZjSGJiRmJ0bFhqeS0yS2w5SGVubzBpQm9fUWZxWkFFLVhWdi1GN1I?oc=5,neutral,2026-06-15 11:25:00+00:00,0,0,0,0,0.5,0,0.0,neutral,0.5869812965393066,english,Mixed/Urban,happy,0.08046243339776993,0.16042406857013702,0.5828288793563843,0.022704115137457848,0.06591445952653885,0.02926207147538662
news,post,91c2ceb2accf6615,Trekking the Garhwal Mountains in India with supportive friends. Trekking the Garhwal Mountains in India with supportive friends&nbsp;&nbsp;The Star,https://news.google.com/rss/articles/CBMiugFBVV95cUxPcjdvUHllaGhVM2FtOEFxWENSMzVTOElxVllUYUtGV3pqQlI1dDlsWGpVQm94QlhxS0lGcGlVZ3lJUDFVV1ZTNDlVZUtBQURMY3NiUUJwRXAzejJSc25MS0FuSGhVVWp5VWQ5QTN4WWozcGY3ZHdteGo3RXFrUDFfT2tZTjVGVHVuVXp3Sm9Nckd1eXNvVTJVOGJoU2VRQUU4b1hGMXRtZW82Tk5BckxMU28wenJPcXk5Snc?oc=5,positive,2026-06-17 09:00:00+00:00,0,0,0,0,0.8839242577552795,0,0.0,positive,0.6130808591842651,english,Mixed/Urban,love,0.09457317739725113,0.07838500291109085,0.05773909389972687,0.11737646907567978,0.5478942394256592,0.054716818034648895
news,post,f5c3d67d24034cad,"Report says UK PM Starmer ready to quit, but source says he is still focused on the job. Report says UK PM Starmer ready to quit, but source says he is still focused on the job&nbsp;&nbsp;The Star",https://news.google.com/rss/articles/CBMi2wFBVV95cUxNNVpQNEF3Zjc1b1lxOFpNa2U5Y3BKZTRBOFB3bHQ3VUpFcEVYTXA1RlFJb2kyRmoxYU81dDBKS2ltOHZ1WF9TM19RTkY0QlZGbTdITUhDb1BlVGt3ZWRRcTFsd2p4QjJsSGJja05wRVFNY1hSbHc1RkRXbk1kMUo0N1R3SU5lS3Q1WmV4Vzl6ZEJmenRmcHluQnlxNnUzTGJLVEh5aE9SbUFzSzlINmVBT3RnN1Y5VVdFNnY5cU50QmtpS2ZxSWR2X3RSMGRKaGNmbGJtaDB6czAxNmc?oc=5,neutral,2026-06-20 21:20:00+00:00,0,0,0,0,0.5,0,0.0,neutral,0.8216778039932251,english,Mixed/Urban,happy,0.025597598403692245,0.24790358543395996,0.6344687938690186,0.014323590323328972,0.020675208419561386,0.03515445068478584
news,post,c28532d9c6787ffb,New property projects to propel Sunway growth. New property projects to propel Sunway growth&nbsp;&nbsp;The Star,https://news.google.com/rss/articles/CBMiqgFBVV95cUxQX0dSYTdjV2lyM2Y3djZNNmVnX3Q2MU03NEExdHB2dXdDTTg1ZzNUeExXTXh5Nkw0dFN3T09ZdjhXWlRJNjdNYmxVenU2ckhkemxZYWF2T2preF8zNlRzcXVUX0hYbU9pX2h1dGV0VnFUU1QtQUo5UXFnR2JSbWp2am9mYTNEd2tadUJSQTZTLWNtTjFKcWtRRGV1VXVqQ0xkU2F2ckM1elRKZw?oc=5,positive,2026-06-15 23:34:36+00:00,0,0,0,0,0.9337607741355896,0,0.0,positive,0.7792025804519653,english,Mixed/Urban,no_clear_emotion,0.046151041984558105,0.05802389979362488,0.22588711977005005,0.03510991111397743,0.12126021832227707,0.07652264833450317
news,post,9688791c834db894,Fisherman catches 10kg croc in river near Sg Lereh flats in Melaka. Fisherman catches 10kg croc in river near Sg Lereh flats in Melaka&nbsp;&nbsp;The Star,https://news.google.com/rss/articles/CBMitwFBVV95cUxPZTUxZ3dsNS1ZdEcwak90SkZNUWFQUjF3NGt4NkhiQXBPek1ZenFfaUNUM3J5Y01qR2QwMkJlYzItV2VGWlRobEg2VHdaTHJTLVVqcm1xRXhLdXZhTFNwRDNaRU81S1JrX0xraFhFNkRvb0tqYXJENGRNaGY3SkFGVlRMc2lSREJUcUpVN1FqbU5ZTl9yM3luWkhlLWVVZE1EZmxzU3dteVJqT19VVHA3SVZhenJqMFk?oc=5,neutral,2026-06-20 09:09:00+00:00,0,0,0,0,0.5,0,0.0,neutral,0.8962525129318237,english,Mixed/Urban,no_clear_emotion,0.11809039860963821,0.021196013316512108,0.08352503925561905,0.023077649995684624,0.17320367693901062,0.021830901503562927
news,post,9d9316cb54df88ce,"Tech, semiconductor stocks lead Bursa gainers on US chip rally. Tech, semiconductor stocks lead Bursa gainers on US chip rally&nbsp;&nbsp;The Star",https://news.google.com/rss/articles/CBMivwFBVV95cUxNaFRtNUpDQ1hwVk9iNnY5bjZnbkNYR3RrMXlISWpYekozSTNHM240LU5EQ2luN2JKQnVwRGZKb0ZRVXpMTDdpNVdpWGJQOW12TEdkS2owMmF4YWVXeTNscVBmRVVMd2d0OE8xSWRzNEdxa0xUNFNZREVuMjEwTlg1enFORmNCQ1U1d0MydnhUbmlObS1vcDdKdE1iMUl1WklCV2x0bW1RM0w0SEthanZlLXFjemdPSDRVVHg2SFVuYw?oc=5,positive,2026-06-19 02:10:00+00:00,0,0,0,0,0.9391428411006927,0,0.0,positive,0.7971428036689758,english,Mixed/Urban,no_clear_emotion,0.032777443528175354,0.013459814712405205,0.07429613918066025,0.014709053561091423,0.09180572628974915,0.02199101261794567
news,post,3cadec8e2233c31c,Football: Soccer-Real Madrid sign Konate from Liverpool. Football: Soccer-Real Madrid sign Konate from Liverpool&nbsp;&nbsp;The Star,https://news.google.com/rss/articles/CBMinwFBVV95cUxNdHRRamZoY1djeTdJOXpVdlZaMzg1U0stcFRWaEJXTF9Yckh5cGZZMlluQUVYSkdwVGlDRU41RkdsUXc3aVlQaEFXUFR0YzN6STZyNUxQd0ZPcjhVMzlJY3REcVViNlA3UUtaamdGcHdQdGhJeGtsMV9odU9jMmVtVzE3aGZGZ0w3aDhZRndqTWczS2ptTV9GMWx1Vi04aWc?oc=5,neutral,2026-06-18 10:04:00+00:00,0,0,0,0,0.5,0,0.0,neutral,0.899060845375061,english,Mixed/Urban,no_clear_emotion,0.03733115643262863,0.013761060312390327,0.07170143723487854,0.021739734336733818,0.2289694994688034,0.020728927105665207
news,post,451c08faa6ca8b0d,Community dengue control. Community dengue control&nbsp;&nbsp;The Star,https://news.google.com/rss/articles/CBMif0FVX3lxTE9PVDJ6bUhfZHkzRy1EcjNuS1VpcTUyUkxfc0E5ZklFVDVNdXVtSDBYR0JJaE1VcGZTcnVmaURyTTFtTnZ2Y2hNeWwzdFZPV1UxaTZpVEIxcG9UdndEdXZDZ3IzbTF0WnBDTkJFUzFIUXhnSF80TWNQOVcyNF9vQTg?oc=5,neutral,2026-06-14 23:24:18+00:00,0,0,0,0,0.5,0,0.0,neutral,0.768320620059967,english,Mixed/Urban,no_clear_emotion,0.05493942275643349,0.01576613262295723,0.07184050232172012,0.027253037318587303,0.2788485288619995,0.027637023478746414
news,post,9865372757beb96a,Default shakes a US$80bil corner of Muni Market. Default shakes a US$80bil corner of Muni Market&nbsp;&nbsp;The Star,https://news.google.com/rss/articles/CBMiqwFBVV95cUxQc0tOdlZaUjJiVGlCTlZCXzZLZmRRVDBSZDZpX1pqWTJHWi1JM0lObDh4VnVZLTAzYnllWWhFTERrS3lPZ1dtNDNQeVFFRFNvUVN5VmRIbGVhcDNPYTFwRndpaGxPRDJ3R2MyLWxnVjAtWm5tRFNqZUs0ZTNiM1J6VDFYcGZKcFVoeDZQQWRwSUdEVXJMcEdicExYNEZ6eEdsc20zcUNtbmwyWnc?oc=5,neutral,2026-06-18 23:05:28+00:00,0,0,0,0,0.5,0,0.0,neutral,0.8689397573471069,english,Mixed/Urban,no_clear_emotion,0.08869045227766037,0.029229355975985527,0.10532743483781815,0.026337390765547752,0.16078448295593262,0.03162943571805954
news,post,6499d57c5de9ab19,Jakarta faces 20 million tonnes of coal shortfall. Jakarta faces 20 million tonnes of coal shortfall&nbsp;&nbsp;The Star,https://news.google.com/rss/articles/CBMirwFBVV95cUxQOUhXa3U2RGV4Wk9RempmVUdYZDVWUWZDRS1FbGNMNEFqRDNHRHZ6MnVXZFl1ZmJRXzYtelU2OVlPcFdmb2JtZzVGZGprMWNVbHlEOUhkSUVORlRNdVFpRG9sazBZd210NDA3dE9nMl83MGJDSE1LYWIyZVkwOGtBbDJVUzJVSzZDVWVhcFhqc2JhVUN1b3Z6YTVwdWlDYmMzSzJTQ3Qwb1l2NENrc1I4?oc=5,negative,2026-06-18 23:04:28+00:00,0,0,0,0,0.11091608405113221,0,0.0,negative,0.6302797198295593,english,Mixed/Urban,no_clear_emotion,0.15667147934436798,0.04453934729099274,0.09657269716262817,0.05417388305068016,0.24319307506084442,0.03570425137877464
news,post,e3b7ea312efa4a03,Perodua EV repricing might ramp up sales. Perodua EV repricing might ramp up sales&nbsp;&nbsp;The Star,https://news.google.com/rss/articles/CBMiowFBVV95cUxQZEtCVHdrRUtWZHowQkFRT0RwbVhLMjZNenhmTVZETkNWTUtRRXZ2RWRHZnFocEtRVzlKeXNXa2VLOHNzY0lvelEwZDctT0RlSUNWNWpkcE1WV2x5WWROLUZBNzQwYVpDQTNHNXlIZTRmRzF4S1RvRXFsQW12VEF0a01keVFBSnloelZ1cDYxeFFnUHN3YS1jT1dOSnMxbElmS2hR?oc=5,neutral,2026-06-17 00:02:53+00:00,0,0,0,0,0.5,0,0.0,neutral,0.6178364753723145,english,Mixed/Urban,no_clear_emotion,0.10931044071912766,0.05228529870510101,0.15536437928676605,0.011668497696518898,0.044791579246520996,0.02640310861170292
news,post,0949260ff9da18e1,"Japan's Nikkei gauge crosses 71,000 on US-Iran peace deal. Japan's Nikkei gauge crosses 71,000 on US-Iran peace deal&nbsp;&nbsp;The Star",https://news.google.com/rss/articles/CBMiuwFBVV95cUxQZ0ctTnRMeUdjZG9jV21CdEN5Uk1qcm5uaTFKMjB3aHA3ODd3TUNqei1xdmxSdkg1YWdQVUVZbFhrVF9RVm5keHZpeTFINGpaVW55dm5pWkI4YjZXUHNQVkh1RTIzN2VSWTNoNjNnbUxpNGc0ODNaUjIxVVRvVUtrSTJQcFlhVWRxaVhUbElqOUQ4ajNMZGkyU1RVYXY4QTY4ZnB0T2FnMEphaHRxNHBMeVpXUnVsYVRPSkc0?oc=5,neutral,2026-06-18 03:46:00+00:00,0,0,0,0,0.5,0,0.0,neutral,0.774796187877655,english,Mixed/Urban,no_clear_emotion,0.05089257284998894,0.016643404960632324,0.07349282503128052,0.026275869458913803,0.29228073358535767,0.021494777873158455
news,post,009b6b913593bd42,Sum Technology profit growth trajectory intact. Sum Technology profit growth trajectory intact&nbsp;&nbsp;The Star,https://news.google.com/rss/articles/CBMiqwFBVV95cUxQYVB3QnYwMzJQcGNoRVJyWmJ1UkF0RUhMZnEwSHctMTBuUmFEam1uZkhZR0N0bUZyTlJNdDVGdmVoUnpUZVRkOXVISTAwNVFDaVdNaXdaR3ZNWU1yU2ZFdmlZZW9IcmxpXzZ4QWFxQmxnZ1d5WlBGc21zNGtHeloyYzkwV1JPUzh2YXJjeklTelhYTU4zRFVpdlRpTmxfcUl5OEVPWkdBa1NLZE0?oc=5,positive,2026-06-16 23:04:14+00:00,0,0,0,0,0.8987480580806732,0,0.0,positive,0.6624935269355774,english,Mixed/Urban,happy,0.03073877841234207,0.05272841081023216,0.4811502993106842,0.020600559189915657,0.09126409888267517,0.04868483915925026
news,post,a2933d49a0e6805d,Badminton: Wee Kiong-Azriyn march into Macau Open quarter-finals. Badminton: Wee Kiong-Azriyn march into Macau Open quarter-finals&nbsp;&nbsp;The Star,https://news.google.com/rss/articles/CBMiqwFBVV95cUxPLWJYSW11VWVPVkZKcEtMaENWc3BnZDkyRGhwZ1JjbW9hUUR5SjB3NUxETk1qRkdSWXdKa0h6akJZbVRVMWg4VXJHRHdaX1FzWEdyS0gxX2tYbDIzN05wNEZWcWFwMWQ2dURjSkZFOE50M2t3Y0dUMnNrVHpwS20wcG4zbFZNcU9xQ3dKX1hLUUxSaFAwMEdkc0dUS1RuT2RKQkFjbDRIdmNsdFU?oc=5,neutral,2026-06-18 11:47:00+00:00,0,0,0,0,0.5,0,0.0,neutral,0.833415687084198,english,Mixed/Urban,no_clear_emotion,0.02479097992181778,0.021597428247332573,0.055557526648044586,0.013964950107038021,0.055184703320264816,0.022966468706727028
news,post,9a8da3d2cfb04ad1,RM10mil to retrain retiring Armed Forces personnel. RM10mil to retrain retiring Armed Forces personnel&nbsp;&nbsp;The Star,https://news.google.com/rss/articles/CBMiogFBVV95cUxPaENheHh6OWxEVVZNbXhyR29pdkltWFpvRFZETkQxREFHZjVwUmlUQzM1SW9SdGJhTnotQ2E4cXppWGJ3T0xMNm5Ucy1pMWUtMTlJZkRlblA0N19OdTdKVWFsU0dWVTVxOFEtbUlkVDk5NE10SXotU0otYXFKTlJpaXdqVU9qOE1Kb2Nod1ozZE9zd0NHWUp5TEtubm9qMUNwQUE?oc=5,neutral,2026-06-14 23:09:35+00:00,0,0,0,0,0.5,0,0.0,neutral,0.9012793302536011,english,Mixed/Urban,no_clear_emotion,0.04510120302438736,0.015979042276740074,0.05764294043183327,0.02440847083926201,0.14354436099529266,0.01883281208574772
news,post,4386b7c87c2587db,Traders most positive on US dollar since February 2025. Traders most positive on US dollar since February 2025&nbsp;&nbsp;The Star,https://news.google.com/rss/articles/CBMitgFBVV95cUxNekRwUVBJTDdXblNTeDFSa21NeHIwLTByNjh6bXdieHNNb01qaGdha2NkOTRpVzRPN0xXcXRlaUdEUXNKN0FkazZiVF9xdmNrZlpPMlBndUpKb0txZlhtOUlkWklkSVRGX3Eycnk4ZEJHclJDclNUVEJSbFVnZ3R3TW0zX0tQQWtrWTFKOC1MTWNOdk5pSklYd1NfZEtLckV4WXhlb3FhU2NkMDNGT0NOT1ZVSEdfUQ?oc=5,positive,2026-06-15 00:14:38+00:00,0,0,0,0,0.936807745695114,0,0.0,positive,0.7893591523170471,english,Mixed/Urban,happy,0.01392421592026949,0.030014194548130035,0.8593945503234863,0.008686123415827751,0.030611958354711533,0.01781274564564228
news,post,53c9c0081fdbae3a,Badminton: Injury problem again as Jin Wei walks out of Macau Open. Badminton: Injury problem again as Jin Wei walks out of Macau Open&nbsp;&nbsp;The Star,https://news.google.com/rss/articles/CBMirgFBVV95cUxNZjlsb2ZKRGxpczZadEFpWExFX2ROeVVsUDVDbHZhLVdZdFp0eXRuNE9ROFVDTVRlV1JtOXVpQmQ4TUQ1eWw2SEJKb0pyZWp6bTVFR3B6SF9Ia2swMGlOUnJwRW9MMmFjSVNyS3FDZXh2UXl4UXRXV181ZWh1Xy1XME43R3NqWWN6UVZ6QVo4dGczVXB5b3pVZXBYcERfbV9MSVAwejBlb0hCRUktREE?oc=5,negative,2026-06-18 09:31:00+00:00,0,0,0,0,0.1116800308227539,0,0.0,negative,0.6277332305908203,english,Mixed/Urban,anger,0.5316399335861206,0.06560058146715164,0.07628768682479858,0.033580269664525986,0.05484540015459061,0.020962435752153397
news,post,15a7c826fa714b21,"Oil slips 4% as US, Iran reach peace deal to reopen Strait of Hormuz. Oil slips 4% as US, Iran reach peace deal to reopen Strait of Hormuz&nbsp;&nbsp;The Star",https://news.google.com/rss/articles/CBMixgFBVV95cUxNOFcxR1owWm1vekk4Q3puOW1SWVdwSnFMMHRSMnNocTN1MjRYaVRWYzRnSFBFdlZYcm93d01IbnpwM2NhZmFiR19WcHRkUnEzZGV1ekhQOTYyR3FkNlhGWnJvRklVTm1VMXU3eVRsR0IzVlZ5NXVVdXJzVEEwM3V0VVhKbkNBaGNqU1J5ajNxeGoyTE1CS2hKZVBZOGhnU29wRkxnbUJQZEtNc3RXVTZvZkVLVUtpbFpLVzN6SGoyRzBrVHN4bnc?oc=5,neutral,2026-06-15 00:24:00+00:00,0,0,0,0,0.5,0,0.0,neutral,0.49931174516677856,english,Mixed/Urban,happy,0.06261353194713593,0.04944523796439171,0.5872383117675781,0.018510708585381508,0.12946251034736633,0.019698595628142357
news,post,7d9a69ae90028c0a,"Wall Street rallies, Dow ends with record on US-Iran deal, oil price slide. Wall Street rallies, Dow ends with record on US-Iran deal, oil price slide&nbsp;&nbsp;The Star",https://news.google.com/rss/articles/CBMizgFBVV95cUxOYTFYenpHSERfb25pbnRUYWtyOXVReEg0cjNGQmlFc25uN2U3MlN4T01BbjJtSWd4YUxnUDNGS0JZdjZYdjZzRUF2b3UyR3NUTERqdFkyclJTREFHWVZNX29lbEdMU1Y4ZTdUX1pZaTgzc1NTNGJkSWl3NGFMdnFObnhXVDBGSHdrcDF0SUJzYWxPZU1obVlBT1FZZ0huOXVoeEtnekt2WGdycGo1eEpjVzV0Y2hISkhnUFdtYzdVSVZRVzI2c0doZmoxYVpTQQ?oc=5,positive,2026-06-16 00:23:00+00:00,0,0,0,0,0.901469624042511,0,0.0,positive,0.6715654134750366,english,Mixed/Urban,no_clear_emotion,0.036253560334444046,0.01539144292473793,0.06051328033208847,0.013604111969470978,0.03992876783013344,0.01903301477432251
news,post,db4702b2d44f47ba,iCents wins RM6.95mil data centre supply contract in Indonesia. iCents wins RM6.95mil data centre supply contract in Indonesia&nbsp;&nbsp;The Star,https://news.google.com/rss/articles/CBMivwFBVV95cUxOLVBWWmVhRWRNQWdyLWtzamtOUU1WZ3VmQ21penlBYkRMUmFWSldnYUlrSy0ybWFKMGZwV2gzc1hmdlJJd0NTNmZEOWs4RTlacGhSeXVpRUVZa2VGUXZ1OE9hdWc3emcyZTdfT0tVdlVGcmdRS1lUVk5FUmJqNUFxSVRQeWdsOG9uZmYxUmpibTJUZEFJTzRkQTFTQkpvZmpIRTg4UlN0eGhMYnAxTXItX0JydTJsZnJyN1dacGxzcw?oc=5,positive,2026-06-19 06:58:00+00:00,0,0,0,0,0.8856348812580108,0,0.0,positive,0.6187829375267029,english,Mixed/Urban,no_clear_emotion,0.07133888453245163,0.05376815423369408,0.18396270275115967,0.04513747990131378,0.2375905066728592,0.030753863975405693
news,post,b57c149bac6b9d47,Singapore man targeted by former schoolmate who posted AI images of them as couple with baby. Singapore man targeted by former schoolmate who posted AI images of them as couple with baby&nbsp;&nbsp;The Star,https://news.google.com/rss/articles/CBMi6wFBVV95cUxOZWRPY2pyYVQyQTRGMEszYlFiVXFqT1NsUG55ZkZDNExuUV9ZTmlxSzh3OXF3RHdBby1aNzd1b0tLeVJ1dnBQTHBLOGRZR3NLWl9KNUowenYtRGdlQmg4SERfNnBRQ3RlLUE5VVNWSXBvVUVKRjhQQk1mNTROd3JjRE9PQURncGR3WlQ2eGxaTkdpVlJyM3VMMHdBQ3JkS3MyMVJLazcwMy10SXZGaDlIUHlTVllQTDRXY2J5VjdjcTlXdGVvVVdQSUVGTS1RaUhRZ3hpQnhwdmhKUkFQX3FPOW1rMzJ0bUNQYmw0?oc=5,neutral,2026-06-21 01:45:00+00:00,0,0,0,0,0.5,0,0.0,neutral,0.6667236685752869,english,Mixed/Urban,love,0.05151457339525223,0.04924812912940979,0.04626269266009331,0.07300332188606262,0.45751121640205383,0.09412281960248947
news,post,909cb9ac2775fe79,Heart And Soul: Newspapers are more than just printed pages. Heart And Soul: Newspapers are more than just printed pages&nbsp;&nbsp;The Star,https://news.google.com/rss/articles/CBMiswFBVV95cUxQZlBUNXpWZk9FTk94V3ktdmxpYWNjWHVIa0dtZTlYWjRRX2pScHgxZVFHd2tWQ19wRWtRQ0hCakZ6QkNZRVo5ekJ6bkRraFcydFhtVDBjT1UxMF9tXzlZbnkwbURqT1VoV2NuY0hkZE1rQ0Y2YXZZbHZGN1VJNzlCN2dMa21JYlR4aUVPaU8td3AtbjlqSnd0VVRKbVdMRjQtREVKczhwLWt5blRVRmVRSnZscw?oc=5,neutral,2026-06-20 10:00:00+00:00,0,0,0,0,0.5,0,0.0,neutral,0.703930675983429,english,Mixed/Urban,love,0.020280389115214348,0.01650352030992508,0.09242493659257889,0.028935223817825317,0.7409160733222961,0.023901624605059624
news,post,d649fe5d61161881,When the game stops coming first. When the game stops coming first&nbsp;&nbsp;The Star,https://news.google.com/rss/articles/CBMiogFBVV95cUxNdU5lUjdVRU5jT3dPUkYwVkU1a3Vuc0lycTVtNUNGdkRvOUYtUHNmYVp3SFladEtCenhRVjdqdGoyVjVrdVM3VjR6dUlSYjQ3NjBjbURxYWc0aXZ6d0hfaUJWc004Vndyckk1emZQRWRpT2tuWnhDbS03bjFOdjhZUWM5RTdYQTZHcF95RlQ0XzNsVGlIM21LSGxJbVAzckE4YWc?oc=5,neutral,2026-06-20 00:02:35+00:00,0,0,0,0,0.5,0,0.0,neutral,0.5566564798355103,english,Mixed/Urban,no_clear_emotion,0.031052008271217346,0.041322868317365646,0.061430610716342926,0.009918424300849438,0.03962849825620651,0.03810545802116394
news,post,810db4e1c71bc605,El Nino risk for planters. El Nino risk for planters&nbsp;&nbsp;The Star,https://news.google.com/rss/articles/CBMijwFBVV95cUxNNHU1am5mcVE3ME9aWVBTUG1xTVE5UjZSOTJlbU9GQnM1RUk4ZXUySTZqVlNmU3ZWb0hpRko1SFF4eDE4Uy1EbkUtV1ktem82RzBtYjZrd1dwUmozbVdLU052bmFBc0g2UVFfaU5GZXUwSnpYVDBURmFWSy0ybjBZRXFxM1lDUG9yOU1IcHZwUQ?oc=5,neutral,2026-06-16 23:04:32+00:00,0,0,0,0,0.5,0,0.0,neutral,0.7148719429969788,english,Mixed/Urban,no_clear_emotion,0.031105628237128258,0.019683796912431717,0.07935255765914917,0.016759060323238373,0.25733518600463867,0.029891759157180786
news,post,ddeca1df2343f0ea,"Trading ideas: Kerjaya Prospek, Powerwell, Taghill, Mycron, OSK, Tanco, IJM, PetChem, Country Heights, Poh Kong, Astro. Trading ideas: Kerjaya Prospek, Powerwell, Taghill, Mycron, OSK, Tanco, IJM, PetChem, Country Heights, Poh Kong, Astro&nbsp;&nbsp;The Star",https://news.google.com/rss/articles/CBMi_AFBVV95cUxNclhBWDY3V3FxSWtROG1PbFNFbEZxZGhQY2JmN1BMMHJwNk45YVJqb3dCWTAxT3E4MU5LOUxiejVMeEdqU1V3M1hLWGRETkNob2tMellDWEhVTmFybmtNdkRTNjhpUkR3M1RBb2dFbmEwOVBUV0lzbzNUQUJjOEE1Z0dTNGh0VlJSenNfazRIR3BBNmFmbWgyTDdNelBfTlpMbmhCaTJTb1dNaTA3cDREZ191YVVIUmhreWJoelVjcjBiZXl6cTNIekN1dEFmOWhRLU8takdZdFY4WEtocU8xb1JYOFJXcDhYRThnZ3UyRzB0WkdwemtFbVVfQmY?oc=5,neutral,2026-06-16 00:27:00+00:00,0,0,0,0,0.5,0,0.0,neutral,0.8604719042778015,english,Mixed/Urban,no_clear_emotion,0.06939403712749481,0.020650014281272888,0.06699196994304657,0.032586123794317245,0.2708584666252136,0.029881443828344345
news,post,e21c4b0fe8043169,End of the RM1 fee tests cashless Malaysia. End of the RM1 fee tests cashless Malaysia&nbsp;&nbsp;The Star,https://news.google.com/rss/articles/CBMipgFBVV95cUxOZUhudXR2MUFTMmVBdFJRWUdrYS1heFNOYVZ4YnllZ3JZQ1V3NjhsNXlfNHJjdlpGMXFfZ013bmtzdWczekN0ekNabXBBS1hiN0ZuRHI5NXRDUmR0Ry1TWnpER3NaOTdLMnJiazRJRkZSaDZIbFozWWoyN2ZSUDU4aVpEeXJPN1lkSGxfUFRGcXMySFJuUDc0R19LVHRNSGpzUERyR0dR?oc=5,neutral,2026-06-19 23:04:27+00:00,0,0,0,0,0.5,0,0.0,neutral,0.8198615908622742,english,Mixed/Urban,sadness,0.08066242188215256,0.10318676382303238,0.029950978234410286,0.686622679233551,0.023065313696861267,0.027677766978740692
news,post,71366e9fd7f855e4,Respect goes both ways. Respect goes both ways&nbsp;&nbsp;The Star,https://news.google.com/rss/articles/CBMingFBVV95cUxOcWhEZTBCRXVlTVNhUjdncXBHMXZpcjNfVHJxY3dnNWlRbnJtdXljMXBIdm5LalYtMXIwQkZ6SGY3UzJoWWpRRjFmNENieTVwUlJkeTJjcURHT01wUmxCV1kxMUw5Q2FQMzdzR0EwbkNncU8zY1NtdFRwQk5rMUdFT1RDOTFkcGVXYV81cjd0Y3RJTzA1ZTFCdnFlTkhjUQ?oc=5,positive,2026-06-21 03:28:35+00:00,0,0,0,0,0.897582584619522,0,0.0,positive,0.658608615398407,english,Mixed/Urban,love,0.03932735323905945,0.012470893561840057,0.05479079484939575,0.02576424553990364,0.6864079833030701,0.019042393192648888
