Platform,Type,ID,Text,URL,Parent_Post_URL,Parent_Post_ID,Sentiment,Date,likes,shares,comments_count,views,sentiment_score,total_engagement,engagement_score
linkedin,post,7376455708634107905,"After months of hard work, we crossed an important marker in the Ekonomi MADANI reform agenda. The implementation of BUDI MADANI RON95 (BUDI95) is the result of a carefully considered approach to subsidy targeting that balances the people's welfare with fiscal responsibility.

The reform is straightforward: ALL Malaysians continue to enjoy subsidized fuel at RM1.99 per liter - even lower than today's RM2.05. What changes is that non-citizens and corporate users pay market rate, ensuring subsidies reach those they were intended for.

This measured approach considered the best accessibility with seamless implementation across 4,000+ stations nationwide using MyKad verification. It considered sufficient allocation for 99% of Malaysians with 300-litres per month by crunching data from the Department of Statistics. The outcome from this is expected to be between RM2.5 to 4 billion annual savings that can be redirected to programs that benefit the rakyat.

The Government took time to ensure fairness in this reform. Rather than rushing into blanket price increases, or complicated targeted cash back assistance, we chose a path that protects Malaysian families while still addressing fiscal sustainability. The success of our diesel subsidy targeting - which exceeded savings projections from RM4 billion to over RM7 billion annually, demonstrates not only that we can do this with some clear-headed thinking, but that we must do this - to sustain our economic future. 

This is responsible governance in action. Every ringgit saved from better-targeted subsidies can support education, healthcare, infrastructure, and be directed towards assistance like STR and SARA programs. 

The phased rollout begins September 27 with our armed forces and the police, followed by STR recipients on September 28, and full implementation for all Malaysians on September 30.

BUDI95 represents another step toward sustainable growth built on sound fiscal foundations. When subsidies reach their intended recipients and government resources are optimized, we create space for the strategic investments Malaysia needs to achieve high-income status.

#BUDI95 #EkonomiMADANI",https://www.linkedin.com/posts/amir-hamzah-azizan-05990b42_budi-madani-ron95-activity-7376455708634107905-sJl0,,,neutral,2025-09-24T03:21:28.858Z,916,71,34,0,0.0,1021,1160.0
linkedin,post,7376225587385974784,"Proud to support Budi95 National project, we are committed to be your trusted digital companion and bring you more convenience!   

As our users are 100% verified, they can skip the physical MyKad verification.  and best of all, we support ALL petrol stations, no matter which brand!  

#TNGDigital #BuiltForAll #TrustedByAll


https://lnkd.in/gs57vHS4",https://www.linkedin.com/posts/alan-ni-57877911_budi95-how-to-use-tng-ewallet-to-buy-ron95-activity-7376225587385974784-kmTA,,,neutral,2025-09-23T12:07:03.677Z,515,50,15,0,0.0,580,660.0
linkedin,post,7411787513817919488,"2025 has been a truly memorable chapter in my journey, rich with meaningful experiences and marked by the opportunity to deliver BUDI95, a nation-level initiative for Malaysians.

Purpose-driven work isn’t always easy. It calls for fast learning, making tough trade-offs, and listening to what truly matters for our customers and the nation. But it matters… because it impacts people, communities and the way we move forward as a nation.

I’m thankful for the team’s resilience and the shared belief that meaningful impact takes shared responsibility.
This is only possible because of the team, the collaboration, the trust, and the shared commitment to do things better every day.

Proud of the journey we’ve taken together and energized for what’s next.

#PDB
#PDBDigital
#BUDI95",https://www.linkedin.com/posts/sazlina-ahamad_pdb-pdbdigital-budi95-activity-7411787513817919488-c3wi,,,neutral,2025-12-30T15:17:27.647Z,304,4,21,0,0.0,329,375.0
linkedin,post,7399389686378455040,"Today, Malaysians can enjoy BUDI95 with the Shell App. This moment matters because it helps our customers stretch every ringgit a little further.

Flashbacks of when we first introduced BUDI95 at our stations. I was excited because we were delivering something meaningful for Malaysians; nervous because we knew we had to get it right.

Today, being able to remind Malaysians of that familiar way of fuelling up with Shell App at Shell is a proud moment for those who worked tirelessly to bring it to life.

Allowing Malaysians to have the ability to pay safely from the comfort of their car, link BonusLink account for instant rewards, and easily find the facilities they need at any Shell station - from restrooms and surau to Shell Select & Shell Café.

To celebrate this incredible milestone, we've lined up special rewards for our customers, including RM2 million worth of Shell vouchers and a chance to win three years' worth of free fuel wi th purchase of selected Shell Helix and Shell Advance lubricants.

At the heart of it, our commitment remains the same: to make every stop at Shell more convenient and more rewarding for all Malaysians.

Thank you to all of our partners TNG Digital Alan Ni  Bonuslink Bruno Araujo  and customers for your continued trust and patience. I can't wait to bring you more of what we have to offer at Shell. More info in the link below:

www.shell.com.my/budi95

My sincere appreciation to my team for their hardwork and efforts leading to this milestone and a successful launch event!!

Li Ching Yu Bryan Gee Sally Chong Sing Lum Phang Rezza Mohd Ariff Amy Ho Renny Teo Hilary How Piky Agarwal Pek Wan Lee Zairi Dzuljastri Sr. Yakub Tuarang Helmi H. Lim Yee Kang zainudin sulaiman Simon Leong, PMP Kevin Foo William Hing Johan Felisa Woo Ooi Chen Yang  
 

#ShellMobility #PoweringProgress",https://www.linkedin.com/posts/lee-ming-seow-5a225b135_shellmobility-poweringprogress-activity-7399389686378455040-W9_N,,,neutral,2025-11-26T10:12:55.245Z,323,10,3,0,0.0,336,352.0
linkedin,post,7375830365111844864,"🚗💳 Malaysia rolls out Budi95: Targeted Petrol Subsidy at RM1.99/litre

Prime Minister Datuk Seri Anwar Ibrahim has unveiled Budi95, a new targeted subsidy programme offering RON95 petrol at RM1.99/litre for eligible Malaysians starting Sept 30.

Key highlights:
✅ No income cap — all citizens with a valid driving licence qualify
✅ Verification via MyKad or petrol station apps (e.g. Setel, CaltexGO)
⛽300L/month cap (with additional allocation for e-hailing drivers)
❌ Foreigners will pay the market price (~RM2.60/litre)

The rollout begins in phases:
📍Sept 27 – Police & Military
📍Sept 28 – Sumbangan Tunai Rahmah recipients
📍Sept 30 – All eligible Malaysians

This move aims to make fuel subsidies more efficient and targeted, ensuring better fiscal responsibility without burdening the rakyat.",https://www.linkedin.com/posts/the-edge-communications_malaysia-rolls-out-budi95-targeted-activity-7375830365111844864-Hvzl,,,neutral,2025-09-22T09:56:35.344Z,252,49,0,0,0.0,301,350.0
linkedin,post,7385880635720134656,"Truly proud of our team that help delivers BUDI95 for our partners and clients in Malaysia.

I don’t think I tell this to the team enough, just because we are from Bangi, doesnt mean we cant build world class tech.

Proud or you all to be building the “ invisible bridges “ which helped 🇲🇾.",https://www.linkedin.com/posts/rezarazali_the-invisible-bridges-we-build-i-once-helped-activity-7385880635720134656-qkaf,,,neutral,2025-10-20T03:32:46.582Z,222,14,16,0,0.0,252,298.0
linkedin,post,7444715991898451968,Last day for 300 litres of Budi95,https://www.linkedin.com/posts/peter-tan-4b5959126_last-day-for-300-litres-of-budi95-activity-7444715991898451968-c9mg,,,neutral,2026-03-31T12:03:28.603Z,218,16,12,0,0.0,246,286.0
linkedin,post,7378779120169570304,"Proud moment for the Shell Malaysia team! After months of hard work and dedication, the targeted RON95 petrol subsidy program: BUDI MADANI RON95 (BUDI95), is now live.

This is a pivotal milestone for Malaysia and a true reflection of our Shell purpose of Powering Progress Together, as we continue to support the nation’s energy transition and ensure fuel accessibility for all.

Kudos to everyone who made this possible! 👏🇲🇾",https://www.linkedin.com/posts/siti-sulaiman-b8b76b6_poweringprogress-makethedifferencereal-budimadani-activity-7378779120169570304-QRT_,,,neutral,2025-09-30T13:13:53.335Z,240,3,5,0,0.0,248,261.0
linkedin,post,7414221339751981075,"From people and progress, to purpose and a quiet miracle.

2025 was built on people, and progress.

At Setel, we doubled our active customers year on year, delivered 31% app growth traction, achieved financial independence, created national impact through BUDI95, and raised the bar for Setel and Mesra Rewards, reflected by topping the charts for several weeks.
None of it happened alone. 
Teams, Board members, leadership teams, partners, stakeholders, and customers made it possible.
As 2026 began, it brought its own quiet miracle, welcoming our baby boy, and embracing a new chapter of fatherhood.
Here’s to all of us, taking these lessons forward and raising the bar together in 2026.
#Setel #BUDI95 #Leadership #Grateful #NewBeginnings",https://www.linkedin.com/posts/abdullah-ayman-awaluddin-269a2458_dahsetel2025-hello2026-activity-7414221339751981075-_uJ1,,,neutral,2026-01-06T08:28:36.968Z,177,0,25,0,0.0,202,252.0
linkedin,post,7411953485610450944,"2025 – A Year of Growth, Impact & Clarity

Delivering and being part of the BUDI95 team for PETRONAS Dagangan Berhad was the highlight of the year. 

Budi95 began with a simple question:
How do we make digital meaningful — not just another system nobody uses?

From that question grew a journey of alignment, storytelling, governance, and rebuilding belief in what digital can do for PDB.

2025 was a defining year — one where digital became more than a tool. Working alongside the government, partners and the internal team, we focused on how digital platforms enable business outcomes across the retail fuel ecosystem.

Couldn’t have done it without the amazing team and the leaders working hand in hand.

Onwards to 2026!",https://www.linkedin.com/posts/shawn-benedict_2025-a-year-of-growth-impact-clarity-activity-7411953485610450944-0JYT,,,neutral,2025-12-31T02:16:58.406Z,200,8,10,0,0.0,218,246.0
linkedin,post,7411979434846498817,"It's a wrap! 🎉
​
2025 was a year of strengthening what matters most. Making TNG eWallet Malaysia's #1 everyday app for everyone. ​

We saw more people in Malaysia using TNG eWallet beyond payments. From managing daily routines and supporting small businesses, to travelling with ease and staying connected across borders. ​

This year, millions stayed connected with our expanded QR scanning that lets you scan non-payment QR code. Micro businesses continued to grow with simple digital tools to manage and scale. Travellers explored more destinations with confidence and convenience through our cross-border solutions. Communities also received essential support through features like BUDI95.​

Every tap, scan, and transaction reflects our commitment to bringing convenience into real moment. At home, on the road, or abroad.​

Thank you for being part of our journey in 2025. ​

We look forward to building even more seamless, trusted, and secure experiences for you in 2026.​

#TNGDigital #TNGeWallet #EverydayApp #FinancialInclusion #BeyondPayment #2025Wrap",https://www.linkedin.com/posts/tng-digital-ewallet_tngdigital-tngewallet-everydayapp-activity-7411979434846498817-2qvg,,,neutral,2025-12-31T04:00:05.186Z,162,13,2,0,0.0,177,194.0
linkedin,post,7395945406855208960,"Reflecting on how we went live with BUDI95 at Setel, it still feels a bit surreal.

I was fortunate to get the chance to build and grow alongside some incredible leaders at Setel, and serve a team with insane agency, clock-speed, and a deep connection to the mission.  Teams with this combo don’t come by often.

After many late nights and hard work, and yes, a few new white hairs. Worth it. We’ve built a seamless fuelling experience for Malaysians (by Malaysians), and I genuinely think it helps set a new normal for how we refuel in Malaysia.

To the team, thank you for your resilience, grit, and belief.

And to Malaysians, if you haven’t tried Setel yet, give it a go 🙂",https://www.linkedin.com/posts/jonathanlaimh_reflecting-on-how-we-went-live-with-budi95-activity-7395945406855208960-bGEt,,,neutral,2025-11-16T22:06:35.015Z,163,3,8,0,0.0,174,193.0
linkedin,post,7448195579106492416,"⛽ 𝐅𝐮𝐞𝐥 𝐩𝐫𝐢𝐜𝐞𝐬 𝐚𝐟𝐟𝐞𝐜𝐭 𝐚𝐥𝐦𝐨𝐬𝐭 𝐞𝐯𝐞𝐫𝐲𝐨𝐧𝐞 𝐫𝐢𝐠𝐡𝐭 𝐧𝐨𝐰, 𝐞𝐬𝐩𝐞𝐜𝐢𝐚𝐥𝐥𝐲 𝐰𝐢𝐭𝐡 𝐡𝐨𝐰 𝐨𝐟𝐭𝐞𝐧 𝐭𝐡𝐞𝐲'𝐯𝐞 𝐛𝐞𝐞𝐧 𝐦𝐨𝐯𝐢𝐧𝐠 𝐥𝐚𝐭𝐞𝐥𝐲.

That got me thinking 🤔 𝐟𝐮𝐞𝐥 𝐢𝐬 𝐨𝐧𝐞 𝐨𝐟 𝐭𝐡𝐨𝐬𝐞 𝐞𝐯𝐞𝐫𝐲𝐝𝐚𝐲 𝐜𝐨𝐬𝐭𝐬 𝐭𝐡𝐚𝐭 𝐪𝐮𝐢𝐞𝐭𝐥𝐲 𝐢𝐦𝐩𝐚𝐜𝐭𝐬 𝐚𝐥𝐦𝐨𝐬𝐭 𝐞𝐯𝐞𝐫𝐲𝐨𝐧𝐞, yet most people have no easy way to follow it.

So I built a small side project which nothing complex, just something I put together over 3 days using public data from data.gov.my, paired with a live news feed from Google News RSS.

Instead of a typical corporate dashboard, I went with a neo-brutalist approach 😎😎 bold colors, high contrast, intentionally raw visuals.

Why? 𝐁𝐞𝐜𝐚𝐮𝐬𝐞 𝐫𝐢𝐬𝐢𝐧𝐠 𝐟𝐮𝐞𝐥 𝐜𝐨𝐬𝐭𝐬 𝐝𝐨𝐧'𝐭 𝐟𝐞𝐞𝐥 𝐬𝐮𝐛𝐭𝐥𝐞. Even a 10 sen change can make a real difference, so the visualization shouldn't feel subtle either.

My approachs:
• Line chart tracking RON95, RON97, Diesel & BUDI95 price trends
• Interactive fuel cards linked dynamically to the chart
• Live news feed for real-world context behind each price movement
• Designed to be accessible for non-technical users, not just analysts

Would love your thoughts:
What would make you actually stop and read a fuel price chart?
How would you improve the clarity or impact of something like this?

If you want to explore it, here’s the dashboard:
👉 https://lnkd.in/gR_RdDBV

#DataAnalytics #PowerBI #DataVisualization #Malaysia #FuelPrices #OpenData #DashboardDesign #UIUX #DataStorytelling #BusinessIntelligence #Fuel #OilGas #Energy #DOSM",https://www.linkedin.com/posts/raizarshad_dataanalytics-powerbi-datavisualization-activity-7448195579106492416-5TTa,,,neutral,2026-04-10T02:30:06.841Z,119,9,11,0,0.0,139,170.0
linkedin,post,7399826940867727360,"Today we celebrate someone really special to our team; Lew. I feel like I have to share this because it meant so much for the team and it is also an important milestone for the team. This is a tribute to our mentor.

Lew is the surviving OG of member domain. Lew is literally the mentor and buddy ""everybuddy"" for the entire Malaysia Member domain today. Infact he was my mentor when I first joined TngD even though I entered as a senior to him back then, he continues to be my mentor to this day. Being the OG he preserved the knowledge, experience and history of the Member domain.  

He is very unassuming, humble, and at times a reluctant leader who always stay away from the spotlight, preferring to work in the shadow. When I took the helm of the team I made my mission to see through or make sure he gets the recognition he is due. We are truly grateful that HOD and CTO nominate and consent to his recognition.

He single handedly responsible for the eligibility file processing service for Budi95 and it's insane performance. He is our expert in Biometric, EKYC, Softpin, etc

With his promotion the Member domain will now be in the good hands of the DHL trio (Darrell, HC, and Lew)

You deserve this! We have been rooting for you. On behalf of the Member domain, Congratulations Sifu! 

PS. will not be tagging them here because this is cheesy but they knew about it

Thank you Emily Chee for reminding us to take this picture and took this picture!",https://www.linkedin.com/posts/activity-7399826940867727360-olbf,,,neutral,2025-11-27T15:10:24.839Z,156,0,3,0,0.0,159,165.0
linkedin,post,7411941706075578368,"2025 reminded me that great outcomes are built by people who take responsibility and deliver, together.

What stands out most is the people behind the work. From delivering national programmes like BUDI95 under public scrutiny, to being on the ground with teams when responsibility mattered more than ceremony, progress came from shared ownership, trust, and thoughtful trade offs made in service of customers and the Setel mission.

Running mission driven teams at scale requires high standards, clear alignment on purpose, and the discipline to stay empowered while remaining loosely coupled in execution. Our own pulse signals and engineering maturity reflections were helpful mirrors, showing where we are moving in the right direction and where we still need to raise the bar in how we support people and how we build and operate.

Grateful for the responsibility of building and improving systems that everyday Malaysians rely on, and thankful to the teams and partners who continue to show up, keep the bar high, and build together with care and commitment 🙏🙏

#Setel #Product #Technology #Data #Leadership #BuildingTogether",https://www.linkedin.com/posts/kokchiann_setel-product-technology-activity-7411941706075578368-GhYP,,,neutral,2025-12-31T01:30:09.946Z,141,0,4,0,0.0,145,153.0
linkedin,post,7450143432288923648,"We are living in a RM1.99 bubble.

We feel safe because of the BUDI95 shield, but when will it crack?

The government is absorbing RM7 Billion in fuel subsidies, ten times the original estimate. (You hv seen our BUDI95 quota slashed by a third kan?)

Unsubsidized diesel in Peninsular Malaysia hit RM6.72/L. You might not pay it at the pump, but you’ll pay it at the grocery checkout for every item delivered by a truck.

Logistics insurance has doubled. Fertilizer costs are up 70%. Our farmers and transporters are already feeling the heat.

Are you building your buffer, or just hoping the shield holds?

#MalaysiaEconomy #BUDI95 #SupplyChain #Inflation #EconomicAwareness",https://www.linkedin.com/posts/adrian-ung-926b5014_malaysiaeconomy-budi95-supplychain-activity-7450143432288923648-hbym,,,neutral,2026-04-15T11:30:11.229Z,35,0,38,0,0.0,73,149.0
linkedin,post,7414989215102320640,"Team RON95 — over & out!  

Few projects test you quite like this one.

Being part of the BUDI95 Targeted Subsidy Programme has been one of the most intense and fulfilling experiences of my career — a rare intersection of policy, technology, and national impact.

What started as a policy vision quickly became an operational reality — a system that ensures Malaysia’s fuel subsidy reaches the right people, fairly, efficiently, and transparently. Delivering it required deep collaboration across ministries, tech partners, fintechs, OilCos, and countless on-ground teams — all moving in unison toward a single goal.

This experience taught me what true execution under pressure means: long nights, endless virtual calls, constant pivots, and thousands of small decisions that made a nationwide rollout possible. It reminded me that transformation isn’t about technology alone — it’s about people, trust, and relentless problem-solving.

Seeing BUDI95 now live and running across the country is deeply humbling. It’s not just a system; it’s proof of what can be achieved when people, process, and purpose move together.

I’m deeply grateful to the team and mentors who guided, challenged, and supported me throughout this journey. Your trust, resilience, and commitment made every tough day worth it — and every milestone possible.

Here’s to building systems that work — and to the teams that make them real.

For the very last time — Sekian, terima kasih.

“BERKHIDMAT UNTUK NEGARA.”

Saya yang menjalankan amanah,
Azrain
Pasukan RON95

#BUDI95 #NationalTransformation #PublicPolicy #PolicyToExecution #OperationalExcellence #SystemsThatWork",https://www.linkedin.com/posts/azrain-aziz_budi95-nationaltransformation-publicpolicy-activity-7414989215102320640--SOr,,,neutral,2026-01-08T11:19:52.718Z,129,0,4,0,0.0,133,141.0
linkedin,post,7460689084508717056,"I read the news yesterday and felt instantly ""窮酸"" (like a total peasant).
 
You know that specific look an EV driver gives you while they're silently gliding past a petrol station?

This dog just explained it better than any economist ever could. 

That calm, judgmental side-eye stare saying:

""Bro, you're still counting your litres?""

The government is reportedly considering a new 150L monthly cap for the BUDI95 subsidy.

The timeline is starting to look like a countdown: 

🔹 First, it was 300L. 
🔹 Then it dropped to 200L. 
🔹 Now, we’re looking at 150L.

At this rate, some people may start driving less, taking public transport… or finally crossing over to EV.

The dog already saw this coming.

P.S. Are you feeling the ""wallet pain"" of the shrinking BUDI95 cap, or have you already defected to the EV side to avoid the side-eye?",https://www.linkedin.com/posts/yeewesley_i-read-the-news-yesterday-and-felt-instantly-activity-7460689084508717056-hXHK,,,neutral,2026-05-14T13:54:50.647Z,43,0,31,0,0.0,74,136.0
linkedin,post,7393104466146881536,"𝗕𝗨𝗗𝗜𝟵𝟱 𝗙𝗶𝗿𝘀𝘁 𝗠𝗼𝗻𝘁𝗵 𝗦𝘁𝗮𝘁𝘀: 𝗧𝗼𝗹𝗱 𝘁𝗵𝗿𝗼𝘂𝗴𝗵 𝘁𝗵𝗲 𝗟𝗲𝗻𝘀 𝗼𝗳 𝗣𝗼𝘄𝗲𝗿 𝗕𝗜

When I first read the Ministry of Finance’s statement on BUDI95’s first-month performance, I found it a little tricky to visualize how the numbers connected to the bigger picture.

So, I decided to rebuild the data in Power BI and tell the story visually, applying a few data storytelling techniques along the way. If you’re up for a quick, visual read this Sunday, have a look!

A few highlights from the dashboard:

🚗 𝟭𝟬.𝟯% 𝗶𝗻𝗰𝗿𝗲𝗮𝘀𝗲 𝗶𝗻 𝗲𝗹𝗶𝗴𝗶𝗯𝗹𝗲 𝗕𝗨𝗗𝗜𝟵𝟱 𝘂𝘀𝗲𝗿𝘀 in Oct 2025 (possibly driven by people renewing their licenses to claim the fuel quota).
⛽ On average, users only consumed 𝟯𝟮.𝟳% 𝗼𝗳 𝘁𝗵𝗲𝗶𝗿 𝗺𝗼𝗻𝘁𝗵𝗹𝘆 𝗾𝘂𝗼𝘁𝗮, suggesting that the 300L cap isn’t easily reached by most Malaysians.
💰 An estimated 𝗥𝗠𝟮𝟮𝟱 𝗺𝗶𝗹𝗹𝗶𝗼𝗻 𝗶𝗻 '𝗽𝗼𝘁𝗲𝗻𝘁𝗶𝗮𝗹' 𝗮𝗻𝗻𝘂𝗮𝗹 𝘀𝗮𝘃𝗶𝗻𝗴𝘀 could be redirected to education, healthcare, or public transport improvements.

🔗 Live and PDF versions in the comments!

Anwar Ibrahim, Ministry of Finance Malaysia

#PowerBI #DataStorytelling #Malaysia #BUDI95 #DataVisualization #PublicPolicy #DigitalMalaysia",https://www.linkedin.com/posts/syazwan-sharani-961224147_powerbi-datastorytelling-malaysia-activity-7393104466146881536-9VlB,,,neutral,2025-11-09T01:57:41.968Z,82,3,12,0,0.0,97,124.0
linkedin,post,7379532423191040003,"“Systems evolve, resilience endures.""

30 Sept 2025 marks a historic milestone - BUDI95 is now live nationwide at BHPetrol. With phased rollouts on 27 and 28 Sept, we started strong, building the confidence and momentum that carried us into a successful nationwide go-live.

This was more than a system upgrade—it was an end-to-end transformation, and a true testament to the resilience and collaboration across BHPetrol including our business partners; everyone played a role in ensuring a smooth transition for our customers despite the rollercoaster journey.

I’m deeply proud of my Digital & Transformation team—their grit and commitment, together with colleagues across operations, partners, and retailers who put in the work, made this achievement possible. This is collaboration at its best, and a reflection of why BHPetrol is The Right Choice.

At BHPetrol, this goes beyond compliance. It’s about delivering on our promise of reliable service, quality fuels, and seamless experiences for Malaysians every day—and continuing to drive transformation that creates lasting value for our customers and the nation.

#bhpetrol",https://www.linkedin.com/posts/fatin-mazura-marzuki-866958126_bhpetrol-activity-7379532423191040003-OunM,,,neutral,2025-10-02T15:07:14.771Z,76,3,13,0,0.0,92,121.0
linkedin,post,7399733754082283521,"At TNG Digital, we focus on giving every Malaysian access to simple and seamless digital experiences. ​

With our latest integration on the Shell app, more than 25 million TNG eWallet users can now enjoy an easy BUDI95 refuelling experience at Shell. No extra steps. No repeat sign up.

Just link your TNG eWallet account in the Shell app without doing a separate verification. It only takes a moment and you are ready to enjoy your BUDI95 subsidy while earning your Shell loyalty rewards. ​

Not at Shell? You can also refuel your BUDI95 directly with TNG eWallet at all participating stations nationwide. 

More ways to make your daily life simpler are on the way. ​
​
#TNGDigital #TNGeWallet #BUDI95 #Shell",https://www.linkedin.com/posts/tng-digital-ewallet_tngdigital-tngewallet-budi95-activity-7399733754082283521-xoh1,,,neutral,2025-11-27T09:00:07.378Z,97,5,0,0,0.0,102,107.0
linkedin,post,7391044177616195584,"Just found out I’m part of the elite 0.6% of Malaysians who actually finished the full 300 liters of BUDI95 subsidy.

Most people: “Oh really, there’s a limit?”
Me: “Yes, and apparently… I’m the benchmark.” 😂

Between client visits, site inspections, and “just a quick drive” that somehow turns into a 200km round trip, it’s safe to say I’ve fully optimized the meaning of mobility in business.

Maybe this is what they mean by being a moving entrepreneur — literally.

#BUDI95 #EntrepreneurLife #Malaysia #OnTheMove #0point6percentclub",https://www.linkedin.com/posts/muhamad-alif-bin-yusuf_budi95-entrepreneurlife-malaysia-activity-7391044177616195584-nH6E,,,neutral,2025-11-03T09:30:50.904Z,26,0,26,0,0.0,52,104.0
linkedin,post,7379782660027723776,"Tried the new Budi95 (government initiative to distribute RON95 petrol subsidies to Malaysians) today and was impressed by how seamless it was:

✅ MyKad verification – quick and simple
✅ Savings – instantly reflected
✅ User experience – smooth and efficient

The subsidy may just look like numbers on a receipt, but it makes a real difference in  Malaysians’ daily life, from RM2.60 to RM1.99 per litre, that’s significant savings.

Full credit to team PETRONAS and all technology providers and stakeholders who were involved for such a smooth NATIONWIDE rollout. It takes vision, execution, and teamwork at many levels to make something of this scale happen in such short timeframe! 

Super proud that Complete Human Network alongside Jamf and Apple played a role in this impactful national initiative, proving how #secure, #scalable #digitalisation can deliver real change with speed. This is exactly why we do what we do. 

It’s moment like this, everyday tasks such as refueling remind us how #governmentpolicy, #technology, and #teamwork can directly touch lives… and build a stronger nation!

Proud to be Malaysian 🇲🇾 


#Budi95 
#BudiMadaniRON95
#PetrolSubsidy #MalaysiaMadani
#Petronas
#Apple
#iPadAtWork
#Jamf #CompleteHumanNetwork
#CHN
#DigitalTransformation
#MOGSC",https://www.linkedin.com/posts/chai-peng-teh-2031a563_secure-scalable-digitalisation-activity-7379782660027723776-Q5Do,,,neutral,2025-10-03T07:41:35.882Z,66,1,5,0,0.0,72,83.0
linkedin,post,7379002138015952896,"Have you tried refuelling with BUDI MADANI RON95 yet? 💛💙​

TNG eWallet makes it easier, faster, and more rewarding:​
✅ No physical IC required – once you’re verified with eKYC, you’re good to go.​
✅ Accepted at every petrol station nationwide – the only app you can use everywhere for BUDI95.​
✅ Extra perk at PETRONAS – skip the counter with PETRONAS via Setel in TNG eWallet and enjoy double rewards.​
​
BUDI MADANI BUDI95 is now fully available for all Malaysians. Watch our quick guide to see how simple it is to refuel with TNG eWallet — making this subsidy more accessible, inclusive, and in line with our mission to drive Malaysia’s digital economy.​
​
#TNGDigital #TNGeWallet #BUDI95 #RON95",https://www.linkedin.com/posts/tng-digital-ewallet_tngdigital-tngewallet-budi95-activity-7379002138015952896-pDS9,,,neutral,2025-10-01T04:00:04.933Z,47,12,3,0,0.0,62,80.0
linkedin,post,7465294746585059328,"Πρώτη ημέρα καριέρας για τη Σχολή Διοικητικής Επιστήμης και Λογιστικής και για το Τμήμα Διοικητικής Επιστήμης και Τεχνολογίας- Δημοκρίτειο Πανεπιστήμιο Θράκης στο Democritus University of Thrace - (D.U.Th.) Μιλήσαμε για τις τάσεις της αγοράς εργασίας, τις δεξιότητες και συμπεριφορές που ζητούνται σήμερα από τους νέους αποφοίτους και τις βασικές προκλήσεις κατά τη μετάβαση από τις σπουδές στην εργασία, με στελέχη επιχειρήσεων της ευρύτερης περιοχής, αποφοίτους και recruiters. Ευχαριστούμε πολύ όλους όσους συμμετείχαν και ιδιαίτερα τους προσκεκλημένους μας. Νίκος Καλατζόπουλος, Stavros Amoiras Aristeidis Kalofas Ioannis Karadimitriou Thenia Apostolidou Kalogiorgi - Vavaroutsos Accounting",https://www.linkedin.com/posts/therioungeorgios_aspasuasfaszasjassasjaszasrasfaszasjasb-duth-activity-7465294746585059328-Y-uz,,,neutral,2026-05-27T06:56:06.055Z,74,2,0,0,0.0,76,78.0
linkedin,post,7386223598904143872,"My wife didn’t even know RON95 petrol was already subsidized, until now…

That one line made me realise — a lot of us don’t really see how much work goes on behind the scenes when it comes to policies like this.

Honestly, I was quite skeptical about BUDI95 at first.
But after using it for about a month now… I have to say, it’s actually a good system.

Before this, we were paying RM2.05 per litre.

Now it’s RM1.99 per litre.

I’ve refueled 4 times this month — used about 136 litres so far.

With a 300-litre monthly quota, that’s roughly 7–8 full tanks.

More than enough for a typical household that drives daily — work, school runs, errands and all that.

Some might say, “Ala, 6 sen only what.”

But the real win here is that the subsidy now goes directly to Malaysians who actually need it —

and in the process, the government could save between RM2.5 billion and RM4 billion every year.

That’s what good governance looks like — small changes that quietly make a big difference.

Have you tried BUDI95 yet — what’s your experience so far?",https://www.linkedin.com/posts/jonahsia_my-wife-didnt-even-know-ron95-petrol-was-activity-7386223598904143872-PL5F,,,neutral,2025-10-21T02:15:35.377Z,42,0,12,0,0.0,54,78.0
linkedin,post,7381371001407823874,"""We built it for millions, and it built us in return"" 🚀

BUDI95 on TNG eWallet wasn't just another feature launch, it was a national mission to make targeted fuel subsidies work seamlessly for all Malaysians.

RON95 at RM1.99/L, verified seamlessly through eKYC, available at all petrol stations nationwide. 

The best part? People see the seamless flow, we lived the sleepless nights, relentless teamwork, complex integrations, scaling for millions, the fixes that nearly broke us, and the pride that made it all worth it.

Proud, grateful, and a little emotional to be part of something this meaningful for Malaysia. That's what building for impact feels like.

#TNGDigital #TNGeWallet #BUDI95 #RON95",https://www.linkedin.com/posts/tan-zhuo-yi-22a8a6207_fintech-ewallet-petrol-activity-7381371001407823874-N6Za,,,neutral,2025-10-07T16:53:05.977Z,73,0,1,0,0.0,74,76.0
linkedin,post,7377531498431832064,"So much pride in what we’ve built. Nearly a year of planning, countless tests, and plenty of sleepless nights - all for the sake of serving the rakyats. Now it’s all about execution, ensuring every customer enjoys a smooth journey. We’re Malaysians serving Malaysians. 

Nak tahu lebih lanjut pasal subsidi Budi95? Singgah je di kaunter subsidi mana-mana stesen Shell, 'Hero Subsidi' kami sedia membantu!",https://www.linkedin.com/posts/alif-azahari-a67a51183_so-much-pride-in-what-weve-built-nearly-activity-7377531498431832064-m8no,,,neutral,2025-09-27T02:36:17.133Z,67,0,3,0,0.0,70,76.0
linkedin,post,7379076285563768832,"Setel is proud to be one of the easiest ways to enjoy BUDI MADANI RON95 (BUDI95).

• 𝗢𝗻𝗲-𝘁𝗶𝗺𝗲 𝘃𝗲𝗿𝗶𝗳𝗶𝗰𝗮𝘁𝗶𝗼𝗻 on the app, then refuel at 1,000+ PETRONAS stations nationwide without showing your MyKad each time.
• Activate 𝗢𝗻𝗲-𝘁𝗮𝗽 𝗳𝘂𝗲𝗹𝗹𝗶𝗻𝗴 (one of its kind in Malaysia) for an even faster, seamless pump experience.
• Setel made for all Malaysians. For inclusivity, 𝗦𝗲𝘁𝗲𝗹 𝗟𝗶𝘁𝗲 is designed for older mobile phones with a simpler interface that saves both data and memory.
• Earn up to 3x Mesra Rewards points
• TNG eWallet users can skip the counters by using the “𝗣𝗘𝗧𝗥𝗢𝗡𝗔𝗦 𝘃𝗶𝗮 𝗦𝗲𝘁𝗲𝗹” mini app for the same seamless and rewarding experience.
• Secure, supervised by Bank Negara Malaysia.
With Setel, fuelling is now simple, secure, and rewarding.

𝗗𝗼𝘄𝗻𝗹𝗼𝗮𝗱 𝘁𝗵𝗲 𝗮𝗽𝗽 𝘁𝗼𝗱𝗮𝘆 𝗮𝗻𝗱 𝗲𝘅𝗽𝗲𝗿𝗶𝗲𝗻𝗰𝗲 𝗶𝘁 𝗳𝗼𝗿 𝘆𝗼𝘂𝗿𝘀𝗲𝗹𝗳.

#Setel #SetelJe",https://www.linkedin.com/posts/setel_budi95-launch-activity-7379076285563768832-7UFN,,,neutral,2025-10-01T08:54:43.086Z,57,9,0,0,0.0,66,75.0
linkedin,post,7379076448260644864,"Setel is proud to be one of the easiest ways to enjoy BUDI MADANI RON95 (BUDI95). 

➡️One-time verification on the app, then refuel at 1,000+ PETRONAS stations nationwide without showing your MyKad each time.

➡️Activate One-tap fuelling (one of its kind in Malaysia) for an even faster, seamless pump experience.

➡️Setel is made for all Malaysians. For inclusivity, Setel Lite is designed for older mobile phones with a simpler interface that saves both data and memory. 

➡️TNG eWallet users can skip the counters by using the “PETRONAS via Setel” mini app for the same seamless and rewarding experience. 

➡️Secure, supervised by Bank Negara Malaysia. 

➡️ Up to 3x Mesra Rewards points. 

With Setel, fuelling is now simple, secure, and rewarding..

Setel  

Download the app today and experience it for yourself. New users get RM5 cashback - T&C apply. 

Don’t forget to update your Setel app to the latest version. 

Setel #Setelje #BUDIMADANIRON95 #BUDI95 #subsidy #petrolsubsidy #petrol #RON95 #PETRONAS #campaign #initiative #Malaysia #app #fuelapp #mobilityapp #marketing",https://www.linkedin.com/posts/izra-izzuddin-9a0b688b_budi95-with-setel-activity-7379076448260644864-gzuL,,,neutral,2025-10-01T08:55:21.876Z,62,3,2,0,0.0,67,74.0
linkedin,post,7442622562460860416,"🚨 Malaysia Fuel Subsidy Update – BUDI95 Quota Reduction

The Malaysian government is reportedly planning to reduce the monthly subsidised RON95 quota under the BUDI95 programme.

🔹 Key Update:
• Subsidised quota reduced from 300 litres → 200 litres/month
• Expected to take effect April 2026
• Subsidised price remains at RM1.99 per litre

Once the 200-litre threshold is exceeded, consumers will be subjected to market-based pricing, currently rising to:

• RON95 (non-subsidised): RM3.87
• RON97: RM5.15
• Diesel (Peninsular): RM5.52

📊 This move is driven by increasing subsidy costs, with projections reaching RM24 billion if crude oil prices remain elevated.

The adjustment reflects broader global pressures, including geopolitical tensions and rising crude prices impacting domestic fuel policies.

#FuelPolicy #Malaysia #OilPrices #EnergyMarket #BUDI95",https://www.linkedin.com/posts/oil-gas-meta-com_fuelpolicy-malaysia-oilprices-activity-7442622562460860416-rLDB,,,neutral,2026-03-25T17:24:56.131Z,55,7,1,0,0.0,63,72.0
linkedin,post,7442024199524605952,"Resilience Through the Seasons 

With the conclusion of the recent Aidilfitri celebration, the platform that runs BUDI95 has successfully navigated its first full cycle of all Malaysia’s major festivities 2025-2026. 

From Deepavali and the year-end Christmas peak to Chinese New Year and our busiest period during Hari Raya, the platform has remained a steadfast pillar of support for the program alongside our strategic partners. 

The platform serves as the digital backbone that ensures consistent value reaches the rakyat, maintaining stability across every peak. Our focus remains on ensuring the convenience they deserve without interruption.

To the Tech & Ops teams who worked through the holidays to keep things running smoothly, thank you. Your dedication to the mission is what makes this possible. You know who you are. 

Nadi Tech 
Mohd Herman Sarbini ChenWei Tan",https://www.linkedin.com/posts/iyad-mohd-zain-213832143_resilience-through-the-seasons-with-the-activity-7442024199524605952-sYdV,,,neutral,2026-03-24T01:47:15.290Z,65,1,1,0,0.0,67,70.0
linkedin,post,7378051289240485888,"When your job as a media relations executive requires you to appear in front of the national tv but this time with a government official i.e. deputy finance minister 😅

#Kerajaan akan menyelesaikan segera isu teknikal yang wujud menjelang pelaksanaan sepenuhnya penyasaran #subsidi #RON95 menerusi inisiatif #Budi #MADANI RON95 (#BUDI95) pada 30 September depan.

Timbalan Menteri Kewangan, Lim Hui Ying berkata, pihaknya tidak menerima sebarang aduan serius selepas pelaksanaan hari pertama membabitkan kelompok pertama iaitu polis dan askar semalam.

Katanya, bagaimanapun terdapat beberapa aduan berhubung pengesahan kelayakan membabitkan lesen memandu yang akan diselesaikan segera menjelang Selasa ini.

Beliau berkata demikian kepada pemberita selepas hadir Program BUDI95: Pengisian Minyak Bersubsidi RON95 membabitkan penerima Sumbangan Tunai Rahmah (STR) di stesen minyak PETRONAS di Raja Uda di sini.

https://lnkd.in/gzjG_GfF",https://www.linkedin.com/posts/shazniong_kerajaan-subsidi-ron95-activity-7378051289240485888-gZ35,,,neutral,2025-09-28T13:01:44.919Z,53,1,4,0,0.0,58,67.0
linkedin,post,7383456853390897152,"Shell stations in Malaysia continue to serve Malaysians — with heart.

Before the rollout of BUDI95, our site teams went through extensive training and upskilling to ensure a smooth implementation. But learning never stops — to deliver the best experience for our customers, we continue to grow together.

Recently, Dato’ Fuzai - a dedicated retailer has conducted a post-rollout session with our site heroes, focusing on continuous improvement and customer experience.

We can truly see the passion and pride at our Shell stations as we help Malaysians access their fuel subsidy with ease and care. ❤️💛

#ShellMalaysia #BUDI95 #CustomerFirst #ServingMalaysians #Teamwork #ContinuousImprovement

Helmi H.",https://www.linkedin.com/posts/ming-hui-chye-647533172_shellmalaysia-budi95-customerfirst-activity-7383456853390897152-VyWf,,,neutral,2025-10-13T11:01:31.843Z,58,1,1,0,0.0,60,63.0
linkedin,post,7455114547268341760,"Finally did something I've been putting off for too long — cleaned up my GitHub profile.

All 6 of my public projects now have proper descriptions. No more ""No description, website, or topics provided"" 😅

The projects cover a range of things I've been building:

🔔 A community safety app (React Native + Firebase) where citizens report incidents and admins broadcast real-time alerts
📝 A Notion-style note-taking app with an AI assistant (Angular + MongoDB)
⛽ A Malaysian fuel price dashboard that tracks BUDI95 subsidies and compares us to ASEAN
🤖 A Q&A pair generator for Bahasa Melayu AI training datasets
📊 A scoring tool for evaluating training data quality using IFD metrics
🎮 My FYP — a Unity 3D game-based learning app about Hari Raya traditions

If you're curious about any of them, feel free to take a look 👇
github.com/zuftt

#SoftwareDevelopment #OpenSource #Malaysia",https://www.linkedin.com/posts/zafrishaifull_softwaredevelopment-opensource-malaysia-activity-7455114547268341760-x04F,,,neutral,2026-04-29T04:43:37.399Z,58,0,0,0,0.0,58,58.0
linkedin,post,7376249122603012096,"⛽💬 Here’s what you need to know about Budi95:

→ All Malaysians regardless of income can enjoy the new RM1.99/litre RON95 price starting 30 Sept. Users must have a MyKad with a functioning chip and an active driving licence.

→ To refuel, users only need to insert their MyKad at the pump or present it at the counter. Then, pay as usual.

→ Alternatively, users can refuel with apps like Setel, CaltexGo and Touch n’ Go, which only require one-time MyKad verification.  

→ Each user has a monthly limit of 300 litres of subsidised RON95.

→ E-hailing and p-hailing drivers can apply for a higher subsidised RON95 quota with supporting documents from their companies.

→ Government will monitor and flag abnormal refueling patterns. This is to prevent people from abusing the system by topping up repeatedly in a short time span and reselling fuel.

→ JPN is offering free replacements of damaged MyKad chips from 23 Sept-7 Oct. 

→ JPJ is extending weekend operating hours to 8.30am-4.30pm to handle driving licence and related services for the period 27 Sept-26 Oct.

→ RON95 will be sold at a subsidised price of RM2.05 per litre for eligible commercial vehicles and public transport vehicles including taxis, ambulances, school buses and food catering vans. Non-Malaysians and ineligible individuals will pay the unsubsidised market rate, to be determined at the end of September.

→ Foreign-registered vehicles cannot purchase RON95 and can only refuel with RON97.

→ Government expects to save between RM2.5 billion to RM4 billion annually under Budi95, depending on crude oil prices.

#ron95 #petrolstation #governmentpolicy",https://www.linkedin.com/posts/bfmmedia_explanation-on-budi95-activity-7376249122603012096-fYw_,,,neutral,2025-09-23T13:40:34.910Z,35,7,3,0,0.0,45,58.0
linkedin,post,7379132521201983488,"With BUDI95, subsidies are now channelled directly to Malaysians ensuring that assistance truly benefits our citizens, rather than being shared across everyone including non-Malaysians.

A fairer, more sustainable approach that lightens the rakyat’s burden while strengthening the nation’s fiscal responsibility.",https://www.linkedin.com/posts/ir-ts-gs-adam-afiq-irwan-pmp%C2%AE-b2036b232_kita-nampak-rm18-tu-kecil-tapi-bila-seluruh-activity-7379132521201983488-3V9V,,,neutral,2025-10-01T12:38:10.707Z,44,1,3,0,0.0,48,55.0
linkedin,post,7461709161978834944,"Expensive petrol? Insufficient BUDI95? Tired of 2–5 hours daily commuting into Kuala Lumpur?

There’s a smarter way to live and work! 
Introducing our Monday2Friday aka ""M2F Stress-Free SOHO Transit Package"" — designed for urban professionals who value time, convenience, and cost savings. 

Strategically located just 4 LRT stations from/to KLCC, with seamless access to KL Sentral and the KLIA Ekspres.

Move closer, Save more, Live & Work better!. Secure your M2F Stress-Free SOHO Transit Package today. Contact us via e-mail or whatapps below.

ALG Suite, Resort & Tour | 🏨 www.alg-hotel.com
✉️ semporna@alg-hotel.com | ✉️ klcc@alg-hotel.com | 📲 +60198540955

#klccALGsuite #WorkInKL #KLCC #StressFreeCommute #SOHOtransit #AstrumAmpang #M2Fstay",https://www.linkedin.com/posts/amir-sani-abdul-bak-507081102_klccalgsuite-workinkl-klcc-activity-7461709161978834944-m72f,,,neutral,2026-05-17T09:28:16.068Z,35,5,1,0,0.0,41,48.0
linkedin,post,7409067499058597890,"Wins like these are never achieved alone.

As I reflect on the milestones we’ve reached this year — from the successful nationwide deployment of BUDI95 to welcoming a new oil company as a customer — I want to take a moment to recognise the partnership behind the scenes.

A special thank you to Isaac Lim , our regional Finance Director, for the unwavering support, sound judgment, and steady leadership throughout the journey. From navigating complex commercial structures to enabling the business to move fast while staying disciplined, your role was critical in turning ambition into execution.

Strong finance partnership isn’t just about numbers — it’s about trust, alignment, and enabling the organisation to deliver with confidence. This year proved exactly that.

Grateful to work alongside leaders who challenge, support, and elevate the team.

Onwards, together.

#Leadership #Partnership #Teamwork #Grateful #Execution #BUDI95",https://www.linkedin.com/posts/danieldlwl_leadership-partnership-teamwork-activity-7409067499058597890-N1uu,,,neutral,2025-12-23T03:09:05.593Z,47,0,0,0,0.0,47,47.0
linkedin,post,7380486262601744384,"Alhamdulillah, another article has been published in the mainstream media; this time by NST on the recently launched Budi95.

Jemput baca: 

https://lnkd.in/gdVySnDQ",https://www.linkedin.com/posts/mzkuasadua_alhamdulillah-another-article-has-been-published-activity-7380486262601744384-IJiy,,,neutral,2025-10-05T06:17:27.808Z,38,3,1,0,0.0,42,47.0
linkedin,post,7383750439067930624,"•  Is Belanjawan 2026 too safe and boring? 

•  Why did the government choose to include the T15 group as BUDI95 subsidy recipients?

• With the lack of new taxes, how will the government increase revenue? 

Datuk Johan Mahmood Merican, Treasury Secretary-General of MOF answers all this on The Breakfast Grille.

Listen to the full interview on the BFM website, BFM app, Spotify, and Apple Podcast. 

🎙️ Budget 2026: Fiscally Prudent But Soft On Growth? 

The Breakfast Grille is brought to you by U Mobile.",https://www.linkedin.com/posts/bfmmedia_is-belanjawan-2026-too-safe-and-boring-activity-7383750439067930624-0R1h,,,neutral,2025-10-14T06:28:08.123Z,31,4,1,0,0.0,36,42.0
linkedin,post,7375753400313032704,"The BUDI95 targeted subsidy ensures public funds reach Malaysians directly, avoiding leakages and giving better returns to the people.

Amid global economic uncertainty, Malaysia has taken a bold step by lowering fuel prices, easing household burdens, supporting businesses, and strengthening national resilience.

#Malaysia
#BetterFuture



https://lnkd.in/gmRvYseu",https://www.linkedin.com/posts/mohd-faizal-hassan-a75a532a9_malaysia-betterfuture-activity-7375753400313032704-Jhdn,,,neutral,2025-09-22T04:50:45.506Z,37,0,1,0,0.0,38,40.0
linkedin,post,7401907974413459456,"Last week, I had the privilege of taking my Customer Operations team out for a movie night followed by dinner — a small gesture of appreciation for the heroes who stand at the fort every single day, tirelessly working to resolve users’ issues as if they were their own.

This team lives and breathes one principle: Customers come first. Always.

With the launch of Budi95, we witnessed a major shift in the way Malaysians fuel — a transformation like never before in our history. And Setel has made this change not only possible, but extraordinary, turning a completely new fueling experience into something seamless for all Malaysians.

If you don’t have #Setel on your mobile yet, give it a try — I’m confident you’ll find it one of the easiest and best ways to complete your fueling journey.

Behind every smooth experience are countless hours of effort, dedication, and problem-solving. My team ensures that whenever you face an issue, we hear you, we feel for you, and we fix it the right way — we Setel je!

None of this would be possible without each and every team member’s hard work and unwavering commitment throughout this journey.

Thank you, team — for showing up, for caring deeply, and for always putting our customers first.

Proud of all of you. 🙌

#SetelJe #CustomerFirst #TeamAppreciation #Budi95 #CustomerExperience #ProudLeader
#lifeatsetel #setelnators",https://www.linkedin.com/posts/taness-raju-99993153_setel-setelje-customerfirst-activity-7401907974413459456-cKE1,,,neutral,2025-12-03T08:59:41.900Z,39,0,0,0,0.0,39,39.0
linkedin,post,7402156851695673344,"BUDI95 is officially live on the Shell App! ⛽

🎉 Last week’s launch marked an important step in our support for customers, so they can enjoy a smooth and reliable on-site refuelling experience.

Refuelling BUDI95 at Shell is now as easy as 
☝🏼Verifying,
✌🏼Refuelling, and
🫰Collecting points. ✨

Plus, refuel a minimum of RM10 and get your share of the RM2,000,000 worth of Shell vouchers (from now til 31st Jan 2026)!

Download the app on the App Store or Play Store, verify your account and start refueling today 🚀 https://lnkd.in/g6rwib7x

#ShellMalaysia #WorthStoppingFor #BUDI95 #ShellApp

Helmi H. Sing Lum Phang Amy Ho Joyce Ng Dipesh Sanghvi Yazid Maizalan  Alif Azahari Yazzman Aliff Yahaya Amir Hamsa Mavis Chow Jackson Choong Isham Radzi Batrisyia Zarwavai",https://www.linkedin.com/posts/ming-hui-chye-647533172_shellmalaysia-worthstoppingfor-budi95-activity-7402156851695673344-pLPj,,,neutral,2025-12-04T01:28:38.868Z,37,1,0,0,0.0,38,39.0
linkedin,post,6751197407909863424,"اینم حاصل قرنطینه بودن در منزل😊😁
کرونا هم نمیتونه ما رو به لطف خدا از نفس بندازه😍😎

#شیراز #میکروتیک #shiraz #POORIA_TAABBODI #ptaabodi #microsoft_Trainers #mikrotik_trainer #mikrotik_training #monitoring  #solarwinds #mtcna #مایکروسافت #میکروتیک #تعمیرات_میکروتیک #mtcume #تعمیرات_رادیو #تعمیرات_پرینتر #تعمیرات_اسکنر #تعمیرات_موبایل #تعمیرات_مانیتور #تعمیرات_تلویزیون #تعمیرات_فکس #تعمیرات_لپ_تاپ #تعمیرات_تلویزیون #تعمیرات_برد #تعمیرات_تبلت #سخت_افزار #mikrotik #cisco #پوریا_تعبدی",https://www.linkedin.com/posts/dr-pooria-taabbodi-9813289b_aecahyaezaepaea-aetahyagpaezaewaesahyagp-activity-6751197407909863424-NeI8,,,neutral,2021-01-02T18:08:13.228Z,35,0,1,0,0.0,36,38.0
linkedin,post,7376474135092310017,"🤔 Scratching your head on how to fuel up with BUDI95? Don’t worry — our orange buddy Oyen has your back! 🐾⛽

Here’s how you can pump BUDI95 at Shell:
1️⃣ TnG e-Wallet
2️⃣ MyKad + Cash
3️⃣ MyKad + Credit/Debit Card

💡 Tip: Spot the blue signage at Shell and our Subsidi Hero will be there to guide you.

Need extra help? Slide into our DMs on Instagram or hit up our Customer Service team via live chat 👉 https://lnkd.in/gqamHXM6

⚡ Psst… payment via the Shell App is coming soon! Stay tuned for the update.

#ShellMalaysia #BUDI95 #WorthStoppingFor #FuelMadeEasy

Helmi H. Dipesh Sanghvi Joyce Ng Yazid Maizalan Jackson Choong Mavis Chow Batrisyia Zarwavai Isham Radzi Yazzman Aliff Yahaya Alif Azahari Amir Hamsa",https://www.linkedin.com/posts/ming-hui-chye-647533172_shellmalaysia-budi95-worthstoppingfor-activity-7376474135092310017-FAgn,,,neutral,2025-09-24T04:34:42.068Z,23,3,2,0,0.0,28,35.0
linkedin,post,7425457378738724864,"Time is the one resource a Sales Engineer can’t manufacture.

I’ve been with Bumi Wangsa TMS Sdn Bhd for 5 months now, and I’ve learned that being a Sales Engineer in KL requires more than just technical knowledge—it requires stamina.

Living in Kepong and working near KLCC means a 17km journey. In a car, that’s 2 hours a day lost to the Jalan Ampang crawl. By the time I hit the office, the traffic jam has already drained half my energy. Add in the fact that my Budi95 quota is consistently exhausted before the month ends, and it became clear: my commute needed an upgrade.

This week, I decided to add a motorcycle to my daily routine. 🏍️
I’m not getting rid of the car—that’s still for the weekends and family time—towing the line between comfort and necessity. But for the 9-to-5 grind, the bike is a game-changer.

What I’m losing: My morning car concerts and air-con. What I’m gaining: ✅ 2 hours of my life back every single day. ✅ Lower fuel and toll costs (saving that ""higher price"" fuel for where it matters). ✅ Higher energy levels to serve my clients and hit my targets.

So, if you see me zipping past you on Jalan Ampang while you’re in the middle of a podcast, give me a wave! I promise I'm not showing off. I'm just really excited to get home for dinner on time.

#SalesEngineer #BumiWangsaTMS #KLLife #CommuterStrategy #Efficiency #WorkLifeBalance #KLCC",https://www.linkedin.com/posts/izzat-syamer-iskandar-ali-2a6b541a4_salesengineer-bumiwangsatms-kllife-activity-7425457378738724864-DWSc,,,neutral,2026-02-06T08:36:37.418Z,19,0,4,0,0.0,23,31.0
linkedin,post,7409063763192246272,"As 2025 draws to a close, I’ve been reflecting on what has been an intense, rewarding, and humbling first year since joining Invenco by GVR as Malaysia’s Payments Leader in June.

In just a few months, the team has delivered outcomes that truly matter.

One of the proudest moments this year was the successful nationwide deployment of BUDI95 — a complex, high-impact rollout that required close collaboration across teams, partners, and stakeholders. Seeing it executed at scale, under real-world conditions, is a testament to the resilience and capability of the people behind it.

We also marked an important milestone by welcoming a new oil company as a customer, strengthening our footprint in the energy sector and opening the door to longer-term growth opportunities.

Beyond the wins, what stood out most to me was the commitment of the team — navigating tight timelines, evolving requirements, and real pressure, while staying focused on delivery and accountability.

Thank you to our customers for the trust, our partners for the collaboration, and most importantly, the team for the relentless effort behind the scenes.

2025 was about building momentum.
2026 will be about scaling impact.

Looking forward to what’s ahead.

#Leadership #Grateful #Teamwork #Energy #DigitalTransformation #BUDI95",https://www.linkedin.com/posts/danieldlwl_leadership-grateful-teamwork-activity-7409063763192246272-P6RQ,,,neutral,2025-12-23T02:54:14.893Z,29,0,0,0,0.0,29,29.0
linkedin,post,7460564724519346176,"SERDANG: The government has no plans to cut fuel subsidies for the T20 group for now, says Anthony Loke. The Transport Minister said that since the government needs a straightforward system for handling the fuel crisis, the Budi Madani RON95 (Budi95) remains for all household-income groups.

Read more here:
https://lnkd.in/gNdMprMG

#starbiz",https://www.linkedin.com/posts/starbizmy_starbiz-activity-7460564724519346176-tjXb,,,neutral,2026-05-14T05:40:40.915Z,18,2,2,0,0.0,22,28.0
linkedin,post,7381217598056693760,"Today was my first time refueling since the Budi95 fuel subsidy scheme came into operation and I have to say, the experience was smooth and convenient.

The system worked seamlessly, and best of all, I got 25% off my petrol bill right there at the pump.

As we transition towards digital ID integration, schemes like Budi95 show how technology can make subsidy delivery data-driven, fair, and fraud-resistant, ensuring that assistance truly reaches those it’s meant for, while eliminating leakage and abuse.

Kudos to everyone behind this rollout.",https://www.linkedin.com/posts/jasimputhucheary_today-was-my-first-time-refueling-since-the-activity-7381217598056693760-Ag_t,,,neutral,2025-10-07T06:43:31.768Z,24,0,1,0,0.0,25,27.0
linkedin,post,7438495835518316544,"Well, if you truly must, reduce Budi95 quota and initiate WFH arrangements. That'd help a bit but not by much around 5% if not lower.

Our problem isn't about high subsidies but low revenues.",https://www.linkedin.com/posts/firdaos-rosli-65a26799_well-if-you-truly-must-reduce-budi95-quota-activity-7438495835518316544-DIZL,,,neutral,2026-03-14T08:06:47.757Z,25,1,0,0,0.0,26,27.0
linkedin,post,7382839026011209728,"""What if I told you Malaysia’s new BUDI95 subsidy isn’t just smart policy… it’s brilliant game theory?

Over teh tarik last night, my friend Man explained how the 2026 Budget turned a classic ‘Tragedy of the Commons’ into a win for the rakyat — by simply changing the rules of the game.

No jargon. No equations. Just MyKad, petrol pumps, and the quiet genius of targeted incentives.

Over teh tarik, Man explained how the 2026 Budget turned “free fuel for all” into “fair fuel for rakyat” — using nothing but a MyKad and smart incentives.

Turns out, the most powerful strategies can simply be explained at mamak stalls. ☕""",https://www.linkedin.com/posts/azman-hussin-00573248_2026-budget-the-quiet-genius-of-targeted-activity-7382839026011209728-YHIu,,,neutral,2025-10-11T18:06:30.317Z,19,1,2,0,0.0,22,27.0
linkedin,post,7438823990917386241,"I am deeply honored to be featured in Bernama alongside Dr. Mohamad Shukor Talib, discussing the future of national data management.

Our feature highlights how BUDI95 (an integrated database system) is not just a repository, but a potential cornerstone for a National Data Management Ecosystem. By leveraging Artificial Intelligence (AI) and Geospatial Technologies, we can transform raw data into actionable insights for more precise and impactful decision-making.

A huge thank you to Bernama for providing a platform to share these academic perspectives. We believe that the synergy between advanced technology and robust data frameworks is the key to a more digitally resilient Malaysia.

🔗 Read the full feature here: BERNAMA - BUDI95 Berpotensi Jadi Ekosistem Pengurusan Data Nasional

#Bernama #BUDI95 #DataScience #AI #Geospatial #NationalDataEcosystem #AcademicInsight #DigitalMalaysia #TechForGood",https://www.linkedin.com/posts/zakri-t-26882791_bdui95-berpotensi-jadi-ekosistem-pengurusan-activity-7438823990917386241-1PA0,,,neutral,2026-03-15T05:50:46.101Z,20,0,2,0,0.0,22,26.0
linkedin,post,7465288305144864769,"Идеите светят най-силно, когато им дадем сцена. ✨

За нас беше удоволствие да сме партньори на второто издание на „Буки Фест: Как светят идеите“ в Бургас: образователен фестивал, който събра ученици, учители, родители и комапнии около технологии, творчество и иновации.

В рамките на събитието учениците представиха свои проекти: от компютърни игри и уебсайтове до интерактивни решения и технологични разработки с фокус върху бъдещето.

Благодарим на  @TelerikAcademySchool и @buki.school за възможността да подкрепим тази вдъхновяваща инициатива. 👏",https://www.linkedin.com/posts/ictstrypes_%D0%B8%D0%B4%D0%B5%D0%B8%D1%82%D0%B5-%D1%81%D0%B2%D0%B5%D1%82%D1%8F%D1%82-%D0%BD%D0%B0%D0%B9-%D1%81%D0%B8%D0%BB%D0%BD%D0%BE-%D0%BA%D0%BE%D0%B3%D0%B0%D1%82%D0%BE-%D0%B8%D0%BC-%D0%B4%D0%B0%D0%B4%D0%B5%D0%BC-activity-7465288305144864769-iyqj,,,neutral,2026-05-27T06:30:30.296Z,22,1,0,0,0.0,23,24.0
linkedin,post,7457398758658461697,"If fuel prices keep rising, who really pays the price?

Global oil shocks are pushing petrol costs up, but in Malaysia, subsidies like BUDI95 are holding prices down for now. The problem is, this short-term help is expensive for the government and is not built to last.

Our deputy director of research, Dr. Rachel Gong and visiting researcher, Muhammad Najib Alshari, highlight that while subsidies protect consumers and support groups like e-hailing drivers, they also create long-term pressure on public finances. Subsidies do not solve the root issue of high oil dependence.
 
So the bigger question isn’t just how we keep fuel cheap, but how Malaysia can become less vulnerable to global oil price swings in the future.
 
Read the full article via the link on our website here: ⁠https://lnkd.in/gkdQ_ZvN
 
#KhazanahResearchInstitute #KRI #AdvancingMalaysia #fuelprices #energycrisis",https://www.linkedin.com/posts/krinstitute_khazanahresearchinstitute-kri-advancingmalaysia-activity-7457398758658461697-AnZ9,,,neutral,2026-05-05T12:00:15.833Z,13,4,1,0,0.0,18,24.0
linkedin,post,7378608458159476736,"𝐁𝐮𝐝𝐢𝟗𝟓 𝐈𝐧𝐭𝐞𝐠𝐫𝐚𝐭𝐢𝐨𝐧 𝐓𝐞𝐬𝐭𝐞𝐝: 𝐌𝐲𝐊𝐚𝐝 + 𝐏𝐚𝐲𝐦𝐞𝐧𝐭 𝐂𝐚𝐫𝐝 𝐌𝐚𝐤𝐞𝐬 𝐑𝐞𝐟𝐮𝐞𝐥𝐢𝐧𝐠 𝐄𝐚𝐬𝐲

We tested the new system at the pump and found the process smooth and intuitive: insert MyKad, choose RM or litres, tap your card, and fuel as usual. The receipt (or TnG app) clearly shows the remaining balance from the 300L monthly quota at RM1.99/litre.

The whole experience feels almost identical to a normal refuel, with only about 10 extra seconds added for MyKad verification. For us, paying by card at the pump was the quickest method — but users also have alternatives:

 ✅ Cash payment with counter verification
 ✅ Touch ’n Go eWallet app
 ✅ Fuel brand apps like Setel

Quick note: the MyKad verification flow may differ between fuel brands — some stations require card authorisation first before verification.

Early takeaway: Budi95 integration works as intended, with minimal disruption to the fueling experience.

#caricarz #carz #Budi95 #FuelSubsidy #Malaysia
Ministry of Finance Malaysia",https://www.linkedin.com/posts/kumeran-sagathevan_caricarz-carz-budi95-activity-7378608458159476736-RHJF,,,neutral,2025-09-30T01:55:44.341Z,8,2,4,0,0.0,14,24.0
linkedin,post,7460639853257469952,"Economists are concerned with the immediate impact of another possible cut in the Budi95 fuel quota.

Bernard Aw warns this could squeeze lower- and middle-income households that rely heavily on private transport, while also raising logistics and food costs.

Carmelo Ferlito says rigid fuel quotas fail to reflect different household transport needs and proposes voucher-based support instead.

Assoc. Prof. Major Dr. Mohd Harridon bin Mohamed Suffian says any subsidy cuts should be introduced gradually to avoid hurting economic growth.

At the same time, Doris Liew estimates the move could save the government billions of ringgit a year.

If the Budi95 quota is cut to 150 litres a month, Liew estimates the government would save roughly at least RM320mil monthly, or about RM3.8bil annually.


Read more here:
https://lnkd.in/gDmWuBUG

#starbiz",https://www.linkedin.com/posts/starbizmy_starbiz-activity-7460639853257469952-QjhO,,,neutral,2026-05-14T10:39:13.002Z,10,3,2,0,0.0,15,22.0
linkedin,post,7393146112938827776,"🚨 new substack post! 

we know fuel subsidy reforms are notoriously difficult to pull off, and even if you do pull it off, it can be incredibly difficult to sustain. 

so naturally, the burning question is: how will Malaysia fare with its roll out of BUDI95, the new targeted subsidy scheme for RON95? 

this post tries to answer that question by applying a systems change perspective, looking at how the mechanics of the BUDI95 can lend itself towards sustained reform efforts.


🔗 https://lnkd.in/gc53MSRu",https://www.linkedin.com/posts/sugheson-nagarajan-b86644ba_new-substack-post-we-know-fuel-subsidy-activity-7393146112938827776-6G4r,,,neutral,2025-11-09T04:43:11.337Z,16,0,2,0,0.0,18,22.0
linkedin,post,7378944079952453632,"⛽ BUDI95: Subsidies Reserved for Malaysians  

Starting **30 September 2025**, the government will roll out the **BUDI95 programme** — setting **RON95 petrol at RM 1.99/litre** exclusively for **Malaysian citizens**.  
.  
⚡ Key features:  
🔹 Monthly quota of 300 litres per person  
🔹 MyKad + valid Malaysian driving licence required  
🔹 Foreign-registered vehicles restricted to RON97  
🔹 Foreigners and companies pay unsubsidised ~RM 2.60/litre  
.  
This move ensures that fuel subsidies are directed only to Malaysians, preventing leakages and reinforcing fairness in the system.  
.  
Follow me on LinkedIn for more O&G updates:  
https://lnkd.in/gxz3V5Hc  
—  
#OilAndGas #EnergyTransition #Malaysia #FuelSubsidy #Petroleum #BUDI95  

Reference link: https://lnkd.in/gQ7rvnMT  

Remark/Note: This poster is AI-generated. Hence, some details (e.g. icons, symbols) may not be fully accurate.",https://www.linkedin.com/posts/theeahmadyazid_oilandgas-energytransition-malaysia-activity-7378944079952453632-P4Os,,,neutral,2025-10-01T00:09:22.812Z,13,2,1,0,0.0,16,20.0
linkedin,post,7457378076587618304,"Removing BUDI95 For T20 Can Save Govt RM1.5 Million A Month, Says Economist.

While another economist suggests introducing a lower monthly BUDI95 quota for the high-income group ⬇️",https://www.linkedin.com/posts/hredge-my_removing-budi95-for-t20-can-save-govt-rm15-activity-7457378076587618304-p-bn,,,neutral,2026-05-05T10:38:04.843Z,15,0,1,0,0.0,16,18.0
linkedin,post,7460984701898575872,"How do you launch a feature in an app… and still make it the story everyone talks about?

That was the core challenge I dealt with when leading the Shell App BUDI95 integration launch for Shell Malaysia.

At the time, consumers were actively looking for more convenience in how they accessed and used fuel subsidies. Driven by that, instead of positioning BUDI95 as a routine feature update, we reframed it as part of the broader Shell App ecosystem, designed to make subsidy access convenient.

The campaign went on to secure hundreds of media coverage and became the highest-performing PR news for Shell Malaysia in 2025. Beyond coverage, it also helped drive stronger Shell App adoption, reinforcing how timing and context can shape the impact of even a single feature launch.

Was it easy? No. Did it require countless all-nighters? Yes. But when you are driven by an equally passionate team, client & interagency partners, anything is possible.

Thank you for the trust and support Rezza Mohd Ariff , Amy Ho and team.

Wouldn't have been possible without my EDL peeps Atikah Ahmad Shukri Diniah Bilqish Farah Qistina Zabidi Prakash Jayakumar",https://www.linkedin.com/posts/arivintiran-ponnan-ab4a7b153_how-do-you-launch-a-feature-in-an-app-and-activity-7460984701898575872-eIMm,,,neutral,2026-05-15T09:29:31.325Z,16,1,0,0,0.0,17,18.0
linkedin,post,7375702094747643906,"𝐏𝐌𝐗: 𝐑𝐌𝟏.𝟗𝟗 𝐑𝐎𝐍𝟗𝟓 𝐟𝐫𝐨𝐦 𝟑𝟎 𝐒𝐞𝐩𝐭, 𝐌𝐲𝐊𝐚𝐝-𝐁𝐚𝐬𝐞𝐝 𝐀𝐜𝐜𝐞𝐬𝐬; 𝐍𝐨𝐧-𝐂𝐢𝐭𝐢𝐳𝐞𝐧𝐬 𝐑𝐌𝟐.𝟔𝟎

Starting 30 Sept 2025, Malaysians will pay RM1.99 per litre for RON95 under the Budi95 subsidy scheme. Verification will be done using a valid MyKad.

For non-citizens, the price is set at RM2.60 per litre.

✅ 16 million Malaysians are expected to benefit.
✅ Police & military get early access from 27 Sept.
✅ B40 & STR recipients enjoy the rate from 28 Sept.

PM Anwar says the move is a gesture in the spirit of Merdeka & Malaysia Day. 

More here: https://lnkd.in/gKH_mrTk

#RON95 #Budi95 #FuelSubsidy #Malaysia 
Anwar Ibrahim Jabatan Perdana Menteri Malaysian Government",https://www.linkedin.com/posts/kumeran-sagathevan_ron95-budi95-fuelsubsidy-activity-7375702094747643906-948u,,,neutral,2025-09-22T01:26:53.306Z,7,1,3,0,0.0,11,18.0
linkedin,post,7462548314270507009,"Mind therapy after busy day.... Magnificient KLCC Night View! 🌃 

Expensive petrol? Insufficient BUDI95? Tired of 2–5 hours daily commuting into Kuala Lumpur?

There’s a smarter way to live and work! 
Introducing our Monday2Friday aka ""M2F Stress-Free SOHO Transit Package"" — designed for urban professionals who value time, convenience, and cost savings. 

Strategically located just 4 LRT stations from/to KLCC, with seamless access to KL Sentral and the KLIA Ekspres.

Move closer, Save more, Live & Work better!. Secure your M2F Stress-Free SOHO Transit Package today. Contact us via e-mail or whatapps below.

ALG Suite, Resort & Tour | 🏨 www.alg-hotel.com
✉️ semporna@alg-hotel.com | ✉️ klcc@alg-hotel.com | 📲 +60198540955

#klccALGsuite #WorkInKL #klcc #StressFreeCommute #SOHOtransit #AstrumAmpang #M2Fstay #klccview #KLCCTwinTowers",https://www.linkedin.com/posts/amir-sani-abdul-bak-507081102_klccalgsuite-workinkl-klcc-activity-7462548314270507009-Rqip,,,neutral,2026-05-19T17:02:45.565Z,17,0,0,0,0.0,17,17.0
linkedin,post,7443730754183901184,"In just a few days, Malaysia’s targeted subsidy framework undergoes a massive shift. With the BUDI95 RON95 quota reducing to 200L this April and the RM15 Billion STR/SARA rollout, I noticed a gap: Malaysians need a way to confidently predict their financial exposure, not just read about it.

So, I built the BUDI MADANI AI Forecaster.

Instead of a standard dashboard, I engineered this from scratch as a Native Single Page Application (SPA) focusing on high-performance architecture and enterprise-grade UI/UX.

Here is what is running under the hood: 

🔹 Predictive Math Engine: Built with vanilla JavaScript, it calculates real-time fuel burn rates, market penalties, and cost projections instantly as the user types. 

🔹 Dynamic Data Visualization: Integrated Chart.js for smooth, responsive 30-day burn rate projections. 

🔹 Live AI Advisor: Hooked up to Google's Gemini REST API to provide users with a context-aware financial assistant that understands the latest 2026 Ministry of Finance guidelines. 

🔹 Zero-Latency i18n: Developed a custom client-side routing and translation engine to instantly swap the entire UI between English, Bahasa Melayu, Mandarin, and Tamil without reloading the page.

 🔹 Frontend Architecture: Styled completely with Tailwind CSS for a crisp, responsive, ""Gov-Tech"" aesthetic.


Building this was an incredible deep dive into frontend state management, REST API integration, and user-centric design.


As I prepare to begin my 8-month internship this coming May, I am actively looking for opportunities in Software Engineering, UI/UX Design, and AI Development where I can bring this same level of product ownership to a team.


Check out the live web app here: https://lnkd.in/ga96T8zh

Thoughts and feedback from the tech community are always welcome! 👇


#SoftwareEngineering #WebDevelopment #TailwindCSS #ArtificialIntelligence #Malaysia #UIUX #FrontendDevelopment #TechCareers",https://www.linkedin.com/posts/shachindran-veerangan-02b67a15a_softwareengineering-webdevelopment-tailwindcss-activity-7443730754183901184-MrFy,,,neutral,2026-03-28T18:48:29.627Z,13,2,0,0,0.0,15,17.0
linkedin,post,7379928812010205184,"I personally like the convenience of Setel app, but in my opinion, BUDI95 as a whole, it wasn't that hard like how people described it.",https://www.linkedin.com/posts/khairilazizikhairuddin_budi95-budimadani-madani-activity-7379928812010205184-geN0,,,neutral,2025-10-03T17:22:21.230Z,7,0,3,0,0.0,10,16.0
linkedin,post,7383833981177360385,"🇲🇾 Budget 2026: A “Cautious” Approach with Long-Term Implications

Dr.Tricia Yeoh, PhD, Associate Professor at the School of Politics, International Relations & Economics (SPIRE), University of Nottingham Malaysia, shared her expert insights on Budget 2026 in both The Star and Malay Mail. 

Describing it as a ""cautious budget"", Dr. Yeoh raised concerns about the sustainability of Malaysia's wide - ranging cash transfer programs - such as the Sumbangan Asas Rahmah ( SARA ) and the Budi 95 fuel subsidy ⛽  - if government revenues continue to decline. 

“If the revenue as a percentage of GDP is actually falling, how are we going to have sustainability for some of these wide-ranging cash transfers that I don’t think the government will be able to roll back in the future? ”

Dr. Yeoh also pointed out several missed opportunities in Budget 2026, particularly in areas such as tax reform and targeted subsidy frameworks, encouraging policymakers to consider more data-driven and refined approaches moving forward. ✨

📰 Read her full commentary in The Star & Malay Mail  

🔗 https://lnkd.in/gq_pxxTe

🔗 MoF sec-gen: Perhaps Budi95’s ‘parameters’ can be adjusted; T15 debate was set aside to start plugging leakages | Malay Mail - https://lnkd.in/gSjxGaHu

#Budget2026 #PublicPolicy #MalaysiaEconomy #TheStar #MalayMail #UniversityofNottinghamMalaysia #PoliticalEconomy #SPIRE #UoN",https://www.linkedin.com/posts/unm-school-of-spire_budget2026-publicpolicy-malaysiaeconomy-activity-7383833981177360385-ec5l,,,neutral,2025-10-14T12:00:06.114Z,14,1,0,0,0.0,15,16.0
linkedin,post,7392858821808979968,"###### Weekend Post ######

🇲🇾 Malaysia’s BUDI MADANI RON95: A Model of Targeted Efficiency

Back in Malaysia, I had the opportunity to experience firsthand how the BUDI MADANI RON95 fuel subsidy operates on the ground — a clear reflection of how policy innovation and digital integration can enhance economic resilience.

At the Shell station, a full tank of 50.25 litres of RON95 was priced at RM 2.60/L, but thanks to the BUDI95 subsidy, the actual cost came down to RM 1.99/L — translating to a RM 30.65 saving under the targeted subsidy framework.

What stands out is the system’s efficiency and transparency — linking eligibility directly through MyKad verification at the pump, supported by seamless options across card, e-wallet, or cash payments. This demonstrates how digital governance can turn policy intent into measurable public benefit.

In today’s landscape of fluctuating global fuel prices, Malaysia’s approach offers an interesting case study:
✅ Technology-enabled implementation
✅ Socio-economic inclusivity
✅ Fiscal responsibility through targeted aid

It’s an encouraging reminder that strategic digitalisation isn’t just about corporate transformation — it’s also about empowering citizens and stabilising essential sectors like energy and transport.

💬 What are your thoughts on Malaysia’s targeted subsidy model? Could similar frameworks strengthen cost-management systems in other industries too?

#Malaysia #BUDIMADANI #PublicPolicy #DigitalTransformation #EnergyEfficiency #EconomicDevelopment #SmartGovernance #Sustainability #ShellMalaysia",https://www.linkedin.com/posts/chen-loon-nick-har-920ba4254_malaysia-budimadani-publicpolicy-activity-7392858821808979968-KFnp,,,neutral,2025-11-08T09:41:35.794Z,13,1,0,0,0.0,14,15.0
linkedin,post,7381855926204604416,"🔥 I'm gonna lost my job...
.
.
.
To AIs. (Plural)
First try on bolt.new #StackBlitz, interesting enough to have all the integrations in-place including database in a no-code solution.
.
When a non-technical user can do the same as technical user at a fraction of the cost... Why not?
UI/UX... Gone.
Front End Developer... Gone.
Back End Developer... Gone.
Just like when GPS replaced Taxi Drivers for Professional Navigation.
Thoughts?
.
💕 My Fxck-Up Ideas 116 ⚡
Create a mobile-first, clean, simple, and modern minimalist app interface called BUDI95. The app helps users track their monthly subsidized fuel quota (300 litres) and manage their fuel budget efficiently.
.
R&D: Perplexity
Brainstorming: #ChatGPT",https://www.linkedin.com/posts/jiayeetai_stackblitz-chatgpt-activity-7381855926204604416-YgZX,,,neutral,2025-10-09T01:00:01.058Z,14,0,0,0,0.0,14,14.0
linkedin,post,7436656788910825473,"The BUDI95 Stress Test: What Happens When Brent Crude Hits $110/bbl?

If you’ve been watching the markets, you know that Brent crude sitting at around $110/bbl combined with a weakening MYR is creating a perfect storm for our subsidy framework.

Let's break down the math on what I call ""The Post-Shock Reality"" for the BUDI95 program:

📊 The Numbers:
Estimated APM Price: ~RM3.60 per litre
Current BUDI95 Capped Price: RM1.99 per litre
The Government Subsidy Burden: A massive RM1.61 per litre gap.

The Verdict: Highly Strained. 

Multiplying this RM1.61 shortfall across millions of 300-litre monthly quotas will instantly overwhelm the Treasury’s allocated budget. It is fiscally unsustainable to maintain this spread.

What’s Next? To defend the fiscal budget, it is highly probable that the government will be forced to revise the BUDI95 ceiling upward—potentially floating it into the RM2.20–RM2.40 range to close that gap.

For the everyday consumer, this means we need to start pricing in higher fuel costs and adjusting our personal budgets accordingly. 
How do you think the market will react if the ceiling is lifted next quarter? Let me know your thoughts below. 👇

#Economics #Malaysia #BUDI95 #PersonalFinance #MarketAnalysis #BrentCrude",https://www.linkedin.com/posts/yeokhaikeat_economics-malaysia-budi95-activity-7436656788910825473-kcV-,,,neutral,2026-03-09T06:19:04.878Z,13,0,0,0,0.0,13,13.0
linkedin,post,7376919616482119680,"BUDI95 Fuels Malaysia’s 2025 Vision: Savings for Rakyat, Strengthening Malaysia’s Finances ⛽🇲🇾

On 22 September 2025, the Ministry of Finance Malaysia (MOF), led by Prime Minister Datuk Seri Anwar Ibrahim (PMX), unveiled BUDI95 under the MADANI government and positioned it within the 13th Malaysia Plan (RMK13). The initiative reduces RON95 petrol to RM1.99 per litre for citizens, capped at 300 litres per month and verified via MyKad. It is designed to benefit 85–90% of the rakyat with monthly savings of RM18–183, while contributing RM2.5–4 billion in fiscal savings. Sentiment leaned quite positive, with many applauding the relief, though concerns surfaced over verification, quotas, and a persistent fear of abuse by non-citizens.

Engagement surged rapidly within just four days, recording 21,463 mentions and 1.34 million engagements between 22–24 September. The sharp rise reflected not only excitement over affordability but also scrutiny of execution. While many praised BUDI95 as a fairer, rakyat-first approach, others questioned whether digital exclusion, enforcement gaps, and the potential depletion of national resources could undermine its long-term success.

Can BUDI95 truly balance immediate living cost relief for the rakyat to strengthen Malaysia’s fiscal position?

👉 Explore the social sentiment analysis and peak engagement trends to see how the rakyat really responded. 🕵️‍♀️

Maximise your media insights and stay ahead of industry trends with Dataxet. Get your industry insights at https://lnkd.in/erVNufbe

#BUDI95 #MADANI #13MP #RMK13 #FuelSubsidy #MalaysiaEconomy #PetrolSubsidy",https://www.linkedin.com/posts/news-ads-monitoring-agency-sdn-bhd_dataxet-malaysia-budi95-activity-7376919616482119680-wVZt,,,neutral,2025-09-25T10:04:53.108Z,11,1,0,0,0.0,12,13.0
linkedin,post,7442907444852477952,"Starting April 1, Malaysia will cut the standard monthly subsidised fuel quota under its Budi95 scheme to 200 litres from 300 litres. 

The ceiling limit for subsidised RON95 petrol at RM1.99 per litre for e-hailing and gig workers under Budi95 will be retained at 800 litres per month. 

https://lnkd.in/gThhrZVN",https://www.linkedin.com/posts/how-yong-t_subsidised-ron95-stays-at-rm199-a-litre-activity-7442907444852477952-07B5,,,neutral,2026-03-26T12:16:57.386Z,4,0,3,0,0.0,7,13.0
linkedin,post,7465291586659045377,"خطوات نحو البهجة.. وذكريات تولد في العيد 🤍
انطوت الأيام العشر المباركة، وأشرق العيد ليذكرنا بأن اثمن ما نملكه تلك التفاصيل الدافئة مع من نحب.
أشارككم لقطات من رحلتنا لصلاة العيد ومظاهر الفرحة التي ملأت أرواحنا قبل الشوارع؛ تكبيرات المآذن، وابتسامات المارة العفوية، هي الرصيد الحقيقي لقلوبنا.
كل عام وأنتم وعائلاتكم بألف خير، وعيدكم مبارك ومليء بالمسرات 🌸🎉

إليكِ المنشور بأسلوب مختصر جداً، دافئ، وملامس للمشاعر باللغتين العربية والإنجليزية مع الإيموجي والهاشتاغات المناسبة للمقطع:
باللغة العربية 🇸🇦✨
خطوات نحو البهجة.. وذكريات تولد في العيد 🤍
انطوت الأيام العشر المباركة، وأشرق العيد ليذكرنا بأن أثمن ما نملكه ليس الإنجازات، بل تلك التفاصيل الدافئة مع من نحب.
في هذا المقطع، أشارككم لقطات من رحلتنا لصلاة العيد ومظاهر الفرحة التي ملأت أرواحنا قبل الشوارع؛ تكبيرات المآذن، وابتسامات المارة العفوية، هي الرصيد الحقيقي لقلوبنا.
كل عام وأنتم وعائلاتكم بألف خير، وعيدكم مبارك ومليء بالمسرات! 🌸🎉
Steps towards joy.. and memories born on Eid 🤍
As the blessed ten days passed, Eid arrived to remind us that our most valuable assets are the warm moments we share with those we love.
In this video, I share with you glimpses of our journey to Eid prayer and the joy that filled our souls before the streets. The echoes of Takbeerat and the genuine smiles of passersby are the true fuel for our hearts.
Wishing you and your families a blessed Eid filled with peace and happiness! 🌸🎉
#EidMubarak #EidAlAdha #MakingMemories 

#عيد_الاضحى #العيد #صناعة_الذكريات #امتنان #أيام_العشر

 #Gratitude #BlessedDays",https://www.linkedin.com/posts/anhar-khalawi_eidmubarak-eidaladha-makingmemories-activity-7465291586659045377-30cL,,,neutral,2026-05-27T06:43:32.670Z,9,0,1,0,0.0,10,12.0
linkedin,post,7465641667035828224,"The eternal Malaysian classic:

“Education tak penting bro, look at [insert random millionaire who dropped out after Form 3 and now drives a G63].”

Usually repeated the loudest by people whose highest academic achievement is calculating baki Budi95 while blaming the government 14 times a day inside Facebook groups.

Room temperature IQ. Boiling hot confidence.

They call their own laziness “real world wisdom”. Time muda bangang, dah tua bodoh.

And the funniest part is the rich people who made it through luck, timing, connections, or straight-up main belakang suddenly becoming anti-education philosophers the moment they buy a RM2 million house and a continental car.

“SPM tak guna bro. Just hustle.”

Interesting philosophy.

Because somehow your accountant has a degree. Your lawyer has a degree. Your doctor has a degree. Even the guy configuring your company infrastructure probably suffered through university, certifications, exams, and years of assignments.

But suddenly for OTHER people’s kids, school becomes a scam.

“Hustle lebih penting.”
“Belajar tinggi pun jadi kuli.”
“SPM tak penting.”

Funny how that works.

Even funnier when the same people quietly send their own children to private schools, international schools, or overseas universities while preaching anti-education sermons to the masses like it’s a public service announcement.

Selective anti-intellectualism.

Luxury belief system for people who already made it.

Please continue though.

Keep telling the urban poor and teenagers that education is useless and probability doesn’t matter. Tell them to skip books and gamble everything on dropshipping, “import China barang”, crypto disguised as investing, random SME roulette, or becoming the 400th reseller of the same TikTok product.

Capitalism absolutely loves this country.

One guy escapes poverty through a statistical miracle and suddenly half the population starts treating survivorship bias like a national economic policy.

Then when reality hits:

“Orang belajar tinggi pun gaji kecik.”
“Aku tak belajar pun boleh hidup.”
“SPM tak penting.”

National coping mechanism since the 90s. Still fully operational.

Meanwhile the educated quietly run the hospitals, banks, engineering firms, aviation systems, cybersecurity teams, legal infrastructure, and basically the entire machine keeping society alive while the anti-education crowd records motivational podcasts from a rented Alphard.

Beautiful ecosystem honestly.

The economy needs dreamers.

The pyramid needs a base.

#gocryinthecomment #idcdgaf #consequencesofoneaction #gocopesomewhereelse",https://www.linkedin.com/posts/haziqashrofie_2026-social-media-is-really-something-activity-7465641667035828224-ICrX,,,neutral,2026-05-28T05:54:38.336Z,8,1,0,0,0.0,9,10.0
linkedin,post,7392340946203406337,“Is BUDI95 truly fair and effective?,https://www.linkedin.com/posts/ching-hwuang-tay-6092527_budi95-activity-7392340946203406337-9MrB,,,neutral,2025-11-06T23:23:44.628Z,8,0,0,0,0.0,8,8.0
linkedin,post,7461973959081639936,"Good news for food delivery and p-hailing riders. The gov't will discuss an extra 50L of Budi95 quota, to 250L. Sure lulus because PMX will bring it up himself. Full story here",https://www.linkedin.com/posts/paultan_govt-to-discuss-increased-250l-budi95-quota-activity-7461973959081639936-XZVf,,,neutral,2026-05-18T03:00:28.617Z,2,0,2,0,0.0,4,8.0
linkedin,post,7375850987850403840,"This article explores Malaysia’s shift to BUDI95 (RON95 MADANI), a targeted fuel subsidy that offers cheaper petrol to eligible locals while capping monthly use. It examines the short-term ripple effects on food supply chains, inflation, farmers, and consumers, and questions whether the policy is both practical and equitable. Placing Malaysia’s move within a broader global debate on subsidy reform and social fairness.",https://www.linkedin.com/posts/ahmad-n-777005169_this-article-explores-malaysias-shift-to-activity-7375850987850403840-oPXC,,,neutral,2025-09-22T11:18:32.188Z,4,2,0,0,0.0,6,8.0
linkedin,post,7455288503158050816,"#malaysia #ron95

What does the fuel subsidy actually cost over time?

Introducing By The Numbers: an interactive tool that makes Malaysia’s BUDI95 subsidy program tangible through data.

Users can adjust consumption patterns and explore time ranges to see how everyday driving behavior translates into government spending in real time.

The goal isn’t to argue a position—it’s to make public data understandable.

Built during a break from interview loops, as a reminder that (ahem yes i vibecoded) coding can still be exploratory, not just evaluative.

Free to use, modify, and share for non-commercial purposes.

https://lnkd.in/gkHiHzYV",https://www.linkedin.com/posts/sabrinal-498970113_malaysias-fuel-subsidy-by-the-numbers-activity-7455288503158050816-Ekqd,,,neutral,2026-04-29T16:14:51.715Z,5,1,0,0,0.0,6,7.0
linkedin,post,7459949045294403584,"Government relations is rarely straightforward. Even local companies can misstep when engaging officials in their own country. This was evident when a Malaysian bank invited a Deputy Minister (Minister of State equivalent - not in the Cabinet) to speak at one of its events, only for his remarks on a major government policy to be perhaps inaccurately interpreted, and reported as an official government position  (see news report below). The Deputy Minister is from the Democratic Action Party (DAP), a party representing ethnic Chinese in the coalition government. DAP’s role is largely focused on community-specific issues like Chinese language education, rather than shaping major national policy decisions. A clearer understanding of the government’s internal political dynamics and division of responsibilities could have prevented both the misstep and the inaccurate reporting. https://lnkd.in/gaty4aQn",https://www.linkedin.com/posts/adib-zalkapli_budi95-a-key-tool-in-managing-fuel-demand-activity-7459949045294403584-oyqm,,,neutral,2026-05-12T12:54:11.549Z,5,1,0,0,0.0,6,7.0
linkedin,post,7460972387803721749,"Let's talk about Malaysia's favourite alphabet soup: B40, M40, T20.

Here's the thing — a dual-income family in KL earning RM14,000, juggling a mortgage, two kids, ageing parents, and a car loan that feels like a second marriage… is officially ""T20.""

Congratulations. You're ""wealthy.""

The framework has three quiet problems:

🔹 It's purely statistical. Being in the top 20% doesn't mean you can comfortably afford groceries — it just means 80% earn less than you.

🔹 It's geographically blind. RM8,000 in Kuala Lumpur ≠ RM8,000 in Kelantan. Yet the bracket treats them as twins.

🔹 It ignores wealth, debt, and dependents. A debt-free retiree and a sandwich-generation parent supporting 5 people sit in the same box.

Then comes BUDI95. Fiscally, rationalising a RM20B blanket subsidy makes sense. But using RM12,000 as the line between ""needs help"" and ""doing fine"" creates a cliff-edge so steep, earning RM100 more could cost you thousands in subsidies. That's not policy — that's a penalty for productivity.

A fairer path forward:
✅ A multi-dimensional index — factoring location, dependents, debt, and life stage 
✅ Graduated withdrawal instead of cliff-edge cut-offs 
✅ Redefine ""wealthy"" — the genuinely affluent are T5/T10, not the squeezed upper-middle 
✅ Update thresholds every 2 years, not every 5

The T20 label as shorthand for ""can afford unsubsidised fuel"" is lazy policymaking. Malaysians deserve a framework that reflects real lives — not just neat percentiles.

Because being classified as ""rich"" shouldn't feel like an inside joke.

#Malaysia #PublicPolicy #CostOfLiving #BUDI95 #EconomicReform #B40M40T20",https://www.linkedin.com/posts/jian-wei-jonathan-lim-7805a492_malaysia-publicpolicy-costofliving-activity-7460972387803721749-8OKk,,,neutral,2026-05-15T08:40:35.416Z,7,0,0,0,0.0,7,7.0
linkedin,post,7459552016923758593,"The perks of being in Events Management… you somehow manage to finish your BUDI95 quota before the month ends 😭⛽️

Event sana, meeting sini, site visit lagi… minyak memang tak sempat nak rehat 😂

Tak rilek dow..",https://www.linkedin.com/posts/faizol-shahibol-cem-mba-bcomms-b882b2b6_the-perks-of-being-in-events-management-activity-7459552016923758593-p15S,,,neutral,2026-05-11T10:36:32.609Z,6,0,0,0,0.0,6,6.0
linkedin,post,7381329393102602240,"⛽🇲🇾 Trying it again today — and finally got it right! 💳✨

. 今天再试一次，这次终于成功啦！😄
. Hari ini cuba lagi — dan berjaya tanpa silap! 🙌

Successfully pumped my entitled #RON95 petrol at RM1.99/litre under Malaysia’s new #BUDI95 subsidy scheme 🇲🇾💰

. 在全新的 BUDI95 政府燃油津贴计划 下，我顺利享有每公升 RM1.99 的汽油优惠！
. Berjaya pam minyak RON95 dengan harga RM1.99 seliter di bawah skim subsidi BUDI95!

💡 How it works | Cara & 使用方式:

🟠 1. Select the pre-payment amount and wave your payment card (Debit/Credit) 💳 e.g. I chose RM40.00
🟡 2. Insert your MyKad for verification
🔵 3. System confirms eligibility ✅
🟢 4. Payment auto-adjusts to a maximum entitlement at the subsidised rate RM1.99/L, up to 300L/month 🚗

⚠️ Note: Check your receipt — even if the pump shows RM2.60, your receipt confirms RM1.99!
. The difference is your #BUDI95 #rebate (a ""bonus"" - e.g. as I could actually pump more at RM52.26, rather than a discount 🙂), or any #Surplus between prepaid and actual bill will be #refunded automatically to your card (e.g. for any balance that you couldn't finish).🧾

. 只需在加油机上刷银行卡，再插入 MyKad 身份证 💳
. 系统会自动验证资格，每月享有高达 300 公升 @ RM1.99 的优惠价 💪
. Paparan pam mungkin tunjuk RM2.60, tapi resit sah tunjuk RM1.99! ✅

💬 “True sustainability begins when support reaches the people who need it most — balancing fairness, fiscal health, and future growth.”
— David J Lim

. “Kelestarian sejati bermula apabila bantuan sampai kepada yang benar-benar memerlukan — seimbang antara keadilan, kewangan dan kemajuan masa depan。”
. “真正的永续发展始于援助能精准地惠及最需要的人群——在公平、财政健康与未来成长之间取得平衡。”

#InvestMalaysia 🇲🇾 💼
#EconomicGrowth 📈
#SustainableBudget ♻️
#PetrolSubsidy ⛽
#WellnessForAll 💚",https://www.linkedin.com/posts/davidjylim_ron95-budi95-budi95-activity-7381329393102602240-TFq3,,,neutral,2025-10-07T14:07:45.784Z,2,0,1,0,0.0,3,5.0
linkedin,post,7460132279198195712,"The Budi Madani RON95 (Budi95) initiative is seen as a useful demand management tool that helps Malaysia understand national usage patterns, says Deputy Finance Minister Liew Chin Tong.

https://lnkd.in/gf5ZS_eM",https://www.linkedin.com/posts/star-media-group-berhad_liew-budi95-helps-track-fuel-demand-activity-7460132279198195712-xc9R,,,neutral,2026-05-13T01:02:17.916Z,4,0,0,0,0.0,4,4.0
linkedin,post,7384062493863829504,"Honestly, I was nervous and almost gave up while preparing this presentation, but I reminded myself that I wanted to do my best and keep learning. Being the first presenter for our Market Outlook session turned out to be such a meaningful experience.

I shared my thoughts on the Global Petroleum Market (October 2025) and explored how global oil prices, supply changes, and geopolitical tensions shape our daily lives.

What I found most interesting was discovering how Malaysia’s Budi95 fuel subsidy connects to these global oil price movements. Through this topic, I learned how Budi95 helps protect consumers from rising prices while promoting a fair and targeted subsidy system.

It’s amazing to see how classroom lessons connect with real-world policies and how economics truly impacts people’s lives.I’m really grateful for the chance to share my insights with friends and my lecturer, and to learn from everyone’s feedback too, hence I'm sharing the slides with you guys as well so that we can learn together.   

#OilMarket #PetroleumOutlook #Budi95 #MalaysiaEconomy #EnergyPolicy #IIUM #StudentLearning #GlobalToLocal #PersonalGrowth",https://www.linkedin.com/posts/nur-aisyah-mohd-hatta-51321819b_oilmarket-petroleumoutlook-budi95-activity-7384062493863829504-xhMr,,,neutral,2025-10-15T03:08:07.784Z,2,1,0,0,0.0,3,4.0
linkedin,post,7380887946339602433,"📢 At BFM 89.9 

Tune in as our Dr Saizi Xiao unpacks BUDI95, a new policy that redefines how Malaysia approaches fuel subsidies. ⛽ 
From data-driven decision-making to fiscal flexibility, she explores how BUDI95 bridges the gap between social equity and sustainable governance.

Don’t miss the interview ! 🎉 
#SPIRE #BUDI95 #NottinghamMalaysia #UoNMalaysia #BFM89.9",https://www.linkedin.com/posts/unm-school-of-spire_%F0%9D%90%81%F0%9D%90%94%F0%9D%90%83%F0%9D%90%8895-isnt-subsidy-largesse-but-a-activity-7380887946339602433-yavz,,,neutral,2025-10-06T08:53:36.674Z,4,0,0,0,0.0,4,4.0
linkedin,post,7405815451097866240,"🎙 Invited by HotFM to share real-world insights on fuel subsidies, Setel and what Malaysian drivers really value.

As a motoring journalist and founder of NAZZ&CO Media, I’ve followed the evolution of BUDI95 very closely, and one thing’s clear:
Most users still don’t understand how to check their quota.

I’ve personally used the Setel app since the early days. It started as a simple digital receipt tool, but now, it’s my go-to companion for long-distance travel.

During the conversation, we explored:
 • The psychology behind brand loyalty
 • Misconceptions around fuel savings
 • Why I still choose PETRONAS, even when the tank hits ‘E’

To me, fuel savings isn’t about RM2 or 3 a month. No.. It’s about engine lifespan and long-term value.

The segment reflects not just industry opinions — but consumer reality.

📍 Full segment: Nazz Abdullah x HotFM
📍 For articles: https://lnkd.in/gzKfeHyA

#NazzAbdullah #MotoringJournalist #BUDI95 #SetelApp #PETRONAS #FuelSubsidy #ConsumerVoice #NAZZCO",https://www.linkedin.com/posts/nazzabdullah_nazzabdullah-motoringjournalist-budi95-activity-7405815451097866240-aNBD,,,neutral,2025-12-14T03:46:36.939Z,2,1,0,0,0.0,3,4.0
linkedin,post,7461944589013323776,"Key Subsidy Information

- BUDI Madani (BUDI Madani RON 95 / Budi95): 
The subsidised price remains at \(\text{RM}1.99\) per litre, with the monthly quota temporarily adjusted to 200 litres for eligible Malaysian private vehicle owners.

- Subsidised Diesel: The price for eligible groups under specific transport control mechanisms is maintained at \(\text{RM}2.15\) per litre.

#FOR NEW FEW WEEKS WILL THE FUEL REMAIN SAME OR INCREASE? WHOLE WORLD OF FUEL STILL REMAIN SAME OR INCREASE?",https://www.linkedin.com/posts/anson-neoh-139675236_for-activity-7461944589013323776-ZOk6,,,neutral,2026-05-18T01:03:46.247Z,4,0,0,0,0.0,4,4.0
linkedin,post,7465229135582511104,"🌙 عید الاضحٰی مبارک! ✨🐏
السلام علیکم اور آپ سب کو میری طرف سے عید الاضحٰی کی بہت بہت مبارکباد! 🕋💫

اللہ پاک اس بابرکت مہینے اور عید کے پرمسرت موقع پر آپ کی اور آپ کے اہل خانہ کی تمام قربانیوں، عبادتوں اور دعاؤں کو اپنی بارگاہ میں قبول و منظور فرمائے۔ امین! 🤲🏼❤️

یہ عید صرف قربانی کا نام نہیں، بلکہ ایثار، خلوص اور اللہ کی رضا کے لیے سب کچھ نچھاور کر دینے کا درس ہے۔ اللہ تعالیٰ ہم سب کی زندگیوں کو خوشیوں، صحت، سکون اور بے پناہ کامیابیوں سے بھر دے۔ 🌟
آپ سب کی عید کیسی گزر رہی ہے؟ کمنٹس میں ضرور بتائیں! 👇🏼👇🏼

منجانب:
سید رخشان الحسن
گرافک ڈیزائنر 🎨💻


#EidAlAdha #EidMubarak #Eid2026 #BakraEid #Blessings #GraphicDesigner #SyedRakhshanUlHassan #EidBlessings #HajjMubarak #Celebration #Community #pakistanifashion",https://www.linkedin.com/posts/syed-rakhshan-u-980324181_eidaladha-eidmubarak-eid2026-activity-7465229135582511104-mjHg,,,neutral,2026-05-27T02:35:23.173Z,3,0,0,0,0.0,3,3.0
linkedin,post,7447698465817526272,"https://lnkd.in/gAvJD_4W

The article discusses how the ongoing West Asia crisis (Middle East tensions) is impacting Malaysia’s economy, specifically regarding fuel subsidies. Malaysia is currently facing global instability that is driving up oil prices. This puts immense pressure on Malaysia’s fiscal position because the government spends roughly RM4 billion a month and RM48 billion annually on subsidies.

Because of that, the Government is reviewing the Budi MADANI RON95 (BUDI95) program, which is responsible for Government allocating approximately RM11 billion to cover the difference between the subsidised price of RM1.99 per litre and the unsubsidised pump price of around RM2.60 per litre. This is intended to ease the burden on citizens during the fuel crisis. The goal of the BUDI95 programme is to ensure financial aid reaches only those who truly need it while maintaining economic stability and long-term development.

#BUDI95
#MalaysiaEconomy
#BudiMadani",https://www.linkedin.com/posts/fatin-era-natasha-a07429315_budi95-malaysiaeconomy-budimadani-activity-7447698465817526272-mmAV,,,neutral,2026-04-08T17:34:45.797Z,3,0,0,0,0.0,3,3.0
linkedin,post,7459893758596235267,"The Selangor government is expecting to roll out a RM30 monthly subsidy for DRT users starting June. According to state investment, trade and mobility committee chairman Ng Sze Han, the subsidy will function like the Budi95 scheme, with users allowed to top up the amount after finishing their monthly entitlement (The exact mechanism is still being finalised). 

This, however, has sparked concerns among some commuters. Some said the subsidy would unnecessarily burden the state's coffers, while some others criticised the DRT service as unreliable due to inconsistent waiting and journey times.

To me, though the concerns about burdening the state's finances are valid, the subsidy is still a beneficial initiative for the people. After all, if you are currently spending RM100 per month for DRT rides, you will only need RM70 after the subsidy is rolled out. As Ng put it, it is similar to Budi95. Though the federal government is now facing serious financial constraints to continue supporting the scheme, it is undeniable that the scheme has benefitted a lot of Malaysians who rely on cars for their daily commute. 

The Selangor government is also planning various other initiatives to boost green mobility in the state. Read my coverage here: 

https://lnkd.in/gqWGw8uv

https://lnkd.in/g2Wnum8Q",https://www.linkedin.com/posts/lewguanxi07_push-for-seamless-travel-in-selangor-activity-7459893758596235267-E2tF,,,neutral,2026-05-12T09:14:30.173Z,3,0,0,0,0.0,3,3.0
linkedin,post,7457724782835310592,"𝗙𝗥𝗘𝗘 𝗠𝗔𝗟𝗔𝗬𝗦𝗜𝗔 𝗧𝗢𝗗𝗔𝗬 (𝗙𝗠𝗧): 𝗘𝘅𝗰𝗹𝘂𝗱𝗶𝗻𝗴 𝗧𝟮𝟬 𝗳𝗿𝗼𝗺 𝗕𝗨𝗗𝗜𝟵𝟱 𝗖𝗼𝘂𝗹𝗱 𝗦𝗮𝘃𝗲 𝗥𝗠𝟭.𝟱 𝗕𝗶𝗹𝗹𝗶𝗼𝗻 𝗠𝗼𝗻𝘁𝗵𝗹𝘆

A recent analysis highlights that excluding the T20 income group from the BUDI95 subsidy scheme could potentially generate savings of up to RM1.5 billion per month, improving fiscal efficiency and better targeting government assistance.

Prof. Dr. Ahmed Razman Abd Latiff, Director of Coursework Programmes at Putra Business School (PBS), shares his insights on the potential impact of this policy adjustment in an interview with Free Malaysia Today.

Read more here:
https://lnkd.in/gsxKttbA

#businessschool #university #FacultySpotlight #EconomicInsights",https://www.linkedin.com/posts/putra-business-school_exclude-t20-from-budi95-to-save-rm15bil-activity-7457724782835310592-PYwM,,,neutral,2026-05-06T09:35:46.054Z,2,0,0,0,0.0,2,2.0
linkedin,comment,7442189003300433920,Well done ! Anda power,https://www.linkedin.com/feed/update/urn:li:activity:7442024199524605952?commentUrn=urn%3Ali%3Acomment%3A%28activity%3A7442024199524605952%2C7442189003300433920%29&dashCommentUrn=urn%3Ali%3Afsd_comment%3A%287442189003300433920%2Curn%3Ali%3Aactivity%3A7442024199524605952%29,https://www.linkedin.com/feed/update/urn:li:activity:7442024199524605952,7442024199524605952,neutral,2026-03-24T12:42:07.573Z,0,0,0,0,0.0,0,
linkedin,comment,7416309221933207552,Congrats Saz! My 1st time experience using Setel and BUDI95 was seamless and easy. Kudos to the Team!,https://www.linkedin.com/feed/update/urn:li:ugcPost:7411787512643350528?commentUrn=urn%3Ali%3Acomment%3A%28ugcPost%3A7411787512643350528%2C7416309221933207552%29&dashCommentUrn=urn%3Ali%3Afsd_comment%3A%287416309221933207552%2Curn%3Ali%3AugcPost%3A7411787512643350528%29,https://www.linkedin.com/feed/update/urn:li:activity:7411787513817919488,7411787513817919488,neutral,2026-01-12T02:45:06.872Z,0,0,0,0,0.0,0,
linkedin,comment,7417757232315908096,Congratulations Ts. Sazlina Ahamad to making this possible. Every since the launch I’ve never used any other petrol stations. Such seamless and frictionless user experience via Setel,https://www.linkedin.com/feed/update/urn:li:ugcPost:7411787512643350528?commentUrn=urn%3Ali%3Acomment%3A%28ugcPost%3A7411787512643350528%2C7417757232315908096%29&dashCommentUrn=urn%3Ali%3Afsd_comment%3A%287417757232315908096%2Curn%3Ali%3AugcPost%3A7411787512643350528%29,https://www.linkedin.com/feed/update/urn:li:activity:7411787513817919488,7411787513817919488,neutral,2026-01-16T02:38:59.449Z,0,0,0,0,0.0,0,
linkedin,comment,7396336980134920192,U the man...,https://www.linkedin.com/feed/update/urn:li:ugcPost:7395945405684858880?commentUrn=urn%3Ali%3Acomment%3A%28ugcPost%3A7395945405684858880%2C7396336980134920192%29&dashCommentUrn=urn%3Ali%3Afsd_comment%3A%287396336980134920192%2Curn%3Ali%3AugcPost%3A7395945405684858880%29,https://www.linkedin.com/feed/update/urn:li:activity:7395945406855208960,7395945406855208960,neutral,2025-11-18T00:02:33.360Z,0,0,0,0,0.0,0,
linkedin,comment,7398722452706611200,"Contrats man, well done on the app. Ok lah, switch to Petronas la after 15 years of Shell",https://www.linkedin.com/feed/update/urn:li:ugcPost:7395945405684858880?commentUrn=urn%3Ali%3Acomment%3A%28ugcPost%3A7395945405684858880%2C7398722452706611200%29&dashCommentUrn=urn%3Ali%3Afsd_comment%3A%287398722452706611200%2Curn%3Ali%3AugcPost%3A7395945405684858880%29,https://www.linkedin.com/feed/update/urn:li:activity:7395945406855208960,7395945406855208960,neutral,2025-11-24T14:01:34.342Z,0,0,0,0,0.0,0,
linkedin,comment,7446655100485296128,Bomb on wheels...,https://www.linkedin.com/feed/update/urn:li:ugcPost:7444715963419357184?commentUrn=urn%3Ali%3Acomment%3A%28ugcPost%3A7444715963419357184%2C7446655100485296128%29&dashCommentUrn=urn%3Ali%3Afsd_comment%3A%287446655100485296128%2Curn%3Ali%3AugcPost%3A7444715963419357184%29,https://www.linkedin.com/feed/update/urn:li:activity:7444715991898451968,7444715991898451968,neutral,2026-04-05T20:28:48.117Z,0,0,0,0,0.0,0,
linkedin,comment,7445824509607088128,"I see Asian symbols on the road - Korean perhaps. God help them if they snag the ""feeding"" hose.",https://www.linkedin.com/feed/update/urn:li:ugcPost:7444715963419357184?commentUrn=urn%3Ali%3Acomment%3A%28ugcPost%3A7444715963419357184%2C7445824509607088128%29&dashCommentUrn=urn%3Ali%3Afsd_comment%3A%287445824509607088128%2Curn%3Ali%3AugcPost%3A7444715963419357184%29,https://www.linkedin.com/feed/update/urn:li:activity:7444715991898451968,7444715991898451968,neutral,2026-04-03T13:28:19.821Z,0,0,0,0,0.0,0,
linkedin,comment,7415403085713620994,Well done bro!,https://www.linkedin.com/feed/update/urn:li:ugcPost:7414989212070105088?commentUrn=urn%3Ali%3Acomment%3A%28ugcPost%3A7414989212070105088%2C7415403085713620994%29&dashCommentUrn=urn%3Ali%3Afsd_comment%3A%287415403085713620994%2Curn%3Ali%3AugcPost%3A7414989212070105088%29,https://www.linkedin.com/feed/update/urn:li:activity:7414989215102320640,7414989215102320640,neutral,2026-01-09T14:44:27.162Z,0,0,0,0,0.0,0,
linkedin,comment,7416992025020960768,Awesome job bro! Well done,https://www.linkedin.com/feed/update/urn:li:ugcPost:7414989212070105088?commentUrn=urn%3Ali%3Acomment%3A%28ugcPost%3A7414989212070105088%2C7416992025020960768%29&dashCommentUrn=urn%3Ali%3Afsd_comment%3A%287416992025020960768%2Curn%3Ali%3AugcPost%3A7414989212070105088%29,https://www.linkedin.com/feed/update/urn:li:activity:7414989215102320640,7414989215102320640,neutral,2026-01-13T23:58:19.814Z,0,0,0,0,0.0,0,
linkedin,comment,7460922428211458048,Regardless of which car you use there'll be traffic jam and parking issues. The real kings are motorbikes and escooters,https://www.linkedin.com/feed/update/urn:li:ugcPost:7460689038446997504?commentUrn=urn%3Ali%3Acomment%3A%28ugcPost%3A7460689038446997504%2C7460922428211458048%29&dashCommentUrn=urn%3Ali%3Afsd_comment%3A%287460922428211458048%2Curn%3Ali%3AugcPost%3A7460689038446997504%29,https://www.linkedin.com/feed/update/urn:li:activity:7460689084508717056,7460689084508717056,neutral,2026-05-15T05:22:04.121Z,0,0,0,0,0.0,0,
linkedin,comment,7460976515778912256,Doggie 🐶 in style 😎,https://www.linkedin.com/feed/update/urn:li:ugcPost:7460689038446997504?commentUrn=urn%3Ali%3Acomment%3A%28ugcPost%3A7460689038446997504%2C7460976515778912256%29&dashCommentUrn=urn%3Ali%3Afsd_comment%3A%287460976515778912256%2Curn%3Ali%3AugcPost%3A7460689038446997504%29,https://www.linkedin.com/feed/update/urn:li:activity:7460689084508717056,7460689084508717056,neutral,2026-05-15T08:56:59.603Z,0,0,0,0,0.0,0,
linkedin,comment,7394609805824516096,Great insight!,https://www.linkedin.com/feed/update/urn:li:ugcPost:7393104435113234432?commentUrn=urn%3Ali%3Acomment%3A%28ugcPost%3A7393104435113234432%2C7394609805824516096%29&dashCommentUrn=urn%3Ali%3Afsd_comment%3A%287394609805824516096%2Curn%3Ali%3AugcPost%3A7393104435113234432%29,https://www.linkedin.com/feed/update/urn:li:activity:7393104466146881536,7393104466146881536,neutral,2025-11-13T05:39:22.916Z,0,0,0,0,0.0,0,
linkedin,comment,7393624855319023617,Looking forward for your next sharing. Power betul,https://www.linkedin.com/feed/update/urn:li:ugcPost:7393104435113234432?commentUrn=urn%3Ali%3Acomment%3A%28ugcPost%3A7393104435113234432%2C7393624855319023617%29&dashCommentUrn=urn%3Ali%3Afsd_comment%3A%287393624855319023617%2Curn%3Ali%3AugcPost%3A7393104435113234432%29,https://www.linkedin.com/feed/update/urn:li:activity:7393104466146881536,7393104466146881536,neutral,2025-11-10T12:25:32.416Z,0,0,0,0,0.0,0,
linkedin,comment,7440204471898456064,Tahniah tuan.,https://www.linkedin.com/feed/update/urn:li:activity:7438823990917386241?commentUrn=urn%3Ali%3Acomment%3A%28activity%3A7438823990917386241%2C7440204471898456064%29&dashCommentUrn=urn%3Ali%3Afsd_comment%3A%287440204471898456064%2Curn%3Ali%3Aactivity%3A7438823990917386241%29,https://www.linkedin.com/feed/update/urn:li:activity:7438823990917386241,7438823990917386241,neutral,2026-03-19T01:16:18.416Z,0,0,0,0,0.0,0,
linkedin,comment,7412118107403710464,Nice one Shawn Benedict and the team!,https://www.linkedin.com/feed/update/urn:li:ugcPost:7411953484767535104?commentUrn=urn%3Ali%3Acomment%3A%28ugcPost%3A7411953484767535104%2C7412118107403710464%29&dashCommentUrn=urn%3Ali%3Afsd_comment%3A%287412118107403710464%2Curn%3Ali%3AugcPost%3A7411953484767535104%29,https://www.linkedin.com/feed/update/urn:li:activity:7411953485610450944,7411953485610450944,neutral,2025-12-31T13:11:07.301Z,0,0,0,0,0.0,0,
linkedin,comment,7413123566667280384,Happy New Year 2026 bro Shawn Benedict !,https://www.linkedin.com/feed/update/urn:li:ugcPost:7411953484767535104?commentUrn=urn%3Ali%3Acomment%3A%28ugcPost%3A7411953484767535104%2C7413123566667280384%29&dashCommentUrn=urn%3Ali%3Afsd_comment%3A%287413123566667280384%2Curn%3Ali%3AugcPost%3A7411953484767535104%29,https://www.linkedin.com/feed/update/urn:li:activity:7411953485610450944,7411953485610450944,neutral,2026-01-03T07:46:27.469Z,0,0,0,0,0.0,0,
linkedin,comment,7414833502895910912,"Awesome on the achievement and congratulations on the new baby. Anyway, Setel is a proper win—it provides a safe mental space for introverts and those who sometimes want less human interaction for a stress-free refuel 😆. We appreciate that!",https://www.linkedin.com/feed/update/urn:li:ugcPost:7414221338682273793?commentUrn=urn%3Ali%3Acomment%3A%28ugcPost%3A7414221338682273793%2C7414833502895910912%29&dashCommentUrn=urn%3Ali%3Afsd_comment%3A%287414833502895910912%2Curn%3Ali%3AugcPost%3A7414221338682273793%29,https://www.linkedin.com/feed/update/urn:li:activity:7414221339751981075,7414221339751981075,neutral,2026-01-08T01:01:08.036Z,0,0,0,0,0.0,0,
linkedin,comment,7440611133700567040,"The real competitive edge isn't the AI itself, it's understanding how users actually interact with it. Teams that measure adoption patterns and friction points will build better AI products than those just chasing features. Heading to your Substack now, this is exactly the conversation product leaders need.",https://www.linkedin.com/feed/update/urn:li:ugcPost:7414221338682273793?commentUrn=urn%3Ali%3Acomment%3A%28ugcPost%3A7414221338682273793%2C7440611133700567040%29&dashCommentUrn=urn%3Ali%3Afsd_comment%3A%287440611133700567040%2Curn%3Ali%3AugcPost%3A7414221338682273793%29,https://www.linkedin.com/feed/update/urn:li:activity:7414221339751981075,7414221339751981075,neutral,2026-03-20T04:12:14.144Z,0,0,0,0,0.0,0,
linkedin,comment,7461981261398429696,I think most drivers expect to net 2.5k to 3.5k.,https://www.linkedin.com/feed/update/urn:li:activity:7461973959081639936?commentUrn=urn%3Ali%3Acomment%3A%28activity%3A7461973959081639936%2C7461981261398429696%29&dashCommentUrn=urn%3Ali%3Afsd_comment%3A%287461981261398429696%2Curn%3Ali%3Aactivity%3A7461973959081639936%29,https://www.linkedin.com/feed/update/urn:li:activity:7461973959081639936,7461973959081639936,neutral,2026-05-18T03:29:29.625Z,0,0,0,0,0.0,0,
linkedin,comment,7462105912867143680,"Food delivery riders don't ride in Malaysia's heat for leisure. Every one of them is out there because they need the income. Fuel is their single biggest operating cost. A 50L increase is a good start, and hope the government can move faster and go further. These workers cannot wait.",https://www.linkedin.com/feed/update/urn:li:activity:7461973959081639936?commentUrn=urn%3Ali%3Acomment%3A%28activity%3A7461973959081639936%2C7462105912867143680%29&dashCommentUrn=urn%3Ali%3Afsd_comment%3A%287462105912867143680%2Curn%3Ali%3Aactivity%3A7461973959081639936%29,https://www.linkedin.com/feed/update/urn:li:activity:7461973959081639936,7461973959081639936,neutral,2026-05-18T11:44:48.852Z,0,0,0,0,0.0,0,
linkedin,comment,7376521284945563648,Oyen cute! 🐱🐈,https://www.linkedin.com/feed/update/urn:li:ugcPost:7376474052053577729?commentUrn=urn%3Ali%3Acomment%3A%28ugcPost%3A7376474052053577729%2C7376521284945563648%29&dashCommentUrn=urn%3Ali%3Afsd_comment%3A%287376521284945563648%2Curn%3Ali%3AugcPost%3A7376474052053577729%29,https://www.linkedin.com/feed/update/urn:li:activity:7376474135092310017,7376474135092310017,neutral,2025-09-24T07:42:03.470Z,0,0,0,0,0.0,0,
linkedin,comment,7462759849009795073,"Malaysia’s fuel subsidies helped cushion living costs for decades, but they also allowed structural inefficiencies to survive far longer than they should have.

Cheap fuel became a political tool as much as an economic policy. It reduced the urgency to improve public transport, strengthen supply chain efficiency, raise productivity, or address leakages and middle-layer inefficiencies in the economy.

Now, when subsidies are reduced, the real weakness becomes visible immediately — rising food prices, higher logistics costs, and pressure on ordinary households that still depend heavily on road transport.

The uncomfortable reality is that subsidies did not solve the problem. They merely delayed the need to fix it.",https://www.linkedin.com/feed/update/urn:li:ugcPost:7460639697564901376?commentUrn=urn%3Ali%3Acomment%3A%28ugcPost%3A7460639697564901376%2C7462759849009795073%29&dashCommentUrn=urn%3Ali%3Afsd_comment%3A%287462759849009795073%2Curn%3Ali%3AugcPost%3A7460639697564901376%29,https://www.linkedin.com/feed/update/urn:li:activity:7460639853257469952,7460639853257469952,neutral,2026-05-20T07:03:19.378Z,0,0,0,0,0.0,0,
linkedin,comment,7460739481768423424,Thanks a lot to StarBiz Malaysia | Business & Economy for the features  😃 Thanks a lot to Keith Hiew for the write up  😃,https://www.linkedin.com/feed/update/urn:li:ugcPost:7460639697564901376?commentUrn=urn%3Ali%3Acomment%3A%28ugcPost%3A7460639697564901376%2C7460739481768423424%29&dashCommentUrn=urn%3Ali%3Afsd_comment%3A%287460739481768423424%2Curn%3Ali%3AugcPost%3A7460639697564901376%29,https://www.linkedin.com/feed/update/urn:li:activity:7460639853257469952,7460639853257469952,neutral,2026-05-14T17:15:06.290Z,0,0,0,0,0.0,0,
linkedin,comment,7385842222728036352,"Amazing, Fatin Mazura Marzuki",https://www.linkedin.com/feed/update/urn:li:ugcPost:7379532420066426880?commentUrn=urn%3Ali%3Acomment%3A%28ugcPost%3A7379532420066426880%2C7385842222728036352%29&dashCommentUrn=urn%3Ali%3Afsd_comment%3A%287385842222728036352%2Curn%3Ali%3AugcPost%3A7379532420066426880%29,https://www.linkedin.com/feed/update/urn:li:activity:7379532423191040003,7379532423191040003,neutral,2025-10-20T01:00:08.212Z,0,0,0,0,0.0,0,
linkedin,comment,7381294629134118912,Congratulations on the successful nationwide go-live of BUDI95 at BHPetrol! It's inspiring to see the dedication and collaboration that went into this transformation. Kudos to you and your team for their hard work.,https://www.linkedin.com/feed/update/urn:li:ugcPost:7379532420066426880?commentUrn=urn%3Ali%3Acomment%3A%28ugcPost%3A7379532420066426880%2C7381294629134118912%29&dashCommentUrn=urn%3Ali%3Afsd_comment%3A%287381294629134118912%2Curn%3Ali%3AugcPost%3A7379532420066426880%29,https://www.linkedin.com/feed/update/urn:li:activity:7379532423191040003,7379532423191040003,neutral,2025-10-07T11:49:37.409Z,0,0,0,0,0.0,0,
linkedin,comment,7457983762803494912,"Pada sy, isu subsidi ni ada berkait dengan beberapa perkara namun sy pilih isu masalah jem, parking dan pengangkutan awam. Isu jem ni makan berapa banyak minyak ya? Berapa kerugian akibat aktiviti ini? Adakah ini memberikan impak pada subsidi secara signifikan? Kadangkala apa yg berlaku kemungkinan adalah bottleneck ataupun pilihan jalan yg terhad di sesuatu kawasan. Contoh di bandar saujana putra dan telok gong. Kita banyak fokus membina bangunan tapi ada tak fokus kepentingan laluan dan jalan? Setidaknya buffer zone untuk melebarkan jalan pada masa akan datang.

Pengangkutan awam pula merupakan salah satu cara untuk mengurangkan masalah kenderaan di atas jalan namun, adakah ia mencukupi atau berlaku juga kesesakan?

Bagaimana pula isu parking yg menyebabkan kenderaan terpaksa berpusing berkali2? Adakah impaknya besar terhadap subsidi? Cadangan sy dalam perancangan perumahan dan bandar perlu diwujudkan lebih banyak taman rekreasi (Zon Penampan) + Kedai Mudah Alih (Ekonomi Mikro) + Simpanan Jalan (Masa Depan).",https://www.linkedin.com/feed/update/urn:li:ugcPost:7457339014019424256?commentUrn=urn%3Ali%3Acomment%3A%28ugcPost%3A7457339014019424256%2C7457983762803494912%29&dashCommentUrn=urn%3Ali%3Afsd_comment%3A%287457983762803494912%2Curn%3Ali%3AugcPost%3A7457339014019424256%29,https://www.linkedin.com/feed/update/urn:li:activity:7457398758658461697,7457398758658461697,neutral,2026-05-07T02:44:51.690Z,0,0,0,0,0.0,0,
linkedin,comment,7460619240467849216,Takut kalah la tu,https://www.linkedin.com/feed/update/urn:li:activity:7460564724519346176?commentUrn=urn%3Ali%3Acomment%3A%28activity%3A7460564724519346176%2C7460619240467849216%29&dashCommentUrn=urn%3Ali%3Afsd_comment%3A%287460619240467849216%2Curn%3Ali%3Aactivity%3A7460564724519346176%29,https://www.linkedin.com/feed/update/urn:li:activity:7460564724519346176,7460564724519346176,neutral,2026-05-14T09:17:18.530Z,0,0,0,0,0.0,0,
linkedin,comment,7460673712460156929,"Contemplate, see the reaction, shelve the plan, repeat. It is an iterative cycle.",https://www.linkedin.com/feed/update/urn:li:activity:7460564724519346176?commentUrn=urn%3Ali%3Acomment%3A%28activity%3A7460564724519346176%2C7460673712460156929%29&dashCommentUrn=urn%3Ali%3Afsd_comment%3A%287460673712460156929%2Curn%3Ali%3Aactivity%3A7460564724519346176%29,https://www.linkedin.com/feed/update/urn:li:activity:7460564724519346176,7460564724519346176,neutral,2026-05-14T12:53:45.666Z,0,0,0,0,0.0,0,
linkedin,comment,7448637567505309696,Fuhh neobrutalism theme. Nice one bro!,https://www.linkedin.com/feed/update/urn:li:ugcPost:7448075458040242178?commentUrn=urn%3Ali%3Acomment%3A%28ugcPost%3A7448075458040242178%2C7448637567505309696%29&dashCommentUrn=urn%3Ali%3Afsd_comment%3A%287448637567505309696%2Curn%3Ali%3AugcPost%3A7448075458040242178%29,https://www.linkedin.com/feed/update/urn:li:activity:7448195579106492416,7448195579106492416,neutral,2026-04-11T07:46:25.087Z,0,0,0,0,0.0,0,
linkedin,comment,7448701615420702720,Great sharing…Is there any predictive modelling been used..? Since the price for until 16/4…,https://www.linkedin.com/feed/update/urn:li:ugcPost:7448075458040242178?commentUrn=urn%3Ali%3Acomment%3A%28ugcPost%3A7448075458040242178%2C7448701615420702720%29&dashCommentUrn=urn%3Ali%3Afsd_comment%3A%287448701615420702720%2Curn%3Ali%3AugcPost%3A7448075458040242178%29,https://www.linkedin.com/feed/update/urn:li:activity:7448195579106492416,7448195579106492416,neutral,2026-04-11T12:00:55.300Z,0,0,0,0,0.0,0,
linkedin,comment,7388032494425559040,Brilliant 👏👏👏,https://www.linkedin.com/feed/update/urn:li:activity:7385880635720134656?commentUrn=urn%3Ali%3Acomment%3A%28activity%3A7385880635720134656%2C7388032494425559040%29&dashCommentUrn=urn%3Ali%3Afsd_comment%3A%287388032494425559040%2Curn%3Ali%3Aactivity%3A7385880635720134656%29,https://www.linkedin.com/feed/update/urn:li:activity:7385880635720134656,7385880635720134656,neutral,2025-10-26T02:03:29.678Z,0,0,0,0,0.0,0,
linkedin,comment,7390045262544605184,I need some help with this subsidy thing,https://www.linkedin.com/feed/update/urn:li:activity:7385880635720134656?commentUrn=urn%3Ali%3Acomment%3A%28activity%3A7385880635720134656%2C7390045262544605184%29&dashCommentUrn=urn%3Ali%3Afsd_comment%3A%287390045262544605184%2Curn%3Ali%3Aactivity%3A7385880635720134656%29,https://www.linkedin.com/feed/update/urn:li:activity:7385880635720134656,7385880635720134656,neutral,2025-10-31T15:21:30.993Z,0,0,0,0,0.0,0,
linkedin,comment,7402265108363718657,"well deserved, Lew!",https://www.linkedin.com/feed/update/urn:li:activity:7399826940867727360?commentUrn=urn%3Ali%3Acomment%3A%28activity%3A7399826940867727360%2C7402265108363718657%29&dashCommentUrn=urn%3Ali%3Afsd_comment%3A%287402265108363718657%2Curn%3Ali%3Aactivity%3A7399826940867727360%29,https://www.linkedin.com/feed/update/urn:li:activity:7399826940867727360,7399826940867727360,neutral,2025-12-04T08:38:49.269Z,0,0,0,0,0.0,0,
linkedin,comment,7399987256360361984,"puyooh, getting hensem lah brother Goh Joon Sern",https://www.linkedin.com/feed/update/urn:li:activity:7399826940867727360?commentUrn=urn%3Ali%3Acomment%3A%28activity%3A7399826940867727360%2C7399987256360361984%29&dashCommentUrn=urn%3Ali%3Afsd_comment%3A%287399987256360361984%2Curn%3Ali%3Aactivity%3A7399826940867727360%29,https://www.linkedin.com/feed/update/urn:li:activity:7399826940867727360,7399826940867727360,neutral,2025-11-28T01:47:27.032Z,0,0,0,0,0.0,0,
linkedin,comment,7457378312819204096,https://says.com/my/news/removing-budi95-t20-save-govt-rm1-5-million-month-says-economist?utm_source=facebook&utm_medium=fbstatus&utm_campaign=metastatus&fbclid=IwdGRzaARmo9VjbGNrBGajI2V4dG4DYWVtAjExAHNydGMGYXBwX2lkDDM1MDY4NTUzMTcyOAABHoMeRrz90lA9FWn9eRR8K0Us-i9MOb-qouz6TFrHb2Cxrm5tnr0xR0pLoKbt_aem_Utd0CxKwDEkdMhdBlHL18A&sfnsn=wa,https://www.linkedin.com/feed/update/urn:li:activity:7457378076587618304?commentUrn=urn%3Ali%3Acomment%3A%28activity%3A7457378076587618304%2C7457378312819204096%29&dashCommentUrn=urn%3Ali%3Afsd_comment%3A%287457378312819204096%2Curn%3Ali%3Aactivity%3A7457378076587618304%29,https://www.linkedin.com/feed/update/urn:li:activity:7457378076587618304,7457378076587618304,neutral,2026-05-05T10:39:01.165Z,0,0,0,0,0.0,0,
linkedin,comment,7404030469488766976,"""We built this for millions, and it's wonderful to see the positive impact it's having.""",https://www.linkedin.com/feed/update/urn:li:activity:7381371001407823874?commentUrn=urn%3Ali%3Acomment%3A%28activity%3A7381371001407823874%2C7404030469488766976%29&dashCommentUrn=urn%3Ali%3Afsd_comment%3A%287404030469488766976%2Curn%3Ali%3Aactivity%3A7381371001407823874%29,https://www.linkedin.com/feed/update/urn:li:activity:7381371001407823874,7381371001407823874,neutral,2025-12-09T05:33:44.161Z,0,0,0,0,0.0,0,
linkedin,comment,7420234183983251457,Only the beginning Kok Chiann (KC). Keep pushing the boundaries. It’s is not SETEL-ed yet.,https://www.linkedin.com/feed/update/urn:li:ugcPost:7411930072082731008?commentUrn=urn%3Ali%3Acomment%3A%28ugcPost%3A7411930072082731008%2C7420234183983251457%29&dashCommentUrn=urn%3Ali%3Afsd_comment%3A%287420234183983251457%2Curn%3Ali%3AugcPost%3A7411930072082731008%29,https://www.linkedin.com/feed/update/urn:li:activity:7411941706075578368,7411941706075578368,neutral,2026-01-22T22:41:30.747Z,0,0,0,0,0.0,0,
linkedin,comment,7412396091947577344,LOVE Seeing those photos. I was just in singapore. Next time I’d love to come to KL for the day and meet the team. WDYT??,https://www.linkedin.com/feed/update/urn:li:ugcPost:7411930072082731008?commentUrn=urn%3Ali%3Acomment%3A%28ugcPost%3A7411930072082731008%2C7412396091947577344%29&dashCommentUrn=urn%3Ali%3Afsd_comment%3A%287412396091947577344%2Curn%3Ali%3AugcPost%3A7411930072082731008%29,https://www.linkedin.com/feed/update/urn:li:activity:7411941706075578368,7411941706075578368,neutral,2026-01-01T07:35:43.981Z,0,0,0,0,0.0,0,
linkedin,comment,7387155111233478656,"mammoth undertaking. Not surprising that Shell can pull this off - process, structure, discipline & organisation coupled with participatory leadership.",https://www.linkedin.com/feed/update/urn:li:ugcPost:7378779119230242816?commentUrn=urn%3Ali%3Acomment%3A%28ugcPost%3A7378779119230242816%2C7387155111233478656%29&dashCommentUrn=urn%3Ali%3Afsd_comment%3A%287387155111233478656%2Curn%3Ali%3AugcPost%3A7378779119230242816%29,https://www.linkedin.com/feed/update/urn:li:activity:7378779120169570304,7378779120169570304,neutral,2025-10-23T15:57:05.224Z,0,0,0,0,0.0,0,
linkedin,comment,7384830728074813441,Well done,https://www.linkedin.com/feed/update/urn:li:ugcPost:7378779119230242816?commentUrn=urn%3Ali%3Acomment%3A%28ugcPost%3A7378779119230242816%2C7384830728074813441%29&dashCommentUrn=urn%3Ali%3Afsd_comment%3A%287384830728074813441%2Curn%3Ali%3AugcPost%3A7378779119230242816%29,https://www.linkedin.com/feed/update/urn:li:activity:7378779120169570304,7378779120169570304,neutral,2025-10-17T06:00:49.093Z,0,0,0,0,0.0,0,
linkedin,comment,7379330517088796672,"As a frequent Setel user, I agree to this statement. And lovin' the 3x Mesra points where I always aim to hit 280 points every month 😎",https://www.linkedin.com/feed/update/urn:li:ugcPost:7379076447128379393?commentUrn=urn%3Ali%3Acomment%3A%28ugcPost%3A7379076447128379393%2C7379330517088796672%29&dashCommentUrn=urn%3Ali%3Afsd_comment%3A%287379330517088796672%2Curn%3Ali%3AugcPost%3A7379076447128379393%29,https://www.linkedin.com/feed/update/urn:li:activity:7379076448260644864,7379076448260644864,neutral,2025-10-02T01:44:56.606Z,0,0,0,0,0.0,0,
linkedin,comment,7378655182274011136,Mine didn't work. 'Tak ada rekod'☹️,https://www.linkedin.com/feed/update/urn:li:ugcPost:7378608457035206657?commentUrn=urn%3Ali%3Acomment%3A%28ugcPost%3A7378608457035206657%2C7378655182274011136%29&dashCommentUrn=urn%3Ali%3Afsd_comment%3A%287378655182274011136%2Curn%3Ali%3AugcPost%3A7378608457035206657%29,https://www.linkedin.com/feed/update/urn:li:activity:7378608458159476736,7378608458159476736,neutral,2025-09-30T05:01:24.239Z,0,0,0,0,0.0,0,
linkedin,comment,7378735355648339968,"Petronas requires the credit card first, then only MyKad. When fuelling, take note that the price displayed is the nominal price. You'll only get to see the actual amount charged, and the subsidy amount in the receipt, after completing the fuelling process.",https://www.linkedin.com/feed/update/urn:li:ugcPost:7378608457035206657?commentUrn=urn%3Ali%3Acomment%3A%28ugcPost%3A7378608457035206657%2C7378735355648339968%29&dashCommentUrn=urn%3Ali%3Afsd_comment%3A%287378735355648339968%2Curn%3Ali%3AugcPost%3A7378608457035206657%29,https://www.linkedin.com/feed/update/urn:li:activity:7378608458159476736,7378608458159476736,neutral,2025-09-30T10:19:59.061Z,0,0,0,0,0.0,0,
linkedin,comment,7376929092618809344,"Great initiative, Alan! 
Proud to see TNG Digital playing a key role in the Budi95 National project—making fuel access simpler, faster, and more inclusive for all Malaysians. Leveraging 100% verified users to skip physical MyKad checks and supporting all petrol stations truly embodies #BuiltForAll and #TrustedByAll.
Convenience, trust, and nationwide accessibility—this is digital public infrastructure done right!",https://www.linkedin.com/feed/update/urn:li:activity:7376225587385974784?commentUrn=urn%3Ali%3Acomment%3A%28activity%3A7376225587385974784%2C7376929092618809344%29&dashCommentUrn=urn%3Ali%3Afsd_comment%3A%287376929092618809344%2Curn%3Ali%3Aactivity%3A7376225587385974784%29,https://www.linkedin.com/feed/update/urn:li:activity:7376225587385974784,7376225587385974784,neutral,2025-09-25T10:42:32.396Z,0,0,0,0,0.0,0,
linkedin,comment,7376537357187063808,"This is really great function, might switching my petrol expenses to tng wallet from S***l wallet",https://www.linkedin.com/feed/update/urn:li:activity:7376225587385974784?commentUrn=urn%3Ali%3Acomment%3A%28activity%3A7376225587385974784%2C7376537357187063808%29&dashCommentUrn=urn%3Ali%3Afsd_comment%3A%287376537357187063808%2Curn%3Ali%3Aactivity%3A7376225587385974784%29,https://www.linkedin.com/feed/update/urn:li:activity:7376225587385974784,7376225587385974784,neutral,2025-09-24T08:45:55.391Z,0,0,0,0,0.0,0,
linkedin,comment,7450451066254426113,"A dangerous side effect, all other prices are measured against the price per litre, with the standard reply ‘so expensive ah’, while barely looking up from the latest smartphone.",https://www.linkedin.com/feed/update/urn:li:activity:7450143432288923648?commentUrn=urn%3Ali%3Acomment%3A%28activity%3A7450143432288923648%2C7450451066254426113%29&dashCommentUrn=urn%3Ali%3Afsd_comment%3A%287450451066254426113%2Curn%3Ali%3Aactivity%3A7450143432288923648%29,https://www.linkedin.com/feed/update/urn:li:activity:7450143432288923648,7450143432288923648,neutral,2026-04-16T07:52:36.882Z,0,0,0,0,0.0,0,
linkedin,comment,7451789499363221504,"Adrian Ung Guess we are going back to what my late grandma used to say: ""rationing era"".",https://www.linkedin.com/feed/update/urn:li:activity:7450143432288923648?commentUrn=urn%3Ali%3Acomment%3A%28activity%3A7450143432288923648%2C7451789499363221504%29&dashCommentUrn=urn%3Ali%3Afsd_comment%3A%287451789499363221504%2Curn%3Ali%3Aactivity%3A7450143432288923648%29,https://www.linkedin.com/feed/update/urn:li:activity:7450143432288923648,7450143432288923648,neutral,2026-04-20T00:31:04.203Z,0,0,0,0,0.0,0,
linkedin,comment,7392820152414896128,"Hopefully, the limit won’t be reviewed and reduced.",https://www.linkedin.com/feed/update/urn:li:activity:7391044177616195584?commentUrn=urn%3Ali%3Acomment%3A%28activity%3A7391044177616195584%2C7392820152414896128%29&dashCommentUrn=urn%3Ali%3Afsd_comment%3A%287392820152414896128%2Curn%3Ali%3Aactivity%3A7391044177616195584%29,https://www.linkedin.com/feed/update/urn:li:activity:7391044177616195584,7391044177616195584,neutral,2025-11-08T07:07:56.292Z,0,0,0,0,0.0,0,
linkedin,comment,7392735733272363008,Habis diguna juga sebelum cukup bulan,https://www.linkedin.com/feed/update/urn:li:activity:7391044177616195584?commentUrn=urn%3Ali%3Acomment%3A%28activity%3A7391044177616195584%2C7392735733272363008%29&dashCommentUrn=urn%3Ali%3Afsd_comment%3A%287392735733272363008%2Curn%3Ali%3Aactivity%3A7391044177616195584%29,https://www.linkedin.com/feed/update/urn:li:activity:7391044177616195584,7391044177616195584,neutral,2025-11-08T01:32:29.200Z,0,0,0,0,0.0,0,
linkedin,comment,7381100471538630656,"Dear Iris
My apologies for sending this here bu i'm exhausted of other option.

I hope this message finds you well. I am writing to inquire about the status of my previous request, as I have not yet received any communication from your team.
I visited the counter at Bangsar South last Friday, October 3rd, hoping to discuss my request in person. Unfortunately, I was unable to speak with anyone who could assist me. 
I was informed that all communications should occur via email, and now, three days later, I still have not received a response.
For your reference, my first email regarding this matter was sent on September 29th. As of today, October 7th, I have yet to hear back from anyone at Touch & Go. 
This delay is quite disappointing, especially considering I am trying to facilitate a sale of nearly 50K without any assistance from your team.
I plan to escalate this matter to upper management along with the email trail to highlight the inefficiencies in your response process. 
It would take just a minute to reply to this email, and it’s frustrating that it hasn’t been done yet.
All I request is a simple response to clarify whether my request can be fulfilled or not. 
Thank you for your attention to this matter. Case Ref  (16636428)",https://www.linkedin.com/feed/update/urn:li:ugcPost:7378978290872565760?commentUrn=urn%3Ali%3Acomment%3A%28ugcPost%3A7378978290872565760%2C7381100471538630656%29&dashCommentUrn=urn%3Ali%3Afsd_comment%3A%287381100471538630656%2Curn%3Ali%3AugcPost%3A7378978290872565760%29,https://www.linkedin.com/feed/update/urn:li:activity:7379002138015952896,7379002138015952896,neutral,2025-10-06T22:58:06.631Z,0,0,0,0,0.0,0,
linkedin,comment,7381265278594232321,👍👌,https://www.linkedin.com/feed/update/urn:li:ugcPost:7381217596966293504?commentUrn=urn%3Ali%3Acomment%3A%28ugcPost%3A7381217596966293504%2C7381265278594232321%29&dashCommentUrn=urn%3Ali%3Afsd_comment%3A%287381265278594232321%2Curn%3Ali%3AugcPost%3A7381217596966293504%29,https://www.linkedin.com/feed/update/urn:li:activity:7381217598056693760,7381217598056693760,neutral,2025-10-07T09:52:59.695Z,0,0,0,0,0.0,0,
linkedin,comment,7379076580041617409,Must learn to hide facial subtitles lol,https://www.linkedin.com/feed/update/urn:li:activity:7378051289240485888?commentUrn=urn%3Ali%3Acomment%3A%28activity%3A7378051289240485888%2C7379076580041617409%29&dashCommentUrn=urn%3Ali%3Afsd_comment%3A%287379076580041617409%2Curn%3Ali%3Aactivity%3A7378051289240485888%29,https://www.linkedin.com/feed/update/urn:li:activity:7378051289240485888,7378051289240485888,neutral,2025-10-01T08:55:53.296Z,0,0,0,0,0.0,0,
linkedin,comment,7378068863655219200,Hows it feels to be in front camera? We used to ask questions right 😂,https://www.linkedin.com/feed/update/urn:li:activity:7378051289240485888?commentUrn=urn%3Ali%3Acomment%3A%28activity%3A7378051289240485888%2C7378068863655219200%29&dashCommentUrn=urn%3Ali%3Afsd_comment%3A%287378068863655219200%2Curn%3Ali%3Aactivity%3A7378051289240485888%29,https://www.linkedin.com/feed/update/urn:li:activity:7378051289240485888,7378051289240485888,neutral,2025-09-28T14:11:34.986Z,0,0,0,0,0.0,0,
linkedin,comment,7380190557454848000,Thank u for your support Chai Peng!,https://www.linkedin.com/feed/update/urn:li:ugcPost:7379782658836398080?commentUrn=urn%3Ali%3Acomment%3A%28ugcPost%3A7379782658836398080%2C7380190557454848000%29&dashCommentUrn=urn%3Ali%3Afsd_comment%3A%287380190557454848000%2Curn%3Ali%3AugcPost%3A7379782658836398080%29,https://www.linkedin.com/feed/update/urn:li:activity:7379782660027723776,7379782660027723776,neutral,2025-10-04T10:42:26.208Z,0,0,0,0,0.0,0,
linkedin,comment,7380062466430607360,"Congratulations Chai Peng Teh and team Complete Human Network on a successful project with PETRONAS.

I’m glad Jamf could play a part in this important initiative 👌",https://www.linkedin.com/feed/update/urn:li:ugcPost:7379782658836398080?commentUrn=urn%3Ali%3Acomment%3A%28ugcPost%3A7379782658836398080%2C7380062466430607360%29&dashCommentUrn=urn%3Ali%3Afsd_comment%3A%287380062466430607360%2Curn%3Ali%3AugcPost%3A7379782658836398080%29,https://www.linkedin.com/feed/update/urn:li:activity:7379782660027723776,7379782660027723776,neutral,2025-10-04T02:13:26.928Z,0,0,0,0,0.0,0,
linkedin,comment,7399769082268610560,Congratulations team Malaysia ❤️,https://www.linkedin.com/feed/update/urn:li:ugcPost:7399389684554199040?commentUrn=urn%3Ali%3Acomment%3A%28ugcPost%3A7399389684554199040%2C7399769082268610560%29&dashCommentUrn=urn%3Ali%3Afsd_comment%3A%287399769082268610560%2Curn%3Ali%3AugcPost%3A7399389684554199040%29,https://www.linkedin.com/feed/update/urn:li:activity:7399389686378455040,7399389686378455040,neutral,2025-11-27T11:20:30.274Z,0,0,0,0,0.0,0,
linkedin,comment,7399417339256987648,Congratulations,https://www.linkedin.com/feed/update/urn:li:ugcPost:7399389684554199040?commentUrn=urn%3Ali%3Acomment%3A%28ugcPost%3A7399389684554199040%2C7399417339256987648%29&dashCommentUrn=urn%3Ali%3Afsd_comment%3A%287399417339256987648%2Curn%3Ali%3AugcPost%3A7399389684554199040%29,https://www.linkedin.com/feed/update/urn:li:activity:7399389686378455040,7399389686378455040,neutral,2025-11-26T12:02:48.205Z,0,0,0,0,0.0,0,
linkedin,comment,7383525064132145152,indeed 🫡,https://www.linkedin.com/feed/update/urn:li:ugcPost:7383456852182822912?commentUrn=urn%3Ali%3Acomment%3A%28ugcPost%3A7383456852182822912%2C7383525064132145152%29&dashCommentUrn=urn%3Ali%3Afsd_comment%3A%287383525064132145152%2Curn%3Ali%3AugcPost%3A7383456852182822912%29,https://www.linkedin.com/feed/update/urn:li:activity:7383456853390897152,7383456853390897152,neutral,2025-10-13T15:32:34.552Z,0,0,0,0,0.0,0,
linkedin,comment,7461795699509239808,this really a good option from weekends work person.,https://www.linkedin.com/feed/update/urn:li:ugcPost:7461709161131655169?commentUrn=urn%3Ali%3Acomment%3A%28ugcPost%3A7461709161131655169%2C7461795699509239808%29&dashCommentUrn=urn%3Ali%3Afsd_comment%3A%287461795699509239808%2Curn%3Ali%3AugcPost%3A7461709161131655169%29,https://www.linkedin.com/feed/update/urn:li:activity:7461709161978834944,7461709161978834944,neutral,2026-05-17T15:12:08.224Z,0,0,0,0,0.0,0,
linkedin,comment,7380843053370183680,How long is this going for ie 1 month ONLY(market noise) or until the expiry date is announced???,https://www.linkedin.com/feed/update/urn:li:ugcPost:7376455707291873282?commentUrn=urn%3Ali%3Acomment%3A%28ugcPost%3A7376455707291873282%2C7380843053370183680%29&dashCommentUrn=urn%3Ali%3Afsd_comment%3A%287380843053370183680%2Curn%3Ali%3AugcPost%3A7376455707291873282%29,https://www.linkedin.com/feed/update/urn:li:activity:7376455708634107905,7376455708634107905,neutral,2025-10-06T05:55:13.356Z,0,0,0,0,0.0,0,
linkedin,comment,7380848878465703937,Subsidize rich top 10% is like giving money to rich Israel to do as they please.,https://www.linkedin.com/feed/update/urn:li:ugcPost:7376455707291873282?commentUrn=urn%3Ali%3Acomment%3A%28ugcPost%3A7376455707291873282%2C7380848878465703937%29&dashCommentUrn=urn%3Ali%3Afsd_comment%3A%287380848878465703937%2Curn%3Ali%3AugcPost%3A7376455707291873282%29,https://www.linkedin.com/feed/update/urn:li:activity:7376455708634107905,7376455708634107905,neutral,2025-10-06T06:18:22.168Z,0,0,0,0,0.0,0,
linkedin,comment,7425492635576070144,"Does sales engineer can answer ""Sell me this pen"" in an engineering way?",https://www.linkedin.com/feed/update/urn:li:activity:7425457378738724864?commentUrn=urn%3Ali%3Acomment%3A%28activity%3A7425457378738724864%2C7425492635576070144%29&dashCommentUrn=urn%3Ali%3Afsd_comment%3A%287425492635576070144%2Curn%3Ali%3Aactivity%3A7425457378738724864%29,https://www.linkedin.com/feed/update/urn:li:activity:7425457378738724864,7425457378738724864,neutral,2026-02-06T10:56:43.304Z,0,0,0,0,0.0,0,
linkedin,comment,7425462423077273601,Stamina is one of the many things that a Sales Engineer definitely needs,https://www.linkedin.com/feed/update/urn:li:activity:7425457378738724864?commentUrn=urn%3Ali%3Acomment%3A%28activity%3A7425457378738724864%2C7425462423077273601%29&dashCommentUrn=urn%3Ali%3Afsd_comment%3A%287425462423077273601%2Curn%3Ali%3Aactivity%3A7425457378738724864%29,https://www.linkedin.com/feed/update/urn:li:activity:7425457378738724864,7425457378738724864,neutral,2026-02-06T08:56:40.083Z,0,0,0,0,0.0,0,
linkedin,comment,7381334102265851905,"Sample #Budi95 Petrol Subsidy receipt...

🔢 Given:

Prepaid amount: RM40.00
Market price: RM2.60/litre
Subsidised price (BUDI95): RM1.99/litre

For my RM40 prepaid, I actually received RM52.26 value — that’s a ""bonus"" of RM12.26 (+30.6%) or 4.72L extra fuel (+30.7%).

Thanks to the new #BUDI95 subsidy! 💳⛽🇲🇾",https://www.linkedin.com/feed/update/urn:li:ugcPost:7381329391886155776?commentUrn=urn%3Ali%3Acomment%3A%28ugcPost%3A7381329391886155776%2C7381334102265851905%29&dashCommentUrn=urn%3Ali%3Afsd_comment%3A%287381334102265851905%2Curn%3Ali%3AugcPost%3A7381329391886155776%29,https://www.linkedin.com/feed/update/urn:li:activity:7381329393102602240,7381329393102602240,neutral,2025-10-07T14:26:28.537Z,0,0,0,0,0.0,0,
linkedin,comment,7383128514889179136,"Can’t agree more Doc. 
And the shutdown of the Langkawi loophole was a pleasant surprise. It should have been done years ago. Syabas.",https://www.linkedin.com/feed/update/urn:li:ugcPost:7382839025004576768?commentUrn=urn%3Ali%3Acomment%3A%28ugcPost%3A7382839025004576768%2C7383128514889179136%29&dashCommentUrn=urn%3Ali%3Afsd_comment%3A%287383128514889179136%2Curn%3Ali%3AugcPost%3A7382839025004576768%29,https://www.linkedin.com/feed/update/urn:li:activity:7382839026011209728,7382839026011209728,neutral,2025-10-12T13:16:49.844Z,0,0,0,0,0.0,0,
linkedin,comment,7383285602806534145,I guess you can call it a Man to Man talk...,https://www.linkedin.com/feed/update/urn:li:ugcPost:7382839025004576768?commentUrn=urn%3Ali%3Acomment%3A%28ugcPost%3A7382839025004576768%2C7383285602806534145%29&dashCommentUrn=urn%3Ali%3Afsd_comment%3A%287383285602806534145%2Curn%3Ali%3AugcPost%3A7382839025004576768%29,https://www.linkedin.com/feed/update/urn:li:activity:7382839026011209728,7382839026011209728,neutral,2025-10-12T23:41:02.523Z,0,0,0,0,0.0,0,
linkedin,comment,7385985947147902976,"Thank you, Dr, for such a well written and insightful article!",https://www.linkedin.com/feed/update/urn:li:activity:7380486262601744384?commentUrn=urn%3Ali%3Acomment%3A%28activity%3A7380486262601744384%2C7385985947147902976%29&dashCommentUrn=urn%3Ali%3Afsd_comment%3A%287385985947147902976%2Curn%3Ali%3Aactivity%3A7380486262601744384%29,https://www.linkedin.com/feed/update/urn:li:activity:7380486262601744384,7380486262601744384,neutral,2025-10-20T10:31:14.784Z,0,0,0,0,0.0,0,
linkedin,comment,7442758059443204097,"While it helps manage national spending, the impact on daily expenses for consumers will definitely be felt, especially riders and delivery drivers. Wishing an end to the never-ending war in the Middle East 🙏. For all of our sake.",https://www.linkedin.com/feed/update/urn:li:activity:7442622562460860416?commentUrn=urn%3Ali%3Acomment%3A%28activity%3A7442622562460860416%2C7442758059443204097%29&dashCommentUrn=urn%3Ali%3Afsd_comment%3A%287442758059443204097%2Curn%3Ali%3Aactivity%3A7442622562460860416%29,https://www.linkedin.com/feed/update/urn:li:activity:7442622562460860416,7442622562460860416,neutral,2026-03-26T02:23:21.130Z,0,0,0,0,0.0,0,
linkedin,comment,7380072070560477184,I pumped for the first time after the price change. Terkejut see how come my tank lebih than rm100.. Syukur ada subsidi.. kejap lagi PRU la ni...,https://www.linkedin.com/feed/update/urn:li:activity:7379928812010205184?commentUrn=urn%3Ali%3Acomment%3A%28activity%3A7379928812010205184%2C7380072070560477184%29&dashCommentUrn=urn%3Ali%3Afsd_comment%3A%287380072070560477184%2Curn%3Ali%3Aactivity%3A7379928812010205184%29,https://www.linkedin.com/feed/update/urn:li:activity:7379928812010205184,7379928812010205184,neutral,2025-10-04T02:51:36.730Z,0,0,0,0,0.0,0,
linkedin,comment,7393242849275908096,Very brilliant political economy thought👏🏾👏🏾👏🏾👏🏾 I did not agree with higher subsidy given that we are trying to fight climate disaster but the path recommend will be the most viable option for everybody 🙌🏾🙌🏾💯,https://www.linkedin.com/feed/update/urn:li:activity:7393146112938827776?commentUrn=urn%3Ali%3Acomment%3A%28activity%3A7393146112938827776%2C7393242849275908096%29&dashCommentUrn=urn%3Ali%3Afsd_comment%3A%287393242849275908096%2Curn%3Ali%3Aactivity%3A7393146112938827776%29,https://www.linkedin.com/feed/update/urn:li:activity:7393146112938827776,7393146112938827776,neutral,2025-11-09T11:07:35.078Z,0,0,0,0,0.0,0,
linkedin,comment,7385083648372465664,"I like your repost, and would like to address the 2nd item: Why include T15 group in BUDI95, especially for SME entities.

For a SME, I feel that it is fair. Every Malaysian contributes to the economy and welfare of our beloved country. However, SMEs are faced with many challenges, take for example in order of high to low: Income Tax, EPF & Perkeso Contribution, HRDF contribution, Group Life Insurance Protection. 

Our neighbour, Singapore gets so many perks to help their SMEs stay relevant with technology, direct from government with no 3rd party involved.

My point is: look at the bigger picture. 
Btw, I didnt watch the BFM interview yet at the time of writing this comment.",https://www.linkedin.com/feed/update/urn:li:ugcPost:7383749590069649408?commentUrn=urn%3Ali%3Acomment%3A%28ugcPost%3A7383749590069649408%2C7385083648372465664%29&dashCommentUrn=urn%3Ali%3Afsd_comment%3A%287385083648372465664%2Curn%3Ali%3AugcPost%3A7383749590069649408%29,https://www.linkedin.com/feed/update/urn:li:activity:7383750439067930624,7383750439067930624,neutral,2025-10-17T22:45:49.992Z,0,0,0,0,0.0,0,
linkedin,comment,7375740454006550528,Any similar deals for privately registered diesel vehicles?,https://www.linkedin.com/feed/update/urn:li:ugcPost:7375702093577273344?commentUrn=urn%3Ali%3Acomment%3A%28ugcPost%3A7375702093577273344%2C7375740454006550528%29&dashCommentUrn=urn%3Ali%3Afsd_comment%3A%287375740454006550528%2Curn%3Ali%3AugcPost%3A7375702093577273344%29,https://www.linkedin.com/feed/update/urn:li:activity:7375702094747643906,7375702094747643906,neutral,2025-09-22T03:59:18.867Z,0,0,0,0,0.0,0,
linkedin,comment,7376629947907395584,"Amir Hamzah Azizan, gov already knew on average malaysians utilise 140 litres per month. Why do gov approved 300 litres per month?
Isn't this creating more leakages for some unscrupulous individuals to sell their unutilised portion?
We would believe approving it at 160 litres is more meaningful and allow for more savings and to further reduce Msia fiscal deficit.
We expect more from the appointed minister to implement policy with wisdom.",https://www.linkedin.com/feed/update/urn:li:ugcPost:7376248661669949440?commentUrn=urn%3Ali%3Acomment%3A%28ugcPost%3A7376248661669949440%2C7376629947907395584%29&dashCommentUrn=urn%3Ali%3Afsd_comment%3A%287376629947907395584%2Curn%3Ali%3AugcPost%3A7376248661669949440%29,https://www.linkedin.com/feed/update/urn:li:activity:7376249122603012096,7376249122603012096,neutral,2025-09-24T14:53:50.738Z,0,0,0,0,0.0,0,
linkedin,comment,7465314907056640000,عيدكم مبارك,https://www.linkedin.com/feed/update/urn:li:ugcPost:7465291539792068608?commentUrn=urn%3Ali%3Acomment%3A%28ugcPost%3A7465291539792068608%2C7465314907056640000%29&dashCommentUrn=urn%3Ali%3Afsd_comment%3A%287465314907056640000%2Curn%3Ali%3AugcPost%3A7465291539792068608%29,https://www.linkedin.com/feed/update/urn:li:activity:7465291586659045377,7465291586659045377,neutral,2026-05-27T08:16:12.687Z,0,0,0,0,0.0,0,
linkedin,comment,7377877265738584065,🔥🔥🔥,https://www.linkedin.com/feed/update/urn:li:ugcPost:7377531497521561601?commentUrn=urn%3Ali%3Acomment%3A%28ugcPost%3A7377531497521561601%2C7377877265738584065%29&dashCommentUrn=urn%3Ali%3Afsd_comment%3A%287377877265738584065%2Curn%3Ali%3AugcPost%3A7377531497521561601%29,https://www.linkedin.com/feed/update/urn:li:activity:7377531498431832064,7377531498431832064,neutral,2025-09-28T01:30:14.484Z,0,0,0,0,0.0,0,
linkedin,comment,7377615073097404416,Looking good Aliff,https://www.linkedin.com/feed/update/urn:li:ugcPost:7377531497521561601?commentUrn=urn%3Ali%3Acomment%3A%28ugcPost%3A7377531497521561601%2C7377615073097404416%29&dashCommentUrn=urn%3Ali%3Afsd_comment%3A%287377615073097404416%2Curn%3Ali%3AugcPost%3A7377531497521561601%29,https://www.linkedin.com/feed/update/urn:li:activity:7377531498431832064,7377531498431832064,neutral,2025-09-27T08:08:22.887Z,0,0,0,0,0.0,0,
linkedin,comment,7412024066166980608,Happy new year and to a stronger future in 2026. Thanks and well done TNGD management & staff.,https://www.linkedin.com/feed/update/urn:li:ugcPost:7406606620551479296?commentUrn=urn%3Ali%3Acomment%3A%28ugcPost%3A7406606620551479296%2C7412024066166980608%29&dashCommentUrn=urn%3Ali%3Afsd_comment%3A%287412024066166980608%2Curn%3Ali%3AugcPost%3A7406606620551479296%29,https://www.linkedin.com/feed/update/urn:li:activity:7411979434846498817,7411979434846498817,neutral,2025-12-31T06:57:26.123Z,0,0,0,0,0.0,0,
linkedin,comment,7419021371164413952,yeky314@gmail.com,https://www.linkedin.com/feed/update/urn:li:ugcPost:7406606620551479296?commentUrn=urn%3Ali%3Acomment%3A%28ugcPost%3A7406606620551479296%2C7419021371164413952%29&dashCommentUrn=urn%3Ali%3Afsd_comment%3A%287419021371164413952%2Curn%3Ali%3AugcPost%3A7406606620551479296%29,https://www.linkedin.com/feed/update/urn:li:activity:7411979434846498817,7411979434846498817,neutral,2026-01-19T14:22:13.638Z,0,0,0,0,0.0,0,
linkedin,comment,7375757322641408000,More for the people… much love 🥰,https://www.linkedin.com/feed/update/urn:li:activity:7375753400313032704?commentUrn=urn%3Ali%3Acomment%3A%28activity%3A7375753400313032704%2C7375757322641408000%29&dashCommentUrn=urn%3Ali%3Afsd_comment%3A%287375757322641408000%2Curn%3Ali%3Aactivity%3A7375753400313032704%29,https://www.linkedin.com/feed/update/urn:li:activity:7375753400313032704,7375753400313032704,neutral,2025-09-22T05:06:20.663Z,0,0,0,0,0.0,0,
linkedin,comment,7379718035101851648,"Ron 97 masih harga asal rm3 
++
Rm2.60 untuk ron 95 tanpa subsidi",https://www.linkedin.com/feed/update/urn:li:activity:7378944079952453632?commentUrn=urn%3Ali%3Acomment%3A%28activity%3A7378944079952453632%2C7379718035101851648%29&dashCommentUrn=urn%3Ali%3Afsd_comment%3A%287379718035101851648%2Curn%3Ali%3Aactivity%3A7378944079952453632%29,https://www.linkedin.com/feed/update/urn:li:activity:7378944079952453632,7378944079952453632,neutral,2025-10-03T03:24:48.100Z,0,0,0,0,0.0,0,
linkedin,comment,7379330679974653952,"Izinkan saya buat sedikit pembetulan. Harga sebelum subsidi adalah RM 2.60 seliter, bukan RM 2.05 seliter ya.",https://www.linkedin.com/feed/update/urn:li:activity:7379132521201983488?commentUrn=urn%3Ali%3Acomment%3A%28activity%3A7379132521201983488%2C7379330679974653952%29&dashCommentUrn=urn%3Ali%3Afsd_comment%3A%287379330679974653952%2Curn%3Ali%3Aactivity%3A7379132521201983488%29,https://www.linkedin.com/feed/update/urn:li:activity:7379132521201983488,7379132521201983488,neutral,2025-10-02T01:45:35.440Z,0,0,0,0,0.0,0,
linkedin,comment,7442952784662044672,Painfull.,https://www.linkedin.com/feed/update/urn:li:activity:7442907444852477952?commentUrn=urn%3Ali%3Acomment%3A%28activity%3A7442907444852477952%2C7442952784662044672%29&dashCommentUrn=urn%3Ali%3Afsd_comment%3A%287442952784662044672%2Curn%3Ali%3Aactivity%3A7442907444852477952%29,https://www.linkedin.com/feed/update/urn:li:activity:7442907444852477952,7442907444852477952,neutral,2026-03-26T15:17:07.240Z,0,0,0,0,0.0,0,
linkedin,comment,7442907528247635969,https://www.thestar.com.my/news/nation/2026/03/26/budi95-ceiling-limit-for-e-hailing-gig-workers-retained-says-anwar,https://www.linkedin.com/feed/update/urn:li:activity:7442907444852477952?commentUrn=urn%3Ali%3Acomment%3A%28activity%3A7442907444852477952%2C7442907528247635969%29&dashCommentUrn=urn%3Ali%3Afsd_comment%3A%287442907528247635969%2Curn%3Ali%3Aactivity%3A7442907444852477952%29,https://www.linkedin.com/feed/update/urn:li:activity:7442907444852477952,7442907444852477952,neutral,2026-03-26T12:17:17.270Z,0,0,0,0,0.0,0,
linkedin,comment,6752800682132168704,مبارک باشه,https://www.linkedin.com/feed/update/urn:li:activity:6751197407909863424?commentUrn=urn%3Ali%3Acomment%3A%28activity%3A6751197407909863424%2C6752800682132168704%29&dashCommentUrn=urn%3Ali%3Afsd_comment%3A%286752800682132168704%2Curn%3Ali%3Aactivity%3A6751197407909863424%29,https://www.linkedin.com/feed/update/urn:li:activity:6751197407909863424,6751197407909863424,neutral,2021-01-07T04:19:03.591Z,0,0,0,0,0.0,0,
linkedin,comment,7386415784190885889,"Like you, I was also sceptical at first. But happy to be proven wrong Jonah S.",https://www.linkedin.com/feed/update/urn:li:activity:7386223598904143872?commentUrn=urn%3Ali%3Acomment%3A%28activity%3A7386223598904143872%2C7386415784190885889%29&dashCommentUrn=urn%3Ali%3Afsd_comment%3A%287386415784190885889%2Curn%3Ali%3Aactivity%3A7386223598904143872%29,https://www.linkedin.com/feed/update/urn:li:activity:7386223598904143872,7386223598904143872,neutral,2025-10-21T14:59:15.921Z,0,0,0,0,0.0,0,
linkedin,comment,7386399047500165120,"Enjoyed every bit of BUDI 95, Jonah S..

Now need to review how much saved only from petrol, plus carpooling arrangements.",https://www.linkedin.com/feed/update/urn:li:activity:7386223598904143872?commentUrn=urn%3Ali%3Acomment%3A%28activity%3A7386223598904143872%2C7386399047500165120%29&dashCommentUrn=urn%3Ali%3Afsd_comment%3A%287386399047500165120%2Curn%3Ali%3Aactivity%3A7386223598904143872%29,https://www.linkedin.com/feed/update/urn:li:activity:7386223598904143872,7386223598904143872,neutral,2025-10-21T13:52:45.583Z,0,0,0,0,0.0,0,
