Platform,Type,ID,Text,URL,Parent_Post_URL,Parent_Post_ID,Sentiment,Date,likes,shares,comments_count,views,sentiment_score,total_engagement,engagement_score,author,author_followers
instagram,post,3912658484252125873,"Undecided 
#undecided #clean #consume #chaseatlantic #civicturbo",https://www.instagram.com/p/DZMjilJRCqx/,,,neutral,2026-06-05T07:41:02.000Z,-1,0,1,0,0.0,0,2.0,,
instagram,comment,18118316107785768,🔥🔥,,https://www.instagram.com/p/DZMjilJRCqx/,DZMjilJRCqx,neutral,2026-06-05T12:26:22.000Z,0,0,0,0,0.0,0,,,0.0
instagram,comment,18184465234376229,Wow Harry so so unreal 🙌🙌,,https://www.instagram.com/p/DZMjilJRCqx/,DZMjilJRCqx,neutral,2026-06-02T10:00:45.000Z,0,0,0,0,0.0,0,,,0.0
instagram,comment,17904708051265785,😍🔥👏star,,https://www.instagram.com/p/DZMjilJRCqx/,DZMjilJRCqx,neutral,2026-06-02T08:27:28.000Z,0,0,0,0,0.0,0,,,0.0
instagram,comment,18078980960198505,🙌🙌🙌,,https://www.instagram.com/p/DZMjilJRCqx/,DZMjilJRCqx,neutral,2026-06-02T00:32:20.000Z,0,0,0,0,0.0,0,,,0.0
instagram,comment,17882389701596015,So proud of you my babes xxxx,,https://www.instagram.com/p/DZMjilJRCqx/,DZMjilJRCqx,neutral,2026-06-01T20:38:10.000Z,0,0,0,0,0.0,0,,,0.0
instagram,comment,17881141197595394,Amazinggg🔥,,https://www.instagram.com/p/DZMjilJRCqx/,DZMjilJRCqx,neutral,2026-06-01T19:48:32.000Z,0,0,0,0,0.0,0,,,0.0
instagram,comment,17971854963059001,so mega proud of you my ha❤️loved doing this with you so so much xxxx,,https://www.instagram.com/p/DZMjilJRCqx/,DZMjilJRCqx,neutral,2026-06-01T19:48:25.000Z,0,0,0,0,0.0,0,,,0.0
instagram,comment,18445207867141062,Superstarrr!!!,,https://www.instagram.com/p/DZMjilJRCqx/,DZMjilJRCqx,neutral,2026-06-01T18:29:18.000Z,0,0,0,0,0.0,0,,,0.0
instagram,comment,18090597521616350,Smashed it 🤩🪦👏,,https://www.instagram.com/p/DZMjilJRCqx/,DZMjilJRCqx,neutral,2026-06-01T18:28:41.000Z,0,0,0,0,0.0,0,,,0.0
instagram,comment,18003213335930514,Starrr 🌟🌟🌟,,https://www.instagram.com/p/DZMjilJRCqx/,DZMjilJRCqx,neutral,2026-06-01T18:05:56.000Z,0,0,0,0,0.0,0,,,0.0
instagram,post,3912408747444767699,"암표 야르 프로젝트가 성황리에 마감했습니다 ^^ 참여해주신 분들 모두 감사드립니다 ^^
#성공 #성공한삶 #좋은사람들과좋은시간 #암표 #야르",https://www.instagram.com/p/DZLqwbnk4vT/,,,neutral,2026-06-04T23:24:48.000Z,1,0,1,0,0.0,2,4.0,,
instagram,comment,18054786656727324,Proud proud proud⭐️⭐️⭐️⭐️⭐️,,https://www.instagram.com/p/DZLqwbnk4vT/,DZLqwbnk4vT,neutral,2026-06-01T17:50:13.000Z,0,0,0,0,0.0,0,,,0.0
instagram,comment,18084517616411737,Insaneeeee 😍😍,,https://www.instagram.com/p/DZLqwbnk4vT/,DZLqwbnk4vT,neutral,2026-06-01T17:44:54.000Z,0,0,0,0,0.0,0,,,0.0
instagram,comment,18115471921840653,👏👏,,https://www.instagram.com/p/DZLqwbnk4vT/,DZLqwbnk4vT,neutral,2026-06-01T17:43:41.000Z,0,0,0,0,0.0,0,,,0.0
instagram,comment,18067603025398689,Miss this so much! Love being family with you 🥹🥹🖤,,https://www.instagram.com/p/DZLqwbnk4vT/,DZLqwbnk4vT,neutral,2026-06-01T17:35:21.000Z,0,0,0,0,0.0,0,,,0.0
instagram,comment,18074184458318454,such a star 👏😍,,https://www.instagram.com/p/DZLqwbnk4vT/,DZLqwbnk4vT,neutral,2026-06-01T17:34:25.000Z,0,0,0,0,0.0,0,,,0.0
instagram,comment,17914923291386795,congrats ellie!!! ❤️ miz…?!,,https://www.instagram.com/p/DZLqwbnk4vT/,DZLqwbnk4vT,neutral,2026-05-28T22:32:26.000Z,0,0,0,0,0.0,0,,,0.0
instagram,comment,18104434544485763,So proud!!,,https://www.instagram.com/p/DZLqwbnk4vT/,DZLqwbnk4vT,neutral,2026-05-28T18:05:57.000Z,0,0,0,0,0.0,0,,,0.0
instagram,comment,18081892691406210,Yayayya,,https://www.instagram.com/p/DZLqwbnk4vT/,DZLqwbnk4vT,neutral,2026-05-28T18:05:53.000Z,0,0,0,0,0.0,0,,,0.0
instagram,comment,18153253483482171,Yayyyy congrats 🎉,,https://www.instagram.com/p/DZLqwbnk4vT/,DZLqwbnk4vT,neutral,2026-05-28T11:33:39.000Z,0,0,0,0,0.0,0,,,0.0
instagram,comment,17952799838982471,So proud of you elli!,,https://www.instagram.com/p/DZLqwbnk4vT/,DZLqwbnk4vT,neutral,2026-05-28T06:17:40.000Z,0,0,0,0,0.0,0,,,0.0
instagram,comment,17913860793393033,I love youu ❤️❤️,,https://www.instagram.com/p/DZLqwbnk4vT/,DZLqwbnk4vT,neutral,2026-05-28T04:52:38.000Z,0,0,0,0,0.0,0,,,0.0
instagram,post,3910016211224379677,"Addams Family Musical 2026

Had the most fun getting to play this character in @addictdanceacademy Addams family musical, can we do it all over again? 💔

Thankyou to @marcusscimiatheatre for letting me play this role. 
Thankyou to @jaredhageman for the amazing choreography. 
Thankyou @hannahkateboyce for your guidance and direction throughout. 
Thankyou to @gareth_chown for making this musical possible. 
Thankyou to everyone else involved for this absolutely amazing experience 

Lurch over and out 🧟‍♂️

#musical #addamsfamily #lurch #undecided #nowords",https://www.instagram.com/p/DZDKwcoDEEd/,,,neutral,2026-06-01T16:11:16.000Z,-1,0,42,0,0.0,41,125.0,,
instagram,comment,18376467943163420,so proud of you!!,,https://www.instagram.com/p/DZDKwcoDEEd/,DZDKwcoDEEd,neutral,2026-05-28T04:52:34.000Z,0,0,0,0,0.0,0,,,0.0
instagram,comment,18041794340799132,MY AWESOME GFF,,https://www.instagram.com/p/DZDKwcoDEEd/,DZDKwcoDEEd,neutral,2026-05-28T03:37:04.000Z,0,0,0,0,0.0,0,,,0.0
instagram,comment,17978552739039432,So proud of you!!!🫶,,https://www.instagram.com/p/DZDKwcoDEEd/,DZDKwcoDEEd,neutral,2026-05-27T21:52:14.000Z,0,0,0,0,0.0,0,,,0.0
instagram,comment,17928879156297424,I love you!!❤️,,https://www.instagram.com/p/DZDKwcoDEEd/,DZDKwcoDEEd,neutral,2026-05-27T21:51:59.000Z,0,0,0,0,0.0,0,,,0.0
instagram,comment,18105725464848717,My fav!!!💞,,https://www.instagram.com/p/DZDKwcoDEEd/,DZDKwcoDEEd,neutral,2026-05-27T21:51:47.000Z,0,0,0,0,0.0,0,,,0.0
instagram,comment,17904923217423247,bravooooo,,https://www.instagram.com/p/DZDKwcoDEEd/,DZDKwcoDEEd,neutral,2026-05-27T21:49:46.000Z,0,0,0,0,0.0,0,,,0.0
instagram,comment,18390491950093498,Congrats elli 🙌,,https://www.instagram.com/p/DZDKwcoDEEd/,DZDKwcoDEEd,neutral,2026-05-27T21:40:12.000Z,0,0,0,0,0.0,0,,,0.0
instagram,comment,17956150524132645,So pretty!,,https://www.instagram.com/p/DZDKwcoDEEd/,DZDKwcoDEEd,neutral,2026-05-27T20:49:33.000Z,0,0,0,0,0.0,0,,,0.0
instagram,comment,18128504170608981,Yassss,,https://www.instagram.com/p/DZDKwcoDEEd/,DZDKwcoDEEd,neutral,2026-05-27T20:24:32.000Z,0,0,0,0,0.0,0,,,0.0
instagram,comment,17934251121255463,Un beau duo expressif !,,https://www.instagram.com/p/DZDKwcoDEEd/,DZDKwcoDEEd,neutral,2026-05-31T20:41:10.000Z,0,0,0,0,0.0,0,,,0.0
instagram,post,3909616660995719335,"Car shopping ugh. Not fun but fun lol. If we could agree on one thing lol. Praying the Lord leads us to the perfect vehicle for b us. 
#cars 
#carshopping 
#undecided 
#decisions",https://www.instagram.com/p/DZBv6OemUCn/,,,neutral,2026-06-01T02:57:27.000Z,0,0,0,0,0.0,0,0.0,,
instagram,comment,17871239508616989,"Excellent, une belle attitude de touristes qui cherchent leur chemin ! 👍👏👏👏👏👏👍",,https://www.instagram.com/p/DZBv6OemUCn/,DZBv6OemUCn,neutral,2026-05-28T20:11:18.000Z,0,0,0,0,0.0,0,,,0.0
instagram,comment,18165355408381984,"So recognizable in a city we know ourselves and when, I always ask if they need help 😉",,https://www.instagram.com/p/DZBv6OemUCn/,DZBv6OemUCn,neutral,2026-05-28T18:19:16.000Z,0,0,0,0,0.0,0,,,0.0
instagram,comment,18077324819270176,Bravo Alain!👏👏👏🔥🔥🔥🔝🔝🔝,,https://www.instagram.com/p/DZBv6OemUCn/,DZBv6OemUCn,neutral,2026-05-28T16:47:30.000Z,0,0,0,0,0.0,0,,,0.0
instagram,comment,17942102709039661,Rooo ces mimiques ! J'adore ! 📸👌👏,,https://www.instagram.com/p/DZBv6OemUCn/,DZBv6OemUCn,neutral,2026-05-28T16:46:08.000Z,0,0,0,0,0.0,0,,,0.0
instagram,comment,17865232245566736,Excellent superbes portraits bonne après-midi,,https://www.instagram.com/p/DZBv6OemUCn/,DZBv6OemUCn,neutral,2026-05-28T14:51:23.000Z,0,0,0,0,0.0,0,,,0.0
instagram,comment,18083267351432332,"How do you do it? Whenever I put in a location that IG doesn’t recognise, it simply rejects anything different",,https://www.instagram.com/p/DZBv6OemUCn/,DZBv6OemUCn,neutral,2026-05-28T11:23:52.000Z,0,0,0,0,0.0,0,,,0.0
instagram,comment,18101468878943813,👏👏,,https://www.instagram.com/p/DZBv6OemUCn/,DZBv6OemUCn,neutral,2026-05-28T10:38:38.000Z,0,0,0,0,0.0,0,,,0.0
instagram,comment,18072452240657583,awe i’m gonna miss my elli 😢,,https://www.instagram.com/p/DZBv6OemUCn/,DZBv6OemUCn,neutral,2026-05-27T19:50:52.000Z,0,0,0,0,0.0,0,,,0.0
instagram,comment,18103087982515144,So proud of you,,https://www.instagram.com/p/DZBv6OemUCn/,DZBv6OemUCn,neutral,2026-05-27T19:47:25.000Z,0,0,0,0,0.0,0,,,0.0
instagram,comment,17881240392583983,Congratulations!!,,https://www.instagram.com/p/DZBv6OemUCn/,DZBv6OemUCn,neutral,2026-05-27T19:46:26.000Z,0,0,0,0,0.0,0,,,0.0
instagram,comment,17853497742677360,So gorgeous girl,,https://www.instagram.com/p/DZBv6OemUCn/,DZBv6OemUCn,neutral,2026-05-27T19:46:23.000Z,0,0,0,0,0.0,0,,,0.0
instagram,post,3908884533747986636,"Summer Vibes☀️ Vendor 

Why so many lipshades?
There are so many Avon lip shades to choose from  J's  Boutique that i can't decide...so i am wearing all 5 shades. 
J's Boutique is an Avon beauty brand that will be setup at Summer Vibes. So come get your beauty on. 
Hopefully you can make up your mind which lipshades to wear.

Summer Vibes 
Food, music,  and  local businesses giving the trends and the things to do for summer '26.

📍Date:/Location
June 4, 5-9p
Vicksburg City Pavillion 
100 Army Navy Drive 
Vicksburg MS

Event details 
https://www.facebook.com/share/1H3rtwSZBj/

#avon #undecided #lipshades #summervibes #vicksburgms",https://www.instagram.com/p/DY_JcX2ETDM/,,,neutral,2026-05-31T02:42:49.000Z,0,0,0,0,0.0,0,0.0,,
instagram,comment,17956397709069734,im gonna miss my yearbook buddy 😕,,https://www.instagram.com/p/DY_JcX2ETDM/,DY_JcX2ETDM,neutral,2026-05-27T19:45:00.000Z,0,0,0,0,0.0,0,,,0.0
instagram,comment,17936727174253528,my shayla,,https://www.instagram.com/p/DY_JcX2ETDM/,DY_JcX2ETDM,neutral,2026-05-27T19:44:30.000Z,0,0,0,0,0.0,0,,,0.0
instagram,comment,17889857640371202,So gorgeous,,https://www.instagram.com/p/DY_JcX2ETDM/,DY_JcX2ETDM,neutral,2026-05-27T19:44:22.000Z,0,0,0,0,0.0,0,,,0.0
instagram,comment,18105322687768552,awww im gonna miss you 😢,,https://www.instagram.com/p/DY_JcX2ETDM/,DY_JcX2ETDM,neutral,2026-05-27T19:39:56.000Z,0,0,0,0,0.0,0,,,0.0
instagram,comment,18218775076322107,I’m so proud of u,,https://www.instagram.com/p/DY_JcX2ETDM/,DY_JcX2ETDM,neutral,2026-05-27T19:35:19.000Z,0,0,0,0,0.0,0,,,0.0
instagram,comment,17939696919207822,I am so proud of you :),,https://www.instagram.com/p/DY_JcX2ETDM/,DY_JcX2ETDM,neutral,2026-05-27T19:30:56.000Z,0,0,0,0,0.0,0,,,0.0
instagram,comment,18592771984019986,I love you so dearly Elli💗,,https://www.instagram.com/p/DY_JcX2ETDM/,DY_JcX2ETDM,neutral,2026-05-27T19:30:30.000Z,0,0,0,0,0.0,0,,,0.0
instagram,comment,18001312241925536,I love my queen,,https://www.instagram.com/p/DY_JcX2ETDM/,DY_JcX2ETDM,neutral,2026-05-27T19:27:43.000Z,0,0,0,0,0.0,0,,,0.0
instagram,comment,18055289321736545,I’m gonna miss u so much 😢,,https://www.instagram.com/p/DY_JcX2ETDM/,DY_JcX2ETDM,neutral,2026-05-27T19:22:22.000Z,0,0,0,0,0.0,0,,,0.0
instagram,comment,18139160113527643,so freaking pretty Elli,,https://www.instagram.com/p/DY_JcX2ETDM/,DY_JcX2ETDM,neutral,2026-05-27T19:21:02.000Z,0,0,0,0,0.0,0,,,0.0
instagram,comment,18106653772745062,NOOOOO DONT LEAVE,,https://www.instagram.com/p/DY_JcX2ETDM/,DY_JcX2ETDM,neutral,2026-05-27T19:20:42.000Z,0,0,0,0,0.0,0,,,0.0
instagram,post,3907803062610266342,"PVPA Class of 2026 💜
Senior Spotlight: Jayvien Colon
Congratulations Jayvien!

@pvpa26decisions
#pvpa #pvpaclassof2026 #classof2026 #performingartscharterschool #performingartshighschool #edthataddsup #inspiredtolearn #undecided",https://www.instagram.com/p/DY7Ti5XEYjm/,,,neutral,2026-05-29T14:54:08.000Z,100,0,0,0,0.0,100,100.0,,
instagram,comment,18112271764742068,Cannot believe I missed this iconic moment,,https://www.instagram.com/p/DY7Ti5XEYjm/,DY7Ti5XEYjm,neutral,2026-06-01T17:27:04.000Z,0,0,0,0,0.0,0,,,0.0
instagram,comment,18102170359850057,🙌🙌😍,,https://www.instagram.com/p/DY7Ti5XEYjm/,DY7Ti5XEYjm,neutral,2026-06-01T17:14:59.000Z,0,0,0,0,0.0,0,,,0.0
instagram,comment,18054355340738403,Starrr!🔥🔥🔥,,https://www.instagram.com/p/DY7Ti5XEYjm/,DY7Ti5XEYjm,neutral,2026-06-01T17:02:25.000Z,0,0,0,0,0.0,0,,,0.0
instagram,comment,18066702254392739,PROUD CXX,,https://www.instagram.com/p/DY7Ti5XEYjm/,DY7Ti5XEYjm,neutral,2026-06-01T16:55:40.000Z,0,0,0,0,0.0,0,,,0.0
instagram,comment,18586870384023459,You’re incredible👏👏,,https://www.instagram.com/p/DY7Ti5XEYjm/,DY7Ti5XEYjm,neutral,2026-06-01T16:54:42.000Z,0,0,0,0,0.0,0,,,0.0
instagram,comment,18153391186466414,My mannnnn😍 insane haz so so so proud of you❤❤❤,,https://www.instagram.com/p/DY7Ti5XEYjm/,DY7Ti5XEYjm,neutral,2026-06-01T16:53:10.000Z,0,0,0,0,0.0,0,,,0.0
instagram,comment,17939160306247592,Stole the show 🫶🏽⭐️🤩🧟‍♂️,,https://www.instagram.com/p/DY7Ti5XEYjm/,DY7Ti5XEYjm,neutral,2026-06-01T16:41:21.000Z,0,0,0,0,0.0,0,,,0.0
instagram,comment,18131984845572857,No one could do it like you absolutely perfect Harry!!!⭐️,,https://www.instagram.com/p/DY7Ti5XEYjm/,DY7Ti5XEYjm,neutral,2026-06-01T16:37:11.000Z,0,0,0,0,0.0,0,,,0.0
instagram,comment,17921898594145516,So incredible,,https://www.instagram.com/p/DY7Ti5XEYjm/,DY7Ti5XEYjm,neutral,2026-06-01T16:29:12.000Z,0,0,0,0,0.0,0,,,0.0
instagram,comment,18328075297250393,So proud of you ⭐️⭐️⭐️,,https://www.instagram.com/p/DY7Ti5XEYjm/,DY7Ti5XEYjm,neutral,2026-06-01T16:25:51.000Z,0,0,0,0,0.0,0,,,0.0
instagram,comment,17930652180310501,My fav lurch ever,,https://www.instagram.com/p/DY7Ti5XEYjm/,DY7Ti5XEYjm,neutral,2026-06-01T16:25:28.000Z,0,0,0,0,0.0,0,,,0.0
instagram,post,3906945940758319435,"Currently undecided
#streetphotography
#streetphotographers
#streetlife
#candidphotography
#undecided 
Fujifilm XT5 and XF10-24mm F4 R OIS WR
@fujixpassion
@fujixlovers
@fujifilmfrance",https://www.instagram.com/p/DY4QqIbjdFL/,,,neutral,2026-05-28T10:31:11.000Z,68,0,17,0,0.0,85,119.0,,
instagram,comment,18121771276669971,My star boy you was amazing 🥹✨💌,,https://www.instagram.com/p/DY4QqIbjdFL/,DY4QqIbjdFL,neutral,2026-06-01T16:23:08.000Z,0,0,0,0,0.0,0,,,0.0
instagram,comment,17929571580322755,I wish I could watch you in this over and over again,,https://www.instagram.com/p/DY4QqIbjdFL/,DY4QqIbjdFL,neutral,2026-06-01T16:22:44.000Z,0,0,0,0,0.0,0,,,0.0
instagram,comment,17919055953162876,INCREDIBLE🌟🌟🌟,,https://www.instagram.com/p/DY4QqIbjdFL/,DY4QqIbjdFL,neutral,2026-06-01T16:22:43.000Z,0,0,0,0,0.0,0,,,0.0
instagram,comment,18358784413238244,🌟🌟🌟🌟,,https://www.instagram.com/p/DY4QqIbjdFL/,DY4QqIbjdFL,neutral,2026-06-01T16:21:48.000Z,0,0,0,0,0.0,0,,,0.0
instagram,comment,18174529705417369,#차은우 #장원영 #카리나 #성공의비결 #노력은배신하지않아 #한마음 #추천 #fyp #행복 #미킴 #웰컴백 #미정 #undecided,,https://www.instagram.com/p/DY4QqIbjdFL/,DY4QqIbjdFL,neutral,2026-06-04T23:28:32.000Z,0,0,0,0,0.0,0,,,0.0
instagram,comment,18083549864447369,couldn’t of had a better seat buddy ❤️☹️,,https://www.instagram.com/p/DY4QqIbjdFL/,DY4QqIbjdFL,neutral,2026-05-27T19:20:38.000Z,0,0,0,0,0.0,0,,,0.0
instagram,comment,17976506556033132,My Eilli ❤️,,https://www.instagram.com/p/DY4QqIbjdFL/,DY4QqIbjdFL,neutral,2026-05-27T19:20:34.000Z,0,0,0,0,0.0,0,,,0.0
instagram,comment,18103884568980132,Mr smith the 🐐,,https://www.instagram.com/p/DY4QqIbjdFL/,DY4QqIbjdFL,neutral,2026-05-27T19:20:11.000Z,0,0,0,0,0.0,0,,,0.0
instagram,comment,18103390429993364,Holy heightmog,,https://www.instagram.com/p/DY4QqIbjdFL/,DY4QqIbjdFL,neutral,2026-05-27T19:20:03.000Z,0,0,0,0,0.0,0,,,0.0
instagram,comment,18053448377726813,Lemonade mouth 4 life,,https://www.instagram.com/p/DY4QqIbjdFL/,DY4QqIbjdFL,neutral,2026-05-27T19:20:00.000Z,0,0,0,0,0.0,0,,,0.0
instagram,post,3906858349928301893,"Playlist confused, confidence clear 😉

.

.
.
.
#undecided #chrisbrown #confidence #executive",https://www.instagram.com/p/DY38vhHPsVF/,,,neutral,2026-05-28T07:37:11.000Z,109,0,33,0,0.0,142,208.0,,
instagram,comment,17860925370634216,ily so much,,https://www.instagram.com/p/DY38vhHPsVF/,DY38vhHPsVF,neutral,2026-05-27T19:19:59.000Z,0,0,0,0,0.0,0,,,0.0
instagram,comment,18112048763506185,my elli 🤍🤍,,https://www.instagram.com/p/DY38vhHPsVF/,DY38vhHPsVF,neutral,2026-05-27T19:19:53.000Z,0,0,0,0,0.0,0,,,0.0
instagram,comment,18138034375489536,"You’re a star, getting to know you through this process was a joy!🩷🫶🏻",,https://www.instagram.com/p/DY38vhHPsVF/,DY38vhHPsVF,neutral,2026-06-01T16:20:20.000Z,0,0,0,0,0.0,0,,,0.0
instagram,comment,18117793747705587,Miss u g-unc,,https://www.instagram.com/p/DY38vhHPsVF/,DY38vhHPsVF,neutral,2026-06-01T16:18:31.000Z,0,0,0,0,0.0,0,,,0.0
instagram,comment,17872379844613729,Mourning this whole experience,,https://www.instagram.com/p/DY38vhHPsVF/,DY38vhHPsVF,neutral,2026-06-01T16:18:16.000Z,0,0,0,0,0.0,0,,,0.0
instagram,comment,17939712507245336,Your amazing 😍😍😍😍,,https://www.instagram.com/p/DY38vhHPsVF/,DY38vhHPsVF,neutral,2026-06-01T16:16:01.000Z,0,0,0,0,0.0,0,,,0.0
instagram,comment,18114417682880686,🔥🔥🔥🔥,,https://www.instagram.com/p/DY38vhHPsVF/,DY38vhHPsVF,neutral,2026-06-01T16:14:49.000Z,0,0,0,0,0.0,0,,,0.0
instagram,comment,18080634779187114,"the best ever , so proud of you",,https://www.instagram.com/p/DY38vhHPsVF/,DY38vhHPsVF,neutral,2026-06-01T16:13:58.000Z,0,0,0,0,0.0,0,,,0.0
instagram,comment,18353888680212918,my fave,,https://www.instagram.com/p/DY38vhHPsVF/,DY38vhHPsVF,neutral,2026-06-01T16:13:21.000Z,0,0,0,0,0.0,0,,,0.0
instagram,comment,18089338463575416,yes Harryyyy,,https://www.instagram.com/p/DY38vhHPsVF/,DY38vhHPsVF,neutral,2026-06-01T16:13:19.000Z,0,0,0,0,0.0,0,,,0.0
instagram,post,3906486781433470384,"where to next? #undecided
it’s always a great day to be a cougar, thank you a-town💜#rahrahcougs",https://www.instagram.com/p/DY2oQe_Gd2w/,,,neutral,2026-05-27T19:18:55.000Z,200,0,52,0,0.0,252,356.0,,
instagram,comment,18119483098667494,You were a joy to watch and I’m grateful to witness it up close !!! A star in the making 🌟🌟,,https://www.instagram.com/p/DY2oQe_Gd2w/,DY2oQe_Gd2w,neutral,2026-06-01T16:13:00.000Z,0,0,0,0,0.0,0,,,0.0
instagram,comment,18101353211019158,incredible♥️♥️,,https://www.instagram.com/p/DY2oQe_Gd2w/,DY2oQe_Gd2w,neutral,2026-06-01T16:12:46.000Z,0,0,0,0,0.0,0,,,0.0
instagram,comment,18092467364597562,🔥🔥🔥,,https://www.instagram.com/p/DY2oQe_Gd2w/,DY2oQe_Gd2w,neutral,2026-06-01T16:12:29.000Z,0,0,0,0,0.0,0,,,0.0
instagram,comment,18153452578478557,🙌🙌,,https://www.instagram.com/p/DY2oQe_Gd2w/,DY2oQe_Gd2w,neutral,2026-05-29T04:01:42.000Z,0,0,0,0,0.0,0,,,0.0
instagram,comment,17905027401426026,😍,,https://www.instagram.com/p/DY2oQe_Gd2w/,DY2oQe_Gd2w,neutral,2026-05-29T03:01:31.000Z,0,0,0,0,0.0,0,,,0.0
instagram,comment,18059243282496022,🔥🔥,,https://www.instagram.com/p/DY2oQe_Gd2w/,DY2oQe_Gd2w,neutral,2026-05-29T02:45:08.000Z,0,0,0,0,0.0,0,,,0.0
instagram,comment,18090212861612220,❤️,,https://www.instagram.com/p/DY2oQe_Gd2w/,DY2oQe_Gd2w,neutral,2026-05-28T10:21:45.000Z,0,0,0,0,0.0,0,,,0.0
instagram,comment,18537655294075576,❤️,,https://www.instagram.com/p/DY2oQe_Gd2w/,DY2oQe_Gd2w,neutral,2026-05-28T10:20:15.000Z,0,0,0,0,0.0,0,,,0.0
instagram,post,3906146531397729846,"Matiang'i ameamua pale Olkalau ni yeye anavie for Mp

 Wahome Thuku amepoteza Presidential Candidate wake

#jubilee #undecided",https://www.instagram.com/p/DY1a5Mclf42/,,,neutral,2026-05-27T08:02:55.000Z,0,0,0,0,0.0,0,0.0,,
instagram,comment,17915507274391655,❤️‍🔥,,https://www.instagram.com/p/DY1a5Mclf42/,DY1a5Mclf42,neutral,2026-05-28T08:32:48.000Z,0,0,0,0,0.0,0,,,0.0
instagram,comment,18092498245999288,🔥❤️,,https://www.instagram.com/p/DY1a5Mclf42/,DY1a5Mclf42,neutral,2026-05-28T08:31:43.000Z,0,0,0,0,0.0,0,,,0.0
instagram,comment,18093999329187915,❤️🔥🙌,,https://www.instagram.com/p/DY1a5Mclf42/,DY1a5Mclf42,neutral,2026-05-28T07:57:10.000Z,0,0,0,0,0.0,0,,,0.0
instagram,comment,18141753181467379,🔥,,https://www.instagram.com/p/DY1a5Mclf42/,DY1a5Mclf42,neutral,2026-05-28T07:48:05.000Z,0,0,0,0,0.0,0,,,0.0
instagram,comment,18092117915362208,😍,,https://www.instagram.com/p/DY1a5Mclf42/,DY1a5Mclf42,neutral,2026-05-28T07:38:44.000Z,0,0,0,0,0.0,0,,,0.0
instagram,post,3905843159049030159,"How did The Masters Apprentices get their name?

Jim Keays explained it best in his autobiography His Master's Voice:

“...seemingly out of nowhere, Mick suggested Masters Apprentices, explaining we were apprentices to the masters of blues – Chuck Berry, Bo Diddley, Jimmy Reed, Elmore James, Robert Johnson, among others.”

Jim later reflected:

“It was very much Mick’s band, he was the leader... we accepted his suggestion and in later years I thought it was an inspired choice.”

More than 60 years later, that inspired choice remains one of the most recognisable names in Australian rock history.

Check out our upcoming dates and come celebrate the music with us:

🎸 Thu 18 Jun – Turn Up Their Radio (Free Community Event) – Thebarton Theatre, Adelaide
🎸 Sun 16 Aug – Turn Up The Triffid with special guest Doug Ford – Brisbane
🎸 Sun 20 Sep – Sydney Showdown – Sydney
🎸 Sun 4 Oct – Brunswick Ballroom – Melbourne
🎸 Sun 22 Nov – Goolwa Centenary Hall – Goolwa

🎟 Tickets & event details:
themastersapprentices.com/events

🌐 themastersapprentices.com

#TheMastersApprentices #MickBower #BrianVaughton #JimKeays #AustralianRock #AustralianMusic #TurnUpYourRadio #LivingInAChildsDream #Undecided #BecauseILoveYou #AdelaideMusic",https://www.instagram.com/p/DY0V6i7gcoP/,,,neutral,2026-05-26T22:00:10.000Z,8,0,0,0,0.0,8,8.0,,
instagram,comment,17967308307114275,Yessir bruh,,https://www.instagram.com/p/DY0V6i7gcoP/,DY0V6i7gcoP,neutral,2026-05-27T17:52:42.000Z,0,0,0,0,0.0,0,,,0.0
instagram,comment,17921289747146701,♥️🌲🏈🥰‼️🙏🏻😤🙌💯🔥😍,,https://www.instagram.com/p/DY0V6i7gcoP/,DY0V6i7gcoP,neutral,2026-05-27T07:35:22.000Z,0,0,0,0,0.0,0,,,0.0
instagram,comment,17870121213680499,yesirskiii,,https://www.instagram.com/p/DY0V6i7gcoP/,DY0V6i7gcoP,neutral,2026-05-27T00:22:33.000Z,0,0,0,0,0.0,0,,,0.0
instagram,comment,18020196728834998,Clean,,https://www.instagram.com/p/DY0V6i7gcoP/,DY0V6i7gcoP,neutral,2026-05-26T21:43:36.000Z,0,0,0,0,0.0,0,,,0.0
instagram,comment,17966211804098423,Da boy!,,https://www.instagram.com/p/DY0V6i7gcoP/,DY0V6i7gcoP,neutral,2026-05-26T19:26:33.000Z,0,0,0,0,0.0,0,,,0.0
instagram,comment,18007051706871533,Are you playing Minecraft at Stanford?,,https://www.instagram.com/p/DY0V6i7gcoP/,DY0V6i7gcoP,neutral,2026-05-26T19:23:33.000Z,0,0,0,0,0.0,0,,,0.0
instagram,comment,18108420094767984,Awesome sauce,,https://www.instagram.com/p/DY0V6i7gcoP/,DY0V6i7gcoP,neutral,2026-05-26T18:51:22.000Z,0,0,0,0,0.0,0,,,0.0
instagram,post,3905783522748970673,"@undecided4u is pulling up to Streetwear Saturday on May 30, bringing the full Persona Collection. Onyx Gold. Phantom Grey. Midnight Rosary. Mystic Purple. And more.

📍 Preston Event Centre
🗓 Fri May 30 | 12–8PM

Don’t sleep.

#UNDECIDED #StreetwearSaturday #HorizonEvents",https://www.instagram.com/p/DY0IWuTBrax/,,,neutral,2026-05-26T20:02:20.000Z,-1,0,1,0,0.0,0,2.0,,
instagram,comment,17904469317424346,👏👏🔥,,https://www.instagram.com/p/DY0IWuTBrax/,DY0IWuTBrax,neutral,2026-05-26T18:34:30.000Z,0,0,0,0,0.0,0,,,0.0
instagram,comment,18078908618556344,Proud of you 👏🔥,,https://www.instagram.com/p/DY0IWuTBrax/,DY0IWuTBrax,neutral,2026-05-26T18:25:05.000Z,0,0,0,0,0.0,0,,,0.0
instagram,comment,18081237734328925,song choiceeee,,https://www.instagram.com/p/DY0IWuTBrax/,DY0IWuTBrax,neutral,2026-05-26T18:16:48.000Z,0,0,0,0,0.0,0,,,0.0
instagram,comment,18117393799769016,This gotta be home,,https://www.instagram.com/p/DY0IWuTBrax/,DY0IWuTBrax,neutral,2026-05-26T18:15:51.000Z,0,0,0,0,0.0,0,,,0.0
instagram,comment,18209536015337519,Different 🙌🏾,,https://www.instagram.com/p/DY0IWuTBrax/,DY0IWuTBrax,neutral,2026-05-26T18:13:14.000Z,0,0,0,0,0.0,0,,,0.0
instagram,comment,18044243096784793,Oh yea,,https://www.instagram.com/p/DY0IWuTBrax/,DY0IWuTBrax,neutral,2026-05-26T18:03:33.000Z,0,0,0,0,0.0,0,,,0.0
instagram,comment,17881029393580935,Great hair style. I think it really suits you and makes you look younger 😍,,https://www.instagram.com/p/DY0IWuTBrax/,DY0IWuTBrax,neutral,2026-05-23T05:37:45.000Z,0,0,0,0,0.0,0,,,0.0
instagram,post,3905636432988166493,"𝓨𝓸𝓾 𝔀𝓲𝓵𝓵 𝓻𝓮𝓪𝓹 𝔀𝓱𝓪𝓽 𝔂𝓸𝓾 𝓼𝓸𝔀.
𝓖𝓪𝓵𝓪𝓽𝓲𝓪𝓷𝓼 6:7 
#undecided #officialvisit",https://www.instagram.com/p/DYzm6SSFVld/,,,neutral,2026-05-26T15:09:26.000Z,697,0,63,0,0.0,760,886.0,,
instagram,comment,17977189218099608,Love it,,https://www.instagram.com/p/DYzm6SSFVld/,DYzm6SSFVld,neutral,2026-05-23T05:27:57.000Z,0,0,0,0,0.0,0,,,0.0
instagram,comment,18093929506963804,This would fit perfectly on my page 🔥 send me this post,,https://www.instagram.com/p/DYzm6SSFVld/,DYzm6SSFVld,neutral,2026-05-26T14:41:17.000Z,0,0,0,0,0.0,0,,,0.0
instagram,comment,18592365610027092,I love words but do what your heart and gut tell you!  I always am adding more and can’t stop - more is more 🥰,,https://www.instagram.com/p/DYzm6SSFVld/,DYzm6SSFVld,neutral,2026-05-27T15:40:40.000Z,0,0,0,0,0.0,0,,,0.0
instagram,comment,18330270796268132,I love it without the extra words. To me it looks a bit like an advertisement with the words. But then I’m all for not leading people all the way to the meaning. I like art that makes me think. Really cool quilt whichever way you choose ❤️😍,,https://www.instagram.com/p/DYzm6SSFVld/,DYzm6SSFVld,neutral,2026-05-27T03:25:41.000Z,0,0,0,0,0.0,0,,,0.0
instagram,comment,18122439634660898,😍👏,,https://www.instagram.com/p/DYzm6SSFVld/,DYzm6SSFVld,neutral,2026-05-26T19:01:41.000Z,0,0,0,0,0.0,0,,,0.0
instagram,comment,17886430365557904,I love text on quilts. Maybe pick the words that you like the best and mean the most and put those on.,,https://www.instagram.com/p/DYzm6SSFVld/,DYzm6SSFVld,neutral,2026-05-25T12:46:28.000Z,0,0,0,0,0.0,0,,,0.0
instagram,comment,17919406224365514,More words showed me what you meant!,,https://www.instagram.com/p/DYzm6SSFVld/,DYzm6SSFVld,neutral,2026-05-25T11:18:28.000Z,0,0,0,0,0.0,0,,,0.0
instagram,comment,18126022480614074,More words made all the difference to my appreciation of this quilt!,,https://www.instagram.com/p/DYzm6SSFVld/,DYzm6SSFVld,neutral,2026-05-24T11:56:18.000Z,0,0,0,0,0.0,0,,,0.0
instagram,post,3905617499991945426,"Undecided? Just sit still a bit, be with the present moment…in time. Breathe✨✨✨#undecided #dontknowwhattodo #sitwithit #bepresent #breathe",https://www.instagram.com/p/DYzimxjkbDS/,,,neutral,2026-05-26T14:31:49.000Z,7,0,2,0,0.0,9,13.0,,
instagram,comment,18594338266033737,This is so vibrant and beautiful!  I love it with the simpler implied solutions - first version. Lovely to watch it evolve😍,,https://www.instagram.com/p/DYzimxjkbDS/,DYzimxjkbDS,neutral,2026-05-23T21:25:18.000Z,0,0,0,0,0.0,0,,,0.0
instagram,comment,17889882843479902,It looks great!,,https://www.instagram.com/p/DYzimxjkbDS/,DYzimxjkbDS,neutral,2026-05-23T18:58:31.000Z,0,0,0,0,0.0,0,,,0.0
instagram,comment,18133064191499516,Outstanding,,https://www.instagram.com/p/DYzimxjkbDS/,DYzimxjkbDS,neutral,2026-05-23T18:51:47.000Z,0,0,0,0,0.0,0,,,0.0
instagram,comment,18083531525571852,It’s getting more and more beautiful what I see from you. This is stunning👏😍,,https://www.instagram.com/p/DYzimxjkbDS/,DYzimxjkbDS,neutral,2026-05-23T17:35:59.000Z,0,0,0,0,0.0,0,,,0.0
instagram,comment,18130749022597161,Less words 💙,,https://www.instagram.com/p/DYzimxjkbDS/,DYzimxjkbDS,neutral,2026-05-23T15:00:20.000Z,0,0,0,0,0.0,0,,,0.0
instagram,comment,18084500936118672,Those colors 😍😍😍 I like version one - more words kind of contradict the simple solution idea. Unless that's exactly what you want 😊,,https://www.instagram.com/p/DYzimxjkbDS/,DYzimxjkbDS,neutral,2026-05-23T14:55:11.000Z,0,0,0,0,0.0,0,,,0.0
instagram,comment,18114001984866809,It’s gorgeous! And I am all for more words 💙💙,,https://www.instagram.com/p/DYzimxjkbDS/,DYzimxjkbDS,neutral,2026-05-23T14:54:49.000Z,0,0,0,0,0.0,0,,,0.0
instagram,comment,18095367146180300,"So lovely work. I would add maybe one word on the right corner, side. Ore leave it this way.👏👏😍😍",,https://www.instagram.com/p/DYzimxjkbDS/,DYzimxjkbDS,neutral,2026-05-23T14:47:25.000Z,0,0,0,0,0.0,0,,,0.0
instagram,post,3905020962983357370,"#Unbothered #Overworked #UnderFucked #OffToWork #FreshOuttafucks #LeaveMeAlone #BotherMe #ADHD #Undecided
￼ 
￼",https://www.instagram.com/p/DYxa-BLE6u6/,,,neutral,2026-05-25T18:46:37.000Z,6,0,0,0,0.0,6,6.0,,
instagram,comment,18085285136527840,"Beautiful! I’m not usually a word person, but I really like the version with more words 🧡",,https://www.instagram.com/p/DYxa-BLE6u6/,DYxa-BLE6u6,neutral,2026-05-23T14:36:58.000Z,0,0,0,0,0.0,0,,,0.0
instagram,comment,17972683511892107,Yesssss boyyyyy,,https://www.instagram.com/p/DYxa-BLE6u6/,DYxa-BLE6u6,neutral,2026-05-26T17:56:23.000Z,0,0,0,0,0.0,0,,,0.0
instagram,comment,18103538431972551,🔥🔥🔥,,https://www.instagram.com/p/DYxa-BLE6u6/,DYxa-BLE6u6,neutral,2026-05-26T17:53:33.000Z,0,0,0,0,0.0,0,,,0.0
instagram,comment,18133912372491266,Clean,,https://www.instagram.com/p/DYxa-BLE6u6/,DYxa-BLE6u6,neutral,2026-05-26T17:52:36.000Z,0,0,0,0,0.0,0,,,0.0
instagram,comment,18095120012268589,Yessir,,https://www.instagram.com/p/DYxa-BLE6u6/,DYxa-BLE6u6,neutral,2026-05-26T17:36:42.000Z,0,0,0,0,0.0,0,,,0.0
instagram,comment,17880431337603280,dat boa🤞🏿🤞🏿,,https://www.instagram.com/p/DYxa-BLE6u6/,DYxa-BLE6u6,neutral,2026-05-26T17:29:17.000Z,0,0,0,0,0.0,0,,,0.0
instagram,post,3903584966345451990,"🫣‼️One challenge I face every month is creating a table with genuinely diverse opinions. It would be much easier if I simply gathered 12 people who already agreed with each other for June’s discussion on abortion.

But I do not want a homogenized table. That’s the challenge and beauty of trying to build authentic community.

So I’m trying something a little different.

If you RSVP, it would actually help to know your perspective via DM. If too many people land on one side of the discussion, I may save seats to help balance the table. Maybe you’re strongly pro-life, strongly pro-choice, somewhere in the middle, conflicted, or honestly undecided. All of that matters.

Right now, there are already people RSVP’d from different camps of thought, but I’m especially looking to balance the scale with more pro-choice voices, mixed views, and undecided perspectives.

If that’s you, and you’d enjoy a free drink, some food, and a safe place for honest discussion, send me an RSVP.

No shouting matches.
No humiliation.
No pressure.
Just real people having a real conversation about something that deeply impacts human lives.

Ohhh… and one more thing 👀

For July’s Table Talk, I’ll have a videographer capturing parts of the evening to help model something our culture desperately needs right now: how to have meaningful conversations with people we disagree with. 😮😮

You might actually help teach people across the country what respectful discourse can look like.

#TableTalk
#AuthenticDiscussion@highlight
#RealConversations
#CivilDiscourse
#AllViewsWelcome
#PublicSquare
#CommunityOverChaos
#DifficultConversations
#RespectfulDialogue
#HumanConnection
#MeaningfulConversation
#TableTalkMovements
#ProLife
#ProChoice
#Undecided
#PullUpAChair",https://www.instagram.com/p/DYsUdhFk2nW/,,,neutral,2026-05-23T19:13:33.000Z,2,0,0,0,0.0,2,2.0,,
instagram,comment,18352599118209626,yay cristian!!!,,https://www.instagram.com/p/DYsUdhFk2nW/,DYsUdhFk2nW,neutral,2026-05-26T17:28:54.000Z,0,0,0,0,0.0,0,,,0.0
instagram,comment,18090612212010097,Pretty in red,,https://www.instagram.com/p/DYsUdhFk2nW/,DYsUdhFk2nW,neutral,2026-05-26T17:27:55.000Z,0,0,0,0,0.0,0,,,0.0
instagram,comment,18044813234787891,🐐🔥🐐🔥🐐🔥🐐,,https://www.instagram.com/p/DYsUdhFk2nW/,DYsUdhFk2nW,neutral,2026-05-26T17:17:26.000Z,0,0,0,0,0.0,0,,,0.0
instagram,comment,18176833873404596,👌🏽✅✅✅,,https://www.instagram.com/p/DYsUdhFk2nW/,DYsUdhFk2nW,neutral,2026-05-26T17:04:21.000Z,0,0,0,0,0.0,0,,,0.0
instagram,comment,18592877671043422,Come to the Farm 🌲🌲,,https://www.instagram.com/p/DYsUdhFk2nW/,DYsUdhFk2nW,neutral,2026-05-26T16:50:41.000Z,0,0,0,0,0.0,0,,,0.0
instagram,comment,17853325752676601,You tuff Brodie 👏👏,,https://www.instagram.com/p/DYsUdhFk2nW/,DYsUdhFk2nW,neutral,2026-05-26T16:46:05.000Z,0,0,0,0,0.0,0,,,0.0
instagram,comment,18114894547653677,This is it,,https://www.instagram.com/p/DYsUdhFk2nW/,DYsUdhFk2nW,neutral,2026-05-26T16:37:36.000Z,0,0,0,0,0.0,0,,,0.0
instagram,comment,18106710859939892,ouu shii 👀,,https://www.instagram.com/p/DYsUdhFk2nW/,DYsUdhFk2nW,neutral,2026-05-26T16:33:48.000Z,0,0,0,0,0.0,0,,,0.0
instagram,post,3903423427693060902,"I need your help! I’m not sure if I should add more words.

The first photo is the quilt with no words other than “Simple Solutions.”
The second photo shows words written on paper that would eventually be embroidered.

Which version do you prefer?

#quiltmakinghp #wordsornowords #undecided #ironquilt #storyquilt",https://www.instagram.com/p/DYrvu0flSMm/,,,neutral,2026-05-23T13:52:35.000Z,93,0,22,0,0.0,115,159.0,,
instagram,comment,18060200858707329,🔥,,https://www.instagram.com/p/DYrvu0flSMm/,DYrvu0flSMm,neutral,2026-05-26T16:18:02.000Z,0,0,0,0,0.0,0,,,0.0
instagram,comment,18126057352623176,Cmonn mannnnn,,https://www.instagram.com/p/DYrvu0flSMm/,DYrvu0flSMm,neutral,2026-05-26T16:12:40.000Z,0,0,0,0,0.0,0,,,0.0
instagram,comment,18101227406042995,Trim jit 🕴🏾,,https://www.instagram.com/p/DYrvu0flSMm/,DYrvu0flSMm,neutral,2026-05-26T16:05:30.000Z,0,0,0,0,0.0,0,,,0.0
instagram,comment,18155927278463016,Hard,,https://www.instagram.com/p/DYrvu0flSMm/,DYrvu0flSMm,neutral,2026-05-26T15:59:39.000Z,0,0,0,0,0.0,0,,,0.0
instagram,comment,18131280868603223,let’s gooo🐐,,https://www.instagram.com/p/DYrvu0flSMm/,DYrvu0flSMm,neutral,2026-05-26T15:55:33.000Z,0,0,0,0,0.0,0,,,0.0
instagram,post,3903153496006390409,Well I did it. Trying to put on a smile despite feeling like I look old and ugly. Maybe it's just one of those days 🤷‍♀️ Hopefully didn't make a big mistake. #haircut #hair #chop #bob #undecided,https://www.instagram.com/p/DYqyWzBSPKJ/,,,neutral,2026-05-23T04:56:19.000Z,8,0,3,0,0.0,11,17.0,,
instagram,comment,18093812159600986,🐐,,https://www.instagram.com/p/DYqyWzBSPKJ/,DYqyWzBSPKJ,neutral,2026-05-26T15:47:19.000Z,0,0,0,0,0.0,0,,,0.0
instagram,comment,18138180793539090,might be the oneeee,,https://www.instagram.com/p/DYqyWzBSPKJ/,DYqyWzBSPKJ,neutral,2026-05-26T15:46:30.000Z,0,0,0,0,0.0,0,,,0.0
instagram,comment,17921289054145036,🐐🐐,,https://www.instagram.com/p/DYqyWzBSPKJ/,DYqyWzBSPKJ,neutral,2026-05-26T15:43:39.000Z,0,0,0,0,0.0,0,,,0.0
instagram,comment,18083770016530737,The one 💫,,https://www.instagram.com/p/DYqyWzBSPKJ/,DYqyWzBSPKJ,neutral,2026-05-26T15:27:42.000Z,0,0,0,0,0.0,0,,,0.0
instagram,comment,18587276737027012,🔥🔥🔥,,https://www.instagram.com/p/DYqyWzBSPKJ/,DYqyWzBSPKJ,neutral,2026-05-26T15:27:27.000Z,0,0,0,0,0.0,0,,,0.0
instagram,comment,17991704657972698,🔥🔥🔥,,https://www.instagram.com/p/DYqyWzBSPKJ/,DYqyWzBSPKJ,neutral,2026-05-26T15:22:08.000Z,0,0,0,0,0.0,0,,,0.0
instagram,comment,18104194330814520,Trim,,https://www.instagram.com/p/DYqyWzBSPKJ/,DYqyWzBSPKJ,neutral,2026-05-26T15:18:24.000Z,0,0,0,0,0.0,0,,,0.0
instagram,post,3902635760665840351,#undecided,https://www.instagram.com/p/DYo8owaOUrf/,,,neutral,2026-05-22T11:47:49.000Z,1,0,0,0,0.0,1,1.0,,
instagram,comment,18112584100733615,🔥🔥🔥,,https://www.instagram.com/p/DYo8owaOUrf/,DYo8owaOUrf,neutral,2026-05-26T15:17:43.000Z,0,0,0,0,0.0,0,,,0.0
instagram,comment,18081218462541904,Bang Bang,,https://www.instagram.com/p/DYo8owaOUrf/,DYo8owaOUrf,neutral,2026-05-26T15:15:52.000Z,0,0,0,0,0.0,0,,,0.0
instagram,comment,18087524387580373,Chris gon love this one,,https://www.instagram.com/p/DYo8owaOUrf/,DYo8owaOUrf,neutral,2026-05-26T15:14:00.000Z,0,0,0,0,0.0,0,,,0.0
instagram,comment,17935555623067331,Calmmmmmm,,https://www.instagram.com/p/DYo8owaOUrf/,DYo8owaOUrf,neutral,2026-05-26T15:11:59.000Z,0,0,0,0,0.0,0,,,0.0
instagram,post,3902395867131007413,I’m really excited about my art holder models! 💗🤗 They mean a lot to me and I cherish the memories tied to them. #grammaandpeanut #art #undecided #iloveyoubothmorethanwords #nowyouseeme,https://www.instagram.com/p/DYoGF2JS9G1/,,,neutral,2026-05-22T03:51:02.000Z,0,0,0,0,0.0,0,0.0,,
instagram,comment,18111852211686865,Gorgeous,,https://www.instagram.com/p/DYoGF2JS9G1/,DYoGF2JS9G1,neutral,2026-05-23T14:33:06.000Z,0,0,0,0,0.0,0,,,0.0
instagram,comment,18051551105748286,Hi,,https://www.instagram.com/p/DYoGF2JS9G1/,DYoGF2JS9G1,neutral,2026-05-26T21:25:53.000Z,0,0,0,0,0.0,0,,,0.0
instagram,post,3902314598980450058,Almost done…. Or are we? #therapy #inktherapy #vermontcustomtattoo #undecided,https://www.instagram.com/p/DYnznPSDPcK/,,,neutral,2026-05-22T01:09:32.000Z,6,0,0,0,0.0,6,6.0,,
instagram,comment,17880719709435637,gorgeous!!,,https://www.instagram.com/p/DYnznPSDPcK/,DYnznPSDPcK,neutral,2026-05-22T15:59:57.000Z,0,0,0,0,0.0,0,,,0.0
instagram,comment,17866866774544997,Come to OLE MISS!!!🩵❤️,,https://www.instagram.com/p/DYnznPSDPcK/,DYnznPSDPcK,neutral,2026-05-19T13:48:54.000Z,0,0,0,0,0.0,0,,,0.0
instagram,comment,17999643434931331,come join me in knoxxxx!,,https://www.instagram.com/p/DYnznPSDPcK/,DYnznPSDPcK,neutral,2026-05-19T02:37:43.000Z,0,0,0,0,0.0,0,,,0.0
instagram,comment,17914696980184494,Roll Tide😉😉😉😉😉,,https://www.instagram.com/p/DYnznPSDPcK/,DYnznPSDPcK,neutral,2026-05-18T19:03:07.000Z,0,0,0,0,0.0,0,,,0.0
instagram,comment,18093715874266653,Perf❤️,,https://www.instagram.com/p/DYnznPSDPcK/,DYnznPSDPcK,neutral,2026-05-18T19:03:01.000Z,0,0,0,0,0.0,0,,,0.0
instagram,comment,17907275307411726,gorg,,https://www.instagram.com/p/DYnznPSDPcK/,DYnznPSDPcK,neutral,2026-05-18T15:23:40.000Z,0,0,0,0,0.0,0,,,0.0
instagram,comment,18400620454153449,😍😍😍,,https://www.instagram.com/p/DYnznPSDPcK/,DYnznPSDPcK,neutral,2026-05-18T14:43:38.000Z,0,0,0,0,0.0,0,,,0.0
instagram,comment,18085182449079011,Beautiful girl!!!,,https://www.instagram.com/p/DYnznPSDPcK/,DYnznPSDPcK,neutral,2026-05-18T13:34:51.000Z,0,0,0,0,0.0,0,,,0.0
instagram,comment,17850137547695770,Cuteeeeee,,https://www.instagram.com/p/DYnznPSDPcK/,DYnznPSDPcK,neutral,2026-05-18T07:41:10.000Z,0,0,0,0,0.0,0,,,0.0
instagram,comment,18318773866282519,Love you my Reese,,https://www.instagram.com/p/DYnznPSDPcK/,DYnznPSDPcK,neutral,2026-05-18T04:51:25.000Z,0,0,0,0,0.0,0,,,0.0
instagram,comment,17949591507168068,My angel. Will follow you wherever you go ❤️❤️,,https://www.instagram.com/p/DYnznPSDPcK/,DYnznPSDPcK,neutral,2026-05-18T04:51:20.000Z,0,0,0,0,0.0,0,,,0.0
instagram,comment,18340937707223623,LOVE YOUUUU,,https://www.instagram.com/p/DYnznPSDPcK/,DYnznPSDPcK,neutral,2026-05-18T04:12:44.000Z,0,0,0,0,0.0,0,,,0.0
instagram,comment,18592066786007190,OBSESSED W YOU,,https://www.instagram.com/p/DYnznPSDPcK/,DYnznPSDPcK,neutral,2026-05-18T04:12:42.000Z,0,0,0,0,0.0,0,,,0.0
instagram,post,3902269135073475157,#hilarious #funny #blacksheep #surprisesurprise #life #family #relatable #humor #goodquestion #funnymemes #undecided,https://www.instagram.com/p/DYnpRpuBnpV/,,,neutral,2026-05-21T23:41:08.000Z,1,0,0,0,0.0,1,1.0,,
instagram,comment,18075296375258777,SO ADORABLEEEEE,,https://www.instagram.com/p/DYnpRpuBnpV/,DYnpRpuBnpV,neutral,2026-05-18T04:12:38.000Z,0,0,0,0,0.0,0,,,0.0
instagram,comment,18123681892618617,Beautiful!,,https://www.instagram.com/p/DYnpRpuBnpV/,DYnpRpuBnpV,neutral,2026-05-18T03:52:49.000Z,0,0,0,0,0.0,0,,,0.0
instagram,comment,18095063017900922,🔥🔥🔥👏👏🙌,,https://www.instagram.com/p/DYnpRpuBnpV/,DYnpRpuBnpV,neutral,2026-05-18T06:41:05.000Z,0,0,0,0,0.0,0,,,0.0
instagram,comment,17949764940152354,Jester 🕺,,https://www.instagram.com/p/DYnpRpuBnpV/,DYnpRpuBnpV,neutral,2026-05-18T10:40:13.000Z,0,0,0,0,0.0,0,,,0.0
instagram,comment,18091670585241356,Bro this needs to be way more casual,,https://www.instagram.com/p/DYnpRpuBnpV/,DYnpRpuBnpV,neutral,2026-05-17T23:15:49.000Z,0,0,0,0,0.0,0,,,0.0
instagram,comment,18100967702054939,T-town,,https://www.instagram.com/p/DYnpRpuBnpV/,DYnpRpuBnpV,neutral,2026-05-17T22:49:04.000Z,0,0,0,0,0.0,0,,,0.0
instagram,comment,18109160158914831,That’s what we do,,https://www.instagram.com/p/DYnpRpuBnpV/,DYnpRpuBnpV,neutral,2026-05-17T22:16:43.000Z,0,0,0,0,0.0,0,,,0.0
instagram,comment,18173145046409208,Stud,,https://www.instagram.com/p/DYnpRpuBnpV/,DYnpRpuBnpV,neutral,2026-05-17T21:41:26.000Z,0,0,0,0,0.0,0,,,0.0
instagram,comment,18323842942283862,Big Chris time,,https://www.instagram.com/p/DYnpRpuBnpV/,DYnpRpuBnpV,neutral,2026-05-17T21:03:41.000Z,0,0,0,0,0.0,0,,,0.0
instagram,comment,17888558085371969,Ur himmmm,,https://www.instagram.com/p/DYnpRpuBnpV/,DYnpRpuBnpV,neutral,2026-05-17T20:21:39.000Z,0,0,0,0,0.0,0,,,0.0
instagram,post,3901166680154605261,"Yes im going my fringe out again ... no I dont know if ill refrain from the urge of cutting it again... yes i already miss the full Fringe 😊😅
#newupload #metalheadaesthetic #undecided #messyhair #foryoupageシ゚",https://www.instagram.com/p/DYjum0kNIbN/,,,neutral,2026-05-20T11:08:51.000Z,185,0,10,0,0.0,195,215.0,,
instagram,comment,18085202684616722,Oh ya,,https://www.instagram.com/p/DYjum0kNIbN/,DYjum0kNIbN,neutral,2026-05-17T20:21:18.000Z,0,0,0,0,0.0,0,,,0.0
instagram,comment,18073959956291346,incredibly based jorg,,https://www.instagram.com/p/DYjum0kNIbN/,DYjum0kNIbN,neutral,2026-05-17T20:14:39.000Z,0,0,0,0,0.0,0,,,0.0
instagram,comment,17930518956088359,Stud,,https://www.instagram.com/p/DYjum0kNIbN/,DYjum0kNIbN,neutral,2026-05-17T20:03:45.000Z,0,0,0,0,0.0,0,,,0.0
instagram,comment,18463111723111798,What a guy,,https://www.instagram.com/p/DYjum0kNIbN/,DYjum0kNIbN,neutral,2026-05-17T19:53:53.000Z,0,0,0,0,0.0,0,,,0.0
instagram,comment,17940679329035498,Tiki land 🔜,,https://www.instagram.com/p/DYjum0kNIbN/,DYjum0kNIbN,neutral,2026-05-17T19:35:57.000Z,0,0,0,0,0.0,0,,,0.0
instagram,comment,17926754445296187,Wake up everyone Christian Craver posted,,https://www.instagram.com/p/DYjum0kNIbN/,DYjum0kNIbN,neutral,2026-05-17T19:35:19.000Z,0,0,0,0,0.0,0,,,0.0
instagram,comment,17954606223131485,kid’s a beast,,https://www.instagram.com/p/DYjum0kNIbN/,DYjum0kNIbN,neutral,2026-05-17T19:24:24.000Z,0,0,0,0,0.0,0,,,0.0
instagram,comment,18131300563507383,more sep specials on the way🔜,,https://www.instagram.com/p/DYjum0kNIbN/,DYjum0kNIbN,neutral,2026-05-17T19:20:44.000Z,0,0,0,0,0.0,0,,,0.0
instagram,comment,18107119832299140,Hmm nice craver,,https://www.instagram.com/p/DYjum0kNIbN/,DYjum0kNIbN,neutral,2026-05-17T19:18:41.000Z,0,0,0,0,0.0,0,,,0.0
instagram,post,3900482783517509929,"The war in Iran just triggered the most severe oil supply shock in history. Gas prices had their biggest one-month spike ever. The average American household is seeing costs spike. One-fifth of the world's oil flows through the Strait of Hormuz. Even if it reopened tomorrow, production wouldn't recover for years. So is this war actually speeding up the energy transition? Or is it just exposing cracks that were already there?

Video link in the bio!

#blockades, #breakingnews, #climatechange, #energytransition, #gasprices, #globalenergy, #iran, #iranconflict, #iranwar, #middleeast, #news, #politics, #renewables, #securitypolicy, #solarpower, #straitofhormuz, #undecided, #undecidedwithmattferrell, #wariniran",https://www.instagram.com/p/DYhTG0MFokp/,,,neutral,2026-05-19T12:30:08.000Z,5,0,0,0,0.0,5,5.0,,
instagram,comment,18593096311006857,Cwistian cwaver,,https://www.instagram.com/p/DYhTG0MFokp/,DYhTG0MFokp,neutral,2026-05-17T19:00:07.000Z,0,0,0,0,0.0,0,,,0.0
instagram,comment,18373869064163161,i also don’t see our family photo🧀,,https://www.instagram.com/p/DYhTG0MFokp/,DYhTG0MFokp,neutral,2026-05-17T18:56:00.000Z,0,0,0,0,0.0,0,,,0.0
instagram,comment,17966676066073683,my like is for @devyn.sheehan,,https://www.instagram.com/p/DYhTG0MFokp/,DYhTG0MFokp,neutral,2026-05-17T18:55:14.000Z,0,0,0,0,0.0,0,,,0.0
instagram,comment,18154356352465915,Electric,,https://www.instagram.com/p/DYhTG0MFokp/,DYhTG0MFokp,neutral,2026-05-17T18:51:20.000Z,0,0,0,0,0.0,0,,,0.0
instagram,comment,18121125721660039,this dude tuff,,https://www.instagram.com/p/DYhTG0MFokp/,DYhTG0MFokp,neutral,2026-05-17T18:50:17.000Z,0,0,0,0,0.0,0,,,0.0
instagram,comment,18100396189890250,You’re so pretty 🥺🖤,,https://www.instagram.com/p/DYhTG0MFokp/,DYhTG0MFokp,neutral,2026-06-03T20:15:46.000Z,0,0,0,0,0.0,0,,,0.0
instagram,comment,18121209955635549,Absolutely unreal 🔥🖤,,https://www.instagram.com/p/DYhTG0MFokp/,DYhTG0MFokp,neutral,2026-05-20T11:57:30.000Z,0,0,0,0,0.0,0,,,0.0
instagram,comment,18105667906750978,Hottie 🙌❤️😍🔥,,https://www.instagram.com/p/DYhTG0MFokp/,DYhTG0MFokp,neutral,2026-05-21T22:13:29.000Z,0,0,0,0,0.0,0,,,0.0
instagram,comment,17991694319974632,💯🔥,,https://www.instagram.com/p/DYhTG0MFokp/,DYhTG0MFokp,neutral,2026-05-20T11:15:36.000Z,0,0,0,0,0.0,0,,,0.0
instagram,post,3899369528950120286,"last senior sunday! where should i go??
#undecided ♥️♥️",https://www.instagram.com/p/DYdV-1FDd9e/,,,neutral,2026-05-17T23:38:12.000Z,456,0,85,0,0.0,541,711.0,,
instagram,comment,18101685482021737,Craver belt?,,https://www.instagram.com/p/DYdV-1FDd9e/,DYdV-1FDd9e,neutral,2026-05-17T18:47:39.000Z,0,0,0,0,0.0,0,,,0.0
instagram,comment,17927287770298153,Where my dawgs at,,https://www.instagram.com/p/DYdV-1FDd9e/,DYdV-1FDd9e,neutral,2026-05-17T18:39:01.000Z,0,0,0,0,0.0,0,,,0.0
instagram,comment,18103156714814692,The boy 🤝🤝,,https://www.instagram.com/p/DYdV-1FDd9e/,DYdV-1FDd9e,neutral,2026-05-17T18:35:29.000Z,0,0,0,0,0.0,0,,,0.0
instagram,comment,18116033164758539,CRAVERRR,,https://www.instagram.com/p/DYdV-1FDd9e/,DYdV-1FDd9e,neutral,2026-05-17T18:34:42.000Z,0,0,0,0,0.0,0,,,0.0
instagram,comment,18073586837300372,my dawg,,https://www.instagram.com/p/DYdV-1FDd9e/,DYdV-1FDd9e,neutral,2026-05-17T18:33:33.000Z,0,0,0,0,0.0,0,,,0.0
instagram,comment,17920048821348155,Meatball,,https://www.instagram.com/p/DYdV-1FDd9e/,DYdV-1FDd9e,neutral,2026-05-17T18:32:07.000Z,0,0,0,0,0.0,0,,,0.0
instagram,comment,17850080790694963,😢🥺🙌🫴🏻,,https://www.instagram.com/p/DYdV-1FDd9e/,DYdV-1FDd9e,neutral,2026-05-17T18:30:13.000Z,0,0,0,0,0.0,0,,,0.0
instagram,comment,17941317018034873,Zestyy,,https://www.instagram.com/p/DYdV-1FDd9e/,DYdV-1FDd9e,neutral,2026-05-17T18:26:50.000Z,0,0,0,0,0.0,0,,,0.0
instagram,comment,17891504985498060,"•
•
•
#ChrisBrown #WobbleUp #Back2Love #BlackPyramid #Takers #Indigo #Undecided #Tempo #HeartBreakinaFullMoon #BreezyBowlXx #BeforetheParty #Royalty #FanofaFan #X #DontJudgeMe #Risiduals #DontWakeMeUp #Fortune #Fame #ICanTransformYa #LightitUp #JustLetGo #Undecided #indigoattour #AekoCatoriBrown #BreezysCosmicCrunch",,https://www.instagram.com/p/DYdV-1FDd9e/,DYdV-1FDd9e,neutral,2026-05-24T18:03:57.000Z,0,0,0,0,0.0,0,,,0.0
instagram,post,3899320294464839629,"Here is the original lineup of The Masters Apprentices photographed at the rear of the old The King's Head Hotel in Adelaide… the very place where it all started.

L to R: Brian Vaughton, Jim Keays, Mick Bower, Gavin Webb and Rick Morrison.

Not long after this photo was taken, the band would break through nationally with “Undecided”, written by Mick Bower and Rick Morrison, helping launch one of Australia’s most important rock bands. From Adelaide pubs to national charts… it all began right here.

Founding members Mick Bower and Brian Vaughton are excited to be getting back out on the road later this year with Craig Holden, Bill Harrod and Dan Matejcic.

🎸 TOUR DATES 🎸
📍 Brisbane – The Triffid
Sunday 16 August 2026
Special Guest: Doug Ford

📍 Sydney – The Wintle Theatre
Sunday 20 September 2026

📍 Melbourne – Brunswick Ballroom
Sunday 4 October 2026

📍 Goolwa – Centenary Hall
Sunday 22 November 2026

More info and tickets at:
https://themastersapprentices.com/

#TheMastersApprentices #MickBower #BrianVaughton #RickMorrison #GavinWebb #JimKeays #Undecided #AustralianMusic #AussieRock #AdelaideMusic #ClassicRock #TheTriffid #BrunswickBallroom #Goolwa #SydneyMusic #60sRock",https://www.instagram.com/p/DYdKyX5DF_N/,,,neutral,2026-05-17T22:00:24.000Z,22,0,1,0,0.0,23,25.0,,
instagram,comment,18183346225390525,Gorgeous!!,,https://www.instagram.com/p/DYdKyX5DF_N/,DYdKyX5DF_N,neutral,2026-05-18T02:55:22.000Z,0,0,0,0,0.0,0,,,0.0
instagram,comment,17893485969464194,Anywhere would be lucky to have you!!,,https://www.instagram.com/p/DYdKyX5DF_N/,DYdKyX5DF_N,neutral,2026-05-18T02:29:02.000Z,0,0,0,0,0.0,0,,,0.0
instagram,comment,17962979349094584,So perffff❤️❤️,,https://www.instagram.com/p/DYdKyX5DF_N/,DYdKyX5DF_N,neutral,2026-05-18T02:14:01.000Z,0,0,0,0,0.0,0,,,0.0
instagram,comment,18121583089635989,😍😍😍,,https://www.instagram.com/p/DYdKyX5DF_N/,DYdKyX5DF_N,neutral,2026-05-18T01:51:00.000Z,0,0,0,0,0.0,0,,,0.0
instagram,comment,18083859836105226,Love!!!!!!!,,https://www.instagram.com/p/DYdKyX5DF_N/,DYdKyX5DF_N,neutral,2026-05-18T01:45:39.000Z,0,0,0,0,0.0,0,,,0.0
instagram,comment,17925959043335407,uark 🐗🐗❣️❣️❣️❣️🐗🐗🐗❣️,,https://www.instagram.com/p/DYdKyX5DF_N/,DYdKyX5DF_N,neutral,2026-05-18T01:30:32.000Z,0,0,0,0,0.0,0,,,0.0
instagram,comment,18058400711709305,So pretty reeseee,,https://www.instagram.com/p/DYdKyX5DF_N/,DYdKyX5DF_N,neutral,2026-05-18T01:30:27.000Z,0,0,0,0,0.0,0,,,0.0
instagram,comment,18070670549671825,Gorggg,,https://www.instagram.com/p/DYdKyX5DF_N/,DYdKyX5DF_N,neutral,2026-05-18T01:24:50.000Z,0,0,0,0,0.0,0,,,0.0
instagram,comment,18073038941312743,You’re beautiful,,https://www.instagram.com/p/DYdKyX5DF_N/,DYdKyX5DF_N,neutral,2026-05-18T01:14:06.000Z,0,0,0,0,0.0,0,,,0.0
instagram,comment,17870993967672038,Never leave!!!,,https://www.instagram.com/p/DYdKyX5DF_N/,DYdKyX5DF_N,neutral,2026-05-18T01:14:01.000Z,0,0,0,0,0.0,0,,,0.0
instagram,comment,18083308940636339,Wherever you go will be perfecttttt!! Im so excited for you!!!!! 🥰🥰🥰,,https://www.instagram.com/p/DYdKyX5DF_N/,DYdKyX5DF_N,neutral,2026-05-18T01:10:20.000Z,0,0,0,0,0.0,0,,,0.0
instagram,comment,18011555759896941,Youre stunning,,https://www.instagram.com/p/DYdKyX5DF_N/,DYdKyX5DF_N,neutral,2026-05-18T01:09:57.000Z,0,0,0,0,0.0,0,,,0.0
instagram,comment,18094409138181097,love ya cutie!,,https://www.instagram.com/p/DYdKyX5DF_N/,DYdKyX5DF_N,neutral,2026-05-18T01:09:22.000Z,0,0,0,0,0.0,0,,,0.0
instagram,post,3899212413543766358,2nd and goal #undecided #wheremydogsat #taqueria,https://www.instagram.com/p/DYcyQf9EdlW/,,,neutral,2026-05-17T18:26:03.000Z,761,0,62,0,0.0,823,947.0,,
instagram,comment,17965283540916058,Beautyyy,,https://www.instagram.com/p/DYcyQf9EdlW/,DYcyQf9EdlW,neutral,2026-05-18T01:07:04.000Z,0,0,0,0,0.0,0,,,0.0
instagram,comment,18095193578223657,STUNNER,,https://www.instagram.com/p/DYcyQf9EdlW/,DYcyQf9EdlW,neutral,2026-05-18T01:05:07.000Z,0,0,0,0,0.0,0,,,0.0
instagram,comment,18052534799573402,beautiful girl!!!!!!,,https://www.instagram.com/p/DYcyQf9EdlW/,DYcyQf9EdlW,neutral,2026-05-18T00:55:38.000Z,0,0,0,0,0.0,0,,,0.0
instagram,comment,18360845641232484,arkansas 🥹🥹🥹 would love to have uuuu,,https://www.instagram.com/p/DYcyQf9EdlW/,DYcyQf9EdlW,neutral,2026-05-18T00:55:31.000Z,0,0,0,0,0.0,0,,,0.0
instagram,comment,18392376172093654,so pretty!!,,https://www.instagram.com/p/DYcyQf9EdlW/,DYcyQf9EdlW,neutral,2026-05-18T00:45:04.000Z,0,0,0,0,0.0,0,,,0.0
instagram,comment,18105676868291039,SO BEAUTIFUL,,https://www.instagram.com/p/DYcyQf9EdlW/,DYcyQf9EdlW,neutral,2026-05-18T00:34:37.000Z,0,0,0,0,0.0,0,,,0.0
instagram,comment,17920592607144588,i’ll miss you smmm,,https://www.instagram.com/p/DYcyQf9EdlW/,DYcyQf9EdlW,neutral,2026-05-18T00:29:50.000Z,0,0,0,0,0.0,0,,,0.0
instagram,comment,18408127588148819,gorgggg,,https://www.instagram.com/p/DYcyQf9EdlW/,DYcyQf9EdlW,neutral,2026-05-18T00:29:42.000Z,0,0,0,0,0.0,0,,,0.0
instagram,comment,18097208402137505,So so pretty,,https://www.instagram.com/p/DYcyQf9EdlW/,DYcyQf9EdlW,neutral,2026-05-18T00:28:16.000Z,0,0,0,0,0.0,0,,,0.0
instagram,comment,18131310109583566,Miss u,,https://www.instagram.com/p/DYcyQf9EdlW/,DYcyQf9EdlW,neutral,2026-05-18T00:26:14.000Z,0,0,0,0,0.0,0,,,0.0
instagram,comment,17888808105523952,Awww my girl,,https://www.instagram.com/p/DYcyQf9EdlW/,DYcyQf9EdlW,neutral,2026-05-18T00:26:12.000Z,0,0,0,0,0.0,0,,,0.0
instagram,comment,18217966225324274,Love you ❤️,,https://www.instagram.com/p/DYcyQf9EdlW/,DYcyQf9EdlW,neutral,2026-05-18T00:25:14.000Z,0,0,0,0,0.0,0,,,0.0
instagram,post,3908883840113467240,"Summer Vibes☀️ Vendor 

Why so many lipshades?
There are so many Avon lip shades to choose from  J's  Boutique that i can't decide...so i am wearing all 5 shades. 
J's Boutique is an Avon beauty brand that will be setup at Summer Vibes. So come get your beauty on. 
Hopefully you can make up your mind which lipshades to wear.

Summer Vibes 
Food, music,  and  local businesses giving the trends and the things to do for summer '26.

📍Date:/Location
June 4, 5-9p
Vicksburg City Pavillion 
100 Army Navy Drive 
Vicksburg MS

Event details 
https://www.facebook.com/share/1H3rtwSZBj/

#avon #undecided #lipshades #summervibes #vicksburgms",https://www.instagram.com/p/DY_JSR2Ol9o/,,,neutral,2026-05-31T02:41:29.000Z,0,0,0,0,0.0,0,0.0,,
instagram,comment,17919882054359192,Can’t believe my shadow is graduating 😢,,https://www.instagram.com/p/DY_JSR2Ol9o/,DY_JSR2Ol9o,neutral,2026-05-18T00:25:11.000Z,0,0,0,0,0.0,0,,,0.0
instagram,comment,18103473058971344,You look so good,,https://www.instagram.com/p/DY_JSR2Ol9o/,DY_JSR2Ol9o,neutral,2026-05-18T00:24:48.000Z,0,0,0,0,0.0,0,,,0.0
instagram,comment,18399922645158877,So pretty wow!!!,,https://www.instagram.com/p/DY_JSR2Ol9o/,DY_JSR2Ol9o,neutral,2026-05-18T00:18:51.000Z,0,0,0,0,0.0,0,,,0.0
instagram,comment,18116080372755684,U should come to cli…,,https://www.instagram.com/p/DY_JSR2Ol9o/,DY_JSR2Ol9o,neutral,2026-05-18T00:18:32.000Z,0,0,0,0,0.0,0,,,0.0
instagram,comment,18021690209826690,🤍🤍🤍,,https://www.instagram.com/p/DY_JSR2Ol9o/,DY_JSR2Ol9o,neutral,2026-05-18T00:18:31.000Z,0,0,0,0,0.0,0,,,0.0
instagram,comment,17877689634458015,Perf bsf,,https://www.instagram.com/p/DY_JSR2Ol9o/,DY_JSR2Ol9o,neutral,2026-05-18T00:18:21.000Z,0,0,0,0,0.0,0,,,0.0
instagram,comment,17857216128642827,You are STUNNING,,https://www.instagram.com/p/DY_JSR2Ol9o/,DY_JSR2Ol9o,neutral,2026-05-18T00:16:09.000Z,0,0,0,0,0.0,0,,,0.0
instagram,comment,17975621604039481,Gorggg,,https://www.instagram.com/p/DY_JSR2Ol9o/,DY_JSR2Ol9o,neutral,2026-05-18T00:12:11.000Z,0,0,0,0,0.0,0,,,0.0
instagram,comment,18013033424699670,Beautifulllllllll,,https://www.instagram.com/p/DY_JSR2Ol9o/,DY_JSR2Ol9o,neutral,2026-05-18T00:11:49.000Z,0,0,0,0,0.0,0,,,0.0
instagram,comment,18083138609109853,"Absolutely beautiful!
Love you💜",,https://www.instagram.com/p/DY_JSR2Ol9o/,DY_JSR2Ol9o,neutral,2026-05-18T00:05:28.000Z,0,0,0,0,0.0,0,,,0.0
instagram,comment,17920633143346415,gorgeous girl ilysm!!,,https://www.instagram.com/p/DY_JSR2Ol9o/,DY_JSR2Ol9o,neutral,2026-05-18T00:01:49.000Z,0,0,0,0,0.0,0,,,0.0
instagram,comment,18099310916030742,😍😍,,https://www.instagram.com/p/DY_JSR2Ol9o/,DY_JSR2Ol9o,neutral,2026-05-18T00:01:05.000Z,0,0,0,0,0.0,0,,,0.0
instagram,comment,18103339606991738,Perfect,,https://www.instagram.com/p/DY_JSR2Ol9o/,DY_JSR2Ol9o,neutral,2026-05-18T00:01:04.000Z,0,0,0,0,0.0,0,,,0.0
instagram,post,3904273695472425833,#ChrisBrown received his honorary Doctorate •swipe• #HHUCIT,https://www.instagram.com/p/DYuxD2EiRtp/,,,neutral,2026-05-24T18:01:55.000Z,-1,0,1,0,0.0,0,2.0,,
instagram,comment,18056297843737526,Love u pretty girlll,,https://www.instagram.com/p/DYuxD2EiRtp/,DYuxD2EiRtp,neutral,2026-05-18T00:01:01.000Z,0,0,0,0,0.0,0,,,0.0
instagram,comment,17873774814668031,AWW so pretty!!!,,https://www.instagram.com/p/DYuxD2EiRtp/,DYuxD2EiRtp,neutral,2026-05-18T00:00:43.000Z,0,0,0,0,0.0,0,,,0.0
instagram,comment,18049892990758430,so pretty reese!!,,https://www.instagram.com/p/DYuxD2EiRtp/,DYuxD2EiRtp,neutral,2026-05-17T23:59:39.000Z,0,0,0,0,0.0,0,,,0.0
instagram,comment,18090420896523480,Beautyyy,,https://www.instagram.com/p/DYuxD2EiRtp/,DYuxD2EiRtp,neutral,2026-05-17T23:57:49.000Z,0,0,0,0,0.0,0,,,0.0
instagram,comment,17861884515628060,Omg the cutest,,https://www.instagram.com/p/DYuxD2EiRtp/,DYuxD2EiRtp,neutral,2026-05-17T23:55:39.000Z,0,0,0,0,0.0,0,,,0.0
instagram,comment,18065471834382893,love you!!!,,https://www.instagram.com/p/DYuxD2EiRtp/,DYuxD2EiRtp,neutral,2026-05-17T23:55:36.000Z,0,0,0,0,0.0,0,,,0.0
instagram,comment,17997733313951669,you’re gorgeous,,https://www.instagram.com/p/DYuxD2EiRtp/,DYuxD2EiRtp,neutral,2026-05-17T23:55:32.000Z,0,0,0,0,0.0,0,,,0.0
instagram,comment,18106543795746830,sooo pretty,,https://www.instagram.com/p/DYuxD2EiRtp/,DYuxD2EiRtp,neutral,2026-05-17T23:51:23.000Z,0,0,0,0,0.0,0,,,0.0
instagram,comment,18582878020021035,These are so pretty ❤️❤️❤️,,https://www.instagram.com/p/DYuxD2EiRtp/,DYuxD2EiRtp,neutral,2026-05-17T23:49:49.000Z,0,0,0,0,0.0,0,,,0.0
instagram,comment,17980317753008172,gorgeoussss love youuu,,https://www.instagram.com/p/DYuxD2EiRtp/,DYuxD2EiRtp,neutral,2026-05-17T23:46:46.000Z,0,0,0,0,0.0,0,,,0.0
instagram,comment,18094982737923676,Perfect angel,,https://www.instagram.com/p/DYuxD2EiRtp/,DYuxD2EiRtp,neutral,2026-05-17T23:46:19.000Z,0,0,0,0,0.0,0,,,0.0
instagram,comment,18020998493667073,Sooo beautiful,,https://www.instagram.com/p/DYuxD2EiRtp/,DYuxD2EiRtp,neutral,2026-05-17T23:45:16.000Z,0,0,0,0,0.0,0,,,0.0
instagram,post,3898634463643857317,"5/16/26 POD
#lifeinapicture #apictureisworthathousandwords  #photooftheday #leftyorrighty #undecided",https://www.instagram.com/p/DYau2OKlnGl/,,,neutral,2026-05-16T23:17:46.000Z,6,0,0,0,0.0,6,6.0,,
instagram,comment,18143964181446722,Wow Reese!! You look amazing,,https://www.instagram.com/p/DYau2OKlnGl/,DYau2OKlnGl,neutral,2026-05-17T23:44:05.000Z,0,0,0,0,0.0,0,,,0.0
instagram,comment,18099678476019088,beautiful!!,,https://www.instagram.com/p/DYau2OKlnGl/,DYau2OKlnGl,neutral,2026-05-17T23:43:24.000Z,0,0,0,0,0.0,0,,,0.0
instagram,comment,17914749582385761,Awwww precious!!!!,,https://www.instagram.com/p/DYau2OKlnGl/,DYau2OKlnGl,neutral,2026-05-17T23:43:02.000Z,0,0,0,0,0.0,0,,,0.0
instagram,comment,18102892951892462,soo soo gorgeous!!,,https://www.instagram.com/p/DYau2OKlnGl/,DYau2OKlnGl,neutral,2026-05-17T23:41:10.000Z,0,0,0,0,0.0,0,,,0.0
instagram,comment,17897553384446176,best day ever with uuu,,https://www.instagram.com/p/DYau2OKlnGl/,DYau2OKlnGl,neutral,2026-05-17T23:40:48.000Z,0,0,0,0,0.0,0,,,0.0
instagram,comment,18075942473652290,these are sooo good,,https://www.instagram.com/p/DYau2OKlnGl/,DYau2OKlnGl,neutral,2026-05-17T23:40:45.000Z,0,0,0,0,0.0,0,,,0.0
instagram,post,3898174038988376735,#undecided #girlband #london #girlpower #girlbands,https://www.instagram.com/p/DYZGKKSjUqf/,,,neutral,2026-05-16T08:02:59.000Z,159,0,10,0,0.0,169,189.0,,
instagram,comment,17952075510137063,❤️‍🔥,,https://www.instagram.com/p/DYZGKKSjUqf/,DYZGKKSjUqf,neutral,2026-05-09T05:17:35.000Z,0,0,0,0,0.0,0,,,0.0
instagram,comment,18108598300721855,✨✨,,https://www.instagram.com/p/DYZGKKSjUqf/,DYZGKKSjUqf,neutral,2026-05-08T15:42:01.000Z,0,0,0,0,0.0,0,,,0.0
instagram,comment,17946542184171208,Kya body ye bhaiiii💦💦💦💦,,https://www.instagram.com/p/DYZGKKSjUqf/,DYZGKKSjUqf,neutral,2026-05-08T15:23:36.000Z,0,0,0,0,0.0,0,,,0.0
instagram,comment,18119254723590854,❤️,,https://www.instagram.com/p/DYZGKKSjUqf/,DYZGKKSjUqf,neutral,2026-05-08T15:23:27.000Z,0,0,0,0,0.0,0,,,0.0
instagram,comment,17864808585622697,🔥🔥😍,,https://www.instagram.com/p/DYZGKKSjUqf/,DYZGKKSjUqf,neutral,2026-05-08T15:05:30.000Z,0,0,0,0,0.0,0,,,0.0
instagram,comment,18117593026736192,Aliyan 🔥,,https://www.instagram.com/p/DYZGKKSjUqf/,DYZGKKSjUqf,neutral,2026-05-08T14:47:10.000Z,0,0,0,0,0.0,0,,,0.0
instagram,comment,18107898859930068,😍,,https://www.instagram.com/p/DYZGKKSjUqf/,DYZGKKSjUqf,neutral,2026-05-08T14:24:23.000Z,0,0,0,0,0.0,0,,,0.0
instagram,comment,18458038153128511,Sundharaaaa😍,,https://www.instagram.com/p/DYZGKKSjUqf/,DYZGKKSjUqf,neutral,2026-05-08T14:24:22.000Z,0,0,0,0,0.0,0,,,0.0
instagram,comment,18137560933527306,🔥,,https://www.instagram.com/p/DYZGKKSjUqf/,DYZGKKSjUqf,neutral,2026-05-08T14:21:10.000Z,0,0,0,0,0.0,0,,,0.0
instagram,comment,18081196559289997,❤️,,https://www.instagram.com/p/DYZGKKSjUqf/,DYZGKKSjUqf,neutral,2026-05-08T14:19:12.000Z,0,0,0,0,0.0,0,,,0.0
instagram,comment,17996394476776087,Rome is one of my favourite cities in the world ❤️,,https://www.instagram.com/p/DYZGKKSjUqf/,DYZGKKSjUqf,neutral,2026-05-25T07:40:15.000Z,0,0,0,0,0.0,0,,,0.0
instagram,comment,17991265652972540,😭🍞🙏💔,,https://www.instagram.com/p/DYZGKKSjUqf/,DYZGKKSjUqf,neutral,2026-05-17T14:35:57.000Z,0,0,0,0,0.0,0,,,0.0
instagram,comment,18119897617661884,🔥 beautiful to have more than one home 😍,,https://www.instagram.com/p/DYZGKKSjUqf/,DYZGKKSjUqf,neutral,2026-05-15T12:22:15.000Z,0,0,0,0,0.0,0,,,0.0
instagram,comment,18579957292007827,❤️☀️,,https://www.instagram.com/p/DYZGKKSjUqf/,DYZGKKSjUqf,neutral,2026-05-14T12:24:01.000Z,0,0,0,0,0.0,0,,,0.0
instagram,comment,17889110499546561,Stunning😍,,https://www.instagram.com/p/DYZGKKSjUqf/,DYZGKKSjUqf,neutral,2026-06-02T03:09:30.000Z,0,0,0,0,0.0,0,,,0.0
instagram,comment,18104443454055897,Welcome‼️,,https://www.instagram.com/p/DYZGKKSjUqf/,DYZGKKSjUqf,neutral,2026-05-22T19:12:37.000Z,0,0,0,0,0.0,0,,,0.0
instagram,comment,17909529873223170,Remember when she wrestled at Jackson,,https://www.instagram.com/p/DYZGKKSjUqf/,DYZGKKSjUqf,neutral,2026-05-18T19:37:00.000Z,0,0,0,0,0.0,0,,,0.0
instagram,comment,17890845879495432,Great job 👏,,https://www.instagram.com/p/DYZGKKSjUqf/,DYZGKKSjUqf,neutral,2026-05-17T23:54:45.000Z,0,0,0,0,0.0,0,,,0.0
instagram,comment,18082082573428638,Congratulations awesome!! 👏,,https://www.instagram.com/p/DYZGKKSjUqf/,DYZGKKSjUqf,neutral,2026-05-17T09:19:49.000Z,0,0,0,0,0.0,0,,,0.0
instagram,comment,18107493359302967,Awesome,,https://www.instagram.com/p/DYZGKKSjUqf/,DYZGKKSjUqf,neutral,2026-05-17T00:46:06.000Z,0,0,0,0,0.0,0,,,0.0
instagram,comment,18048882740769892,Yessir 🔥,,https://www.instagram.com/p/DYZGKKSjUqf/,DYZGKKSjUqf,neutral,2026-05-16T23:41:21.000Z,0,0,0,0,0.0,0,,,0.0
instagram,comment,18047243798780793,Are you taking @naiya.delossantos with you??!,,https://www.instagram.com/p/DYZGKKSjUqf/,DYZGKKSjUqf,neutral,2026-05-16T03:02:29.000Z,0,0,0,0,0.0,0,,,0.0
instagram,comment,17937424617249038,Let’s Go!!!,,https://www.instagram.com/p/DYZGKKSjUqf/,DYZGKKSjUqf,neutral,2026-05-15T22:38:48.000Z,0,0,0,0,0.0,0,,,0.0
instagram,comment,18079585823539854,Clones hunni,,https://www.instagram.com/p/DYZGKKSjUqf/,DYZGKKSjUqf,neutral,2026-05-15T19:27:29.000Z,0,0,0,0,0.0,0,,,0.0
instagram,comment,18112491994846703,Yes ma’am! 🌪️,,https://www.instagram.com/p/DYZGKKSjUqf/,DYZGKKSjUqf,neutral,2026-05-15T18:06:19.000Z,0,0,0,0,0.0,0,,,0.0
instagram,comment,18095918693145578,🔥🔥🔥,,https://www.instagram.com/p/DYZGKKSjUqf/,DYZGKKSjUqf,neutral,2026-05-15T15:48:55.000Z,0,0,0,0,0.0,0,,,0.0
instagram,comment,17949903690157945,🌪️,,https://www.instagram.com/p/DYZGKKSjUqf/,DYZGKKSjUqf,neutral,2026-05-15T15:45:18.000Z,0,0,0,0,0.0,0,,,0.0
instagram,comment,17909271951406752,Aww congratulations sweet girl!!❤️❤️,,https://www.instagram.com/p/DYZGKKSjUqf/,DYZGKKSjUqf,neutral,2026-05-15T11:44:28.000Z,0,0,0,0,0.0,0,,,0.0
instagram,comment,17995940987775677,Noncommittal at her core!,,https://www.instagram.com/p/DYZGKKSjUqf/,DYZGKKSjUqf,neutral,2026-05-14T19:14:08.000Z,0,0,0,0,0.0,0,,,0.0
instagram,comment,17948870604160314,LOVE YOUUUU😚😚😚😚,,https://www.instagram.com/p/DYZGKKSjUqf/,DYZGKKSjUqf,neutral,2026-05-12T02:11:31.000Z,0,0,0,0,0.0,0,,,0.0
instagram,comment,18007682840858043,These are so sha aw,,https://www.instagram.com/p/DYZGKKSjUqf/,DYZGKKSjUqf,neutral,2026-05-12T00:05:22.000Z,0,0,0,0,0.0,0,,,0.0
instagram,comment,18098097443147624,Caption real af,,https://www.instagram.com/p/DYZGKKSjUqf/,DYZGKKSjUqf,neutral,2026-05-12T00:04:35.000Z,0,0,0,0,0.0,0,,,0.0
instagram,post,3897095864028937347,"Chasing bigger goals🌪️
Iowa state? 
#visit  #undecided",https://www.instagram.com/p/DYVRApnFryD/,,,neutral,2026-05-14T20:20:50.000Z,4587,0,52,0,0.0,4639,4743.0,,
instagram,comment,17971023803891954,So beautiful Eloise and Happy Birthday Week!,,https://www.instagram.com/p/DYVRApnFryD/,DYVRApnFryD,neutral,2026-05-11T13:07:45.000Z,0,0,0,0,0.0,0,,,0.0
instagram,comment,18020196026668436,STUNNING,,https://www.instagram.com/p/DYVRApnFryD/,DYVRApnFryD,neutral,2026-05-09T21:24:21.000Z,0,0,0,0,0.0,0,,,0.0
instagram,comment,18150475624470185,WOWOWOW 🤩,,https://www.instagram.com/p/DYVRApnFryD/,DYVRApnFryD,neutral,2026-05-09T21:21:12.000Z,0,0,0,0,0.0,0,,,0.0
instagram,comment,18089952143006295,you are so beautiful wheeze!!!,,https://www.instagram.com/p/DYVRApnFryD/,DYVRApnFryD,neutral,2026-05-09T21:17:05.000Z,0,0,0,0,0.0,0,,,0.0
instagram,comment,17881780035424769,SEXY MAMAS,,https://www.instagram.com/p/DYVRApnFryD/,DYVRApnFryD,neutral,2026-05-09T21:16:56.000Z,0,0,0,0,0.0,0,,,0.0
instagram,comment,17896707267444766,beautiful girl ❤️,,https://www.instagram.com/p/DYVRApnFryD/,DYVRApnFryD,neutral,2026-05-09T19:53:48.000Z,0,0,0,0,0.0,0,,,0.0
instagram,comment,17940521022032554,You look so beautiful 😘,,https://www.instagram.com/p/DYVRApnFryD/,DYVRApnFryD,neutral,2026-05-09T19:46:01.000Z,0,0,0,0,0.0,0,,,0.0
instagram,comment,18084804413573736,my beautiful best friend!!,,https://www.instagram.com/p/DYVRApnFryD/,DYVRApnFryD,neutral,2026-05-09T19:22:54.000Z,0,0,0,0,0.0,0,,,0.0
instagram,comment,18136005166550112,WOW THESE ARE PERFECT,,https://www.instagram.com/p/DYVRApnFryD/,DYVRApnFryD,neutral,2026-05-09T19:22:45.000Z,0,0,0,0,0.0,0,,,0.0
instagram,comment,17908387299224700,LSU 🐅,,https://www.instagram.com/p/DYVRApnFryD/,DYVRApnFryD,neutral,2026-05-09T19:22:26.000Z,0,0,0,0,0.0,0,,,0.0
instagram,comment,18092352584202204,Amazing 😍😍😍,,https://www.instagram.com/p/DYVRApnFryD/,DYVRApnFryD,neutral,2026-06-04T06:03:48.000Z,0,0,0,0,0.0,0,,,0.0
instagram,comment,17974866710886421,Woww!love love💕💕💕💕,,https://www.instagram.com/p/DYVRApnFryD/,DYVRApnFryD,neutral,2026-06-03T08:52:27.000Z,0,0,0,0,0.0,0,,,0.0
instagram,comment,18060013100710523,❤️❤️❤️❤️❤️❤️❤️❤️❤️❤️❤️❤️❤️❤️❤️❤️❤️❤️❤️❤️,,https://www.instagram.com/p/DYVRApnFryD/,DYVRApnFryD,neutral,2026-05-29T05:07:23.000Z,0,0,0,0,0.0,0,,,0.0
instagram,comment,18090752654198680,This is so amazing,,https://www.instagram.com/p/DYVRApnFryD/,DYVRApnFryD,neutral,2026-05-25T18:35:13.000Z,0,0,0,0,0.0,0,,,0.0
instagram,comment,17862552570588283,Grandios 🔥🔥🔥👏🏻👏🏻👏🏻💙💙💙,,https://www.instagram.com/p/DYVRApnFryD/,DYVRApnFryD,neutral,2026-05-24T11:54:16.000Z,0,0,0,0,0.0,0,,,0.0
instagram,comment,17855878731663476,Such gorgeous details!  Beautiful designs!,,https://www.instagram.com/p/DYVRApnFryD/,DYVRApnFryD,neutral,2026-05-23T20:56:28.000Z,0,0,0,0,0.0,0,,,0.0
instagram,comment,18078901097208782,Adorable,,https://www.instagram.com/p/DYVRApnFryD/,DYVRApnFryD,neutral,2026-05-23T16:42:07.000Z,0,0,0,0,0.0,0,,,0.0
instagram,comment,18125554750626059,Wow 🤩 😍😍,,https://www.instagram.com/p/DYVRApnFryD/,DYVRApnFryD,neutral,2026-05-23T08:50:50.000Z,0,0,0,0,0.0,0,,,0.0
instagram,comment,18063311252459553,The left ❤️,,https://www.instagram.com/p/DYVRApnFryD/,DYVRApnFryD,neutral,2026-05-22T20:55:02.000Z,0,0,0,0,0.0,0,,,0.0
instagram,comment,18110380774703869,pretty design,,https://www.instagram.com/p/DYVRApnFryD/,DYVRApnFryD,neutral,2026-05-20T13:47:39.000Z,0,0,0,0,0.0,0,,,0.0
instagram,comment,17970525909102673,Stunning ! 🩷,,https://www.instagram.com/p/DYVRApnFryD/,DYVRApnFryD,neutral,2026-05-20T10:16:31.000Z,0,0,0,0,0.0,0,,,0.0
instagram,comment,18393258016082449,They are both so stunning! Right for me 😍✨🤍,,https://www.instagram.com/p/DYVRApnFryD/,DYVRApnFryD,neutral,2026-05-20T05:39:58.000Z,0,0,0,0,0.0,0,,,0.0
instagram,comment,18111979972862328,Stunning!!! I think it’s the one on the right for me… going into the summer months.,,https://www.instagram.com/p/DYVRApnFryD/,DYVRApnFryD,neutral,2026-05-20T05:09:51.000Z,0,0,0,0,0.0,0,,,0.0
instagram,comment,18152829763480233,İnceradable,,https://www.instagram.com/p/DYVRApnFryD/,DYVRApnFryD,neutral,2026-05-19T19:05:35.000Z,0,0,0,0,0.0,0,,,0.0
instagram,comment,18103730348066681,These are lovely ✨✨,,https://www.instagram.com/p/DYVRApnFryD/,DYVRApnFryD,neutral,2026-05-18T22:13:41.000Z,0,0,0,0,0.0,0,,,0.0
instagram,comment,18091422998359831,Go for it!!👊🏾,,https://www.instagram.com/p/DYVRApnFryD/,DYVRApnFryD,neutral,2026-05-15T04:01:02.000Z,0,0,0,0,0.0,0,,,0.0
instagram,comment,18589945900049441,Mak coming to the homeland!?!? ❤️💛,,https://www.instagram.com/p/DYVRApnFryD/,DYVRApnFryD,neutral,2026-05-15T02:31:51.000Z,0,0,0,0,0.0,0,,,0.0
instagram,comment,18074388122280345,🌪️,,https://www.instagram.com/p/DYVRApnFryD/,DYVRApnFryD,neutral,2026-05-15T02:28:40.000Z,0,0,0,0,0.0,0,,,0.0
instagram,comment,17862473115627313,beautiful girl,,https://www.instagram.com/p/DYVRApnFryD/,DYVRApnFryD,neutral,2026-05-15T01:12:34.000Z,0,0,0,0,0.0,0,,,0.0
instagram,comment,17861593056631593,gonna miss my drill partner lots :’),,https://www.instagram.com/p/DYVRApnFryD/,DYVRApnFryD,neutral,2026-05-15T01:06:03.000Z,0,0,0,0,0.0,0,,,0.0
instagram,comment,17963728776094512,So cutie Kenna ❤️,,https://www.instagram.com/p/DYVRApnFryD/,DYVRApnFryD,neutral,2026-05-15T00:04:35.000Z,0,0,0,0,0.0,0,,,0.0
instagram,post,3896959350298219596,"Micah is a half inside, half outside kind of dog. #newfie #morningnap #bestofbothworlds #undecided",https://www.instagram.com/p/DYUx-HSqZRM/,,,neutral,2026-05-14T15:51:03.000Z,36,0,1,0,0.0,37,39.0,,
instagram,comment,18092215115462622,🔥🔥🔥,,https://www.instagram.com/p/DYUx-HSqZRM/,DYUx-HSqZRM,neutral,2026-05-14T23:55:12.000Z,0,0,0,0,0.0,0,,,0.0
instagram,comment,17874820203477435,so beautiful!!,,https://www.instagram.com/p/DYUx-HSqZRM/,DYUx-HSqZRM,neutral,2026-05-14T23:37:59.000Z,0,0,0,0,0.0,0,,,0.0
instagram,comment,18061190579475599,Fav All Start Wrestler 🤼‍♂️ 👏,,https://www.instagram.com/p/DYUx-HSqZRM/,DYUx-HSqZRM,neutral,2026-05-14T23:33:57.000Z,0,0,0,0,0.0,0,,,0.0
instagram,comment,18028150292816791,Congrats!!!,,https://www.instagram.com/p/DYUx-HSqZRM/,DYUx-HSqZRM,neutral,2026-05-14T23:30:07.000Z,0,0,0,0,0.0,0,,,0.0
instagram,comment,17928111954297540,proud of you! Congratulations! 🔥❤️,,https://www.instagram.com/p/DYUx-HSqZRM/,DYUx-HSqZRM,neutral,2026-05-14T23:06:59.000Z,0,0,0,0,0.0,0,,,0.0
instagram,comment,18078736709545396,Let’s Go!!! 🔥🔥🔥🔥,,https://www.instagram.com/p/DYUx-HSqZRM/,DYUx-HSqZRM,neutral,2026-05-14T22:45:26.000Z,0,0,0,0,0.0,0,,,0.0
instagram,comment,18119073484708089,Congratulations,,https://www.instagram.com/p/DYUx-HSqZRM/,DYUx-HSqZRM,neutral,2026-05-14T22:38:49.000Z,0,0,0,0,0.0,0,,,0.0
instagram,comment,18149437834489714,My queen,,https://www.instagram.com/p/DYUx-HSqZRM/,DYUx-HSqZRM,neutral,2026-05-14T22:06:45.000Z,0,0,0,0,0.0,0,,,0.0
instagram,comment,18394228600080363,EEKKKK 🙈,,https://www.instagram.com/p/DYUx-HSqZRM/,DYUx-HSqZRM,neutral,2026-05-14T21:50:02.000Z,0,0,0,0,0.0,0,,,0.0
instagram,comment,17900732553439026,"Both so beautiful, Lav ! 😍😍",,https://www.instagram.com/p/DYUx-HSqZRM/,DYUx-HSqZRM,neutral,2026-05-18T16:35:56.000Z,0,0,0,0,0.0,0,,,0.0
instagram,comment,18135874051546686,👏👏👏,,https://www.instagram.com/p/DYUx-HSqZRM/,DYUx-HSqZRM,neutral,2026-05-16T16:15:52.000Z,0,0,0,0,0.0,0,,,0.0
instagram,comment,18088743608135877,So feminine 🌹🌸👑,,https://www.instagram.com/p/DYUx-HSqZRM/,DYUx-HSqZRM,neutral,2026-05-15T23:59:45.000Z,0,0,0,0,0.0,0,,,0.0
instagram,comment,18090191819010720,Amazing!😍🔥👏,,https://www.instagram.com/p/DYUx-HSqZRM/,DYUx-HSqZRM,neutral,2026-05-15T05:49:18.000Z,0,0,0,0,0.0,0,,,0.0
instagram,comment,18177918142399065,The right one caught my eye first 🙂,,https://www.instagram.com/p/DYUx-HSqZRM/,DYUx-HSqZRM,neutral,2026-05-14T22:25:38.000Z,0,0,0,0,0.0,0,,,0.0
instagram,comment,18086081099182213,Very beautiful and delicate 😍😍🌸🌸💖💖,,https://www.instagram.com/p/DYUx-HSqZRM/,DYUx-HSqZRM,neutral,2026-05-14T15:29:50.000Z,0,0,0,0,0.0,0,,,0.0
instagram,comment,17948206584170438,👏👏,,https://www.instagram.com/p/DYUx-HSqZRM/,DYUx-HSqZRM,neutral,2026-05-13T19:45:30.000Z,0,0,0,0,0.0,0,,,0.0
instagram,comment,18132988033492059,Fabulous ❤️,,https://www.instagram.com/p/DYUx-HSqZRM/,DYUx-HSqZRM,neutral,2026-05-13T19:12:45.000Z,0,0,0,0,0.0,0,,,0.0
instagram,comment,17938539759209891,Fantastic! 👏👏👏,,https://www.instagram.com/p/DYUx-HSqZRM/,DYUx-HSqZRM,neutral,2026-05-13T18:45:23.000Z,0,0,0,0,0.0,0,,,0.0
instagram,comment,17991698198975864,Fantastisch und wunderschön ❤️❤️❤️,,https://www.instagram.com/p/DYUx-HSqZRM/,DYUx-HSqZRM,neutral,2026-05-13T17:45:09.000Z,0,0,0,0,0.0,0,,,0.0
instagram,comment,18126077614624096,Im drawn towards the left 🤩,,https://www.instagram.com/p/DYUx-HSqZRM/,DYUx-HSqZRM,neutral,2026-05-13T08:19:56.000Z,0,0,0,0,0.0,0,,,0.0
instagram,comment,18112610551865442,Amazing hun. 😍😍,,https://www.instagram.com/p/DYUx-HSqZRM/,DYUx-HSqZRM,neutral,2026-05-13T01:42:03.000Z,0,0,0,0,0.0,0,,,0.0
instagram,comment,18139569532518958,They’re both beautiful 😍😍,,https://www.instagram.com/p/DYUx-HSqZRM/,DYUx-HSqZRM,neutral,2026-05-13T00:32:48.000Z,0,0,0,0,0.0,0,,,0.0
instagram,comment,18085390763578936,Both are beautiful but absolutely love the one on the right 💞,,https://www.instagram.com/p/DYUx-HSqZRM/,DYUx-HSqZRM,neutral,2026-05-12T20:38:43.000Z,0,0,0,0,0.0,0,,,0.0
instagram,comment,18055131992711412,Both are incredible beautiful! Wow! 😍🤍,,https://www.instagram.com/p/DYUx-HSqZRM/,DYUx-HSqZRM,neutral,2026-05-12T18:56:36.000Z,0,0,0,0,0.0,0,,,0.0
instagram,comment,17937718416218720,LOVE THESE!!!,,https://www.instagram.com/p/DYUx-HSqZRM/,DYUx-HSqZRM,neutral,2026-05-09T19:21:12.000Z,0,0,0,0,0.0,0,,,0.0
instagram,comment,18071980418312411,weesieeeeeee ily,,https://www.instagram.com/p/DYUx-HSqZRM/,DYUx-HSqZRM,neutral,2026-05-09T16:56:34.000Z,0,0,0,0,0.0,0,,,0.0
instagram,comment,18092084282233196,Loving the blob 😏😏,,https://www.instagram.com/p/DYUx-HSqZRM/,DYUx-HSqZRM,neutral,2026-05-09T16:39:24.000Z,0,0,0,0,0.0,0,,,0.0
instagram,comment,18581535697024998,Wifey💋,,https://www.instagram.com/p/DYUx-HSqZRM/,DYUx-HSqZRM,neutral,2026-05-09T16:15:40.000Z,0,0,0,0,0.0,0,,,0.0
instagram,comment,18375026812165916,They came out so good🙌🏻,,https://www.instagram.com/p/DYUx-HSqZRM/,DYUx-HSqZRM,neutral,2026-05-09T16:15:25.000Z,0,0,0,0,0.0,0,,,0.0
instagram,comment,18582391777006658,Beautiful my friend❣️❣️,,https://www.instagram.com/p/DYUx-HSqZRM/,DYUx-HSqZRM,neutral,2026-05-09T15:30:12.000Z,0,0,0,0,0.0,0,,,0.0
instagram,comment,18051205037757250,Bro just wants to keep us on our toes,,https://www.instagram.com/p/DYUx-HSqZRM/,DYUx-HSqZRM,neutral,2026-05-09T15:30:03.000Z,0,0,0,0,0.0,0,,,0.0
instagram,comment,18421677994123650,I’m obsessed w u,,https://www.instagram.com/p/DYUx-HSqZRM/,DYUx-HSqZRM,neutral,2026-05-09T15:17:23.000Z,0,0,0,0,0.0,0,,,0.0
instagram,comment,18104303749777593,eloise i can’t with you you’re so beautifyl,,https://www.instagram.com/p/DYUx-HSqZRM/,DYUx-HSqZRM,neutral,2026-05-09T15:15:29.000Z,0,0,0,0,0.0,0,,,0.0
instagram,post,3896825475225930156,"𓇢𓆸 always divided between London and Rome 
I guess I travel where my song travels to ♪

-where’s home? they ask
-where I make my music: that’s where home is 
-boring 
-boring and true 
-and which one do you prefer London or Rome?

𓍼ོ  one city gives me a multi-cultural vibe, appreciation for work, open minds, gender equality, respect and inclusion for even hidden disabilities, parks, amazing flowers and trees, work opportunities, hundreds of clubs with music from all over the world 
but it still won’t sing

𑣲  the other city gives that light: that light that melts your heart and makes you feel safe even if you’re not it gives me warmth, the amazing blue sky, the delicious food, friends from childhood, friends I make music with, the amazing talent of next door neighbours, the market, the fresh vegetables, the family you always argue with, the sea, the sun
but it still won’t keep me

#musicianlife #londonmusic #romediaries #home #undecided",https://www.instagram.com/p/DYUTh-aiMms/,,,neutral,2026-05-14T11:23:38.000Z,34,0,5,0,0.0,39,49.0,,
instagram,comment,17869341852613599,PEAK CAPTION OMG,,https://www.instagram.com/p/DYUTh-aiMms/,DYUTh-aiMms,neutral,2026-05-09T15:15:18.000Z,0,0,0,0,0.0,0,,,0.0
instagram,comment,18119825107584934,So cute!,,https://www.instagram.com/p/DYUTh-aiMms/,DYUTh-aiMms,neutral,2026-05-09T15:02:45.000Z,0,0,0,0,0.0,0,,,0.0
instagram,comment,18103272322779551,You’re so beautiful Ellie🥹 everywhere and anywhere you go will be so lucky yo have you!!💕💕,,https://www.instagram.com/p/DYUTh-aiMms/,DYUTh-aiMms,neutral,2026-05-09T14:57:45.000Z,0,0,0,0,0.0,0,,,0.0
instagram,comment,18099915992020674,MY GIRL DONT LEAVE,,https://www.instagram.com/p/DYUTh-aiMms/,DYUTh-aiMms,neutral,2026-05-09T14:45:26.000Z,0,0,0,0,0.0,0,,,0.0
instagram,comment,17886884280538280,So ethereal and beautiful and smart and kind and perfect,,https://www.instagram.com/p/DYUTh-aiMms/,DYUTh-aiMms,neutral,2026-05-09T14:30:58.000Z,0,0,0,0,0.0,0,,,0.0
instagram,comment,18420050668135944,so cutie,,https://www.instagram.com/p/DYUTh-aiMms/,DYUTh-aiMms,neutral,2026-05-09T14:10:38.000Z,0,0,0,0,0.0,0,,,0.0
instagram,comment,18096062213139511,OMG YES!!!!!!!,,https://www.instagram.com/p/DYUTh-aiMms/,DYUTh-aiMms,neutral,2026-05-14T21:49:38.000Z,0,0,0,0,0.0,0,,,0.0
instagram,comment,17981316365843665,you look so good!!,,https://www.instagram.com/p/DYUTh-aiMms/,DYUTh-aiMms,neutral,2026-05-14T21:49:20.000Z,0,0,0,0,0.0,0,,,0.0
instagram,comment,18434803519139384,❤️❤️❤️❤️,,https://www.instagram.com/p/DYUTh-aiMms/,DYUTh-aiMms,neutral,2026-05-14T21:27:37.000Z,0,0,0,0,0.0,0,,,0.0
instagram,comment,18586976839017791,Yayyy congrats makennah!!,,https://www.instagram.com/p/DYUTh-aiMms/,DYUTh-aiMms,neutral,2026-05-14T21:25:17.000Z,0,0,0,0,0.0,0,,,0.0
instagram,comment,17990579705986697,cuteeee,,https://www.instagram.com/p/DYUTh-aiMms/,DYUTh-aiMms,neutral,2026-05-14T21:12:45.000Z,0,0,0,0,0.0,0,,,0.0
instagram,comment,18088321364459860,I’m calling that she goes to kent state,,https://www.instagram.com/p/DYUTh-aiMms/,DYUTh-aiMms,neutral,2026-05-14T21:12:27.000Z,0,0,0,0,0.0,0,,,0.0
instagram,comment,17908536675410199,Proud of you! Keep searching for the right place.,,https://www.instagram.com/p/DYUTh-aiMms/,DYUTh-aiMms,neutral,2026-05-14T21:10:37.000Z,0,0,0,0,0.0,0,,,0.0
instagram,comment,18017316560852677,this the oneee👏👏,,https://www.instagram.com/p/DYUTh-aiMms/,DYUTh-aiMms,neutral,2026-05-14T21:04:33.000Z,0,0,0,0,0.0,0,,,0.0
instagram,comment,18317912275277244,alrrr let’s cut to the chase 🙈,,https://www.instagram.com/p/DYUTh-aiMms/,DYUTh-aiMms,neutral,2026-05-14T21:01:29.000Z,0,0,0,0,0.0,0,,,0.0
instagram,comment,18090168662607359,Just gonna miss you lots.,,https://www.instagram.com/p/DYUTh-aiMms/,DYUTh-aiMms,neutral,2026-05-14T20:55:58.000Z,0,0,0,0,0.0,0,,,0.0
instagram,comment,18151831570472768,This the one 😝,,https://www.instagram.com/p/DYUTh-aiMms/,DYUTh-aiMms,neutral,2026-05-14T20:46:27.000Z,0,0,0,0,0.0,0,,,0.0
instagram,comment,17953727091131948,👀👀,,https://www.instagram.com/p/DYUTh-aiMms/,DYUTh-aiMms,neutral,2026-05-14T20:38:41.000Z,0,0,0,0,0.0,0,,,0.0
instagram,comment,17998546007764386,Ts tuff 🔥,,https://www.instagram.com/p/DYUTh-aiMms/,DYUTh-aiMms,neutral,2026-05-14T20:23:01.000Z,0,0,0,0,0.0,0,,,0.0
instagram,comment,18131202148570303,🔥,,https://www.instagram.com/p/DYUTh-aiMms/,DYUTh-aiMms,neutral,2026-05-17T16:24:53.000Z,0,0,0,0,0.0,0,,,0.0
instagram,comment,17854548165665897,🔥🔥🔥,,https://www.instagram.com/p/DYUTh-aiMms/,DYUTh-aiMms,neutral,2026-05-16T12:06:18.000Z,0,0,0,0,0.0,0,,,0.0
instagram,comment,18087613655366113,Pretty girlies 😍,,https://www.instagram.com/p/DYUTh-aiMms/,DYUTh-aiMms,neutral,2026-05-16T11:48:12.000Z,0,0,0,0,0.0,0,,,0.0
instagram,comment,18578560531018225,you look incredible x,,https://www.instagram.com/p/DYUTh-aiMms/,DYUTh-aiMms,neutral,2026-05-16T08:42:39.000Z,0,0,0,0,0.0,0,,,0.0
instagram,comment,18072030962312242,hope you all had a lovely time!,,https://www.instagram.com/p/DYUTh-aiMms/,DYUTh-aiMms,neutral,2026-05-16T08:42:25.000Z,0,0,0,0,0.0,0,,,0.0
instagram,comment,18097256464887085,👏👏,,https://www.instagram.com/p/DYUTh-aiMms/,DYUTh-aiMms,neutral,2026-05-09T14:10:29.000Z,0,0,0,0,0.0,0,,,0.0
instagram,comment,17887934811377371,drooling,,https://www.instagram.com/p/DYUTh-aiMms/,DYUTh-aiMms,neutral,2026-05-09T14:02:41.000Z,0,0,0,0,0.0,0,,,0.0
instagram,comment,17874276735663863,wowowowowoowow,,https://www.instagram.com/p/DYUTh-aiMms/,DYUTh-aiMms,neutral,2026-05-09T14:02:38.000Z,0,0,0,0,0.0,0,,,0.0
instagram,comment,18098944757035375,Beautiful girl!,,https://www.instagram.com/p/DYUTh-aiMms/,DYUTh-aiMms,neutral,2026-05-09T13:58:58.000Z,0,0,0,0,0.0,0,,,0.0
instagram,comment,18114771847701130,So sha!!! 🥹🥹,,https://www.instagram.com/p/DYUTh-aiMms/,DYUTh-aiMms,neutral,2026-05-09T13:58:50.000Z,0,0,0,0,0.0,0,,,0.0
instagram,comment,18212271748331076,so so stunning (pick lsu) 💜💛,,https://www.instagram.com/p/DYUTh-aiMms/,DYUTh-aiMms,neutral,2026-05-09T13:57:01.000Z,0,0,0,0,0.0,0,,,0.0
instagram,post,3895586377917768808,#undecided 🐐💫,https://www.instagram.com/p/DYP5yvHo6Ro/,,,neutral,2026-05-12T18:22:29.000Z,2,0,0,0,0.0,2,2.0,,
instagram,comment,18129041326604489,I miss you,,https://www.instagram.com/p/DYP5yvHo6Ro/,DYP5yvHo6Ro,neutral,2026-05-09T13:48:06.000Z,0,0,0,0,0.0,0,,,0.0
instagram,comment,17971230195024270,Absolutely stunning,,https://www.instagram.com/p/DYP5yvHo6Ro/,DYP5yvHo6Ro,neutral,2026-05-09T13:48:04.000Z,0,0,0,0,0.0,0,,,0.0
instagram,comment,17988758351975130,Love you,,https://www.instagram.com/p/DYP5yvHo6Ro/,DYP5yvHo6Ro,neutral,2026-05-09T13:46:54.000Z,0,0,0,0,0.0,0,,,0.0
instagram,comment,18073076693287739,Geaux tigers 🐅,,https://www.instagram.com/p/DYP5yvHo6Ro/,DYP5yvHo6Ro,neutral,2026-05-09T13:46:51.000Z,0,0,0,0,0.0,0,,,0.0
instagram,comment,18087897821202882,So cute 😊,,https://www.instagram.com/p/DYP5yvHo6Ro/,DYP5yvHo6Ro,neutral,2026-05-09T13:46:39.000Z,0,0,0,0,0.0,0,,,0.0
instagram,comment,18136293763544877,so pretty eloise!,,https://www.instagram.com/p/DYP5yvHo6Ro/,DYP5yvHo6Ro,neutral,2026-05-09T13:44:32.000Z,0,0,0,0,0.0,0,,,0.0
instagram,comment,17911038126205892,GORGEOUSSSS,,https://www.instagram.com/p/DYP5yvHo6Ro/,DYP5yvHo6Ro,neutral,2026-05-09T13:30:24.000Z,0,0,0,0,0.0,0,,,0.0
instagram,comment,18135214672529987,YESSS GO ELOISE GO,,https://www.instagram.com/p/DYP5yvHo6Ro/,DYP5yvHo6Ro,neutral,2026-05-09T13:27:25.000Z,0,0,0,0,0.0,0,,,0.0
instagram,comment,18083667692105192,So beautiful!!!,,https://www.instagram.com/p/DYP5yvHo6Ro/,DYP5yvHo6Ro,neutral,2026-05-09T13:27:08.000Z,0,0,0,0,0.0,0,,,0.0
instagram,comment,18012738551898079,Both are beautiful but it was the right for me. 🩷,,https://www.instagram.com/p/DYP5yvHo6Ro/,DYP5yvHo6Ro,neutral,2026-05-12T18:17:47.000Z,0,0,0,0,0.0,0,,,0.0
instagram,comment,18316124935279576,👏👏👏,,https://www.instagram.com/p/DYP5yvHo6Ro/,DYP5yvHo6Ro,neutral,2026-05-12T14:02:48.000Z,0,0,0,0,0.0,0,,,0.0
instagram,comment,17946972636180267,Awesome! I love the black background one 🖤,,https://www.instagram.com/p/DYP5yvHo6Ro/,DYP5yvHo6Ro,neutral,2026-05-12T12:28:32.000Z,0,0,0,0,0.0,0,,,0.0
instagram,comment,18116690905776410,Both are beautiful! I believe the left one with the black torso makes for a clear contrast accentuating the beautiful soft pink as well as the overall silhouette🖤🖤,,https://www.instagram.com/p/DYP5yvHo6Ro/,DYP5yvHo6Ro,neutral,2026-05-12T10:29:47.000Z,0,0,0,0,0.0,0,,,0.0
instagram,comment,17903183199258733,😍😍😍😍😍😍,,https://www.instagram.com/p/DYP5yvHo6Ro/,DYP5yvHo6Ro,neutral,2026-05-12T10:23:33.000Z,0,0,0,0,0.0,0,,,0.0
instagram,comment,17964086670077653,Wauwie!👌🥰,,https://www.instagram.com/p/DYP5yvHo6Ro/,DYP5yvHo6Ro,neutral,2026-05-12T10:20:47.000Z,0,0,0,0,0.0,0,,,0.0
instagram,comment,18177192163396618,😍😍😍😍,,https://www.instagram.com/p/DYP5yvHo6Ro/,DYP5yvHo6Ro,neutral,2026-05-12T09:43:06.000Z,0,0,0,0,0.0,0,,,0.0
instagram,comment,18062843492426651,Such a striking design—these really draw you in. You can’t go wrong with either choice🔥👏😍,,https://www.instagram.com/p/DYP5yvHo6Ro/,DYP5yvHo6Ro,neutral,2026-05-12T07:57:00.000Z,0,0,0,0,0.0,0,,,0.0
instagram,comment,18375712390167732,Beides 🤩🌸🌸🌸🌸,,https://www.instagram.com/p/DYP5yvHo6Ro/,DYP5yvHo6Ro,neutral,2026-05-12T07:47:25.000Z,0,0,0,0,0.0,0,,,0.0
instagram,comment,18122600536727189,"They’re both gorgeous, though the left one would be my pick 💕",,https://www.instagram.com/p/DYP5yvHo6Ro/,DYP5yvHo6Ro,neutral,2026-05-12T06:59:09.000Z,0,0,0,0,0.0,0,,,0.0
instagram,comment,18103421866785858,Right is my favourite❤️ great tones,,https://www.instagram.com/p/DYP5yvHo6Ro/,DYP5yvHo6Ro,neutral,2026-05-12T06:13:02.000Z,0,0,0,0,0.0,0,,,0.0
instagram,comment,18106083185063172,Ein Traum ❤️,,https://www.instagram.com/p/DYP5yvHo6Ro/,DYP5yvHo6Ro,neutral,2026-05-12T05:58:26.000Z,0,0,0,0,0.0,0,,,0.0
instagram,comment,17990405684967368,Absolutely stunning! 😍😍😍,,https://www.instagram.com/p/DYP5yvHo6Ro/,DYP5yvHo6Ro,neutral,2026-05-11T21:07:51.000Z,0,0,0,0,0.0,0,,,0.0
instagram,comment,18098968351856732,They’re both so beautiful!!🤩 😍,,https://www.instagram.com/p/DYP5yvHo6Ro/,DYP5yvHo6Ro,neutral,2026-05-11T20:35:08.000Z,0,0,0,0,0.0,0,,,0.0
instagram,comment,17868644205615627,Wow! Gorgeous! Photo on the right gets my vote 🥰,,https://www.instagram.com/p/DYP5yvHo6Ro/,DYP5yvHo6Ro,neutral,2026-05-11T19:24:55.000Z,0,0,0,0,0.0,0,,,0.0
instagram,comment,18092100731215731,CUTIEE,,https://www.instagram.com/p/DYP5yvHo6Ro/,DYP5yvHo6Ro,neutral,2026-05-09T13:26:09.000Z,0,0,0,0,0.0,0,,,0.0
instagram,comment,18028714847811851,BEAUTIFUL,,https://www.instagram.com/p/DYP5yvHo6Ro/,DYP5yvHo6Ro,neutral,2026-05-09T13:22:00.000Z,0,0,0,0,0.0,0,,,0.0
instagram,comment,18459600616109410,gorgeous!!!,,https://www.instagram.com/p/DYP5yvHo6Ro/,DYP5yvHo6Ro,neutral,2026-05-09T13:20:43.000Z,0,0,0,0,0.0,0,,,0.0
instagram,comment,18093178388522528,So so pretty Eloise!,,https://www.instagram.com/p/DYP5yvHo6Ro/,DYP5yvHo6Ro,neutral,2026-05-09T13:17:58.000Z,0,0,0,0,0.0,0,,,0.0
instagram,comment,18101626927968585,LSU! 💜💛,,https://www.instagram.com/p/DYP5yvHo6Ro/,DYP5yvHo6Ro,neutral,2026-05-09T13:17:50.000Z,0,0,0,0,0.0,0,,,0.0
instagram,comment,18129345208583627,awww you’re so cute!!,,https://www.instagram.com/p/DYP5yvHo6Ro/,DYP5yvHo6Ro,neutral,2026-05-09T13:16:52.000Z,0,0,0,0,0.0,0,,,0.0
instagram,comment,17849730801692611,Beautiful 😍😍,,https://www.instagram.com/p/DYP5yvHo6Ro/,DYP5yvHo6Ro,neutral,2026-05-11T16:24:20.000Z,0,0,0,0,0.0,0,,,0.0
instagram,comment,18111541984867130,"This looks absolutely phenomenal! 😍 I'm a big fan of your creative  designs. This one looks extraordinary and so special! I love the contrast in the left photo, but the second one is actually my favorite. I love that the creamy color palette blends in with the outfit. 😍",,https://www.instagram.com/p/DYP5yvHo6Ro/,DYP5yvHo6Ro,neutral,2026-05-11T12:55:09.000Z,0,0,0,0,0.0,0,,,0.0
instagram,comment,18076887251198785,Wow you’re so talented 😍,,https://www.instagram.com/p/DYP5yvHo6Ro/,DYP5yvHo6Ro,neutral,2026-05-11T10:41:56.000Z,0,0,0,0,0.0,0,,,0.0
instagram,post,3893447807339754555,Hoosier fans what are we thinking???? #visit #undecided,https://www.instagram.com/p/DYITicEAnQ7/,,,neutral,2026-05-09T19:35:37.000Z,3,0,0,0,0.0,3,3.0,,
instagram,comment,18094238407922090,"Such an original accessory, 👏👏👏",,https://www.instagram.com/p/DYITicEAnQ7/,DYITicEAnQ7,neutral,2026-05-11T08:57:21.000Z,0,0,0,0,0.0,0,,,0.0
instagram,comment,18414933712183136,I say right for a light early summer touch - beautiful ❤️,,https://www.instagram.com/p/DYITicEAnQ7/,DYITicEAnQ7,neutral,2026-05-11T07:06:41.000Z,0,0,0,0,0.0,0,,,0.0
instagram,comment,18084558890615180,😍😍😍,,https://www.instagram.com/p/DYITicEAnQ7/,DYITicEAnQ7,neutral,2026-05-11T07:01:42.000Z,0,0,0,0,0.0,0,,,0.0
instagram,comment,18087259235366847,Super 😍,,https://www.instagram.com/p/DYITicEAnQ7/,DYITicEAnQ7,neutral,2026-05-11T06:56:48.000Z,0,0,0,0,0.0,0,,,0.0
instagram,comment,18338922856169345,Stunning 😍it's difficult to decide 😍 both are amazing,,https://www.instagram.com/p/DYITicEAnQ7/,DYITicEAnQ7,neutral,2026-05-11T05:01:11.000Z,0,0,0,0,0.0,0,,,0.0
instagram,comment,18047600978772780,Right 😊🩷,,https://www.instagram.com/p/DYITicEAnQ7/,DYITicEAnQ7,neutral,2026-05-10T20:25:34.000Z,0,0,0,0,0.0,0,,,0.0
instagram,comment,18088598981023925,"Wow😍😍They’re both beautiful,I think i prefer the one on the right with the soft colors🤍",,https://www.instagram.com/p/DYITicEAnQ7/,DYITicEAnQ7,neutral,2026-05-10T20:07:39.000Z,0,0,0,0,0.0,0,,,0.0
instagram,comment,18125880895721663,Wow !! Amazing 😍😍,,https://www.instagram.com/p/DYITicEAnQ7/,DYITicEAnQ7,neutral,2026-05-10T20:07:00.000Z,0,0,0,0,0.0,0,,,0.0
instagram,comment,17951729289138356,👏👏👏👏,,https://www.instagram.com/p/DYITicEAnQ7/,DYITicEAnQ7,neutral,2026-05-10T18:31:25.000Z,0,0,0,0,0.0,0,,,0.0
instagram,comment,18100184813015853,Beautiful 😍😍❤️😍😍,,https://www.instagram.com/p/DYITicEAnQ7/,DYITicEAnQ7,neutral,2026-05-10T17:50:16.000Z,0,0,0,0,0.0,0,,,0.0
instagram,comment,17968948064897450,Wauw.  De zwarte dan maar.  Allebei zijn ze mooi.,,https://www.instagram.com/p/DYITicEAnQ7/,DYITicEAnQ7,neutral,2026-05-10T17:00:30.000Z,0,0,0,0,0.0,0,,,0.0
instagram,comment,17888436624499199,Incredible!!!❤️,,https://www.instagram.com/p/DYITicEAnQ7/,DYITicEAnQ7,neutral,2026-05-10T16:51:55.000Z,0,0,0,0,0.0,0,,,0.0
instagram,comment,18596626672057417,🎀🎀🎀,,https://www.instagram.com/p/DYITicEAnQ7/,DYITicEAnQ7,neutral,2026-05-10T16:50:25.000Z,0,0,0,0,0.0,0,,,0.0
instagram,comment,17952221949148409,Wow 🤩🤩🤩🤩👏👏👏👏👏👏👏👏,,https://www.instagram.com/p/DYITicEAnQ7/,DYITicEAnQ7,neutral,2026-05-10T16:05:28.000Z,0,0,0,0,0.0,0,,,0.0
instagram,comment,17929422588266606,Outstanding,,https://www.instagram.com/p/DYITicEAnQ7/,DYITicEAnQ7,neutral,2026-05-10T15:31:15.000Z,0,0,0,0,0.0,0,,,0.0
instagram,comment,18100593433840033,So beautiful I love them both!❤️❤️❤️,,https://www.instagram.com/p/DYITicEAnQ7/,DYITicEAnQ7,neutral,2026-05-10T15:00:59.000Z,0,0,0,0,0.0,0,,,0.0
instagram,comment,18100181471044050,Oh wowww!!!!! These are truly stunning!! Such a beautiful statement piece 😍😍💗💗💗💗,,https://www.instagram.com/p/DYITicEAnQ7/,DYITicEAnQ7,neutral,2026-05-10T13:25:08.000Z,0,0,0,0,0.0,0,,,0.0
instagram,comment,17972097090044386,"I think both pictures are really beautiful, but the one on the right feels even more harmonious and calm. You really did an amazing job. It looks absolutely stunning 🤩",,https://www.instagram.com/p/DYITicEAnQ7/,DYITicEAnQ7,neutral,2026-05-10T11:16:40.000Z,0,0,0,0,0.0,0,,,0.0
instagram,comment,18099323525019613,Absolutely stunning 👏👏👏👏👏👏👏👏,,https://www.instagram.com/p/DYITicEAnQ7/,DYITicEAnQ7,neutral,2026-05-10T10:29:07.000Z,0,0,0,0,0.0,0,,,0.0
instagram,comment,18094492273924526,"Wow so beautiful, hard to choose!",,https://www.instagram.com/p/DYITicEAnQ7/,DYITicEAnQ7,neutral,2026-05-10T08:05:52.000Z,0,0,0,0,0.0,0,,,0.0
instagram,comment,17860838688687631,"They are so beautiful 😍😍😍😍. I think, the one with the black blouse because highlights more the details on it 🥰🥰🥰🥰🥰",,https://www.instagram.com/p/DYITicEAnQ7/,DYITicEAnQ7,neutral,2026-05-10T08:03:24.000Z,0,0,0,0,0.0,0,,,0.0
instagram,comment,18064452095401078,Wow 😍,,https://www.instagram.com/p/DYITicEAnQ7/,DYITicEAnQ7,neutral,2026-05-10T07:23:27.000Z,0,0,0,0,0.0,0,,,0.0
instagram,comment,17940403161209884,The black one 😍,,https://www.instagram.com/p/DYITicEAnQ7/,DYITicEAnQ7,neutral,2026-05-10T06:01:34.000Z,0,0,0,0,0.0,0,,,0.0
instagram,comment,18134067643557215,Impossible to choose both are wonderful👏👏,,https://www.instagram.com/p/DYITicEAnQ7/,DYITicEAnQ7,neutral,2026-05-10T06:00:22.000Z,0,0,0,0,0.0,0,,,0.0
instagram,comment,18092603339263284,Wow 😍 beautiful ❤️❤️❤️,,https://www.instagram.com/p/DYITicEAnQ7/,DYITicEAnQ7,neutral,2026-05-10T05:28:55.000Z,0,0,0,0,0.0,0,,,0.0
instagram,comment,18426225415192453,Beautiful❤️,,https://www.instagram.com/p/DYITicEAnQ7/,DYITicEAnQ7,neutral,2026-05-10T04:02:38.000Z,0,0,0,0,0.0,0,,,0.0
instagram,comment,17943397824017998,Seriously beautiful,,https://www.instagram.com/p/DYITicEAnQ7/,DYITicEAnQ7,neutral,2026-05-10T04:00:21.000Z,0,0,0,0,0.0,0,,,0.0
instagram,comment,18121404397643974,I love the right! It's so feminine and romantic! 🤍🩷,,https://www.instagram.com/p/DYITicEAnQ7/,DYITicEAnQ7,neutral,2026-05-10T02:19:40.000Z,0,0,0,0,0.0,0,,,0.0
instagram,comment,18094627052269404,❤️ Both beautiful!,,https://www.instagram.com/p/DYITicEAnQ7/,DYITicEAnQ7,neutral,2026-05-09T23:04:17.000Z,0,0,0,0,0.0,0,,,0.0
instagram,comment,18046547435542618,Right for me x,,https://www.instagram.com/p/DYITicEAnQ7/,DYITicEAnQ7,neutral,2026-05-09T22:51:12.000Z,0,0,0,0,0.0,0,,,0.0
instagram,post,3893247286575034284,Where to next? Your guess is as good as mine! 🐅🌶️#seniorphotos #geauxcajuns #geauxtigers #undecided #senior2026,https://www.instagram.com/p/DYHl8ejDu-s/,,,neutral,2026-05-09T12:54:24.000Z,208,0,51,0,0.0,259,361.0,,
instagram,comment,18101065327816114,So difficult to choose ! They are both Incredibly beautiful 😍😍👏👏,,https://www.instagram.com/p/DYHl8ejDu-s/,DYHl8ejDu-s,neutral,2026-05-09T22:14:08.000Z,0,0,0,0,0.0,0,,,0.0
instagram,comment,18027076268816798,Amazing 👏👏👏,,https://www.instagram.com/p/DYHl8ejDu-s/,DYHl8ejDu-s,neutral,2026-05-09T22:07:24.000Z,0,0,0,0,0.0,0,,,0.0
instagram,comment,18110315539896226,Che bel lavoro 😍. Bravissima ❤️❤️👏👏,,https://www.instagram.com/p/DYHl8ejDu-s/,DYHl8ejDu-s,neutral,2026-05-09T21:51:18.000Z,0,0,0,0,0.0,0,,,0.0
instagram,comment,18184200442380943,"Both gorgeous, but left for me ✨",,https://www.instagram.com/p/DYHl8ejDu-s/,DYHl8ejDu-s,neutral,2026-05-09T21:48:16.000Z,0,0,0,0,0.0,0,,,0.0
instagram,comment,18120289822629410,Love the pic on the right!! Beautiful designs 😍,,https://www.instagram.com/p/DYHl8ejDu-s/,DYHl8ejDu-s,neutral,2026-05-09T21:31:51.000Z,0,0,0,0,0.0,0,,,0.0
instagram,comment,17885573943541515,Wooooow🔥😍😍Beautiful,,https://www.instagram.com/p/DYHl8ejDu-s/,DYHl8ejDu-s,neutral,2026-05-09T21:27:42.000Z,0,0,0,0,0.0,0,,,0.0
instagram,comment,18095363762141580,"Right 😍 Wow, so many details! Beautiful! 😍🔥",,https://www.instagram.com/p/DYHl8ejDu-s/,DYHl8ejDu-s,neutral,2026-05-09T20:54:45.000Z,0,0,0,0,0.0,0,,,0.0
instagram,comment,17871227373506340,"They're both beautiful, I think i prefer the one on the right with the soft colours ❤️",,https://www.instagram.com/p/DYHl8ejDu-s/,DYHl8ejDu-s,neutral,2026-05-09T20:21:47.000Z,0,0,0,0,0.0,0,,,0.0
instagram,comment,18004790747871327,🔥🔥🔥,,https://www.instagram.com/p/DYHl8ejDu-s/,DYHl8ejDu-s,neutral,2026-05-09T20:19:00.000Z,0,0,0,0,0.0,0,,,0.0
instagram,comment,18098822921083213,C’est vraiment magnifique 🤩 !,,https://www.instagram.com/p/DYHl8ejDu-s/,DYHl8ejDu-s,neutral,2026-05-09T20:18:25.000Z,0,0,0,0,0.0,0,,,0.0
instagram,comment,18115250452769400,"The right! That romantic, coquette vibe is really trending right now! (Don't get me wrong I love them both!!)",,https://www.instagram.com/p/DYHl8ejDu-s/,DYHl8ejDu-s,neutral,2026-05-09T20:07:25.000Z,0,0,0,0,0.0,0,,,0.0
instagram,comment,18318801448262213,This is simply brilliant 👏🏻👏🏻🤍🤍👏🏻👏🏻,,https://www.instagram.com/p/DYHl8ejDu-s/,DYHl8ejDu-s,neutral,2026-05-09T19:50:22.000Z,0,0,0,0,0.0,0,,,0.0
instagram,comment,18085924547074635,Wonderful work!!! Absolutely beautiful!! Adorablely executed!,,https://www.instagram.com/p/DYHl8ejDu-s/,DYHl8ejDu-s,neutral,2026-05-09T19:26:57.000Z,0,0,0,0,0.0,0,,,0.0
instagram,comment,18348923617246795,Wow😍😍😍,,https://www.instagram.com/p/DYHl8ejDu-s/,DYHl8ejDu-s,neutral,2026-05-09T19:18:57.000Z,0,0,0,0,0.0,0,,,0.0
instagram,comment,18172288246414320,What a great work!😍🔥,,https://www.instagram.com/p/DYHl8ejDu-s/,DYHl8ejDu-s,neutral,2026-05-09T19:12:17.000Z,0,0,0,0,0.0,0,,,0.0
instagram,comment,18591210481026969,Amazing ❤️❤️❤️❤️....I Love It ❤️,,https://www.instagram.com/p/DYHl8ejDu-s/,DYHl8ejDu-s,neutral,2026-05-09T19:10:56.000Z,0,0,0,0,0.0,0,,,0.0
instagram,comment,18035747417797836,"Those are impressive! 🔥🔥🔥 I would go for the left one, but both are gorgeous",,https://www.instagram.com/p/DYHl8ejDu-s/,DYHl8ejDu-s,neutral,2026-05-09T18:58:04.000Z,0,0,0,0,0.0,0,,,0.0
instagram,comment,18009005525857895,"Wow!!! Both are so unique, creativ and wonderful 💫💛🖤💛💫",,https://www.instagram.com/p/DYHl8ejDu-s/,DYHl8ejDu-s,neutral,2026-05-09T18:55:16.000Z,0,0,0,0,0.0,0,,,0.0
instagram,comment,17892196749341455,Amazing 💕🫶💕,,https://www.instagram.com/p/DYHl8ejDu-s/,DYHl8ejDu-s,neutral,2026-05-09T18:46:47.000Z,0,0,0,0,0.0,0,,,0.0
instagram,comment,17961866655102894,So beautiful 🥰🥰🥰🥰🥰,,https://www.instagram.com/p/DYHl8ejDu-s/,DYHl8ejDu-s,neutral,2026-05-09T18:44:29.000Z,0,0,0,0,0.0,0,,,0.0
instagram,comment,18115772914776749,Waouuu quelle merveille 🤩❤️,,https://www.instagram.com/p/DYHl8ejDu-s/,DYHl8ejDu-s,neutral,2026-05-09T18:29:38.000Z,0,0,0,0,0.0,0,,,0.0
instagram,comment,18156399904457005,Oh my I don’t even know how to choose!!,,https://www.instagram.com/p/DYHl8ejDu-s/,DYHl8ejDu-s,neutral,2026-05-09T18:15:56.000Z,0,0,0,0,0.0,0,,,0.0
instagram,comment,18032690732705036,💖💖💖🥰LOVE🥰💖💖💖,,https://www.instagram.com/p/DYHl8ejDu-s/,DYHl8ejDu-s,neutral,2026-05-09T18:14:20.000Z,0,0,0,0,0.0,0,,,0.0
instagram,comment,17987521646978792,So lovely ❤️❤️❤️,,https://www.instagram.com/p/DYHl8ejDu-s/,DYHl8ejDu-s,neutral,2026-05-09T18:06:20.000Z,0,0,0,0,0.0,0,,,0.0
instagram,comment,18093373532187886,Wow! 😱🤩😱 Right 😊,,https://www.instagram.com/p/DYHl8ejDu-s/,DYHl8ejDu-s,neutral,2026-05-09T17:55:41.000Z,0,0,0,0,0.0,0,,,0.0
instagram,comment,18580796440018715,Left it shows the beautiful details 👏,,https://www.instagram.com/p/DYHl8ejDu-s/,DYHl8ejDu-s,neutral,2026-05-09T17:53:31.000Z,0,0,0,0,0.0,0,,,0.0
instagram,comment,18099143678021872,Beautiful 💎🩵,,https://www.instagram.com/p/DYHl8ejDu-s/,DYHl8ejDu-s,neutral,2026-05-09T17:52:55.000Z,0,0,0,0,0.0,0,,,0.0
instagram,comment,17904515241250408,Çok güzeller🔥😍 ben beyazlı olanı seçiyorum❤️ her iki modelde çok güzel,,https://www.instagram.com/p/DYHl8ejDu-s/,DYHl8ejDu-s,neutral,2026-05-09T17:21:07.000Z,0,0,0,0,0.0,0,,,0.0
instagram,comment,18041634953584472,"Wow, both so beautiful! I’m slightly more partial to the black because of the contrast. 🖤🍨🖤🍨",,https://www.instagram.com/p/DYHl8ejDu-s/,DYHl8ejDu-s,neutral,2026-05-09T17:15:02.000Z,0,0,0,0,0.0,0,,,0.0
instagram,comment,17911221192202667,🤍🩶,,https://www.instagram.com/p/DYHl8ejDu-s/,DYHl8ejDu-s,neutral,2026-05-09T17:08:59.000Z,0,0,0,0,0.0,0,,,0.0
instagram,comment,18031435937802137,Gorgeous 🔥🔥🔥🔥,,https://www.instagram.com/p/DYHl8ejDu-s/,DYHl8ejDu-s,neutral,2026-05-09T17:02:54.000Z,0,0,0,0,0.0,0,,,0.0
instagram,comment,17973448529881949,Wonderful 😮👏👏👏👏👏,,https://www.instagram.com/p/DYHl8ejDu-s/,DYHl8ejDu-s,neutral,2026-05-09T16:57:06.000Z,0,0,0,0,0.0,0,,,0.0
instagram,comment,18115780471760999,Right.🤍,,https://www.instagram.com/p/DYHl8ejDu-s/,DYHl8ejDu-s,neutral,2026-05-09T16:46:52.000Z,0,0,0,0,0.0,0,,,0.0
instagram,post,3893213543114075668,"Left or right? Undecided which one is better for Etsy's first listing pic 💗 Help me out🤗

https://elyseeart.etsy.com/listing/1709644633 or link in Bio

#elyseeart #undecided #festivalcostume #victorianjewelry #shopthestyle",https://www.instagram.com/p/DYHeRcgDe4U/,,,neutral,2026-05-09T11:47:23.000Z,356,0,411,0,0.0,767,1589.0,,
instagram,comment,17887044927520334,Both are gorgeous! The mood is different for both! The right is softer and more feminine. The left is more dramatic! ❤️,,https://www.instagram.com/p/DYHeRcgDe4U/,DYHeRcgDe4U,neutral,2026-05-09T16:41:35.000Z,0,0,0,0,0.0,0,,,0.0
instagram,comment,18209752816328122,So wunderschön gemacht 😍,,https://www.instagram.com/p/DYHeRcgDe4U/,DYHeRcgDe4U,neutral,2026-05-09T16:34:19.000Z,0,0,0,0,0.0,0,,,0.0
instagram,comment,18589445401029574,👏👏👏,,https://www.instagram.com/p/DYHeRcgDe4U/,DYHeRcgDe4U,neutral,2026-05-09T16:24:22.000Z,0,0,0,0,0.0,0,,,0.0
instagram,comment,18067276577368690,Buna bayıldım 😍😍😍,,https://www.instagram.com/p/DYHeRcgDe4U/,DYHeRcgDe4U,neutral,2026-05-09T16:10:48.000Z,0,0,0,0,0.0,0,,,0.0
instagram,comment,18094125329468129,So pretty 😍😍,,https://www.instagram.com/p/DYHeRcgDe4U/,DYHeRcgDe4U,neutral,2026-05-09T15:57:16.000Z,0,0,0,0,0.0,0,,,0.0
instagram,comment,18083546837111969,Wunderschön 😍😍😍,,https://www.instagram.com/p/DYHeRcgDe4U/,DYHeRcgDe4U,neutral,2026-05-09T15:56:31.000Z,0,0,0,0,0.0,0,,,0.0
instagram,comment,18175787947400043,I like the right🩵🥰,,https://www.instagram.com/p/DYHeRcgDe4U/,DYHeRcgDe4U,neutral,2026-05-09T15:46:03.000Z,0,0,0,0,0.0,0,,,0.0
instagram,comment,18085544630375479,I find very nice in combination but I really like the combination in black is very nice😍😍😍,,https://www.instagram.com/p/DYHeRcgDe4U/,DYHeRcgDe4U,neutral,2026-05-09T15:45:37.000Z,0,0,0,0,0.0,0,,,0.0
instagram,comment,18402430024150102,I like both of them ❤️❤️,,https://www.instagram.com/p/DYHeRcgDe4U/,DYHeRcgDe4U,neutral,2026-05-09T15:40:12.000Z,0,0,0,0,0.0,0,,,0.0
instagram,comment,17962575306113526,Just stunning,,https://www.instagram.com/p/DYHeRcgDe4U/,DYHeRcgDe4U,neutral,2026-05-09T15:31:31.000Z,0,0,0,0,0.0,0,,,0.0
instagram,comment,18105188428942417,The left 🔥🔥,,https://www.instagram.com/p/DYHeRcgDe4U/,DYHeRcgDe4U,neutral,2026-05-09T14:58:27.000Z,0,0,0,0,0.0,0,,,0.0
instagram,comment,18071775827669370,Magnifico 😍❤️,,https://www.instagram.com/p/DYHeRcgDe4U/,DYHeRcgDe4U,neutral,2026-05-09T14:53:46.000Z,0,0,0,0,0.0,0,,,0.0
instagram,comment,18116382916774727,Wonderful 😍👏,,https://www.instagram.com/p/DYHeRcgDe4U/,DYHeRcgDe4U,neutral,2026-05-09T14:36:37.000Z,0,0,0,0,0.0,0,,,0.0
instagram,comment,17885356587540419,Love both ❤️❤️,,https://www.instagram.com/p/DYHeRcgDe4U/,DYHeRcgDe4U,neutral,2026-05-09T14:33:22.000Z,0,0,0,0,0.0,0,,,0.0
instagram,comment,18110127734479632,😮👏👏👏wow 😍😍😍😍,,https://www.instagram.com/p/DYHeRcgDe4U/,DYHeRcgDe4U,neutral,2026-05-09T14:31:10.000Z,0,0,0,0,0.0,0,,,0.0
instagram,comment,17937291432238890,This is amazing 🔥,,https://www.instagram.com/p/DYHeRcgDe4U/,DYHeRcgDe4U,neutral,2026-05-09T14:31:04.000Z,0,0,0,0,0.0,0,,,0.0
instagram,comment,17998809644930716,Both are stunning!!! 🤩,,https://www.instagram.com/p/DYHeRcgDe4U/,DYHeRcgDe4U,neutral,2026-05-09T14:30:16.000Z,0,0,0,0,0.0,0,,,0.0
instagram,comment,17946307191173502,Right,,https://www.instagram.com/p/DYHeRcgDe4U/,DYHeRcgDe4U,neutral,2026-05-09T14:18:15.000Z,0,0,0,0,0.0,0,,,0.0
instagram,comment,17887803321481153,👏👏👏,,https://www.instagram.com/p/DYHeRcgDe4U/,DYHeRcgDe4U,neutral,2026-05-09T14:18:00.000Z,0,0,0,0,0.0,0,,,0.0
instagram,comment,18076551026361208,🔥🔥🔥,,https://www.instagram.com/p/DYHeRcgDe4U/,DYHeRcgDe4U,neutral,2026-05-09T14:17:59.000Z,0,0,0,0,0.0,0,,,0.0
instagram,comment,17888712621491432,Left. The contrast really highlights it beautifully. 😍,,https://www.instagram.com/p/DYHeRcgDe4U/,DYHeRcgDe4U,neutral,2026-05-09T14:14:40.000Z,0,0,0,0,0.0,0,,,0.0
instagram,comment,17879330844433848,Both stunning! I love the left one a little more 🔥🖤,,https://www.instagram.com/p/DYHeRcgDe4U/,DYHeRcgDe4U,neutral,2026-05-09T14:08:03.000Z,0,0,0,0,0.0,0,,,0.0
instagram,comment,18010578416904822,😍😍😍😍,,https://www.instagram.com/p/DYHeRcgDe4U/,DYHeRcgDe4U,neutral,2026-05-09T14:07:32.000Z,0,0,0,0,0.0,0,,,0.0
instagram,comment,18114584575761967,😍😍😍😍😍😍,,https://www.instagram.com/p/DYHeRcgDe4U/,DYHeRcgDe4U,neutral,2026-05-09T14:06:08.000Z,0,0,0,0,0.0,0,,,0.0
instagram,comment,18436908379190591,❤️❤️,,https://www.instagram.com/p/DYHeRcgDe4U/,DYHeRcgDe4U,neutral,2026-05-09T13:58:27.000Z,0,0,0,0,0.0,0,,,0.0
instagram,comment,17903687772428160,I think the left one is better😍,,https://www.instagram.com/p/DYHeRcgDe4U/,DYHeRcgDe4U,neutral,2026-05-09T13:57:41.000Z,0,0,0,0,0.0,0,,,0.0
instagram,comment,18100278518474723,Gorgeous,,https://www.instagram.com/p/DYHeRcgDe4U/,DYHeRcgDe4U,neutral,2026-05-09T13:50:40.000Z,0,0,0,0,0.0,0,,,0.0
instagram,comment,17865974088549303,I love the one on the right 😍😍😍,,https://www.instagram.com/p/DYHeRcgDe4U/,DYHeRcgDe4U,neutral,2026-05-09T13:49:50.000Z,0,0,0,0,0.0,0,,,0.0
instagram,comment,18138833266464600,Wow left😍😍😍,,https://www.instagram.com/p/DYHeRcgDe4U/,DYHeRcgDe4U,neutral,2026-05-09T13:49:43.000Z,0,0,0,0,0.0,0,,,0.0
instagram,comment,18357749827237294,Left! Both are amazing! 👏👏👏❤️❤️❤️,,https://www.instagram.com/p/DYHeRcgDe4U/,DYHeRcgDe4U,neutral,2026-05-09T13:48:31.000Z,0,0,0,0,0.0,0,,,0.0
instagram,comment,18015135860842883,Both beautiful! 👏❤️,,https://www.instagram.com/p/DYHeRcgDe4U/,DYHeRcgDe4U,neutral,2026-05-09T13:45:32.000Z,0,0,0,0,0.0,0,,,0.0
instagram,comment,18586359391034729,Wow!😍😍😍,,https://www.instagram.com/p/DYHeRcgDe4U/,DYHeRcgDe4U,neutral,2026-05-09T13:44:07.000Z,0,0,0,0,0.0,0,,,0.0
instagram,post,3892561753069968387,"🫆SELF LOVE🍃🍁

#undecided #honda #hondaacord #instagram #punalur",https://www.instagram.com/p/DYFKEpuAdwD/,,,neutral,2026-05-08T14:12:22.000Z,-1,0,20,0,0.0,19,59.0,,
instagram,comment,17923366155339012,Love!!,,https://www.instagram.com/p/DYFKEpuAdwD/,DYFKEpuAdwD,neutral,2026-05-09T13:42:51.000Z,0,0,0,0,0.0,0,,,0.0
instagram,comment,18081666299434068,😍😍😍,,https://www.instagram.com/p/DYFKEpuAdwD/,DYFKEpuAdwD,neutral,2026-05-09T13:40:16.000Z,0,0,0,0,0.0,0,,,0.0
instagram,comment,18090350405191956,Ojhh! Que bellos!!!,,https://www.instagram.com/p/DYFKEpuAdwD/,DYFKEpuAdwD,neutral,2026-05-09T13:38:42.000Z,0,0,0,0,0.0,0,,,0.0
instagram,comment,17922845913339644,😍😍😍😍,,https://www.instagram.com/p/DYFKEpuAdwD/,DYFKEpuAdwD,neutral,2026-05-09T13:29:33.000Z,0,0,0,0,0.0,0,,,0.0
instagram,comment,18079523591567551,Wow mega 😍😍,,https://www.instagram.com/p/DYFKEpuAdwD/,DYFKEpuAdwD,neutral,2026-05-09T13:27:52.000Z,0,0,0,0,0.0,0,,,0.0
instagram,comment,17879304444579179,Left 😍😍😍 Beautiful,,https://www.instagram.com/p/DYFKEpuAdwD/,DYFKEpuAdwD,neutral,2026-05-09T13:26:05.000Z,0,0,0,0,0.0,0,,,0.0
instagram,comment,17914123281181574,Beautiful dear 😍😍😍😍,,https://www.instagram.com/p/DYFKEpuAdwD/,DYFKEpuAdwD,neutral,2026-05-09T13:21:17.000Z,0,0,0,0,0.0,0,,,0.0
instagram,comment,18109496515697462,Right!,,https://www.instagram.com/p/DYFKEpuAdwD/,DYFKEpuAdwD,neutral,2026-05-09T13:17:02.000Z,0,0,0,0,0.0,0,,,0.0
instagram,comment,17863984875626151,Wow! 😍😍😍 They are both fantastic! I'll say a little bit more the right one! 😍❤️,,https://www.instagram.com/p/DYFKEpuAdwD/,DYFKEpuAdwD,neutral,2026-05-09T13:13:25.000Z,0,0,0,0,0.0,0,,,0.0
instagram,comment,18104814838756334,Woooo🔥🔥🔥,,https://www.instagram.com/p/DYFKEpuAdwD/,DYFKEpuAdwD,neutral,2026-05-09T13:11:08.000Z,0,0,0,0,0.0,0,,,0.0
instagram,comment,17911647819383631,"I like them both! I think if I were wearing it, I’d choose the right styling, but for Etsy, the left shows better contrast and makes it more obvious what you’re buying. Looks great!",,https://www.instagram.com/p/DYFKEpuAdwD/,DYFKEpuAdwD,neutral,2026-05-09T13:09:32.000Z,0,0,0,0,0.0,0,,,0.0
instagram,comment,18582515461020844,These should be in a museum: pure art!,,https://www.instagram.com/p/DYFKEpuAdwD/,DYFKEpuAdwD,neutral,2026-05-09T13:09:00.000Z,0,0,0,0,0.0,0,,,0.0
instagram,comment,17964503184080656,Right for me 😍😍,,https://www.instagram.com/p/DYFKEpuAdwD/,DYFKEpuAdwD,neutral,2026-05-09T13:05:26.000Z,0,0,0,0,0.0,0,,,0.0
instagram,comment,17882000577414912,The black definitely stands out more 😍 what a showstopper 😮,,https://www.instagram.com/p/DYFKEpuAdwD/,DYFKEpuAdwD,neutral,2026-05-09T13:05:05.000Z,0,0,0,0,0.0,0,,,0.0
instagram,comment,18433769302186836,Wow 🤩 so pretty ❤️💫✨,,https://www.instagram.com/p/DYFKEpuAdwD/,DYFKEpuAdwD,neutral,2026-05-09T13:02:36.000Z,0,0,0,0,0.0,0,,,0.0
instagram,comment,18061054898463514,Le tue creazioni sono uniche e raffinate.Bravissima❤️👏,,https://www.instagram.com/p/DYFKEpuAdwD/,DYFKEpuAdwD,neutral,2026-05-09T12:59:13.000Z,0,0,0,0,0.0,0,,,0.0
instagram,comment,17998857164926431,Wow both are so beautiful 🤩. I feel as though the left one sends out a “bolder” look.  It really caught my eye .  The other is gorgeous and for me more of a softer graceful look.  Really hard to choose!!! I 😊,,https://www.instagram.com/p/DYFKEpuAdwD/,DYFKEpuAdwD,neutral,2026-05-09T12:55:17.000Z,0,0,0,0,0.0,0,,,0.0
instagram,comment,17862526830628142,Izquierda super elegante 😍,,https://www.instagram.com/p/DYFKEpuAdwD/,DYFKEpuAdwD,neutral,2026-05-09T12:51:09.000Z,0,0,0,0,0.0,0,,,0.0
instagram,comment,18092510351243747,I love the left one with black contrast🤩🖤🌸,,https://www.instagram.com/p/DYFKEpuAdwD/,DYFKEpuAdwD,neutral,2026-05-09T12:50:27.000Z,0,0,0,0,0.0,0,,,0.0
instagram,comment,18108506957491698,"So beautiful 😍…think I prefer the right, it has a more ethereal look to it 🤍✨",,https://www.instagram.com/p/DYFKEpuAdwD/,DYFKEpuAdwD,neutral,2026-05-09T12:48:53.000Z,0,0,0,0,0.0,0,,,0.0
instagram,comment,17955524741961558,Wow... magnifique ❤️,,https://www.instagram.com/p/DYFKEpuAdwD/,DYFKEpuAdwD,neutral,2026-05-09T12:47:52.000Z,0,0,0,0,0.0,0,,,0.0
instagram,comment,18235002439308890,"Deux fonds, l'un sombre l'autre clair =  deux styles différents. Pourquoi ne pas  mettre les deux photos ❤️",,https://www.instagram.com/p/DYFKEpuAdwD/,DYFKEpuAdwD,neutral,2026-05-09T12:44:41.000Z,0,0,0,0,0.0,0,,,0.0
instagram,comment,18055344935504794,Wow so ch amazing talent ❤️xx,,https://www.instagram.com/p/DYFKEpuAdwD/,DYFKEpuAdwD,neutral,2026-05-09T12:42:25.000Z,0,0,0,0,0.0,0,,,0.0
instagram,comment,18073580405281642,Such a beautiful and unique piece! 😍 I would choose the one on the right. I love the tone-on-tone combinations! 😍👏,,https://www.instagram.com/p/DYFKEpuAdwD/,DYFKEpuAdwD,neutral,2026-05-09T12:41:40.000Z,0,0,0,0,0.0,0,,,0.0
instagram,comment,17877689532595870,Wooww !!!,,https://www.instagram.com/p/DYFKEpuAdwD/,DYFKEpuAdwD,neutral,2026-05-09T12:39:10.000Z,0,0,0,0,0.0,0,,,0.0
instagram,comment,18589497034050132,👍,,https://www.instagram.com/p/DYFKEpuAdwD/,DYFKEpuAdwD,neutral,2026-05-09T12:38:23.000Z,0,0,0,0,0.0,0,,,0.0
instagram,comment,17966208015059594,Wow !!!Che meraviglia!!!😍😍😍,,https://www.instagram.com/p/DYFKEpuAdwD/,DYFKEpuAdwD,neutral,2026-05-09T12:37:15.000Z,0,0,0,0,0.0,0,,,0.0
instagram,comment,18088175258338137,Love it. Right.,,https://www.instagram.com/p/DYFKEpuAdwD/,DYFKEpuAdwD,neutral,2026-05-09T12:34:39.000Z,0,0,0,0,0.0,0,,,0.0
instagram,comment,18084526052632200,😍😍😍,,https://www.instagram.com/p/DYFKEpuAdwD/,DYFKEpuAdwD,neutral,2026-05-09T12:28:49.000Z,0,0,0,0,0.0,0,,,0.0
instagram,comment,18135369310527135,So beautiful ❤️,,https://www.instagram.com/p/DYFKEpuAdwD/,DYFKEpuAdwD,neutral,2026-05-09T12:25:41.000Z,0,0,0,0,0.0,0,,,0.0
instagram,comment,18065022932695511,This is a dreaming design ! In French I would say love froufrou ! ❤️❤️❤️,,https://www.instagram.com/p/DYFKEpuAdwD/,DYFKEpuAdwD,neutral,2026-05-09T12:25:41.000Z,0,0,0,0,0.0,0,,,0.0
instagram,comment,18103723826056671,"Wow, che bellezza ❤️",,https://www.instagram.com/p/DYFKEpuAdwD/,DYFKEpuAdwD,neutral,2026-05-09T12:25:06.000Z,0,0,0,0,0.0,0,,,0.0
instagram,comment,18109226627491660,🌸🌸🌸🌸🌸,,https://www.instagram.com/p/DYFKEpuAdwD/,DYFKEpuAdwD,neutral,2026-05-09T12:21:22.000Z,0,0,0,0,0.0,0,,,0.0
instagram,post,3892368698913142187,"UNDECIDED

Size Xl
Tag cut
8/10
Price: 📲
Under retail

Note: Detail baju ss lalu kirim Dm / WhatsApp
Sudah Laundry 

READYtoSALE // READYtoUSE 

#rrrrgggxscnd #undecided #streetwear #music #teeshirt",https://www.instagram.com/p/DYEeLWBkTWr/,,,neutral,2026-05-08T07:48:49.000Z,3,0,0,0,0.0,3,3.0,,
instagram,comment,17916844326166729,Foarte frumoase!,,https://www.instagram.com/p/DYEeLWBkTWr/,DYEeLWBkTWr,neutral,2026-05-09T12:18:30.000Z,0,0,0,0,0.0,0,,,0.0
instagram,comment,18388590229092297,"it's hard to decide, but the left one stands out more because of the contrasting background.❤️❤️❤️",,https://www.instagram.com/p/DYEeLWBkTWr/,DYEeLWBkTWr,neutral,2026-05-09T12:17:06.000Z,0,0,0,0,0.0,0,,,0.0
instagram,comment,18021594086830572,"Wow this is stunning Lav! I’d say left, it contrasts beautifully 😍",,https://www.instagram.com/p/DYEeLWBkTWr/,DYEeLWBkTWr,neutral,2026-05-09T12:16:59.000Z,0,0,0,0,0.0,0,,,0.0
instagram,comment,18016143500849335,😮😮😮😮😮😮😮😮😮😮😮😮😮😮😮😮😮😮,,https://www.instagram.com/p/DYEeLWBkTWr/,DYEeLWBkTWr,neutral,2026-05-09T12:15:38.000Z,0,0,0,0,0.0,0,,,0.0
instagram,comment,18326714392267645,Wow 😍 amazing! 😍😍😍,,https://www.instagram.com/p/DYEeLWBkTWr/,DYEeLWBkTWr,neutral,2026-05-09T12:14:19.000Z,0,0,0,0,0.0,0,,,0.0
instagram,comment,18205978429340136,Stunning 😍❤️,,https://www.instagram.com/p/DYEeLWBkTWr/,DYEeLWBkTWr,neutral,2026-05-09T12:12:10.000Z,0,0,0,0,0.0,0,,,0.0
instagram,comment,18024095099818795,They’re both such beautiful designs!! 😍,,https://www.instagram.com/p/DYEeLWBkTWr/,DYEeLWBkTWr,neutral,2026-05-09T12:10:29.000Z,0,0,0,0,0.0,0,,,0.0
instagram,comment,18110460527505680,WOW 🔥😍 richtig toll 🫶,,https://www.instagram.com/p/DYEeLWBkTWr/,DYEeLWBkTWr,neutral,2026-05-09T12:07:28.000Z,0,0,0,0,0.0,0,,,0.0
instagram,comment,18100262339085691,"Super elegant et original, c'est tellement unique 👏👏👏",,https://www.instagram.com/p/DYEeLWBkTWr/,DYEeLWBkTWr,neutral,2026-05-09T12:06:33.000Z,0,0,0,0,0.0,0,,,0.0
instagram,comment,17878058931595202,Wow. Super. Beide sind unglaublich schön - ich würde dennoch rechts neben. 🌟🌼✨️,,https://www.instagram.com/p/DYEeLWBkTWr/,DYEeLWBkTWr,neutral,2026-05-09T12:02:06.000Z,0,0,0,0,0.0,0,,,0.0
instagram,comment,18083570783097197,Love them!!!! Beautiful!!! 😍✨✨✨✨✨✨✨,,https://www.instagram.com/p/DYEeLWBkTWr/,DYEeLWBkTWr,neutral,2026-05-09T12:01:18.000Z,0,0,0,0,0.0,0,,,0.0
instagram,comment,17921706435343082,😍😍😍,,https://www.instagram.com/p/DYEeLWBkTWr/,DYEeLWBkTWr,neutral,2026-05-09T12:00:41.000Z,0,0,0,0,0.0,0,,,0.0
instagram,comment,18087470909040662,Beide sind sehr schön😍 mein Favorite ist allerdings auf dem linken Bild❤️ liebe Grüsse Erika& Laine Looks,,https://www.instagram.com/p/DYEeLWBkTWr/,DYEeLWBkTWr,neutral,2026-05-09T12:00:03.000Z,0,0,0,0,0.0,0,,,0.0
instagram,comment,18074863550378361,Quanta bellezza!!!😍😍😍,,https://www.instagram.com/p/DYEeLWBkTWr/,DYEeLWBkTWr,neutral,2026-05-09T11:59:12.000Z,0,0,0,0,0.0,0,,,0.0
instagram,comment,18132321790561148,Ok I think left 🥰,,https://www.instagram.com/p/DYEeLWBkTWr/,DYEeLWBkTWr,neutral,2026-05-09T11:58:19.000Z,0,0,0,0,0.0,0,,,0.0
instagram,comment,18100352336068616,"Oh I see is the same. Both photos are sooo good, hard to choose😭",,https://www.instagram.com/p/DYEeLWBkTWr/,DYEeLWBkTWr,neutral,2026-05-09T11:57:10.000Z,0,0,0,0,0.0,0,,,0.0
instagram,comment,17896716045447506,😍😍😍😍😍😍😍,,https://www.instagram.com/p/DYEeLWBkTWr/,DYEeLWBkTWr,neutral,2026-05-09T11:54:48.000Z,0,0,0,0,0.0,0,,,0.0
instagram,comment,18125171320720211,"Love them both 😍 Stunning 🔥 For Etsy, I’d choose the left one, I really love the contrast in that photo ✨",,https://www.instagram.com/p/DYEeLWBkTWr/,DYEeLWBkTWr,neutral,2026-05-09T11:53:01.000Z,0,0,0,0,0.0,0,,,0.0
instagram,comment,18106666892067366,Unglaublich ❤️ deine Werke sind so besonders 👏,,https://www.instagram.com/p/DYEeLWBkTWr/,DYEeLWBkTWr,neutral,2026-05-09T11:52:57.000Z,0,0,0,0,0.0,0,,,0.0
instagram,comment,17936682393234625,"Both fabulous, can’t decide!😍😍",,https://www.instagram.com/p/DYEeLWBkTWr/,DYEeLWBkTWr,neutral,2026-05-09T11:49:51.000Z,0,0,0,0,0.0,0,,,0.0
instagram,comment,18102766642956673,Left 😍,,https://www.instagram.com/p/DYEeLWBkTWr/,DYEeLWBkTWr,neutral,2026-05-09T11:49:22.000Z,0,0,0,0,0.0,0,,,0.0
instagram,comment,18091083977256005,Loooove them😍😍Soooo unique so weird in the best possible way😍😍😍,,https://www.instagram.com/p/DYEeLWBkTWr/,DYEeLWBkTWr,neutral,2026-05-09T11:49:07.000Z,0,0,0,0,0.0,0,,,0.0
instagram,comment,18124469395547600,Wow very Beautyful 🤍🤎😍,,https://www.instagram.com/p/DYEeLWBkTWr/,DYEeLWBkTWr,neutral,2026-05-09T11:49:04.000Z,0,0,0,0,0.0,0,,,0.0
instagram,comment,18109959397902409,Wowwwww Wonderful 🌟🌟🌟🌟🌟👏👏👏👏🫶🌟💖,,https://www.instagram.com/p/DYEeLWBkTWr/,DYEeLWBkTWr,neutral,2026-05-09T11:49:00.000Z,0,0,0,0,0.0,0,,,0.0
instagram,post,3892244547363486957,what a time we had! onto the next 4!🧡🤘,https://www.instagram.com/p/DYEB8s4jTzt/,,,neutral,2026-05-08T03:42:08.000Z,259,0,106,0,0.0,365,577.0,,
instagram,comment,18353683501211794,Based on  names probably Fin.,,https://www.instagram.com/p/DYEB8s4jTzt/,DYEB8s4jTzt,neutral,2026-05-21T00:08:52.000Z,0,0,0,0,0.0,0,,,0.0
instagram,comment,18172326202411614,Probably Finn if he speaks French!,,https://www.instagram.com/p/DYEB8s4jTzt/,DYEB8s4jTzt,neutral,2026-05-18T19:19:14.000Z,0,0,0,0,0.0,0,,,0.0
instagram,comment,18121804750711656,JACK!!!!,,https://www.instagram.com/p/DYEB8s4jTzt/,DYEB8s4jTzt,neutral,2026-05-09T04:45:39.000Z,0,0,0,0,0.0,0,,,0.0
instagram,comment,18110163407508146,Rosemary,,https://www.instagram.com/p/DYEB8s4jTzt/,DYEB8s4jTzt,neutral,2026-05-08T20:52:44.000Z,0,0,0,0,0.0,0,,,0.0
instagram,comment,17886472209538033,Can I pick Granny D?,,https://www.instagram.com/p/DYEB8s4jTzt/,DYEB8s4jTzt,neutral,2026-05-08T20:33:00.000Z,0,0,0,0,0.0,0,,,0.0
instagram,comment,17935732470238344,"Um...Granny D, obviously. 😅",,https://www.instagram.com/p/DYEB8s4jTzt/,DYEB8s4jTzt,neutral,2026-05-07T16:01:45.000Z,0,0,0,0,0.0,0,,,0.0
instagram,comment,17879460750570715,(*that was WAY more than you asked for...),,https://www.instagram.com/p/DYEB8s4jTzt/,DYEB8s4jTzt,neutral,2026-05-07T14:14:30.000Z,0,0,0,0,0.0,0,,,0.0
instagram,comment,18091774103236194,Granny D isn't on the list??,,https://www.instagram.com/p/DYEB8s4jTzt/,DYEB8s4jTzt,neutral,2026-05-07T14:09:05.000Z,0,0,0,0,0.0,0,,,0.0
instagram,comment,18049308377760229,Why choose? I’m just going to move to Wisteria 😁,,https://www.instagram.com/p/DYEB8s4jTzt/,DYEB8s4jTzt,neutral,2026-05-07T14:01:38.000Z,0,0,0,0,0.0,0,,,0.0
instagram,comment,18004011986864552,Rosemary and probably Jack. (*Finn would make me giggle and blush so I'd probably mark and avoid and just admire from afar.) I think Daphne would intimidate me all lovliness and poise and me all NOT that.,,https://www.instagram.com/p/DYEB8s4jTzt/,DYEB8s4jTzt,neutral,2026-05-07T13:37:36.000Z,0,0,0,0,0.0,0,,,0.0
instagram,comment,18433456945185874,🔥🔥🔥🙌❤️,,https://www.instagram.com/p/DYEB8s4jTzt/,DYEB8s4jTzt,neutral,2026-05-03T09:15:57.000Z,0,0,0,0,0.0,0,,,0.0
instagram,comment,18166209901426846,Yes mammm,,https://www.instagram.com/p/DYEB8s4jTzt/,DYEB8s4jTzt,neutral,2026-05-08T16:58:39.000Z,0,0,0,0,0.0,0,,,0.0
instagram,comment,18100536739843810,Congratulations Makennah!!🥳,,https://www.instagram.com/p/DYEB8s4jTzt/,DYEB8s4jTzt,neutral,2026-05-05T01:04:37.000Z,0,0,0,0,0.0,0,,,0.0
instagram,comment,18114377908695503,The goat btw 🔥,,https://www.instagram.com/p/DYEB8s4jTzt/,DYEB8s4jTzt,neutral,2026-05-04T17:46:46.000Z,0,0,0,0,0.0,0,,,0.0
instagram,comment,18071573066408864,MY IDOL IS GOING TO WRESTLE HERE!? TRUST I WILL BE THERE,,https://www.instagram.com/p/DYEB8s4jTzt/,DYEB8s4jTzt,neutral,2026-05-04T16:25:26.000Z,0,0,0,0,0.0,0,,,0.0
instagram,comment,18106313839897984,Awwwww!!! I was hoping my daughter wrestled with you this fall at CU....wish you the best in this new chapter!!! Because you're amazing 💪🏽💪🏽,,https://www.instagram.com/p/DYEB8s4jTzt/,DYEB8s4jTzt,neutral,2026-05-04T16:20:07.000Z,0,0,0,0,0.0,0,,,0.0
instagram,comment,18182854117378773,🙌🔥,,https://www.instagram.com/p/DYEB8s4jTzt/,DYEB8s4jTzt,neutral,2026-05-04T13:46:27.000Z,0,0,0,0,0.0,0,,,0.0
instagram,comment,17918244375349494,LOVE,,https://www.instagram.com/p/DYEB8s4jTzt/,DYEB8s4jTzt,neutral,2026-05-04T04:52:36.000Z,0,0,0,0,0.0,0,,,0.0
instagram,comment,17965578762066659,Awesome! I can’t wait to bring my daughter out to watch you! She loves wrestling and starts on her middle school team next year!,,https://www.instagram.com/p/DYEB8s4jTzt/,DYEB8s4jTzt,neutral,2026-05-04T04:20:33.000Z,0,0,0,0,0.0,0,,,0.0
instagram,comment,17948680332172666,Best🔨in the 🇺🇸: “Waiting to Happen”👊🏾🩵,,https://www.instagram.com/p/DYEB8s4jTzt/,DYEB8s4jTzt,neutral,2026-05-04T04:00:32.000Z,0,0,0,0,0.0,0,,,0.0
instagram,comment,18589941730013806,Look at you!!!! Let me know if you ever need anything or want to hang I’m in Akron 🤍,,https://www.instagram.com/p/DYEB8s4jTzt/,DYEB8s4jTzt,neutral,2026-05-04T02:43:40.000Z,0,0,0,0,0.0,0,,,0.0
instagram,post,3891817609126060505,"So curious!! I'm still trying to decide who would end up being my best friend from A Brewed Awakening! Maybe Daphne? But I do love Rosemary's spunk and Jack's sense of humor.
And, of course, I just adore Finn :) #undecided #Illtakethemall",https://www.instagram.com/p/DYCg37qkaHZ/,,,neutral,2026-05-07T13:33:53.000Z,76,0,14,0,0.0,90,118.0,,
instagram,comment,17927370327269738,Lets Gooooo!!,,https://www.instagram.com/p/DYCg37qkaHZ/,DYCg37qkaHZ,neutral,2026-05-04T02:30:01.000Z,0,0,0,0,0.0,0,,,0.0
instagram,comment,18127043914580131,YES DO IT,,https://www.instagram.com/p/DYCg37qkaHZ/,DYCg37qkaHZ,neutral,2026-05-04T01:15:13.000Z,0,0,0,0,0.0,0,,,0.0
instagram,comment,18087493520360141,Back to Ohio! Congrats 💛,,https://www.instagram.com/p/DYCg37qkaHZ/,DYCg37qkaHZ,neutral,2026-05-04T00:48:35.000Z,0,0,0,0,0.0,0,,,0.0
instagram,comment,18044840630778697,Oooohhhh! I love the light blue!! 🩵 Do women’s sports use light blue at Kent??,,https://www.instagram.com/p/DYCg37qkaHZ/,DYCg37qkaHZ,neutral,2026-05-03T23:29:23.000Z,0,0,0,0,0.0,0,,,0.0
instagram,comment,18098832475841926,😢,,https://www.instagram.com/p/DYCg37qkaHZ/,DYCg37qkaHZ,neutral,2026-05-03T23:23:18.000Z,0,0,0,0,0.0,0,,,0.0
instagram,comment,18102125848952891,Love this choice for you! ❤️,,https://www.instagram.com/p/DYCg37qkaHZ/,DYCg37qkaHZ,neutral,2026-05-08T23:14:56.000Z,0,0,0,0,0.0,0,,,0.0
instagram,comment,18134540446536684,congrats!,,https://www.instagram.com/p/DYCg37qkaHZ/,DYCg37qkaHZ,neutral,2026-05-06T17:09:20.000Z,0,0,0,0,0.0,0,,,0.0
instagram,comment,18099954488011197,Yayyyyy,,https://www.instagram.com/p/DYCg37qkaHZ/,DYCg37qkaHZ,neutral,2026-05-06T14:47:16.000Z,0,0,0,0,0.0,0,,,0.0
instagram,comment,18107685857312058,YAY LIV❤️,,https://www.instagram.com/p/DYCg37qkaHZ/,DYCg37qkaHZ,neutral,2026-05-06T13:10:06.000Z,0,0,0,0,0.0,0,,,0.0
instagram,comment,18093732794591305,YAY SO PROUD OF U,,https://www.instagram.com/p/DYCg37qkaHZ/,DYCg37qkaHZ,neutral,2026-05-05T23:37:50.000Z,0,0,0,0,0.0,0,,,0.0
instagram,comment,18008867579887197,🙌🙌🙌,,https://www.instagram.com/p/DYCg37qkaHZ/,DYCg37qkaHZ,neutral,2026-05-05T20:47:13.000Z,0,0,0,0,0.0,0,,,0.0
instagram,comment,18204831493338106,YAY SO PROUD OF YOU❤️❤️❤️ @oliviabrousseau438,,https://www.instagram.com/p/DYCg37qkaHZ/,DYCg37qkaHZ,neutral,2026-05-05T20:23:05.000Z,0,0,0,0,0.0,0,,,0.0
instagram,comment,17874382860477774,So amazing!! Proud of you❤️,,https://www.instagram.com/p/DYCg37qkaHZ/,DYCg37qkaHZ,neutral,2026-05-05T18:24:09.000Z,0,0,0,0,0.0,0,,,0.0
instagram,comment,17996898209970870,YAYYY OLIVIA SO PROUD!! ❤️,,https://www.instagram.com/p/DYCg37qkaHZ/,DYCg37qkaHZ,neutral,2026-05-05T17:33:03.000Z,0,0,0,0,0.0,0,,,0.0
instagram,comment,18592953577020011,YAHOOOOOOOOO,,https://www.instagram.com/p/DYCg37qkaHZ/,DYCg37qkaHZ,neutral,2026-05-05T16:58:23.000Z,0,0,0,0,0.0,0,,,0.0
instagram,comment,18049603889739543,can’t wait!!! next 4 🔜,,https://www.instagram.com/p/DYCg37qkaHZ/,DYCg37qkaHZ,neutral,2026-05-05T16:41:33.000Z,0,0,0,0,0.0,0,,,0.0
instagram,comment,17972640837029245,YAYAYAYYAYAYAY❤️❤️,,https://www.instagram.com/p/DYCg37qkaHZ/,DYCg37qkaHZ,neutral,2026-05-05T16:37:30.000Z,0,0,0,0,0.0,0,,,0.0
instagram,comment,18081717026428321,WOOOP,,https://www.instagram.com/p/DYCg37qkaHZ/,DYCg37qkaHZ,neutral,2026-05-05T16:36:25.000Z,0,0,0,0,0.0,0,,,0.0
instagram,comment,18067840724338618,Yaayayayayayay ❤️❤️💛💛,,https://www.instagram.com/p/DYCg37qkaHZ/,DYCg37qkaHZ,neutral,2026-05-05T16:35:59.000Z,0,0,0,0,0.0,0,,,0.0
instagram,comment,18435660337140385,YAY OLIVIA ❤️,,https://www.instagram.com/p/DYCg37qkaHZ/,DYCg37qkaHZ,neutral,2026-05-05T16:30:41.000Z,0,0,0,0,0.0,0,,,0.0
instagram,comment,18133629709566320,Jh,,https://www.instagram.com/p/DYCg37qkaHZ/,DYCg37qkaHZ,neutral,2026-06-01T23:10:04.000Z,0,0,0,0,0.0,0,,,0.0
instagram,post,3891500517487591876,"Ready na para lutuin pero undecided parin kung anong luto ang  gagawin🤔
Any suggestions mga langga 😁

#forlunch 
#undecided 
#pictureoftheday",https://www.instagram.com/p/DYBYxpEGMHE/,,,neutral,2026-05-07T03:03:54.000Z,0,0,0,0,0.0,0,0.0,,
instagram,comment,18113697751857205,@nnhsknights,,https://www.instagram.com/p/DYBYxpEGMHE/,DYBYxpEGMHE,neutral,2026-05-31T04:50:24.000Z,0,0,0,0,0.0,0,,,0.0
instagram,comment,18081209345397784,South central,,https://www.instagram.com/p/DYBYxpEGMHE/,DYBYxpEGMHE,neutral,2026-05-21T08:10:35.000Z,0,0,0,0,0.0,0,,,0.0
instagram,comment,18102038036096242,When was picking high schools like colleges acceptable,,https://www.instagram.com/p/DYBYxpEGMHE/,DYBYxpEGMHE,neutral,2026-05-20T01:34:05.000Z,0,0,0,0,0.0,0,,,0.0
instagram,comment,18081436055146411,washington the way to go,,https://www.instagram.com/p/DYBYxpEGMHE/,DYBYxpEGMHE,neutral,2026-05-16T04:16:32.000Z,0,0,0,0,0.0,0,,,0.0
instagram,comment,18161217379451329,Kinston 🤫 🥴 👀👀👀😂,,https://www.instagram.com/p/DYBYxpEGMHE/,DYBYxpEGMHE,neutral,2026-05-15T21:35:52.000Z,0,0,0,0,0.0,0,,,0.0
instagram,comment,17917398768367656,Washington Pam pack lowkey 👀,,https://www.instagram.com/p/DYBYxpEGMHE/,DYBYxpEGMHE,neutral,2026-05-15T01:10:50.000Z,0,0,0,0,0.0,0,,,0.0
instagram,comment,18141847375513195,Rose is so much better. We actually have a legacy.,,https://www.instagram.com/p/DYBYxpEGMHE/,DYBYxpEGMHE,neutral,2026-05-15T01:03:12.000Z,0,0,0,0,0.0,0,,,0.0
instagram,comment,18142885330448237,conley,,https://www.instagram.com/p/DYBYxpEGMHE/,DYBYxpEGMHE,neutral,2026-05-09T23:33:02.000Z,0,0,0,0,0.0,0,,,0.0
instagram,comment,18102984827315653,Rose ❤️,,https://www.instagram.com/p/DYBYxpEGMHE/,DYBYxpEGMHE,neutral,2026-05-09T20:01:20.000Z,0,0,0,0,0.0,0,,,0.0
instagram,comment,18103793069075719,Rose gng cmon,,https://www.instagram.com/p/DYBYxpEGMHE/,DYBYxpEGMHE,neutral,2026-05-09T14:33:47.000Z,0,0,0,0,0.0,0,,,0.0
instagram,comment,18358111345235277,Fchs,,https://www.instagram.com/p/DYBYxpEGMHE/,DYBYxpEGMHE,neutral,2026-05-09T03:05:03.000Z,0,0,0,0,0.0,0,,,0.0
instagram,comment,17896372611308977,Conley,,https://www.instagram.com/p/DYBYxpEGMHE/,DYBYxpEGMHE,neutral,2026-05-09T00:43:44.000Z,0,0,0,0,0.0,0,,,0.0
instagram,comment,18418491598132890,🚾,,https://www.instagram.com/p/DYBYxpEGMHE/,DYBYxpEGMHE,neutral,2026-05-08T02:36:07.000Z,0,0,0,0,0.0,0,,,0.0
instagram,comment,17877756699447093,my brother going to rose💕,,https://www.instagram.com/p/DYBYxpEGMHE/,DYBYxpEGMHE,neutral,2026-05-08T01:01:22.000Z,0,0,0,0,0.0,0,,,0.0
instagram,comment,18532523470079314,You look pretty in blue! 💙 you will be missed 🥺,,https://www.instagram.com/p/DYBYxpEGMHE/,DYBYxpEGMHE,neutral,2026-05-03T22:32:50.000Z,0,0,0,0,0.0,0,,,0.0
instagram,comment,17949492120135360,This is fire,,https://www.instagram.com/p/DYBYxpEGMHE/,DYBYxpEGMHE,neutral,2026-05-03T22:21:30.000Z,0,0,0,0,0.0,0,,,0.0
instagram,comment,18105315154941422,#Home #Ohio,,https://www.instagram.com/p/DYBYxpEGMHE/,DYBYxpEGMHE,neutral,2026-05-03T22:09:56.000Z,0,0,0,0,0.0,0,,,0.0
instagram,comment,17876342301596367,My girll,,https://www.instagram.com/p/DYBYxpEGMHE/,DYBYxpEGMHE,neutral,2026-05-03T22:08:40.000Z,0,0,0,0,0.0,0,,,0.0
instagram,comment,18192581536323407,Yes let’s frickin go !,,https://www.instagram.com/p/DYBYxpEGMHE/,DYBYxpEGMHE,neutral,2026-05-03T22:07:21.000Z,0,0,0,0,0.0,0,,,0.0
instagram,post,3891466450568744427,?? #undecided,https://www.instagram.com/p/DYBRB5xgA3r/,,,neutral,2026-05-07T01:57:41.000Z,673,0,60,0,0.0,733,853.0,,
instagram,comment,17890025586353572,Not leaving,,https://www.instagram.com/p/DYBRB5xgA3r/,DYBRB5xgA3r,neutral,2026-05-03T22:04:06.000Z,0,0,0,0,0.0,0,,,0.0
instagram,comment,17888060025498462,No,,https://www.instagram.com/p/DYBRB5xgA3r/,DYBRB5xgA3r,neutral,2026-05-03T22:03:49.000Z,0,0,0,0,0.0,0,,,0.0
instagram,comment,18096585524330724,I love uuuu,,https://www.instagram.com/p/DYBRB5xgA3r/,DYBRB5xgA3r,neutral,2026-05-08T19:54:13.000Z,0,0,0,0,0.0,0,,,0.0
instagram,comment,18128705650517790,last pic is sending me,,https://www.instagram.com/p/DYBRB5xgA3r/,DYBRB5xgA3r,neutral,2026-05-08T19:49:45.000Z,0,0,0,0,0.0,0,,,0.0
instagram,comment,18424396858125863,ugh beautiful,,https://www.instagram.com/p/DYBRB5xgA3r/,DYBRB5xgA3r,neutral,2026-05-08T19:49:39.000Z,0,0,0,0,0.0,0,,,0.0
instagram,comment,17968811441898413,love yall,,https://www.instagram.com/p/DYBRB5xgA3r/,DYBRB5xgA3r,neutral,2026-05-08T19:05:52.000Z,0,0,0,0,0.0,0,,,0.0
instagram,comment,18083392601377588,cuteness,,https://www.instagram.com/p/DYBRB5xgA3r/,DYBRB5xgA3r,neutral,2026-05-08T19:05:50.000Z,0,0,0,0,0.0,0,,,0.0
instagram,comment,18044974241554069,You look soooo prettyy,,https://www.instagram.com/p/DYBRB5xgA3r/,DYBRB5xgA3r,neutral,2026-05-08T15:22:11.000Z,0,0,0,0,0.0,0,,,0.0
instagram,comment,18108924760921315,Im actuallly crying,,https://www.instagram.com/p/DYBRB5xgA3r/,DYBRB5xgA3r,neutral,2026-05-08T15:22:06.000Z,0,0,0,0,0.0,0,,,0.0
instagram,comment,17993304968955736,And just like that we’re not gonna see each other every spring 😢,,https://www.instagram.com/p/DYBRB5xgA3r/,DYBRB5xgA3r,neutral,2026-05-08T15:22:02.000Z,0,0,0,0,0.0,0,,,0.0
instagram,comment,18208591684327964,omggg so sap🥹🥹🥹,,https://www.instagram.com/p/DYBRB5xgA3r/,DYBRB5xgA3r,neutral,2026-05-08T14:39:09.000Z,0,0,0,0,0.0,0,,,0.0
instagram,comment,17950549353150480,😍😍😍,,https://www.instagram.com/p/DYBRB5xgA3r/,DYBRB5xgA3r,neutral,2026-05-08T14:17:49.000Z,0,0,0,0,0.0,0,,,0.0
instagram,comment,18041447048571683,So perfect 🥹🥹🧡🧡,,https://www.instagram.com/p/DYBRB5xgA3r/,DYBRB5xgA3r,neutral,2026-05-08T12:22:51.000Z,0,0,0,0,0.0,0,,,0.0
instagram,comment,18065523827378108,Proud for you Harper and all the things you have ahead! You get a Sic’em in Austin for putting that last one in there😢 Go make your mark.,,https://www.instagram.com/p/DYBRB5xgA3r/,DYBRB5xgA3r,neutral,2026-05-08T12:16:31.000Z,0,0,0,0,0.0,0,,,0.0
instagram,comment,18584207266037288,Cute!!,,https://www.instagram.com/p/DYBRB5xgA3r/,DYBRB5xgA3r,neutral,2026-05-08T12:14:23.000Z,0,0,0,0,0.0,0,,,0.0
instagram,comment,18085635515190926,You cute,,https://www.instagram.com/p/DYBRB5xgA3r/,DYBRB5xgA3r,neutral,2026-05-08T12:09:25.000Z,0,0,0,0,0.0,0,,,0.0
instagram,comment,18102629137790813,yayayayay liv❤️❤️,,https://www.instagram.com/p/DYBRB5xgA3r/,DYBRB5xgA3r,neutral,2026-05-05T16:27:39.000Z,0,0,0,0,0.0,0,,,0.0
instagram,comment,17925051897296980,SO HAPPY FOR YOU LIV ❤️,,https://www.instagram.com/p/DYBRB5xgA3r/,DYBRB5xgA3r,neutral,2026-05-05T16:19:24.000Z,0,0,0,0,0.0,0,,,0.0
instagram,comment,18103636498974102,I hope an alligator gets in your dorm,,https://www.instagram.com/p/DYBRB5xgA3r/,DYBRB5xgA3r,neutral,2026-05-05T16:14:56.000Z,0,0,0,0,0.0,0,,,0.0
instagram,post,3890785811080412379,#undecided,https://www.instagram.com/p/DX-2RS2k_zb/,,,neutral,2026-05-06T03:24:02.000Z,13,0,0,0,0.0,13,13.0,,
instagram,comment,18121845622628135,florida gall fr,,https://www.instagram.com/p/DX-2RS2k_zb/,DX-2RS2k_zb,neutral,2026-05-05T16:07:03.000Z,0,0,0,0,0.0,0,,,0.0
instagram,comment,18095548325326386,YAYA LIVY,,https://www.instagram.com/p/DX-2RS2k_zb/,DX-2RS2k_zb,neutral,2026-05-05T15:55:42.000Z,0,0,0,0,0.0,0,,,0.0
instagram,comment,17999966360755302,YAYYY 🫶🏼🫶🏼,,https://www.instagram.com/p/DX-2RS2k_zb/,DX-2RS2k_zb,neutral,2026-05-05T15:46:35.000Z,0,0,0,0,0.0,0,,,0.0
instagram,comment,18045117605549971,So happy for you🥹,,https://www.instagram.com/p/DX-2RS2k_zb/,DX-2RS2k_zb,neutral,2026-05-05T15:43:32.000Z,0,0,0,0,0.0,0,,,0.0
instagram,comment,18101312192063713,YAY LIV!!!,,https://www.instagram.com/p/DX-2RS2k_zb/,DX-2RS2k_zb,neutral,2026-05-05T15:43:23.000Z,0,0,0,0,0.0,0,,,0.0
instagram,comment,18007337684909740,WOOT WOOT!!,,https://www.instagram.com/p/DX-2RS2k_zb/,DX-2RS2k_zb,neutral,2026-05-05T15:34:43.000Z,0,0,0,0,0.0,0,,,0.0
instagram,comment,18045583997604068,yay olivia!,,https://www.instagram.com/p/DX-2RS2k_zb/,DX-2RS2k_zb,neutral,2026-05-05T15:28:56.000Z,0,0,0,0,0.0,0,,,0.0
instagram,comment,17975250915009227,YAYYYYYYY LIVVVV,,https://www.instagram.com/p/DX-2RS2k_zb/,DX-2RS2k_zb,neutral,2026-05-05T15:19:05.000Z,0,0,0,0,0.0,0,,,0.0
instagram,comment,18046415567770433,yay olivia!,,https://www.instagram.com/p/DX-2RS2k_zb/,DX-2RS2k_zb,neutral,2026-05-05T15:12:38.000Z,0,0,0,0,0.0,0,,,0.0
instagram,comment,17989999976968665,YAY OLIVIA❤️❤️,,https://www.instagram.com/p/DX-2RS2k_zb/,DX-2RS2k_zb,neutral,2026-05-05T15:04:02.000Z,0,0,0,0,0.0,0,,,0.0
instagram,comment,18032938601801734,love you,,https://www.instagram.com/p/DX-2RS2k_zb/,DX-2RS2k_zb,neutral,2026-05-05T15:01:48.000Z,0,0,0,0,0.0,0,,,0.0
instagram,comment,18097669811027815,awwww yay,,https://www.instagram.com/p/DX-2RS2k_zb/,DX-2RS2k_zb,neutral,2026-05-05T15:01:42.000Z,0,0,0,0,0.0,0,,,0.0
instagram,comment,17887630125489163,YAYYYY LIVVV,,https://www.instagram.com/p/DX-2RS2k_zb/,DX-2RS2k_zb,neutral,2026-05-05T14:59:33.000Z,0,0,0,0,0.0,0,,,0.0
instagram,comment,17963256291118042,florida 🔜,,https://www.instagram.com/p/DX-2RS2k_zb/,DX-2RS2k_zb,neutral,2026-05-05T14:55:48.000Z,0,0,0,0,0.0,0,,,0.0
instagram,comment,18099444881470991,Yayayayayya,,https://www.instagram.com/p/DX-2RS2k_zb/,DX-2RS2k_zb,neutral,2026-05-05T14:53:06.000Z,0,0,0,0,0.0,0,,,0.0
instagram,comment,18556650946065686,AMAZINGGGGGG ❤️❤️❤️,,https://www.instagram.com/p/DX-2RS2k_zb/,DX-2RS2k_zb,neutral,2026-05-05T14:48:59.000Z,0,0,0,0,0.0,0,,,0.0
instagram,comment,18066154583380931,LETS GO LIV!!!,,https://www.instagram.com/p/DX-2RS2k_zb/,DX-2RS2k_zb,neutral,2026-05-05T14:48:55.000Z,0,0,0,0,0.0,0,,,0.0
instagram,comment,18096602423164560,Florida bound,,https://www.instagram.com/p/DX-2RS2k_zb/,DX-2RS2k_zb,neutral,2026-05-05T14:47:07.000Z,0,0,0,0,0.0,0,,,0.0
instagram,comment,17938636980212990,YAYYYYY,,https://www.instagram.com/p/DX-2RS2k_zb/,DX-2RS2k_zb,neutral,2026-05-05T14:47:02.000Z,0,0,0,0,0.0,0,,,0.0
instagram,post,3890752129333321936,"Unsay imung desisyon,ayaw dugaya Kay sayang Ang oras.
#undecided 
#pictureoftheday",https://www.instagram.com/p/DX-unKSAeDQ/,,,neutral,2026-05-06T02:16:59.000Z,0,0,0,0,0.0,0,0.0,,
instagram,comment,18115029949745890,SO PROUD,,https://www.instagram.com/p/DX-unKSAeDQ/,DX-unKSAeDQ,neutral,2026-05-05T14:46:43.000Z,0,0,0,0,0.0,0,,,0.0
instagram,comment,17916307128361290,YAYAYAYA,,https://www.instagram.com/p/DX-unKSAeDQ/,DX-unKSAeDQ,neutral,2026-05-05T14:46:37.000Z,0,0,0,0,0.0,0,,,0.0
instagram,comment,18134963353480999,yayyyyyy,,https://www.instagram.com/p/DX-unKSAeDQ/,DX-unKSAeDQ,neutral,2026-05-05T14:46:02.000Z,0,0,0,0,0.0,0,,,0.0
instagram,comment,18586309267023634,dare I say pre med?,,https://www.instagram.com/p/DX-unKSAeDQ/,DX-unKSAeDQ,neutral,2026-05-05T14:44:43.000Z,0,0,0,0,0.0,0,,,0.0
instagram,comment,18078028463544055,YAYAYA,,https://www.instagram.com/p/DX-unKSAeDQ/,DX-unKSAeDQ,neutral,2026-05-05T14:44:13.000Z,0,0,0,0,0.0,0,,,0.0
instagram,comment,18111180100884167,Conley where it’s at,,https://www.instagram.com/p/DX-unKSAeDQ/,DX-unKSAeDQ,neutral,2026-05-07T23:36:17.000Z,0,0,0,0,0.0,0,,,0.0
instagram,comment,18100537090835022,South,,https://www.instagram.com/p/DX-unKSAeDQ/,DX-unKSAeDQ,neutral,2026-05-07T23:27:33.000Z,0,0,0,0,0.0,0,,,0.0
instagram,comment,18098126371861184,Conley,,https://www.instagram.com/p/DX-unKSAeDQ/,DX-unKSAeDQ,neutral,2026-05-07T21:25:06.000Z,0,0,0,0,0.0,0,,,0.0
instagram,comment,17896169568533115,Jp2222,,https://www.instagram.com/p/DX-unKSAeDQ/,DX-unKSAeDQ,neutral,2026-05-07T19:45:29.000Z,0,0,0,0,0.0,0,,,0.0
instagram,comment,18583465009018926,South with @kpwitdashifts1,,https://www.instagram.com/p/DX-unKSAeDQ/,DX-unKSAeDQ,neutral,2026-05-07T11:36:50.000Z,0,0,0,0,0.0,0,,,0.0
instagram,comment,18088036931365675,Conley,,https://www.instagram.com/p/DX-unKSAeDQ/,DX-unKSAeDQ,neutral,2026-05-07T11:19:59.000Z,0,0,0,0,0.0,0,,,0.0
instagram,comment,17983933232990389,home??👀,,https://www.instagram.com/p/DX-unKSAeDQ/,DX-unKSAeDQ,neutral,2026-05-07T11:11:21.000Z,0,0,0,0,0.0,0,,,0.0
instagram,comment,17989801397960456,❤️brudda,,https://www.instagram.com/p/DX-unKSAeDQ/,DX-unKSAeDQ,neutral,2026-05-07T11:00:05.000Z,0,0,0,0,0.0,0,,,0.0
instagram,comment,18423074041124127,rose bro 💚,,https://www.instagram.com/p/DX-unKSAeDQ/,DX-unKSAeDQ,neutral,2026-05-07T10:51:25.000Z,0,0,0,0,0.0,0,,,0.0
instagram,comment,18588083866037747,rose the way fam❤️‍🔥❤️‍🔥,,https://www.instagram.com/p/DX-unKSAeDQ/,DX-unKSAeDQ,neutral,2026-05-07T10:39:20.000Z,0,0,0,0,0.0,0,,,0.0
instagram,comment,18175137505393879,Rose,,https://www.instagram.com/p/DX-unKSAeDQ/,DX-unKSAeDQ,neutral,2026-05-07T07:08:51.000Z,0,0,0,0,0.0,0,,,0.0
instagram,comment,17866618287618231,South Fs,,https://www.instagram.com/p/DX-unKSAeDQ/,DX-unKSAeDQ,neutral,2026-05-07T04:48:29.000Z,0,0,0,0,0.0,0,,,0.0
instagram,comment,18098660008847849,Come to the real trenches and play with them DAWGS in THE GARDEN,,https://www.instagram.com/p/DX-unKSAeDQ/,DX-unKSAeDQ,neutral,2026-05-07T02:45:24.000Z,0,0,0,0,0.0,0,,,0.0
instagram,comment,18052227809719564,Conley,,https://www.instagram.com/p/DX-unKSAeDQ/,DX-unKSAeDQ,neutral,2026-05-07T02:33:36.000Z,0,0,0,0,0.0,0,,,0.0
instagram,comment,18079063235403226,Sooo perfect!!!,,https://www.instagram.com/p/DX-unKSAeDQ/,DX-unKSAeDQ,neutral,2026-05-08T12:09:21.000Z,0,0,0,0,0.0,0,,,0.0
instagram,post,3890402939150821050,"Lets all give a huge round of applause to Olivia Brousseau, who will be attending Flagler College for the next 4 years! We are so proud of Olivia for making this commitment, and we are sure that Flagler will be the perfect place for her to decide what she wants to major in and do in the future. Olivia will thrive at Flagler, and she is going to have so much fun in the warm weather and on the beautiful campus. We know she will meet so many new people and will have such a good time. She will also have the chance to thrive academically and work hard to get opportunities and declare a major. We cannot wait to see what she will do with her future. Congratulations Olivia! #flagler #undecided",https://www.instagram.com/p/DX9fNxlOGa6/,,,neutral,2026-05-05T14:43:35.000Z,153,0,44,0,0.0,197,285.0,,
instagram,comment,17868936378672661,Rip to the sevies 🥀🥀,,https://www.instagram.com/p/DX9fNxlOGa6/,DX9fNxlOGa6,neutral,2026-05-08T11:35:48.000Z,0,0,0,0,0.0,0,,,0.0
instagram,comment,18106883248928576,😢😢😢,,https://www.instagram.com/p/DX9fNxlOGa6/,DX9fNxlOGa6,neutral,2026-05-08T11:34:57.000Z,0,0,0,0,0.0,0,,,0.0
instagram,comment,18592656115008021,Loooove,,https://www.instagram.com/p/DX9fNxlOGa6/,DX9fNxlOGa6,neutral,2026-05-08T06:34:22.000Z,0,0,0,0,0.0,0,,,0.0
instagram,comment,18104635796510732,You are perfect omg,,https://www.instagram.com/p/DX9fNxlOGa6/,DX9fNxlOGa6,neutral,2026-05-08T06:31:02.000Z,0,0,0,0,0.0,0,,,0.0
instagram,comment,17922976566125655,❤️❤️❤️,,https://www.instagram.com/p/DX9fNxlOGa6/,DX9fNxlOGa6,neutral,2026-05-08T04:53:01.000Z,0,0,0,0,0.0,0,,,0.0
instagram,comment,18094216549937540,Love this,,https://www.instagram.com/p/DX9fNxlOGa6/,DX9fNxlOGa6,neutral,2026-05-08T04:52:56.000Z,0,0,0,0,0.0,0,,,0.0
instagram,comment,17945198493188215,👏👏👏,,https://www.instagram.com/p/DX9fNxlOGa6/,DX9fNxlOGa6,neutral,2026-05-08T04:52:53.000Z,0,0,0,0,0.0,0,,,0.0
instagram,comment,17963396967092055,Austin got a good one🤘🤘,,https://www.instagram.com/p/DX9fNxlOGa6/,DX9fNxlOGa6,neutral,2026-05-08T04:38:06.000Z,0,0,0,0,0.0,0,,,0.0
instagram,comment,18090164648599356,I love watching u grow harp!! Love ya ❤️,,https://www.instagram.com/p/DX9fNxlOGa6/,DX9fNxlOGa6,neutral,2026-05-08T04:26:33.000Z,0,0,0,0,0.0,0,,,0.0
instagram,comment,18165559168426828,Last pic 🥲🥲 tears,,https://www.instagram.com/p/DX9fNxlOGa6/,DX9fNxlOGa6,neutral,2026-05-08T04:26:17.000Z,0,0,0,0,0.0,0,,,0.0
instagram,comment,18064150877392762,🤘🤘🤘🤘🤘,,https://www.instagram.com/p/DX9fNxlOGa6/,DX9fNxlOGa6,neutral,2026-05-08T04:19:31.000Z,0,0,0,0,0.0,0,,,0.0
instagram,comment,18128493598587588,Last slide hahaha I think we had glow ups since then 🤞🤞,,https://www.instagram.com/p/DX9fNxlOGa6/,DX9fNxlOGa6,neutral,2026-05-08T04:19:24.000Z,0,0,0,0,0.0,0,,,0.0
instagram,comment,18102019930821169,Aw pretty,,https://www.instagram.com/p/DX9fNxlOGa6/,DX9fNxlOGa6,neutral,2026-05-08T04:18:53.000Z,0,0,0,0,0.0,0,,,0.0
instagram,comment,17975425875032589,i love u,,https://www.instagram.com/p/DX9fNxlOGa6/,DX9fNxlOGa6,neutral,2026-05-08T04:15:30.000Z,0,0,0,0,0.0,0,,,0.0
instagram,comment,18110285329848663,Ilyilyily,,https://www.instagram.com/p/DX9fNxlOGa6/,DX9fNxlOGa6,neutral,2026-05-08T04:09:42.000Z,0,0,0,0,0.0,0,,,0.0
instagram,comment,18124709461532609,What I love to see🤘🏻🤘🏻🤘🏻🤘🏻🤘🏻🤘🏻🤘🏻🤘🏻🤘🏻🤘🏻🤘🏻🤘🏻🤘🏻🤘🏻,,https://www.instagram.com/p/DX9fNxlOGa6/,DX9fNxlOGa6,neutral,2026-05-08T04:09:36.000Z,0,0,0,0,0.0,0,,,0.0
instagram,comment,18125226415719604,Cutest person ever,,https://www.instagram.com/p/DX9fNxlOGa6/,DX9fNxlOGa6,neutral,2026-05-08T04:08:51.000Z,0,0,0,0,0.0,0,,,0.0
instagram,comment,18175376770392482,Hooked on ya,,https://www.instagram.com/p/DX9fNxlOGa6/,DX9fNxlOGa6,neutral,2026-05-08T03:59:41.000Z,0,0,0,0,0.0,0,,,0.0
instagram,comment,18367994860207776,I love youuuu,,https://www.instagram.com/p/DX9fNxlOGa6/,DX9fNxlOGa6,neutral,2026-05-08T03:59:35.000Z,0,0,0,0,0.0,0,,,0.0
instagram,comment,18089691668364702,Onto bigger and better 🤘🤘🤘🤘,,https://www.instagram.com/p/DX9fNxlOGa6/,DX9fNxlOGa6,neutral,2026-05-08T03:59:31.000Z,0,0,0,0,0.0,0,,,0.0
instagram,comment,18072232412305723,Love you so much,,https://www.instagram.com/p/DX9fNxlOGa6/,DX9fNxlOGa6,neutral,2026-05-08T03:59:21.000Z,0,0,0,0,0.0,0,,,0.0
instagram,post,3889852574547745506,"#teepublic #ellenhenryart
#undecided #minimal #undecidedtshirt #typography #whitetext",https://www.instagram.com/p/DX7iE6mjpri/,,,neutral,2026-05-04T20:29:43.000Z,0,0,0,0,0.0,0,0.0,,
instagram,comment,18355041451237680,hah&hehcrytoomuch,,https://www.instagram.com/p/DX7iE6mjpri/,DX7iE6mjpri,neutral,2026-05-08T03:56:34.000Z,0,0,0,0,0.0,0,,,0.0
instagram,comment,17874877320599437,Loveeeeeee🧡🧡🧡🧡,,https://www.instagram.com/p/DX7iE6mjpri/,DX7iE6mjpri,neutral,2026-05-08T03:55:58.000Z,0,0,0,0,0.0,0,,,0.0
instagram,comment,18080728397138742,Proud of you!!!!,,https://www.instagram.com/p/DX7iE6mjpri/,DX7iE6mjpri,neutral,2026-05-08T03:55:54.000Z,0,0,0,0,0.0,0,,,0.0
instagram,comment,18435195790137799,Sooooo perfect!!!!👏👏👏👏,,https://www.instagram.com/p/DX7iE6mjpri/,DX7iE6mjpri,neutral,2026-05-08T03:55:51.000Z,0,0,0,0,0.0,0,,,0.0
instagram,comment,18112117672874214,presh,,https://www.instagram.com/p/DX7iE6mjpri/,DX7iE6mjpri,neutral,2026-05-08T03:55:48.000Z,0,0,0,0,0.0,0,,,0.0
instagram,comment,18088605647201608,love you tha mosteststtstsrs,,https://www.instagram.com/p/DX7iE6mjpri/,DX7iE6mjpri,neutral,2026-05-08T03:55:34.000Z,0,0,0,0,0.0,0,,,0.0
instagram,comment,18151479601483183,perrrrfect hook yay,,https://www.instagram.com/p/DX7iE6mjpri/,DX7iE6mjpri,neutral,2026-05-08T03:55:26.000Z,0,0,0,0,0.0,0,,,0.0
instagram,comment,18079886927397831,❤️❤️❤️❤️😍😍😍😍,,https://www.instagram.com/p/DX7iE6mjpri/,DX7iE6mjpri,neutral,2026-05-08T03:55:21.000Z,0,0,0,0,0.0,0,,,0.0
instagram,comment,18063477194428386,Rose🌹,,https://www.instagram.com/p/DX7iE6mjpri/,DX7iE6mjpri,neutral,2026-05-07T02:30:58.000Z,0,0,0,0,0.0,0,,,0.0
instagram,comment,18175764100397643,south central,,https://www.instagram.com/p/DX7iE6mjpri/,DX7iE6mjpri,neutral,2026-05-07T02:22:29.000Z,0,0,0,0,0.0,0,,,0.0
instagram,comment,17953861311126002,Gonna do his thing wherever he go!,,https://www.instagram.com/p/DX7iE6mjpri/,DX7iE6mjpri,neutral,2026-05-07T02:21:29.000Z,0,0,0,0,0.0,0,,,0.0
instagram,comment,17863401594625858,"go to conley, DO not go to south central",,https://www.instagram.com/p/DX7iE6mjpri/,DX7iE6mjpri,neutral,2026-05-07T02:19:38.000Z,0,0,0,0,0.0,0,,,0.0
instagram,comment,18066069449492488,🥀,,https://www.instagram.com/p/DX7iE6mjpri/,DX7iE6mjpri,neutral,2026-05-07T02:19:19.000Z,0,0,0,0,0.0,0,,,0.0
instagram,comment,18101299121075320,South,,https://www.instagram.com/p/DX7iE6mjpri/,DX7iE6mjpri,neutral,2026-05-07T02:18:38.000Z,0,0,0,0,0.0,0,,,0.0
instagram,comment,18108866038921689,Who knows 😶‍🌫️,,https://www.instagram.com/p/DX7iE6mjpri/,DX7iE6mjpri,neutral,2026-05-07T02:12:54.000Z,0,0,0,0,0.0,0,,,0.0
instagram,comment,17907894507406760,rose or south,,https://www.instagram.com/p/DX7iE6mjpri/,DX7iE6mjpri,neutral,2026-05-07T02:10:26.000Z,0,0,0,0,0.0,0,,,0.0
instagram,comment,18087985730199995,Conley,,https://www.instagram.com/p/DX7iE6mjpri/,DX7iE6mjpri,neutral,2026-05-07T02:10:18.000Z,0,0,0,0,0.0,0,,,0.0
instagram,comment,18321251389285956,❤️,,https://www.instagram.com/p/DX7iE6mjpri/,DX7iE6mjpri,neutral,2026-05-07T02:09:37.000Z,0,0,0,0,0.0,0,,,0.0
instagram,comment,18084099248429785,conley,,https://www.instagram.com/p/DX7iE6mjpri/,DX7iE6mjpri,neutral,2026-05-07T02:08:29.000Z,0,0,0,0,0.0,0,,,0.0
instagram,comment,18094088774010419,Rose,,https://www.instagram.com/p/DX7iE6mjpri/,DX7iE6mjpri,neutral,2026-05-07T02:04:21.000Z,0,0,0,0,0.0,0,,,0.0
instagram,post,3889172452669272913,"K💙S 💛U ??⚡️
#undecided #transfer #flashes",https://www.instagram.com/p/DX5Hb1vljNR/,,,neutral,2026-05-03T21:58:26.000Z,3652,0,30,0,0.0,3682,3742.0,,
instagram,comment,18108843745700643,Conley,,https://www.instagram.com/p/DX5Hb1vljNR/,DX5Hb1vljNR,neutral,2026-05-07T02:04:15.000Z,0,0,0,0,0.0,0,,,0.0
instagram,comment,18113814922697576,halifax,,https://www.instagram.com/p/DX5Hb1vljNR/,DX5Hb1vljNR,neutral,2026-05-07T02:04:02.000Z,0,0,0,0,0.0,0,,,0.0
instagram,comment,17863365627684592,South with @jordan.hines4,,https://www.instagram.com/p/DX5Hb1vljNR/,DX5Hb1vljNR,neutral,2026-05-07T02:03:37.000Z,0,0,0,0,0.0,0,,,0.0
instagram,comment,18138521587467874,Conley,,https://www.instagram.com/p/DX5Hb1vljNR/,DX5Hb1vljNR,neutral,2026-05-07T02:02:55.000Z,0,0,0,0,0.0,0,,,0.0
instagram,comment,17934119040250328,🐶🐶🐶,,https://www.instagram.com/p/DX5Hb1vljNR/,DX5Hb1vljNR,neutral,2026-05-07T02:01:38.000Z,0,0,0,0,0.0,0,,,0.0
instagram,comment,17964348569917786,Conley,,https://www.instagram.com/p/DX5Hb1vljNR/,DX5Hb1vljNR,neutral,2026-05-07T02:00:57.000Z,0,0,0,0,0.0,0,,,0.0
instagram,comment,17879181873437314,Conley,,https://www.instagram.com/p/DX5Hb1vljNR/,DX5Hb1vljNR,neutral,2026-05-07T02:00:54.000Z,0,0,0,0,0.0,0,,,0.0
instagram,comment,18076009691229853,💙💛,,https://www.instagram.com/p/DX5Hb1vljNR/,DX5Hb1vljNR,neutral,2026-05-07T01:58:55.000Z,0,0,0,0,0.0,0,,,0.0
instagram,comment,18093493907179676,u so pretty,,https://www.instagram.com/p/DX5Hb1vljNR/,DX5Hb1vljNR,neutral,2026-05-08T03:55:18.000Z,0,0,0,0,0.0,0,,,0.0
instagram,comment,18201128899344925,wait don’t leave,,https://www.instagram.com/p/DX5Hb1vljNR/,DX5Hb1vljNR,neutral,2026-05-08T03:55:14.000Z,0,0,0,0,0.0,0,,,0.0
instagram,comment,18109804336920597,Awwww,,https://www.instagram.com/p/DX5Hb1vljNR/,DX5Hb1vljNR,neutral,2026-05-08T03:55:11.000Z,0,0,0,0,0.0,0,,,0.0
instagram,comment,17987013416991643,Yayay future Longhorn!!,,https://www.instagram.com/p/DX5Hb1vljNR/,DX5Hb1vljNR,neutral,2026-05-08T03:50:31.000Z,0,0,0,0,0.0,0,,,0.0
instagram,comment,18398937355157392,Gorgeous wow,,https://www.instagram.com/p/DX5Hb1vljNR/,DX5Hb1vljNR,neutral,2026-05-08T03:49:25.000Z,0,0,0,0,0.0,0,,,0.0
instagram,comment,18338903470168423,ur caption is sad,,https://www.instagram.com/p/DX5Hb1vljNR/,DX5Hb1vljNR,neutral,2026-05-08T03:49:12.000Z,0,0,0,0,0.0,0,,,0.0
instagram,comment,17998196744764022,So pretty 🥹🥹,,https://www.instagram.com/p/DX5Hb1vljNR/,DX5Hb1vljNR,neutral,2026-05-08T03:49:05.000Z,0,0,0,0,0.0,0,,,0.0
instagram,comment,17949027597157301,I love you sm,,https://www.instagram.com/p/DX5Hb1vljNR/,DX5Hb1vljNR,neutral,2026-05-08T03:49:00.000Z,0,0,0,0,0.0,0,,,0.0
instagram,comment,18183367597380798,what will i do without you ?!,,https://www.instagram.com/p/DX5Hb1vljNR/,DX5Hb1vljNR,neutral,2026-05-08T03:48:57.000Z,0,0,0,0,0.0,0,,,0.0
instagram,comment,18363584053226686,HORNS DOWN,,https://www.instagram.com/p/DX5Hb1vljNR/,DX5Hb1vljNR,neutral,2026-05-08T03:47:41.000Z,0,0,0,0,0.0,0,,,0.0
instagram,comment,18008089874712688,So sweet,,https://www.instagram.com/p/DX5Hb1vljNR/,DX5Hb1vljNR,neutral,2026-05-08T03:47:21.000Z,0,0,0,0,0.0,0,,,0.0
instagram,comment,18090060119001118,I’m gonna cry,,https://www.instagram.com/p/DX5Hb1vljNR/,DX5Hb1vljNR,neutral,2026-05-08T03:47:16.000Z,0,0,0,0,0.0,0,,,0.0
instagram,post,3888776090571672978,"Sydney… we’re coming back!

Here’s a shot from our last visit to town — and we can’t wait to do it all again this September.

L to R: Dan Matejcic, Brian Vaughton, Craig Holden, Mick Bower and Bill Harrod.

After such a great response last time, we’re heading back for a very special show and we’d love to see you there.

📍 The Wintle Theatre, The Juniors Kingsford
📅 Sunday 20th September 2026
🕓 4:00PM

🎟️ Tickets & info: https://themastersapprentices.com/events

All the songs. All the memories. One afternoon of classic Australian rock.

📸 Photo by Tash Bulyga

#TheMastersApprentices #SydneyLiveMusic #AustralianRock #LiveMusicAustralia #TurnUpYourRadio #BecauseILoveYou #Undecided #LivingInAChildsDream #WarsOrHandsOfTime",https://www.instagram.com/p/DX3tUAxjo2S/,,,neutral,2026-05-03T08:50:57.000Z,6,0,1,0,0.0,7,9.0,,
instagram,comment,17916712089360383,Preciousness,,https://www.instagram.com/p/DX3tUAxjo2S/,DX3tUAxjo2S,neutral,2026-05-08T03:45:02.000Z,0,0,0,0,0.0,0,,,0.0
instagram,comment,18041805734576373,❤️❤️,,https://www.instagram.com/p/DX3tUAxjo2S/,DX3tUAxjo2S,neutral,2026-05-08T03:44:52.000Z,0,0,0,0,0.0,0,,,0.0
instagram,comment,18098683382164241,So cute,,https://www.instagram.com/p/DX3tUAxjo2S/,DX3tUAxjo2S,neutral,2026-05-08T03:44:51.000Z,0,0,0,0,0.0,0,,,0.0
instagram,comment,18098731811323261,Awwwhh,,https://www.instagram.com/p/DX3tUAxjo2S/,DX3tUAxjo2S,neutral,2026-05-08T03:44:47.000Z,0,0,0,0,0.0,0,,,0.0
instagram,comment,18050011640529710,Can’t wait to be rivals,,https://www.instagram.com/p/DX3tUAxjo2S/,DX3tUAxjo2S,neutral,2026-05-08T03:44:18.000Z,0,0,0,0,0.0,0,,,0.0
instagram,comment,18136782361551826,Awww,,https://www.instagram.com/p/DX3tUAxjo2S/,DX3tUAxjo2S,neutral,2026-05-08T03:44:11.000Z,0,0,0,0,0.0,0,,,0.0
instagram,comment,18200335819347542,🔥🔥,,https://www.instagram.com/p/DX3tUAxjo2S/,DX3tUAxjo2S,neutral,2026-05-08T03:44:09.000Z,0,0,0,0,0.0,0,,,0.0
instagram,comment,17867846268617267,The last slide is gonna make me cry,,https://www.instagram.com/p/DX3tUAxjo2S/,DX3tUAxjo2S,neutral,2026-05-08T03:44:08.000Z,0,0,0,0,0.0,0,,,0.0
instagram,comment,18118836214735079,Ugh love yall,,https://www.instagram.com/p/DX3tUAxjo2S/,DX3tUAxjo2S,neutral,2026-05-08T03:43:31.000Z,0,0,0,0,0.0,0,,,0.0
instagram,comment,18109528373476870,Laughing at Allison and I not having jerseys,,https://www.instagram.com/p/DX3tUAxjo2S/,DX3tUAxjo2S,neutral,2026-05-08T03:43:29.000Z,0,0,0,0,0.0,0,,,0.0
instagram,comment,17951265704982113,Adorable girls,,https://www.instagram.com/p/DX3tUAxjo2S/,DX3tUAxjo2S,neutral,2026-05-08T03:43:29.000Z,0,0,0,0,0.0,0,,,0.0
instagram,comment,17968213539049486,I love u harp,,https://www.instagram.com/p/DX3tUAxjo2S/,DX3tUAxjo2S,neutral,2026-05-08T03:43:03.000Z,0,0,0,0,0.0,0,,,0.0
instagram,comment,18064284866403577,And 15 yrs later…,,https://www.instagram.com/p/DX3tUAxjo2S/,DX3tUAxjo2S,neutral,2026-05-08T03:42:57.000Z,0,0,0,0,0.0,0,,,0.0
instagram,comment,17864289447683290,Can’t wait,,https://www.instagram.com/p/DX3tUAxjo2S/,DX3tUAxjo2S,neutral,2026-05-08T03:42:45.000Z,0,0,0,0,0.0,0,,,0.0
instagram,comment,18082738619108681,Loveee,,https://www.instagram.com/p/DX3tUAxjo2S/,DX3tUAxjo2S,neutral,2026-05-08T03:42:43.000Z,0,0,0,0,0.0,0,,,0.0
instagram,comment,18070432460672095,Wait no🥹🥹🥹,,https://www.instagram.com/p/DX3tUAxjo2S/,DX3tUAxjo2S,neutral,2026-05-08T03:42:41.000Z,0,0,0,0,0.0,0,,,0.0
instagram,post,3888569046690171695,"I actually graduate friday. 
#undecided #graduation",https://www.instagram.com/p/DX2-PIIjAsv/,,,neutral,2026-05-03T01:59:35.000Z,108,0,9,0,0.0,117,135.0,,
instagram,post,3888309711196455364,Decision day 🤍 #undecided ..,https://www.instagram.com/p/DX2DRTIkQHE/,,,neutral,2026-05-02T17:24:19.000Z,212,0,58,0,0.0,270,386.0,,
instagram,post,3887986407734378215,"Undecided weather....
#photooftheday #undecided #aboutyesterday #canoneos2000d #roula_o",https://www.instagram.com/p/DX05wnUjf7n/,,,neutral,2026-05-02T06:42:00.000Z,-1,0,1,0,0.0,0,2.0,,
instagram,post,3887872625695634098,"Congratulations to Dayden!🎉 as he commits to Lehman College . We’re so proud of you and excited to see you take on this next chapter. Wishing you continued success in everything ahead—go Rayos 💙💚 @iiilordiiii 

#congratulations #lehman #undecided #gorayos",https://www.instagram.com/p/DX0f43ijbKy/,,,neutral,2026-05-02T02:58:52.000Z,59,0,9,0,0.0,68,86.0,,
instagram,post,3887193602120869836,"🚨 CATCH eight piece ensemble @undecidedyyc FRIDAY MAY 8TH @ 
BATTLE OF THE BANDS 🎤🔥

Top live bands in Calgary go head-to-head in a high-energy showdown for a cash prize!
Originals, flips, challenges… only one takes it 🏆

🥁BANDS:
KOVSS & AIREGIN
(UN)DECIDED
POLO SHO & THE FOG OF SOUND
SAINT HESTON

📍 @thelab.onebigjam 
🗓️ Friday, May 8th
🕗 7PM
🎟️ $20 online • $25 at door

PULL UP! TIX IN BIO! 🎃 🥊

#yychiphopdaily #battleofthebands #lebaldt #undecided #thelab",https://www.instagram.com/p/DXyFfxjlefM/,,,neutral,2026-05-01T04:26:49.000Z,50,0,0,0,0.0,50,50.0,,
instagram,post,3886885966749516907,Finally narrowed it down  #decisionday #classof2026 #next4 #blessed #undecided,https://www.instagram.com/p/DXw_jFyjkRr/,,,neutral,2026-04-30T18:17:29.000Z,322,0,73,0,0.0,395,541.0,,
instagram,post,3886878179504483509,"En Inf4College vemos ""Major Paralysis"" todos los días y nuestro mejor consejo es este: Analiza el día a día, no solo el título de la carrera. A veces, lo que ""amamos"" como hobby no es lo que queremos hacer 8 horas al día. 

Nuestra misión es que cada estudiante asuma la propiedad de su proceso de admisión con confianza. 

¡Estamos listos para ayudarte! Nuestro programa está disponible en inglés y español. Comunícate con nosotros al 713-398-7842 o visita el link de nuestra biografía. 

#MajorParalysis #CareerGoals #CollegeMajor #Undecided #CollegeAdvice",https://www.instagram.com/p/DXw9xxWlOy1/,,,neutral,2026-04-30T18:00:08.000Z,2,0,0,0,0.0,2,2.0,,
instagram,post,3895439607870153719,"You know that stretch where you hit every green light perfectly? Well, that might not be luck anymore. There's an AI system that watches every car, bike, and pedestrian approaching an intersection in real time… and lines up the lights so you cruise right through. And the numbers on how much faster people are getting home? They're kind of ridiculous. Speeding up your commute is just the beginning. There's a city in Tennessee where AI flagged so many near-crashes on one block that planners made a single change… and the result still blows my mind. When I saw how much safer AI made bike lanes in Vancouver, Canada, I thought maybe I was the one hallucinating. The catch? For any of this to work, the city has to see you. Cameras, radar, the phone in your pocket, the car in your driveway. It kinda creeps me out. So what do we actually get back? And is there a way to get all of this without cameras watching our every move? 

Video link in the bio!

#ai #artificialintelligence #businessnews #chatgpt #cyclist #headlines #intersection #lidar #nearcrashes #nearmisses #news #pedestrian #roadsafety #science #technology #tracking #traffic #trafficlights #trafficstops #undecided #undecidedwithmattferrell",https://www.instagram.com/p/DYPYa83FmP3/,,,neutral,2026-05-12T13:30:15.000Z,8,0,0,0,0.0,8,8.0,,
instagram,post,3890539210972386417,"I need your help on making a decision, please. 😁

I want to redo my pegboard so I have ALL my DMC floss hanging, but am truly undecided on if I want them in straight numerical order, or if I want them in color order like the DMC floss card. They’re currently in numerical order.

My Virgo brain can easily give justification for either one, but am leaning towards matching the color card because it will be easier when I’m designing to see all the shades of a certain color I have on hand at once.

Your thoughts?

#crossstitch #CrossStitchDesigner #decisionsdecisions #undecided",https://www.instagram.com/p/DX9-MymvNRx/,,,neutral,2026-05-05T19:15:01.000Z,12,0,5,0,0.0,17,27.0,,
instagram,post,3886134781893575991,Go cavaliers????💙💛 #cavaliers #montreatcollege #undecided,https://www.instagram.com/p/DXuUv6YDoU3/,,,neutral,2026-04-29T17:25:55.000Z,87,0,3,0,0.0,90,96.0,,
instagram,post,3885883114358119308,"Ever felt like you're on the fence about a big decision? 🤔 That's being AMBIVALENT!

It means being unsure or having mixed feelings about something. 

Example: He was ambivalent about moving abroad, excited for adventure but sad to leave his friends.

How would you use 'ambivalent' in a sentence? Drop it below! 👇
Save this post to impress with your nuanced opinions! 📌

#learnenglish #englishvocabulary #vocabulary #englishtips #advancedvocabulary #wordoftheday #vocabuarywords #englishlanguage #ielts #toefl #ambivalent #mixedfeelings #undecided #uncertainty #englishlearning",https://www.instagram.com/p/DXtbhquARuM/,,,neutral,2026-04-29T09:03:15.000Z,4,0,0,0,0.0,4,4.0,,
instagram,post,3885581487043587033,"“James 4:10”

#undecided 
#2026",https://www.instagram.com/p/DXsW8aZESvZ/,,,neutral,2026-04-28T23:04:14.000Z,-1,0,38,0,0.0,37,113.0,,
instagram,post,3885300939770332368,"Big dreams, open path, endless potential ✨🎓
Kimberly Arias Diaz is headed to University of Massachusetts Amherst to explore new passions and opportunities.
Congratulations on your bright future! @umass 
#undecided #gominutemen #classof2026",https://www.instagram.com/p/DXrXJ6YgITQ/,,,neutral,2026-04-28T13:47:53.000Z,261,0,36,0,0.0,297,369.0,,
instagram,post,3885292772009785875,"Heat pump water heaters have been around for over a decade. If you follow this channel, you probably know they're three to five times more efficient than a standard electric tank. Maybe you've got one. I do. But here's what most people don't realize. Even if you own a heat pump water heater, it's still pretty dumb. It heats reactively. The tank drops below the setpoint, the compressor kicks on. It doesn't know your schedule. It doesn't know your electricity rates. And it definitely doesn't know when your solar panels are cranking. Two Boston startups think that's a massive missed opportunity. They're treating the water heater as a thermal battery, a cheap, insulated vessel that can store energy as heat, shift electricity use to cheaper hours, and participate in grid services. One of them, Wilmington, Massachusetts-based Cala Systems, invited me to tour their factory. Their predictive software is licensed from the National Renewable Energy Lab. According to a California Energy Commission study, intelligent scheduling on time-of-use rate plans alone can cut costs by 15 to 19 percent beyond what a standard heat pump water heater already saves. So I went inside to find out: is a smart water heater actually worth the premium? Or is ""intelligent"" just a buzzword bumper sticker slapped on a tank of hot water?

Video link in the bio!

#calasystems #electricwaterheater #heatbattery #heatbatteryhotwater #heatbatterystorage #heatpump #heatpumpwaterheater #howawaterheaterworks #insulation #news #science #smartheatpump #smartwaterheater #technology #thermalbattery #undecided #undecidedwithmattferrell #waterheater",https://www.instagram.com/p/DXrVTDkCToT/,,,neutral,2026-04-28T13:30:15.000Z,10,0,1,0,0.0,11,13.0,,
instagram,post,3885207180232522007,"When the Cows Come Home to Roost, 
paper on Moo business card sample

I ordered samples from Moo last year. Gorgeous! I just need to make some decisions. In the meantime...

#collagebusinesscards #businesscard #sample #analogcollage #undecided",https://www.instagram.com/p/DXrB1iAjnkX/,,,neutral,2026-04-28T10:40:09.000Z,32,0,1,0,0.0,33,35.0,,
instagram,post,3884734955499432239,"GO BEARS??? 🐻 
•
•
•
#undecided #officalvisit #d1",https://www.instagram.com/p/DXpWdwdFikv/,,,neutral,2026-04-27T19:01:55.000Z,341,0,16,0,0.0,357,389.0,,
instagram,post,3884399397270793430,sure na mag civil engineer ko? send tips pls kanang easy money #undecided #helphuhu,https://www.instagram.com/p/DXoKKvgESzWv_MxdVRNHKG_fToW2YJL6qY3S2E0/,,,neutral,2026-04-27T07:55:14.000Z,10,0,0,0,0.0,10,10.0,,
instagram,post,3883333157764835974,Go Mountain lions???⛰️🦁 #undecided #mountainlions #concorduniversity,https://www.instagram.com/p/DXkXu6lEaqG/,,,neutral,2026-04-25T20:36:48.000Z,42,0,2,0,0.0,44,48.0,,
instagram,post,3883119018060428696,"You can’t win if you never experienced a lost - myself .
Pics credit is not mine! 

#senioryear #2026 #undecided",https://www.instagram.com/p/DXjnCxcDjWY/,,,neutral,2026-04-25T13:31:21.000Z,-1,0,2,0,0.0,1,5.0,,
instagram,post,3883027595277485794,"Made a vase and tried to make a cake stand, not sure if its going to work as separates or if i'm gonna blend them together 🤔 
#vase #cakestand #pottery #imadethis #undecided",https://www.instagram.com/p/DXjSQZVjcbi/,,,neutral,2026-04-25T10:29:42.000Z,2,0,0,0,0.0,2,2.0,,
instagram,post,3881960310987641329,"In the quiet town of Tipton, Indiana nothing is ever as still as it seems.
Sixteen-year-old Mel Graham has a gift she never asked for she notices everything. The patterns in passing cars. The conversations that stop too quickly. The small inconsistencies beneath a town that prides itself on being ordinary.
But when a series of strange messages pulls her toward something she was never meant to see, Mel crosses into a hidden world of secrets, insurance schemes, and carefully buried mistakes.
And in a place where truth is inconvenient… being observant becomes dangerous.
Because Mel doesn’t just see what others miss.
She sees what someone is willing to kill to keep hidden.

#bookcoverdesign 
#processing 
#loveorhate 
#undecided",https://www.instagram.com/p/DXfflXYlVHx/,,,neutral,2026-04-23T23:09:13.000Z,0,0,0,0,0.0,0,0.0,,
instagram,post,3881887124988510520,"Still Undecided on your summer plans? We’ve got the perfect answer for you! 🌊☀️

Welcome to Undecided, a classic 5-bedroom oceanfront retreat where your hardest choice all day will be whether to lounge on the sun deck or the screened porch. Sync up the Bluetooth speaker, queue up some Fleetwood Mac or Matchbox 20, and let the ocean breeze handle the rest. 🎶🌴

Why you'll love it:
🌅 Watch the sunrise right from the master bedroom or the living room sofa!
🐬 Incredible dolphin watching from just about everywhere in the house.
🚪 A private lower-level King suite with its own separate outside access—perfect for whoever wants a little extra peace and quiet!
🏖️ Located on a beautiful, open stretch of sand.

Stop debating and start packing!

#SiebertRealty #SandbridgeBeach #VirginiaBeach #Undecided #OceanfrontLiving",https://www.instagram.com/p/DXfO8XnGkE4/,,,neutral,2026-04-23T20:43:51.000Z,2,0,0,0,0.0,2,2.0,,
instagram,post,3880890189451712792,"Undecided
. 
. 
. 
. 
. 
. 
. 
#undecided #peotry #peotrycommunity #explorepage #fypppppppppppppppppppppppppppppppppppppppppppppppppppppppppppppppppppppp",https://www.instagram.com/p/DXbsRDCkVkY/,,,neutral,2026-04-22T11:43:06.000Z,13,0,1,0,0.0,14,16.0,,
instagram,post,3880491350877632065,"So many paths, so much potential ✨
Ariana Raad will attend Suffolk University in the Honors Program, currently undecided.
Big things ahead. @suffolk_u 
#gorams #undecided #classof2026",https://www.instagram.com/p/DXaRlLrCXZB/,,,neutral,2026-04-21T22:31:50.000Z,295,0,50,0,0.0,345,445.0,,
instagram,post,3880400569605311497,"I am done with this nonsense. I want her out of my country! 
#decisionday #undecided",https://www.instagram.com/p/DXZ88JBjEwJ/,,,neutral,2026-04-21T19:30:16.000Z,4,0,2,0,0.0,6,10.0,,
instagram,post,3880375910403242645,Trying to decide if I combine these into a diptych or keep them as individual works🤔. Feel free to opine!  #diptych #undecided #cyanotypeprint  #massachusettsartist  #summerflowers,https://www.instagram.com/p/DXZ3VTWkXqV/,,,neutral,2026-04-21T18:45:58.000Z,60,0,8,0,0.0,68,84.0,,
instagram,post,3880365833604650507,New hat thought? #undecided #fyp #cute #dog #pug,https://www.instagram.com/p/DXZ1CqmkVYL/,,,neutral,2026-04-21T18:21:15.000Z,122,0,9,0,0.0,131,149.0,,
instagram,post,3880219362670832088,"I was a teenager on a cruise when I first saw ocean pollution up close. Late at night, I saw crew dumping garbage into the ocean. A stream of trash stretching off toward the horizon. But that garbage spilling into the ocean was just the tip of the trashberg. And that trashberg… is mainly plastic. Plastic makes up about 80 percent of marine pollution. And it doesn't always come from where you'd expect. Most people think of waste plastic as straws, bottles, and grocery bags washing off beaches. But when a Dutch nonprofit called The Ocean Cleanup sailed out to the Great Pacific Garbage Patch to scoop it all up… they found something else entirely. More than three-quarters of the plastic wasn’t consumer trash... at all. It didn’t even come from the shore! Even worse, cleaning it up was a lot harder than anyone hoped. So, they did something surprising. They turned around, returned to shore, and started tackling the plastic problem upstream. This is the story of what The Ocean Cleanup discovered once they started studying the problem up close… and why solving ocean plastic might mean turning off the tap, and not just mopping up what's already spilled. 

Video link in the bio!

#climatechange #earthday #earthday2026 #fishinggear #news #oceancleanup #pacificgarbagepatch #plastic #plasticindustry #plasticpollution #plasticrecycling #plasticwaste #recycledplastic #recycling #science #undecided #undecidedwithmattferrell",https://www.instagram.com/p/DXZTvO6lmnY/,,,neutral,2026-04-21T13:30:18.000Z,8,0,1,0,0.0,9,11.0,,
instagram,post,3879794395729927075,"AWEEEEE!! One of our own is heading on to Purchase College! What would she be? Will she be an actor, doctor, or even a teacher? That’s for the future to decide! #purchasecollege #undecided #suny",https://www.instagram.com/p/DXXzHJnCJuj/,,,neutral,2026-04-20T23:27:26.000Z,29,0,0,0,0.0,29,29.0,,
instagram,post,3878922964255502278,Calling all of our TikTok followers! If you were one of the first 500 to follow us on TikTok @undecided_898 make sure you keep screenshot proof so you get first grabs on upcoming concert tickets 😉🫶🏼we see you! #undecided #music #girlband #ukgirlgroup,https://www.instagram.com/p/DXUs-Jzje_G/,,,neutral,2026-04-19T18:35:41.000Z,44,0,26,0,0.0,70,122.0,,
instagram,post,3878887472131007849,Had a great visit at Purdue this weekend! Boilermakers? #undecided,https://www.instagram.com/p/DXUk5rMFOVp/,,,neutral,2026-04-19T17:24:01.000Z,586,0,23,0,0.0,609,655.0,,
instagram,post,3878226469105444955,"Do you ever go into a room and wonder why you went into that room?

I think that Shanzari had the same dilemma. 

“Now was I going in the box; or was he coming out the box?”!

Scroll through to the end to find out!

-
-
-
#shanzari #dilemma #undecided #catsandboxes #funnycatsofinstagram",https://www.instagram.com/p/DXSOm0JjChb/,,,neutral,2026-04-18T19:30:43.000Z,8,0,1,0,0.0,9,11.0,,
instagram,post,3830239814470204239,it was nice @lebanontrailcheer 💝😊👏 #undecided,https://www.instagram.com/p/DUnvtFaDftP/,,,neutral,2026-02-11T14:29:48.000Z,153,0,45,0,0.0,198,288.0,,
instagram,post,3788340337292023218,"Its Rare , You can't handle 🔥#rare #trending #undecided",https://www.instagram.com/p/DSS43cckxWy/,,,neutral,2025-12-15T19:03:01.000Z,80,0,1,0,0.0,81,83.0,,
instagram,post,3877569528205182243,Streetart #art #man #streetart #undecided #artwall,https://www.instagram.com/p/DXP5PEQjIUj/,,,neutral,2026-04-17T21:46:39.000Z,8,0,0,0,0.0,8,8.0,,
instagram,post,3876926195800150232,Which one should I choose? They all have 9+ lights and are all under $100! #undecided #decisions #lighting #homeimprovements,https://www.instagram.com/p/DXNm9WRExDY/,,,neutral,2026-04-17T00:27:19.000Z,0,0,0,0,0.0,0,0.0,,
instagram,post,3876816713996133599,Still lookin for 30 or so #UNDECIDED #VOTERS..... #CC,https://www.instagram.com/p/DXNOELZCWTf/,,,neutral,2026-04-16T20:49:48.000Z,2,0,0,0,0.0,2,2.0,,
instagram,post,3876766284570773400,"World Art Day exists because someone decided that art, as a living practice, deserved a day of recognition.

""Undecided"" is part of that practice.

For an independent artist, it's a moment to reflect on what it all means and say thank you.

That's why I'm offering 25% off with code ARTDAY26.

#undecided #houston #contemporaryphotography #feet #calves #bluejeans #oneofakindart #squareorientation #teenagegirl #redconversehightops #interiordeisngers #feettellstories #portraitwithoutface #consideringoptions #sarifriedfioriphotographyllc",https://www.instagram.com/p/DXNCmVVDUeY/,,,neutral,2026-04-16T19:10:54.000Z,10,0,0,0,0.0,10,10.0,,
instagram,post,3876724515418223402,"Brookes favourite days are studios days 🎙️
#studio #undecided #upcomingartists🎤 #dayinmylife❤️ #instamood 
@brookestarofficial",https://www.instagram.com/p/DXM5GgxjTMq/,,,neutral,2026-04-16T17:46:36.000Z,72,0,3,0,0.0,75,81.0,,
instagram,post,3876213027108617361,#comingsoon‼️ #girlband #undecided #upcoming #whoruntheworldgirls,https://www.instagram.com/p/DXLEzYKjPyR/,,,neutral,2026-04-16T00:51:47.000Z,50,0,7,0,0.0,57,71.0,,
instagram,post,3874798806282160047,Thanks for a great weekend Indiana! Hoosiers? #undecided,https://www.instagram.com/p/DXGDPwYjkev/,,,neutral,2026-04-14T02:00:34.000Z,335,0,10,0,0.0,345,365.0,,
instagram,post,3874559886898490861,"We are so so happy to announce that Alethea Taylor has committed to the University of Puerto Rico! She will be going in as undecided, but we are sure that UPR will provide many opportunities for her to discover what exactly she wants to do. Alethea is going to thrive in Puerto Rico, and we know she will be able to enjoy the nice weather, the people and the school all year round. We are so excited to see where you will go! Congrats Alethea! #puertorico #undecided",https://www.instagram.com/p/DXFM7BXj-3t/,,,neutral,2026-04-13T18:06:26.000Z,205,0,59,0,0.0,264,382.0,,
instagram,post,3874495782087379740,"Goose-‘Undecided’ (2020 HWF-RC #007)

#goose #undecided #headywaxfiendsrecordclub",https://www.instagram.com/p/DXE-WLHEUsc/,,,neutral,2026-04-13T16:02:54.000Z,7,0,0,0,0.0,7,7.0,,
instagram,post,3874284075817595443,"bdayyyyyy spam 😂 🥀

#clearingmygalary #digicamlove #undecided #est1996 #sns",https://www.instagram.com/p/DXEONcSD3Iz/,,,neutral,2026-04-13T08:57:53.000Z,-1,0,15,0,0.0,14,44.0,,
instagram,post,3874280866906478123,"Is it too late to head out, or just the right time for a sunset stroll? ✨ 

#undecided #justforentertainmentpurposesonly #y2k #fypシ゚ #trendingpost #viral",https://www.instagram.com/p/DXENevwDZYr/,,,neutral,2026-04-13T08:51:31.000Z,1,0,0,0,0.0,1,1.0,,
instagram,post,3873883566517633998,"put some Pep in my step 🌊🏄‍♀️

#pepperdine #admittedwavesday #undecided",https://www.instagram.com/p/DXCzJQ7gcPO/,,,neutral,2026-04-12T19:42:09.000Z,516,0,52,0,0.0,568,672.0,,
instagram,post,3873874701478600629,#birbox for the #undecided #splitdecision @amx4zoo,https://www.instagram.com/p/DXCxIQuAR-1/,,,neutral,2026-04-12T19:24:32.000Z,2,0,1,0,0.0,3,5.0,,
instagram,post,3873873852912178346,#birdbox for the #undecided #splitdecision @amx4zoo,https://www.instagram.com/p/DXCw76bgRSq/,,,neutral,2026-04-12T19:22:51.000Z,4,0,1,0,0.0,5,7.0,,
instagram,post,3873702338922599925,"Happy birthday soulmate 🎉🎊
And 2nd Death Anniversary pogi aka Mr. Ramos… after 2 years ngaun palng matutuloy ulit ang ating sayaw dose
#undecided
#friendsforkeeps
#wemissyouandweloveyou",https://www.instagram.com/p/DXCJ8DlFNX1/,,,neutral,2026-04-12T13:42:05.000Z,3,0,0,0,0.0,3,3.0,,
instagram,post,3873580565887887433,"having sweet moment in this crazy hot day 😊wala ako maisip ano kakainin eto nlang kahit bawal pa 😄
#undecided #foodie #mcflurry #BlessedSunday",https://www.instagram.com/p/DXBuQBmmqhJ/,,,neutral,2026-04-12T09:40:09.000Z,1,0,0,0,0.0,1,1.0,,
instagram,post,3873316685538006066,gator boyz 4L🐊‼️ #undecided #hotasscheerleaders,https://www.instagram.com/p/DXAyQD4FhQy/,,,neutral,2026-04-12T00:55:52.000Z,-1,0,6,0,0.0,5,17.0,,
instagram,post,3873098582642977508,"In high school she picked up a career in Nursing, built a relationship with God , joined track and field, and ended up with OVER 100k in scholarships. Now deciding… Where will her next journey begin ?? #undecided #college #trackandfield",https://www.instagram.com/p/DXAAqPugOrk/,,,neutral,2026-04-11T18:10:06.000Z,-1,0,58,0,0.0,57,173.0,,
instagram,post,3871989821485605544,"OUT NOW!!! 

Demensia by Undecided. Available On Your Favourite Digital Streaming Platform

#Undecided #Demensia #NewRelease",https://www.instagram.com/p/DW8Ejpbk-Ko/,,,neutral,2026-04-10T04:59:37.000Z,121,0,7,0,0.0,128,142.0,,
instagram,post,3871988253042364836,,https://www.instagram.com/p/DW8EM0tE1Gk/,,,neutral,2026-04-10T04:59:36.000Z,0,0,0,0,0.0,0,0.0,,
instagram,post,3871779279756116191,,https://www.instagram.com/p/DW7Ur3KlMDf/,,,neutral,2026-04-09T22:01:18.000Z,0,0,0,0,0.0,0,0.0,,
instagram,post,3871609231178911700,"Yung nag bakasyon ka lang nman dito sa UAE🇦🇪 peru inabot pa ng gyera?🤦🏾🥹

Hi guys, Sure nba gjud ini? Hello PH 🇵🇭 nba?🤦🏾
#Undecided #BakitUuwiPa? #MahalNgBilihinSapinas #MahalGasolina",https://www.instagram.com/p/DW6uBVFis_U/,,,neutral,2026-04-09T16:23:27.000Z,1,0,1,0,0.0,2,4.0,,
instagram,post,3870797174037456512,"In April 2025, most of Spain and Portugal went dark. A cascading failure knocked out the Iberian peninsula's grid in seconds. Just four years earlier, Texas came within 4 minutes and 37 seconds of its own total collapse. Not a temporary blackout. A full shutdown. What engineers call a ""black start,"" a process that could take days to weeks to recover from. Not to mention all of the people that died as a result. According to the Department of Energy, 70 percent of US transmission lines are over 25 years old. We're running 21st century lives on a mid-20th century grid. But back in 1997, energy consultant Karl Rábago wrote a blueprint for a radically different grid. His model? The internet. Seriously. And no, I'm not talking about today's internet, which is just five billionaires in a trench coat. I'm talking about the '90s internet. Decentralized. Collaborative. And really, really cool. So how would the internet stop a blackout? And why did the guy who figured it out get ignored for 30 years? But first, we need to understand what went so wrong. 

Video link in the bio!

#blackstartgrid #electricalengineering #electricalgrid #electricity #energy #energygrid #iberianblackout #microgrid #news #power #powergrid #powergridcollapse #powergridfailure #powergrid #renewableenergygrid #renewablepower #science #solarpower #technology #undecided #undecidedwithmattferrell",https://www.instagram.com/p/DW31YV8FqaA/,,,neutral,2026-04-08T13:30:08.000Z,10,0,0,0,0.0,10,10.0,,
instagram,post,3870344425830978053,I’ve always liked blue and yellow😝 #undecided #officialvisit (ft. pickle socks),https://www.instagram.com/p/DW2Ob_UEZIF/,,,neutral,2026-04-07T22:34:14.000Z,148,0,0,0,0.0,148,148.0,,
instagram,post,3870123363184516322,"#Undecided 
#8and9.com",https://www.instagram.com/p/DW1cLGrjZzi/,,,neutral,2026-04-07T15:11:18.000Z,4,0,0,0,0.0,4,4.0,,
instagram,post,3870009781305484225,"A future full of possibilities ✨
Chloe Ho is headed to Wesleyan University.
Congratulations on this exciting next chapter. @wesleyan_u 
#undecided #wesleyanuniversity #classof2026",https://www.instagram.com/p/DW1CWRUACPB/,,,neutral,2026-04-07T11:26:58.000Z,265,0,25,0,0.0,290,340.0,,
instagram,post,3868903221754671969,"#Saintduppy #halphas #Undecided 
We going under some changes. Im ok with that.",https://www.instagram.com/p/DWxGvtbDTNh/,,,neutral,2026-04-05T22:47:09.000Z,2,0,0,0,0.0,2,2.0,,
instagram,post,3874065307908470526,almost time 🥹🥹 #seniorsunday #undecided,https://www.instagram.com/p/DXDcd8yjHb-/,,,neutral,2026-04-13T01:43:14.000Z,233,0,60,0,0.0,293,413.0,,
instagram,post,3872312910081512056,,https://www.instagram.com/p/DW9OBNIkVJ4/,,,neutral,2026-04-10T15:43:53.000Z,0,0,0,0,0.0,0,0.0,,
instagram,post,3869056892454582268,"At 7pm HST!🔥 Hope you all had a Happy Easter!🐣🐰 Debating on Crimson Desert or Resident Evil Requiem⁉️

#twitch #crimsondesert #residentevilrequiem #undecided",https://www.instagram.com/p/DWxpr6aiDf8/,,,neutral,2026-04-06T03:57:55.000Z,59,0,0,0,0.0,59,59.0,,
instagram,post,3868259545416770366,I really love the color purple💜 #admittedstudentday #universityofwashington #undecided,https://www.instagram.com/p/DWu0Y_HlKM-/,,,neutral,2026-04-05T01:28:13.000Z,155,0,6,0,0.0,161,173.0,,
instagram,post,3868257701843552537,,https://www.instagram.com/p/DWuz-KKDckZ/,,,neutral,2026-04-05T01:28:12.000Z,0,0,0,0,0.0,0,0.0,,
instagram,post,3868072370767185125,the people vote…UT🤠🧡 #hookem #riffram #undecided,https://www.instagram.com/p/DWuJ1PJFMTl/,,,neutral,2026-04-04T19:16:20.000Z,195,0,68,0,0.0,263,399.0,,
instagram,post,3867519040281839188,"Here’s a great piece of early history from the Masters Apprentices archives.

A Go-Set article announcing Mick Bower’s follow-up to ‘Undecided’, ‘Buried and Dead’. At the time, the band was riding a wave of national success, with ‘Undecided’ opening doors across Australia and proving Adelaide acts could compete on a bigger stage.

Written by Mick Bower, ‘Buried and Dead’ was described as an up-tempo rhythm & blues track, capturing the raw energy and commercial edge that defined the band’s early sound. It’s another reminder of just how quickly The Masters Apprentices were evolving during this breakthrough period, and of the songwriting strength that would soon emerge from the band’s primary writers, Mick Bower and later Doug Ford.

From Dance Scene ‘67 to national charts, this was the beginning of something big.

✨ There’s more great news coming soon… stay tuned.

And in the meantime — don’t miss this very special event:

🔥 Doug Ford returns to the stage with The Masters Apprentices for the first time in over 20 years
📍 The Triffid, Brisbane
📅 August 2026

Premium tickets are limited and moving fast, don’t miss your chance to be part of this historic night.

🌐 www.themastersapprentices.com

#TheMastersApprentices #MickBower #DougFord #BuriedAndDead #Undecided TheTriffid BrisbaneGigs GoSet AustralianMusicHistory AdelaideMusic 60sMusic GarageRock RhythmAndBlues AusRock MusicArchives LiveMusicAustralia",https://www.instagram.com/p/DWsMBN-DwZU/,,,neutral,2026-04-04T00:57:26.000Z,11,0,0,0,0.0,11,11.0,,
instagram,post,3867479381426203377,"Go pioneers?

#undecided 

#D2",https://www.instagram.com/p/DWsDAGyDmrx/,,,neutral,2026-04-03T23:38:11.000Z,147,0,3,0,0.0,150,156.0,,
instagram,post,3867478583090766467,,https://www.instagram.com/p/DWsC0fRjmKD/,,,neutral,2026-04-03T23:38:09.000Z,0,0,0,0,0.0,0,0.0,,
instagram,post,3867395215703807429,"Playing around in loose goosey  landscape. Trying to resist throwing in some distant cattle or horses
#undecided #foothills #rebeccashepherdart",https://www.instagram.com/p/DWrv3VWEhXF/,,,neutral,2026-04-03T20:50:57.000Z,16,0,7,0,0.0,23,37.0,,
instagram,post,3867187936128051142,"QUICK! Which color?!! 
#nails #undecided",https://www.instagram.com/p/DWrAvBMlqfG/,,,neutral,2026-04-03T13:59:09.000Z,0,0,0,0,0.0,0,0.0,,
instagram,post,3866956760024888512,"I would like to taste things that I never taste 
I’ll no longer hesitate 
Fuck your heart I Want Your Body 
#Undecided 💜",https://www.instagram.com/p/DWqMK9rFDTA/,,,neutral,2026-04-03T06:19:50.000Z,2,0,0,0,0.0,2,2.0,,
instagram,post,3866707836193573635,"Great experience at NC State! Wolfpack?🐺
#undecided",https://www.instagram.com/p/DWpTkpSiYsD/,,,neutral,2026-04-02T22:05:15.000Z,499,0,23,0,0.0,522,568.0,,
instagram,post,3866705489665062265,,https://www.instagram.com/p/DWpTCf6ifV5/,,,neutral,2026-04-02T22:05:14.000Z,0,0,0,0,0.0,0,0.0,,
instagram,post,3866613731732055598,#undecided #transferportal,https://www.instagram.com/p/DWo-LPriWYu/,,,neutral,2026-04-02T18:59:33.000Z,285,0,48,0,0.0,333,429.0,,
instagram,post,3866588041586807922,"Go Muskies?

#undecided 
#collage 

@muskies_wrestling",https://www.instagram.com/p/DWo4VZ3jhRy/,,,neutral,2026-04-02T18:07:15.000Z,169,0,9,0,0.0,178,196.0,,
instagram,post,3866585370284975225,,https://www.instagram.com/p/DWo3uiBjuR5/,,,neutral,2026-04-02T18:07:13.000Z,0,0,0,0,0.0,0,0.0,,
instagram,post,3866531731017205007,DUE TO COACHING CHANGES #undecided #transferportal,https://www.instagram.com/p/DWorh-kDoUP/,,,neutral,2026-04-02T16:26:08.000Z,247,0,34,0,0.0,281,349.0,,
instagram,post,3864999119048584981,"This is Vertical Harvest. Sitting on half an acre of land, it produces as much food as an equivalent 250-acre farm. That’s a 500 times more efficient use of land than traditional farming.  But if vertical farming is so great, why isn’t it more popular? And where and why does it make the most sense? So come with me as we tour one of Americas newest and most advanced Vertical Farming setups in a facility just outside Portland Maine. We brought our cameras to capture everything … and found out that vertical farming is a lot more complicated than just “plants on shelves,” and a lot more interesting too. 

Video link in the bio!

#aeroponics #agriculture #aquaponics #climatechange #engineering #farming #futureagriculture #hydroponics #machinelearning #thefutureoffood #undecided #undecidedwithmattferrell #verticalfarm #verticalfarming #verticalfarmingtechnology #verticalharvest #whatisverticalfarming",https://www.instagram.com/p/DWjPDicFq8V/,,,neutral,2026-03-31T13:30:27.000Z,18,0,0,0,0.0,18,18.0,,
instagram,post,3864749566223153474,"COMING SOON ""DEMENSIA""
[10.04.26]
.
.
#undecided #newrelease #demensia",https://www.instagram.com/p/DWiWUEQk3lC/,,,neutral,2026-03-31T05:14:31.000Z,-1,0,4,0,0.0,3,11.0,,
instagram,post,3864746424035128473,,https://www.instagram.com/p/DWiVmV3kzSZ/,,,neutral,2026-03-31T05:14:30.000Z,0,0,0,0,0.0,0,0.0,,
instagram,post,3863698160250435165,"Go bisons? Thank you @coach.willie.saxton for having us 

#undecided",https://www.instagram.com/p/DWenQGJDrZd/,,,neutral,2026-03-29T18:25:34.000Z,189,0,5,0,0.0,194,204.0,,
instagram,post,3863697400125086924,,https://www.instagram.com/p/DWenFCODlzM/,,,neutral,2026-03-29T18:25:33.000Z,0,0,0,0,0.0,0,0.0,,
instagram,post,3863253577699924553,"#undecided .#relaxandrecharge 🏄🏻‍♀️
📸:@laivy_parruuu",https://www.instagram.com/p/DWdCKkYD5pJ/,,,neutral,2026-03-29T03:42:18.000Z,127,0,43,0,0.0,170,256.0,,
instagram,post,3862057918271364002,"""Día indeciso"" / ""Patos""

#ducks #photography #fotos #fotografie #photooftheday #park #thelough #cork #corkcity #cloudy #chill #weather #undecided",https://www.instagram.com/p/DWYyTbwjJui/,,,neutral,2026-03-27T12:06:42.000Z,4,0,0,0,0.0,4,4.0,,
instagram,post,3861441392904682377,Getting the itch to do another paint by number! Painted this one in August 2024 and I thoroughlyenjoyed painting it. AND I still love looking at it too. Deciding on WHAT I want to paint is another story 🤔 If you were going to do a paint by number what would you like to paint? Tell me or show me in the comments! #paintbynumber #anime #Naruto #undecided #itch,https://www.instagram.com/p/DWWmHzxEruJ/,,,neutral,2026-03-26T15:41:47.000Z,0,0,0,0,0.0,0,0.0,,
instagram,post,3861121839083499612,"Kalian pernah gak sih nyakitin perasaan orang yang kalian sayang tapi sebenernya kalian gak bermaksud untuk nyakitin mereka?

[10.04.26] COMING SOON!
#undecided #newrelease",https://www.instagram.com/p/DWVddsFEzBc/,,,neutral,2026-03-26T05:06:53.000Z,-1,0,3,0,0.0,2,8.0,,
instagram,post,3861120776490186278,,https://www.instagram.com/p/DWVdOOdk_Ym/,,,neutral,2026-03-26T05:06:51.000Z,0,0,0,0,0.0,0,0.0,,
instagram,post,3861119004832628520,"UNDECIDED.
But still better than most 

@team_undecided 
@sti_cy21 

#subaru #wrx #wrxsti #wrxnation #undecided",https://www.instagram.com/p/DWVc0cejv8o/,,,neutral,2026-03-26T05:01:15.000Z,107,0,6,0,0.0,113,125.0,,
instagram,post,3861117953010214550,,https://www.instagram.com/p/DWVclI5DqaW/,,,neutral,2026-03-26T05:01:14.000Z,0,0,0,0,0.0,0,0.0,,
instagram,post,3860863715314331089,"Exited to receive an offer from Wartburg College, I had a great experience on campus and loved getting to know the program. Thank you to Coaches Emily Ryan and Cassie Nash for this opportunity. #undecided #d3 #2027 #soccer",https://www.instagram.com/p/DWUixflgW3R/,,,neutral,2026-03-25T20:37:28.000Z,-1,0,1,0,0.0,0,2.0,,
instagram,post,3860683884169551492,"A new chapter begins 💙
Elaina Villali is headed to University of Rhode Island to explore an undecided path. Congrats! @universityofri 
#undecided #urirams #classof2026",https://www.instagram.com/p/DWT54myAF6E/,,,neutral,2026-03-25T14:37:49.000Z,340,0,37,0,0.0,377,451.0,,
instagram,post,3860506129348540853,"Naloko na🤣
Di na alam ni titser kung ano na
Paused muna a ano pa ba 
#grades 
#undecided",https://www.instagram.com/p/DWTRd7tCbm1/,,,neutral,2026-03-25T08:43:35.000Z,0,0,0,0,0.0,0,0.0,,
instagram,post,3859918996163171213,"I have some regrets. A few years ago, I set out to build my dream net zero energy home. I've been living here for a little over two years now, and so far, I’ve been more than satisfied. I have enough solar and battery storage to balance out all of my annual energy use. A highly efficient geothermal heating and cooling system supplies me with hot water for almost no money. And this is the most comfortable and energy efficient home I've ever lived in. Overall, I absolutely love this house. But even the best laid plans have issues, and mine were no different. If you want to avoid expensive mistakes, learn what actually works in a net zero home, or just see what tech lived up to the hype, there might be some lessons you can learn from the choices I made … and the ones that I didn't make.

Video link in the bio!

#energyefficiency #ERV #geothermal #groundsourceheatpump #home #homesolar #hotwaterheater #house #mynetzerohomebuild #netzero #netzeroenergyhomes #netzerohome #passivehome #passivehouse #passivehouseconstruction #passivesolar #smartpanel #solarpanels #undecided #undecidedwithmattferrell",https://www.instagram.com/p/DWRL-BUFpON/,,,neutral,2026-03-24T13:18:08.000Z,13,0,1,0,0.0,14,16.0,,
instagram,post,3859493380464548703,is USC the place to be?? 🐔🤍 #gamecocks #universityofsouthcarolina #undecided #collegevisit,https://www.instagram.com/p/DWPrMfzj5tf/,,,neutral,2026-03-23T23:11:25.000Z,207,0,30,0,0.0,237,297.0,,
instagram,post,3859489072108997056,,https://www.instagram.com/p/DWPqNzVjwnA/,,,neutral,2026-03-23T23:11:23.000Z,0,0,0,0,0.0,0,0.0,,
instagram,post,3858050584717509268,"Probably almost every woman’s outfit in Ohio currently 😅

Prove me wrong and drop your outfit in the comments 👀 👇 
#Ohio #outfit #perfectweather #messy #undecided",https://www.instagram.com/p/DWKjJDjk0KU/,,,neutral,2026-03-21T23:24:51.000Z,2,0,0,0,0.0,2,2.0,,
instagram,post,3857786576642896293,When day drinking consists of coffee…energy drinks…and a protein drink. #lovemylife #roaliving #undecided,https://www.instagram.com/p/DWJnHO4EfGl/,,,neutral,2026-03-21T14:41:48.000Z,1,0,0,0,0.0,1,1.0,,
instagram,post,3855876899251271832,College Tour #5 - Ate at Cahoun’s and took in all the beauty of Knoxville! UT has some fantastic opportunities. Boys trip complete! Decision soon??? #universityoftennessee #haslamschoolofbusiness #govols🧡 #undecided classof2030,https://www.instagram.com/p/DWC05xNgbiY/,,,neutral,2026-03-18T23:26:07.000Z,18,0,0,0,0.0,18,18.0,,
instagram,post,3855874088539073417,,https://www.instagram.com/p/DWC0Q3iASuJ/,,,neutral,2026-03-18T23:26:05.000Z,0,0,0,0,0.0,0,0.0,,
instagram,post,3854845556842160299,"Ever since Donut Lab announced their miracle solid-state battery, the internet has been absolutely certain about what it is. A capacitor. Vaporware. A scam. Except when you actually dig into those explanations, a lot of them start falling apart. Here's what Donut Lab is actually claiming: more energy per pound than today's best lithium cells. No lithium. No cobalt. No hard-to-get metals. And a battery that charges in five minutes, but lasts a lifetime. Some experts say those specs are physically impossible. Others think they've already cracked the case and figured out who really built this thing and what's actually inside. We don't know yet if Donut Lab's claims will hold up. They’ve been releasing third-party tests slowly over the past few weeks. But let's take a closer look at what this battery could be… what it probably isn't... and what Donut Lab could possibly gain by exaggerating its claims. It’s not as clear-cut as you might think. 

Video link in the bio!

#batteries #battery #breakthrough #energystorage #future #news #nordicnanobattery #science #semisolidstatebattery #solidstate #solidstatebattery #solidstatebatterydonut #solidstatebatterynews #solidstatebatterytechnology #solidstatebatteryvslithiumion #undecided #undecidedwithmattferrell",https://www.instagram.com/p/DV_KZwvkeCr/,,,neutral,2026-03-17T13:18:07.000Z,6,0,1,0,0.0,7,9.0,,
instagram,post,3854789513154973273,"Celeste Fox is Amherst bound! ❤️
Celeste Fox will be attending University of Massachusetts Amherst as an undecided major.
Excited for all that’s ahead in this next chapter! @umass 
#umassamherst #undecided #classof2026",https://www.instagram.com/p/DV-9qN_gM5Z/,,,neutral,2026-03-17T11:28:29.000Z,436,0,55,0,0.0,491,601.0,,
instagram,post,3854107703590446022,We are all smiles after Maria stopped by to clarify the path forward to obtaining a degree at ABTech. #dentalhygienist #nursing #undecided,https://www.instagram.com/p/DV8iolWmuPG/,,,neutral,2026-03-16T12:51:03.000Z,1,0,0,0,0.0,1,1.0,,
instagram,post,3853913124391552001,"final na... from ilang pics ito na la...

#NewInkDesign #undecided #helpmechoose",https://www.instagram.com/p/DV72ZFWkwQB/,,,neutral,2026-03-16T06:24:27.000Z,0,0,0,0,0.0,0,0.0,,
instagram,post,3853019760079207603,try your luck,https://www.instagram.com/p/DV4rQ7AFPyz/,,,neutral,2026-03-15T00:49:29.000Z,138,0,26,0,0.0,164,216.0,,
instagram,post,3851897923051795521,"#rampangarap2026
#undecided",https://www.instagram.com/p/DV0sMC2kTRB/,,,neutral,2026-03-13T11:40:36.000Z,18,0,0,0,0.0,18,18.0,,
instagram,post,3851870493133525346,"We finished up this display yesterday but after some discussion, we’ve decided to add a little something to it. That’s what happens when you have 2 woman that can’t make up their minds. 😂😂😂 #thebarnatcreeksidefarm #workingondisplay #cantmakeupourminds #undecided #shenandoahvalley #vintagevirginia",https://www.instagram.com/p/DV0l84wCFFi/,,,neutral,2026-03-13T10:46:07.000Z,23,0,4,0,0.0,27,35.0,,
instagram,post,3850906912699473567,,https://www.instagram.com/p/DVxK28ijF6f/,,,neutral,2026-03-12T02:53:44.000Z,0,0,0,0,0.0,0,0.0,,
instagram,post,3849959835131044991,"Mr, Checho Timmy Tito, (undecided on the name) LOL , claims I have become his favorite human! And I’m ok with that!  He came to me for a few days to foster him, unable to find a loving home 🏠 I’ve decided to keep him and give him some LOVE ❤️ #my foster#furry#dog#undecided#onhisname",https://www.instagram.com/p/DVtzhJ0geR_/,,,neutral,2026-03-10T19:34:23.000Z,13,0,0,0,0.0,13,13.0,,
instagram,post,3849456204247393302,College Tour #2 - Beautiful sunny day in Columbia! Very impressed with all the opportunities Mizzou had to offer and loved the campus. 1st class and pink skies for our quick trip home! #undecided #classof2030 #mujschool #rji,https://www.instagram.com/p/DVsBAXAluQW/,,,neutral,2026-03-10T02:49:21.000Z,17,0,0,0,0.0,17,17.0,,
instagram,post,3849453141691859744,,https://www.instagram.com/p/DVsATyyDgMg/,,,neutral,2026-03-10T02:49:18.000Z,0,0,0,0,0.0,0,0.0,,
instagram,post,3850907969353728876,What can be #undecided,https://www.instagram.com/p/DVxLGUoDMNs/,,,neutral,2026-03-12T02:53:44.000Z,225,0,9,0,0.0,234,252.0,,
instagram,post,3849218438422127681,Do you ever shoot an image and can't decide whether you love it or hate it? This is such an occasion. My suspicion is that the sculptor was having a bad day.... #cemetery #dark #undecided,https://www.instagram.com/p/DVrK8aVCORB/,,,neutral,2026-03-09T18:57:01.000Z,-1,0,11,0,0.0,10,32.0,,
instagram,post,3848752334344407120,This will be fun! #Undecided #saintduppy,https://www.instagram.com/p/DVpg9tFDchQ/,,,neutral,2026-03-09T03:30:53.000Z,8,0,0,0,0.0,8,8.0,,
instagram,post,3848746538487331471,"Tag 3 people follow @its_undecided_666 DM when done. June 21st ill pick a winner but don't  tell #Undecided or ill get in big trouble
#saintduppy #tshirt #secrete #giveaway
Its for the love of art! 💀",https://www.instagram.com/p/DVpfpXRDTqP/,,,neutral,2026-03-09T03:19:22.000Z,5,0,1,0,0.0,6,8.0,,
instagram,post,3846975253868799957,"Forever Thankful for my coaches my teammates and the sport of wrestling words can’t explain my gratitude. Penn tech Wrestling got me?
#undecided 
#godsplan✝️",https://www.instagram.com/p/DVjM5x6kWfV/,,,neutral,2026-03-06T16:40:08.000Z,52,0,2,0,0.0,54,58.0,,
instagram,post,3846875846775393685,"Shiloah Luxe Ballers ❌ Undecided! 💧💯💪 
Nice game! 💯 Papawis Ball Club Thank you! #shiloahluxe #undecided #basketball #sportsmanship",https://www.instagram.com/p/DVi2TN2E82V/,,,neutral,2026-03-06T13:22:39.000Z,0,0,0,0,0.0,0,0.0,,
instagram,post,3846750702618024112,"Undecided Karen Nyamu: 2027, Mnipange!

Karen Nyamu amused her audience after openly admitting she is undecided about her 2027 political ambitions. Speaking to a congregation, she threw the decision back to her supporters:

""2027, nataka mnipange. Mkisema ni Governor ni governor. Mkisema ni Woman rep ni woman rep. Mnasema nini?"" — Karen Nyamu

#KarenNyamu #Undecided #NairobiPolitics #KenyaPolitics #tv012newsupdate",https://www.instagram.com/p/DViZ2IRCBiw/,,,neutral,2026-03-06T09:14:00.000Z,0,0,0,0,0.0,0,0.0,,
instagram,post,3846391366796503594,"🇩🇪📍🛥️❤️

This could be home ..//. #undecided #yachtlife #cheflife #sizzling #slowroasting",https://www.instagram.com/p/DVhIJGtCOoq/,,,neutral,2026-03-05T21:20:03.000Z,11,0,2,0,0.0,13,17.0,,
instagram,post,3845633978951633220,"“Well, that’s a wrap 2026 season was money in the bank”💰➡️ 🏦
.
.
.
.

I know they say high school goes by fast… but dang. Four years just like that?

This year I did something most people thought was crazy. I transferred not just schools, but states — for my senior year of wrestling. I had qualified for state since freshman year (except soph) we don’t talk about it, but I had never placed. Something had to change. So I went to St. Michael’s and fully bought into their program — and it changed my life. After countless extra practices, early mornings, and Coach Steff’s conditioning 🙄❤️, I went from never placing at Kansas state to taking 2nd in Missouri.
I couldn’t have done it without my teammates coaches and amazing family, the love has been unreal and I just wanted to step back for second and remind everyone that hard work does pay off, never settle for mediocrity and above all else if your not having fun… your not doing it right. 🤷‍♂️ 

It’s kinda ironic… all season I thought I was hungry because of the weight cut. I’d go to bed thinking about food. But after standing on that podium I realized… I wasn’t full, I was hungrier than I’d ever been.

You’ll see my name again. That’s a promise.

Hungry dogs run faster. – P

#undecided #starving #collegiatewrestling #Family #TimeToEat Ihatecutting missouriwrestling frecoseason 🔜",https://www.instagram.com/p/DVeb7qTlYlE/,,,neutral,2026-03-04T20:15:16.000Z,160,0,29,0,0.0,189,247.0,,
instagram,post,3845467303350263936,"Good morning everyone 
Good evening 🇵🇭 

I haven’t decided yet what to have for breakfast, sometimes pati na rin kakainin naka ka confused na rin kung alin 😂🤪😂 #people #undecided #onduty #mylife",https://www.instagram.com/p/DVd2CNjkmCA/,,,neutral,2026-03-04T14:44:06.000Z,0,0,0,0,0.0,0,0.0,,
instagram,post,3844728895795797318,"Perovskite solar cells could hit 35% efficiency and cost half as much as silicon, but they're still years away from your roof. Meanwhile, silicon panels just lost their 30% federal tax credit in the US, making them suddenly more expensive. So here's the $20,000 question: what’s the better path and value? Should you wait for the next solar breakthrough technology to finally arrive, or install silicon solar panels now? Which one gives you a better bang for your buck?

Video link in the bio!

#bestsolarpanels2026 #energy #news #perovskite #perovskitesolar #perovskitesolarcell #perovskitesolarpanels #renewableenergy #renewables #science #solar3 #solarcell #solarenergy #solarpanels #solarpower #technology #undecided #undecidedwithmattferrell",https://www.instagram.com/p/DVbOI97lp1G/,,,neutral,2026-03-03T14:18:06.000Z,8,0,2,0,0.0,10,14.0,,
instagram,post,3844402319450898002,College Tour #1 - Ohio State with unexpected snow on the ground. #undecided #classof2030 #fishercollegeofbusiness,https://www.instagram.com/p/DVaD4qAjv5S/,,,neutral,2026-03-03T03:28:10.000Z,20,0,1,0,0.0,21,23.0,,
instagram,post,3849005529704826080,"I had two beds to choose from, but I couldn’t decide, so I decided to sleep on the floor. Mummy was HORRIFIED!  I thought she was going to faint.  That might be an exaggeration.  #undecided #redtoypoodle #poodlelove #poodlelife #toypoodlesofinstagram",https://www.instagram.com/p/DVqaiLokgTg/,,,neutral,2026-03-09T12:02:18.000Z,128,0,10,0,0.0,138,158.0,,
instagram,post,3844569669395514494,"Yeah, well, why not. 🖼🎨
Meet the 'Flossis' that decorate the UNICEF Germany office in Zollstock. 
Gummy flappy-handed merman beast figures splattered on a wall. They are more prominently used up the road in Düsseldorf's Media Hafen (pic 2) which has more. 
In Cologne, maybe 5 or 6  have been glued to this corner building near the KVB tram stop at Pohligstrasse. 
They are from the late German artist Rosalie. 

#streetart #flossis #rosalie #externaldesign #splashofcolor #artwork #undecided #unicef #splatter #multicolor #skulptur #resinmolds #resinartwork #resinartist #savethechildren #brightenup #makeover #architecture_view #archidaily #gummies #haribo #stickycreatures #spiderman",https://www.instagram.com/p/DVap76yj4R-/,,,neutral,2026-03-03T09:00:40.000Z,12,0,0,0,0.0,12,12.0,,
instagram,post,3843699031911334035,"And just like that my high school career is over
.
.
.
The night of state I suffered a terrible case of food poisoning, I was up all night and by the time I weighed in I was 130.2. I had no strength and ended up going 0-2
.
.
I’m sorry to everyone I let down. After all this hard work, no results. Thank you to my coaches, teammates, and family for always supporting me.
.
.
Sometimes life dishes out unfortunate circumstances but all you can do is move forward and live with those circumstances. The timing of this food poisoning couldn’t have been worse but I know God has a plan for everything.
.
.
I wouldn’t take back this season for anything and will continue wrestling in college. I am still #undecided but will be really thinking about where I want to go soon",https://www.instagram.com/p/DVXj-ecloCT/,,,neutral,2026-03-02T04:10:52.000Z,122,0,11,0,0.0,133,155.0,,
instagram,post,3843053693747531524,"Not taking action and feeling safe??
Ye jeewan ka sabse bada risk hai.
Take control of your life and take actions 
#decisionmaking #RightProfession #lifechallengees #undecided #unsure",https://www.instagram.com/p/DVVRPkckw8E/,,,neutral,2026-03-01T06:48:42.000Z,0,0,0,0,0.0,0,0.0,,
instagram,post,3842395905026844053,One of the bedrooms - not sure whose room this is yet 🤔 Plan is a new window and to redecorate. What do you think about the fireplace? Should it stay it stay or should it go? #renovation #restoration #undecided,https://www.instagram.com/p/DVS7re9imWV/,,,neutral,2026-02-28T09:01:47.000Z,9,0,4,0,0.0,13,21.0,,
instagram,post,3840945562745985589,"If you fancy some fantastic LIVE music on a Thursday night, then join Crown Shifnal tonight from 8.30pm!!!

Go and enjoy the fabulous up and coming band 'Undecided' playing just for you🎼🎵🎶

Their new food menu will also be served from  5pm 🥗🍔🍕
Sounds like a perfect evening of music, food and dancing...

#localbusiness 
#localpub 
#LiveMusicTonight 
#from830pm 
#upandcomingbandplaying 
#undecided 
#goandlisten 
#foodwillbeservedfrom5pm",https://www.instagram.com/p/DVNx6OdFlo1/,,,neutral,2026-02-26T09:00:14.000Z,0,0,0,0,0.0,0,0.0,,
instagram,post,3840089692222390521,"I am literally my own worst critic. First I did the polka dots. But something wasn't clicking. The vibe wasn't there. I drilled them off and did this cheetah print. We all know cheetah is my default design. 🤭 hated them. Drilled that down and just did a plain Ferrari red... annnnnddd it's not my favorite either but I can't not do these nails again 😭  with that said if any of my fellow friends have Nail inspo, please feel free to comment or send to me. All of my ideas are running out.  #nailsbykels24 #undecided #polkadotnails #cheetahprintnails #ferrarirednails❤️",https://www.instagram.com/p/DVKvTq6jgD5/,,,neutral,2026-02-25T04:39:45.000Z,0,0,0,0,0.0,0,0.0,,
instagram,post,3839655471205478652,"What if the most efficient way to heat and cool your home might not actually be the best choice for you? Geothermal heat pumps are the gold standard for efficiency. They're also the most expensive upfront investment you can make in your home's HVAC system. So, are they really worth it? Or should you go with an air source heat pump instead? I've been living with my geothermal system for two years now. I reached out to my friend Paul Braren, who installed an air source heat pump system in his home around the same time I was building mine. We're both in New England, we both have detailed energy monitoring, and we both ditched fossil fuels completely. It’s the perfect setup for a real-world comparison. Here's the thing, though. After crunching the numbers, this isn't going to be the straightforward ""geothermal wins"" or ""air source is better"" story you might expect. The actual data surprised both of us. 

Video link in the bio!

#airconditioner #airsourceheatpump #airsourcevsgroundsourceheatpumps #desuperheaterheatpump #ervsystem #geothermal #geothermalairconditioning #geothermalenergy #geothermalheatpump #geothermalheating #groundsourceheatpump #heatpump #netzero #netzeroenergyhomes #undecided #undecidedwithmattferrell",https://www.instagram.com/p/DVJMk7FFnD8/,,,neutral,2026-02-24T14:18:07.000Z,12,0,0,0,0.0,12,12.0,,
instagram,post,3839109590273542671,"😂😂😂

#undecided #chrisbrown #teambreezy #brown #meme",https://www.instagram.com/p/DVHQdT2DMoP/,,,neutral,2026-02-23T20:16:52.000Z,5807,0,18,0,0.0,5825,5861.0,,
instagram,post,3838973512707290768,"Realize after your 2 kitchens and 3 vanities were installed that you've changed your mind of the edge profile you preferred? No worries...Of Quartz We Fix That. 

#OfQuartzWeFixThat
#ChangeOfHeart
#Undecided
#QuartzCounterTops",https://www.instagram.com/p/DVGxhHvDTaQ/,,,neutral,2026-02-23T15:42:06.000Z,1,0,1,0,0.0,2,4.0,,
instagram,post,3837432316231333858,"Hmmmnn??? 🤔🤔🤔
Will it follow same trend or will it go down??

Long or Short 😅😅😅

#undecided #fyp #fypシ゚ #chart #trading #crypto",https://www.instagram.com/p/DVBTFwqkrfi/,,,neutral,2026-02-21T12:40:02.000Z,1,0,0,0,0.0,1,1.0,,
instagram,post,3837133065073011641,"We had to let the “wheelofnames” decide our dinner tonight & of course it made Tryson’s night! 🍔😎

Y’all ever get tired of the same-O restaurants in your city? 🤦🏽‍♀️

#restaurant #undecided #food #bdubs #cheesburger #wings #letseat #son #wheelofnames #fypviralシ #contentcreator #fypシ",https://www.instagram.com/p/DVAPDFTlSu5/,,,neutral,2026-02-21T02:45:28.000Z,3,0,0,0,0.0,3,3.0,,
instagram,post,3836365852036391970,"I keep going back and forth on the title!!! ——————————————————————
#undecided #author #authorofinstagram #upandcoming",https://www.instagram.com/p/DU9gmqfEWQi/,,,neutral,2026-02-20T01:22:59.000Z,1,0,1,0,0.0,2,4.0,,
instagram,post,3836190228180929298,Well it took a bit of effort to get this pretty pine French dresser from @castle_cary_antiques up 27 stairs and into the broom cupboard but I feel it was worth it 💪🏼 😊 I have plans to chalk paint it ( see picture 3) as not too keen on the pine against the oak flooring but what do you think? 🤔 #undecided #loveeverythingfrench🇫🇷 #smallspaceliving,https://www.instagram.com/p/DU84rABjIsS/,,,neutral,2026-02-19T19:32:13.000Z,12,0,6,0,0.0,18,30.0,,
instagram,post,3836038264596514709,"Latest Poll:  Trump’s #approvalrating continues to fall 36%. 
#Disapproval is at 62% with only 2% #undecided. That’s a 26% #gap and why the GOP is so panicked. 
#ResistTrump",https://www.instagram.com/p/DU8WHo6FMeV/,,,neutral,2026-02-19T14:30:00.000Z,0,0,0,0,0.0,0,0.0,,
instagram,post,3835992989341055712,"Positive pregnancy test? We are here for you! We offer no cost services to help you navigate this crucial decision!

Call us today or go online and schedule an appointment!

Eustis 352.357.2202

Leesburg 352.404.6116

lifeschoices.net

#notalone #support #lifeschoiceswomensclinic #pregnant #undecided #unplanned #choices #abortion #education #help #decisions",https://www.instagram.com/p/DU8L0zCj_rg/,,,neutral,2026-02-19T13:00:21.000Z,2,0,0,0,0.0,2,2.0,,
instagram,post,3835891808937945422,"Undecided. With or without the blue ? Your thoughts ? 

“That flower place”. 

#decisions #undecided #whitecottage_flowerfarm_",https://www.instagram.com/p/DU700bck6lO/,,,neutral,2026-02-19T09:41:13.000Z,321,0,17,0,0.0,338,372.0,,
instagram,post,3834951323255680608,future home😉,https://www.instagram.com/p/DU4e-j5ka5g/,,,neutral,2026-02-18T02:30:44.000Z,222,0,44,0,0.0,266,354.0,,
instagram,post,3834582039291563679,"When Spain's power grid failed on April 28th, 2025, it quickly became a very serious issue. Not only for the economic impacts, but life-or-death serious due to multiple, indirect deaths associated to the blackout. Emergency services, transportation, communication and other vital services were halted during this power outage. Not only did it blackout Spain, it also hit Portugal, parts of France and Morocco. But here's the thing … the UK went through something very similar back in 2019. The difference is: they've already figured out how to stop it from happening again. Spoiler: it involves 40 metric ton flywheels. Lots of them. We've covered flywheels before. But there's a wild new use case involving technology originally designed for space lasers. Yeah, you heard that right.

Video link in the bio!

#energy #energystorage #energystoragesystems #engineering #flywheel #flywheelbattery #flywheelenergy #flywheelenergystorage #flywheelgenerator #mechanicalbattery #mechanicalbatteryflywheel #mechanicalbatterystorage #news #renewableenergy #science #undecided #undecidedwithmattferrell",https://www.instagram.com/p/DU3LAxaEQ6f/,,,neutral,2026-02-17T14:18:07.000Z,17,0,2,0,0.0,19,23.0,,
instagram,post,3834054974108817016,#undecided,https://www.instagram.com/p/DU1TK9tE1Z4/,,,neutral,2026-02-16T20:49:53.000Z,14,0,0,0,0.0,14,14.0,,
instagram,post,3832581530824371728,"send this to your babyboo 
.
.
.
.
.
.
.
.
.
#undecided #app #comingsoon #foryou",https://www.instagram.com/p/DUwEJitgm4Q/,,,neutral,2026-02-14T20:02:35.000Z,40,0,12,0,0.0,52,76.0,,
instagram,post,3831638412009189898,"#teepublic #ellenhenryart 
#baseballcap #undecided #undecidedhat #whitetext #typography",https://www.instagram.com/p/DUsttW3jLIK/,,,neutral,2026-02-13T12:48:34.000Z,0,0,0,0,0.0,0,0.0,,
instagram,post,3829508633424688995,"Your lights just flickered. Not for long. Just a split second. You probably didn't think much about it, but somewhere a battery may have just saved your city from a blackout. These kinds of batteries are for preventing the entire electrical grid from collapsing. And it turns out, the batteries doing this job need to be fundamentally different from the ones we've been talking about for years. A German research institute has built a battery that responds faster than you can blink. It's made from cheap, abundant aluminum instead of lithium, and it doesn't use a flammable electrolyte. In real-world grid tests, it reacted instantaneously to smooth out power fluctuations that would have caused widespread blackouts. But can a battery designed for speed and power instead of range actually scale into the grid-stabilizing role we desperately need?

Video link in the bio!

#aluminumionbattery #aluminumionbatteryvslithiumion #battery #batterytechnology #blackout #electronics #energystorage #gridscalebatteries #lithium #lithiumionbattery #news #powercut #science #undecided #undecidedwithmattferrell",https://www.instagram.com/p/DUlJc__kfdj/,,,neutral,2026-02-10T14:18:11.000Z,5,0,0,0,0.0,5,5.0,,
instagram,post,3829506947977388819,Where's Home? #undecided #D1,https://www.instagram.com/p/DUlJEeTFSMT/,,,neutral,2026-02-10T14:13:44.000Z,234,0,17,0,0.0,251,285.0,,
instagram,post,3827659075132237842,"Upike visit for my boy today! ❤️🏈
#college #Upike #undecided",https://www.instagram.com/p/DUek6YmjqgS/,,,neutral,2026-02-08T01:02:20.000Z,8,0,0,0,0.0,8,8.0,,
instagram,post,3827419303607592169,"Here’s a tight, emotional IG caption that feels very RATIONAL—intimate, conflicted, and dancefloor-ready without being cheesy:

⸻

UNDECIDED is out now.
New music by RATIONAL.

A song about loving someone so deeply it leaves you…
sad.
mad.
stuck in your own head.

When the heart says stay
and the mind won’t stop asking what do I do?

Featuring two remixes that push the feeling even further:
⚡ AfroTech Remix — hypnotic, emotional heat
⚡ Thunderous Remix — big feelings, bigger release

“I’m so undecided / I’m so sad / then I’m mad / because I know you are too.”

Stream UNDECIDED now.
Sit with it. Dance with it. Feel it unravel.

#UNDECIDED #RATIONAL #NewMusic #AfroTech #ElectronicPop",https://www.instagram.com/p/DUduZP-AOTp/,,,neutral,2026-02-07T17:06:35.000Z,7,0,0,0,0.0,7,7.0,,
instagram,post,3826591092415392140,"February 7,last render resign na tapos ginamit pa leave.
Tapos habang naka render nag job hunting,then for medical na ulit sa bagong work,pero nag enjoy nanaman ako mag full time mom 🥹

#undecided",https://www.instagram.com/p/DUayFMMF-mM/,,,neutral,2026-02-06T13:40:27.000Z,0,0,0,0,0.0,0,0.0,,
instagram,post,3826334988640407298,"Ano kaya masarap na luto sa tilapia? Sa tingin nyo ano? 🤔🤔🤔 🐟👩🏻‍🍳

#undecided #cooking #forlunch #tilapiafish #lutongbahay #foodlover",https://www.instagram.com/p/DUZ32Y9j08C/,,,neutral,2026-02-06T05:11:37.000Z,1,0,0,0,0.0,1,1.0,,
instagram,post,3825172851163158130,"Undecided to do another one in this collection? Or start to get them ready for print…. And get on with new ones???? Maybe, just get ready for printing as with moving home, it might give me a bit of time 😊❤️🏠🙏🏻#zines #printing #undecided #icreates02 #creativity #collection3",https://www.instagram.com/p/DUVvnEGDFZy/,,,neutral,2026-02-04T14:46:55.000Z,1,0,0,0,0.0,1,1.0,,
instagram,post,3824435171437968532,"If you believe half of what you hear about heat pumps, you'd think they're a $20,000 scam that stops working the second it gets cold outside. But here's what the skeptics don't mention: modern heat pumps work in temperatures down to -26°C (that's -15°F), and those ""reliability"" complaints? They usually trace back to installation problems, which are shockingly common. The truth is, heat pumps are some of the most efficient climate control tools money can buy. Their financial and environmental benefits make them worth considering. Today I want to pull apart the biggest myths around heat pumps, so you can tell if they actually make sense for your home, in your climate, with your budget. 

Video link in the bio!

#airsourceheatpump #coldclimateheatpump #coldweatherheatpump #extremecoldheatpump #geothermalheatpump #groundsourceheatpump #heatpump #heatpumpmyths #heatpumpvsgasfurnace #heatpumpsexplained #heatingandcooling #hvac #news #science #undecided #undecidedwithmattferrell #undecidedmf",https://www.instagram.com/p/DUTH4aUEfyU/,,,neutral,2026-02-03T14:18:05.000Z,13,0,1,0,0.0,14,16.0,,
instagram,post,3823934187410176730,#Dead #Coming2027 #StillLoading #Undecided #SC300,https://www.instagram.com/p/DURV-IlDjra/,,,neutral,2026-02-02T21:41:41.000Z,64,0,0,0,0.0,64,64.0,,
instagram,post,3823185238546300482,"I can't decide whether this is a gorgeous piece of art but impractical, or .... I mean, it might keep the wind out in a Canadian winter? It stands up on it's own, which would be useful. Maybe? But extra chunky yarn also makes large gaps between stitches, so there's likely a draft.

Very striking.

(Dawn Cowl in Knitting for Radical Self-Care: A Modern Guide by Brandi Cheyenne Harper)

#brandicheyenneharperpatterns #knittingart #knittingpattern #undecided",https://www.instagram.com/p/DUOrrfmEb5C/,,,neutral,2026-02-01T20:53:37.000Z,2,0,3,0,0.0,5,11.0,,
instagram,post,3822307050575637525,"Would you choose a leopard, orange or blue base for this pink feather garnish? #undecided #Fascinators #fascinatorstyle #bespoke",https://www.instagram.com/p/DULkALUCCwV/,,,neutral,2026-01-31T15:48:49.000Z,9,0,2,0,0.0,11,15.0,,
instagram,post,3821961810409936594,#Undecided,https://www.instagram.com/p/DUKVgRWl9bS/,,,neutral,2026-01-31T04:22:54.000Z,0,0,0,0,0.0,0,0.0,,
instagram,post,3821532549987087375,"Current Major: Undecided 🤷‍♂️ Career Goal: Professional Snack Tester 🍪

It’s okay if you don't know exactly what you want to do yet. Vocational Exploration is all about asking the big questions: Who am I? What am I good at? How can I serve the world?

Cayden is starting early, but it's never too late for you to stop by CORE. We help turn that ""IDK"" into a ""Lightbulb Moment!"" 💡

#Undecided #CareerCoaching #Purpose #Augustana #CORE #StudentLife #FutureReady",https://www.instagram.com/p/DUIz5tbkrQP/,,,neutral,2026-01-30T14:10:20.000Z,33,0,0,0,0.0,33,33.0,,
instagram,post,3820432069298715268,"Are you a Seahawks fan, a Patriots enthusiast, or still undecided? Our inventory includes bow options for Seahawks, Patriots, and a special design that combines both teams.
https://ultimate-country-creations.square.site/
#supperbowlsunday #bows #Seahawksfan #Patriotsfan #undecided",https://www.instagram.com/p/DUE5rm7D3qE/,,,neutral,2026-01-29T01:43:36.000Z,4,0,0,0,0.0,4,4.0,,
instagram,post,3820185080870900147,"What are the benefits for Undecided Majors? 

#college #majors #collegebound #collegeadmissions #undecided",https://www.instagram.com/p/DUEBhdBjpGz/,,,neutral,2026-01-28T17:32:51.000Z,4,0,0,0,0.0,4,4.0,,
instagram,post,3819575914703756239,"🤔 Grad Cap on... Now What? 🤔
Senior year is a vibe, but that question... ""So, what's next?"" hits different when you genuinely have no idea. 😬
Everyone's talking college applications and career paths, and you're just trying to figure out your plan for next weekend. What if you could get paid to find your passion, travel the world, and have your college tuition 100% covered?
It’s not a trick. It’s a strategy. It's the U.S. Army.

Think of it as the ultimate gap year that pays YOU.
Before you lock into a four-year degree you're not sure about (and the massive debt that comes with it), consider this:
* 🎓 GET YOUR DEGREE, DEBT-FREE: Seriously. With the GI Bill and Tuition Assistance, the Army can cover the cost of college when you're ready.
* 🛠️ LEARN A REAL-WORLD SKILL: Cybersecurity, aviation, healthcare, engineering—get hands-on training in a high-tech field that civilian companies are desperate for.
* ✈️ TRAVEL & ADVENTURE: Get out of your hometown and see the world. We have bases in Europe, Asia, and all over the U.S.
* 💰 EARN A REAL PAYCHECK: Stop worrying about money. Get a steady salary, full health benefits, and housing right out of high school.
* 🔥 FIND YOUR DIRECTION: The Army gives you the structure, discipline, and confidence to figure out what you actually want to do with your life.
Whether you go Active Duty for a full-time adventure or join the Army Reserve to serve part-time while staying local, you're making a power move for your future.
Stop stressing about having the ""perfect"" plan. Make a smart one.
#ClassOf2026 #SeniorYear #Undecided #WhatsNext #GapYear CollegeHacks NoDebt GoArmy CareerPath",https://www.instagram.com/p/DUB3A60jhvP/,,,neutral,2026-01-27T21:23:48.000Z,4,0,0,0,0.0,4,4.0,,
instagram,post,3819426410926707239,"Which one would you recommend I read first? 

I’ve heard such good things about both of these when at a recent author event held by @waywardtxf but I’m so undecided and they are both beastie reads! But just look at those gorgeous covers!! 

Let me know your thoughts in the comments 🗡️

#waywardbooks #books #romantasybooks #fantasy #undecided",https://www.instagram.com/p/DUBVBWlCBIn/,,,neutral,2026-01-27T16:25:30.000Z,28,0,7,0,0.0,35,49.0,,
instagram,post,3818729555117423061,@luis.fba12 #undecided 🤣🤣,https://www.instagram.com/p/DT-2kxCDznV/,,,neutral,2026-01-26T17:21:12.000Z,11,0,2,0,0.0,13,17.0,,
instagram,post,3818163073619035008,"#undecided
#papasok
#uwe
#jokelang
#HappyMondayMorningEveryone",https://www.instagram.com/p/DT81xYBk4OA/,,,neutral,2026-01-25T22:35:29.000Z,0,0,0,0,0.0,0,0.0,,
instagram,post,3815856881718119197,#ChrisBrown for #LouisVuitton •swipe• #HHUCIT,https://www.instagram.com/p/DT0pZ3cicsd/,,,neutral,2026-01-22T18:13:29.000Z,-1,0,1,0,0.0,0,2.0,,
instagram,post,3815246213294485901,"New polling shows U.S. Rep. Jasmine Crockett trailing Texas state Rep. James Talarico in the Democratic Senate primary in Texas.⁠
⁠
The Emerson College Polling/Nexstar Media survey found Talarico is 9 points ahead among all likely primary voters, with 47% of the anticipated vote to Crockett’s 38%. Another 15% report being undecided.⁠
⁠
Talarico and Crockett are vying for Sen. John Cornyn’s seat on the other side of the political aisle for the midterm election.",https://www.instagram.com/p/DTyejeKEnGN/,,,neutral,2026-01-21T22:00:32.000Z,321,0,177,0,0.0,498,852.0,,
instagram,post,3814899838584802237,"Ein großes Konzert steht vor der Tür! 🚪

Wir freuen uns, @treibgut_sinkt im @cosmoscoburg am 07.02.2026 auf unserer Bühne zu haben. Unterstützt wird dey von @unplugged.system 🤘

Die Türen sind ab 19 Uhr geöffnet und die junge Punkrockband wird um 20 Uhr das Konzert eröffnen. 

Der Eintritt an der Abendkasse kostet 6-8€ 💸

Natürlich ist auch wieder für Getränke und leckeres, veganes Essen gesorgt 😋

Also schnappt euch eure Freund*innen und kommt bei uns vorbei! Wir freuen uns auf euch! 🫶🥨

#queerartist #concerts #punkrock #alternative #undecided",https://www.instagram.com/p/DTxPzDkisu9/,,,neutral,2026-01-21T10:32:01.000Z,52,0,0,0,0.0,52,52.0,,
instagram,post,3814876284682677392,"Tuloy or tigil na self🫢🫢...
#undecided
#switchplans",https://www.instagram.com/p/DTxKcTSkqyQ/,,,neutral,2026-01-21T09:45:13.000Z,0,0,0,0,0.0,0,0.0,,
instagram,post,3814466395862526198,"I genuinely don't know if I liked this or not, I'm still very undecided. Was it very good or very bad. A confusing read (although not when working out who the killer was, that was easy).

#murderonasummerbreak #kateweston #newtonabbotlibrary #bookchallange #undecided",https://www.instagram.com/p/DTvtPolDOj2/,,,neutral,2026-01-20T20:10:50.000Z,-1,0,1,0,0.0,0,2.0,,
instagram,post,3813856589451632021,Chicken Piccata with mashed potatoes vs protein pasta.  What was @quickentimetravels phrase? #undecided #chickenpiccata #proteinpasta #barrillaproteinpasta #Italiancuisine,https://www.instagram.com/p/DTtilyGjB2V/,,,neutral,2026-01-19T23:59:16.000Z,6,0,0,0,0.0,6,6.0,,
instagram,post,3813227697918154409,"After a great conversation with Coach Mitchell, I’m excited to announce that I have received my first offer from the Whatcom Community College! Humbled and grateful for the coaching staffs belief in me and this opportunity. All glory to God! #undecided#goorcas",https://www.instagram.com/p/DTrTmNOF5ap/,,,neutral,2026-01-19T03:09:46.000Z,286,0,15,0,0.0,301,331.0,,
instagram,post,3813066865074085504,Should I stay or should I go? #man #outside #thoughtful #alone #undecided #woman #window #considering,https://www.instagram.com/p/DTqvBx9jZ6A/,,,neutral,2026-01-18T21:50:13.000Z,7,0,1,0,0.0,8,10.0,,
instagram,post,3812652117212486515,"A very special one, undecided between red or shading, so taking 6 weeks to think. Revisiting when healed. Follow to see what happens next… #norush #undecided #thebegininkk #thebegininkkfamily #manchestertattoo",https://www.instagram.com/p/DTpQuZ6l1tz/,,,neutral,2026-01-18T08:06:11.000Z,14,0,2,0,0.0,16,20.0,,
instagram,post,3811589866724088969,LCU VISIT!!! So blessed to have the opportunity to take a look at campus and meet the team and staff. Big shout out to Coach Cordes for this opportunity. Grateful for this visit and excited to see what the future holds. Is LCU home??? #undecided #college #lubbockchristianuniversity #xc #track,https://www.instagram.com/p/DTlfMoDkVyJ/,,,neutral,2026-01-16T20:55:41.000Z,133,0,16,0,0.0,149,181.0,,
instagram,post,3812963766993242999,#seniorsunday we couldn’t be more excited for where God is leading Zi! #undecided #trustingod Go Buccaneers?!,https://www.instagram.com/p/DTqXlgZEUt3/,,,neutral,2026-01-18T18:25:23.000Z,20,0,3,0,0.0,23,29.0,,
instagram,post,3811459165844489923,"“Undecided “ Now available for full listening in all digital stores.

#kayoadele #undecided #newmusicalert #afrobeats",https://www.instagram.com/p/DTlBerYEUbD/,,,neutral,2026-01-16T16:41:10.000Z,28,0,14,0,0.0,42,70.0,,
instagram,post,3811038799880294969,"Prito o paksiw?🤣
#undecided",https://www.instagram.com/p/DTjh5jEGJI5/,,,neutral,2026-01-16T02:40:50.000Z,0,0,0,0,0.0,0,0.0,,
instagram,post,3809170445333955228,"Valentino o Sergio Rossi? 🖤🤍
Quando lo stile è una scelta impossibile. 
#Undecided",https://www.instagram.com/p/DTc5FaTDAKc/,,,neutral,2026-01-13T12:48:44.000Z,43,0,5,0,0.0,48,58.0,,
instagram,post,3807907390394707996,"Which book should I read next?! 

#helpmepick #undecided",https://www.instagram.com/p/DTYZ5iuD7Ac/,,,neutral,2026-01-11T18:59:16.000Z,3,0,5,0,0.0,8,18.0,,
instagram,post,3805744651325027703,"Next up is our MARVELOUS MANAGER out of Seattle, WA: ANNA KWOK 😊🍎🫧. Anna is a first year and is currently #undecided. She JUGGLES 🤹‍♀️ a lot of hobbies outside of running - she’s part of WashU’s juggling team, enjoys playing the pipe organ and cello 🎶, crocheting 🧶 (or really any craft project), hiking 🥾, reading 📚, eating ice cream 🍦, and looking at pictures of her dog 🐶. Anna’s favorite part of run club is all of the wonderful, kind, hilarious people she’s met and she can’t wait to document 📃 all of run club’s shenanigans (and spam this account) as manager. One fun fact about Anna is that when she was in second grade, she had a self-imposed weekly monochrome outfit schedule: Monday was pink 🩷, Tuesday was purple 💜, Wednesday was pink 💕 (again, because she had two pink hoodies), Thursday was teal 🩵, and Friday was 😱 any color. Her hottest take is that cereal 🥣 should be eaten DRY with a glass of milk 🥛 on the side.  #mymouthiswateringjustthinkingaboutit #soggycerealhateclub",https://www.instagram.com/p/DTQuJjAEjV3/,,,neutral,2026-01-08T19:22:17.000Z,105,0,21,0,0.0,126,168.0,,
instagram,post,3805590892510252317,"‘m really afraid of failing again.
Not just for myself, but being seen failing.
#undecided",https://www.instagram.com/p/DTQLMD8iQ0d/,,,neutral,2026-01-08T14:16:48.000Z,4,0,0,0,0.0,4,4.0,,
instagram,post,3804875642454458211,"Who here isn't sure yet if they want to become a mother or not?
The Motherhood Question Workbook is for women who genuinely are not sure yet. This is a compassionate guide with 150+ questions - this is not a simple ""pros/cons"" list, or me telling you what to do. It takes effort, and time. 
The questions are designed to help you hear your own voice through all the noise. Really thoughtful, non-judgmental, and treats both paths as equally valid.
Get your copy now! Link in bio
#motherhood #motherhoodjourney #undecided #childfree #childfreebychoice journal",https://www.instagram.com/p/DTNojzbCL9j/,,,neutral,2026-01-07T14:35:43.000Z,4,0,1,0,0.0,5,7.0,,
instagram,post,3804615899559619559,"A new hairstyle always gets me hype, I can’t decide on my next hairstyle. What should I do y’all?? 

#undecided #hair #beautycontent #explorepage✨ #viralpost",https://www.instagram.com/p/DTMtgDADevn/,,,neutral,2026-01-07T05:59:40.000Z,5,0,1,0,0.0,6,8.0,,
instagram,post,3804143991587381964,"Contemplating life 🤔
.
.
.
.
#walkies #undecided #life #pixel #cotondetulear",https://www.instagram.com/p/DTLCM4dAKLM/,,,neutral,2026-01-06T14:23:54.000Z,107,0,11,0,0.0,118,140.0,,
instagram,post,3803813497461810099,Which one I wear today?👗😝#night #dresscode #undecided,https://www.instagram.com/p/DTJ3Dj0DCOz/,,,neutral,2026-01-06T03:25:26.000Z,3,0,1,0,0.0,4,6.0,,
instagram,post,3803164855042449615,#undecided #agtg,https://www.instagram.com/p/DTHjkkfDiDP/,,,neutral,2026-01-05T05:56:42.000Z,93,0,8,0,0.0,101,117.0,,
instagram,post,3801618933690211160,"Unsa man akong pilion?? 🤔

MAGTRABAHO pa or MAGPUYO nalang sa balay? 

If magtrabaho pa, dili nako mauban ang kids pag adlaw but I can do my duties as mom and wife during weekends and nights at the same time naa pud koy own income and makatabang pud financially nga di rapud kaau mabug-atan ang partner/bana. 
If magpuyo nalang sa balay, mahatag jud pud nako ang fulltime duties of a mom and doing other chores. Pero wala koy own income. 🥹 

Hayyyyyst kalibug🥲 (Help me decide please)

#StuckInBetween #Undecided",https://www.instagram.com/p/DTCEEdCARtY/,,,neutral,2026-01-03T02:45:14.000Z,2,0,0,0,0.0,2,2.0,,
instagram,post,3801487687719655534,"""Fuck it they don't feel me,I've been doing me,I'm really him""

#undecided #blxcksmoke",https://www.instagram.com/p/DTBmOksjRhu/,,,neutral,2026-01-02T22:24:28.000Z,22,0,1,0,0.0,23,25.0,,
instagram,post,3799627542449752165,"nye outfit inspo to the last minute girlies🥹🥂

#nye #undecided #app #outfitinspo #fit #newyear #2026  #comingsoon",https://www.instagram.com/p/DS6_R5agghl/,,,neutral,2025-12-31T08:48:41.000Z,50,0,8,0,0.0,58,74.0,,
instagram,post,3798544937735269062,"👀 @roughridersfootball @coach.jmaine 
#football #undecided #dmv #roosevelt",https://www.instagram.com/p/DS3JH7NEarG/,,,neutral,2025-12-29T20:57:45.000Z,53,0,24,0,0.0,77,125.0,,
instagram,post,3798342237625908121,#foxtrot Habe ich doch schon einmal gesehen... Stimmt. #oldideas #newpackage #winterdays #winterscenery❄️ #undecided #redfox #postcard #gouacheart #gouacheillustration #christophabbrederis,https://www.instagram.com/p/DS2bCQBDfuZ/,,,neutral,2025-12-29T14:15:01.000Z,64,0,1,0,0.0,65,67.0,,
instagram,post,3798030358902839144,"🧐🤔 Ok… I’m sitting here tonight pondering once again…Do I keep coloring my hair or let it go natural color?? I know I have lots beautiful grey and white hair like my parents hair underneath this color.  I’m getting tired of coloring my hair every few weeks. But I’m not sure if I’m ready to go grey yet.  Ugh! Lol! I know I’ve asked this before and I’m back again, lol! Sooo let me hear your honest opinions and thoughts for me to keep coloring or let it grow out or other opinions.  Of course I love looking younger with my dark hair but I also want to see my true hair color! Ok let me hear your thoughts in the comments! 
😘

#haircolor
#greyhairdontcare
#BrownHairColor
#undecided",https://www.instagram.com/p/DS1UH0UjZdo/,,,neutral,2025-12-29T03:55:22.000Z,2,0,4,0,0.0,6,14.0,,
instagram,post,3798015959161224752,"Nalu can’t decide if she should be on or off the ottoman! 🤣 At least she has her teddybear with her. 

#dogsofinstagram #awkward #undecided #teddybear",https://www.instagram.com/p/DS1Q2RhEb4w/,,,neutral,2025-12-29T03:26:45.000Z,13,0,1,0,0.0,14,16.0,,
instagram,post,3797241204380142682,"Finally reached 1,000 followers !!! 
2026 I have plans

sign up for more 5k races 

Signing up and running that 10k I was injured for (need a redemption for myself on that one) 

Plus I need to find a half marathon in my area - haven't made the commitment yet but still searching .. 
#motherrunner🏃‍♀️ 
#undecided 
#runningfamily❤️",https://www.instagram.com/p/DSygsG5jgxa/,,,neutral,2025-12-28T01:47:27.000Z,34,0,0,0,0.0,34,34.0,,
instagram,post,3797185008038501931,"🤷‍♀️

Anyone with me? I’m trying to finish up some outstanding crochet projects from 2025….and thinking about what I want to do in 2026!

Hoping you had a great Christmas and are looking forward to the New Year 🫶

#twixmas #undecided #newprojectsahead #createcraftcrochet",https://www.instagram.com/p/DSyT6V-kt4r/,,,neutral,2025-12-27T23:55:48.000Z,12,0,3,0,0.0,15,21.0,,
instagram,post,3796686272132322567,"Keep it to myself as planned...or...release it. Still deciding
#NewPage #undecided",https://www.instagram.com/p/DSwigx-DJUH/,,,neutral,2025-12-27T07:24:54.000Z,4,0,2,0,0.0,6,10.0,,
instagram,post,3796176999354921543,"Very snowy morning.❄️❄️ Enjoying a coffee ☕️ while deciding 🤔 if I'll brave the elements, break out the snow shoes, and hit a trail later. Forecast is for 15 cm of snow today. Hmmm...there's always tomorrow 😉.
#cozyvibes #wintermorning #coffeeaddict #undecided",https://www.instagram.com/p/DSuut4vDvJH/,,,neutral,2025-12-26T14:33:04.000Z,2,0,0,0,0.0,2,2.0,,
instagram,post,3795779708068431684,"Mag papa rebond o hindi🤔
#undecided #selfgift",https://www.instagram.com/p/DStUYiZDgdE/,,,neutral,2025-12-26T01:23:44.000Z,0,0,0,0,0.0,0,0.0,,
instagram,post,3794633263562659313,@cbtlph 6.5/10 went through 1500 emotions trying to decide what she was about #undecided,https://www.instagram.com/p/DSpPtkviJXx/,,,neutral,2025-12-24T11:25:57.000Z,9,0,0,0,0.0,9,9.0,,
instagram,post,3793043418646379896,Spring or winter? #undecided,https://www.instagram.com/p/DSjmOSSDP14/,,,neutral,2025-12-22T06:47:12.000Z,11,0,0,0,0.0,11,11.0,,
instagram,post,3792587370537967268,I’m hungry as hell….. idk which plate I want 😭😭😭 it’s never too early for chicken but it is still breakfast time‼️ #undecided,https://www.instagram.com/p/DSh-h6YjF6k/,,,neutral,2025-12-21T15:41:07.000Z,1,0,0,0,0.0,1,1.0,,
instagram,post,3791244873811617068,"OK, snagged these cuties out thrifting in Athens✨and I love both of them♥️♥️♥️Which one should I wear out?🤷🏽‍♀️⁉️🤨 #mikaylamoods  #thrifthaul  #undecided #gagirl #athensga",https://www.instagram.com/p/DSdNSA4D-Us/,,,neutral,2025-12-19T19:13:49.000Z,6,0,1,0,0.0,7,9.0,,
instagram,post,3791063503877003875,"Two tees. One price. 🔥

BUY 1 TAKE 1‼️

FOR ONLY ₱980
December only. Don’t sleep on it.

ORDER NOW‼️
ORDER NOW‼️

#UNDCD #undecided  #clothing  #highlights2025",https://www.instagram.com/p/DSckCu9iVpj/,,,neutral,2025-12-19T13:13:28.000Z,4,0,0,0,0.0,4,4.0,,
instagram,post,3791061924595707906,"YEAR END SALE 🔥

Originally ₱550, now only ₱500!
Limited stocks, December promo only. Don’t miss out!

ORDER NOW‼️
ORDER NOW‼️

#UNDCD #undecided  #clothing  #highlights2025",https://www.instagram.com/p/DScjrwJCTAC/,,,neutral,2025-12-19T13:10:20.000Z,2,0,0,0,0.0,2,2.0,,
instagram,post,3810797422390631032,"Tomorrow, elevate yourself with a sound that will uplift your spirits. Kayo Adele presents “Undecided.”

 #KayoAdele #Undecided #MusicRelease #ElevateYourSound",https://www.instagram.com/p/DTirBCwkVp4/,,,neutral,2026-01-15T18:41:15.000Z,17,0,1,0,0.0,18,20.0,,
instagram,post,3789918169184666981,"So clear and sunny day ... Pag maganda weather lagi may importanteng lajad or dialysis day .. pag Wala lakad umuulan naman. Sign na ba ito na itigil ko na tiangge ko🤔🤔🤔

Morning and this is going to be a good day

#undecided #needguidance #SmallBusinessPH",https://www.instagram.com/p/DSYfn66DQVl/,,,neutral,2025-12-17T23:17:54.000Z,0,0,0,0,0.0,0,0.0,,
instagram,post,3788921162596948286,"I called 2024 the year of perovskite. But 2025? This was the year perovskites went from ""interesting lab tech"" to ""you can actually buy these."" Oxford PV shipped the first commercial batch to a US solar farm. California startups landed major infrastructure deals. And Chinese manufacturers started licensing the technology for mass production. More importantly, researchers solved problems that have plagued perovskites for years. We got self-healing materials that repair damage from heat and moisture. Cooling systems that boost efficiency by over 12%. And manufacturing techniques that broke the 34% efficiency barrier, which shatters silicon's theoretical 30% limit. So let's recap what actually happened this past year, what it means for solar's future, and what breakthroughs to watch for in 2026. 

Video link in the bio!

#bestsolarpanels #energy #experiments #greenenergy #news #perovskite #photovoltaicsolarpanels #renewableenergy #science #solar #solarenergy #solarpanels #solarpower #solarpv #undecided #undecidedwithmattferrell",https://www.instagram.com/p/DSU87kKjRk-/,,,neutral,2025-12-16T14:18:06.000Z,9,0,0,0,0.0,9,9.0,,
instagram,post,3787748984719878778,"#クリス・ブラウン
#Undecided",https://www.instagram.com/p/DSQyaIckyp6/,,,neutral,2025-12-14T23:28:13.000Z,4,0,0,0,0.0,4,4.0,,
instagram,post,3787426662196275789,"👉 “Undecided” = Instant Rejection at Top Schools?

❌ Nope. Big myth.

👉 In many top U.S. & European universities, students are allowed to enter without choosing a major for the first 1–2 years.

✨ That’s called Undecided / Undeclared.

💡 What “Undecided” REALLY means
• You’re exploring before locking in a lifelong path
• You’re taking general courses and discovering your strengths
• You’re using a flexible education system (not wasting time)

📊 Fun fact:
🔹 20–50% of U.S. students start Undecided
🔹 ~75% change their major at least once anyway

😰 Common fears (and the truth)
❌ “Undecided students get rejected more” → False
❌ “Top universities don’t like it” → False
❌ “It means no goals” → False

✅ Universities care more about:
• Curiosity
• Academic effort
• Growth mindset
—not whether you picked a major at 17.

⚠️ When Undecided may NOT be ideal
• Highly competitive majors (Engineering, Business, Nursing)
• Schools that require major selection from Year 1

👉 In these cases:
Apply with a major → transfer internally later

🎯 Smart strategy
✔️ Ivy League / Liberal Arts schools → Undecided is OK
✔️ STEM-heavy schools → Choose a clear major
✔️ Essays matter more than the label

✨ Not knowing your major yet ≠ not knowing your future.
Exploration is a strength—when done strategically.

📩 Need help choosing the right path for the right university?
Capstone’s got you 🤍

#Capstone_Education_Consulting
#Undecided
#Be_A_Capstonian_Be_A_success",https://www.instagram.com/p/DSPpHuNDWpN/,,,neutral,2025-12-14T12:47:43.000Z,0,0,0,0,0.0,0,0.0,,
instagram,post,3786319409930454513,"I've heard of guys hedging their bets before but these aren't the two teams I would think anyone would EVER have both jerseys of!!

I actually didn't know that this was the same little guy until I was looking at the pictures. 
Keep in mind that this was the same game! The same period, actually!

#goalie #undecided #wherethehellisgumby #sonyalpha
#BCHL",https://www.instagram.com/p/DSLtXFLEkXx/,,,neutral,2025-12-13T00:07:48.000Z,24,0,0,0,0.0,24,24.0,,
instagram,post,3786185856429333544,“Should I Stay or Go In?..(Undeceive)”,https://www.instagram.com/p/DSLO_nyFBwo/,,,neutral,2025-12-12T19:42:27.000Z,-1,0,6,0,0.0,5,17.0,,
instagram,post,3783847729089579258,"What if you could power cities just by mixing river water with seawater? Around 15,000 TWh of energy pours into the oceans each year as freshwater blends with saltwater at river mouths. That amounts to roughly half the energy the world consumes in electricity every year. And we may have finally found a way to tap it. It’s called osmotic power, and it could provide clean energy around the clock. As freshwater becomes scarcer, more cities are turning to desalination plants to meet their water needs. Desalination is energy-intensive, but osmotic power could use the same salty wastewater from desalination to generate electricity instead of just dumping it back in the ocean. But how does this tech work? Could a combination of fresh and saltwater be the “solution” to the world’s ever-increasing energy demands? 

Video link in the bio!

#desalination #drinkingwater #drought #freshwater #news #osmosis #osmoticpower #saltwater #seawaterdesalination #sustainability #undecided #undecidedwithmattferrell #wateravailability #watercrisis #waterdesalination #watershortage",https://www.instagram.com/p/DSC7XZAjYj6/,,,neutral,2025-12-09T14:18:05.000Z,6,0,0,0,0.0,6,6.0,,
instagram,post,3783513832257790128,"Tournament schedule for this weekend with North Shore Lady Mustangs in the Crosby Winter Classic!

#softball #2026 #undecided",https://www.instagram.com/p/DSBvcjWgKCw/,,,neutral,2025-12-09T03:13:37.000Z,4,0,0,0,0.0,4,4.0,,
instagram,post,3783467069946522576,Drury? #undecided,https://www.instagram.com/p/DSBk0EjjOvQ/,,,neutral,2025-12-09T01:40:43.000Z,87,0,7,0,0.0,94,108.0,,
instagram,post,3783252527329249980,"Superdavebeastula: Well Now, Always Remember, Superdavebeastula The Tall White Gothic Vampire Alien, Coming To You from Laval Quebec Canada. So. It Seems to Me that my Digital Host, David, and can't decide which character in which movie we are. On the one hand we are dressed like Darth Vader in the Star Wars Movies. However, since we are wearing glasses, we do look kind of silly and nerdy. We are seeming to be like Dark Helmet from the movie, Spaceballs. At any rate we will let you decide what we are portraying. Thankyouverymuch. 😀😂😇😈😉🥰🙏🤘🦸‍♂️🦹‍♂️🚀🛸

David: Superdavebeastula The Snapchat Vader Or Helmet Alien. 😀😂😇😈😉🥰🙏🤘🦸‍♂️🦹‍♂️🚀🛸

#superdavebeastulathetallwhitegothicvampirealien #snaphackgod #SnapChat #lol #darthvader #darkhelmet #snapdragon8elitegen6 #memecoinsol #undecided #laugh #laughter #movietwit #movienight #memesdaily #starwars #spaceballs #nerdballertv #decision #laughterchef #laughoutloud #laughingjack #memefi #hilarious #comedy #satire #starwarsstagram #spaceballsstagram #snapchatstagram #comedystagram #memestagram",https://www.instagram.com/p/DSA0CELDwq8/,,,neutral,2025-12-08T18:34:27.000Z,1,0,1,0,0.0,2,4.0,,
instagram,post,3783089165025956747,#mondaymood #mondaymotivation #officespace #officelife #officememes #funnymemes #laughter #wickedhumor #sarcasmmaybe #joker #jokster #fafo #viewpoint #kindness #early #undecided,https://www.instagram.com/p/DSAO41LAFOL/,,,neutral,2025-12-08T13:09:53.000Z,3,0,1,0,0.0,4,6.0,,
instagram,post,3782916289421554703,"try again next year

#jamalta #jaminicompany #undecided #app #fashionapp #malta #jacompanyprogramme",https://www.instagram.com/p/DR_nlKOArQP/,,,neutral,2025-12-08T07:26:25.000Z,83,0,12,0,0.0,95,119.0,,
instagram,post,3782239173223448974,"Who can relate.

We all broke rules for someone and in the end, 
They broke us.
How many of us have learned to never do that again?
I'll give you a hint,
close to none.
Why? 
Because everytime we meet someone who we think is wort it, 
we start to break and bend the rules for their benefit. We end up repeating the same mistake over and over again until we decide no one is worth it.
Finally you end up meeting the person who would move mountains to see you smile.
You end up shutting them out and leave them to question everything they did to see where they went wrong,
in the end, you become the person.......

#thomasshelby 
#quotestag 
#unsettled 
#undecided 
#epphylenses 
#sundaymood☀️",https://www.instagram.com/p/DR9Nn0njQGO/,,,neutral,2025-12-07T09:01:06.000Z,12,0,0,0,0.0,12,12.0,,
instagram,post,3782130609586807327,finding new friends ✨✨#skilodge,https://www.instagram.com/p/DR808A2jaIf/,,,neutral,2025-12-07T05:25:24.000Z,59,0,21,0,0.0,80,122.0,,
instagram,post,3779914742794817982,🟠Baker University? ⚫️ #undecided,https://www.instagram.com/p/DR09G6FjBG-/,,,neutral,2025-12-04T04:02:52.000Z,100,0,3,0,0.0,103,109.0,,
instagram,post,3779521248469296598,"O fim do ano chega com aquele convite silencioso para repensar rotas, renovar sonhos e escolher novos caminhos.

E se 2026 começasse em outro país?

Entre novas culturas, aprendizados e histórias que você ainda nem imagina viver.

Seu próximo destino pode ser o ponto de virada que você estava esperando.

Escolha agora. Viaje no próximo ano.

#EstudarFora #Application #Faculdade #Universidade #DicaRápida #Preparação #Intercâmbio #Mentoria #Undecided #College",https://www.instagram.com/p/DRzjoz8DaXW/,,,neutral,2025-12-03T15:01:08.000Z,1,0,0,0,0.0,1,1.0,,
instagram,post,3778866436279201107,"We are aware of the result, and the word embarrassed is an understatement.

Losing 14–2 is painful and unacceptable. We know we let our supporters down and failed to represent this club the way it deserves. There are no excuses, we take full responsibility.

To the fans who stayed and supported us until the final whistle: thank you. Your loyalty means everything, especially after a night like that. We promise to learn from this, work harder than ever, and come back stronger. The season is still young.

Our response begins now.

#Undecided #GTHong",https://www.instagram.com/p/DRxOwCkEW1T/,,,neutral,2025-12-02T17:20:04.000Z,22,0,7,0,0.0,29,43.0,,
instagram,post,3778774302636977934,"What if solar panels could generate twice the power for a fraction of the cost, making them cheap enough that you'd actually want them on your roof? This is a solar cell made with both perovskites and graphene, the record-breaking result of a collaboration between three Aussie teams. This perovskite cell initially had an efficiency of 16.65%, behind the 20% efficiency range of standard silicon. The introduction of graphene, though, almost doubled that initial figure to 30.6% … all while cutting production costs by 80%. How is this possible? And more importantly, when might these actually end up on your roof? 

Video link in the bio!

#futureofrenewableenergy #graphene #news #perovskite #perovskitesolarcell #renewableenergy #science #solar #solarenergy #solarpanel #solarpanelefficiency #solarpanelnews #solarpanels #solarpanelsforhome #undecided #undecidedwithmattferrell",https://www.instagram.com/p/DRw5zUbDS8O/,,,neutral,2025-12-02T14:18:06.000Z,9,0,0,0,0.0,9,9.0,,
instagram,post,3778345672937392232,"GT Hong names his starting 7 as the hunt for Win #1 continues.

#Undecided #GTHong",https://www.instagram.com/p/DRvYV76EUho/,,,neutral,2025-12-02T00:05:25.000Z,16,0,0,0,0.0,16,16.0,,
instagram,post,3778292525006647072,"Maybe 24, 40.
#doorsofinstagram #door #flowers #plants #walking #discovery #umbria #spello #tourism #weekend #sunday #yesterday #color #woods #holiday #trip #undecided #maybe #numbers #porta #photooftheday #doordecor #madeinitaly #wallart #infiorata #vicoli #borghipiubelliditalia  #visititaly #around",https://www.instagram.com/p/DRvMQiCiO8g/,,,neutral,2025-12-01T22:19:49.000Z,7,0,0,0,0.0,7,7.0,,
instagram,post,3778072028474329449,"Dezembro é o mês em que muita gente decide começar a planejar o intercâmbio. E sim, isso traz vantagens, mais opções de destino, mais vagas, mais tempo para organizar documentos e garantir as melhores condições.

Mas atenção: planejamento de última hora pode gerar custos extras, pressa nas escolhas e frustrações pelo caminho.

Por isso, não é só sobre escolher o país dos sonhos. É sobre alinhar expectativas, entender o investimento, preparar a rotina e ter total segurança na decisão.

Para quem já tem clareza, dezembro é o momento ideal para avançar.

Para quem ainda está no “talvez”, pode ser a hora de conversar, tirar dúvidas e ajustar o plano antes de agir.

#EstudarFora #Application #Faculdade #Universidade #DicaRápida #Preparação #Intercâmbio #Mentoria #Undecided #College",https://www.instagram.com/p/DRuaH4pDUlp/,,,neutral,2025-12-01T15:01:54.000Z,2,0,0,0,0.0,2,2.0,,
instagram,post,3778059971285031248,"Back in action tonight.

#Undecided #GTHong",https://www.instagram.com/p/DRuXYbgkRlQ/,,,neutral,2025-12-01T14:37:46.000Z,16,0,1,0,0.0,17,19.0,,
instagram,post,3777166609849573911,"#undecided #leavingorstay #underpass 
#monochrome #streetphotography #bw 
#cassino #italy",https://www.instagram.com/p/DRrMQT1jOIX/,,,neutral,2025-11-30T09:02:49.000Z,342,0,4,0,0.0,346,354.0,,
instagram,post,3776785161288395594,Little throwback💛🖤,https://www.instagram.com/p/DRp1hgLj6tK/,,,neutral,2025-11-29T20:24:57.000Z,206,0,22,0,0.0,228,272.0,,
instagram,post,3775417987214606811,"🇳🇱 The Netherlands reveals its entry for this season. RONDÉ will represent the country with the song “Undecided.”

The track brings a clear, modern sound and a steady energy, with RONDÉ’s style making Undecided a memorable and polished entry for the season.

HoD: @escxkiri 

#worldvision12 #netherlands #ronde #undecided",https://www.instagram.com/p/DRk-qgGjAHb/,,,neutral,2025-11-27T23:08:37.000Z,6,0,0,0,0.0,6,6.0,,
instagram,post,3775115726282507730,"I quite like the blue against the red this year. 
Question is, do I dare to put red on the tree? 
#Christmas #undecided",https://www.instagram.com/p/DRj58BrD0XS/,,,neutral,2025-11-27T13:08:06.000Z,3,0,1,0,0.0,4,6.0,,
instagram,post,3774448090611551977,"Em novembro, muita coisa começa a fazer sentido, inclusive seus próximos passos.

Explorar o mundo, aprender outro idioma, crescer de verdade… tudo começa com uma escolha.

Inicie seu processo agora e deixe seu futuro mais global.

#EstudarFora #Application #Faculdade #Universidade #DicaRápida #Preparação #Intercâmbio #Mentoria #Undecided #College",https://www.instagram.com/p/DRhiIpgDY7p/,,,neutral,2025-11-26T15:01:42.000Z,0,0,0,0,0.0,0,0.0,,
instagram,post,3774069146343188411,"It took me a while to get around to this post, but I think part of that is because I didn’t want to accept it. I think I was trying to save myself from the fact that I’ll never play another snap of high school football again, and that’s a hard pill to swallow. But the best thing about football ending is that now I get to look back and really see everything it’s done for me. It didn’t just teach me how to run fast or work hard but something deeper. It taught me how to be the person and the man I am today. Everything I did after that first offseason lift my freshman year was for football. A switch flipped in my head and ever since that moment everything I did was for the game. The workouts no one saw, the long nights of 7v7, the lifts I had to push through alone, moving schools, adapting to a new team and a new coaching staff, the countless sacrifices, all to chase something. But I couldn’t tell you what that something even was. I used to think it was a college offer, but after getting my first one, I still wasn’t satisfied. Maybe what I was chasing wasn’t a goal. Maybe it was the journey the whole time. And the good thing about that journey is that it didn’t end with that quarterfinal loss. The journey only ends when I say it does. I’ll see y’all at fall camp 😶‍🌫️ #undecided #uncommitted",https://www.instagram.com/p/DRgL-SJjCe7/,,,neutral,2025-11-26T02:28:43.000Z,310,0,35,0,0.0,345,415.0,,
instagram,post,3773263593367373943,"College is the perfect environment to figure yourself out, including what you want to study. If you're not sure about your major (or might be ready for a change), read this. #Undecided #Undeclared #EmbraceChange  #Uncertainty #GowthMindset #ConfidenceBuilding #KnowYourOptions #Advising #Advisor",https://www.instagram.com/p/DRdUz8ek4h3/,,,neutral,2025-11-24T23:48:28.000Z,0,0,0,0,0.0,0,0.0,,
instagram,post,3773158074711398179,Thank you CSU rams #officialvisit #undecided #gorams,https://www.instagram.com/p/DRc80ckkdcj/,,,neutral,2025-11-24T20:18:35.000Z,107,0,2,0,0.0,109,113.0,,
instagram,post,3773149620420374815,"I’m looking for a lap, there’s a lap available but I’m not sure about it so I’m just sitting here on the table and having a think. Do you feel like this sometimes, furriends? Maybe it’s a Monday thing….😺🐈‍⬛🐾💭
.
.
.
.
.
.
#mondaymood #mondays #onthetable #undecided #thinking
#longhairedcats #blackcatsofinstagram #smokecatsofinstagram #norwegianforestcat #norskskogkatt #skogkatt #wegie #chatnorvégien #gattonorvegese #zivathewegie #montyandziva #catsofinstagram #cornwall #kernow #catsofcornwall #teamcatmojo",https://www.instagram.com/p/DRc65a5jnEf/,,,neutral,2025-11-24T20:01:47.000Z,43,0,5,0,0.0,48,58.0,,
instagram,post,3773026288798997069,"College is the perfect environment to figure yourself out, including what you want to study. If you're not sure about your major (or might be ready for a change), read this. #Undecided #Undeclared #EmbraceChange  #Uncertainty #GowthMindset #ConfidenceBuilding #KnowYourOptions #Advising #Advisor",https://www.instagram.com/p/DRce2tYExpN/,,,neutral,2025-11-24T15:56:59.000Z,0,0,0,0,0.0,0,0.0,,
instagram,post,3772998302212943244,"Quando dedicação e autoconhecimento se unem, os caminhos se abrem.

Cristian conquistou sua vaga na University of Michigan e seguiu para entrevistas em Stanford, Wharton e Lauder.

Histórias como a dele inspiram porque provam que cada passo estratégico aproxima grandes sonhos da realidade.

#EstudarFora #Application #Faculdade #Universidade #DicaRápida #Preparação #Intercâmbio #Mentoria #Undecided #College",https://www.instagram.com/p/DRcYfc1je2M/,,,neutral,2025-11-24T15:01:19.000Z,4,0,0,0,0.0,4,4.0,,
instagram,post,3772378361155675492,"🩷 #seniorsunday
#undecided",https://www.instagram.com/p/DRaLiHvDeVk/,,,neutral,2025-11-23T18:29:26.000Z,5,0,0,0,0.0,5,5.0,,
instagram,post,3772294273698783043,I’m undecided on which vibe🔥 to drop FIRST before the whole tape.. HELP ME😒  Which song should i drop first❓❓ VOTE BELOW 👇🏾 #thr3tymez #it #thescorpion #explore #snippet #baltimoremusic #artist #viral #share #origami #evol #pickitup #melodic #fyp #undecided #linkinbio,https://www.instagram.com/p/DRZ4afMDl9D/,,,neutral,2025-11-23T15:42:22.000Z,25,0,17,0,0.0,42,76.0,,
instagram,post,3772065366202884411,"Magvevedioke n sana ako kaso mukhang uulan n mmn.. Ayan oh tambak ang labahan sa likuran ko, 😂kaya tigil muna ang kangangawa sa mic🤣 laba,o vedioke.. 
#weathernotgood #undecided",https://www.instagram.com/p/DRZEXceE6E7/,,,neutral,2025-11-23T08:07:34.000Z,0,0,0,0,0.0,0,0.0,,
instagram,post,3772064409943272587,"Parang gusto kong ibalik ang hair shade na 'to😅
#undecided",https://www.instagram.com/p/DRZEJh4j-yL/,,,neutral,2025-11-23T08:05:40.000Z,0,0,0,0,0.0,0,0.0,,
instagram,post,3771690835826767020,"Sat November 22nd 2025

It’s been months since I’ve posted anything here on IG.
Like some form of avoiding social media, I guess. 

I have spent my time working, but still crafting, painting, drawing, sewing and decorating, but have not taken a single pic on anything I’ve finished. 

This piece of work in the pic has not yet decided if it wants to become a mitten or a sock…🤭 but I don’t mind…maybe it’ll decide if I just keep on knitting…😂

#knittersgonnaknit #woolsocks #christmasgiftideas #woolmittens #strandedknitting #finnishwinter #knitting #undecided #knittersoftheworld #knitterofinstagram #finland",https://www.instagram.com/p/DRXvNT4DPSs/,,,neutral,2025-11-22T19:43:26.000Z,-1,0,3,0,0.0,2,8.0,,
instagram,post,3771615577631409502,"Little update, I am still alive! Hah! Just doing some gurlystuff with my hair color unt facemassssk. #wellibedamned #raging #undecided",https://www.instagram.com/p/DRXeGKODMVe/,,,neutral,2025-11-22T17:13:55.000Z,-1,0,0,0,0.0,-1,-1.0,,
instagram,post,3770810724046964299,Read the post at the link in my bio!,https://www.instagram.com/p/DRUnF_6DYZL/,,,neutral,2025-11-21T14:34:49.000Z,6,0,1,0,0.0,7,9.0,,
instagram,post,3770332417563854994,«schere stein papier und die spiele»,https://www.instagram.com/p/DRS6VuSCIiS/,,,neutral,2025-11-20T22:44:30.000Z,5,0,1,0,0.0,6,8.0,,
instagram,post,3770106180791040199,"Electricity bills have been climbing across the US, but the AI boom is making it worse. A lot worse. New data centers are popping up everywhere to handle ChatGPT, Gemini, and countless other AI tools. And here's the kicker: you're helping pay for them whether you use AI or not. In Columbus, Ohio, residential customers saw their bills jump by $27 a month this summer. Philadelphia went up $17. Washington D.C., $21. You may not be using more power, but utilities are building massive infrastructure for data centers and passing those costs onto you. How much is this AI blitz really costing us? And what can we actually do about it? 

Video link in the bio!

#ai #ainews #businessnews #chatgpt #datacenters #electricbill #electricalgrid #electricitybill #generativeai #headlines #news #openai #undecided #undecidedwithmattferrell",https://www.instagram.com/p/DRSG5i3jfjH/,,,neutral,2025-11-20T15:16:04.000Z,2,0,0,0,0.0,2,2.0,,
instagram,post,3769374409657149968,"Um dos segredos para economizar tempo (e nervos) é entender que muitas universidades perguntam coisas parecidas em seus essays.

Você não precisa começar do zero a cada aplicação: adapte seus textos com inteligência, ajustando o tom e a proposta de cada instituição.

Isso garante autenticidade sem perder eficiência.

#EstudarFora #Application #Faculdade #Universidade #DicaRápida #Preparação #Intercâmbio #Mentoria #Undecided #College",https://www.instagram.com/p/DRPgg35D-oQ/,,,neutral,2025-11-19T15:01:13.000Z,2,0,0,0,0.0,2,2.0,,
instagram,post,3768564389537327928,"🚨 Melbourne – It’s THIS SATURDAY! 🚨

The wait is over — THIS SATURDAY Australia’s rock pioneers The Masters Apprentices storm into Musicland Melbourne for their huge 60th Anniversary Show! 🎸🔥

See original 1960s members Mick Bower (guitarist & principal composer) and Brian Vaughton (drums) back on stage with Craig Holden, Bill Harrod, and Dan Matejcic, delivering that authentic, raw 60s garage-band energy that made them legends.

🎶 Live and loud – the classics:
Living in a Child’s Dream • Wars or Hands of Time • Undecided • Elevator Driver • Turn Up Your Radio • Because I Love You … and more!

✨ Tickets are almost gone. Entire sections have already sold out.

📍 Musicland Melbourne
📅 THIS SATURDAY — 22 November 2025
🕕 Doors 6PM | Show 8:30PM

👉 Grab your tickets now before they’re gone:
trybooking.com/events/landing/1322762

#TheMastersApprentices #60YearsOfRock #MusiclandMelbourne #BrianVaughton #MickBower #Undecided #LivingInAChildsDream #AussieRockLegends #TurnUpYourRadio #BecauseILoveYou #LiveMusicMelbourne @followers

Photo by Tash Bulyga -Photograph Adelaide",https://www.instagram.com/p/DRMoVh3jys4/,,,neutral,2025-11-18T12:11:45.000Z,15,0,1,0,0.0,16,18.0,,
instagram,post,3768378298418130130,"We know what we are, we know where we come from. We will be back. 

#Undecided #GTHong",https://www.instagram.com/p/DRL-BjAgOzS/,,,neutral,2025-11-18T06:02:01.000Z,27,0,0,0,0.0,27,27.0,,
instagram,post,3768171334892375397,"After an amazing call with Coach Andersen, I’m blessed to announce that I’ve received another offer to continue my academic and athletic journey at Midland University. I’m extremely grateful for this opportunity and excited for what’s ahead! #undecided #womeninflag",https://www.instagram.com/p/DRLO91NEc1l/,,,neutral,2025-11-17T23:10:49.000Z,111,0,24,0,0.0,135,183.0,,
instagram,post,3768163888249538982,"GT Hong shakes things up with 2 changes to the lineup as we hunt for our first win of the season.

#Undecided #GTHong",https://www.instagram.com/p/DRLNRd-kYmm/,,,neutral,2025-11-17T22:56:01.000Z,12,0,0,0,0.0,12,12.0,,
instagram,post,3767994656060694929,"A chance at redemption.

#Undecided #GTHong",https://www.instagram.com/p/DRKmy0OEWGR/,,,neutral,2025-11-17T17:19:47.000Z,14,0,0,0,0.0,14,14.0,,
instagram,post,3767956465966240173,Purdue? #undecided,https://www.instagram.com/p/DRKeHE7DdGt/,,,neutral,2025-11-17T16:03:55.000Z,246,0,4,0,0.0,250,258.0,,
instagram,post,3767943009363922003,"Go see the Arlington High School play Museum! ⭐️ Good luck 🍀 to Backyard Broadway sophomores Ella & Rowan in their two weekend production run! Good luck 🍀 to the cast, crew & production team! ⭐️ #actingcoaching #vocalcoaching #monologuecoaching #singactdance #triplethreattraining #vocaltechnique #collegeapplicationcounseling #collegeauditioncoach #collegeauditionprep #artisticmajors #actingmajors #vocalperformance #bfamusicaltheater #musicmajors #bamusicaltheater #filmmajors #artmajors #doublemajors #undecided #vocalcompetitions #topvocaltechniquestudioinboston",https://www.instagram.com/p/DRKbDQfDYxT/,,,neutral,2025-11-17T15:37:10.000Z,1,0,0,0,0.0,1,1.0,,
instagram,post,3767924702166487108,"Grandes resultados nascem de grandes intenções.

José Maria foi admitido na Kellogg School of Management, uma das escolas de negócios mais renomadas do mundo.

Uma conquista que simboliza foco, consistência e o poder de um planejamento bem estruturado.

#EstudarFora #Application #Faculdade #Universidade #DicaRápida #Preparação #Intercâmbio #Mentoria #Undecided #College",https://www.instagram.com/p/DRKW42lDZBE/,,,neutral,2025-11-17T15:00:53.000Z,3,0,0,0,0.0,3,3.0,,
instagram,post,3767828991487628905,I don't know what I'm feeling right now.. #undecided #learningprocess #againandagain,https://www.instagram.com/p/DRKBIFECdZp/,,,neutral,2025-11-17T11:50:38.000Z,4,0,1,0,0.0,5,7.0,,
instagram,post,3767265891445707240,"Not feeling 100% about myself. Atleast the waist is still small 🤷‍♂️ 

#lift #undecided #washedup #wannabe #bodybuilder #classicphisique",https://www.instagram.com/p/DRIBF5SERHo/,,,neutral,2025-11-16T17:11:52.000Z,43,0,0,0,0.0,43,43.0,,
instagram,post,3766904975453456790,#praying?#exhaustion?#undecided,https://www.instagram.com/p/DRGvB4EjgmW/,,,neutral,2025-11-16T05:14:47.000Z,2,0,0,0,0.0,2,2.0,,
instagram,post,3766019396323118469,Mae gurls😍 #jailsqd #undecided,https://www.instagram.com/p/DRDlrAPEg2F/,,,neutral,2025-11-14T23:55:18.000Z,-1,0,2,0,0.0,1,5.0,,
instagram,post,3765971192009427778,Forever by each others sides🫶🏽 #spammingyourfeed #undecided,https://www.instagram.com/p/DRDatieE4tC/,,,neutral,2025-11-14T22:19:31.000Z,-1,0,2,0,0.0,1,5.0,,
instagram,post,3768927467676584426,"𝐍𝐞𝐰 𝐝𝐞𝐬𝐢𝐠𝐧𝐬 𝐚𝐫𝐞 𝐧𝐨𝐰 𝐚𝐯𝐚𝐢𝐥𝐚𝐛𝐥𝐞 𝐭𝐨𝐝𝐚𝐲‼️

You may place your orders, and for those who made reservations, your items are ready for pickup just send us a DM.

Explore our latest collections and elevate your style with 𝗨𝗡𝗗𝗘𝗖𝗜𝗗𝗘𝗗

ORDER NOW‼️

#UNDCD #undecided #highlights #clothing",https://www.instagram.com/p/DRN65AvE0nq/,,,neutral,2025-11-19T00:13:07.000Z,15,0,1,0,0.0,16,18.0,,
instagram,post,3765962015493007746,🔊📸#fortheloveofmusic #undecided #fijiliving,https://www.instagram.com/p/DRDYoALEymC/,,,neutral,2025-11-14T22:01:18.000Z,-1,0,0,0,0.0,-1,-1.0,,
instagram,post,3765944001200643217,This bunch of idiots😚💕 #undecided #lovemygurls❤️,https://www.instagram.com/p/DRDUh3Dk9yR/,,,neutral,2025-11-14T21:25:30.000Z,-1,0,0,0,0.0,-1,-1.0,,
instagram,post,3765936725123391015,Never dull a moment with them😚💕#spammingyourfeed #undecided,https://www.instagram.com/p/DRDS3-rk94n/,,,neutral,2025-11-14T21:11:03.000Z,-1,0,0,0,0.0,-1,-1.0,,
instagram,post,3765429560939875534,"Kinahanglan naba ug putlan akong buhok ane👍
#undecided",https://www.instagram.com/p/DRBfjxOk4zO/,,,neutral,2025-11-14T04:23:25.000Z,0,0,0,0,0.0,0,0.0,,
instagram,post,3765041587978891703,"Thank you so much @csutrackfieldxc for an amazing offical visit!! It was so nice meeting the coaching staff and the team, have a great season 💛💚 #undecided",https://www.instagram.com/p/DRAHWBQDfG3/,,,neutral,2025-11-13T15:32:34.000Z,-1,0,15,0,0.0,14,44.0,,
instagram,post,3765040991129372983,"Thank you so much for the Official Visit @utahtrackxc ❤️🤍It was so nice meeting Rebecca and Dan and the team, Have a great season!! #undecided",https://www.instagram.com/p/DRAHNVZDQk3/,,,neutral,2025-11-13T15:31:23.000Z,-1,0,15,0,0.0,14,44.0,,
instagram,post,3764301059758781306,"As chances de aceitação no Early Decision são maiores. Mas cuidado: é uma decisão vinculativa, se aprovado, você precisa se matricular.

Por isso, não basta achar a universidade dos sonhos, é essencial alinhar expectativas com a família e ter segurança total na escolha.

Para quem tem certeza, pode ser uma grande vantagem. Para quem ainda tem dúvidas, pode virar um peso desnecessário.

#EstudarFora #Application #Faculdade #Universidade #DicaRápida #Preparação #Intercâmbio #Mentoria #Undecided #College",https://www.instagram.com/p/DQ9e96mjHN6/,,,neutral,2025-11-12T15:01:21.000Z,2,0,0,0,0.0,2,2.0,,
instagram,post,3763554048235724886,"What if every piece of plastic waste, like bottles, bags, even clothes, could be rebuilt from scratch, no sorting required? Not just melted and reshaped, but broken down to pure chemical building blocks and made new again. That's what a new wave of recycling tech promises. Northwestern University has built a catalyst that can zero in on a single type of plastic in mixed waste and break it down. No sorting, no problem. In South Korea, a 2,000°C hydrogen plasma torch is cracking mixed plastics in milliseconds, turning them into valuable building blocks for brand-new plastics. And in France, an enzymatic recycling plant is transforming previously unrecyclable polyester textiles back into virgin-quality plastic feedstock. We've been sold the recycling dream for decades, but the reality? Most plastic still ends up in landfills or the ocean. Could these breakthroughs finally turn recycling from marketing lie into working reality? 

Video link in the bio!

#climatechange #factory #news #paper #plastic #plasticrecycling #recycle #recycling #recyclingplant #recyclingplastic #reduce #reuse #science #undecided #undecidedwithmattferrell #waste",https://www.instagram.com/p/DQ61Hd6EuBW/,,,neutral,2025-11-11T14:18:09.000Z,19,0,2,0,0.0,21,25.0,,
instagram,post,3763027075319008731,I’d like to thank coach couch for the great experience I had this weekend at Alma College it was super welcoming and fun. I am thankful for this opportunity. The weight room was amazing and cool. The wrestling room was beautiful Everything had a home feeling to it. Is this the move GO SCOTS🏴󠁧󠁢󠁳󠁣󠁴󠁿🏴󠁧󠁢󠁳󠁣󠁴󠁿🏴󠁧󠁢󠁳󠁣󠁴󠁿#uncomited #undecided,https://www.instagram.com/p/DQ49TAIkQ3b/,,,neutral,2025-11-10T20:50:05.000Z,77,0,12,0,0.0,89,113.0,,
instagram,post,3762986162667963280,"prima o poi mi deciderò a decidere.

❗️DISPONIBILE ❗️
.
.
.
#teloscrivoio #teloscrivoiotattoo #tattoo #flashtattoos #minimalart #artgallery #arte #tatuaggio #parole #scrittoamano #scritturacreativa #finelinetattooartist #lettering #letteringtattoo #indecisione #testa #crazy #mood #undecided #roma #smalltattooideas #smalltattoo",https://www.instagram.com/p/DQ4z_pQiMOQ/,,,neutral,2025-11-10T19:28:48.000Z,3945,0,0,0,0.0,3945,3945.0,,
instagram,post,3762851661388548347,"Quando o propósito está claro, os resultados acompanham.

Felipe conquistou sua vaga no Executive MBA da Kenan-Flagler Business School, da 

Universidade da Carolina do Norte.

Um reconhecimento que reflete trajetória, preparo e a clareza de quem sabe aonde quer chegar.

#EstudarFora #Application #Faculdade #Universidade #DicaRápida #Preparação #Intercâmbio #Mentoria #Undecided #College",https://www.instagram.com/p/DQ4VaZLjYj7/,,,neutral,2025-11-10T15:01:41.000Z,0,0,0,0,0.0,0,0.0,,
instagram,post,3762495854427894032,"Senior year
.
Thanks to god for a good year and even greater opportunities
.
Big decision coming soon!
.
.
#undecided #halloween #senior",https://www.instagram.com/p/DQ3EguIDfEQ/,,,neutral,2025-11-10T03:14:39.000Z,119,0,8,0,0.0,127,143.0,,
instagram,post,3761551732804564559,#undecided,https://www.instagram.com/p/DQzt18WEjZP/,,,neutral,2025-11-08T19:58:51.000Z,-1,0,8,0,0.0,7,23.0,,
instagram,post,3761544955681331252,"Poison the well – Distance Only Makes The Heart Grow Fonder (1998)
CD, Undecided Records - UR017 (2001)

#poisonthewell #distanceonlymakestheheartgrowfonder
#undecided #undecidedrecords #metalcore #hardcore #sxe #straightedge #emocore #emo #screamo",https://www.instagram.com/p/DQzsTUqDFg0/,,,neutral,2025-11-08T19:45:23.000Z,19,0,0,0,0.0,19,19.0,,
instagram,post,3761446030152336806,Vase of wine and roses? 🌹 I just don’t about these. They are the shape I was aiming for but now I don’t know whether I like them. Maybe I should just chuck them in the reclaim bucket and go for something taller? Might sleep on it and decide tomorrow. 🤷 #theonlyglazeinthevillage #hobbypotter #pottery #undecided #vase,https://www.instagram.com/p/DQzVzxFCIWm/,,,neutral,2025-11-08T16:28:50.000Z,7,0,0,0,0.0,7,7.0,,
instagram,post,3760938720384591140,Had a great time at Mizzou this past weekend!! Go Tigers🐯!! #undecided,https://www.instagram.com/p/DQxidcCiSUk/,,,neutral,2025-11-07T23:40:54.000Z,450,0,18,0,0.0,468,504.0,,
instagram,post,3760823509211743383,"Persona Collection V2 

Early Access 3:30pm est

Public Access 4pm est

Details 
- Satin interior 
- Breathable 
- Perfect for all hair types 
- 150 pieces premade. 

#explore #explorepage #clothingbrand #streetfashion #zipup #hoodie #beanies #skullcap #clothing #clothingbrand #streetwear #satin #satinbeanie #satinskullcap #undecided #undecided4u #satinskullcap",https://www.instagram.com/p/DQxIQ5RgQSX/,,,neutral,2025-11-07T19:52:00.000Z,-1,0,85,0,0.0,84,254.0,,
instagram,post,3760185935427396539,"🚨UNCOMMITTED AND VERY UNDECIDED: This past Monday afternoon I received this email. I can’t believe it but the process of picking a college and talking to recruiting coaches has officially begun for me! I want to thank God for everything he has given me and the ability to do this sport. I plan to stay uncommitted for a while as I am not sure whether I want to stay in state or leave the state and I also want to explore more colleges. So very excited tho the dream is coming together I will hopefully be committed at the perfect college for me, before the end of my senior year! #uncommitted #undecided #throws #shotput",https://www.instagram.com/p/DQu3S-akeO7/,,,neutral,2025-11-06T22:45:15.000Z,-1,0,1,0,0.0,0,2.0,,
instagram,post,3759943438126207252,"You've heard the solid state battery story before. Toyota promised them by 2025. Samsung said they were just around the corner. QuantumScape's stock soared on promises of revolutionary batteries. And yet here we are, still driving cars with the same lithium-ion tech. And if the sliding deadlines weren't enough of a headache, the term solid state battery has become a marketing buzzword. But 2025 might actually look different. Companies aren't just filing patents anymore. They're opening factories. They're putting innovative new batteries in actual vehicles. Mercedes just drove 749 miles on a single charge with one. MG is taking pre-orders for a car with a semi-solid-state battery for under $15,000. So is this finally it? Are solid-state batteries finally here? Or are we just being sold another round of hype? 

Video link in the bio!

#batteries #battery #energystorage #mercedes #news #quantumscape #Samsung #science #semisolidstatebattery #solidstatebattery #solidstatebatterynews #solidstatebatterytechnology #Toyota #undecided #undecidedwithmattferrell #yoshino #yoshinobattery #yoshinosolidstatebattery",https://www.instagram.com/p/DQuAKLNEtEU/,,,neutral,2025-11-06T14:44:01.000Z,9,0,0,0,0.0,9,9.0,,
instagram,post,3759857710755049545,"For HS students, college students AND parents!!! Not sure about career paths, college majors, what to do after college or this summer?? 

From “I don’t know” to “let’s go!” In my upcoming Free webinar, I’ll take students and parents through my 5 step career design process, to learn about your wired, and how to use that awareness to ignite career possibilities that feel exciting, realistic, and make $$. I’ll go through picking college majors, and how to start taking small bite sized action now. 

Can’t make it live? Register! All registrants will get the webinar recording and materials. 

Share please!!
#collegestudent #highschoolsenior #rudderless #collegesuccess #collegesuccesscoach #collegeprocess #applyingtocollege #collegebound #collegefreshmen #undecided #internships #applyingforinternships #parentsofcollegestudents #parentsofcollegekids #parentsofcollegefreshmen #parentsofcollegeboundkids",https://www.instagram.com/p/DQtsqrXkXBJ/,,,neutral,2025-11-06T11:53:08.000Z,7,0,1,0,0.0,8,10.0,,
instagram,post,3759687310904562346,"Your morning outfit crisis ending soon 👀

Never be undecided again❌

#malta #undecided #app #junioracheivement #fashion #minicompany",https://www.instagram.com/p/DQtF7CJApKq/,,,neutral,2025-11-06T06:14:34.000Z,64,0,10,0,0.0,74,94.0,,
instagram,post,3759227752517130785,"Medyo hindi sila sure....

#BakaBurger #YataSupermarket
#Undecided #Unsure #Sikantots",https://www.instagram.com/p/DQrdblCktoh/,,,neutral,2025-11-05T15:01:31.000Z,3,0,0,0,0.0,3,3.0,,
instagram,post,3759134871307732390,"Naa ra ko dere, nag huna-huna ug ta man kung hatagan pa ba tika ug chance o dili na😊
#fblifestyle #undecided",https://www.instagram.com/p/DQrIT-rFMWm/,,,neutral,2025-11-05T11:56:59.000Z,0,0,0,0,0.0,0,0.0,,
instagram,post,3759026318969669480,"Undecided + Litta explore colour in a contemporary key: soft, vibrant tones that welcome, inspire, and define new atmospheres of comfort.#Manerba #Undecided #Litta #DesignCulture #ColorMoodCollections: Litta + UndecidedDesign: @raffaellamangiarotti and @ilkkasuppanen",https://www.instagram.com/p/DQqvoVbiAdo/,,,neutral,2025-11-05T08:21:18.000Z,20,0,0,0,0.0,20,20.0,,
instagram,post,3757293733004781062,"𝐭𝐡𝐢𝐬 𝐦𝐢𝐠𝐡𝐭 𝐛𝐞 𝐝𝐚 𝐞𝐧𝐝 𝐨𝐟 𝐭𝐡𝐞 𝐬𝐳𝐧 𝐛𝐮𝐭 𝐈’𝐦 𝐬𝐭𝐢𝐥𝐥 𝐦𝐚𝐫𝐜𝐡𝐢𝐧𝐠 𝐨𝐯𝐚 𝐝𝐞𝐬𝐞 🥷🏾
•
•
•
•
•
•
•
#2026",https://www.instagram.com/p/DQklr5AjSYG/,,,neutral,2025-11-02T22:58:58.000Z,198,0,70,0,0.0,268,408.0,,
instagram,post,3757220464520499881,#Nike #NikeAir #NikeAirJordan #NikeAirJordanOne #Homer #HomerSimpson #TheSimpsons #Undecided #Choices #TheShoeAuthority,https://www.instagram.com/p/DQkVBsakpKp/,,,neutral,2025-11-02T20:33:23.000Z,1,0,0,0,0.0,1,1.0,,
instagram,post,3755763188861168967,"Hardbody trx4 out for a crawl at home, still not sure if I want to keep it like this. Definitely not going the leaf spring route for it like I thought. Who knows how this chassis will end #fordf100 #mycrawlercourse #tricountyscalersguild  #undecided",https://www.instagram.com/p/DQfJrisju1H/,,,neutral,2025-10-31T20:18:03.000Z,8,0,0,0,0.0,8,8.0,,
instagram,post,3755718947988724204,"My New EP “The Midnight Burns Live at ShipHop” is OUT NOW on all streaming platforms! 🌒

4 standout tracks from my last album, Somewhere the Midnight Burns, reimagined live at Calgary’s legendary @shipandanchorpub during May 2025 @ship.hop , the city’s premier recurring hip-hop night! Recorded directly from the venue’s mixer and mastered by me at @3verseyyc 

Backed by members of @undecidedyyc @jcga.drums on drums 🥁 @sean.akira_ on guitar 🎸 & @orein2727 on bass 🎸 and featuring R&B/Neo-Soul singer @kindemusic on “Be the Same,” this ep captures that real underground energy, raw and unfiltered! Stream it up 🔥

🎃 Catch me performing LIVE tonight at Night of the Living Raps @palominosmokehouse 👻
Tickets in bio!

#outnow #liveep #shiphop #polosho #undecided #kinde #thefogofsound #yychiphopdaily #yycmusic #shipandanchor #liveband #neosoul #hiphop #yycartists #3rdversestudios #liftedones #yycevents #nightofthelivingraps #supportlocal",https://www.instagram.com/p/DQe_nwLElns/,,,neutral,2025-10-31T18:50:09.000Z,45,0,1,0,0.0,46,48.0,,
instagram,post,3755374263265256280,"Munimuni after work,thinking unsay maayum ayom sa kalag2..
#undecided",https://www.instagram.com/p/DQdxP7gkeNY/,,,neutral,2025-10-31T07:25:19.000Z,1,0,0,0,0.0,1,1.0,,
instagram,post,3755209615844483192,Honest answers only … Do I do this again for #halloween or should I switch it up?! #undecided #fypreelsシ゚viralシ,https://www.instagram.com/p/DQdLz_piqB4/,,,neutral,2025-10-31T01:58:12.000Z,306,0,25,0,0.0,331,381.0,,
instagram,post,3755053600360654838,"•30/10/2025•
Hallway refresh.

We have added a space to store shoes, coats and bags in the hallway🧥👞 I feel like it’s missing something?! 🤔

#hallway #hallwaystorage #ikeahack #herringboneflooring #blackandwhite #selfbuildinspo #shoestorage #coatstorage #newhome #foryou #undecided",https://www.instagram.com/p/DQcoVq6DGf2/,,,neutral,2025-10-30T20:48:13.000Z,35,0,3,0,0.0,38,44.0,,
instagram,post,3754347129923013357,What do we think of these carved pumpkins left with intent in nature off the Butler trail? #surprises #halloween #naturetrail #undecided,https://www.instagram.com/p/DQaHtLCkYrt/,,,neutral,2025-10-29T21:24:35.000Z,14,0,0,0,0.0,14,14.0,,
instagram,post,3754188101921966761,"🍁🍁FALL SPECIAL OFFER 🍁🍁

If your child falls into any of these categories, please call us today: 
1. Not enrolled 
2. Undecided 
3. Uncomfortable 
📱📱📱📲📲📲📞📞📞📞☎️☎️☎️
🚨🚨🚨🚨🚨🚨🚨🚨🚨🚨🚨🚨🚨
⚠️⚠️⚠️⚠️⚠️⚠️⚠️⚠️⚠️⚠️⚠️⚠️⚠️
#education #brilliantminds #NPCS #BrightFuture #undecided #uncomfortable #specialoffer",https://www.instagram.com/p/DQZjjArDoqp/,,,neutral,2025-10-29T16:08:38.000Z,0,0,0,0,0.0,0,0.0,,
instagram,post,3753652189625663062,"Preview of our updated “Persona” collection out 7/11/25
Sign up for our SMS list for 10% off (🔗 in bio) & Early Access. 

Details 
- Premium satin, perfect for all hair types
- Breathable, all day wear 
- 150 PCS Premade

#explore #explorepage #clothingbrand #streetfashion #zipup #hoodie #beanies #skullcap #clothing #clothingbrand #streetwear #satin #satinbeanie #satinskullcap #undecided #undecided4u #satinskullcap",https://www.instagram.com/p/DQXpsddAT5W/,,,neutral,2025-10-28T22:23:52.000Z,-1,0,74,0,0.0,73,221.0,,
instagram,post,3753531400633451230,"https://www.twitch.tv/disturbed2236

#ViewersChoice #WildCard #undecided",https://www.instagram.com/p/DQXOOv8CALe/,,,neutral,2025-10-28T18:23:53.000Z,1,0,0,0,0.0,1,1.0,,
instagram,post,3753331112744474112,"No more campus vibe check visits, this one was *official*! 💛🖤 Noah got the full College of Engineering POV & discovered just how cozy a double dorm room will be. (We think this will be made up for by the unlimited meal plan option & dining halls that have sushi available anytime!)

Next up: UIUC in three weeks!

#BricksAndBuilds #OnlyPurdue #STEAMEducation #FutureEngineer #Undecided #ClassOf2027",https://www.instagram.com/p/DQWgsLTjlYA/,,,neutral,2025-10-28T11:45:57.000Z,8,0,0,0,0.0,8,8.0,,
instagram,post,3752957128231986521,"Meet our newest members! 
Over the next few days, we’re introducing some really cool peeps that have decided to join The Comet Project— and we’re starting with Vince Parente! 💥

Hometown: Chicago, Illinois
Year: Freshman
Favorite color: Yellow 🌼
Major: #undecided 
Big believer that witches are actually chill 🧙‍♀️

Catch Vince and the rest of the team at our upcoming shows on November 7th & 8th! 💫",https://www.instagram.com/p/DQVLp_FiaVZ/,,,neutral,2025-10-27T23:22:54.000Z,43,0,6,0,0.0,49,61.0,,
instagram,post,3752704578711392333,"Planilha. Simples assim.

Centralizar prazos, documentos, notas de testes e status dos essays em um único lugar evita esquecimentos e retrabalho.

Pode parecer básico, mas essa é a ferramenta que separa quem vive o processo com tranquilidade de quem passa meses no caos.

#EstudarFora #Application #Faculdade #Universidade #DicaRápida #Preparação #Intercâmbio #Mentoria #Undecided #College",https://www.instagram.com/p/DQUSO6BExBN/,,,neutral,2025-10-27T15:01:15.000Z,2,0,0,0,0.0,2,2.0,,
instagram,post,3752400439116647415,"Official Visit #2- Ellie McCuskey-Hay-
University of Oregon photo shoot!
#marinwaves #undecided #goducks💚💛 #trackandfield",https://www.instagram.com/p/DQTNFF8kUv3/,,,neutral,2025-10-27T04:56:52.000Z,11,0,1,0,0.0,12,14.0,,
instagram,post,3752265355431608027,"What a great time! A Duck????
Ellie McCuskey-Hay of the Marin Waves Track Club @ Official Visit #2- Thank you University of Oregon Track & Field!
#marinwaves #goducks💚💛 #trackandfield #undecided #tracktownusa",https://www.instagram.com/p/DQSuXXdgX7b/,,,neutral,2025-10-27T00:28:28.000Z,5,0,0,0,0.0,5,5.0,,
instagram,post,3752243873331731859,"Day 2- Set 1 Official visit #2 Ellie McCuskey-Hay, University of Oregon
Thank you to coaches Curtis Taylor, Dr. Ola Adeniji,
Seth Henson, and the rest of the Oregon Track & Field Staff for a great visit in Eugene!
All of your hospitality and behind the scenes look at your program was greatly appreciated. 
#marinwaves #undecided #goducks💚💛",https://www.instagram.com/p/DQSpewskt2T/,,,neutral,2025-10-26T23:45:48.000Z,4,0,0,0,0.0,4,4.0,,
instagram,post,3757046082195879422,I’m not sure which of these paintings I like best. The second one I put in the banana trees in Procreate so I could see how it works before actually painting them in. What do you think? With or without? #samanthafreemandesign #pleinairpainting #theorangeshop #undecided #youropinionplease #floridaartist,https://www.instagram.com/p/DQjtYGODvX-/,,,neutral,2025-11-02T14:46:56.000Z,10,0,1,0,0.0,11,13.0,,
instagram,post,3752222581358525349,"Set 2- Day 1- Official visit #2 Ellie McCuskey-Hay, University of Oregon
Thank you to coaches Curtis Taylor, Dr. Ola Adeniji,
Seth Henson, and the rest of the Oregon Track & Field Staff for a great visit in Eugene!
All of your hospitality and behind the scenes look at your program was greatly appreciated. 
#marinwaves #undecided #goducks",https://www.instagram.com/p/DQSko7AEvul/,,,neutral,2025-10-26T23:03:29.000Z,16,0,0,0,0.0,16,16.0,,
instagram,post,3752220729824933899,"Set 1, Day 1- Official visit #2 Ellie McCuskey-Hay, University of Oregon
Thank you to coaches Curtis Taylor, Dr. Ola Adeniji,
Seth Henson, and the rest of the Oregon Track & Field Staff for a great visit in Eugene!
All of your hospitality and behind the scenes look at your program was greatly appreciated. 
#marinwaves #undecided #goducks",https://www.instagram.com/p/DQSkN-oEngL/,,,neutral,2025-10-26T22:59:49.000Z,3,0,0,0,0.0,3,3.0,,
instagram,post,3752216952744877284,Where does the time go? @_amalia.gonzalez 🥹📣 #gocoogs #bffforlife #uh #cheer #undecided,https://www.instagram.com/p/DQSjXA8jpzk/,,,neutral,2025-10-26T22:52:18.000Z,326,0,7,0,0.0,333,347.0,,
instagram,post,3751990168739906344,end of a chapter‼️,https://www.instagram.com/p/DQRvy34gAMo/,,,neutral,2025-10-26T15:21:44.000Z,140,0,32,0,0.0,172,236.0,,
instagram,post,3751916341289579093,"#laces #black or #grey ❓️

#Jordan4KAWS ✖️✖️ #KAWS ☠️ 
#jumpman #DecisionOfTheDay #undecided #sundaymood 🖤🩶 #sNEAKERhOLIC",https://www.instagram.com/p/DQRfAitjHJV/,,,neutral,2025-10-26T12:55:03.000Z,0,0,0,0,0.0,0,0.0,,
instagram,post,3750522946868588835,Penn State?? 🤍💙Thank you @coachrizzotf and @pennstatetfxc for the amazing official visit!! #undecided #wearepennstate💙,https://www.instagram.com/p/DQMiL_CDbEj/,,,neutral,2025-10-24T14:46:37.000Z,-1,0,43,0,0.0,42,128.0,,
instagram,post,3749080608535681990,"Estudar fora exige preparo consistente. TOEFL, SAT, ACT, essays… nada disso se resolve da noite para o dia.

O diferencial não é ser “gênio”, mas sim ter disciplina e constância.

Uma rotina de estudo organizada faz mais diferença do que talento puro.

#EstudarFora #Application #Faculdade #Universidade #DicaRápida #Preparação #Intercâmbio #Mentoria #Undecided #College",https://www.instagram.com/p/DQHaPMyExvG/,,,neutral,2025-10-22T15:01:04.000Z,1,0,0,0,0.0,1,1.0,,
instagram,post,3748443428594718515,"Vote YES on Prop 50 — and send slide 8 to your friends and family on Instagram! 🙂

What is Prop 50?

In Texas, Trump pushed lawmakers to redraw voting maps, giving Republicans five extra seats in Congress.

Prop 50 is California’s response — a TEMPORARY redistricting measure that will give Democrats five extra seats to restore the balance of power. CA's independent commission will be restored in 2031.

#prop50 #california #voteblue #vote #defeattrump #undecided",https://www.instagram.com/p/DQFJXAuCRcz/,,,neutral,2025-10-21T17:54:59.000Z,22,0,3,0,0.0,25,31.0,,
instagram,post,3748435531299346782,"We tried the NEW Gingerbread @pepsiuk and Gingerbread @doritosuk 

The #pepsi unsure if like it or not. It's sweet for being a zero pop and nice gingerbread taste, it isn't OMG AMAZING! but it does have a slight addiction tokeep you going back for more.

The #doritos are just 🤢 HORRID! we were weary when this was announced, but thought might go well with a chocolate dipping sauce NOPE! i would save your money and AVOID these.... not good!! 

#new #christmas #holidays #limitededition #2025 #pepsi #doritos #uk #gingerbread #different #sick #vile #notsure #ithinkwelikeit #undecided #addicted #unsure #gross #instagram #viral #decideforyourselfifyouwish #happyholidays #festive #crisps #chips #tortilla #soda",https://www.instagram.com/p/DQFHkFyjNle/,,,neutral,2025-10-21T17:39:18.000Z,4,0,1,0,0.0,5,7.0,,
instagram,post,3748303532408872332,"I’ve had my geothermal heat pump for the past two years now. It’s been helping me to reach my net zero energy goals in my new house. But getting it installed meant drilling a 400-foot-deep well in my backyard, running a cooling loop into the house through the foundation, and getting everything hooked up inside the house. It’s a little more complicated than your standard air source heat pump setup … and a lot more expensive, too. But was it worth it? I’ve learned a lot over the past two years, and I’ve collected a bunch of data, too. So what can you take away from my experience? And is there anything I’d change if I had it to do over again? Let’s dig into it. 

Video link in the bio!

#airconditioner #desuperheaterheatpump #geothermal #geothermalairconditioning #geothermaldrilling #geothermalenergy #geothermalheatpump #geothermalheating #groundsourceheatpump #heatpump #netzero #netzeroenergyhomes #undecided #undecidedwithmattferrell",https://www.instagram.com/p/DQEpjQPkp2M/,,,neutral,2025-10-21T13:18:06.000Z,40,0,2,0,0.0,42,46.0,,
instagram,post,3747933426956891373,"New music released last week by the @madhavenrocks boys. Do yourself a favour and show some love to a great new up and coming band from Northern Wales.

#newmusic #new #music #madhaven #undecided #northwales",https://www.instagram.com/p/DQDVZgrk_Tt/,,,neutral,2025-10-21T01:01:42.000Z,2,0,2,0,0.0,4,8.0,,
instagram,post,3747631088589209349,"Alguns resultados falam por si, e inspiram muitos outros.

O Sérgio compartilhou um feedback que nos enche de orgulho: foi aceito no MBA do INSEAD, em Singapura, uma das escolas mais competitivas do mundo.

Quando a jornada é bem construída, as portas certas se abrem.

#EstudarFora #Application #Faculdade #Universidade #DicaRápida #Preparação #Intercâmbio #Mentoria #Undecided #College",https://www.instagram.com/p/DQCQp6Ikf8F/,,,neutral,2025-10-20T15:01:06.000Z,4,0,0,0,0.0,4,4.0,,
instagram,post,3747134755625178496,People wanna be me cuz I make this shit look easy ‼️#undecided @imecasino,https://www.instagram.com/p/DQAfzUCjxWA/,,,neutral,2025-10-19T22:34:53.000Z,15,0,1,0,0.0,16,18.0,,
instagram,post,3746426136772283532,I’m actually thinking about it @raewhiteblue 👀🔥. #thinking #undecided #agtg✝️🙏🏽,https://www.instagram.com/p/DP9-rjTjQyM/,,,neutral,2025-10-18T23:06:59.000Z,-1,0,2,0,0.0,1,5.0,,
instagram,post,3746000290420799424,"Please share your experiences #undecided, just a little worried about moving up too quickly and experiencing side effects",https://www.instagram.com/p/DP8d2q_CrfA/,,,neutral,2025-10-18T09:00:55.000Z,44,0,19,0,0.0,63,101.0,,
instagram,post,3745956533378041640,"Future Bronco???? Ellie McCuskey-Hay
Thank you for a great official visit with Boise State University Track & Field including Coaches Mark Badowsky, Andrew Green, Pat McCurry, & Emma Wren.
A true first class experience!
#undecided #marinwaves #trackandfield #classof2026",https://www.instagram.com/p/DP8T57EDUco/,,,neutral,2025-10-18T07:33:58.000Z,16,0,0,0,0.0,16,16.0,,
instagram,post,3745139275492211083,"Thank You ATMAFEZT 2025! For the stage, for the crowd, and for the energy 🔥

📷 @karelljefferson royhanpandito @williamairland 

Special Thanks To @atmafezt @ucmj_uaj 

#UNDECIDED #LiveAtAtmafezt",https://www.instagram.com/p/DP5aFQWE7mL/,,,neutral,2025-10-17T04:30:14.000Z,204,0,0,0,0.0,204,204.0,,
instagram,post,3744995504330813685,"Nagduha duha, mouli ba ko or dili, murag kapoy man ibyaye pero lami i uli. 😁
missin home 🏠
#missinghome 
#undecided 
#fypchallenge 
#highlight",https://www.instagram.com/p/DP45ZHBErD1/,,,neutral,2025-10-16T23:44:35.000Z,0,0,0,0,0.0,0,0.0,,
instagram,post,3744582099358581969,"Undecided
#undecided 
#mytexturefix 
#jj_texture_oct25 
#jj_minimalism 
#abstractphotomagazine 
#hiyapapayaphotoaday 
#unsung_tiny_heroes
#raw_community_member 
#raw_minimal 
#tv_hiddenbeauty 
#exposeddc 
#art_accidentally 
#accidentalart 
#highartinlowplaces 
#minimal_perfection 
#addicted_to_details 
#hintology 
#cupoty
#photoconversa",https://www.instagram.com/p/DP3bZRojgTR/,,,neutral,2025-10-16T10:03:13.000Z,96,0,15,0,0.0,111,141.0,,
instagram,post,3744045755637278401,"Looking for a fun, reusable way to wrap gifts or create a spooky little boo bag?

Try one of the totes from my shop. They’re durable, made with 100% cotton handles, and the colors stay vibrant—even after plenty of use.

Cute, useful, and made to last. The art featured here is, “Undecided”.

Get it in my online gallery!

#undecided #thrivemodellc",https://www.instagram.com/p/DP1hccnkabB/,,,neutral,2025-10-15T16:18:26.000Z,10,0,0,0,0.0,10,10.0,,
instagram,post,3744007190639103214,"Muita gente só percebe tarde demais: sem uma boa pesquisa inicial, o risco de perder prazos e oportunidades é enorme.

Esse é o momento de mapear universidades, entender sistemas como Common App, UC e plataformas próprias, e listar os requisitos de cada uma.

Quem organiza essa etapa com atenção, economiza meses de trabalho depois.

#EstudarFora #Application #Faculdade #Universidade #DicaRápida #Preparação #Intercâmbio #Mentoria #Undecided #College",https://www.instagram.com/p/DP1YrQKjUzu/,,,neutral,2025-10-15T15:01:03.000Z,1,0,0,0,0.0,1,1.0,,
instagram,post,3743794689783788118,#verticals 🤔 #undecided With the unions getting involved maybe they will get better?,https://www.instagram.com/p/DP0oW9UjnJW/,,,neutral,2025-10-15T07:58:46.000Z,1,0,0,0,0.0,1,1.0,,
instagram,post,3743626122551729546,Took the Sectional championship tonight! SEE YALL AT STATE!! So proud of my team and the work we’ve put in. Entering state undefeated. So ready. 💪💪🏈#statebound #flagfootball #highschoolflag #undecided,https://www.instagram.com/p/DP0CB-2kZ2K/,,,neutral,2025-10-15T02:23:52.000Z,90,0,8,0,0.0,98,114.0,,
instagram,post,3743262602097991342,"#Politica|  Hoy Puede Ser
Lunes a Viernes 
de 10 a 13hrs

🏦#Política: La Argentina en bancarrota capitulo firma de memorándum de entendimiento con EEUU

📻nos visitó el Mgt. Alberto Martinez del Pezzo, docente UNdeC, Mgt en Cs. Sociales, Lic. en Cs. Políticas, con él analizamos los puntos más importantes a tener en cuenta de la visita de Milei a EEUU

🏦“La argentina está en bancarrota porque cada 6 meses necesita préstamos de millones. Las elecciones aceleraron todos los tiempos. se apuntaba al gobierno y el cambio de algunas figuras descuidadas o desgastadas. hay una gestión agotada que se nota a contraluz.""

🏦""Todo es muy volátil, se está armando todo sobre la marcha, EEUU también tiene sus problemas. La polarización entre republicanos y demócratas es altísima. el gobierno federal de EEUU estaría en bancarrota porque no se ha aprobado su financiamiento.""

📻Radio Universidad 104.1 
@radioundec1041 
  @hoypuedeser.radio 
📱3825606590

🌐streaming en vivo: www.undec.edu.ar/radio-undec-3

Diseño y Redacción: @tamaraormenolocucion 
 
#undecided",https://www.instagram.com/p/DPyvYEDDh6u/,,,neutral,2025-10-14T14:21:37.000Z,1,0,0,0,0.0,1,1.0,,
instagram,post,3743230100854923810,"We've been told for years that fast-charging kills batteries. But what if that rule is wrong? The Georgia Institute of Technology just found that the faster they charged a zinc-ion battery, the better it performed. A damaged battery even started healing itself. And another team has re-engineered the atomic twists that normally break a zinc-ion battery down… to make it stronger than ever. These aren't just lab curiosities. Zinc batteries can act as a safer, cheaper alternative to lithium for grid storage and home use. They can't catch fire. They're made from abundant materials. But they’ve had one fatal flaw that’s kept them from dethroning lithium: they don’t last long enough. So, how did scientists turn atomic jitters into resilience? How can fast-charging help a battery perform? And what does it mean for all of us? 

Video link in the bio!

#battery #batterytechnology #electronics #energystorage #lithium #lithiumionbattery #news #science #undecided #undecidedwithmattferrell #zincbattery #zincbatteryvslithiumion #zincionbattery",https://www.instagram.com/p/DPyn_G6AeIi/,,,neutral,2025-10-14T13:18:07.000Z,18,0,0,0,0.0,18,18.0,,
instagram,post,3742879202564748612,"Long night #Pingita almost there 4L80 stuffed in the Ttype first time i install one with the ears uncut might have to trim em not sure yet, getting close love this car wish it was mine 🗡️ 
Car owner - @reelelectric 
Builders - Me, @jcuztomz @gcsfabworks 🤙🏼",https://www.instagram.com/p/DPxYM3aEbVE/,,,neutral,2025-10-14T01:39:52.000Z,212,0,7,0,0.0,219,233.0,,
instagram,post,3742803783920193938,Lewis university #flyers #undecided #officalvisit,https://www.instagram.com/p/DPxHDYUjRGS/,,,neutral,2025-10-13T23:10:01.000Z,70,0,1,0,0.0,71,73.0,,
instagram,post,3742557658973841346,"Quando o propósito está claro, os resultados acompanham.

O Cristian compartilhou um feedback que enche nosso trabalho de orgulho: além de conquistar sua vaga em Michigan, ele também foi selecionada para entrevistas em Stanford, Wharton e Lauder.

Histórias como a dele mostram que planejamento, estratégia e autoconhecimento transformam caminhos.

#EstudarFora #Application #Faculdade #Universidade #DicaRápida #Preparação #Intercâmbio #Mentoria #Undecided #College",https://www.instagram.com/p/DPwPFymjafC/,,,neutral,2025-10-13T15:01:03.000Z,10,0,0,0,0.0,10,10.0,,
instagram,post,3741895618470990172,"Which one ? 🧐🤷‍♀️

Help choose my press shot? Im a Gemini - I can’t make decisions.. 

@elipoint 📸
@monimcmillenstyling 👗

#photoshoot #photoshoot📷 #style #help #undecided #clothes #pressshot #pics #photographer",https://www.instagram.com/p/DPt4j1VjdFc/,,,neutral,2025-10-12T17:05:39.000Z,40,0,19,0,0.0,59,97.0,,
instagram,post,3741009900936978310,"Still undecided ! Undecided what mods should i do next 😂 

#undecided #subie #subaru #wrx #subiegang #subienation",https://www.instagram.com/p/DPqvK8mkV-G/,,,neutral,2025-10-11T11:45:54.000Z,46,0,3,0,0.0,49,55.0,,
instagram,post,3740591158595524253,UNC #officalvisit #undecided,https://www.instagram.com/p/DPpP9caDZad/,,,neutral,2025-10-10T21:53:56.000Z,87,0,0,0,0.0,87,87.0,,
instagram,post,3739776876031142730,"I’m sat here on the table and Meowmy is offering a lap but there could be more patrolling to do until I’m ready for that. And I prefer the sofa/lap situation anyways. Ahh what to do, furriends!😹🐾🖤🐈‍⬛
.
.
.
.
.
.
#thursdsy #laptime #undecided #pawtrol
#longhairedcats #blackcatsofinstagram #smokecatsofinstagram #norwegianforestcat #norskskogkatt #skogkatt #wegie #chatnorvégien #gattonorvegese #zivathewegie #montyandziva #catsofinstagram #cornwall #kernow #catsofcornwall #teamcatmojo",https://www.instagram.com/p/DPmW0ErDmtK/,,,neutral,2025-10-09T18:56:06.000Z,45,0,5,0,0.0,50,60.0,,
instagram,post,3739116615607364249,"I’m undecided on which pic I should post of young Cb🥰 too cute so I just uploaded all of them 🙂‍↕️ @chrisbrownofficial 
#TeamBreezy #YoungBreezy #BREEZY
#CB #ChrisBrown #IndigoChild
#Undecided 💜🎈",https://www.instagram.com/p/DPkAsBPCaqZ/,,,neutral,2025-10-08T21:04:17.000Z,9200,0,175,0,0.0,9375,9725.0,,
instagram,post,3739011147224908190,Wise Wednesday. Undecided. 2025.,https://www.instagram.com/p/DPjotQJkQGe/,,,neutral,2025-10-08T17:34:44.000Z,3,0,3,0,0.0,6,12.0,,
instagram,post,3738995570191237347,"Undecided!! 😫
.
Do I go back full vibrant red or keep the black into red?
.
#undecided #selﬁe #haircolor #hairdye",https://www.instagram.com/p/DPjlKk6AgDj/,,,neutral,2025-10-08T17:03:47.000Z,-1,0,2,0,0.0,1,5.0,,
instagram,post,3738156695130541349,"This kite is generating energy from the wind. You’re probably thinking: “Neat, but don’t we already have an effective and reliable way to capture wind energy?” And yeah, wind turbines have been been big ol’ work horses for decades. But wind turbines are both physically and financially massive. Each one costs a minimum of hundreds thousand of dollars, and that’s before we take into account shipping, installation, and maintenance. Goofy as it might sound, airborne wind energy systems (AWES) like this kite could be a cheaper, more nimble alternative to the steel titans we’re used to. But are AWES really ready for takeoff, or are they grounded for good? 

Video link in the bio!

#climatechange #greenenergy #kitewindpower #Kitepower #Makani #news #renewableenergy #science #SkySails #sustainability #turbine #undecided #undecidedwithmattferrell #windenergy #windkite #windpower #windturbine",https://www.instagram.com/p/DPgmbVoAQ0l/,,,neutral,2025-10-07T13:18:09.000Z,17,0,1,0,0.0,18,20.0,,
instagram,post,3737853970175157099,"Lord,ikaw lang nakakaalam ng lahat-lahat ng nasa puso at isipan ko. Sana po lagi mo aq gabayan tungo sa ikabubuti ko kasama na lahat ng taong pinakahahalagahan ko.Maraming salamat🙏
#undecided #peaceofmind #signs",https://www.instagram.com/p/DPfhmHCkuNr/,,,neutral,2025-10-07T03:15:38.000Z,1,0,0,0,0.0,1,1.0,,
instagram,post,3737634581962180025,"Don’t know whether to close my eyes or drink this wine. But I do know that I survived a trip to @childrensphila with my 4 year old twins and 3 year old son! So yeah, I’m a little #undecided 🤣

Don’t tell them, but I had a lot of fun hanging with my @sstkids — I don’t know about them, but they  are officially my #BestiesForLife 😉🫶🏽🧩",https://www.instagram.com/p/DPevtl2EkW5/,,,neutral,2025-10-06T19:59:44.000Z,4,0,0,0,0.0,4,4.0,,
instagram,post,3737510274023348639,"𝙄𝙣𝙘𝙞𝙖𝙢𝙥𝙤 𝙣𝙚𝙞 𝙛𝙤𝙧𝙨𝙚,
𝙞𝙣 𝙖𝙩𝙩𝙚𝙨𝙖 𝙙𝙚𝙞 𝙥𝙚𝙧𝙘𝙝𝙚',
𝙥𝙚𝙧𝙙𝙚𝙣𝙙𝙤𝙢𝙞 𝙣𝙚𝙞 𝙦𝙪𝙖𝙣𝙙𝙤.
𝙋𝙚𝙧 𝙧𝙞𝙩𝙧𝙤𝙫𝙖𝙧𝙢𝙞 𝙣𝙚𝙡 𝙙𝙤𝙢𝙖𝙣𝙞 𝙙𝙚𝙞 𝙘𝙝𝙞𝙨𝙨𝙖' 𝙨𝙚...
(𝙎𝙪𝙨𝙖𝙣 𝙍𝙖𝙣𝙙𝙖𝙡𝙡)

Mai negato: mi tiro troppe paranoie. 🤷‍♀️ Inciampo nei forse, nei ma, nei non so. E come se non bastasse, sono  un’indecisa.
I se e i dubbi mi tengono compagnia. Ma non mi fermo. 
Perché nei domani dei chissà che 
ci ritroviamo tutti. 
Chi con più fatica, chi con meno.
E solo allora
scoprirò  cos'erano quei 𝘤𝘩𝘪𝘴𝘴𝘢' 𝘤𝘩𝘦/𝘴𝘦
che mi domandavo
a volte con speranza,
a volte con timore
Domani è  un altro giorno
e sicuramente
un altro 𝘤𝘩𝘪𝘴𝘴𝘢' 
sarà  lì  ad aspettarmi

#chissache #whoknowswhat #pensierisparsi  #maybe #forse #indecisa #undecided #esedomani #whatif #nonmifermo #idontstop #oltreildubbio #beyondthedoubt #paranoie #paranoia #dubbiamletici",https://www.instagram.com/p/DPeTcrDiNmf/,,,neutral,2025-10-06T15:52:46.000Z,119,0,31,0,0.0,150,212.0,,
instagram,post,3736971030402417337,"Too cautious to stay, too curious to go downstairs. #catlife #doorwaydrama #undecided #CatsOfInstagram #Cat #tabbycat #spottedtabby #Catstagram #CatLover #CuteCat #CatLove #FeralCat #LoveCats #HappyCat #Meow #InstaCat #Gatos #CatoftheDay #Catsofig #BestMeow #CatPerson",https://www.instagram.com/p/DPcY1pTD8K5/,,,neutral,2025-10-05T22:01:23.000Z,3,0,0,0,0.0,3,3.0,,
instagram,post,3736898088360386753,"To every high school student trying to figure out their major when applying to college, Just know—it’s completely okay to not fully know what you want to be yet. Your path is going to shift!

The truth is, most students change their major at least once. Sometimes all it takes is one class or a new experience to open your eyes to something you never considered before. College is meant to be a place of exploration.

I went into college thinking I wanted to be a stockbroker, studying International Business. I ended up graduating with a Management degree and a concentration in Human Resources. Something I never imagined. I didn’t know what a Human Resources person was until I took my first class. 

If you’re feeling stuck, here are 5 questions to help you start figuring things out:
#motivational #senior #collegemajors #undecided #sundaymotivation #collegestudent",https://www.instagram.com/p/DPcIQMujqDB/,,,neutral,2025-10-05T19:36:27.000Z,3,0,0,0,0.0,3,3.0,,
instagram,post,3736088011215019991,From the desk of #ChrisBrown •swipe• #HHUCIT,https://www.instagram.com/p/DPZQEBmER_X/,,,neutral,2025-10-04T16:46:59.000Z,-1,0,2,0,0.0,1,5.0,,
instagram,post,3735818346525703532,"Bd anecdote : Indécision familiale 

« Heureusement » y a souvent qu’une seule option végé au restau, c’est plus simple 🙄

J’espère que tout est bien lisible ✨

#BD #procreate #anecdotes #family #undecided #comicartist #drawing #brotherandsister #souvenirs",https://www.instagram.com/p/DPYSv4yDT1s/,,,neutral,2025-10-04T07:51:12.000Z,85,0,19,0,0.0,104,142.0,,
instagram,post,3735416377726304306,"272/365. Still can’t make my mind up about this septum piercing 🤷🏻‍♀️
#project365 #piercing #septumpiercing #septum #undecided",https://www.instagram.com/p/DPW3WeKjYAy/,,,neutral,2025-10-03T18:32:34.000Z,7,0,0,0,0.0,7,7.0,,
instagram,post,3734573473239736673,Late post but… #officialvisit #undecided #utes,https://www.instagram.com/p/DPT3smMDSFh/,,,neutral,2025-10-02T14:37:52.000Z,121,0,6,0,0.0,127,139.0,,
instagram,post,3733860096410445012,"Provas, essays, prazos, histórico escolar… tudo isso é importante. Mas o que realmente evita atrasos, esquecimentos e retrabalho é simples: organização!

Use uma planilha como sua aliada principal. Centralize nela todas as informações: requisitos de cada universidade, status dos documentos, notas e deadlines.

Essa é a ferramenta que garante que você chegue até o fim do processo sem perder nada pelo caminho.

#EstudarFora #Application #Faculdade #Universidade #DicaRápida #Preparação #Intercâmbio #Mentoria #Undecided #College",https://www.instagram.com/p/DPRVfmPjOTU/,,,neutral,2025-10-01T15:00:35.000Z,5,0,0,0,0.0,5,5.0,,
instagram,post,3733435756435156002,welcome to da farm‼️,https://www.instagram.com/p/DPP1Ao2Dywi/,,,neutral,2025-10-01T00:57:25.000Z,437,0,128,0,0.0,565,821.0,,
instagram,post,3733083280153628081,"Aetherflux is ditching massive solar farms for single satellites closer to Earth for space solar power. They plan to use high-powered lasers to beam energy to small, mobile receivers. If this tech reaches lift-off, it could one day deliver power where infrastructure doesn’t exist … from disaster zones to military bases. Could this be the special use case that finally launches space-based solar power? And if this approach works, could it eventually make orbital energy cheap enough for the rest of us? 

Video link in the bio!

#bestsolarpanels #energy #experiments #foreversolarpower #news #photovoltaicsolarpanels #renewableenergy #science #solar #solarpanels #solarpower #solarpv #spacesolarpower #spacesolarpowerproject #spacebasedsolarpower #sbsp #undecided #undecidedwithmattferrell",https://www.instagram.com/p/DPOk3bugc2x/,,,neutral,2025-09-30T13:18:11.000Z,12,0,1,0,0.0,13,15.0,,
instagram,post,3732697350633471224,"Last week was rainy except when the sun rose on Friday lol

Also exam week for me 😣.

Thankfully I passed. Although I am worried about my one exam I took today 😢.

But oh well, I can’t worry about every single thing and stress my self out. Need a break sometimes.

#study #unilife #interns #examweek #fyp #sophmoreyear #undecided",https://www.instagram.com/p/DPNNHa2jLz4/,,,neutral,2025-09-30T00:30:21.000Z,0,0,0,0,0.0,0,0.0,,
instagram,post,3732410635561932310,"Esses termos podem parecer confusos no início, mas fazem toda a diferença:

- Early Decision (ED): 1º de novembro: vinculativo, exige certeza absoluta da sua escolha.

- Early Action (EA): 1º de novembro antecipado, mas não vinculativo.

- Regular Decision (RD): 1º de janeiro: o prazo padrão, com mais tempo de preparação.

Saber qual caminho seguir é parte essencial da sua estratégia de aplicação!

#EstudarFora #Application #Faculdade #Universidade #DicaRápida #Preparação #Intercâmbio #Mentoria #Undecided #College",https://www.instagram.com/p/DPML7KojxYW/,,,neutral,2025-09-29T15:00:45.000Z,5,0,0,0,0.0,5,5.0,,
instagram,post,3731800706156983401,"My lil derpy Pikachu in Charizard costume drawing & cute sketch that idk if I'm gonna color at all...✎
#drawings #pokemon #autumnvibes #undecided",https://www.instagram.com/p/DPKBPhnCfRp/,,,neutral,2025-09-28T18:48:52.000Z,1,0,0,0,0.0,1,1.0,,
instagram,post,3731683325153812479,"🎃 HALLOWEEN PARTY! 👻
Am 31.10. von 18–24 Uhr öffnen wir die Tore des Cosmos' zur Unterwelt in der Schützenstraße 1A, 96450 Coburg!

undecided präsentiert:

⚡ @deadunitedband
⚡ @alles.ausser.leise.official
⚡ DJ @tribehaus09

Dich erwarten:
🍹 gruselige Cocktails
🩸 blutiges & veganes Essen
🎭 Kostümwettbewerb mit Freigetränk für verkleidete Seelen

Eintritt auf Spendenbasis (8–10€) – aber deine Seele zahlst du trotzdem 🦇

👉 Also: Kostüm an, Freund*innen einpacken & mit uns die Nacht zum Beben bringen!

#halloweenparty #coburg #undecided #punk #metal #hardcore #techno #kostümwettbewerb #supportyourlocalscene #musicevent #punkrock #deathmetal #halloween #co5mo5coburg #cosmoscoburg #undecidedcoburg #undecided",https://www.instagram.com/p/DPJmjaCCp__/,,,neutral,2025-09-28T14:55:39.000Z,56,0,1,0,0.0,57,59.0,,
instagram,post,3731469002444210155,"Matcha.

Do we actually like it? 

Still undecided over here or if I am just drinking grass and something mildly better than coffee for us ;) 

On my 2025 list of life conundrums! Amongst other things 🤣 

#matcha #matchagreentea #undecided #guthealth #tashhatherall #midlife #coolkidsclub #coolkids",https://www.instagram.com/p/DPI10mdEX_r/,,,neutral,2025-09-28T07:49:50.000Z,48,0,17,0,0.0,65,99.0,,
instagram,post,3731074341976303039,NJ 🐯? #undecided @snapxevents @princetonwrestling,https://www.instagram.com/p/DPHcFiQEmW_/,,,neutral,2025-09-27T18:45:43.000Z,222,0,12,0,0.0,234,258.0,,
instagram,post,3730336231168570942,I am not sure how I feel about this taste…. 🤔 Anyone try this?  #notterrible #pumpkineverything #cottagecheese #undecided #hmm,https://www.instagram.com/p/DPE0Qm_knY-/,,,neutral,2025-09-26T18:19:13.000Z,0,0,0,0,0.0,0,0.0,,
instagram,post,3730190111767134549,"We’ve been anxiously waiting on letters, and this is one of her top choices… and she did it!! 🎉 Our girl has been officially accepted into The University of Mississippi! 💙❤️ We couldn’t be more proud of her hard work and determination. #hottytoddy❤️💙 
 *Still waiting on a few more but we couldn’t contain our excitement!! #undecided",https://www.instagram.com/p/DPETCSsjgFV/,,,neutral,2025-09-26T13:28:54.000Z,37,0,2,0,0.0,39,43.0,,
instagram,post,3737593416168671354,#ChrisBrown brought out #Glorilla and #BowWow •swipe• #HHUCIT,https://www.instagram.com/p/DPemWjNkoh6/,,,neutral,2025-10-06T18:37:57.000Z,-1,0,1,0,0.0,0,2.0,,
instagram,post,3730302540396241530,#goose #undecided,https://www.instagram.com/p/DPEsmWBDiJ6/,,,neutral,2025-09-26T17:12:17.000Z,5,0,0,0,0.0,5,5.0,,
instagram,post,3730245786111382455,Major: UNDECIDED #undecided #majoringintheminors #minorleague #majorleagues #psychology #studious #students #film #art,https://www.instagram.com/p/DPEfsdeERO3/,,,neutral,2025-09-26T15:19:31.000Z,11,0,0,0,0.0,11,11.0,,
instagram,post,3729910622088715296,#soccer #recruitment #recruitme #collegesoccer #ecnl #ncaa #undecided,https://www.instagram.com/p/DPDTfLpjdwg/,,,neutral,2025-09-26T04:13:37.000Z,50,0,3,0,0.0,53,59.0,,
instagram,post,3729751344056967353,Go Lumberjacks!! 💛💙 Thank you so much @coachernieclark and @nautrackfieldxc for my first official visit!! #undecided #northernarizonauniversity,https://www.instagram.com/p/DPCvRYbDSC5/,,,neutral,2025-09-25T22:57:09.000Z,-1,0,14,0,0.0,13,41.0,,
instagram,post,3728786905996673186,"Se tem um segredo para aplicar para universidades no exterior, ele pode ser resumido em uma palavra: planejamento.

Recomendo, no mínimo, dois anos de antecedência para se preparar com tranquilidade.

Esse tempo garante espaço para estudar para os exames, organizar a documentação, construir seu perfil e escrever essays consistentes.

#EstudarFora #Application #Faculdade #Universidade #DicaRápida #Preparação #Intercâmbio #Mentoria #Undecided #College",https://www.instagram.com/p/DO_T-9fD0Ci/,,,neutral,2025-09-24T15:01:03.000Z,1,0,0,0,0.0,1,1.0,,
instagram,post,3728354896761744083,"Magbibilag ng palay o magbuburas ng mais😅
#undecided",https://www.instagram.com/p/DO9xwZiEmrT/,,,neutral,2025-09-24T00:42:40.000Z,1,0,2,0,0.0,3,7.0,,
instagram,post,3728085733081659032,"Step by step
#pidgeon #undecided #pawprint #sand",https://www.instagram.com/p/DO80jjUiLaY/,,,neutral,2025-09-23T15:47:53.000Z,5,0,1,0,0.0,6,8.0,,
instagram,post,3728031518691619435,"Starting your college journey undeclared? That’s totally okay! College Raptor’s got tips to help you find your path, choose the right gen eds, and land a major you’ll love. It’s all about the journey, and we’re here to guide you every step of the way!

#CollegeRaptor #Undecided",https://www.instagram.com/p/DO8oOoPEvJr/,,,neutral,2025-09-23T14:00:14.000Z,2,0,0,0,0.0,2,2.0,,
instagram,post,3728009809509874630,"Why are the world's most efficient solar panels learning to sweat? Solar panels hate being hot. For every single degree the temperature rises, panels lose up to half a percent of their solar efficiency. That can mean an 18% performance drop! But scientists have figured it out how to make solar panels that can effectively sweat using hydrogels, and the results are staggering. One application of hydrogel allows for both efficiency boosts and extended lifespans, no moving parts required. How is this possible? And is this breakthrough ready for your rooftop?

Video link in the bio!

#coolinggel #hydrogel #renewableenergy #science #solar #solarcells #solarenergy #solarpanelefficiency #solarpanellifespan #solarpanels #solarpower #undecided #undecidedwithmattferrell",https://www.instagram.com/p/DO8jSt_AfvG/,,,neutral,2025-09-23T13:17:36.000Z,8,0,0,0,0.0,8,8.0,,
instagram,post,3727706331005431015,"😑 Things men say when in congress and running for congress. 😵‍💫 🫠 i present to you Republican Congressman Randy Fine and his only opposition Democrat Mark Davis. 

I am genuinely so over patriarchy. Why do they get to get away with saying such things? Proudly? Publicly? With a smile on their face. 

Thank you Jenn x Art for calling him out and saving me from wasting my time and energy volunteering for him. @jennxer.art 

Are there any good women in Brevard county willing to run for congress? 

I’m looking for 2 women to run that I promise to help campaign for. I need a volunteer to get Green Party on the ballot. Just to raise awareness on the name and another candidate who has Green Party values but is willing to take the Dem party affiliation. 

The republican and democrat here aren’t taking this position seriously and Brevard county in Florida deserves better than this. @greenpartyus @thegeneralstrikeus @generalstrikeusflorida @floridapalestinenetwork @50501movement @50501florida 
.
.
.
.
.
#randyfine #republican #markdavis #democrat #brevardcounty #florida #congress #conservative #liberal #greenparty #independent #progressive #socialist #ecosocialist #socialstudies #history #independent #undecided #usa",https://www.instagram.com/p/DO7eShmjazn/,,,neutral,2025-09-23T03:14:05.000Z,53,0,13,0,0.0,66,92.0,,
instagram,post,3727604435238683556,"Brown or Block ? 😮‍💨

#haircolor 
#undecided 
#fypシ゚",https://www.instagram.com/p/DO7HHvxkoOk/,,,neutral,2025-09-22T23:51:38.000Z,1,0,0,0,0.0,1,1.0,,
instagram,post,3727602775116019043,"At HPU, we partner with students to help them discover an academic pursuit they are passionate about. We call this process Project Discovery. 📚

Each of the eight “Light Bulb” moments of Project Discovery serves as their guide to uncovering their academic passion.💡

Nearly half of all college students nationally change their major and many enter college not knowing what they want to major in. 

#ProjectDiscovery #HighPointUniversity #Undeclared #Undecided",https://www.instagram.com/p/DO7GvlqjPVj/,,,neutral,2025-09-22T23:48:20.000Z,109,0,0,0,0.0,109,109.0,,
instagram,post,3727586815084632670,Put your hands together for Undecided. They will be performing at Bear Wallow Marketplace on. Ocotber 4th from 11 am - 1 pm! #Undecided #musicians #localtalent #singing #marketplace,https://www.instagram.com/p/DO7DHVujJpe/,,,neutral,2025-09-22T23:16:38.000Z,0,0,0,0,0.0,0,0.0,,
instagram,post,3727337139710359176,"Antes de pensar em provas, essays ou universidades, existe uma pergunta fundamental: por que você quer estudar fora?

Definir seus objetivos é o ponto de partida para traçar um plano estratégico que faça sentido para a sua vida e para a sua carreira.

Quanto mais clara for a sua motivação, mais fácil será escolher onde aplicar e como se organizar!

#EstudarFora #Application #Faculdade #Universidade #DicaRápida #Preparação #Intercâmbio #Mentoria #Undecided #College",https://www.instagram.com/p/DO6KWFajnaI/,,,neutral,2025-09-22T15:00:38.000Z,1,0,0,0,0.0,1,1.0,,
instagram,post,3727072403127037723,"#yarnfriendsrock prompt: It seemed like a good idea... 
.
Three years ago, I started this blanket, but it's stalled in my WIP pile. The pattern by @hooked_on_sunshine is lovely, and the colors are great, but the cotton yarn's too heavy. Now I'm undecided - finish or frog? Let me know in the poll
.
Thanks to hosts @sewing_the_seeds_of_love @brightbag @unicornpuffsandrainbows 
.
.
.
#undecided #regretsandmistakes #finishorfrog #crochet #crochetwips #wips #whatshouldido",https://www.instagram.com/p/DO5OJqQjG8b/,,,neutral,2025-09-22T06:14:35.000Z,-1,0,25,0,0.0,24,74.0,,
instagram,post,3726604219706074347,"#ChrisBrown and #Tyga performing at #allegiantstadium in #LasVegas for night 2 September 20,2025 of #BreezyBowlXX  #BreezyBowl #BreezyTour #chrisbreezy #viral #explorepage #likes #legend #rnb #fanpage #chrisbrown #indigo #royalty #teambreezy #breezy #indigochild #blackpyramid #chrisbrownofficial #chrisbreezy #cbreezy #ohb #royaltybrown #undecided #heartbreakonafullmoon #music #liveconcert",https://www.instagram.com/p/DO3jsseDWTr/,,,neutral,2025-09-21T14:44:23.000Z,14,0,0,0,0.0,14,14.0,,
instagram,post,3725867586048358975,Yesterday’s tally from my poll. I’m leaning towards B because I like the negative space the small orange circle creates showing more of the blue background. #undecided #fmddesigns #artworkinprogress,https://www.instagram.com/p/DO08NQ6jfo_/,,,neutral,2025-09-20T14:20:49.000Z,34,0,5,0,0.0,39,49.0,,
instagram,post,3725348094637609523,"It took me so much longer to get this over with, took an exam and went back to study 

I had to choose what version(s) to post, I ended up with these two

The first one is how I edited it later, to try and add contrast, people seemed to really like that one! But I also really really liked the original with low contrast, so I’m sneaking that one into it as well!!

I wanted to practice the lighting, I don’t think I was able to pull this off best, but you sure have to start somewhere, and overall I’d say not bad not bad

#undecided #digitalartist #procreateillustration #forest #contrast #lighttest",https://www.instagram.com/p/DOzGFq1jZIz/,,,neutral,2025-09-19T21:08:41.000Z,18,0,4,0,0.0,22,30.0,,
instagram,post,3724609341506211138,"Visited TSTC today. Looking into their surgical program! Still undecided. I have options. UTA, MCC & TSTC…
#CollegeSearching #BSNToRN #SurgicalTechnologistAssociates #Undecided",https://www.instagram.com/p/DOweHZXlE1C/,,,neutral,2025-09-18T20:40:55.000Z,0,0,0,0,0.0,0,0.0,,
instagram,post,3723230865870987862,Double or single rows of petals? #undecided #marketprephelp #marketprep #marketmakes,https://www.instagram.com/p/DOrkr75AqJW/,,,neutral,2025-09-16T23:02:08.000Z,6,0,2,0,0.0,8,12.0,,
instagram,post,3722620069705715640,"All I wanted was something normal to drink… what would you choose? Usually I enjoy trying new things but this was crazy. I ended up leaving and going to find myself a diet pepsi! However, I shall return one day when I am feeling braver and have more time to decide! #softdrink #thirsty #downtownstpete #florida_greatshots #whatwouldyouchoose #whatwouldyoupick #undecided #howtodecide #toomanychoices #toomanyflavors #downtown #rocketfizz #wheresthecoke #whacky #wierdflavorsarethebest",https://www.instagram.com/p/DOpZzrojI-4/,,,neutral,2025-09-16T02:48:35.000Z,2,0,0,0,0.0,2,2.0,,
instagram,post,3722408855067269406,"Durante il pranzo di domenica, nell'ambito del motoraduno, esibizione della cover band Contatto Musicale!

#MotoradunoGaggiano #BirreViveSulNaviglio #BeerinbaEventi #MotoClubGaggiano #Undecided #StreetFood #BirraArtigianale #Gaggiano2025",https://www.instagram.com/p/DOopyGrDZke/,,,neutral,2025-09-15T19:48:56.000Z,3,0,0,0,0.0,3,3.0,,
instagram,post,3722251623587425528,"Day 94 of Life Unfiltered - please help us decide 🙃  

So I did a post a while back about the kind of wedding we wanted because honestly, I was so torn. After a big heart-to-heart, we’ve decided we want the full traditional wedding day experience. Cue the venue hunt... and after visiting seven places, we’ve narrowed it down to two. 

One venue completely stole our hearts. It ticks every box and we fell in love with it instantly. The other is also gorgeous and ticks most of our boxes and it’s not as expensive. 

Here’s the dilemma:  
The venue we love is further away for our families, has no on-site parking, and most photo spots are outdoors (so we’re praying for good weather but it is Scotland...). It includes stunning accommodation for both bridal and groom parties the night before, with separate sleeping areas so we won’t see each other before the ceremony. It’s popular, hard to book, and honestly feels special. 

The second venue is closer for everyone, has more indoor photo options, and the staff are lovely. But the main room has pillars I find annoying, the gardens overlook a residential area, and it’s right off a busy road with no gate. It doesn’t offer pre-wedding accommodation, but it would save us a good chunk of money we could put toward the honeymoon. 

Both are beautiful. Both are expensive. We just don’t want to have any regrets. 

How did you decide between venues when you were torn? Would love to hear your thoughts 

#weddingplanning #weddingvenue #undecided #needadvice #adviceneeded #blog #blogpost #lifeunfiltered",https://www.instagram.com/p/DOoGCFcjKz4/,,,neutral,2025-09-15T14:36:33.000Z,30,0,1,0,0.0,31,33.0,,
instagram,post,3722139649419673393,"🏍️🍻 10° Motoraduno – Memorial Umberto Ubaldani
📍 Gaggiano (MI) – Domenica 21 settembre 2025

Una giornata speciale vi aspetta a Gaggiano in occasione della decima edizione del Motoraduno, che anche quest’anno si lega alla festa Birre Vive sul Naviglio!
👉 Per tutti i partecipanti, un buono sconto da utilizzare presso gli stand Beerinba!
E a pranzo grande musica live con gli Undecided! 
Un mix perfetto di motori, birra artigianale, street food e musica dal vivo! 🔥
Non mancare!

#MotoradunoGaggiano #BirreViveSulNaviglio #BeerinbaEventi #MotoClubGaggiano #Undecided #StreetFood #BirraArtigianale #Gaggiano2025",https://www.instagram.com/p/DOnskpYDn8x/,,,neutral,2025-09-15T10:54:05.000Z,10,0,0,0,0.0,10,10.0,,
instagram,post,3721728476203055951,"Indiana 🦬⁉️
#undecided",https://www.instagram.com/p/DOmPFSeiftP/,,,neutral,2025-09-14T21:17:09.000Z,254,0,12,0,0.0,266,290.0,,
instagram,post,3721506743768630073,"Tiny Mini Project – Test Snotling 😛🐸

Today it’s another tiny miniature – I wanted to see how far I can shrink things down and tried my hand at a snotling.
It’s hard to see in the pictures, but this little dude is actually sticking out his tongue 🤪

Recently I also discovered a snotling warband codext and honestly, it’s hilarious. Their special rule is that after calculating your warband rating, you divide it by 2. 😂 Combine that with a maximum warband size of 30 models and you get pure chaos.😏

I think a snotling (or goblin) warband would be a fun contrast to my other forces – instead of elite fighters, I’d finally have a horde of bad but very expendable little guys. Plus, they can actually use shooting skills, which none of my other warbands (Cult, Sisters, Undead) ever had a chance to explore. 
Plus, they wouldn’t be nearly as serious as the rest of my bands, which sounds like a fun change of pace.

Now I’m torn: go for a cheeky goblin mob or dare to tackle a whole snotling horde? 🙃

#Poorheim #Mordheim #snotling #goblin #planningahead #mordheimwarband #undecided #Sculpting #DIY #WIP #Miniatures #MiniatureSculpting #custom #diyminiatures #Fantasy #Grimdark #handmade #Oldhammer #Warhammer #Wargaming #PolymerClay #Mordheim2025",https://www.instagram.com/p/DOlcqqDjMM5/,,,neutral,2025-09-14T13:56:36.000Z,182,0,16,0,0.0,198,230.0,,
instagram,post,3725068946333313532,"Only 5 pieces left before we’re officially SOLD OUT! 🔥 

Once sold out → new designs drop next week, so stay tuned! 👀🔥

#undecided #clothing #shirt #business",https://www.instagram.com/p/DOyGnhuCSn8/,,,neutral,2025-09-19T11:54:04.000Z,10,0,0,0,0.0,10,10.0,,
instagram,post,3721235404612783597,"go hawks? 💛🖤 #undecided #official

Thank you so much @iowaxctf for such an amazing official visit!! GO HAWKEYES!!",https://www.instagram.com/p/DOke-JxjU3t/,,,neutral,2025-09-14T04:57:30.000Z,367,0,16,0,0.0,383,415.0,,
instagram,post,3720964397612208885,"Sometimes I would like to be a Kangaroo 🦘 or a Rabbit 🐇
#kangaroo #rabbit #malinois #undecided",https://www.instagram.com/p/DOjhWe1jRL1/,,,neutral,2025-09-13T19:59:04.000Z,13,0,0,0,0.0,13,13.0,,
instagram,post,3720849041585715001,"Why am I like this 😭😭😭😭

👉🏻 @mommydaydrinks 

.
.
.
.

#whyamilikethis #ithurts #itbelikethat #bruhmemes #chuckydoll #chuckymemes #undecided #cantdecide #noshameinmygame #sorrynotsorry😂 #drivethrough #drivethru #orderingfood #idontknowwhatimdoing",https://www.instagram.com/p/DOjHH1Kkbc5/,,,neutral,2025-09-13T16:09:52.000Z,-1,0,0,0,0.0,-1,-1.0,,
instagram,post,3720591269879189891,"Im finding it harder to ignore the signs.

💫So…  I am reaching out to a newly discovered path. 

Honestly I’m curious to see if it’s feasible to come back in a new way. Perhaps it will just be the motivation I need to return in any aspect!? I know you all would support me if I did. And I love you for that. 

💬 Have you ever felt like you were being called back into something you love but stopped doing… Did you answer that call?

*I will have no regrets no matter what happens!

[[ Potatoes + Gamba bros & babes: Please look into Animo x Stake … and daydream responsibly 🍀 ]] 

#LindaWEN #VtuberEN #undecided #comeback #stake #Animo #Kick",https://www.instagram.com/p/DOiMgwjkZGD/,,,neutral,2025-09-13T07:37:43.000Z,4,0,1,0,0.0,5,7.0,,
instagram,post,3719630766679536710,"Undecided 🐾 
#cavapoos_of_instagram #cavapoolife🐶❤️🐶 #red #lovely #red #undecided #coold #cavappuppy #cavapoo",https://www.instagram.com/p/DOeyHmPjDRG/,,,neutral,2025-09-11T23:49:22.000Z,12,0,1,0,0.0,13,15.0,,
instagram,post,3718864544899136707,"The Leopard 

With the look on her face, I’m not sure if she wants to bite me or willing to listen to me a little longer 😅…. 

#undecided #theleopard #bigcat #thatlooktho #wildlife #catsgram #oilpainting #portrait #gold #blue #artforthesoul",https://www.instagram.com/p/DOcD5mmgfzD/,,,neutral,2025-09-10T22:27:02.000Z,32,0,8,0,0.0,40,56.0,,
instagram,post,3718624232906546186,"Objetivo; ser melhor do que Ontem 😍👌🏾
#Undecided",https://www.instagram.com/p/DObNQmnjdwK/,,,neutral,2025-09-10T14:29:34.000Z,0,0,0,0,0.0,0,0.0,,
instagram,post,3718163348606647291,"Cappuccino 💥
#24pomski🤓☕💻🚘💦
#rainywednesdaymorning 🌧️
Ohana ❤️
#worksmarternotharder 
#undecided 😅??? 
#staysafe 🙏
😎🟣🟡🖤",https://www.instagram.com/p/DOZkd2qk3v7/,,,neutral,2025-09-09T23:13:52.000Z,4,0,0,0,0.0,4,4.0,,
instagram,post,3718151465672987649,"Virginia Tech⁉️
#undecided",https://www.instagram.com/p/DOZhw70iVQB/,,,neutral,2025-09-09T22:50:16.000Z,332,0,30,0,0.0,362,422.0,,
instagram,post,3718066295229984427,Dm to order!!🩷,https://www.instagram.com/p/DOZOZiqiS6r/,,,neutral,2025-09-09T20:01:03.000Z,14,0,2,0,0.0,16,20.0,,
instagram,post,3717862944122446533,"What if I told you there's a way to get up to 30% more power from the same solar panel footprint? No breakthrough chemistry. No quantum physics. Just one simple change that’s finally starting to catch on. They're finally putting solar cells on both sides of the panel. And now one company has achieved something remarkable: the back of their panels is 91.7% as efficient as the front. But here's why this is actually huge news: they've done it with cheaper technology that was supposed to be inferior. So what's actually going on here? And why does the back of a solar panel matter so much? 

Video link in the bio!

#bifacial solar #bifacialsolarpanel #futureofrenewableenergy #news #renewableenergy #science #solar #solarenergy #solarpanel #solarpanelbreakthrough #solarpanelefficiency #solarpanelnews #solarpanelsystem #solarpanels #solarpanelsforhome #undecided #undecidedwithmattferrell #undecidedmf",https://www.instagram.com/p/DOYgKZMAaLF/,,,neutral,2025-09-09T13:17:35.000Z,15,0,1,0,0.0,16,18.0,,
instagram,post,3717786566778433150,"New Cozzy in the Budgysmuggler Sale 🧜🏻‍♀️....... Now to wind my yarn by @knotted_by_nish 🧜🏻‍♀️🧶
3 years ago I bought a white dryrobe 🙈 It was the most ridiculous thing I've ever bought because I'm so paranoid about getting it dirty. I will be wearing it this winter (to the lido only where there is no mud) 🤣. 
Currently deciding whether to hook this up or knit.  #undecided 
#hookersofinstagram #knitandstitch #wildswim #wilddippers #outdoorswimming #lidocchasers #budgysmugglers",https://www.instagram.com/p/DOYOy9PjC5-/,,,neutral,2025-09-09T10:45:17.000Z,8,0,0,0,0.0,8,8.0,,
instagram,post,3716780348433772826,🐯 #undecided,https://www.instagram.com/p/DOUqAjYjDEa/,,,neutral,2025-09-08T01:26:06.000Z,297,0,17,0,0.0,314,348.0,,
instagram,post,3716604384337073086,"Day 2 for TAP Titleholders 2025!! Which team will win the trip to Nationals?!?

Here are all the teams competing:

Tuesday Division - Undecided!, Rolling Thunder and Main Event

Thursday Division - Can’t Win and Sabotage 

Bracket to follow along: https://digitalpool.com/tournaments/we-play-tap-titleholders-2025/bracket

Shoot well and have fun everyone!! 🎱❤️💙🎱 #weplaytap #wpt #weplaytapleagues #tappoolleagues #8ballpoolleagues #8ball #8ballpool🎱 #tapnationals #cantwin #rollingthunder #sabotage #mainevent #undecided! #sundaytaptournament",https://www.instagram.com/p/DOUB_8DEhO-/,,,neutral,2025-09-07T19:36:29.000Z,11,0,1,0,0.0,12,14.0,,
instagram,post,3716485959740486809,"GBR? #offical #undecided 

Thank you so much Coach @coachedgerton for such an amazing official visit! god is good. GO HUSKERS 🌽",https://www.instagram.com/p/DOTnEojDvSZ/,,,neutral,2025-09-07T15:41:12.000Z,456,0,41,0,0.0,497,579.0,,
instagram,post,3716328768240658367,"Usapang ulam tayo😁

Bunso: Ma, ano po ang gagawin niyong luto jan sa fish 

AKO: Gusto ko ipaksiw nak para masarap

BUNSO: Ma, wag paksiw ihaw lang tayo 
 
ATE : Ma, pakiprito mo nalang at matagal at  matrabaho ang ihaw. ( may point si ate☺️)

AKO: 🤔 ano ba dapat 🤦‍♀️ Naku di pwedi ako lang mamroblema  dito, ichat natin ang tatay nyo 😜😆 damay damay nato.
Merwin Ong sumagot ka di pweding ganito kailangan kasali ka rito.🙄😆

#ulam #undecided #UlamSerye #contentcreator #nanettealmiabaes",https://www.instagram.com/p/DOTDVMjjKe_/,,,neutral,2025-09-07T10:28:54.000Z,0,0,0,0,0.0,0,0.0,,
instagram,post,3716196521257120388,"Undecided???
Have a blessed Sunday everyone
#undecided",https://www.instagram.com/p/DOSlQv9ErKE/,,,neutral,2025-09-07T06:06:08.000Z,0,0,0,0,0.0,0,0.0,,
instagram,post,3715868890842191285,"Today is the day for competition and fun! Here are all the teams that are playing for the chance to win a paid trip to Nationals in Sandusky, OH: 

Tuesday Division - Undecided!, Rolling Thunder and Main Event

Thursday Division - Can’t Win and Sabotage 

Shoot well everyone!! 🎱❤️💙 #weplaytap #wpt #tappoolleagues #2025nationals #8ball #tap8ballleague #8ballleague #undecided! #rollingthunder #mainevent #sabotage #cantwin #saturdaytaptournament",https://www.instagram.com/p/DORaxGWktW1/,,,neutral,2025-09-06T19:15:12.000Z,11,0,0,0,0.0,11,11.0,,
instagram,post,3715253320098738401,"Raya Airport(MHRY) to Tipimuratara Airport(MHTI)
#MicrosoftFlightSimulator #FlightSimulator #msfs2024 #Honduras #NorthAmericanAviation #T6G #Undecided",https://www.instagram.com/p/DOPOzXbE3Dh/,,,neutral,2025-09-05T22:52:10.000Z,3,0,0,0,0.0,3,3.0,,
instagram,post,3715056442354358480,"Good Morning Badgers! 

Last Day to drop classes is Wednesday, September 10th! 

Not sure what to do? Cross-College Advising Service (CCAS) is here to help! 

📞 call us or make an appointment to talk through your options. Don’t Wait!
 
#onwisconsin #Undecided #Exploring #NewBadgers #Badgers #firstweekofclass #academicadvising",https://www.instagram.com/p/DOOiCavDtjQ/,,,neutral,2025-09-05T16:21:00.000Z,15,0,0,0,0.0,15,15.0,,
instagram,post,3713996383490747283,"🖤 #brokesubieee #ai #subie #undecided #subiefam #sti #wrxsti #wrxstidaily #wrxstination
#SubieFlow #SubieClub
#SubieDistrict #6ixSubies #SweetSubies #SubieWoo 
#CanadianSubies #SubaruCanada
#SubaruSummer #BoostedBoxers #SubieStars",https://www.instagram.com/p/DOKxAh_DSuT/,,,neutral,2025-09-04T05:14:52.000Z,129,0,3,0,0.0,132,138.0,,
instagram,post,3713756988816054091,caption under construction 😅##thinking #caption #idk #aesthetic #vibes #undecided #mood,https://www.instagram.com/p/DOJ6k4UgVdL/,,,neutral,2025-09-03T21:19:13.000Z,41,0,6,0,0.0,47,59.0,,
instagram,post,3713156352933001759,"🎨Help me decide! 
I’m painting my cabin deck this cheerful yellow (Gold Buff 💛) and now I can’t decide what color to paint the front door. The inside is a soft muted warm green
Here are the options I’m torn between:
💙 Blueberry Pie (deep, bold blue)
💚 Guacamole (fresh green)
🤎 Deconstruction (warm neutral gray)
💛 Keep it Gold Buff to match
#undecided #ilikethemall",https://www.instagram.com/p/DOHyAekDnof/,,,neutral,2025-09-03T01:25:52.000Z,1,0,1,0,0.0,2,4.0,,
instagram,post,3712174057396755454,"Coming along so nicely 🥹 Trying not to think about all this #work being put in just to risk having a disaster of a #safety when road ready 😳

Bonus- I still have all my digits and appendages, no blood was lost and no injuries occurred 😎

🎶 @larryjunetfm @dejloaf 🔥

Might leave the top white, might paint it black... #undecided

#red #chevybelair #54belair #1954chevybelair
#54chevybelair #54chevy #chevygirl #chevy  #tattudecarcrew #classiccarclub #classiccars #chickswithclassiccars #chickswithink #tattoosandcars #classicchevy  #cargirlsofinstagram #progressphotos",https://www.instagram.com/p/DOESqMjjdv-/,,,neutral,2025-09-01T16:54:13.000Z,14,0,3,0,0.0,17,23.0,,
instagram,post,3711886696963936397,"🏍️🍻 10° Motoraduno – Memorial Umberto Ubaldani
📍 Gaggiano (MI) – Domenica 21 settembre 2025

Una giornata speciale vi aspetta a Gaggiano in occasione della decima edizione del Motoraduno, che anche quest’anno si lega alla festa Birre Vive sul Naviglio!

👉 Per tutti i partecipanti, un buono sconto da utilizzare presso gli stand Beerinba!

E a pranzo grande musica live con gli Undecided! 

Un mix perfetto di motori, birra artigianale, street food e musica dal vivo! 🔥
Non mancare!

#MotoradunoGaggiano #BirreViveSulNaviglio #BeerinbaEventi #MotoClubGaggiano #Undecided #StreetFood #BirraArtigianale #Gaggiano2025",https://www.instagram.com/p/DODRUjTCJCN/,,,neutral,2025-09-01T07:23:17.000Z,7,0,0,0,0.0,7,7.0,,
instagram,post,3711512967465918073,"“Unentschieden/Undecided”, Karla Woisnitza, 1979 #mirrorimage #armsandlegs #goodandevil #undecided  #sportsocks #kneehighsocks #stripedsocks #70sart #feministart #gdrart #ddrkunst #künstlerin #karlawoisnitza #feminismus #unentschieden",https://www.instagram.com/p/DOB8WElD955/,,,neutral,2025-08-31T19:00:45.000Z,9,0,0,0,0.0,9,9.0,,
instagram,post,3711160125030573160,"Scrolling through photos of past collections for online sales. 
As we approach autumn I’m toying with returning to Etsy and maybe a new website.
Even though I joined well organised insta events I have found selling online depressingly difficult. Not sure how folks are doing this way?
Also busying myself with seasonal ‘makes’ 
Retired from teaching for 2 years now I think I’m still conditioned to September being a time of fresh starts!
Anyone else feeling this way?
#freshstarts #undecided #online #change",https://www.instagram.com/p/DOAsHidCqRo/,,,neutral,2025-08-31T07:19:43.000Z,55,0,6,0,0.0,61,73.0,,
instagram,post,3430356557198433853,"is it better late than never x 
-
#classof2024 #undecided",https://www.instagram.com/p/C-bEx0svp49/,,,neutral,2024-08-08T20:53:09.000Z,209,0,59,0,0.0,268,386.0,,
instagram,post,3312090798915060540,"embrace the journey 🐍 ⚔️ 
#zennythingispossible
#undecided",https://www.instagram.com/p/C326QiNLAM8/,,,neutral,2024-02-27T16:40:00.000Z,300,0,29,0,0.0,329,387.0,,
instagram,post,3710992722238339347,4 Shots Couldn't Pick Just 1 .....#Undecided,https://www.instagram.com/p/DOAGDgdE3kT/,,,neutral,2025-08-31T01:47:07.000Z,7,0,0,0,0.0,7,7.0,,
instagram,post,3710802633369291023,"Some things never change — still side by side on the field, just with a little more responsibility now.  #captains #soccer #stlstarssoccer #recruitme #undecided #ecnl #highschool #day1",https://www.instagram.com/p/DN_a1WZj4kP/,,,neutral,2025-08-30T19:29:27.000Z,36,0,2,0,0.0,38,42.0,,
instagram,post,3709942693243934993,"Artist: James LaBrie
Album: Elements of Persuasion
Genre: Alternative / Heavy Metal
Year: 2005

Previously known as MullMuzzler, LaBrie  rebranded the former band into his solo project.

#8bitmetal #jameslabrie #elementsofpersuasion #torontoontario #alternativemetal #heavymetalmusic #progressivemetal #insideoutmusic #canadianmetal #soloalbum #crucified #smashed #oblivious #intoodeep #pretender #invisible #drained #undecided #altmetal #traditionalmetal #🇨🇦🇨🇦🇨🇦 #dreamtheater",https://www.instagram.com/p/DN8XTkv3FkR/,,,neutral,2025-08-29T15:00:00.000Z,53,0,0,0,0.0,53,53.0,,
instagram,post,3709082120539899504,Girlssss which one are we choosing?😍😮‍💨👏🤎,https://www.instagram.com/p/DN5Tol9iIZw/,,,neutral,2025-08-28T10:31:06.000Z,-1,0,5,0,0.0,4,14.0,,
instagram,post,3708944560581527457,"Ano daw kun IpaRebond?pero bet ko man IpaKulot? 
Garo mas ok pa short hair tapos ebenta na sana an buhok para may pirak? 🤔🤭 
#undecided 
#hairstyleideas 
#shorthaircut",https://www.instagram.com/p/DN40W1RFEeh/,,,neutral,2025-08-28T05:57:47.000Z,0,0,0,0,0.0,0,0.0,,
instagram,post,3708080295432683674,"Undecided pls help ano po mas mgndang kulay panglalaki sna. 
#ebike 
#undecided 
#NotToBragButToInspire",https://www.instagram.com/p/DN1v2Hn5ACa/,,,neutral,2025-08-27T01:20:39.000Z,0,0,0,0,0.0,0,0.0,,
instagram,post,3706252174941413728,"Ano gid ya? 😂

#undecided  #sidehustle",https://www.instagram.com/p/DNvQLdvZuFg/,,,neutral,2025-08-24T12:48:30.000Z,0,0,0,0,0.0,0,0.0,,
instagram,post,3705941166813149512,Progress….wondering if no.69 should be clean and shiny or not??? #decisionsdecisionsdecisions #undecided #ontothenextone✔️,https://www.instagram.com/p/DNuJds2ZPlI/,,,neutral,2025-08-24T02:30:35.000Z,12,0,8,0,0.0,20,36.0,,
instagram,post,3705932806483275374,"While posing 😂 I'm still thinking about whether to exercise and use this 🤔🥰
#undecided
#StillThinkingAboutIt
#notsuretoexercise
#hilightseveryonefollowers
#fbreels2025ツ",https://www.instagram.com/p/DNuHkCr5u5u/,,,neutral,2025-08-24T02:13:58.000Z,0,0,0,0,0.0,0,0.0,,
instagram,post,3705908967643976327,"So, not a pizza stone, its an experimental piece, vase of sorts, in need of adjustments, perhaps no neck, or different feet. Who knows? At this time it is covered until it's ready to talk to me and tell me what it wants to be. 

#studiolife ##clayartist #sculpture #large #largevase #undecided #waitingforinspiration",https://www.instagram.com/p/DNuCJJCWpKH/,,,neutral,2025-08-24T01:26:36.000Z,27,0,1,0,0.0,28,30.0,,
instagram,post,3704785063627967139,"My Bakewell blondies always sell out SO I thought I'd try Bakewell ice slices 🤔.
I'm not sure they will be received tbh .
I only flavoured the icing not the custard .
 What's your thoughts ? 
I don't know whether to cut them in half ,that way people can buy a smaller slice to try? 

Let me know your thoughts .
Biscoff ice slices are popular ,I just wanted to try something different .

#bakewell #yesorno #iceslice #undecided #cwmbrancentre #popups",https://www.instagram.com/p/DNqCmL2t8qj/,,,neutral,2025-08-22T12:13:37.000Z,3,0,0,0,0.0,3,3.0,,
instagram,post,3704437131465713675,Tiny petals and lots of layers. This will make a perfect journal cover…or fabric or maybe wallpaper. ☺️ #undecided #watercolorflowers #watercolorist #artistsofinstagram #watercolorpainting #surfacepatterndesign #journaling #floralart #artsy,https://www.instagram.com/p/DNozfGxx-gL/,,,neutral,2025-08-22T00:42:20.000Z,12,0,1,0,0.0,13,15.0,,
instagram,post,3702642690056683221,"This summer the United States made a $559 billion decision. The consequences of that decision could make your next car $7,500 more expensive and send your electricity bills soaring unpredictably. On July 4th, 2025, President Trump signed the ""One Big Beautiful Bill Act"" into law. But this bill that was evidently supposed to make States more self-sufficient really just gave our energy independence away. Solar alone employs nearly seven times more U.S. workers than coal. Yet the current administration is cutting hundreds of billions of dollars from the sector creating jobs. Today, I’ll explain what this big bill actually does, the staggering numbers behind its context, and how it impacts your daily life. Because regardless of your politics, we all pay electricity bills, we all need jobs, and we all want to avoid being left at the mercy of another country’s supply chain. 

Video link in the bio!

#bigbeautifulbill #business #china #climate #donaldtrump #fossilfuels #latestnews #news #politics #president #renewableenergy #science #solarpanels #trump #undecided #undecidedwithmattferrell #usnews #washingtondc #windturbine #worldnews",https://www.instagram.com/p/DNibei_Bn7V/,,,neutral,2025-08-19T13:17:40.000Z,40,0,2,0,0.0,42,46.0,,
instagram,post,3702351226256790683,Website is up @ cnaturals.ca and I’m already thinking of changing the media  #mediaswitchup #debate #fauxfur #botanical #undecided  #uploadchange ??,https://www.instagram.com/p/DNhZNMKxJSb/,,,neutral,2025-08-19T03:38:01.000Z,6,0,5,0,0.0,11,21.0,,
instagram,post,3701974590449553481,"Alot of client now a days come in with AI/chat gpt tattoo references. Me, personally. Am torn on it. On one hand I find it could be very helpful for clients who have a hard time describing what they are looking for, or maybe want to put a concept idea together themselves before talking to an artist.  On the other hand, it can gives those, who don’t understand how AI or tattooing works and give unrealistic expectations. I mean, it can be used as a tool to help share ideas with in reason. I see no problem. Kinda takes the fun out of it for us though. We are literally hired to storm up ideas and create unique designs for people. But I mean, this was a walk in tattoo. And we were closing in a hour. So it Saved time, and this is exactly what they wanted.  Swipe to see AI generated tattoo idea. #walkintattoo #AI #chatgpt #tattoo #undecided",https://www.instagram.com/p/DNgDkavRJBJ/,,,neutral,2025-08-18T15:09:42.000Z,14,0,0,0,0.0,14,14.0,,
instagram,post,3701858515660464159,"""From the library, Monday vibes"" #aftertherain☔️ #rainy #rainyday #rainyweather #undecided #weather #vista #vistalinda #view #throughthelens #throughthewindow #library #librarylife #grandparade #centrallibrary #biblioteca #studyarea #streetviews #cloudy #cork #corkcity #ireland #monday #mondayvibes #happy",https://www.instagram.com/p/DNfpLTqsmAf/,,,neutral,2025-08-18T11:19:05.000Z,6,0,0,0,0.0,6,6.0,,
instagram,post,3700580683686118782,"From opposite sides to the same sidelines. Looking forward to #stlstarssoccer 
#ecnl 
#soccer 
#stlouisstars #ɴᴇᴡsᴇᴀsᴏɴ #college #undecided #recruitme",https://www.instagram.com/p/DNbGoZ5yIV-/,,,neutral,2025-08-16T17:00:15.000Z,27,0,2,0,0.0,29,33.0,,
instagram,post,3700316321762180541,#posterpope #suchis #lost #broken #undecided #share,https://www.instagram.com/p/DNaKhbrNv29/,,,neutral,2025-08-16T08:15:01.000Z,1,0,0,0,0.0,1,1.0,,
instagram,post,3700165220794116390,"Ano ang plano??
Lulutuin nalang pinoproblema pa ano gagawin 🫢 

#saturday #undecided #CommunityEngagement #foryoupage #nanettealmiabaes",https://www.instagram.com/p/DNZoKn7sCkm/,,,neutral,2025-08-16T03:14:48.000Z,0,0,0,0,0.0,0,0.0,,
instagram,post,3699506632655879878,"Undecided Apparel is back❗️❗️

DESIGN #2

Our latest collection will be released in the first week of September. Pre-orders are now open — kindly send us a direct message or email to reserve yours❗️

#undecidedapparel #undecided #clothingbrand #highlights",https://www.instagram.com/p/DNXSa57p77G/,,,neutral,2025-08-15T05:26:19.000Z,-1,0,0,0,0.0,-1,-1.0,,
instagram,post,3699506383002498487,"Undecided Apparel is back❗️❗️

DESIGN #1

Our latest collection will be released in the first week of September. Pre-orders are now open — kindly send us a direct message or email to reserve yours❗️

#undecidedapparel #undecided #clothingbrand #highlights",https://www.instagram.com/p/DNXSXRbJ3W3/,,,neutral,2025-08-15T05:25:49.000Z,-1,0,0,0,0.0,-1,-1.0,,
instagram,post,3699456010779932894,Is Texas the move??? #uncommitted #undecided,https://www.instagram.com/p/DNXG6QouLje/,,,neutral,2025-08-15T03:45:44.000Z,163,0,9,0,0.0,172,190.0,,
instagram,post,3698773783837105787,"Ten czwartek jest jak mały piątek 🎉. Dlatego nawet Sernik nie wie czy usiąść, stać, iść czy po prostu się położyć 🤷🏼‍♀️. Wybieramy wszystko, bo po co się ograniczać 😎? 
#cat #orangecat #bigboy #undecided #longweekend #thursday #august #summer #sitdown #stillstanding #goaway #liedown #idontknow #kot #rudykot #duzychlopak #niezdecydowanie #dlugiweekend #czwartek #małypiątek #sierpien #lato #anispacanisiepolozyc #sernik #barzkawusia",https://www.instagram.com/p/DNUryjSI157/,,,neutral,2025-08-14T05:10:00.000Z,81,0,14,0,0.0,95,123.0,,
instagram,post,3697589998850667755,"What if I told you the world's largest battery company just announced batteries that cost as low as $10 per kilowatt hour? Not $100. Ten. And the kicker? They're using salt. Yes, the same stuff sitting on your kitchen table. But CATL makes more lithium batteries than anyone else on the planet. They're literally winning the lithium game. So why are they suddenly pivoting to a technology that's been considered second-rate for decades? No technical papers. No detailed explanations. Just bold claims and two new products ready to hit the market. So is this the real deal that changes everything? Or are we looking at tech hype that’s too salty to swallow? 

Video link in the bio!

#battery #batterytechnology #catl #catlsodiumbattery #catlsodiumionbattery #electronics #energystorage #lithium #lithiumionbattery #news #science #sodium #sodiumionbattery #sodiumionbatteryvslithiumion #sodiumvslithiumbattery #undecided #undecidedwithmattferrell",https://www.instagram.com/p/DNQeoNmh_Tr/,,,neutral,2025-08-12T13:58:51.000Z,25,0,0,0,0.0,25,25.0,,
instagram,post,3697252348360419856,"I don’t hate it….

But I don’t love it.

😅🤷🏽‍♀️

•
•
•
#mama #hair #splithair #undecided",https://www.instagram.com/p/DNPR2wFAGoQ/,,,neutral,2025-08-12T02:47:27.000Z,8,0,1,0,0.0,9,11.0,,
instagram,post,3697102681052590264,"This fall: boost your resume, explore your passions, impress your dream school🍁✨ Here are some ways to level up this season based on your major. Interested in programs instead? We have those too! Link in bio🔗 

-
-
-
-
-
-
-
#pathfect #pathfectprograms #studentbuiltwebsite #highschoolprograms #summerprograms #programsforhighschoolstudents #majors #majorofinterest #undecided #studentorganization #premed #sat #collegeprep #dreamschool #government #healthandmedicine #explore #explorepage #engineering #tech #ai #education",https://www.instagram.com/p/DNOv0ziSLC4/,,,neutral,2025-08-11T21:50:05.000Z,-1,0,0,0,0.0,-1,-1.0,,
instagram,post,3696594376596065259,Which dress should I buy? Please help me pick😘 #undecided,https://www.instagram.com/p/DNM8QAHtwvr/,,,neutral,2025-08-11T05:00:11.000Z,3,0,0,0,0.0,3,3.0,,
instagram,post,3696129865167497114,"Unsay maayo, mo skwela ko, or dili na 🥹 
#undecided 
#ifeelbad 
#hilightseveryonefollowers",https://www.instagram.com/p/DNLSoeJBWea/,,,neutral,2025-08-10T13:37:17.000Z,1,0,0,0,0.0,1,1.0,,
instagram,post,3696050787920272683,"Feliz Dia Dos Pais!

#diadospais #EstudarFora #Application #Faculdade #Universidade #DicaRápida #Preparação #Intercâmbio #Mentoria #Undecided #College",https://www.instagram.com/p/DNLApvtyl0r/,,,neutral,2025-08-10T11:00:13.000Z,4,0,0,0,0.0,4,4.0,,
instagram,post,3036432551602259868,"Take time to think what’s good for your future.

#undecided #life",https://www.instagram.com/p/Cojk1Fmr4ec/,,,neutral,2023-02-12T08:36:29.000Z,14,0,0,0,0.0,14,14.0,,
instagram,post,3695413512626833579,"Torn ako today: mag-videoke na lang ba ako o mag-exercise? 🤔🎤💪
Gusto ko ng stress relief and self-care, pero iba talaga ang hatak ng mic minsan 😂

💭 Videoke = instant good vibes
💭 Exercise = future abs (sana all)

Pwede rin naman siguro:
Workout muna, tapos reward: 2 kanta sa videoke.
Balance is key, diba? 😎

Kayo, anong pipiliin niyo ngayon — pawis o paos? 😅

#undecided
#SaturdayVibe
#chillvibes
Charm Abalos",https://www.instagram.com/p/DNIvwK2TQir/,,,neutral,2025-08-09T13:54:01.000Z,0,0,0,0,0.0,0,0.0,,
instagram,post,3694988989216403284,#bullterrierpuppy #throwback #gotchadayanniversary #gotchaday #undecided #carbonhillalabama #nofilter,https://www.instagram.com/p/DNHPOinOS9U/,,,neutral,2025-08-08T23:50:34.000Z,44,0,4,0,0.0,48,56.0,,
instagram,post,3694893873014073035,#ChrisBrown performing at his latest tour stop •swipe• HHUCIT,https://www.instagram.com/p/DNG5mavxWbL/,,,neutral,2025-08-08T20:41:35.000Z,-1,0,1,0,0.0,0,2.0,,
instagram,post,3693090329450189023,"To apply or not, that is the question 🤔😂

#levelup #don #career #growth #undecided #lol #happyhumpday #wednesday #onwednesdayswewearpink #pink #💕 #💗 #💖 #🌸 #💞 #💓 #gym #gymlife #💪🏼 #gays #🏳‍🌈 #🌈 #nurse #melbourne #pinoy #aussie",https://www.instagram.com/p/DNAfhZ6TxDf/,,,neutral,2025-08-06T08:58:16.000Z,8,0,3,0,0.0,11,17.0,,
instagram,post,3692635454068876595,"In the process of formation.

#abstractart #abstractdigitalart #symbolicart #process #formation #unformed #fluid #anythinggoes #undecided #creation #ejarnoldart",https://www.instagram.com/p/DM-4GGMyeUz/,,,neutral,2025-08-05T17:54:30.000Z,3,0,0,0,0.0,3,3.0,,
instagram,post,3692495859507174502,"Google just built a computer that solved a problem in 5 minutes that would take our best supercomputers 10 septillion years … that's not a typo. That's a 10 with 24 zeros after it. The universe is only 13.8 billion years old, so we're talking about a computer that just did something... cosmically impossible. And Google isn't alone. Microsoft and Amazon are racing to crack quantum computing too, each with wildly different approaches. After decades of being the much hyped ""the future,"" quantum computing suddenly feels like it's arriving … all at once. So what changed? And should you care about computers that need to be colder than outer space just to work? 

Video link in the bio!

#ai #amazon #computers #google #majorana #microsoft #news #ocelot #quantum #quantumcomputer #quantumcomputerexplained #quantumcomputersexplained #quantumcomputingexplained #qubit #science #technology #undecided #undecidedwithmattferrell #undecidedmf",https://www.instagram.com/p/DM-YWuohpxm/,,,neutral,2025-08-05T13:17:16.000Z,17,0,1,0,0.0,18,20.0,,
instagram,post,3691772312166330319,May panahon at Oras pa 🤣 #Undecided 🤣🤣🤣,https://www.instagram.com/p/DM7z1uqS-_P/,,,neutral,2025-08-04T13:19:36.000Z,3,0,2,0,0.0,5,9.0,,
instagram,post,3691718929001505105,"From gears to glory ⚙️✨

@team_undecided 
#subie #undecided #subienation #wrx",https://www.instagram.com/p/DM7ns5tuGFR/,,,neutral,2025-08-04T11:33:32.000Z,58,0,2,0,0.0,60,64.0,,
instagram,post,3691585635941534714,"I can’t sleep. But, what I just witnessed on the intrawebs either gives me hope, or!!! Crushes all hope…
#undecided
#justwowandpurposelyvague
#anybodycangetitiguess",https://www.instagram.com/p/DM7JZO4Osv6/,,,neutral,2025-08-04T07:08:43.000Z,0,0,0,0,0.0,0,0.0,,
instagram,post,3691211476938824299,"It’s either ALF or Miss Piggy. #undecided 😅
#skywatching #cloudshapes",https://www.instagram.com/p/DM50UgJyJpr/,,,neutral,2025-08-03T18:45:19.000Z,50,0,5,0,0.0,55,65.0,,
instagram,post,3691076248216119213,"Norma jean
Size : L อก 22 นิ้ว ยาว 28 นิ้ว
tag : hanes
สภาพ : 9/10 เสื้อ
ราคา : 550  บาท
ส่ง : flash 40 บาท

#normajean #normajeanband
#hardcorde #punk #metalcore
#posthardcore #mathcore #sludgemetal
#Ferret #Epitaph #Undecided #เสื้อวงหายาd #เสื้อ #เสื้อวงมือสอง #เสื้อวงเดือด #เสื้อผ้าแฟชั่น #bandtees #merch #tshirtvintage  #เสื้อวงร็อค #เสื้อวง #เสื้อมือสอง #เสื้อวงหายาก
#中古のシャツ #vtg #ヴィンテージシャツ
#中古のバンドシャツ #myspace",https://www.instagram.com/p/DM5Vkqlzaet/,,,neutral,2025-08-03T14:16:38.000Z,9,0,1,0,0.0,10,12.0,,
instagram,post,3690354543997151542,"Motion 🚀 🫡 

#uncut #miyagi #motion #undecided",https://www.instagram.com/p/DM2xefKMuk2/,,,neutral,2025-08-02T14:22:45.000Z,89,0,14,0,0.0,103,131.0,,
instagram,post,3690230915394420878,".
★アルバム 23★

スペックス・パウエルというドラマーはサイドではたまに目にすることはありますが、リーダー作はコレしか知らないが他にあるのか。楽しいジャムセッションです👍

Specs Powell & Co. – Movin' In 

Ray Copeland. Leon Merian(tp) Jimmie Dahl. Jimmy Cleveland(as.tb) George Dorsey(as.fl) Sahib Shihab(as.bs) Aaron Sachs(ts.cl) Pritchard Cheeseman(bs) Hank Jones. Nat Pierce(p) Clyde Lombardi(b) Specs Powell(ds) NY. 1957
【Undecided】
【The Spider】
.
#Undecided
#SpecsPowell
#MovinIn     
#SahibShihab
#HankJones
#JimmyCleveland
#JazzVinyl",https://www.instagram.com/p/DM2VXdDP8CO/,,,neutral,2025-08-02T10:17:07.000Z,10,0,0,0,0.0,10,10.0,,
instagram,post,3688608123188033094,"Voting ends at Midday Friday 1st August, so there is only hours left to vote for South Australia’s greatest song in ABC 891 Adelaide’s Top 10. Thank you to all of those who have voted for Masters Apprentices already. 

If you still need to get your vote in, please don’t forget to text ABC 891 Adelaide before midday Friday on 0467922891 with “Hottest - Undecided - The Masters Apprentices”, or “Hottest - Turn Up Your Radio - The Masters Apprentices” or “Hottest - Because I Love You - The Masters Apprentices”. 

Thank you everyone for your support, it has been amazing! 

#MastersApprentices #ABCTop10SASongs #undecided #TurnUpYourRadio #becauseiloveyou #Adelaide #SouthAustraliansongs #SouthAustralia",https://www.instagram.com/p/DMwkYuCPjZG/,,,neutral,2025-07-31T04:32:55.000Z,3,0,0,0,0.0,3,3.0,,
instagram,post,3688574242725006430,"90% of the day is deciding whether I want to go out or in. 

Or out.

Or in. 

Or out. 

Or in.

#doglife #australianlabradoodle #labradoodle #sillydog #inandout #undecided #leisure #doodle #doodlife",https://www.instagram.com/p/DMwcrsZR4xe/,,,neutral,2025-07-31T03:25:36.000Z,3,0,3,0,0.0,6,12.0,,
instagram,post,3688447381779957366,"Sitting on the gate..

#undecided #lost #direction #curious #unhinged #gate #farm",https://www.instagram.com/p/DMv_1n7tsZ2/,,,neutral,2025-07-30T23:13:33.000Z,235,0,2,0,0.0,237,241.0,,
instagram,post,3688386710515096143,#ambivalence #ambivalient #undecided #uncertain #unsure #ambigram #rotationalambigram #flippable #headsortails #rotationalsymmetry,https://www.instagram.com/p/DMvyCvahhpP/,,,neutral,2025-07-30T21:13:01.000Z,26,0,0,0,0.0,26,26.0,,
instagram,post,3688170362035854268,#ChrisBrown for #IconMagazine •swipe• #HHUCITMags #HHUCIT | 📸: @iconmagazine,https://www.instagram.com/p/DMvA2dMRVu8/,,,neutral,2025-07-30T14:03:10.000Z,-1,0,1,0,0.0,0,2.0,,
instagram,post,3688169091925235078,#Newsstand: #ChrisBrown covers the latest issue of #IconMagazine #HHUCITMags #HHUCIT | 📸: @iconmagazine,https://www.instagram.com/p/DMvAj-Tx1WG/,,,neutral,2025-07-30T14:00:38.000Z,-1,0,1,0,0.0,0,2.0,,
instagram,post,3687564674703994735,"🎓 Starting College Without a Major? That’s Okay!

Here are a few tips to help you explore and grow with confidence:
✨ Explore your interests – Take a variety of classes and see what sparks your curiosity.
🤝 Meet with career advisors – They’re there to guide you and help narrow things down.
🌐 Network early – Talk to peers, professors, and professionals to gain insight into different paths.

You don’t have to have it all figured out—just stay open and curious.

#collegetips #undecided #freshmanadvice #applepsychological",https://www.instagram.com/p/DMs3Ii6Aq9v/,,,neutral,2025-07-29T17:59:46.000Z,6,0,1,0,0.0,7,9.0,,
instagram,post,3687530945926966288,"❣️❣️❣️

#undecided",https://www.instagram.com/p/DMsvduiPKwQ/,,,neutral,2025-07-29T16:52:46.000Z,0,0,0,0,0.0,0,0.0,,
instagram,post,3687379665553450179,"🏀 OldSchool Basketball League: Match Result 🏀
🗓 Date: Tuesday, 29 July 2025
📍 Location: Concord Oval Recreation Centre

Three thrilling matchups as the Semi-Finals wrap up! The stage is set for a blockbuster finals showdown! 💥🏆

#OSBLSemiFinals #OldSchoolBasketball #Undecided #Monstars #InnerCityTigers #PlayoffIntensity #FinalsTime",https://www.instagram.com/p/DMsNETtT-TD/,,,neutral,2025-07-29T11:52:11.000Z,0,0,0,0,0.0,0,0.0,,
instagram,post,3686983398280681413,"Torn but leaning towards home 🌻

#art #watercolor #home #ink #undecided",https://www.instagram.com/p/DMqy93DSFfF/,,,neutral,2025-07-28T22:44:53.000Z,18,0,0,0,0.0,18,18.0,,
instagram,post,3686836121173688559,Is she a sweetie or a psycho? Who knows at this stage ❣️😈❣️#monster # monsterontheslab #minniemouse #customblythedoll #blythedoll #blythedollcustom #disney #psychodoll #beautifuldoll #disneydoll #undecided #workinprogress #artistdoll #ooakdoll #blythesofinstagram #blythe,https://www.instagram.com/p/DMqResjowDv/,,,neutral,2025-07-28T17:52:16.000Z,27,0,1,0,0.0,28,30.0,,
instagram,post,3694065421274626556,Yay or Nay to the Red shoes #undecided #redshoes #yayornay 👠,https://www.instagram.com/p/DND9O28ILn8/,,,neutral,2025-08-07T17:15:36.000Z,39,0,11,0,0.0,50,72.0,,
instagram,post,3688853959539242877,"it takes him a while to decide which part he’s going to wash

.
.
.
.
.
.
.
#undecided #indecisivecat #aseriesofevents #chat #кошки #catantics #chatsibérien #russiancat #forestcat #siberiancatsofinstagram #siberiankitten #siberiankittensofinstagram #siberiansofinstagram #кошкавдобрыеруки #chatdeinstagram #cutecat #catoftheday",https://www.instagram.com/p/DMxcSG-oTd9/,,,neutral,2025-07-31T12:41:21.000Z,17,0,0,0,0.0,17,17.0,,
instagram,post,3686402952323439405,🖤x🌧️ #subie #undecided #subaruwrxsti #stutututu #brokesubie,https://www.instagram.com/p/DMou_QoMJst/,,,neutral,2025-07-28T03:31:38.000Z,93,0,6,0,0.0,99,111.0,,
instagram,post,3685620292865946445,"🎶 Exciting News! 🎶 

Three of our songs have made it to the shortlist for ABC Adelaide’s Top 10 South Australian Songs of All Time! We need your support to help us reach the top! 🙌 

To cast your vote, simply text ABC’s hotline at 0467 922 891 and include one of the following song titles after the word ‘hottest’: 

🎤 Hottest - Undecided - The Masters Apprentices 
🎤 Hottest - Turn Up Your Radio - The Masters Apprentices 
🎤 Hottest - Because I Love You - The Masters Apprentices 

✨ Remember, you can only vote once per text. Voting closes at 12 noon on Friday, August 1st! 🕛 

Stay tuned, as the final Top 10 will be revealed on ABC Radio Adelaide in the coming weeks! Thank you for your support! ❤️ 

#MastersApprentices #Undecided #TurnUpYourRadio #BecauseILoveYou #VoteForUs #SouthAustralianSongs @followers",https://www.instagram.com/p/DMl9CENPvNN/,,,neutral,2025-07-27T01:36:38.000Z,12,0,1,0,0.0,13,15.0,,
instagram,post,3685173726694108307,"Quick trip to see @itslocs 🏴󠁧󠁢󠁷󠁬󠁳󠁿 

Massively appreciate you bro!

New drop OTW👀
#undecided #clothing #onlyright",https://www.instagram.com/p/DMkXfrDNGyT/,,,neutral,2025-07-26T10:49:23.000Z,118,0,14,0,0.0,132,160.0,,
instagram,post,3684727182928796565,"Wondering how to find the right major for you? Here are some ways that current Carthage students found their major!

✨ Follow your childhood dreams
✨ Explore your personal interests
✨ Take classes that seem fascinating
✨ Consider the job market
✨ When in doubt, ask for advice!

🔗 Link in bio!

#Undecided #CarthageCollege #JobMarket #CollegeClasses #ChildhoodDreams #CollegeLife #PrivateCollege",https://www.instagram.com/p/DMix9mwsluV/,,,neutral,2025-07-25T20:02:14.000Z,243,0,2,0,0.0,245,249.0,,
instagram,post,3684626868231530218,"You and your friends might be Cool, but are they ""No I think they're guilty as sin - No they're innocent - Ha you two should do a power point presentation to present your case - yes lets have a mock trial and we will be your jury!"" Cool?? 
No? Didn't think so...
Even the dog was very invested in the evidence
#yesthatisajudgesgavel #soulgangcatchup #undecided
#goodfoodgoodfriends",https://www.instagram.com/p/DMibJ1azObq/,,,neutral,2025-07-25T16:42:52.000Z,4,0,2,0,0.0,6,10.0,,
instagram,post,3684537210812592385,Fear of regret and anxiety about pleasing your future self can keep us stuck on the fence about having kids… Link in bio!,https://www.instagram.com/p/DMiGxJcMXEB/,,,neutral,2025-07-25T13:44:44.000Z,5,0,1,0,0.0,6,8.0,,
instagram,post,3682348940533384810,"Two and a half years ago, I told you about a company using ""death rays"" to drill deeper into the Earth than anyone has before. The goal? Unlock cheaper and more plentiful geothermal energy for the world. Well, I just got back from Houston, Texas, where I watched them do exactly that. They melted through solid granite with millimeter waves in real time. We're not talking lab experiments anymore. This drilling operation could change how we think about geothermal energy. The heat beneath our feet could be the most versatile, reliable, and abundant energy source ever — but it's out of reach for most people. While the old joke goes that nuclear fusion is always just 30 years away, an offshoot of fusion tech may be changing the future of geothermal drilling today. So, does this team have what it takes? Or is Quaise out of its depth? 

Video link in the bio!

#fusion #fusionenergy #fusiontech #geothermal #geothermalenergy #quaise #renewableenergy #undecided #undecidedwithmattferrell #undecidedmf",https://www.instagram.com/p/DMaVNn7h0Zq/,,,neutral,2025-07-22T13:17:09.000Z,19,0,0,0,0.0,19,19.0,,
instagram,post,3682002635058517266,"After a big chop in 2017 I loc’d my hair in 2018, this  last year 2024 I did another big chop and now here I am wanting to loc it back up, cut it or keep it like this 😩…. It literally has grown back way to fast and I don’t to apply heat to it for it to be straight …. #bigchop #locs #naturalhair #curly #wavy #undecided #hairup #hairupdate",https://www.instagram.com/p/DMZGeN0txUS/,,,neutral,2025-07-22T01:48:59.000Z,18,0,2,0,0.0,20,24.0,,
instagram,post,3681060751488897016,I don’t know which toy to choose! #Timmyb #goldendoodlesofinsta #dogsofinstagram #undecided,https://www.instagram.com/p/DMVwUAZIM_4/,,,neutral,2025-07-20T18:37:38.000Z,0,0,0,0,0.0,0,0.0,,
instagram,post,3680925930847919574,"You ask, we deliver🫡
The OG Grey Hoodie is still in stock but selling faster than anticipated.

Low in XL, 2XL & 3XL so grab one whilst they are here🌸

Local delivery, collections and shipping available📦🌍

DM to order. 
#undecided #undecidedproject",https://www.instagram.com/p/DMVRqG4tt3W/,,,neutral,2025-07-20T14:09:46.000Z,95,0,8,0,0.0,103,119.0,,
instagram,post,3680778628181903796,"When you are feeling rubbish & can’t decide what to have on toast. 

#lemoncurd #raspberryjam #peanutbutter #marmite #toast #undecided #sundaymorning #july2025",https://www.instagram.com/p/DMUwKklocm0/,,,neutral,2025-07-20T09:17:06.000Z,10,0,0,0,0.0,10,10.0,,
instagram,post,3679896073687951669,"Ang hirap magplano,
Ang hirap magdesisyon, 
#undecided 
#unplanned #highlighteveryone #hilightseveryonefollowers",https://www.instagram.com/p/DMRnftqhmk1/,,,neutral,2025-07-19T04:03:38.000Z,1,0,1,0,0.0,2,4.0,,
instagram,post,3679279242351105346,"🏀 OldSchool Basketball League: Game Schedule 🏀
🗓 Date: Wednesday, 22 July 2025
📍 Location: Concord Oval Recreation Centre

🕖 7:00 PM – UNDECIDED vs LEFTOVERS
🕖 7:45 PM – SCORPIONS vs FORMOSA KINGS

Midweek matchups heating up! Don’t miss the action. 🔥
#OldSchoolLeague #OSBL #ConcordBasketball #Undecided #Leftovers #Scorpions #FormosaKings #GameNightHoops",https://www.instagram.com/p/DMPbPotzlVC/,,,neutral,2025-07-18T07:38:06.000Z,0,0,0,0,0.0,0,0.0,,
instagram,post,3678897518960579832,"les photos sont les mêmes mais j’étais indécis sur quelle photo mettre et pour ne pas trop réfléchir je les ai toutes mises.😅🤦🏻‍♀️🤷🏻‍♀️
#me #undecided #foto #smil",https://www.instagram.com/p/DMOEc1GthT4/,,,neutral,2025-07-17T18:59:41.000Z,-1,0,172,0,0.0,171,515.0,,
instagram,post,3678602532645799426,"Drop 001🌸
We keep it moving🫡
📦🔁📦
#undecided #clothing",https://www.instagram.com/p/DMNBYNsNIYC/,,,neutral,2025-07-17T09:13:36.000Z,127,0,5,0,0.0,132,142.0,,
instagram,post,3678545904164741535,"#Archivo_Tortuga: #Undecided. #May 16, 2025. #Berlin

•
•
•

#urban #urbanjungle #urbanphotography #streetphotography #tree #treestagram #summerrain #pixel9",https://www.instagram.com/p/DMM0gKTtSGf/,,,neutral,2025-07-17T07:21:05.000Z,81,0,6,0,0.0,87,99.0,,
instagram,post,3678411468581330399,"#honda #civic #civictyper #fk8 #civicsi #fc1 
#ontario #ontariocars #undecided #hondaboys",https://www.instagram.com/p/DMMV73ag13f/,,,neutral,2025-07-17T02:53:59.000Z,109,0,4,0,0.0,113,121.0,,
instagram,post,3677929286959245949,"Hanggang tingin lang!😂😂😂
#undecided what to cook
#contentcreator
#ContentMonetization",https://www.instagram.com/p/DMKoTMyNip9/,,,neutral,2025-07-16T10:55:59.000Z,0,0,0,0,0.0,0,0.0,,
instagram,post,3675636944902965227,"Trying to pick just one from our new collection? We get it, it's a tough choice! 🤔 That's why we created the Shaving Soap Discovery Set – your perfect solution for experiencing them all!

Instead of committing to a full 150g jar, our Discovery Set gives you a generous 25g sample of each incredible soap from our new lineup:
 * Havana 🇨🇺: Transport yourself with zesty lime, rich tobacco, and aged rum.
 * Kyoto 🌸: Find tranquility with cherry blossom, matcha, and meditative incense.
 * London 🇬🇧: Embrace sophistication with bergamot, English rose, and smoky depths.
 * Magens Bay 🏖️: Dive into a tropical paradise of orange, bay rum, and island spices.
 * Sorrento 🍋: Savour the Italian coast with lemon sorbet, sea notes, and white musk.
 * The Void ✨: Experience ultimate purity with an unscented, incredibly nourishing lather.

Each 25g jar provides 10-20 amazing shaves, so you can truly get a feel for the unique scent profile and exceptional lather of every single soap. It's the ideal way to find your new favorite without a big investment.

Pre-orders for our entire new collection, including the Shaving Soap Discovery Set, start tomorrow!

#WetShaving #ShavingSoap #DiscoverySet #ArtisanSoap #ComingSoon #PreOrder #ShaveOfTheDay #NewCollection #SamplerSet #MensGrooming #Undecided #TryThemAll",https://www.instagram.com/p/DMCfFO4Pkfr/,,,neutral,2025-07-13T07:01:30.000Z,99,0,17,0,0.0,116,150.0,,
instagram,post,3674807804695319310,Deciding on a wrap color 🤔 #chatgpt #mazda3 #undecided,https://www.instagram.com/p/DL_ijp4spMO/,,,neutral,2025-07-12T03:34:09.000Z,12,0,4,0,0.0,16,24.0,,
instagram,post,3674673340243229668,Presently on the #zgrafixsworldtour to fold or not to fold that is the question @dj_machard #undecided,https://www.instagram.com/p/DL_D-8Gy7vk/,,,neutral,2025-07-11T23:06:59.000Z,1,0,0,0,0.0,1,1.0,,
instagram,post,3674655618033756879,"🌊JOOKSEA loading…⏳🚤

📅-September 1st
🕘- 4pm
🚢-Harbour Master
‼️Get your tickets today @islandetickets.com
 https://islandetickets.com/event/TeamUndecided-Jooksea

❔️❔️❔️❔️❔️

#JookSEA
#Undecided
#SeptemberEscape
#LCC
#HabourMaster 
#summerCooldown",https://www.instagram.com/p/DL-_9DAy6rP/,,,neutral,2025-07-11T22:31:47.000Z,29,0,0,0,0.0,29,29.0,,
instagram,post,3673255434619577585,"Got my first college acceptance and I’m honestly just taking it all in 😭🫶 I don’t have it all figured out yet, but this is a reminder that the work I’ve put in is paying off. No matter where I end up, this moment will always be special.
#accepted #collegejourney #undecided #senioryearvibes #futureinprogress #classof2026🎓 @mcmurryuniversity",https://www.instagram.com/p/DL6BlslxeTx/,,,neutral,2025-07-10T00:09:52.000Z,12,0,1,0,0.0,13,15.0,,
instagram,post,3673199861399428086,"UFTeach gives students the opportunity to grow as educators while making a real impact in local classrooms. With hands-on experience and a strong sense of community, our future teachers are building meaningful connections right here in Gainesville. 💙 

#UFTeach #WhyUFTeach #GatorEducators #TeachTheFuture #education #teacher #teachergram #teachers
#teachersofinstagram #uf #edugators #ufcoe #ufteach #uteachnation #uteach #firstyearteacher #teachertips #studentsfirst #futureteacher
#futureteacher
#mentorteacher #mentorteachers #uf #ufclasses #elementaryeducation #learnhowtoeducate #undecided #undecidedmajor #education #teacher #teachergram #teachers
#teachersofinstagram #uf #edugators #ufcoe #ufteach #uteachnation #uteach #firstyearteacher #futureteacher
#futureteacher
#mentorteacher #Wednesdays",https://www.instagram.com/p/DL508__uhv2/,,,neutral,2025-07-09T22:19:27.000Z,23,0,11,0,0.0,34,56.0,,
instagram,post,3672893165266449730,"Gene McNeely was a legend.

I first met Gene in 2004 at EAA/Oshkosh, introduced by a friend who also lived at Spruce Creek. At the time, Gene was flying with the famous Aeroshell Aerobatic Team, and I was starstruck—blushing and fumbling over my words like a drunken schoolgirl as I shook his hand. But Gene’s warm smile and welcoming hug immediately put me at ease. From that first handshake, I felt like part of the airshow family—and that feeling never changed. Every time I saw him—at Oshkosh, Sun 'n Fun, the Reno Air Races, or at his home in Spruce Creek—he greeted me the same way:

""Kandi!"" he’d yell as a smile appeared on his face.
""How you doin’, girl? How’s the jet sellin’ business?"" And then came the hug.

I loved hearing his stories. On a recent visit to Spruce Creek, Gene told me about walking around Oshkosh in the 1980s with his young son, Greg. Awestruck by the airplanes and airshow performers, he turned to Greg and said, ""I'm going to fly airshows here someday, son."" And by God… he did.

Gene flew with the Aeroshell team at EAA AirVenture until retiring in 2017. (Read his retirement story here: https://www.eaa.org/airventure/eaa-airventure-news-and-multimedia/eaa-airventure-news/eaa-airventure-oshkosh/07-27-2018-mcneely-not-really-retired-at-all).

Gene will be missed by many. But more importantly, he left an indelible mark on generations of aviators and aviatrixes alike—including me. His joy being in the air and around airplanes was contagious, and I hope to carry forward his tradition of sharing that passion with future generations.

Because life is better with airplanes in it. 

Godspeed, Gene.  Enjoy your eternal flight.

Picture at the last Reno Air Race, 2023. Team Race 90.
#titanaerobaticteam #aeroshellaerobaticteam #aerobatics #aviationlegend #renoairraces #race90 #undecided #gonewest #twowings",https://www.instagram.com/p/DL4vN-9qrVC/,,,neutral,2025-07-09T12:10:07.000Z,11,0,0,0,0.0,11,11.0,,
instagram,post,3672830734026640483,"🏝️Undecided🏝️
•
•
여름바이브 아주 제대로 느껴진 시간✨
함께 즐겨주신 분들 너무너무 감사드려여♡

📍 @killthedance_academy 

#choreo #choreography #undecided #jenettychoreography #dance",https://www.instagram.com/p/DL4hBfVy4xj/,,,neutral,2025-07-09T10:06:04.000Z,-1,0,36,0,0.0,35,107.0,,
instagram,post,3672510610258183205,"#Undecided
#ForeverFriends",https://www.instagram.com/p/DL3YPE2SsQl/,,,neutral,2025-07-08T23:30:02.000Z,4,0,0,0,0.0,4,4.0,,
instagram,post,3672051202289692259,"When we talk about the circular economy, we picture batteries stripped for their metals, factory floor scraps spun into sweaters, and agricultural waste transformed into biogas. We don’t picture mucking out the barn to collect material for surgical masks and food packaging. Waste may be used in new household products. It’s now possible to spin it into high-tech, biodegradable plastics and textiles or use it as glue inside lithium battery electrodes. And as for the urine we send down the drain, it might someday help build our cities with better concrete. So, is this the next leap in sustainable design — or just a steaming pile of hype? And how close are we to building a cleaner, greener future from human and animal waste?

Video link in the bio!

#agriculturalwaste #battery #carbonnegativeconcrete #concrete #construction #engineering #industrialwaste #materialsengineering #materialsscience #newbatterytechnology #news #reusingwaste #science #undecided #undecidedwithmattferrell #undecidedmf",https://www.instagram.com/p/DL1vxz1he5j/,,,neutral,2025-07-08T08:17:23.000Z,7,0,0,0,0.0,7,7.0,,
instagram,post,3670474331978575130,Can you be the one to hold and let me go? 🤷‍♀️ #undecided,https://www.instagram.com/p/DLwJPU6xa0a/,,,neutral,2025-07-06T04:04:19.000Z,0,0,0,0,0.0,0,0.0,,
instagram,post,3670350618633508242,My godmother sniffs my toe beans like it’s a spiritual practice. She caught me sniffing toes... This is either a revenge arc or a new bonding ritual. #undecided #cavachon #dogsofinstagram #dogslife,https://www.instagram.com/p/DLvtHD4yRWS/,,,neutral,2025-07-05T23:58:31.000Z,52,0,1,0,0.0,53,55.0,,
instagram,post,3670118305292847588,Hello Weekend. Not sure yet what to do next 🤔😂😊 #weekend #saturday #summerday #whatshouldido #undecided #norfie,https://www.instagram.com/p/DLu4SdOo4nk/,,,neutral,2025-07-05T16:16:57.000Z,1122,0,17,0,0.0,1139,1173.0,,
instagram,post,3669818169749124432,"Am not sure if I like the border (based on Di Ford’s Ann’s Legacy quilt.) Too late to go back now, as I have the fabric all cut out and no more in the stash for a change of mind. This was not a border that was easy to sew, at that! Firstly, designing the scallops to match the striped print. Then the calculations for a mitered finish. And then sewing those scallops themselves! 😞I could, of course, flip it around so the scallops face outwards?🤔 #undecided #bordertrouble #patchworkofmylife #quiltersofinstagram #difordquilts #antiqueweddingsamplerquilt #blueandwhitequilts",https://www.instagram.com/p/DLt0C6OK7VQ/,,,neutral,2025-07-05T06:20:38.000Z,6,0,10,0,0.0,16,36.0,,
instagram,post,3669124214202131082,"🏀 OldSchool Basketball League: Game Schedule 🏀
🗓 Date: Tuesday, 08 July 2025
📍 Location: Concord Oval Recreation Centre

🕖 7:00 PM – UNDECIDED vs SCORPIONS
🕢 7:45 PM – LEFTOVERS vs BIG BALLS & BUCKETS
🕣 8:30 PM – INNER CITY TIGERS vs FORMOSA KINGS

A stacked Wednesday lineup at Concord Oval! Will the Kings hold the line, or are we in for a shake-up? 👀🔥

#OldSchoolLeague #OSBLWinterSeason #Hoops #ConcordBasketball #Undecided #Scorpions #Leftovers #BigBallsAndBuckets #InnerCityTigers #FormosaKings #GameSchedule",https://www.instagram.com/p/DLrWQhwTWKK/,,,neutral,2025-07-04T07:21:52.000Z,0,0,0,0,0.0,0,0.0,,
instagram,post,3668930344082815572,"✨Which tote is your style? The calming blues or the energetic pinks? 💙🩷 let me know in the comments👇🏼 😃 

#diy #handmade #purestitchmagic #totebagcustom #sewingproject #undecided #choose #comment",https://www.instagram.com/p/DLqqLWItTpU/,,,neutral,2025-07-04T00:56:41.000Z,-1,0,1,0,0.0,0,2.0,,
instagram,post,3668763216814014595,"We’re so proud of our UFTeach alumna Jess for making history at UCF and inspiring the next generation with her passion for teaching! 📚🍎 Her impact is proof that teaching really is the best job in the world.

#UFTeach #UFTeachAlumni #TeacherProud #EducationMatters #TeacherInspiration #GatorEducators #TeachTheFuture #education #teacher #teachergram #teachers
#teachersofinstagram #uf #edugators #ufcoe #ufteach #uteachnation #uteach #firstyearteacher #teachertips #studentsfirst #futureteacher
#futureteacher
#mentorteacher #mentorteachers #uf #ufclasses #elementaryeducation #learnhowtoeducate #undecided #undecidedmajor #education #teacher #teachergram #teachers
#teachersofinstagram #uf #edugators #ufcoe #ufteach #uteachnation #uteach #firstyearteacher #futureteacher
#futureteacher
#mentorteacher #Thursdays",https://www.instagram.com/p/DLqELUvOACD/,,,neutral,2025-07-03T19:24:38.000Z,19,0,3,0,0.0,22,28.0,,
instagram,post,3668206844134186708,"It’s been on then off again, should I, shouldn’t I, but after a couple of years of trying to get an entry for the marathon again after having surgery following my last attempt, the superior fall trail marathon in Lutsen MN in September is a qualifier for the hundred, and even if I go and sleep in a car I should really do it to slay the beast of the last time. I have an entry, I don’t want another dnf on my record and it gives me the chance for a hundred entry going forward. Oh should I of shouldn’t I? Well here’s some random photos so I could post lol #moosemountainmarathon #superiorfalltrailrace #teamzoot #runner #marathon #undecided #probablyshouldnt #maybeishould #qualifier #paingame #training",https://www.instagram.com/p/DLoFrCTRl7U/,,,neutral,2025-07-03T00:59:13.000Z,19,0,0,0,0.0,19,19.0,,
instagram,post,3667353150831448960,"This song kept playing and replaying in my head as I watched the water on my way home as my usual practice. I got home and decided to write with an excerpt from the song.

Link in bio💫

#musiccommentary #undecided #ajebohustlers #raebel #situationships #mattersoftheheart #vox_faithel #100dayswritingchallenge",https://www.instagram.com/p/DLlDkKdN9OA/,,,neutral,2025-07-01T20:43:05.000Z,5,0,0,0,0.0,5,5.0,,
instagram,post,3667094177567331011,"🏀 OldSchool Basketball League: Ranking Update 🏀
🗓 Date: Tuesday, 01 July 2025
📍 Location: Concord Oval Recreation Centre

📊 Current Standings – Tuesday Division
1️⃣ MONSTARS
2️⃣ FORMOSA KINGS
3️⃣ INNER CITY TIGERS
4️⃣ SCORPIONS
5️⃣ UNDECIDED
6️⃣ LEFTOVERS
7️⃣ BIG BALLS & BUCKETS

The Monstars stay dominant at the top while the battle in the middle of the pack tightens! Who’s making a late-season push? 🔥🏀

#OldSchoolLeague #OSBLWinterSeason #RankingUpdate #TuesdayDivision #Monstars #FormosaKings #InnerCityTigers #Scorpions #Undecided #Leftovers #BigBallsAndBuckets #ConcordBasketball",https://www.instagram.com/p/DLkIrmzzdLD/,,,neutral,2025-07-01T12:08:33.000Z,0,0,0,0,0.0,0,0.0,,
instagram,post,3667091036092406985,"🏀 OldSchool Basketball League: Match Results 🏀
🗓 Date: Tuesday, 01 July 2025
📍 Location: Concord Oval Recreation Centre

A thrilling night of hoops at Concord Oval with tight scores, big upsets, and standout performances! 🏀🔥

#OldSchoolLeague #OSBLWinterSeason #MatchResults #Monstars #Undecided #Leftovers #FormosaKings #InnerCityTigers #BigBallsAndBuckets #TuesdayHoops #ConcordBasketball #PlayerOfTheGame",https://www.instagram.com/p/DLkH95FTpzJ/,,,neutral,2025-07-01T12:02:18.000Z,0,0,0,0,0.0,0,0.0,,
instagram,post,3666445322680627541,"Thinking about choosing a college major can feel overwhelming—especially if you’re unsure of your desired career path. The good news? Many students enter college undecided, and our new blog post has some great tips for how to approach the process and find the right fit.

See our link in bio @collegesolutions 

#choosingamajor #undecided #selfreflection #freshmanquestions #collegeadvice #collegecounseling",https://www.instagram.com/p/DLh1JhmxXFV/,,,neutral,2025-06-30T14:39:23.000Z,2,0,0,0,0.0,2,2.0,,
instagram,post,3666243004831013462,#undecided dr,https://www.instagram.com/p/DLhHJabNppW/,,,neutral,2025-06-30T07:57:25.000Z,0,0,0,0,0.0,0,0.0,,
instagram,post,3665731838056360102,"Ahhh Im supposed to be going to pick up a new dressing table and Drawers tomorrow  to save up some space in my room but should I⁉️ 

The kidney shaped lilac one is the one I have now with a small set of non matching cream drawers..

The black is what im picking up tomorrow 

Am I doing the right thing 🤔😅

#undecided #dilemma",https://www.instagram.com/p/DLfS69RMGim/,,,neutral,2025-06-29T15:01:49.000Z,0,0,0,0,0.0,0,0.0,,
instagram,post,3665247819007078110,"Today I got a new bunny ear cactus.
Today I learned A LOT about bunny ear cactus.
I am not sure if I will be keeping my new bunny ear cactus 😬 
#ifyouknowyouknow #cactus #socute🌵 #glochids #PHOTOsynthisis #undecided #bloomroom",https://www.instagram.com/p/DLdk3jZsS7e/,,,neutral,2025-06-28T23:00:10.000Z,1,0,0,0,0.0,1,1.0,,
instagram,post,3665166276353337102,"Help a sista out! Which style? 

#hairstylist #undecided #curlyhair #naturalhair #naturalcurlyhair #silkpress #feedinbraids #cornrows #braids #washngo",https://www.instagram.com/p/DLdSU84yCcO/,,,neutral,2025-06-28T20:18:09.000Z,48,0,5,0,0.0,53,63.0,,
instagram,post,3664723201998764676,"From this to… who knows what. I was gonna finish it, but life said plot twist. So yeah, we’re winging it. 😒🙄🙈

#ithinkineedtostop #whatever #undecided #conflictedcreations #whatnow",https://www.instagram.com/p/DLbtlXvRLqE/,,,neutral,2025-06-28T05:37:51.000Z,5,0,0,0,0.0,5,5.0,,
instagram,post,3664707231213737258,Huling punta ko na ata to sa SB #undecided #saturdaymood #BahalaNaSiBatman,https://www.instagram.com/p/DLbp89yTNUq/,,,neutral,2025-06-28T05:06:07.000Z,8,0,0,0,0.0,8,8.0,,
instagram,post,3664374254317278148,"night sea journey - acrylic on canvas

Maybe #wip or maybe #fin.....

#abstract #abstractart #jung #themes #night #sea #journey #painting #lightinthedark #glimmers #undecided #wip #fin",https://www.instagram.com/p/DLaePg4qxPE/,,,neutral,2025-06-27T18:04:33.000Z,-1,0,6,0,0.0,5,17.0,,
instagram,post,3664257681021482920,"Pwede na sguro ako mag balik Islam!
#challenge #muslim #undecided",https://www.instagram.com/p/DLaDvJiyDeo/,,,neutral,2025-06-27T14:12:57.000Z,0,0,0,0,0.0,0,0.0,,
instagram,post,3664174815506685092,"Matsuri 2025🥰
Seitenwand extra geputzt vorm event 🤣
#undecided #drift #missile #driftmissile #bmw #e30 #bmwe30 #touring #e30touring #328 #m52b28 #nissan #e46 #killalltires #low #driftlife #tandem #kdf #keepdriftingfun #sxoc #skidclub #Allstedt #roadtoallstedt #Matsuri #matsuri2025 @sxoc_skidclub @jimmy_willems",https://www.instagram.com/p/DLZw5TBNVyk/,,,neutral,2025-06-27T11:28:18.000Z,39,0,0,0,0.0,39,39.0,,
instagram,post,3664023090923133597,"🏀 OldSchool Basketball League: Game Schedule 🏀
🗓 Date: Tuesday, 01 July 2025
📍 Location: Concord Oval Recreation Centre

🕖 7:00 PM – MONSTARS vs UNDECIDED
🕢 7:45 PM – FORMOSA KINGS vs LEFTOVERS
🕣 8:30 PM – BIG BALLS & BUCKETS vs INNER CITY TIGERS

The Tuesday night lights are back with matchups that could shake up the standings! Don’t miss the action! 🔥🏀

#OldSchoolLeague #OSBLWinterSeason #TuesdayHoops #ConcordBasketball #GameNight #BasketballSchedule #Monstars #FormosaKings #InnerCityTigers #Undecided #Leftovers #BigBallsAndBuckets",https://www.instagram.com/p/DLZOZafTVqd/,,,neutral,2025-06-27T06:26:51.000Z,0,0,0,0,0.0,0,0.0,,
instagram,post,3663043352376003613,"Meet Francesca, this week’s spotlight for Why UFTeach Wednesday! 🌟 We’re proud to see how UFTeach continues to open doors, empower future educators, and shape meaningful careers in education.

#teacheradvice #teacheradviceottheday #education #teacher #teachergram #teachers
#teachersofinstagram #uf #edugators #ufcoe #ufteach #uteachnation #uteach #firstyearteacher #teachertips #studentsfirst #futureteacher
#futureteacher
#mentorteacher #mentorteachers #uf #ufclasses #elementaryeducation #learnhowtoeducate #undecided #undecidedmajor #education #teacher #teachergram #teachers
#teachersofinstagram #uf #edugators #ufcoe #ufteach #uteachnation #uteach #firstyearteacher #futureteacher
#futureteacher
#mentorteacher",https://www.instagram.com/p/DLVvoV3Okwd/,,,neutral,2025-06-25T22:00:17.000Z,18,0,4,0,0.0,22,30.0,,
instagram,post,3662312449455482316,0/4 #connorwong #undecided #dogwhisperer #alarmclock #fadeayreen,https://www.instagram.com/p/DLTJcTeSOXM/,,,neutral,2025-06-24T21:48:06.000Z,445,0,39,0,0.0,484,562.0,,
instagram,post,3662528967622559203,"This was a tough decision, but thank you for your patience and the support I had along the process!!

By the way this is fake, I have weights at home

#sports #comitted #viral #college #share #uncomitted #hoopers #hoopersofig #funny #humor #undecided #fake #share",https://www.instagram.com/p/DLT6rDuuIXj/,,,neutral,2025-06-25T04:58:17.000Z,81,0,7,0,0.0,88,102.0,,
instagram,post,3662187470151533050,"Painting by Norman Rockwell 

#art #fineart #normanrockwell #generalstore #hat #hats #tryingonhats #basket #illustration #illustrator #decision #undecided #choose #choice #oilpainting #counter #nothappy #model #modeling #paintersofthepast",https://www.instagram.com/p/DLStBnbRMH6/,,,neutral,2025-06-24T17:39:48.000Z,531,0,2,0,0.0,533,537.0,,
instagram,post,3662055301373682920,"Imagine a world where the homes we live in, the clothes we wear, and even the sensors in our electronics weren’t manufactured, but grown. Mycelium, the root structure of fungi, is shaking up everything from sustainable construction to meatless bacon. It’s turning agricultural waste into walls, hemp into compostable packaging, and fungal threads into leather that even luxury brands are eyeing. This mushroom material is set to insulate the façade of a 300-unit housing project in California. And now, innovators are swapping out the sensors of robots for the electrical pulses of living mycelium. So, how long until mycelium is just as ubiquitous as wood, metal, and plastic? 

Video link in the bio!

#biodegradable #climatechange #compostablepackaging #compostableplastic #electronics #fungi #fungus #future #mushrooms #mycelium #myceliumfungus #news #plastics #robot #science #sustainability #undecided #undecidedwithmattferrell #undecidedmf",https://www.instagram.com/p/DLSO-TqNuTo/,,,neutral,2025-06-24T13:17:15.000Z,21,0,1,0,0.0,22,24.0,,
instagram,post,3662014990296965887,"🏀 OldSchool Basketball League: Ranking Update 🏀
🗓 Date: Tuesday, 24 June 2025
📍 Location: Concord Oval Recreation Centre

📊 Current Standings – Tuesday Division

1️⃣ MONSTARS
2️⃣ FORMOSA KINGS
3️⃣ INNER CITY TIGERS
4️⃣ SCORPIONS
5️⃣ UNDECIDED
6️⃣ LEFTOVERS
7️⃣ BIG BALLS & BUCKETS

The Monstars remain on top, while Formosa Kings stay close behind! Who’s climbing next week? 🔥

#OldSchoolLeague #OSBLSeason4 #RankingUpdate #Monstars #FormosaKings #InnerCityTigers #Scorpions #Undecided #Leftovers #BigBallsAndBuckets #TuesdayDivision #ConcordHoops",https://www.instagram.com/p/DLSFztCzmL_/,,,neutral,2025-06-24T11:57:07.000Z,0,0,0,0,0.0,0,0.0,,
instagram,post,3662014729159670238,"🏀 OldSchool Basketball League: Match Results 🏀
🗓 Date: Tuesday, 24 June 2025
📍 Location: Concord Oval Recreation Centre

Formosa Kings 20 – 0 Monstars (Forfeit)
✅ Win awarded to Formosa Kings

Leftovers 27 – 38 Scorpions
🏆 Player of the Game: #12 Kris

Big Balls & Buckets 22 – 24 Undecided
🏆 Player of the Game: #0 David

A night of gritty battles and decisive performances! 💪🔥
#OldSchoolLeague #OSBLSeason4 #FormosaKings #Monstars #Scorpions #Leftovers #Undecided #BigBallsAndBuckets #TuesdayHoops #ConcordBasketball #MatchResults",https://www.instagram.com/p/DLSFv51z3ne/,,,neutral,2025-06-24T11:56:35.000Z,0,0,0,0,0.0,0,0.0,,
instagram,post,3662014403991959738,"🏀 OldSchool Basketball League: Scores Update 🏀
🗓 Date: Tuesday, 24 June 2025
📍 Location: Concord Oval Recreation Centre
#OldSchoolLeague #OSBLSeason4 #RankingUpdate #Monstars #FormosaKings #InnerCityTigers #Scorpions #Undecided #Leftovers #BigBallsAndBuckets #TuesdayDivision #ConcordHoops",https://www.instagram.com/p/DLSFrLATfi6/,,,neutral,2025-06-24T11:55:57.000Z,0,0,0,0,0.0,0,0.0,,
instagram,post,3661538685779256944,~ #undecided 🫠,https://www.instagram.com/p/DLQZgj5OSZw/,,,neutral,2025-06-23T20:10:47.000Z,46,0,0,0,0.0,46,46.0,,
instagram,post,3661021372622863982,"Every time I Die
Size : M  อก 20.5  นิ้ว ยาว 27.5  นิ้ว
label : tultex
สภาพ : 8/10 คอกว้างนิดหน่อย ซักทำความสะอาดก่อนส่ง 
ราคา : 350  บาท
ส่ง : flash 40 บาท

#everytimeidie #punk #Southernrock #hardcor #everytimeidie #punk #Southernrock #hardcore #metalcore
#Ferret #Epitaph #Undecided #เสื้อวงหายาห #เสื้อ #เสื้อวงมือสอง #เสื้อวงเดือด #เสื้อผ้าแฟชั่น #bandtees #merch #tshirtvintage #rare #raretshirt #vintage #tshirttour
#tourshirt #merch #เสื้อวงร็อค #เสื้อวง 
#中古のシャツ #vtg #ヴィンテージシャツ
#中古のバンドシャツ #myspace",https://www.instagram.com/p/DLOj4qeTH5u/,,,neutral,2025-06-23T03:02:58.000Z,1,0,0,0,0.0,1,1.0,,
instagram,post,3660866621834647807,"New hair cut or not?? 😘😏 
#undecided #thinktwice",https://www.instagram.com/p/DLOAsvkidj_/,,,neutral,2025-06-22T21:55:30.000Z,3,0,0,0,0.0,3,3.0,,
instagram,post,3659551011951766533,"🏀 OldSchool Basketball League: Game Schedule 🏀
🗓 Date: Tuesday, 24 June 2025
📍 Location: Concord Oval Recreation Centre

🕖 7:00 PM – Formosa Kings 🆚 Monstars
🕢 7:45 PM – Leftovers 🆚 Scorpions
🕣 8:30 PM – Big Balls & Buckets 🆚 Undecided

Get ready for another night of competitive hoops at Concord! 🔥
#OldSchoolLeague #GameSchedule #ConcordBasketball #FormosaKings #Monstars #Leftovers #Scorpions #BigBallsAndBuckets #Undecided #TuesdayHoops #OSBLSeason4",https://www.instagram.com/p/DLJVkGYzmwF/,,,neutral,2025-06-21T02:21:37.000Z,0,0,0,0,0.0,0,0.0,,
instagram,post,3659008952708079757,"Made this cake for the 21st birthday celebration of a young man who has not decided where to go after graduation. The cake is a carrot cake filled with cream cheese frosting. Visit www.chocolatinos.co.uk for all cakes, cupcakes, chocolates and desserts. DM me for enquiries #21stbirthdaycake #undecided #undecidedcake #decisioncake #signpostcake #signpostcaketopper #cakedecorating #formbycakes #formbycakedecorator",https://www.instagram.com/p/DLHaUGYI6CN/,,,neutral,2025-06-20T08:24:39.000Z,21,0,0,0,0.0,21,21.0,,
instagram,post,3658281723561872065,"Elly traut sich nicht so richtig aus der Röhre... 🐾

#frettchen #ferretsofinstagram #ferret #unentschlossen #unsicher #unsafe #undecided #cute #röhre #gucken #schauen #look",https://www.instagram.com/p/DLE09hdNYrB/,,,neutral,2025-06-19T08:19:46.000Z,22,0,1,0,0.0,23,25.0,,
instagram,post,3657885119689541867,"Sometimes I leave the door open so they come in and out. Or so the lazy ones can join us. 
#undecided",https://www.instagram.com/p/DLDayLUSEjr/,,,neutral,2025-06-18T19:11:48.000Z,2,0,0,0,0.0,2,2.0,,
instagram,post,3657412803909994523,"Kanang excited sila mag summer vacation pero ako mahadlok na mosakay ug eflen!… aguy!… ok rako mag summer get away, by land and by sea, by air? not now…. Samuka aning Rudy Baldwin oi 😬😜✌🏽 … tugt ta tug!… #TeamChiu #taiwanlife #undecided  #SummerVacation2025 #ByLandBySeaWeOvercome",https://www.instagram.com/p/DLBvZE-BUgb/,,,neutral,2025-06-18T03:33:24.000Z,0,0,0,0,0.0,0,0.0,,
instagram,post,3656981853823772801,"Solar panels are built to last around 30 years, but what if solar panels could last… forever? That’s the promise behind a new kind of perovskite PV cell that can heal itself. Not only does this self-repair help the panel bounce back from damage, but it also helps maintain peak efficiency over time. Breakthroughs like this could reshape the solar industry … as long as they can break out of the lab. So, how do self-healing PVs work? And how close are we to seeing them out in the wild? 

Video link in the bio!

#bestsolarpanels #energy #experiments #foreversolarpower #news #photovoltaicsolarpanels #renewableenergy #science #selfhealingsolarpanels #solar #solarpanels #solarpower #solarpv #undecided #undecidedwithmattferrell #undecidedmf",https://www.instagram.com/p/DLANZ7bNyiB/,,,neutral,2025-06-17T13:17:13.000Z,9,0,0,0,0.0,9,9.0,,
instagram,post,3656954373945067219,"🏀 OldSchool Basketball League: Scores Update
🗓 Date: Tuesday, 17 June 2025
📍 Location: Concord Oval Recreation Centre

Another round of action-packed matchups at Concord! Big wins and bigger plays—well done to tonight’s standout performers. 💪🔥

#OldSchoolLeague #ScoresUpdate #ConcordHoops #Monstars #FormosaKings #Undecided #Temuueen24 #Tee4 #JR1 #BasketballAction",https://www.instagram.com/p/DLAHKCyzobT/,,,neutral,2025-06-17T12:22:34.000Z,0,0,0,0,0.0,0,0.0,,
instagram,post,3656387163322897603,@namiione Which side will win? 💖 #Undecided #Heart #model #おすすめ #fyp #gal #gravure #ai #AIグラビア #AIPhoto #stablediffusion #japanesegirl,https://www.instagram.com/p/DK-GMCvKNTD/,,,neutral,2025-06-16T17:35:41.000Z,2,0,1,0,0.0,3,5.0,,
instagram,post,3656273696186012108,#undecided #cannot #decide #justmight #perhaps,https://www.instagram.com/p/DK9sY4OxZHM/,,,neutral,2025-06-16T13:50:11.000Z,204,0,2,0,0.0,206,210.0,,
instagram,post,3656127074282108223,"No more confusion 😀
#homenursing #nurses #caregiver #carenthusiast #careers #geriatrics #reach4care #hospitallife #geriatric #caretaker #seniors #seniorcitizen #seniorcitizenday #seniorcitizenlife #routines #routine #oldage #oldagehome #oldagehomes #grandma #grandpa #helper #reliabilty #helpers #security #care #undecided #memed",https://www.instagram.com/p/DK9LDP8RfU_/,,,neutral,2025-06-16T08:58:52.000Z,1,0,0,0,0.0,1,1.0,,
instagram,post,3655686930064539236,"#takealookalbum
#nataliecole
#9juin1993

#lovers
#takealook
#undecided
#fiestainblue
#itssandman
#dontexplain
#crymeariver
#allaboutlove
#calypsoblues
#iwishyoulove
#astimegoesby
#lettherebelove
#crazyhecallsme
#toocloseforcomfort
#thiswillmakeyoulaugh
#swingingshepherdblues
#imbeginningtoseethelight
#imgonnalaughyourightoutofmylife",https://www.instagram.com/p/DK7m-TsiP5k/,,,neutral,2025-06-15T18:24:23.000Z,1,0,0,0,0.0,1,1.0,,
instagram,post,3655643255619072485,"Don't know how I feel about this since it's so minimalist compared to my usual Acrylic paintings.  It may grow on me. But what do you think? Add birds in the sky perhaps? Or something else?......#art
.
.
.#artist #funartwork #minimalistart #simple #supportartists ##originalart ##happyart #studiotime #createdtocreate #createeveryday #femaleartist ##womenartists #artofbeingfemale ##abstract #abstractart #abstraction #undecided
#landscape",https://www.instagram.com/p/DK7dCwsujHl/,,,neutral,2025-06-15T16:57:37.000Z,11,0,3,0,0.0,14,20.0,,
instagram,post,3655105184313753245,"🦋✨ Have You Read The Crimson Moth? ✨🦋

I read this one a few months ago and I’m so keen to know what others thought! 🥀
I’m still trying to work my feelings out! At the time it didn’t grab me but I often find myself thinking about it! 
Do I read the Rebel Witch?✨🤔
Did you love it, hate it, or feel the same as me? 

#BookTalk #TheCrimsonMoth #DarkRomanceReads #kristinciccarelli #undecided",https://www.instagram.com/p/DK5isyvtb6d/,,,neutral,2025-06-14T23:08:33.000Z,1,0,0,0,0.0,1,1.0,,
instagram,post,3654232353049916892,"✔️Cast your vote, I’m hosting a workshop in mid-July and looking for recommendations on the title. The purpose of the session is to address the fact that many people stress about holiday expenses and often turn to credit cards. I want to help people to build a proactive plan that gives them peace of mind and financial control – 6 months ""before"" the holiday, avoiding paying for the holiday months later.
The hope is the conversation, and workbook will position someone to help them align money with their values (gifting, family traditions, generosity). Can you help me decide which of the workshop titles you like and think align with the message I’m sharing because I can’t decide.

#castyourvote #savingfortheholidays #undecided",https://www.instagram.com/p/DK2cPbSR7Xc/,,,neutral,2025-06-13T18:14:24.000Z,0,0,0,0,0.0,0,0.0,,
instagram,post,3653782530941555856,"#Undecided 😅😅😅😅
Pa ❤️ nmn saan mgandang eh profile dto ☺️

Good morning ☀️ ❤️",https://www.instagram.com/p/DK019pzTJSQ/,,,neutral,2025-06-13T03:20:41.000Z,0,0,0,0,0.0,0,0.0,,
instagram,post,3653774709343431685,This piece is sitting in my studio.  What will it become? I can’t decide.  Stay tuned ☀️,https://www.instagram.com/p/DK00L1XuKwF/,,,neutral,2025-06-13T03:05:09.000Z,24,0,8,0,0.0,32,48.0,,
instagram,post,3653740596237303573,"Today marks 11 years since we lost our legendary frontman, Jim Keays.

Jim wasn’t just the voice of The Masters Apprentices, he was our brother in rock. From the raw energy of his performance on “Undecided” to the timeless power of “Because I Love You,” Jim’s passion and presence helped define an era of Australian music and inspired generations to come.

We miss his fire, his wit, and his unwavering belief in the music. His spirit lives on in every note we play and in the hearts of fans around the world who still sing along.

Raise a glass, spin a record, and join us in honouring the man who gave it everything - Jim Keays (1946-2014).
Gone, but never forgotten. 🎤🎸

https://myeloma.org.au/donating-to-myeloma-australia/

#JimKeays #MastersApprentices #AussieRockLegend #BecauseILoveYou #11YearsOn #Undecided #LivingInA ChildsDream #BoyFromTheStars #510Man #ElevatorDriver #ThinkAboutTomorrowToday #TurnUpYourRadio",https://www.instagram.com/p/DK0sbbEJf8V/,,,neutral,2025-06-13T01:57:22.000Z,55,0,6,0,0.0,61,73.0,,
instagram,post,3653174836218846478,"Experimenting with pinhole image as an aquatint ….
.
#undecided #etching #intaglio #printmaking #decisionsdecisions",https://www.instagram.com/p/DKyryh_OF0O/,,,neutral,2025-06-12T07:13:18.000Z,11,0,1,0,0.0,12,14.0,,
instagram,post,3652914550311881586,"2016

CELEBRATING THE FARM (for Jill) - FANTASY #20  Monday. June 11 2018.  Monotype. Collage. Acrylic medium lead pencil carbon pencil gouache on paper 4 1/4”x 6”
#arttoday #contemporaryart #abstractart #abstractlandscape#color #expressive #inventive#abstractnarrative #artgalleries #nyartworld #curators #collectors #tinyworks. #? Will I continue?  #tinyislimiting and #difficult #yet challenging. #bascha mon. #undecided. #NEW LAND still on hold #artistoninstagram",https://www.instagram.com/p/DKxwm32Mgty/,,,neutral,2025-06-11T22:36:10.000Z,56,0,0,0,0.0,56,56.0,,
instagram,post,3652476595264010564,There isn’t a title I can decide on for this artwork . I like the parts and haven’t made up my mind about the whole . I’m interested what it says to you . #undecided #partsandwhole #uptoyou #dearreader,https://www.instagram.com/p/DKwNBybI7lE/,,,neutral,2025-06-11T08:06:01.000Z,-1,0,1,0,0.0,0,2.0,,
instagram,post,3651908433469539687,"Thorium reactors are like the solid-state batteries of nuclear power: vastly superior, yet forever on the horizon. But now, a Danish company is closer than ever to turning them into a reality. These aren’t just thorium reactors — they’re small modular reactors, designed to function as shipping container-sized, self-maintaining batteries that operate reliably for years. So, how is this company tackling such an ambitious engineering challenge? When might commercial thorium reactors finally arrive? And is thorium the missing piece in the clean energy puzzle? 

Video link in the bio!

#energy #engineering #fissile #future #greenenergy #moltensalt #moltensaltreactor #nuclear #nuclearenergy #nuclearengineering #nuclearpower #nuclearreactor #physics #renewableenergy #science #sciencenews #smallmodularreactor #technews #thorium #thoriumreactor #undecided #undecidedwithmattferrell #undecidedmf",https://www.instagram.com/p/DKuL18hNIVn/,,,neutral,2025-06-10T13:17:14.000Z,18,0,1,0,0.0,19,21.0,,
instagram,post,3652051089256636274,🖤 #tuesdayselfie #haironpoint #mightcutitoffthough #undecided #fypage #explorepage,https://www.instagram.com/p/DKusR3EuF9y/,,,neutral,2025-06-10T18:00:37.000Z,127,0,6,0,0.0,133,145.0,,
instagram,post,3651673906713659251,"Can’t decide 🤣

#undecided #chrisbrown #viral #explore #explorepage",https://www.instagram.com/p/DKtWhIdOwdz/,,,neutral,2025-06-10T05:31:13.000Z,0,0,0,0,0.0,0,0.0,,
instagram,post,3651595992617932466,"“Warning: May cause spontaneous neck pain from excessive head-turning.”🏁🚗🔥💨 

📸: @kimmmdona 
Location: @vipcarwashtoronto 
Team: @team_undecided 

#subaru #subie #subiegang #subiedaily #subielove #subaruwrx #subieflow #wrx #dailycars #undecided #thesix #carporn #torontocar #northyork #carcare",https://www.instagram.com/p/DKtEzVTO1ay/,,,neutral,2025-06-10T02:56:25.000Z,96,0,2,0,0.0,98,102.0,,
instagram,post,3650885864042092049,"“Built to break hearts and budgets.” ❤️💳 

@team_undecided 

#subie #subaru #wrx #subiedaily #subiegang #dailycars #toronto #vip #thesix #undecided #teamundecided #subienation #subieflow",https://www.instagram.com/p/DKqjVmhuVYR/,,,neutral,2025-06-09T03:25:31.000Z,52,0,0,0,0.0,52,52.0,,
instagram,post,3650151611616543971,"Show me your tattoos🙌 👁
So I'm thinking I want a tattoo. Here are the 4 things that come to mind 
1. I love butterflies 🦋 for transformation 
2. My love for dogs 🐾❤️ here and gone 🌈
3.  Beautiful souls i know at peace🕊💫
4. My love for the moon 🌙 ☀️✨️
Gosh, maybe I need a couple hahaha any suggestions? 
#tattoothoughts #maybeatattoo #iwantatattoo #thoughts #getinked #undecided",https://www.instagram.com/p/DKn8Y0quUTj/,,,neutral,2025-06-08T03:06:42.000Z,14,0,3,0,0.0,17,23.0,,
instagram,post,3649811396202234643,"𝐇𝐚𝐩𝐩𝐲 𝐁𝐢𝐫𝐭𝐡𝐝𝐚𝐲 𝐭𝐨 𝐌𝐚𝐫𝐟 🎂🎉

好開心可以親手送到禮物俾妳！
希望妳會鍾意💕

✿願這件作品 成為妳的小小勇氣🤍

#AirBrainStory #手作飾品 
#擁抱日常的勇氣 #裂痕的光 
#Marf #Muffins #Undecided #Marf生日快樂",https://www.instagram.com/p/DKmvCCXzoMT/,,,neutral,2025-06-07T15:50:45.000Z,116,0,0,0,0.0,116,116.0,,
instagram,post,3649733195672436112,I’m going to let my friends and followers decide. TOP or BOTTOM? Both will be leather wrapped to match interior. #youdecide #help #lapatrona #steeringwheel #undecided #impala #wagon #64 #64impala,https://www.instagram.com/p/DKmdQEdAb2Q/,,,neutral,2025-06-07T13:15:23.000Z,7,0,8,0,0.0,15,31.0,,
instagram,post,3649429576812405352,"💫Undecided💫

🌟Be🌟Selfish🌟Make 🌟A 🌟Wish🌟For 🌟Me🌟 

🥹Don’t Judge Me🥹

🙏🏽Smile Even If It Hurts🙏🏽
🥹New Journey🥹

🫣This Hair&Nail Journey Is CRAZY🫣

🥰I Can’t Believe How Much It Grew🥰One Day I’ll Look Back JUST To Make A Collage When I’m Strong Enough. Right Now I Still Have A Lot Of Healing To Do🥰

🤪Crazy Hair And IDK🤪
🤪Hawk Nails And I Don’t Care🤪

🙏🏽This Battle Isn’t Easy When The Support Is A Struggle. Don’t Give Up, Keep Pushing. I Battle To Smile Everyday With Things Weighing Heavy On Me But We Can’t Give Up🙏🏽

💚Find 1 Thing To Make You Smile Each Day & Try To Love Yourself A Little More Each Day💚Mine Is Listening To Chris Browns Music💚

🧿Life Is Life-ING🧿One Day, I’m Going To Be Able To Embrace The Nature Of Life🧿

🙄I HATE MY NOSE🙄 

 #MENTALHEALTHISREAL #1111 #beselfish #makeawishforme #chrisbrown #happyplace #healing #tryingmybest #onedayatatime #musicismytherapy #HAPPYPLACE #thankyouchrisbrown #yourmusichelps #teambreezy #CB #11:11  #healing  #crystals  #messyhair #messyhairdontcare #teambreezy #teambreezyforever #ohmylove #teambreezyforlife #undecided 
#crazyhairandidontcare #crazyhairidk #hawknails #thegymismypsychward #gym  #newjourney",https://www.instagram.com/p/DKlYN1WtSJo/,,,neutral,2025-06-07T03:12:08.000Z,2,0,0,0,0.0,2,2.0,,
instagram,post,3649322354171699556,"@ship.hop was a blast! Huge thanks to @kthechosen & @shipandanchorpub for having me! & shoutout to @moon_pie_666 for these 🔥 shots!

Next up: Friday, June 27th @theatticyyc 📍
I’ll be performing with a live band at “Soulstice Sessions” by @yychiphopdaily & @namoki.ent ! Come catch a stacked lineup and vibe out live!
Tickets in bio! 🎤🎶

I’m also dropping a brand new single that same day! Can’t wait for y’all to hear it! Pre-save link in bio! 🚀🔥

#polosho #undecided #kindé #liveshow #hiphop #liveband #shiphop #liveperformance #calgary #soulsticesessions #yycmusic #yychiphopdaily #namokientertainment #livemusic #yycartists #yycontherise #vibesonly #theattic #summerconcert #newmusic",https://www.instagram.com/p/DKk_1ifS-Fk/,,,neutral,2025-06-06T23:39:06.000Z,49,0,5,0,0.0,54,64.0,,
instagram,post,3649002537047704030,Thankful to get this beaut in the first Indiana No Scope Tourney. Life and work threw me off my musky rhythm this spring. Before this fish I only had a handful of trips and 30”ers to show for it…But the bs is in the past and it’s time to start Dream Chasin again.  #thankful #42” #4thplace #bigwatervacationsoon  #munuscong? #stclair? #torch #undecided,https://www.instagram.com/p/DKj3HllOkHe/,,,neutral,2025-06-06T13:03:41.000Z,45,0,8,0,0.0,53,69.0,,
instagram,post,3648776277450490863,"🏀 OldSchool Basketball League: Game Schedule
🗓 Date: Tuesday, 10 June 2025
📍 Location: Concord Oval Recreation Centre

Get ready for another electrifying night of hoops! Here’s what’s on deck:

🕖 7:00 PM – Leftovers 🆚 Monstars
🕢 7:45 PM – Undecided 🆚 Formosa Kings
🕣 8:30 PM – Scorpions 🆚 Inner City Tigers

Bring the energy. Bring the noise. It’s game time! 🏀🔥

#OldSchoolLeague #ConcordHoops #GameNight #BasketballSchedule #Monstars #FormosaKings #InnerCityTigers #Leftovers #Scorpions #Undecided",https://www.instagram.com/p/DKjDrE6TwPv/,,,neutral,2025-06-06T05:34:09.000Z,0,0,0,0,0.0,0,0.0,,
instagram,post,3648388087592040678,#WeirdButInteresting #MangoAndMilk #DontShakeIt #IWantToLikeIt #ThingsForgottenInTheCabinet #Undecided,https://www.instagram.com/p/DKhraK7sLjm/,,,neutral,2025-06-05T16:42:53.000Z,1,0,0,0,0.0,1,1.0,,
instagram,post,3647615239366909809,"Yesterday I shared a desert inspired pair of paintings. In that post I mentioned how those two paintings were part of a grouping of four. 

Here are the other two!

While the other two took a turn to feel more light, these two stayed behind to simmer in the earthy, jewel tone, yumminess! 

I haven’t yet decided if I want to bring these two forward to join their brighter siblings, but while I decide, I’ll enjoy their mysterious nature.

#mystery #paint #darktone #jeweltones #painting #art #artist #desert #inspiration #wip #undecided #abstract #color #form #shape #line",https://www.instagram.com/p/DKe7rv7xB9x/,,,neutral,2025-06-04T15:07:22.000Z,46,0,2,0,0.0,48,52.0,,
instagram,post,3645368661863923667,"Which do you prefer please? 
The 1st or 2nd?
I redid my pleinair at home, spliting my hair over the color palette.

#undecided 
#lisahuangart 
#explorehongkong
#everydaylisa
#danielsmithwatercolor 
#danielsmithartistmaterial
#danielsmithgouache
#saunderswaterford
#urbansketches 
#watercolor 
#hkartist 
#hkarts
#hkartscollective
#linesbylisa 
#pleinair 
#instart #instartist
#besthkwatercolor
#aquarelle 
#loveart 
#uskhk 
#urbansketchers
#pleinairpainting 
#linedrawing
#watercolorart",https://www.instagram.com/p/DKW83vlvX_T/,,,neutral,2025-06-01T12:43:50.000Z,86,0,2,0,0.0,88,92.0,,
instagram,post,3644829283471843961,"At The Duke Academy, our Saturday morning training sessions are exceptional, featuring elite athletes who exemplify dedication and commitment to the pursuit of greatness. This Saturday morning line up includes 

Aiden Hall - LSU Commit
Evan Burg - Tulane Commit
Jakai Anderson - SMU Commit
Addie Stein - Coastal Alabama
Peyton Depolitte- Millsaps
TJ Duhe - Kansas Wesleyan
Jakobie Anderson - Alcorn State
Gavin Berry Undecided
Tucker Wade - Orange Beach High School
Slate Rousse - GetchaMindRight Academy

Together, these talented individuals are pushing their limits for greatness.#greatness #grind #hardworkovertalent #tda #karrcougars #rummel #chapellechipmunks #orangebeachhighschool #getchamindrightacademy#undecided #holycrosstigersfootball #alcornstateuniversity #tulanebaseball #kansaswesleyan #millsapscollege #lsutigersfootball #smufootball🏈 #unlvfootball #coloradofootball",https://www.instagram.com/p/DKVCOwUR-J5/,,,neutral,2025-05-31T18:52:11.000Z,133,0,2,0,0.0,135,139.0,,
instagram,post,3644756844425295583,Congratulations Lutèce for committing both to Sciences Po in France and Columbia University! We wish you the best of luck in your dual bachelors degree. #sciencespo #governmentandpolitics #columbiauniversity #undecided,https://www.instagram.com/p/DKUxwoMpLbf/,,,neutral,2025-05-31T16:28:15.000Z,137,0,13,0,0.0,150,176.0,,
instagram,post,3644206934370029316,"our sweet talia is officially off to her dream school, clemson ✨🐅we couldn’t be prouder of this girl as she starts this exciting new chapter. we are soo happy and excited for you. WE 🧡 YOU T-BONE!! #clemson #paris #undecided",https://www.instagram.com/p/DKS0uYjJA8E/,,,neutral,2025-05-30T22:15:41.000Z,33,0,4,0,0.0,37,45.0,,
instagram,post,3643899686864569045,"Check out my blog post today about a book idea I have for 2026. The cover may or may not be replaced if I go through with it, it's just something I threw together on Canva. Link in the bio or copy and paste below.

https://toryrichards.com/blog/f/2026

#bookidea #romancebooks #mafiaromance #romancereaders #amthinkingaboutwriting #amthinkingaboutit #amwriting #author #readersofinstagram #books #undecided #blogpost #romanceauthor #bookideas",https://www.instagram.com/p/DKRu3WAuELV/,,,neutral,2025-05-30T12:05:14.000Z,35,0,5,0,0.0,40,50.0,,
instagram,post,3642712164558731520,#Undecided #NotAsGoodAsIHoped #VitaminFix #HumpDayDrinks,https://www.instagram.com/p/DKNg2nrhHkA/,,,neutral,2025-05-28T20:45:50.000Z,1,0,0,0,0.0,1,1.0,,
instagram,post,3642574999052961393,#bottlerock2025 #goose #everythingmustgo #dripfield #autumncrossing #undecided #buytheconcerttickets #nikon,https://www.instagram.com/p/DKNBqmWRUZx/,,,neutral,2025-05-28T16:13:19.000Z,2,0,0,0,0.0,2,2.0,,
instagram,post,3642159173990649513,"🤷‍♂️ Sit On The Fence 🤷‍♀️	
.
Meaning: To remain neutral	
.
Sentence: You can’t 🤔 sit on the fence forever—eventually, you’ll have to make a decision!
.
#sitonthefence #neutral #undecided #unsure #everydaychat #beidiomatic #vernacular #vernaculartalk",https://www.instagram.com/p/DKLjHjFJI6p/,,,neutral,2025-05-28T02:27:09.000Z,16,0,0,0,0.0,16,16.0,,
instagram,post,3641879538092516232,Kitchen cabinets (currently grey: SW morning fog) a last look before they get a fresh coat of white paint to match the new shaker cabinet #whitesail #greekvilla #snowbound #cleanslate #crushedice #chantillylace #frostine #sherwinwilliams #benjaminmoore #kitchen #refresh #undecided #white #paint #colors #toomanyshadesofwhite #sendhelp,https://www.instagram.com/p/DKKjiT2xKOI/,,,neutral,2025-05-27T17:11:34.000Z,6,0,0,0,0.0,6,6.0,,
instagram,post,3641761576680516744,"It’s no secret that tech companies are racing to build “artificial general intelligence,” or AI that can match a human brain without needing a lifeline. But our brains already do the same heavy lifting with just a fraction of the resources. Whether it’s energy, water, land, components, or, you know… money… human brains are just way cheaper. Right now, you can either buy a human brain cell-based computer... or rent time on a remote one. Yep, even brainpower’s got a subscription plan these days. So what can these living computers actually do? How do they work? And, most importantly, should we be freaking out a little bit? 

Video link in the bio!

#ai #aiinnovation #biocomputer #biocomputing #biologicalai #biologicalcomputing #business #documentary #futuristictech #humanbraincells #neuroncomputer #news #physics #science #undecided #undecidedwithmattferrell #usnews #worldnews",https://www.instagram.com/p/DKKItvutWyI/,,,neutral,2025-05-27T13:17:15.000Z,12,0,1,0,0.0,13,15.0,,
instagram,post,3641747407055978025,#undecided,https://www.instagram.com/p/DKKFfjPRX4p/,,,neutral,2025-05-27T12:49:02.000Z,42,0,0,0,0.0,42,42.0,,
instagram,post,3641345120796164916,"BIER-Tagebuch

Welches Bier habe ich denn heute Nacht getrunken?

Wir machen euch jetzt unsere App (kurz vor dem Start) schmackhaft unter anderem mit dem BIER-Tagebuch. 

Wer will denn nicht wissen wo er/sie was getrunken hat. Wir haben die heutige Nacht skizziert wo und was wir getrunken haben.

HEUTE:
Im Arsch & Friedrich, in der UNDECIDED Bar und im Biergarten O’Sheas Irish Pub

➖➖➖➖➖➖➖➖➖➖
Was hast du gestern getrunken?
🔻

➖➖➖➖➖➖➖➖➖➖

#biertagebuch #washabeichgesterngetrunken #nürnberg #arschundfriedrich #undecided #osheas #ohmybeer",https://www.instagram.com/p/DKIqBg9qEM0/,,,neutral,2025-05-26T23:29:46.000Z,12,0,2,0,0.0,14,18.0,,
instagram,post,3641048859597838507,"Am 17. Mai verwandelte sich das COSMOS, mit Hilfe von @csd.coburg und dem @cosmoscoburg in einen sicheren Ort des Widerstands und der Sichtbarkeit zum IDAHOBIT – dem Internationalen Tag gegen Homo-, Bi-, Inter- und Transfeindlichkeit. 🏳️‍🌈🏳️‍⚧️

Mit einer Ausstellung über queeren Widerstand, einem Performance-Workshop von Leman Sevda Darıcıoğlu und organisierten Konzerten von @un.de.cid.ed mit @coseymueller , @warm_exit und den @ff161_official wurden starke Zeichen gegen Queerfeindlichkeit gesetzt. 

🎤 Cosey Mueller – elektronische Klangwelten treffen auf Rock
🎸 Warm Exit – belgischer Post-Punk mit Sonic Intensity
🔥 Freaky Faggots – Coburgs queere Newcomer mit energiegeladenem Debüt

Ein unvergesslicher Abend voller Empowerment, Solidarität und queerer Kunst. 🏳️‍🌈💥

Wir merken: Egal ob Slam, Jam oder Gig - ihr habt Bock. Und wir auch!

More on its way ✨

Stay tuned and hydrated 🥨🫶

#idahobit2025 #cosmoscoburg #queercoburg #queer #queerartist #queermusic #queerresistance #pridecoburg #queersolidarity #gegenqueerfeindlichkeit #queerpride #pride #concert #events #kultur #livemusik #punk #punkrock #alternative #undecided #undecidedcoburg #co5mo5 #co5mo5coburg",https://www.instagram.com/p/DKHmqWOK5ir/,,,neutral,2025-05-26T13:41:09.000Z,32,0,0,0,0.0,32,32.0,,
instagram,post,3640919901469504658,"Ano kaya kakainin ko😅😅magsiopao na lng o magsaing taz mega ulam?buhay ng tamad😅😜🤣
#undecided",https://www.instagram.com/p/DKHJVwmvXSS/,,,neutral,2025-05-26T09:24:56.000Z,0,0,0,0,0.0,0,0.0,,
instagram,post,3642480834594797434,College Tours. Where has the time gone? Still deciding on local or out of state.  #duke #Carolina #undecided #college #straightAs #honorstudent,https://www.instagram.com/p/DKMsQU3MPd6/,,,neutral,2025-05-28T13:06:14.000Z,5,0,0,0,0.0,5,5.0,,
instagram,post,3640135986615024309,"Day 1 of 30 Day Challenge complete!

Challenging myself to cut 30 different pieces of fabric. 

Well I’ve actually cut out 2 slightly different fabrics today.  This is because it seems someone has run out of black thread and the labels need stitching before I can do anything else!  Oh well, there’s always tomorrow!

Trying to decide which colour tones I like best…#undecided!

Hope you’ve had a great Sunday! 🩷🌻 Kerri",https://www.instagram.com/p/DKEXGTATfq1/,,,neutral,2025-05-25T07:27:26.000Z,13,0,0,0,0.0,13,13.0,,
instagram,post,3639797934796013699,"I have been a red head for a few years now... it was fun while it lasted, but I needed a change.. so here it is 😂 From red hair to black hair ♡ #BeingAGirlIsHard. #Undecided #FeelingPretty",https://www.instagram.com/p/DKDKO_tt4CD/,,,neutral,2025-05-24T20:15:47.000Z,13,0,0,0,0.0,13,13.0,,
instagram,post,3638942498291000130,did i hear someone say concert snz 🎤,https://www.instagram.com/p/DKAHuwYtSNC/,,,neutral,2025-05-23T15:56:11.000Z,352,0,67,0,0.0,419,553.0,,
instagram,post,3638832730714260832,"💦 Get ready to make waves this summer! 💥
Join us for the ultimate POOL PARTY at The Artiste, Forum Mall, Kochi 🌴🍹

📅 May 31 | Saturday
🕕 6 PM onwards
🎧 Featuring electrifying sets by AikeeAah & Undecided

👙 DRESS CODE: A Sunny Day Out
💃 Ladies walk in FREE all night
👫 Couples FREE entry till 9 PM

📍Hosted by: Luxus Group
📞 For more info: +91 88482 45208 | +91 85900 70088

Let’s turn up the heat and dive into the beats! 🌊🎶
#PoolParty #KochiEvents #ForumMall #TheArtiste #LuxusGroup #AikeeAah #Undecided #SummerVibes #PartySeason #MarriottBonvoy #KochiNights",https://www.instagram.com/p/DJ_uxbXScVg/,,,neutral,2025-05-23T12:18:06.000Z,309,0,10,0,0.0,319,339.0,,
instagram,post,3638756305125365013,"Make your own customized T-shirts and other products.
Why wear what everyone’s wearing? The perfect T-shirt is the one that matches your vibe. Customize yours now & place your order.

💥

💥

💥

#tshirt #fashion #tshirts #tshirtdesign #clothing #kaos #style #fashion #viral #streetwear #ootd #fit #lifestyle #clothingbrandowner #pinterestfits #pintereststyle #pinterestfashion #pinterestinspo #atlstreetwear #explore #explorepage #undecided #fashioninspo #fashioninfluencer #undecided4u #mensfashion #fits #fitcheck #streetwear #torontofashion",https://www.instagram.com/p/DJ_dZSfNdUV/,,,neutral,2025-05-23T09:46:15.000Z,292,0,0,0,0.0,292,292.0,,
instagram,post,3638463170773519957,I have these sets of yarn and I was wondering if anyone had some shawl or wrap patterns that would show off the colours? #rainbowsandsprinkles #indiedyedyarn #yarnsets #patternchoices #undecided #toomuchyarnisnotathing,https://www.instagram.com/p/DJ-avn2TA5V/,,,neutral,2025-05-23T00:03:51.000Z,0,0,0,0,0.0,0,0.0,,
instagram,post,3638430964956822258,"Elly unentschlossen...

#frettchen #ferret #ferretsofinstagram #cute #undecided #unentschlossen #suess #lieb #liebschauen",https://www.instagram.com/p/DJ-Ta92CHry/,,,neutral,2025-05-22T22:59:52.000Z,27,0,0,0,0.0,27,27.0,,
instagram,post,3638230807539599213,😭😭😭😭😭😭😭😭,https://www.instagram.com/p/DJ9l6SuR8dt/,,,neutral,2025-05-22T16:22:11.000Z,-1,0,105,0,0.0,104,314.0,,
instagram,post,3637841738145790126,"🪱🦠❓

Grypania “Giant Cyanobacterium or Undecided” 

Group: Incertae Sedis
Date: Proterozoic 
Size: 1 cm
Location: North America, India, China 

Grypania is an early, tube shaped fossil from the Proterozoic eon. The organism, with the size over one centimeter and consistent form, could have been a giant bacterium, a bacterial colony, or a eukaryotic alga. The oldest probable Grypania fossils date to about 1,870 million years ago and the youngest extended into the Ediacaran period. This implies is over 1 billion years older than the next known eukaryote fossil to be found. 

#grypania #cyanobacterium #uncertain #undecided #incertaesedis #proterozoic #prehistoric #paleoart #journal #art #ink #drawings #pen #notes #billionyearsago #bacterium",https://www.instagram.com/p/DJ8NclnRPiu/,,,neutral,2025-05-22T03:29:10.000Z,3,0,0,0,0.0,3,3.0,,
instagram,post,3637575853313321268,#ChrisBrown released ordered to pay $6.7M bail in #London 🤯 •swipe• #HHUCIT | 🎥: @tmz_tv,https://www.instagram.com/p/DJ7Q_dER2k0/,,,neutral,2025-05-21T18:40:54.000Z,-1,0,1,0,0.0,0,2.0,,
instagram,post,3636688151200979997,"You’ve seen the headlines. The viral demos. AI writing essays, generating photorealistic images, even creating entire videos. But something much more important is happening behind the scenes. AI is solving problems we thought were decades away, curing diseases and inventing new materials. But there’s a paradox. Because this same AI revolution that’s supposedly going to create incredible wealth for companies, might be laying the groundwork for an economic collapse that threatens the very progress it's helping to create. 

Video link in the bio!

#ai #ainews #aiparadox #airevolution #algorithm #chatgpt #data #generativeai #generativeart #generativemodels #greatdepression #headlines #news #openai #paradox #soraaivideogenerator #undecided #undecidedwithmattferrell #undecidedmf",https://www.instagram.com/p/DJ4HJsDNNwd/,,,neutral,2025-05-20T13:17:15.000Z,5,0,1,0,0.0,6,8.0,,
instagram,post,3636645288745996368,"🏀 OldSchool Basketball League: Ranking Update 🏀
🗓 Date: Tuesday, 20 May 2025
📍 Location: Concord Oval Recreation Centre

📊 Current Team Standings:
1️⃣ MONSTARS
2️⃣ UNDECIDED
3️⃣ SCORPIONS
4️⃣ INNER CITY TIGERS
5️⃣ LEFTOVERS
6️⃣ FORMOSA KINGS
7️⃣ BIG BALLS & BUCKETS

The competition is heating up—Undecided leapfrogs Scorpions into 2nd! Who will rise next? 🔥🏀

#OldSchoolLeague #RankingUpdate #OSBL2025 #Monstars #Undecided #Scorpions #InnerCityTigers #BasketballStandings #TuesdayHoops",https://www.instagram.com/p/DJ39Z9RzZBQ/,,,neutral,2025-05-20T11:52:02.000Z,0,0,0,0,0.0,0,0.0,,
instagram,post,3636640347201601999,"🏀 OldSchool Basketball League: Match Results 🏀
🗓 Date: Tuesday, 20 May 2025
📍 Location: Concord Oval Recreation Centre

Big performances, close finishes, and strong statements—what a night! 🏀💪
Stay tuned for more action next week!

#OldSchoolLeague #MatchResults #Monstars #Scorpions #InnerCityTigers #FormosaKings #Undecided #BigBallsAndBuckets #OSBL2025 #TuesdayHoops",https://www.instagram.com/p/DJ38SDGzgHP/,,,neutral,2025-05-20T11:42:13.000Z,0,0,0,0,0.0,0,0.0,,
instagram,post,3636638028447810050,"🏀 OldSchool Basketball League: Scores Update 🏀
🗓 Date: Tuesday, 20 May 2025
📍 Location: Concord Oval Recreation Centre
What a night! Tight matchups, clutch plays, and big-time performers! 💥🏀
See you next week for more OldSchool hoops action!
#OldSchoolLeague #ScoresUpdate #Monstars #Scorpions #InnerCityTigers #FormosaKings #Undecided #BigBallsAndBuckets #PlayerOfTheGame #TuesdayBasketball #OSBL2025",https://www.instagram.com/p/DJ37wTmTwIC/,,,neutral,2025-05-20T11:37:37.000Z,0,0,0,0,0.0,0,0.0,,
instagram,post,3636342474341724603,"Persuasion · 2025
#undecided #friends #phototaking #photoshooting #streetphotos #streetphotography #modelphoto #youngwomen #youth #memories #memoriesforlife #smile #japaneseculture #kimono #sayhi #sayhello #goodtoseeyou #nicemeetingyou",https://www.instagram.com/p/DJ24jbYzbG7/,,,neutral,2025-05-20T01:50:24.000Z,4,0,0,0,0.0,4,4.0,,
instagram,post,3634665274536550448,"With or without the bathrobe? 🤔 

#me #man #inthebathroom #with #without #bathrobe #withorwithout #dressed #undressed #shower #wethair #messyhair #tattoo #indecision #undecided #question #nofilter #nofilters",https://www.instagram.com/p/DJw7M9WMuAw/,,,neutral,2025-05-17T18:18:06.000Z,5,0,1,0,0.0,6,8.0,,
instagram,post,3634402214358137335,@namiione Which side will win? 💖 #Undecided #Heart #model #おすすめ #fyp #gal #gravure #ai #AIグラビア #AIPhoto #stablediffusion #japanesegirl,https://www.instagram.com/p/DJv_Y7dtbn3/,,,neutral,2025-05-17T09:35:30.000Z,5,0,2,0,0.0,7,11.0,,
instagram,post,3634286520255206593,"Aiqua's STYLING!

_

BAGは　@lapoche_official  TESS
次は何色を作ろうかしら♡

展示会は6月です！
ディーラーさん中心ですが、
一般のお客様も新作をご覧いただけます。
詳細決まりましたらお知らせさせて下さい❣️

______________________________

Tops  #undecided
Pants #basemark
Shoes 50s #cowboyboots 
Shirts Non
Bag @lapoche_official  TESS

#used
#vintageclothing
#古着
#militaryvintage 
#styling
#aiquasstyling",https://www.instagram.com/p/DJvlFW7zVTB/,,,neutral,2025-05-17T05:45:35.000Z,361,0,2,0,0.0,363,367.0,,
instagram,post,3633876648933666176,Congrats Madison! #undecided #uofrochester,https://www.instagram.com/p/DJuH48hRy2A/,,,neutral,2025-05-16T16:11:15.000Z,32,0,1,0,0.0,33,35.0,,
instagram,post,3633465345736429279,"🏀 OldSchool Basketball League: Game Schedule 🏀
🗓 Date: Tuesday, 20 May 2025
📍 Location: Concord Oval Recreation Centre

📅 Matchups:
🕖 7:00 PM — MONSTARS 🆚 SCORPIONS
🕢 7:45 PM — INNER CITY TIGERS 🆚 FORMOSA KINGS
🕣 8:30 PM — UNDECIDED 🆚 BIG BALLS & BUCKETS

Get ready for a massive night of hoops! Who’s taking the W? 🔥🏀

#OldSchoolLeague #GameNight #ConcordOval #Monstars #Scorpions #InnerCityTigers #FormosaKings #Undecided #BigBallsAndBuckets #TuesdayBasketball #OSBL2025",https://www.instagram.com/p/DJsqXskT87f/,,,neutral,2025-05-16T02:34:04.000Z,0,0,0,0,0.0,0,0.0,,
instagram,post,3633146352305267482,".
""Hmm, I'm wondering: should I move and catch that one birdy up ahead, or should I just sit back and watch all the birdys that come to visit us? What do you think?
.
🩶💚🩶 ~Pushkin 
.
#russianbluecat #russianblue #russischblau #russianbluesofinstagram #greycats #katzenliebe #catlover #myboy #lovehim #handsome #catphoto #catphotography #catsofinstagram #catstagram #catsoninstagram #beautifulfur #wondering #undecided
.",https://www.instagram.com/p/DJrh1uyKWMa/,,,neutral,2025-05-15T16:00:17.000Z,-1,0,62,0,0.0,61,185.0,,
instagram,post,3633068702895298606,"Und da war dieser Raum – voll mit Worten, Musik... und Brezeln 🥨✨

Wir sind undecided, ein neu gegründetes Veranstaltungskollektiv aus Coburg und am 26. April zusammen mit @fac.e.v hatten wir unseren allerersten Slam & Jam im @cosmoscoburg Was sollen wir sagen? Es war voll. Es war gesellig. Es war schön. Und ihr wart da. 🫶

Vom Workshop bis zum offenen Mic, von Texten mit Gänsehaut-Potenzial bis zur Anekdote aus der Kindergartenzeit, alles untermalt von einer entspannten Jam-Session — wir hatten mehr Besuch als erwartet und mindestens genauso viele gute Vibes.

Wir sind bereit für mehr.
Mehr Bühne, mehr Menschen, mehr Magie. Vielleicht auch mehr Brezeln.

Stay tuned and hydrated! 🥨✌️ 

#cosmoscoburg #poetrycommunity #poetryslam #poetry #poetryisnotdead #jamsessions #openjamsession #openjamstage #jamstage #music #musicproducer #musik #gedichte #gedichteschreiben #workshop #poetryworkshop #gedichtworkshop #undecided #undecidedcoburg #co5mo5 #co5mo5coburg #events #musicevent #jamevent #poetryevent #slamandjam #alternative #kunst #alternativekunst",https://www.instagram.com/p/DJrQLyIqdgu/,,,neutral,2025-05-15T13:26:00.000Z,29,0,2,0,0.0,31,35.0,,
instagram,post,3633000675199201246,"When it’s this pretty- you do it again- but different 😉 👯‍♀️ 💎 💎 please swipe ⬅️

#engagementrings #undecided #diamondringgoals #instajewerly #torontojewellery #custommade #ntj",https://www.instagram.com/p/DJrAt2aAK_e/,,,neutral,2025-05-15T11:10:51.000Z,22,0,2,0,0.0,24,28.0,,
instagram,post,3632781537701349699,"(un)decided
Emboidered Rayon short Tee
#undecided #embroidery #tee
#fashiongram",https://www.instagram.com/p/DJqO4-tSUlD/,,,neutral,2025-05-15T03:55:27.000Z,19,0,0,0,0.0,19,19.0,,
instagram,post,3631930320490447153,"風に燃える
ほどのいたみをかかえて
道草をくうには
読書はうってつけの
こころもとなさ

（視線をもつれさせながらも
あくびをぐっとかみしめては
ページを繰るみじかさはかなさを
たったひとりでたえなければならない）

ときにはセミの幼虫の夜長のように
読書はうってつけの
こころもとなさ
#undecided",https://www.instagram.com/p/DJnNWI5zcEx/,,,neutral,2025-05-13T23:44:14.000Z,1,0,0,0,0.0,1,1.0,,
instagram,post,3631849033636094842,guess where i’m going! 🐗 #fay,https://www.instagram.com/p/DJm63QnuaN6/,,,neutral,2025-05-13T21:02:44.000Z,-1,0,87,0,0.0,86,260.0,,
instagram,post,3631674546646035599,"Maybe we should tell the farmer how good the pears taste with cheese. 
And when the farmers in charge will want to finally do something for themselves, maybe we will learn a bit about considering other people, about looking after each other and this one planet we get to live in (realistically since none of us have enough money saved up for another galaxy). 

I wish the pears were sweeter but I am happy with what I got. 

Brie | Pere | Forno 

#brieandpears #warmfruit #brieandpeartart #isitsummeryet #doiwantittobesummeryet #undecided #andmaybeiwonthavetoworry #sincewemightalldie 

There is an Italian saying ""Al contadino non fare sapere, Quant'è buono il cacio con le pere!"" which translates to ""don't let the farmer know how good the cheese is with pears!"" And like what kinda self-serving mf came up with it anyway.

Made by the dual efforts of @astrozucchina and @caribba",https://www.instagram.com/p/DJmTMI8qiyP/,,,neutral,2025-05-13T15:16:04.000Z,32,0,4,0,0.0,36,44.0,,
instagram,post,3631614788308975249,"Freshwater may soon flow from the deep sea to drought-stricken coastal cities. A handful of companies are betting that crushing deep sea pressures can replace the energy-hungry pumps and toxic chemicals that are an inconvenient truth of desalination. By going the extra quarter-mile into the ocean, they’re pioneering a way to turn saltwater into freshwater — slashing costs, curbing pollution, and reducing environmental harm in the process. How on earth…or, under earth…does this work? And could it solve our global water crisis? 

Video link in the bio!

#deepsea #desalination #drinkingwater #drought #freshwater #howdesalinationworks #howseawaterdesalinationworks #news #potablewater #saltwater #seawaterdesalination #undecided #undecidedwithmattferrell #wateravailability #watercrisis #waterdesalination #watershortage",https://www.instagram.com/p/DJmFmiqNj6R/,,,neutral,2025-05-13T13:17:24.000Z,16,0,2,0,0.0,18,22.0,,
instagram,post,3631581964954214709,"🏀 OldSchool Basketball League: Ranking Update 🏀
🗓 Date: Tuesday, 13 May 2025
📍 Location: Concord Oval Recreation Centre

📊 Current Standings:
1️⃣ MONSTARS
2️⃣ SCORPIONS
3️⃣ UNDECIDED
4️⃣ INNER CITY TIGERS
5️⃣ LEFTOVERS
6️⃣ BIG BALLS & BUCKETS

Monstars stay on top with another strong showing, while Scorpions and Undecided climb the ranks with clutch wins. The competition is heating up! 🔥🏀

#OldSchoolLeague #RankingUpdate #ConcordOval #TuesdayBasketball #Monstars #Scorpions #Undecided #InnerCityTigers #Leftovers #BigBallsAndBuckets",https://www.instagram.com/p/DJl-I5hz6E1/,,,neutral,2025-05-13T12:12:07.000Z,0,0,0,0,0.0,0,0.0,,
instagram,post,3639094758858332538,"What does your Friday Feeling have you drinking?

@cascahuin 48 🤔 

You know this is in the BS Stables 🔥 

#fridayfeels #soca #goodvibes #highproof #iphone #outdoors #undecided",https://www.instagram.com/p/DKAqWcFvJl6/,,,neutral,2025-05-23T20:58:42.000Z,33,0,3,0,0.0,36,42.0,,
instagram,post,3631581606039176484,"🏀 OldSchool Basketball League: Match Results 🏀
🗓 Date: Tuesday, 13 May 2025
📍 Location: Concord Oval Recreation Centre

Final Scores:
👾 Monstar 56 🆚 💥 Big Balls & Buckets 36
🌟 Player of the Game: #14 Sukhw

🤔 Undecided 32 🆚 🥡 Leftovers 31
🌟 Player of the Game: #10 Rob

🦂 Scorpions 43 🆚 🐯 Inner City Tigers 40
🌟 Player of the Game: #24 Ray

Big plays, tight finishes, and standout performances defined the night. Massive respect to all teams for bringing the energy! 💥🏀

#OldSchoolLeague #MatchResults #ConcordOval #TuesdayBasketball #Monstar #Scorpions #Undecided #InnerCityTigers #Leftovers #BigBallsAndBuckets #PlayersOfTheGame #Sukhw #Rob #Ray",https://www.instagram.com/p/DJl-DrQzsUk/,,,neutral,2025-05-13T12:11:24.000Z,0,0,0,0,0.0,0,0.0,,
instagram,post,3631574577618640604,"🏀 OldSchool Basketball League: Scores Update 🏀
🗓 Date: Tuesday, 13 May 2025
📍 Location: Concord Oval Recreation Centre

Final Scores:
⏱ 7:00 PM – BIG BALLS & BUCKETS 🆚 MONSTAR
⏱ 7:45 PM – LEFTOVERS 🆚 UNDECIDED
⏱ 8:30 PM – SCORPION 🆚 INNER CITY TIGERS

🔥 Results and Players of the Game coming soon! Stay tuned for the full recap!

#OldSchoolLeague #ScoresUpdate #ConcordOval #TuesdayBasketball #Monstar #Leftovers #Undecided #Scorpion #InnerCityTigers #BigBallsAndBuckets",https://www.instagram.com/p/DJl8dZiTF7c/,,,neutral,2025-05-13T11:57:27.000Z,0,0,0,0,0.0,0,0.0,,
instagram,post,3631516206588609687,"new arrivals.

2025.05.15(Thu)〜

@undecided_tokyo 
25SS Collection

お取り置きやお問い合わせはDMにて承っております。

#FOUNTAIN
#大分セレクトショップ
#oita
#セレクトショップ
#undecided",https://www.instagram.com/p/DJlvL_RycSX/,,,neutral,2025-05-13T10:01:28.000Z,23,0,0,0,0.0,23,23.0,,
instagram,post,3630621574060197026,"#undecided 
#iamamountainpipol 
#bakiforever",https://www.instagram.com/p/DJijxXzukSi/,,,neutral,2025-05-12T04:24:00.000Z,0,0,0,0,0.0,0,0.0,,
instagram,post,3630566239570958860,"""Undecided...should I stay or should I go?""🤔😉🤷🏼‍♀️...#kelownabctattoo #punctuationmatters
#mistakenidentity #tattooshops
#undecided#curbappeal #downtown
#Kelowna 🤣🤣",https://www.instagram.com/p/DJiXMJjJxoM/,,,neutral,2025-05-12T02:34:03.000Z,6,0,0,0,0.0,6,6.0,,
instagram,post,3630425340448858680,"Just another day of life. 🖋️

.
.
.
.
#life #day #waste #lazy #writers #writing #writersofinstagram #undecided #exercise #motivation",https://www.instagram.com/p/DJh3JzBB-I4/,,,neutral,2025-05-11T21:54:07.000Z,1,0,0,0,0.0,1,1.0,,
instagram,post,3629556362560326888,"pink or light brown laces?

#travisscot #airjordan #1 #retro #low #og #specialproject #velvetbrown 
#pinklaces #undecided #whattodo 
#nicekicks #kickstagram 
#icravesneakers",https://www.instagram.com/p/DJexkgSqszo/,,,neutral,2025-05-10T17:07:37.000Z,75,0,3,0,0.0,78,84.0,,
instagram,post,3629522492138357067,"Looking especially at you, romantasy and classical romance writers 🧐
#MakeRomanceGreat #RomanceBooks #Undecided",https://www.instagram.com/p/DJep3oAMoFL/,,,neutral,2025-05-10T16:00:13.000Z,5,0,0,0,0.0,5,5.0,,
instagram,post,3629520636143308590,"It’s hard to say goodbye to something that has been my whole life for these past 2 years! SAU Tech gave me more than just an education it gave me a second family! 

To my teammates- thank you for always sticking by my side and having my back no matter what! All the early mornings, long bus drives, wins, losses, and laughs will forever be cherished! I can’t wait to see how each and every single one of you grow as you begin the next chapter of your life! I love each and every one of y’all thank you for everything❤️

To my Coach- Thank you for giving me the opportunity to play college softball! You have picked me up and made me the person I am today! You took all of us in and called us your own and i am so thankful to have a coach like you! If it wasn’t for you i wouldn’t be the pitcher i am today and i owe that all to you! through the good and bad you had my back and helped me push through anything and everything! You are someone i strive to be like one day I love you! 💛

Softball is more than just a sport it’s a home to me! I’m so thankful for all the memories and people i have met along the way! SAU Tech you will be missed but who knows… maybe this isn’t the end… #undecided 
Go Rockets Forever and Always🚀",https://www.instagram.com/p/DJepcneRY8u/,,,neutral,2025-05-10T15:56:38.000Z,65,0,23,0,0.0,88,134.0,,
instagram,post,3628717583517376576,"DONT LOOK AT ME
——> LOOK AT ME WITH THIS CAT
#dontlookatme #lookatme #undecided #catperson #catguy #cattitude",https://www.instagram.com/p/DJby2qbxGBA/,,,neutral,2025-05-09T13:21:06.000Z,73,0,10,0,0.0,83,103.0,,
instagram,post,3628613724983279012,"9:30 p.m. ♪

【 Hubert Laws / Romeo & Juliet 】

♪ Undecided ♪

#2130music
#HubertLaws
#Romeo&Juliet
#Undecided

#BobJames
#records #Vinyl #レコード #cd #citypop #jazz #soul #funk
#松戸 #新松戸 #musicbar着々 #midmellow
#音ライブラリー",https://www.instagram.com/p/DJbbPUovD2k/,,,neutral,2025-05-09T09:54:45.000Z,215,0,0,0,0.0,215,215.0,,
instagram,post,3628569600797184975,"🏀 OldSchool Basketball League: Game Schedule 🏀
🗓 Date: Tuesday, 13 May 2025
📍 Location: Concord Oval Recreation Centre
🕡 6:30 PM – BIG BALLS & BUCKETS 🆚 MONSTAR
🕖 7:15 PM – LEFTOVERS 🆚 UNDECIDED
🕗 8:00 PM – SCORPION 🆚 INNER CITY TIGERS
Get ready for another night of high-energy matchups and highlight plays! Bring the heat, bring the noise! 🔥🏀
#OldSchoolLeague #GameSchedule #ConcordOval #TuesdayBasketball #BigBallsAndBuckets #Monstar #Leftovers #Undecided #Scorpion #InnerCityTigers",https://www.instagram.com/p/DJbRNOyTBPP/,,,neutral,2025-05-09T08:27:05.000Z,0,0,0,0,0.0,0,0.0,,
instagram,post,3628541474388748641,"I’m ready to love myself! I’m ready to go, no, I don’t, I don’t need nobody else!❤️

May 5th I reported for Bevrijdingsfestival Utrecht ( @bevrijdingsfestivalutrecht ) in Park Transwijk in celebration of 80 years of liberation.

RONDÉ ( @rondemusic ) was the third artist to perform on the main stage (Sena Performers Podium) that day.

It was 'Hard To Say Goodbye' to RONDÉ after their incredible performance with songs such as 'Love Of My Life', Undecided', 'Bright Eyes', their newest single 'How Do I Feel' and more. I really hope I can shoot for them more often😇

——————
The rest of the photos are visible on the website of @festivalinfonl at Festivalinfo -> Verslag -> Bevrijdingsfestival Utrecht

De rest van de foto’s en het verslag zijn zichtbaar op de website van @festivalinfonl onder Festivalinfo -> Verslag -> Bevrijdingsfestival Utrecht
——————

#concert #concertphotography #livemusic #concerts #photographer #utrecht #parktranswijk #festival #bevrijdingsdag #bevrijdingsfestival #ronde #musicphotographer #photos #photography #festivalinfo #undecided #loveofmylife #lovemyself #hardtosaygoodbye #brighteyes #festivalphotography #festivalphotographer #liberationday",https://www.instagram.com/p/DJbKz8Btqlh/,,,neutral,2025-05-09T07:31:12.000Z,26,0,2,0,0.0,28,32.0,,
instagram,post,3628492276596675752,"(un)decided
embroidered short L-2B 
小花柄の刺繍が散りばめられたL-2Bタイプのジャケット
裾はカットされており、軽さとシルエットのバランスが良い感じ
ワンピに合わせて着たい1着。
#undecided #L2B #seveskig",https://www.instagram.com/p/DJa_oBAyxSo/,,,neutral,2025-05-09T05:53:28.000Z,21,0,0,0,0.0,21,21.0,,
instagram,post,3628030667562516441,"🇰🇷 X @omio.jp 🇯🇵
🧠 @pel.b & @omio.jp 

오랜만에 만난 기념으로 안무 짜봤는데~! 너무 좋은데 안무 수업 열면 놀러오실분~? 

#torylanez #vvsken #undecided #losttapes2022 #choreography #hiphopdance #힙합안무 #힙합댄스 #안무",https://www.instagram.com/p/DJZWquGSX_Z/,,,neutral,2025-05-08T14:36:20.000Z,97,0,4,0,0.0,101,109.0,,
instagram,post,3627598328661021126,"My only way is to become rich.

#undecided 
#mastesal",https://www.instagram.com/p/DJX0XXHpBHG/,,,neutral,2025-05-08T00:17:21.000Z,1,0,0,0,0.0,1,1.0,,
instagram,post,3626541347344040338,"Every crashing wave delivers a pulse of power. Add them all up, and the ocean carries more energy than the roughly 30,000 TWh of electricity generated globally in 2023. But for decades, wave power has been a sea of broken dreams. But in 2023, buoys from a Swedish company called CorPower survived record-breaking 60-foot waves — and kept sending clean power to the grid. With costs plunging and the first full wave farms on the horizon, a decades-old dream might finally be about to break through. So the question is: Is wave energy finally ready for prime time — or will it be just another shipwreck in the history of clean power? 

Video link in the bio!

#ecowavepower #emissionfreeenergy #energy #oceanenergy #oceanpower #offshorerenewableenergy #renewableenergy #solar #sustainableenergy #undecided #undecidedwithmattferrell #waveenergy #wavepowerbuoy #wavepowerplant #wavepowerstation #windenergy",https://www.instagram.com/p/DJUECQjtUGS/,,,neutral,2025-05-06T13:17:21.000Z,18,0,3,0,0.0,21,27.0,,
instagram,post,3625298060553318664,"2 Timothy 4:11 KJV ""Only Luke is with me. Take Mark, and bring him with thee: for he is profitable to me for the ministry.""

#Paul #urgency #Barnabas #patience #JohnMark #undecided #profitable #freepik 

#God #david #Jesus #Counsels #GdJCounsels",https://www.instagram.com/p/DJPpWDgMXEI/,,,neutral,2025-05-04T20:07:07.000Z,1,0,0,0,0.0,1,1.0,,
instagram,post,3625144481448328962,"When boredom strike! Naka hunahuna kog putlan ko nalang kaya akong buhok 🤔 Ikaw putol Jesson Canoy 😁

#undecided #highlightseveryonefollowers2025",https://www.instagram.com/p/DJPGbL0Mf8C/,,,neutral,2025-05-04T15:02:00.000Z,0,0,0,0,0.0,0,0.0,,
instagram,post,3624892847843050113,"Whawhawhawhat???
#undecided",https://www.instagram.com/p/DJONNbwigKB/,,,neutral,2025-05-04T06:42:02.000Z,20,0,0,0,0.0,20,20.0,,
instagram,post,3624365931847097778,"The City of San Antonio will hold a General Election for the Mayor and City Council on May 3, 2025. Polls will be open from 7 a.m. - 7 p.m. at over 300 locations. 🇺🇸 @cosagov 

🇺🇸 Information for voting found below! ⬇️ 

https://www.bexar.org/3184/Election-Day-Vote-Information
•
•
•
•
•
•
#Vote #Voting #election #Democrat #Republican #Independent #Green #Undecided #ElectionDay #Satx #sanantonio #sanantoniotexas",https://www.instagram.com/p/DJMVZy_xh2y/,,,neutral,2025-05-03T13:15:09.000Z,-1,0,11,0,0.0,10,32.0,,
instagram,post,3624042755732545566,"The City of San Antonio will hold a General Election for the Mayor and City Council on May 3, 2025. Polls will be open from 7 a.m. - 7 p.m. at over 300 locations. 🇺🇸 @cosagov 

🇺🇸 Information for voting found below! ⬇️ 

https://www.bexar.org/3184/Election-Day-Vote-Information
•
•
•
•
•
•
#Vote #Voting #election #Democrat #Republican #Independent #Green #Undecided #ElectionDay #Satx #sanantonio #sanantoniotexas",https://www.instagram.com/p/DJLL69yRCAe/,,,neutral,2025-05-03T02:33:03.000Z,486,0,9,0,0.0,495,513.0,,
instagram,post,3623630794863483289,"He isn’t sure if he is ready for today. 
🐾
#notsureaboutthis #undecided #notsureabouttodayyet #amireadytostartmyday #vizsla #vizslagram #vizslamom #vizslalove #vizslaoftheworld #vizsladog #vizsladaily #vizsladog #vizslalife #vizslaofinstagram #vizslaobsessed #vizslacommunity #riseandshine #vizslalover_feature #vizslamoments #vizslavibes #vizslaoftheday",https://www.instagram.com/p/DJJuQJVARmZ/,,,neutral,2025-05-02T12:54:34.000Z,125,0,3,0,0.0,128,134.0,,
instagram,post,3623118075311563508,"We're halfway through the #Inferno7s Women's+ division, and things are heating up! 🔥

👑 #LCFC came out HOT with 4 wins from 4, but the crown isn't safe just yet...
😈 #Undecided has made up their minds, and are sitting pretty in second place.
👊 #TGR only lost to LCFC by one and is plotting for the rematch.
👀 Meanwhile, #Casamigas and #Panthers are both lurking and have what it takes to shake things up.",https://www.instagram.com/p/DJH5rGCPiL0/,,,neutral,2025-05-01T19:55:53.000Z,-1,0,0,0,0.0,-1,-1.0,,
instagram,post,3622272059565727202,Congratulations to Belen Palomino on her commitment to Point Loma Nazarene University! #belenpalomino #undecided #PLNU #CONGRATS,https://www.instagram.com/p/DJE5T8ePN3i/,,,neutral,2025-04-30T15:55:00.000Z,100,0,9,0,0.0,109,127.0,,
instagram,post,3622223702501932650,"Trying out this shark fin style diffuser on the mk5, I didn’t want to put it on at first because I wasn’t sure about it but now it’s on I don’t think it looks too bad 🤷🏻‍♂️

lmk your thoughts ⬇️

#volkswagen #mk5 #golf #gti #volkswagengolf #volkswagengti #volkswagengolfgti #mk5golf #mk5gti #mk5golfgti #golfgti #vw #vwgolf #vwgolfgti #vwgti #vagcars #vagnation #vagalliance #carmods #maxtondesign #carphotography #carsofinstagram #undecided",https://www.instagram.com/p/DJEuUQcoL5q/,,,neutral,2025-04-30T14:18:55.000Z,21,0,1,0,0.0,22,24.0,,
instagram,post,3621485817245386955,"- 復刻嘶吼 Vol.04 -

復刻，是重現，也是雕塑。
嘶吼，是熱情，也是態度。
復刻嘶吼
重現我們對音樂的熱情。
雕塑我們對音樂的態度。

日期：2025/05/17 (六)
時間：14:00-22:00 (13:45開始入場)
地點：Corner House 角落文創（南港）
台北市南港區忠孝東路六段21號1 F

交通資訊:
捷運：板南線後山埤站 4號出口
停車場：CityParking平面停車場(忠孝東路六段62號)

票卷資訊:
https://www.accupass.com/event/2504090644062531604240

-------------------------------------------------
復刻嘶吼 Vol.04
世界先進/聯發科/台積電/友達/趨勢科技 熱音社聯合演出

05/17/2025,@ Corner House 角落文創
-------------------------------------------------
#復刻嘶吼
#科蚪音樂節
#蝌蚪音樂節
#冬季戀歌
#夏祭
#新竹市科技產業音樂文化發展協會
#竹科熱音社聯盟
#熱音社
#世界先進熱音社
#聯發科熱音社
#台積電熱音社
#友達熱音社
#趨勢科技熱音社
#已婚人士
#21樂團
#AntiFuture
#dopamine
#KODOMO
#台灣價值
#たまたま
#tamatama
#Undecided Yet
#桑德凱特
#UForce
#7xDoor
#酩酊Yopparai
#WeeklyReport
#CORNERHOUSE
#角落文創
-------------------------------------------------",https://www.instagram.com/p/DJCGinQBsjL/,,,neutral,2025-04-29T13:52:53.000Z,43,0,0,0,0.0,43,43.0,,
instagram,post,3621163979762984085,Tabachin #Tabachin #flamboyant  #youssoundour  #Senegal #africamusic #undecided #cuernavacamorelos #árboles  Cuernavaca,https://www.instagram.com/p/DJA9XQvNmSV/,,,neutral,2025-04-29T03:13:27.000Z,2,0,0,0,0.0,2,2.0,,
instagram,post,3621082638393841698,"After procrastinating this project for weeks, it's finally on the wall!! YAY!!! Next is to figure out what greenery to put in the space and finish decorating. #undecided #unfinished

#myrelovedhomedecor #vintagereseller #businessowner #entrepreneur #interiordesign #dyiqueen #dyi #taketherisk",https://www.instagram.com/p/DJAq3lrzJgi/,,,neutral,2025-04-29T00:31:50.000Z,0,0,2,0,0.0,2,6.0,,
instagram,post,3626809119839835514,"Not sure what to major in? You’re not alone, and you don’t have to figure it all out just yet. Here are 10 top colleges that are perfect for undecided majors (aka the curious, the creative, and the multi-passionate) ‼️ 

From designing your own major to flexible core requirements, these schools give you room to discover what fits.

Which one surprises you the most? 👀 Drop it in the comments!
Save this list for later and tag a friend who’s still exploring.

Ready to build a personalized college list that fits you?
🔗 Click the link in our bio to schedule a free consultation with one of our admissions experts!",https://www.instagram.com/p/DJVA63IM1V6/,,,neutral,2025-05-06T22:09:22.000Z,270,0,4,0,0.0,274,282.0,,
instagram,post,3620394175141363485,don’t ask me where i’m going 😁😁 #undecided #seniorsunday,https://www.instagram.com/p/DI-OVIUMb8d/,,,neutral,2025-04-28T01:43:59.000Z,-1,0,95,0,0.0,94,284.0,,
instagram,post,3619337015700957026,"The City of San Antonio will hold a General Election for the Mayor and City Council on May 3, 2025. Polls will be open from 7 a.m. - 7 p.m. at over 300 locations. 🇺🇸 @cosagov 

🇺🇸 Early voting will be from April 22nd - 29th, 2025.

🇺🇸 Information for voting found below! ⬇️ 

https://www.bexar.org/3184/Election-Day-Vote-Information
•
•
•
•
•
•
#Vote #Voting #election #Democrat #Republican #Independent #Green #Undecided #ElectionDay #Satx #sanantonio #sanantoniotexas #saturday #fiesta #VivaFiesta",https://www.instagram.com/p/DI6d9b3Rydi/,,,neutral,2025-04-26T14:43:36.000Z,608,0,19,0,0.0,627,665.0,,
instagram,post,3618452153644090017,"Sometimes, you have to sit on the humans feet 👣

What do I want? 

Treat? Fussing? Cuddles? A walk? Playtime?

#undecided #attentionseeker #attention #bulldog #bullyofinstagram #bully #bulldogsofinstagram #puppy #bulldogs #bullybreed #englishbulldog #instabully #bullylove #bulldoglove #bulldoglife #stud #bullies #englishbulldogs #bulldogpuppy #theworldofbullies #bulldogsofig #bulldoglovers #bulldogingles #bulldogdays #englishbulldogstud #englishbulldogpuppy",https://www.instagram.com/p/DI3Uw_2tAKh/,,,neutral,2025-04-25T09:25:32.000Z,9,0,0,0,0.0,9,9.0,,
instagram,post,3618243664486624674,"@apecinamawa 

#bahuchithawadiya #watchwithmebahuchithawadiya #බහුචිතවාදියා #undecided #srilankancinema #sinhalafilm",https://www.instagram.com/p/DI2lXFMiG2i/,,,neutral,2025-04-25T02:31:18.000Z,1,0,0,0,0.0,1,1.0,,
instagram,post,3618115516801938991,"And the best part of lifeeee!!!! Flew over to celebrate Festival Season!!! What a wild time ❤️‍🔥❤️‍🔥❤️‍🔥

 #Undecided #fvckbeingSAD #saintjhn",https://www.instagram.com/p/DI2IOSXTvYv/,,,neutral,2025-04-24T22:16:41.000Z,-1,0,2,0,0.0,1,5.0,,
instagram,post,3617392525251492159,"It's been a journey, growing my hair out. I'm still undecided if I want to keep it. Hmmmmm...... #hairexperiment #keepit #undecided",https://www.instagram.com/p/DIzj1YAxLk_/,,,neutral,2025-04-23T22:20:14.000Z,10,0,3,0,0.0,13,19.0,,
instagram,post,3616590991610265078,,https://www.instagram.com/p/DIwtlhozr32/,,,neutral,2025-04-22T19:47:50.000Z,0,0,0,0,0.0,0,0.0,,
instagram,post,3616591025844130001,"from jerz. not 100% committed but we lit! #undecided

Instagram: @user123456778999",https://www.instagram.com/p/DIwtmBhThDR/,,,neutral,2025-04-22T19:47:50.000Z,54,0,1,0,0.0,55,57.0,,
instagram,post,3616432061098894825,"Shall I ? 

Shan't I ? 

Pick before the High Winds & Torrential Rain forecast later 😬 

#undecided",https://www.instagram.com/p/DIwJcyEIiXp/,,,neutral,2025-04-22T14:31:59.000Z,8,0,1,0,0.0,9,11.0,,
instagram,post,3616394418756828991,"When is a battery more than just a battery? That’s not a riddle. A battery is more than a battery when it’s also a wall… or a floor, or even part of your car, or a plane. But what if that same battery could cut a laptop’s weight in half or slim your phone down to the thickness of a credit card? That’s the mind-bending potential of structural batteries, which combine energy storage and structural support into a single material. It’s a wild idea that could reshape how we build electronics, vehicles, and even aircraft — if we can make it work. Designing something that satisfies the needs of a structure and a battery is not easy. Is the juice worth the squeeze? 

Video link in the bio!

#battery #batterytechnology #BYD #electricvehicles #energystorage #evs #innovation #masslessstructuralbattery #structuralbattery #structuralbatterypack #undecided #undecidedwithmattferrell #undecidedmf",https://www.instagram.com/p/DIwA5A5tL8_/,,,neutral,2025-04-22T13:17:14.000Z,9,0,1,0,0.0,10,12.0,,
instagram,post,3616380422533307560,"Accepted offer, signed contract and will be moving forward on May 28. #nextchapter #sold #whereilaymyheadishome #overlandbound #buyanewhouse #westvirginia #desert #mountains #tennessee #undecided",https://www.instagram.com/p/DIv9tV5xlyo/,,,neutral,2025-04-22T12:49:22.000Z,8,0,0,0,0.0,8,8.0,,
instagram,post,3616058399532614390,"A great day at a beautiful University. 
❤️ 🖤 
I am very impressed at the campus, and academic programs that Texas Tech has. Highly recommend checking it out. 
#undecided",https://www.instagram.com/p/DIu0fSnNYL2/,,,neutral,2025-04-22T02:09:34.000Z,58,0,0,0,0.0,58,58.0,,
instagram,post,3613754078963628507,So which one yall like the most I got to pick one for this wedding tomorrow lol send help!!! #undecided 🤔,https://www.instagram.com/p/DImojA2Pvnb/,,,neutral,2025-04-18T21:51:18.000Z,0,0,0,0,0.0,0,0.0,,
instagram,post,3613748416636315495,"As I am packing for Boston, suddenly I get happy, nervous butterflies in my stomach when trying to decide which pair of my super shoes to use for the Boston Marathon - the purple Adidas Adizero were used for the Tokyo Marathon - The Yellow Nike Zoom Alpha Fly 2024 were used for Chicago Marathon , the light Yellow Zoom Alpha Fly 2023 have never been used - here’s my solution- am a bring all of them and  I can decide on Monday morning which ones to use. Done and done 😂 #marathonshoes #undecided #anythingispossible #bostonmarathon2025 #choosetobeawesome #lordhelpmedecide",https://www.instagram.com/p/DImnQnZPOdn/,,,neutral,2025-04-18T21:40:03.000Z,56,0,17,0,0.0,73,107.0,,
instagram,post,3613354079927433118,"2025.04.18(Fri)
[お香の日..]
•
みなさま、こんばんは。毎日、何かの記念日。本日は「お香の日」なんだとか。日本書紀に「推古3年(595年）の4月、淡路島に沈香が漂着した」と記されたことを由来に、「香」の字を解体した「一十八日」と合わせて、4/18としたんだとか。なるほど、なるほど。かくいう当店、レギュラーの方々はご存知と思いますが、いつもお気に入りのお香を焚いております。元々は、外苑前にあった名店「詩人の血」で焚かれていたもの。その店の大ファンだった私たちが、敬愛と思い出とともに引き継いでおります。残念ながら、昨年、閉店となってしまった「詩人の血」。UGオジさんも、ワタクシも、彼の地(血？)で、数多くの素敵な方々と出会いました。店主はミホさん、とても素敵な方です。お元気かな？今宵は、そんな思い出に浸りながら、このお香の香りに合うかな？と思った選曲にて、UG Music Bar、オープンいたします ; )
•
そんな今宵のオススメは、「パルフェタムール・フィズ」をご用意。バラやスミレの花びらに、バニラやオレンジピールなどのフレーバーを感じられるリキュール「パルフェタムール」に、レモンジュースを合わせてソーダで仕上げます。華やかな花の香りに包まれ、優しい甘みを感じられる、季節感ぴったりな1杯です ; )
•
BGM:
Youssou N’Dour with Neneh Cherry – “Undecided (Deep Forest Deep Radio Mix)” (1994)
*taken from “Undecided” 12EP, Pre-Owned.
•
*This is Available at UG Music Bar and will be at UG Online Store ; )
*こちらの商品は、UG Music Barにて(UG Online Storeでは近々)、お求めいただけます ; )
•
•
[R Bakery : 営業のごあんない]
•
きっと、たぶん、世界でいちばん小さなパン屋さん”おうちぱんR. Bakery”！
今週の店頭販売は、4/17(木)、18(金)、20(日)。
•
そして、4/19(土)は東遊園地で開催のファーマーズ・マーケットに出店です。
今月は「いちごまつり」。地元の農家さんはもちろん、お菓子やパンにも限定いちご味が揃います。マイバッグご持参で、お散歩がてら、お越しくださいー！
詳細は、プロフィール・リンクから”R Bakery”のページをご覧ください ; )
•
•
[夜のパン屋さん、R.ナイトBAKERYのお知らせ]
•
「夜のパン屋さんコーナー」開店しております！
「おうちパンR.BAKERY」、夕方17:30までの営業につき、お仕事帰りにお店に行けないよー！とのお声にお応えして、夕方に焼きたてのパンをご用意して、当店にて販売することといたします！名付けて「おうちパン R.ナイトBAKERY」。パンだけのご購入、もちろんWelcomeですので、夜のパン屋さん、ぜひ、ご活用ください！
•
•
[UG Music Bar : 営業のごあんない]
Every Day except Tuesday 17:00 OPEN / 24:00 CLOSE
*NO CHARGE - HAPPY HOURS - 17:00>>19:00
Every Tuesday - Regular Holiday / ４月より火曜定休に変更となりました！
•
•
#NOWAR
#PrayersForAllVictimsOfWar
#MusicWithAttitude
#三宮ゴールデン通り
#WeLiveLikeVinylRecordsAndSurvive
#お香の日
#YoussouNDour
#NenehCherry
#DeepForest
#Undecided
#パルフェタムールフィズ
#MakeYourTomorrowBetterThanToday",https://www.instagram.com/p/DIlNmQtyHee/,,,neutral,2025-04-18T08:36:34.000Z,-1,0,0,0,0.0,-1,-1.0,,
instagram,post,3613206982814945981,"迷うマイケル💕

#ベンガル #ベンガル猫 
#undecided #ねこ部 
#ねこすたぐらむ 
#にゃんすたぐらむ 
#猫のいる暮らし 
#猫のいる生活 
#猫のいる幸せ 
#ブリーダー 
#alancathee",https://www.instagram.com/p/DIksJt2pVK9/,,,neutral,2025-04-18T03:44:19.000Z,16,0,0,0,0.0,16,16.0,,
instagram,post,3612865951515889091,"Two sides.

#twoside #undecided #face #head #portrait #closeup #woman #lips #makeup #makeupartist #fashion #style #womanstyle #hair #girl #girls #artwork #artgallery #artoftheday  #ai_art #ai #digitalmarketing #digitaldrawing #digitalartist #digitalpainting #digitalillustration",https://www.instagram.com/p/DIjenDtNU3D/,,,neutral,2025-04-17T16:26:45.000Z,382,0,17,0,0.0,399,433.0,,
instagram,post,3612798221904760336,"Tricky weather makes choosing hot or iced a tough call ☕️🧋 - get both 😆

#hotoriced #latté #spring #undecided #coffeeshop #coffeetime #buffalocoffee #coffeelover #sunnybutcold",https://www.instagram.com/p/DIjPNdly84Q/,,,neutral,2025-04-17T14:12:11.000Z,-1,0,0,0,0.0,-1,-1.0,,
instagram,post,3612601974830438513,"🤍🪞🤍🪞🤍🪞🤍

📸 by; My Baby Girl Geweweweeelll @aqeela_anp 

🥰🥰🥰🥰🥰🥰🥰

#girlstime💕 #mommydaughterdate❤️ #undecided #iloveyoursmile #thankyou❤︎ #love #latepost #17maret2025",https://www.instagram.com/p/DIiilsQpJhxhQcklvnSj6fNpimgYJ6QW04zMvk0/,,,neutral,2025-04-17T07:42:16.000Z,21,0,0,0,0.0,21,21.0,,
instagram,post,3612198485823626424,"IDS Student Spotlight: 🔦

Meet Katie Abramson (‘27) who started at Endicott as an Interdisciplinary Studies Major. 

After taking Finding Your Path (IDS115) her freshman year, she found her path and decided to major in Criminal Justice! 

Swipe to learn more about why she chose Endicott as an IDS major, how Finding Your Path helped her find a major she wanted to pursue, and her advice for incoming freshman who are undecided! 💚💙

#thisisendicott #undecided #studentathlete #criminaljustice",https://www.instagram.com/p/DIhG2J1uJy4/,,,neutral,2025-04-16T18:20:36.000Z,58,0,3,0,0.0,61,67.0,,
instagram,post,3611613428441659728,"〈決めない〉

良いとか
悪いとか

できるとか
できないとか

合うとか
合わないとか

決めるんじゃなくて
やってみて感じる

その日
その時に
感じることを

素直に受け取る

 #詩 #ポエム #決めない #素直
 #poem #undecided",https://www.instagram.com/p/DIfB0csS7lQ/,,,neutral,2025-04-15T22:58:12.000Z,2,0,0,0,0.0,2,2.0,,
instagram,post,3611479628885982373,The reads have been tepid. The fashion generic and a little too familiar. The attitudes a bit delusional. But I think I will be voting for Jewels Sparkle in this upcoming election. Or Lexi Love. Or Bob the Drag Queen. #undecided #whoisinthefinale #forgettful #🤪😜😝😛😋🙂 #whereamI,https://www.instagram.com/p/DIejZaJTvyl/,,,neutral,2025-04-15T18:32:22.000Z,0,0,0,0,0.0,0,0.0,,
instagram,post,3611360764448237188,"We had the pleasure of hosting @mattferrell of @undecidedmf at Ecovative HQ this month! 

We have been big fans of Matt’s YouTube channel for quite some time - he toured the @myforestfoods farm with Ecovative CEO and Co-founder Eben Bayer and got to taste some new products that are launching soon! 

#mycelium #ecovative #mybacon #undecided",https://www.instagram.com/p/DIeIXtAuGaE/,,,neutral,2025-04-15T14:36:12.000Z,107,0,0,0,0.0,107,107.0,,
instagram,post,3609918294385031855,"✨Six Books Soon✨

I've been in a weird book mood lately and can't decide what genre I want to read 😂

I'm currently reading Promise Me Sunshine and LOVING it.

Here are six I hope to get to soon.🌸

#sixbookssoon #aprilreads #horror #fiction #familysaga #climatefiction #springreads #undecided #moodreader #weekendvibes #upnext #bookstagram",https://www.instagram.com/p/DIZAZAFAPqv/,,,neutral,2025-04-13T14:50:16.000Z,23,0,3,0,0.0,26,32.0,,
instagram,post,3609135910052289873,"Hey FRIENDS!!

If you’ve been thinking about coming out for some live music, don’t stay #undecided , join us tonight for a grand time at the Belleville JAZZlicious  fest! Bill and I will be playing once more @paulosanddinkels on Bridge Street. What a gorgeous restaurant! And we both had dinner there… Fabulous! There are events happening all over the city for the evening, so you can check out the schedule online.

 https://quintewest.ca/event/belleville-jazzlicious/

#livemusic #belleville #jazzlicious #billbridges #guitar #jazz #blues #vocals #jazzsinger #supportlivemusic #finedining #jazzfest 
@dan.douglas_ 
@lenni.stewart.entertainer",https://www.instagram.com/p/DIWOfz4xd1R/,,,neutral,2025-04-12T12:55:49.000Z,17,0,2,0,0.0,19,23.0,,
instagram,post,3608700242604016077,"The City of San Antonio will hold a General Election for the Mayor and City Council on May 3, 2025. Polls will be open from 7 a.m. - 7 p.m. at over 300 locations. 🇺🇸 @cosagov 

🇺🇸 Early voting will be from April 22nd - 29th, 2025.

🇺🇸 Information for voting found below! ⬇️ 

https://www.bexar.org/3184/Election-Day-Vote-Information
•
•
•
•
•
•
#Vote #Voting #election #Democrat #Republican #Independent #Green #Undecided #ElectionDay #Satx #sanantonio #sanantoniotexas",https://www.instagram.com/p/DIUrcA9R0HN/,,,neutral,2025-04-11T22:30:13.000Z,1542,0,82,0,0.0,1624,1788.0,,
instagram,post,3608589715025060189,"My Sennheiser headphones have finally packed it in and now I am breaking in my new beats. Very different sound off them. #undecided 🤔

Happy Friday 💕",https://www.instagram.com/p/DIUSToIMmFd/,,,neutral,2025-04-11T18:50:37.000Z,2,0,0,0,0.0,2,2.0,,
instagram,post,3608552747134177114,"Here she is!!!

#nissan #silvia #s13 #rps13 #180sx #180sxtypex #200sx #240sx #sr20det #turbo #drift #drifter #killalltires #keepdriftingfun #fitment #kouki #competitionwithstyle #itiswhatitis #schassis #masterchief #originlabo #roadtoallstedt #stylestedt #brokebois #spiritgang #undecided",https://www.instagram.com/p/DIUJ5rGMU9a/,,,neutral,2025-04-11T17:37:11.000Z,265,0,29,0,0.0,294,352.0,,
instagram,post,3608032337306055871,Thanks PG #blessed #undecided,https://www.instagram.com/p/DISTktrP_S_/,,,neutral,2025-04-11T00:23:13.000Z,12,0,0,0,0.0,12,12.0,,
instagram,post,3614381458056758650,I'm in between ok and not ok...I still gotta go to work. Y'all drink water. #life #mood #undecided #work,https://www.instagram.com/p/DIo3MlKO0V6/,,,neutral,2025-04-19T18:37:47.000Z,2,0,0,0,0.0,2,2.0,,
instagram,post,3608534446086990563,"하나, 둘, 셋! 📸

Your favorite #KBeauty and #LashAndDash girlie is here reminding you that it's SO easy to start your very own #RedAspen business! 

If your major is #undecided, swipe through to see 3 reasons Red Aspen is such a great way to be your own boss.

Cliff's Notes:

1) AMAZING products! #PressOnNails, #Makeup, #Skincare - we've got you covered

2) Earn up to 35% commission. That's 3-5. See the website for more details.

3) An empowering community. 

Want to know more? I'll share my notes from class and help get you up to speed!

#RedAspenUniversity #EmpoweringWomen #BYOB #DontForgetYourNotebook

PS: choose your major 😊",https://www.instagram.com/p/DIUFvW6xqrj/,,,neutral,2025-04-11T17:00:25.000Z,1,0,1,0,0.0,2,4.0,,
instagram,post,3607956292520232413,"Me trying to decide which bike to buy next!
#bikelife #undecided",https://www.instagram.com/p/DISCSHczcXd/,,,neutral,2025-04-10T21:52:08.000Z,9,0,0,0,0.0,9,9.0,,
instagram,post,3607911651636837301,"Calling all #undecided and #undeclared students!📚🎓Need help preparing for next semester, need guidance for your next steps? ✨Never fret, we have Drop-ins happening now!✨Our Advisors are available to help you explore options, answer any questions you may have, and guide you down your own path💬 There is no appointment needed, just bring your questions, curiosity, warm smile! 😀 #beardown🐻⬇️ #acenter #universityofarizona #advisors #uofawildcats",https://www.instagram.com/p/DIR4IgYznu1/,,,neutral,2025-04-10T20:23:26.000Z,9,0,0,0,0.0,9,9.0,,
instagram,post,3607200523448814344,"In my #head #planning #tier 1 #session for #tonight

* 2-3 hunna #breadbaskets
* 1 hunna #jumpingjacks 
* 1 hunna #sideturns
* 1 hunna #armraises
* 1 hunna #bodysquats
* 1 hunna more breadbaskets

Only breather available is switching to the next #exercise 

Go upstairs an begin Tier 2
( #undecided on tier 2 just yet ) I’ll #figure it out later…

#physicaldemolition #fit #fitness #painpressure 

Do not try at #home if you can’t handle the pain cause it’s gonna come hitting #harder than a MFer. I’m #conditioned for the shhhh. Get that heart rate up, make that blood flow crazy before I touch them weights. Level 1-10 where do you rate you #tolerence #edurance huh!",https://www.instagram.com/p/DIPWcOpxQsI/,,,neutral,2025-04-09T20:50:33.000Z,0,0,0,0,0.0,0,0.0,,
instagram,post,3606560121727400900,"SB: 110’0.25 🥇In Discus 🥉in Shot Put, see you at home against Sharon next week!!! 

#undecided #junior #trackandfield #thrower #discusthrow",https://www.instagram.com/p/DINE1KEprvE/,,,neutral,2025-04-08T23:38:11.000Z,43,0,2,0,0.0,45,49.0,,
instagram,post,3606247480205024271,"Sodium-ion battery technology isn’t exactly new, but something interesting is happening. CATL, the world’s biggest lithium battery manufacturer, says that up to half the market could switch to sodium. That’s right—the biggest name in lithium batteries is betting against lithium. Looks like lithium might need to recharge its reputation. After all, sodium-ion batteries are nearly as good lithium, and salt is much cheaper and easier to access than lithium. So maybe its not surprising that CATL and some other companies are getting ready to manufacture huge numbers of them in preparation for what could be a massive market shift. But is sodium really the future of energy storage, or is it just another battery technology destined to live in lithium-ion's shadow? 

Video link in the bio!

#batteries #battery #BYD #CATL #energystorage #energystoragebattery #energystoragesolutions #lithiumbattery #natronbattery #natronenergybattery #nextgenbatterytechnology #renewableenergy #sodiumion #sodiumionbattery #undecided #undecidedwithmattferrell",https://www.instagram.com/p/DIL9vn9xJwP/,,,neutral,2025-04-08T13:17:05.000Z,13,0,1,0,0.0,14,16.0,,
instagram,post,3605560842021804758,"Big Congrats to Vincent! @vspimii has officially committed to SUNY Oneonta and while he’s still exploring his passions and interests, we know he’s destined for great things. @sunyoneonta @suny_oneonta_2029 

#undecided#sunyoneonta#lindypride2025🐾",https://www.instagram.com/p/DIJhnuUxJrW/,,,neutral,2025-04-07T14:32:48.000Z,63,0,0,0,0.0,63,63.0,,
instagram,post,3605054312545243535,#7 #IWonTheKidLotto #Undecided #physics #calculus #JaidenAlexanderLOPEZ #TeamLopez babyyyyyy!!!! FOH!,https://www.instagram.com/p/DIHucv_P9GP/,,,neutral,2025-04-06T21:46:25.000Z,4,0,0,0,0.0,4,4.0,,
instagram,post,3604918120415332225,"In case you needed an answer for something today…

Corner: West 72nd Street Downtown B/C 
Station.

#yes #answer #thisistheuniversespeaking #thisistheuniversecalling #needananswer #wantananswer #whatshouldido #undecided #indecisive #uws #uwsnyc #upperwestside #upperwestsidenyc #west72ndstreet #mta mtasubway #subway #subwayart #yokoono #yokoonoart #downtowntrain #ctrain",https://www.instagram.com/p/DIHPe5LuYeB/,,,neutral,2025-04-06T17:15:49.000Z,12,0,0,0,0.0,12,12.0,,
instagram,post,3604487332462069973,"🌊🔥 SUMMER POOL PARTY 🔥🌊
Get ready to dive into the hottest summer vibes! ☀️💦
Join us for an epic night of music, fun, and poolside energy featuring @djaryavarta @skollwolfmusic ! 🎶🎧

📅 Saturday, April 12th
⏰ 7 PM onwards
📍 The Artiste Hotel, Forum Mall, Kochi

👗 Dress Code: A Sunny Day Out ☀️
🙋‍♀️ Ladies Walk-in Free All Night
🧑‍🤝‍🧑 Couple Free Entry till 9 PM

For info & bookings: ➡️📱 +91 88482 45208 | +91 85900 70088

Powered by Luxus Group 🚀
🎟️ Tickets on BookMyShow

#SummerPoolParty #KochiEvents #LuxusGroup #PoolsideVibes #Undecided #XPO #Midon #kochinightlife
#kochi",https://www.instagram.com/p/DIFtiGozAjV/,,,neutral,2025-04-06T02:59:55.000Z,2,0,0,0,0.0,2,2.0,,
instagram,post,3603925206764499520,"🌊🔥 SUMMER POOL PARTY 🔥🌊
Get ready to dive into the hottest summer vibes! ☀️💦 Join us for an epic night of music, fun, and poolside energy featuring @djaryavarta  @skollwolfmusic ! 🎶🎧

📅 Saturday, April 12th
⏰ 7 PM onwards
📍 The Artiste Hotel, Forum Mall, Kochi

👗 Dress Code: A Sunny Day Out ☀️
👩 Ladies Walk-in Free All Night
👫 Couple Free Entry till 9 PM

For info & bookings: 📲 +91 88482 45208 | +91 85900 70088

Powered by Luxus Group 🚀
🎟️ Tickets on BookMyShow

#SummerPoolParty #KochiEvents #LuxusGroup #PoolsideVibes #Undecided #XPO #Midon #KochiNightlife",https://www.instagram.com/p/DIDtuGSRjJA/,,,neutral,2025-04-05T08:23:05.000Z,197,0,5,0,0.0,202,212.0,,
instagram,post,3603569861461265472,"Another colour popping set from my shoot with Orson Carter! 
We got tonnes of epic-ness so you may be seeing plenty from this shoot! 
But I may put a break on them after this set… or maybe 1 more #undecided… but we can find out tomorrow 🫣🤷🏽‍♀️😂😂😍",https://www.instagram.com/p/DICc7JLs8xA/,,,neutral,2025-04-04T20:37:04.000Z,214,0,6,0,0.0,220,232.0,,
instagram,post,3603458530775631183,#Iwonthekidlotto #FOH #BengalPromiseGrant #BuffaloState #UNDECIDED I GLORIFY EXCELLENCE you glorify THAT SLACKER LIFE.,https://www.instagram.com/p/DICDnEZu4VP/,,,neutral,2025-04-04T16:55:53.000Z,2,0,2,0,0.0,4,8.0,,
instagram,post,3603253455363345050,@namiione Which side will win? 💖 #Undecided #Heart #model #おすすめ #fyp #gal #gravure #ai #AIグラビア #AIPhoto #stablediffusion #japanesegirl,https://www.instagram.com/p/DIBU-1CoYqa/,,,neutral,2025-04-04T10:08:30.000Z,3,0,1,0,0.0,4,6.0,,
instagram,post,3603242450030923246,"What colour shall I paint this beauty?
#undecided #frenchicpaint #forsake #canbecommissioned",https://www.instagram.com/p/DIBSerhs43u/,,,neutral,2025-04-04T09:46:34.000Z,2,0,0,0,0.0,2,2.0,,
instagram,post,3603107656569264855,"Damhin ang puso ng bawat Calambeños. Magsimula na tayo ng support hanggang sa election. Mag hit reaction lang ng gusto mong isupport na team na maglilingkod sa bayan ng Calamba Laguna.
#CalamBAGO “heart”
#CalamBALIK “care”
#UNDECIDED “wow”

@highlight",https://www.instagram.com/p/DIAz1LVTRrX/,,,neutral,2025-04-04T05:18:46.000Z,0,0,0,0,0.0,0,0.0,,
instagram,post,3603015420183761619,"Angayan ba kaha ko og magpa colour Balik Sa buhok guys? Di ba kaha ko ma.aan og membro Sa  badjao group of companies?😂😂😂 BwaHahaha

#undecided 
Dong G. Dong",https://www.instagram.com/p/DIAe29gTtLT/,,,neutral,2025-04-04T02:15:30.000Z,0,0,0,0,0.0,0,0.0,,
instagram,post,3602687200072158469,"You win some.. you loose some..

#hammers #gatekeeper #undecided #boenbuilt #trailreadybeadlocks #bfgoodrich #branikmotorsports",https://www.instagram.com/p/DH_UOutJc0F/,,,neutral,2025-04-03T15:23:23.000Z,127,0,3,0,0.0,130,136.0,,
instagram,post,3602615140228645164,"A few days ago I shared a pic from a schooner ride around Manhattan, and here’s another (I hired a photographer for the occasion, so for a change I am actually in a few shots!). I am kinda feeling this shorter hair—what do you think? Should I chop off some length now that warmer weather is on the horizon? #undecided #thatsaboutasshortasitgetsforme😉",https://www.instagram.com/p/DH_D2HvxcEs/,,,neutral,2025-04-03T13:00:47.000Z,24,0,2,0,0.0,26,30.0,,
instagram,post,3602522982559429432,Back where she belongs ❤️ #undecided @cantconjureanapple,https://www.instagram.com/p/DH-u5DOorM4/,,,neutral,2025-04-03T09:57:07.000Z,46,0,3,0,0.0,49,55.0,,
instagram,post,3601993715880865371,"During the Harlem Renaissance, Harlem became a hub of celebration for African American culture and heritage in the 20th century and gave many of the Black stars we know today their recognition, including Ella Fitzgerald, who in 1934, won an amateur competition at the Apollo Theater that marked a turning point in her life and career.

With so much history and culture embedded in every aspect of the city, it might be difficult to decide where you want to visit. So today, I’m sharing seven must-see spots in Harlem that showcase the cultural diversity and array of arts that make it what it is today.

“Ella: A Novel” is available now where books are sold from Amistad (@amistadbooks). A link to order is in my bio!
.
.
.
#DianeRichards #EllaANovel #EllaFitzgerald #TheFirstLadyofSong #BiographicalFiction #HistoricalFiction #PaperbackRelease #Harlem #DebutNovel #Ella #EllaNovel #ATisketATasekt #DreamALittleDreamofMe #SmoothSailing #Undecided #NightandDay #EllaFitzgeraldMusic #EllaFitzgeraldSongs",https://www.instagram.com/p/DH82jNORK5b/,,,neutral,2025-04-02T16:25:33.000Z,24,0,2,0,0.0,26,30.0,,
instagram,post,3601594586491625175,"luxusentertainments 🌊🔥 SUMMER POOL PARTY 🔥🌊

Get ready to dive into the hottest summer vibes! ☀️💦
Join us for an epic night of music, fun, and poolside energy featuring Undecided, XPO & Midon! 🎶🎧

📅 Saturday, April 5th
⏰ 7 PM onwards
📍 The Artiste Hotel, Forum Mall, Kochi

👗 Dress Code: A Sunny Day Out ☀️
🙋‍♀️ Ladies Walk-in Free All Night
👫 Couple Free Entry till 9 PM

For info & bookings: 📲 +91 88482 45208 | +91 85900 70088

Powered by Luxus Group 🚀
🎟 Tickets on BookMyShow

#SummerPoolParty #KochiEvents #LuxusGroup #PoolsideVibes #Undecided #XPO #Midon #kochinightlife",https://www.instagram.com/p/DH7bzHAzZ7X/,,,neutral,2025-04-02T03:12:33.000Z,2,0,0,0,0.0,2,2.0,,
instagram,post,3601545340051237610,Are we done yet? #48daysleft #undecided,https://www.instagram.com/p/DH7QmesN6rq/,,,neutral,2025-04-02T01:34:43.000Z,-1,0,44,0,0.0,43,131.0,,
instagram,post,3601174053012955303,"You’ve heard of paper straws and cups, but how about a paper battery? One you can compost when you’re done with it. Two companies are already proving it works, one of them with a battery that runs on sugar. So how did humble paper become a next-generation battery material? And could these biodegradable batteries actually replace the ones we use today? 

Video link in the bio!

#batteries #battery #biodegradablebattery #compostablebatteries #energystorage #energystoragebattery #energystoragesolutions #flintpaperbattery #lithiumbattery #paperbattery #renewablebattery #renewableenergy #sugarbattery #undecided #undecidedwithmattferrell",https://www.instagram.com/p/DH58LisMOCn/,,,neutral,2025-04-01T13:17:05.000Z,18,0,2,0,0.0,20,24.0,,
instagram,post,3600377697734833798,"Ya bitch is home from vacation! Now which one?! KU available that’s why the kindle is in there🤣
#honestly #readingtime #bookstagram #smutslut #spicybooks #helpmechoose #undecided #romance #darkromance",https://www.instagram.com/p/DH3HHDCuTaG/,,,neutral,2025-03-31T10:54:49.000Z,3,0,2,0,0.0,5,9.0,,
instagram,post,3599775402483763827,#ChrisBrown is heading out on a world tour with #SummerWalker and #BrysonTiller #HHUCIT #BreezyBowlXX,https://www.instagram.com/p/DH0-Kf4O8pz/,,,neutral,2025-03-30T14:58:10.000Z,-1,0,1,0,0.0,0,2.0,,
instagram,post,3606994280176205053,"The 1920s were a turbulent time in American history. While the economy experienced a boom immediately following World War I, racial relations reached a crescendo as Black soldiers returned from war and began to move into urban areas for job opportunities.

This led to a rise in job competition and an escalation in racial violence against African American communities, but as they moved into Harlem, they began to reshape the cultural and social landscape of the neighborhood and turned it into a vibrant mecca that celebrated Black culture, kickstarting the Harlem Renaissance.

As the 1920s were shaped by many events, today, I’m sharing seven of the greatest stories to occur during the Harlem Renaissance, from the opening of the first all-Black musical to The Great Migration.

My book, “Ella: A Novel” is available now where books are sold from Amistad (@amistadbooks). A link to order is in my bio!
.
.
.
#DianeRichards #EllaANovel #EllaFitzgerald #TheFirstLadyofSong #BiographicalFiction #HistoricalFiction #PaperbackRelease #Harlem #DebutNovel #Ella #EllaNovel #ATisketATasekt #DreamALittleDreamofMe #SmoothSailing #Undecided #NightandDay #EllaFitzgeraldMusic #EllaFitzgeraldSongs #HarlemRenaissance",https://www.instagram.com/p/DIOni_oxLz9/,,,neutral,2025-04-09T14:00:47.000Z,21,0,1,0,0.0,22,24.0,,
instagram,post,3599642236183845548,"""3 nights...""

#throwbacksunday #undecided #studio 
#miranda #uwu",https://www.instagram.com/p/DH0f4rGOxqs/,,,neutral,2025-03-30T10:33:35.000Z,22,0,0,0,0.0,22,22.0,,
instagram,post,3598517674290088837,"This one is nice but is that enough 🤔?

#undecided #dahliasaustralia",https://www.instagram.com/p/DHwgMJOBouF/,,,neutral,2025-03-28T21:19:17.000Z,10,0,2,0,0.0,12,16.0,,
instagram,post,3598359750141979807,"Ella Fitzgerald was a performer for 60 years, from 1934 to 1993, and her legendary career evolved over the decades to create the image of Ella that we all know and admire today.

So today, I’m highlighting five of Ella’s songs from across her 60-year career that best showcase her soul and depth. Give them a listen and tell me which one is your favorite!

“Ella: A Novel” is available now where books are sold from Amistad (@amistadbooks). A link to order is in my bio!
.
.
.
#DianeRichards #EllaANovel #EllaFitzgerald #TheFirstLadyofSong #BiographicalFiction #HistoricalFiction #PaperbackRelease #Harlem #DebutNovel #Ella #EllaNovel #ATisketATasekt #DreamALittleDreamofMe #SmoothSailing #Undecided #NightandDay #EllaFitzgeraldMusic #ellafitzgeraldsongs",https://www.instagram.com/p/DHv8SC5Rqyf/,,,neutral,2025-03-28T16:05:31.000Z,14,0,0,0,0.0,14,14.0,,
instagram,post,3598338391026359190,"I am making some blankets for an event I have coming up and I’m just not sure about this one, any thoughts?? I do love the colors together but unsure about the pattern I chose…. I am so used to making for orders it is hard for me to make inventory 🤦🏻‍♀️😎. Thanks for any input! #undecided #crochetchoices #keepingbusy #crochet #crochetblankets #wheatstitch",https://www.instagram.com/p/DHv3bOqxtuW/,,,neutral,2025-03-28T15:23:04.000Z,2,0,0,0,0.0,2,2.0,,
instagram,post,3597558601696690470,"Undecided ❓️🌝
.
.
.
.
.
.
.
.
.
.
#ᴀsᴛhᴇᴛiᴄ #iphone #karpagamacademyofhighereducation #karapagamkanaku #babyphotography #cinematicphotography #coloursofindia #naturevibes #lovenature #loveforshe #follow4followback  #followback  #college  #photographer #undecided #green 

.
.
.
.
TAG UR PHOTO ❤️‍🩹💯",https://www.instagram.com/p/DHtGHzQyEEm/,,,neutral,2025-03-27T13:33:46.000Z,-1,0,82,0,0.0,81,245.0,,
instagram,post,3597440196802646739,"Taking a short break from spring flowers and frolicking as I've been looking at some overlooked photos from last summer in Brittany. Some people find these aeolians hideous and I get why, but when you come across 9 or 10 of them together in the mist they're certainly spectacular, emitting an eerie whine above my head when I get up close to them. They seem to suit monochrome and this team of maintenance guys yards really earned my respect.

#windfarm #blackandwhitephotography #monochrome #landscapephotography #intimatelandscape #brittany #bretagne #cotesdamor #local #technology #team #undecided #aywmc #sheclicksnet",https://www.instagram.com/p/DHsrMyHIhLT/,,,neutral,2025-03-27T09:38:31.000Z,11,0,4,0,0.0,15,23.0,,
instagram,post,3597149809652873752,"Sign up for our Explorations class, MAE2364 , starting tomorrow! Happy registration season gators! 

#uf #ufclasses #elementaryeducation #learnhowtoeducate #undecided #undecidedmajor #ufstem #ufsteminists #womeninstem #womeninstemm #elective #ufelectives #education #teacher #teachergram #teachers
#teachersofinstagram #edugators #ufcoe #ufteach #uteachnation #uteach #firstyearteacher #futureteacher
#futureteacher
#mentorteacher",https://www.instagram.com/p/DHrpLGAOToY/,,,neutral,2025-03-27T00:01:34.000Z,21,0,11,0,0.0,32,54.0,,
instagram,post,3596621439388597205,Marinong Gala #undecided #marinonggala,https://www.instagram.com/p/DHpxCS2T7vV/,,,neutral,2025-03-26T06:31:48.000Z,1,0,0,0,0.0,1,1.0,,
instagram,post,3596474350505813851,"Congratulations to Sean Berwald for his acceptance! He will be attending SUNY Plattsburgh next fall for an undeclared major! congratulations 🎉
•
•
•
#senior #2025 #classof2025 #undeclared #undecided #plattsburgh #suny #college #decisions #candor",https://www.instagram.com/p/DHpPl3ps-db/,,,neutral,2025-03-26T01:39:33.000Z,17,0,0,0,0.0,17,17.0,,
instagram,post,3596180880550640768,"Multiple research teams have recently made breakthroughs in transforming lithium sulfur batteries from stinky stone to capable battery cathode. Some claim they’ve cracked the code — creating prototypes that charge faster than you can finish this video, and others that last 25,000 cycles. That’s basically a forever battery. What changed? And could lithium sulfur actually overthrow lithium ion as the king of batteries? 

Video link in the bio!

#batteries #battery #energystorage #energystoragebattery #energystoragesolutions #lithium #lithiumbattery #lithiumionbattery #lithiumsulfur #lithiumsulfurbattery #lithiumsulfurbatterybreakthrough #redoxflowbattery #renewablebattery #renewableenergy #undecided #undecidedwithmattferrell #undecidedmf",https://www.instagram.com/p/DHoM3UdRbyA/,,,neutral,2025-03-25T15:56:31.000Z,13,0,2,0,0.0,15,19.0,,
instagram,post,3595964763164026823,"Christian Kuria @ the Pink Room - YES, Manchester [20/03/25] - gig # 3 of 2025; sexy, smooth, serene 🌿🎧💚 thank you for this night 🙏🏻
""There's only two ways out, and one of them's out of your mind. Looking for a greener side of the blues.""
2. Sunbleach
4. Losing You
6. Undecided
8. Santorini
11. Paradigm
12. Bitter Pill
13. Deep Green
16. 23rd Street
.
.
.
#giglife #christiankuria #paradigm #sunbleach #losingyou #undecided #santorini #bitterpill #deepgreen #23rdstreet #yesmcr #yesmanchester #thepinklounge #suspensionofdisbelief #borderline",https://www.instagram.com/p/DHnbuZdNqfH/,,,neutral,2025-03-25T08:47:06.000Z,14,0,0,0,0.0,14,14.0,,
instagram,post,3595604946967561276,"Made a telecaster maple neck for the mahogany body tele.

Added some mahogany veneer to the headstock and then added a 45° bevel.........

Not sure I like it 🤔

What do you think?

#luthier
#jazzy
#bespokeguitar
#telecaster
#fender
#help
#undecided",https://www.instagram.com/p/DHmJ6Ygo4Q8/,,,neutral,2025-03-24T20:52:12.000Z,16,0,0,0,0.0,16,16.0,,
instagram,post,3595286023290203433,"Coming back for you.
.
.
.
.
.
#undecided #time #host #tsrow_127 #zedvoicesoftheyouthspodcast",https://www.instagram.com/p/DHlBZbsI60p/,,,neutral,2025-03-24T10:18:34.000Z,-1,0,2,0,0.0,1,5.0,,
instagram,post,3594708210335437085,"I am excited to start a new project! I just can’t decide between the pastel or the deeper color scheme. I think I will start the background and see if it helps make a decision. What do you think? Pastel or Deep Jewel tones?

#undecided #pastel #jewltone #newproject #sundayfunday☀️",https://www.instagram.com/p/DHi-BJcOVEd/,,,neutral,2025-03-23T15:10:33.000Z,1,0,0,0,0.0,1,1.0,,
instagram,post,3594087920338604847,"College is the perfect environment to figure yourself out, including what you want to study. If you're not sure about your major (or might be ready for a change), read this. #Undecided #Undeclared #EmbraceChange  #Uncertainty #GowthMindset #ConfidenceBuilding #KnowYourOptions #Advising #Advisor",https://www.instagram.com/p/DHgw-vXThMv/,,,neutral,2025-03-22T18:38:12.000Z,0,0,0,0,0.0,0,0.0,,
instagram,post,3593975800358052438,"College is the perfect environment to figure yourself out, including what you want to study. If you're not sure about your major (or might be ready for a change), read this. #Undecided #Undeclared #EmbraceChange  #Uncertainty #GowthMindset #ConfidenceBuilding #KnowYourOptions #Advising #Advisor",https://www.instagram.com/p/DHgXfLfsSJW/,,,neutral,2025-03-22T14:55:25.000Z,0,0,0,0,0.0,0,0.0,,
instagram,post,3593749427839344049,"Untitled 
#untitled #unknown #undecided #unsure 
#whatisart #sketchbook #art #myart #mycreation #original #originaldigital #originalart #digitist #digitalartist #artoftheday #artcollective #art_collective #etsyartist #digitalart #contemporaryart #multimedia #artistsoftiktok #art #artist #artistsoninstagram https://digitalartographer.etsy.com",https://www.instagram.com/p/DHfkBBqIJ2x/,,,neutral,2025-03-22T07:25:37.000Z,21,0,0,0,0.0,21,21.0,,
instagram,post,3593403259290135574,🌀🌀,https://www.instagram.com/p/DHeVTnEuCwW/,,,neutral,2025-03-21T19:57:51.000Z,1000,0,171,0,0.0,1171,1513.0,,
instagram,post,3593294585191152679,"Starting the process for Milan Institute. I am so torn whether I want to do Cosmetology or Esthetician.. I feel Esthetician would probably be more the way to go, since I'm working with skin.. I started the process though. I am excited 🙌🏼

#futureesthetician #futurecosmetologist #undecided #planningforsuccess #herewego #pmuartist #chaseyourdreams #nevergiveup",https://www.instagram.com/p/DHd8mMbpzwn/,,,neutral,2025-03-21T16:21:56.000Z,15,0,8,0,0.0,23,39.0,,
instagram,post,3591871052968715365,"Spezial List for Spring/ Summer 2025. Mixed bag by all accounts, but certainly a few that I’ve got my eye on…..
#spezial
#spring
#summer
#2025
#diebrandmitdendreistreifen
#undecided

Credit @yorkythreestripe 👊🏻",https://www.instagram.com/p/DHY47EvNWRl/,,,neutral,2025-03-19T17:13:38.000Z,12,0,0,0,0.0,12,12.0,,
instagram,post,3591530418870597783,"Di pa tayo nag tatapos dito! Meron pa sa susunod!

#band #bands #filipinos #undecided #schoolband #school #ivofspades #fashion #photoshoot #photographer #photography #narda #creep #radiohead #kamikaze",https://www.instagram.com/p/DHXreMgyriX/,,,neutral,2025-03-19T05:56:51.000Z,32,0,0,0,0.0,32,32.0,,
instagram,post,3591205275350779531,This may be Ducati #2! #undecided,https://www.instagram.com/p/DHWhivAysaL/,,,neutral,2025-03-18T19:10:51.000Z,23,0,2,0,0.0,25,29.0,,
instagram,post,3591027232984734759,"Heat from ice? It sounds like a joke—or maybe a paradox. But what if the future of warm, cozy homes lies in freezing water? As outlandish as it seems, an English research team is working on a heat pump that runs off actual ice … well, more like slushies. It’s a serious effort to tackle one of our biggest energy challenges: how to affordably convert buildings over to high efficiency electric heat pumps. But how can an ice source heat pump raise temperatures through freezing? 

Video link in the bio!

#airsourceheatpump #geothermalheatpump #groundsourceheatpump #heatpump #heatpumps #heatpumpsexplained #heatingandcooling #highefficiency #hvac #ice #icesource #icesourceheatpumps #netzero #netzeroenergyhomes #undecided #undecidedwithmattferrell",https://www.instagram.com/p/DHV5D4Izxwn/,,,neutral,2025-03-18T13:17:10.000Z,7,0,1,0,0.0,8,10.0,,
instagram,post,3590951312080488848,Is it or is it not yet spring ~  #undecided #wildweather #lakemichigan #lakemichiganbeach #landscapephotography #landscapeart #smallscenephotography #smallscenes #abstractnature #abstractnaturephotography #abstractioninnature #icmphotography #icmartists #icmabstractphotography #icmphotographymagazine #icmphotomag #lensloves_nature #photoexpressionism #quietinthewild #zenphotography #impressionistlens #impressionistphotography,https://www.instagram.com/p/DHVnzFSR8mQ/,,,neutral,2025-03-18T10:46:16.000Z,41,0,0,0,0.0,41,41.0,,
instagram,post,3590533521298626349,"#INDECÍS - #UNDECIDED
📍 Männlichen
📅 Diumenge, 4 d’Agost del 2024

#Männlichen #Grindelwald #Wengen #Suïssa #Switzerland #Svizzera #schweiz #suisse #paisatge #landscape #indicadors #rètols #minimalisme #minimalism #Alps #swissalps #DukeRetoMarzo25 @dukefotografia 
 @myswitzerland @madeinbern @maennlichen @berghaus_maennlichen 

@lluis_pr @llpr_media 
#RespectNature #RespectYourself",https://www.instagram.com/p/DHUIzbTIxct/,,,neutral,2025-03-17T20:56:11.000Z,62,0,2,0,0.0,64,68.0,,
instagram,post,3589690761744631527,"What...

#sketchbookproject #inksketch #me #undecided",https://www.instagram.com/p/DHRJLqTSkbn/,,,neutral,2025-03-16T17:01:47.000Z,12,0,0,0,0.0,12,12.0,,
instagram,post,3599611446209855862,"🌊🔥 SUMMER POOL PARTY 🔥🌊
Get ready to dive into the hottest summer vibes! ☀️💦 Join us for an epic night of music, fun, and poolside energy featuring Undecided, XPO & Midon! 🎶🎧

📅 Saturday, April 5th
⏰ 7 PM onwards
📍 The Artiste Hotel, Forum Mall, Kochi

👗 Dress Code: A Sunny Day Out ☀️
👩 Ladies Walk-in Free All Night
👫 Couple Free Entry till 9 PM

For info & bookings: 📲 +91 88482 45208 | +91 85900 70088

Powered by Luxus Group 🚀
🎟️ Tickets on BookMyShow

#SummerPoolParty #KochiEvents #LuxusGroup #PoolsideVibes #Undecided #XPO #Midon #kochinightlife",https://www.instagram.com/p/DH0Y4nsxMF2/,,,neutral,2025-03-30T09:32:24.000Z,214,0,19,0,0.0,233,271.0,,
instagram,post,3595220782217732471,"Good morning,
A few snaps of the aquarium looking ok ish.
Some days I'll look at it and think it looks amazing, however, most days I want to take it all down and start again.
#aquarium #fish #undecided",https://www.instagram.com/p/DHkykDNMKF3/,,,neutral,2025-03-24T08:08:56.000Z,29,0,0,0,0.0,29,29.0,,
instagram,post,3589425361882213218,Wedding planning #2025bride #lastminiute #undecided,https://www.instagram.com/p/DHQM1laxGti/,,,neutral,2025-03-16T08:14:29.000Z,14,0,0,0,0.0,14,14.0,,
instagram,post,3588458968009905260,"Today I got my hair cut. I wanted to try a middle part. We'll see how that goes. So far, I'm very uncomfortable with it. #haircut #middlepart #undecided",https://www.instagram.com/p/DHMxGs_S5Rs/,,,neutral,2025-03-15T00:14:25.000Z,28,0,6,0,0.0,34,46.0,,
instagram,post,3587706725106057151,"Not interested in college? Don’t worry, here’s some sources to help you find other paths to success! #collegeboard #undecided #bigfuture #bigfutureambassador",https://www.instagram.com/p/DHKGEIMOf-_/,,,neutral,2025-03-13T23:19:51.000Z,5,0,0,0,0.0,5,5.0,,
instagram,post,3587138150682791758,"Another full day, touring the OSU campus and training with the Cowgirls.  Did you know Pistol Pete has a cauliflower ear? #southernhospitality #undecided",https://www.instagram.com/p/DHIEyR_sw9O/,,,neutral,2025-03-13T04:30:12.000Z,78,0,1,0,0.0,79,81.0,,
instagram,post,3587075411184628147,Truely a second family. Excited for the future. #nextchapter,https://www.instagram.com/p/DHH2hTSMrGz/,,,neutral,2025-03-13T02:25:33.000Z,392,0,47,0,0.0,439,533.0,,
instagram,post,3586850000270652140,"Two weeks later and I still can't stop thinking about how much fun I had down at @nasarallysport @sandblastrally. I hadn't been planning on doing the McCreary Gravel Rally down in Kentucky because...well because I'm a trans girl and it's Kentucky. But on the other hand now that I've got the #rallyracing bug it's hard to pass on another #rally 🤔🤔🤔

What do y'all think? Anybody got friends down that way who could offer a safe place to stay? Or maybe any friends that way who want to help out with the entry fee? 🙃

2025 Season Partners:
@racingpridehq 
@acerbisusa
@asvinventions
@odi_moto
@klim 
@cyclopsadv 
@rideengineeringinc 
@engineice 
@maximausa 
@gaerneusa 
@azonicusa 
@stompgrip 
@bison_track 
@cardosystems 
@rynopower 
@sunstar_ea 
@no_toil 

#racing #motorcycle #moto #motolife #trans #transgender #thisiswhattranslookslike #queer #queerlife #undecided",https://www.instagram.com/p/DHHDRJAvfLs/,,,neutral,2025-03-12T18:57:42.000Z,14,0,0,0,0.0,14,14.0,,
instagram,post,3586759339114462690,#Undecided #CrunchyChocolate #MomTax #SlightlyWeird,https://www.instagram.com/p/DHGup2Ou33i/,,,neutral,2025-03-12T15:57:34.000Z,1,0,0,0,0.0,1,1.0,,
instagram,post,3586280160627582289,"For Juniors & Seniors still ""figuring it out""... 🤔

Join Hiatt's networking night: Uncharted Paths: Alumni Insights for the Undecided. Thurs., March 27 @ Brandeis Faculty Club. 🌟

Connect with Brandeis alumni who were once in your shoes and learn how they navigated winding career paths, career pivots, and more. 📍

Register via Handshake.

***
Image Description: Text reads, ""Uncharted Paths: ALUMNI INSIGHTS FOR THE UNDECIDED. Thursday, March 27th, 6:00-8:00 PM, Faculty Club. Welcoming Juniors & Seniors who are still unsure about their post-graduate career path. Connect with alumni who were once in your shoes. Learn how they navigated winding career paths & pivots, balanced multiple career interests & more!"" Logos for Rise Together and Brandeis Hiatt Career Center. Sign post and gps graphics.

***

#alumni #alumninetwork #networking #alumninetworking #brandeisalumni #undecided #career #careerpath #jobsearch #brandeis #careercenter

@brandeisuniversity @brandeisualumni",https://www.instagram.com/p/DHFBs4fPOVR/,,,neutral,2025-03-12T00:05:51.000Z,25,0,0,0,0.0,25,25.0,,
instagram,post,3586179376560851204,"A quick oil sketch today just loose and free. A barn owl emerging from his resting place. Sketching in between trying to decide what my next series should be. What would you like to see me do a series on?
#undecided #oilsketch #barnowl #paintingseries #owls #wildlifeart #staugustineartists #artlover #southernartist @acaciatreegallery",https://www.instagram.com/p/DHEqySAvckE/,,,neutral,2025-03-11T20:45:17.000Z,10,0,0,0,0.0,10,10.0,,
instagram,post,3585953759025804933,"Vanadium redox flow batteries are hitting the big time, and I mean big. One of the biggest Battery Energy Storage Systems (BESSs) ever is a vanadium redox flow battery that just came online in China, with an even bigger one to come in Switzerland. And there’s even more on the way in other countries too. But it raises a couple of questions: “why now,” and “why are they suddenly everywhere but North America?” 

Video link in the bio!

#batteries #battery #energystorage #energystoragebattery #energystoragesolutions #lithium #lithiumbattery #lithiumionbattery #redoxflowbattery #renewablebattery #renewableenergy #undecided #undecidedwithmattferrell #vanadium",https://www.instagram.com/p/DHD3fHTtbaF/,,,neutral,2025-03-11T13:17:04.000Z,16,0,1,0,0.0,17,19.0,,
instagram,post,3584404459136699387,@namiione Which side will win? 💖 #Undecided #Heart #model #おすすめ #fyp #gal #gravure #ai #AIグラビア #AIPhoto #stablediffusion #japanesegirl,https://www.instagram.com/p/DG-XN1WK0v7/,,,neutral,2025-03-09T09:58:55.000Z,23,0,1,0,0.0,24,26.0,,
instagram,post,3583685183570238790,"Undecided #1

100x70 cm

Från min  Life, death, work, love and all that other stuff-serie

#art #henriknordart #konst #painting #undecided #lifedeathworklove #nordindustries",https://www.instagram.com/p/DG7zq_xiN1G/,,,neutral,2025-03-08T10:09:46.000Z,17,0,1,0,0.0,18,20.0,,
instagram,post,3583191214033602286,I never posted this after taking an L in the meme war but here it is #liberal #libtard #transgender #trans #democrat #nancypelosi #republican #conservative #trump #donaldtrump #trump2024 #maga #loser #jailmemes #copmemes #policememes #civilservant #inmate #undecided #corrections #correctionsofficer #correctionslife #curbyourenthusiasm #ipayyoursalary,https://www.instagram.com/p/DG6DWyyxgbu/,,,neutral,2025-03-07T17:48:20.000Z,96,0,2,0,0.0,98,102.0,,
instagram,post,3583189507673353908,"I knew it was going to happen! Lol I have ran out of the light pink yarn I was using for my granny square sweater. 🫤 I have 2 other colors of the same yarn but am torn on what color to use for the rest of the sleeves  and the trim around the collar and waist. 🤔 
What do you guys think?
.
.
#wip #crochet #undecided",https://www.instagram.com/p/DG6C99nxu60/,,,neutral,2025-03-07T17:44:57.000Z,1,0,0,0,0.0,1,1.0,,
instagram,post,3582635861114326103,"今日は朝からノリノリで活動できそうな体調です
こんな時はこれ！
ルイ・アームストロングのキレの良いトランペットとエラ・フィッツジェラルドの歌声で気分も浮き立ちます
 #Undecided",https://www.instagram.com/p/DG4FFWFS4xX/,,,neutral,2025-03-06T23:24:57.000Z,1,0,0,0,0.0,1,1.0,,
instagram,post,3581500907416580630,"In between • A piece from a few years back when I forced myself to do a collection of work and put together a body of work that were “cohesive” and sat well together (whatever that means in the art world)
Hahahaha!! I love this piece.. there are definitely still elements of messy in this one. It’s been a while between patchworks. I might bring some back this year... maybe😏

These aren’t Nick’s favourites so l can almost hear his voice “oh we are back to these are we?” 🤣🤣🤣

#inbetween #middle #undecided #uncertainty #abstractart #hallwaydecor #contemporaryart #adelaideartists",https://www.instagram.com/p/DG0DBmFTfIW/,,,neutral,2025-03-05T09:50:00.000Z,-1,0,15,0,0.0,14,44.0,,
instagram,post,3580910525505389798,"As renewable energy installations multiply across the globe, the first generation of solar panels, wind turbine blades, and lithium ion batteries is reaching the end of its lifespan and coming offline. With a tidal wave of waste potentially slamming landfills worldwide — is it true that these technologies are un-recyclable? Or that these green initiatives are maybe worse for the environment? Or could emerging recycling and upcycling technologies redirect this flood of waste into a new generation of photovoltaics, wind turbines, and battery banks designed to be continuously recycled and regenerated? Just how close are we to “closing the loop”? 

Video link in the bio!

#documentaries #fulldocumentary #globalissues #landfill #lithiumion #recycleturbineblades #recycling #recyclingsolarpanels #recyclingwindturbineblades #renewable #renewableenergy #renewables #solar #solarenergy #undecided #undecidedwithmattferrell #waste #wind",https://www.instagram.com/p/DGx8yaFNMTm/,,,neutral,2025-03-04T14:17:04.000Z,14,0,1,0,0.0,15,17.0,,
instagram,post,3580862880326265371,#bhahaha #whichwaywillitgo #areyouatrumpet #undecided #tigerking #donaldtrump #trump,https://www.instagram.com/p/DGxx9FDOqob/,,,neutral,2025-03-04T12:42:21.000Z,3,0,0,0,0.0,3,3.0,,
instagram,post,3578768919880607624,"The day hasn’t decided yet … Der Tag hat sich noch nicht entschieden …

#hennigsdorf #havelkanal #havelkanalparkrun #morning #undecided #brownandgrey #iphoneonly #nofilter",https://www.instagram.com/p/DGqV18asSeI/,,,neutral,2025-03-01T15:22:02.000Z,2,0,0,0,0.0,2,2.0,,
instagram,post,3578349687537095477,"It’s up to y’all tho.

#undecided 

#lpsphotography #lps #littlestpetshop #lpsphoto #lpstumblr #littlestpetshopphotography #lpsphotos #lpscommunity #lpspic #lpscollector #lpsphotoshoot #lpslover #lpsphotographer #lpsaesthetic #lpsart 
#lpsphotography #lps #littlestpetshop #lpsphoto #lpstumblr #littlestpetshopphotography #lpsphotos #lpscommunity #lpspic #lpscollector #lpsphotoshoot #lpslover #lpsphotographer #lpsaesthetic #lpsart",https://www.instagram.com/p/DGo2hT3x1M1/,,,neutral,2025-03-01T01:29:05.000Z,9,0,4,0,0.0,13,21.0,,
instagram,post,3577759504882048092,"In rotation 🎧🔥💨😶‍🌫️
•
#undecided #saintjhn #vibes #ᴛʙᴛ",https://www.instagram.com/p/DGmwVBcRZxc/,,,neutral,2025-02-28T05:56:30.000Z,7,0,0,0,0.0,7,7.0,,
instagram,post,3577735787308602845,"🤨 TFW when you just told the @ttu_comc @ttuprsc principles of public relations class taught by @ldlow that your favorite @bluebellicecream is Moo-llennium Crunch 🐮, only to have #chefaeschelmann bring home Java Jolt⚡️and now you're #undecided 🤷‍♀️",https://www.instagram.com/p/DGmq74uu1Xd/,,,neutral,2025-02-28T05:09:23.000Z,43,0,2,0,0.0,45,49.0,,
instagram,post,3577366371012765119,"In a few short weeks this shade will be full of mushroom baskets. 
🍄 🧺 ❤️

Counting down every single second.

Oh how I've missed being in the garden. 👣

#excited 

 

#garden #mushrooms #shitake #oyster #undecided #homestead #journey #itsastart #shade #tinyhouse #tinyhome #tinyhousebigliving #arkansas #barefoot #springiscoming #sunshine #home #dreamlife #herewego #herewegoagain #beautiful #mushroommama",https://www.instagram.com/p/DGlW8K_pOW_/,,,neutral,2025-02-27T16:55:25.000Z,9,0,0,0,0.0,9,9.0,,
instagram,post,3576916711830198435,"Still faffing around with my underwater doodle. Think I might cut it in two and make a pair of artworks. Not yet decided. 🩵

#underwaterdoodles #undecided #shouldimaketwo #wip #tobefinished",https://www.instagram.com/p/DGjwsxPzBij/,,,neutral,2025-02-27T02:02:01.000Z,8,0,0,0,0.0,8,8.0,,
instagram,post,3576848999933847807,I “kinda” like bath time. “Kinda” not. #undecided,https://www.instagram.com/p/DGjhTboRKj_/,,,neutral,2025-02-26T23:47:29.000Z,26,0,4,0,0.0,30,38.0,,
instagram,post,3575837095185836817,"Solid state batteries could address some of the biggest issues facing energy storage and EVs; safety, charge capacity, and longevity. But the biggest problem they face? Cost. But there's a new electrode manufacturing technique that apparently uses less energy, less materials, and less factory floor space — all of which means more savings. Plus, researchers have found a new cathode material that works just as well as lithium iron phosphate, but costs only 1 or 2% of its price, potentially knocking 50 to 60% off the cost of a finished battery. That's right, 50 to 60% off the entire battery's price. How are these massive savings even possible? And could these innovations realistically dethrone current manufacturing methods and battery materials? 

Video link in the bio!

#3dprintedbattery #batteries #battery #cheapbattery #drybattery #energystorage #energystoragebattery #energystoragesolutions #lithium #lithiumbattery #lithiumionbattery #renewablebattery #renewableenergy #solidstatebattery #undecided #undecidedwithmattferrell #undecidedmf",https://www.instagram.com/p/DGf7OR5N2sR/,,,neutral,2025-02-25T14:17:04.000Z,15,0,2,0,0.0,17,21.0,,
instagram,post,3575820553396167910,"Mom surprised me with a haircut, not sure about it yet. 🤣🙃🐶

#dog #doggrooming #groom #haircut #almostspring #dogsofinstagram #doodle #doodlesofinstagram #doodles #goldendoodle #undecided #happy",https://www.instagram.com/p/DGf3dkJuCTm/,,,neutral,2025-02-25T13:44:09.000Z,5,0,1,0,0.0,6,8.0,,
instagram,post,3575175642843019998,"²⁰²⁵⁰²²⁴猶豫遊戲。

她是個猶豫不決的人，日常選擇困難。

會為了思考要不要吃早餐而提早一小時起床，再花二十分鐘決定穿搭。匆匆吃完早餐後，看天氣抉擇要不要踏出家門。

她永遠有新的選擇，卻總是被無數個選擇擋住了去路。

就像是把人生當作一場無法重來的遊戲，每當走到岔路口時，總會看見立牌上怵目驚心的幾個大字：

「您的選擇將嚴重影響劇情走向。」

剛踏出的腳步，縮了回來。

.

但生活啊，並不像不會存檔的遊戲。

就像水會再回到天上，沒搭上的公車總有下一班，誤會仍有解開的機會，路也並不只有眼前的這一條。

時至今日，她仍舊不知道自己下一步該去往何處，但既然已啟程，那就順其自然的走下去吧。

說不定走著走著，會發現其實彩虹就穿在自己的身上，沿路的野花也漸漸喜歡上了沾上泥土的褲腳。

就算偶爾迷了路又怎樣，畢竟連天上的星星也會迷路。
他們墜落在荒漠，降落在無人的平野，無論是哪裡，他們都找到了自己的歸處。

而我們亦如點點繁星，終有一天，能在屬於自己的夜空閃閃發光。

#undecided #game #word #illustration  #illustrator",https://www.instagram.com/p/DGdk04ZSXre/,,,neutral,2025-02-24T16:22:50.000Z,34,0,0,0,0.0,34,34.0,,
instagram,post,3576999093001839913,"I'm naming this one Catfish. 

#shiny #art #artist #bhm #artwork #creative #design #doodle #draw #gimp #graphicdesign #graphics #lineart #lighting #blackhistorymonth #selfportrait #muscle #melanin #gym #sketch #digitalart #vectorart #roses #saintjhn #undecided",https://www.instagram.com/p/DGkDbksROUp/,,,neutral,2025-02-26T17:12:10.000Z,-1,0,0,0,0.0,-1,-1.0,,
instagram,post,3575045303157605954,I need some hair color Inspiration I have been rocking this color for to long....... #Undecided #MaybeItsTimeForAHairCut🤔,https://www.instagram.com/p/DGdHMMGo0ZC/,,,neutral,2025-02-24T12:03:52.000Z,0,0,0,0,0.0,0,0.0,,
instagram,post,3574410621512868088,#painting #housecolours #duluxpaint #valsparpaint #farrowandballpaint #johnstonespaint #undecided #housechallenge #pickingcolors #warmhouse #cosyhouse #countrylife #countryvibes #followforfollowback #f4follow #homepagedesign,https://www.instagram.com/p/DGa24WwqGD4/,,,neutral,2025-02-23T15:02:52.000Z,11,0,2,0,0.0,13,17.0,,
instagram,post,3574082511590171675,"Is it just me or does anyone else go through the constant struggle of taking your jeep to the next level or starting with something else to meet your ambitious needs? The jeep still needs a cage, selectable t-case, 42s, and a drivetrain swap. That’s where I would like to end up. That’s a ton of money right there. A buggy would be super cool but that’s a commitment. A built YJ would be cool. A new rig would be a big investment as well. I do love daily driving my jeep. At least this upcoming deployment will give me plenty of time to think about it. 😂 
•
#dailythoughts #undecided #jeeplife #jeepin #jeepjk #1tonjeeps #builtnotbought #jkon40s #oristruts #rockcrawler #phoenixjk",https://www.instagram.com/p/DGZsRulRKQb/,,,neutral,2025-02-23T04:10:58.000Z,268,0,27,0,0.0,295,349.0,,
instagram,post,3573904552010589573,"❤️

TO MY AWESOME COMMUNITY AND BEYOND! I HAVE A VERY
IMPORTANT QUESTION FOR YOU! AND ... 

I NEED YOUR VOTE 🙏 PLS VOTE?! 🙏

I'm currently chipping away at the Advent Calendars (Filming, editing, etc. ) & a thought popped in my head.No sense in me posting content that no one wants to watch, right?!

I CAN POST these Calendars 1 of 2 ways.✌️

👉🏻 #1 As I film & edit them 1 at a time. (sprinkling in other content that needs to be posted) 

  OR

👉🏻 #2 I can can post them in consecutive days in July as a CHRISTMAS IN JULY (week-ish) series.

Advent calendars are now starting to come out in August (which is kind of crazy, I know) In July perhaps you could make a more informed decision in regards to which ones you want to be on the lookout for & see what they offer for 2025? 

BOTH OPTIONS ARE ON THE TABLE! EITHER ONE ... IT WILL NOT AFFECT ME IN ANY WAY!!

I'm leaving it up to my community because I trust you to help me  make the right decision! 

Please cast your vote in the comments below OR if you have any other suggestions, LMK? I'm open to anything (within reason) #decisions #pleasevote #undecided #community #needyourhelp #trust #youtube #socialmedia #contentcreator  #beauty #allthingsbeauty #reallifebeauty#decisions #pleasevote #undecided #community #needyourhelp #trust #youtube #socialmedia #contentcreator  #beauty #allthingsbeauty #reallifebeauty

* Also thank you for your feedback in my last video! I will be posting the GRWM in 2 parts! (Currently editing it)

See you soon! 😊

XOXO,

Me ❤️

*I have this vote on my YouTube community page as well as Facebook and IG. I will be tallying up all the votes if you'd rather vote one of those sites, but either way please vote! 🙏

#decisions #pleasevote #undecided #tomy #community #ineedyourhelp #trust #youtube #socialmedia #contentcreator  #beauty #reallifebeauty #learn #laugh #love #allthingsbeauty
#subscribe #jointhefamily",https://www.instagram.com/p/DGZD0EzviWF/,,,neutral,2025-02-22T22:17:24.000Z,28,0,8,0,0.0,36,52.0,,
instagram,post,3573820367565687163,"👆🤞

#life #death #undecided #uncertain",https://www.instagram.com/p/DGYwrB7zwl7/,,,neutral,2025-02-22T19:30:08.000Z,38,0,7,0,0.0,45,59.0,,
instagram,post,3573764445619010406,"""Sampling three very distinctly local Angolan beers tonight... each with its own unique character. Can't decide which one takes the crown just yet—jury still sequestered. 🍻🇦🇴 #LocalBrews #AngolaBeerTasting #Undecided""",https://www.instagram.com/p/DGYj9QkCrtm/,,,neutral,2025-02-22T17:39:02.000Z,6,0,0,0,0.0,6,6.0,,
instagram,post,3573692121032073455,"Enjoy the blue hair while its here 🤭 cuz i think imma go back to blonde 😉
#hair #undecided #haircolor #alternative #elderemo",https://www.instagram.com/p/DGYTgzCuqDv/,,,neutral,2025-02-22T15:15:20.000Z,-1,0,0,0,0.0,-1,-1.0,,
instagram,post,3573690446647489876,"Preparing for a business seminar!

Help me choose shoes perfect for my outfit please🙏🏾

#undecided #presentation #supermom #viralpost2025",https://www.instagram.com/p/DGYTIbpoXVU/,,,neutral,2025-02-22T15:12:02.000Z,0,0,0,0,0.0,0,0.0,,
instagram,post,3573198940683316839,Festival Season 🎧🎧🎧 #festivalseason #saintjhn #brooklyn #guyanese #alternative #rock #rap #music #nowplaying #nevermetsuperman #bodyonme #huntingnirvana #poppin #guyanesemoshpit #whoseexwifeisthis #glitching #stones #uneedjesus #hidemyshame #4thegangsters #payforpucci #stbarbarasprayer #fvckbeingsad #highintegrity #loneliness #undecided #realhustler,https://www.instagram.com/p/DGWjYFDOy5n/,,,neutral,2025-02-21T22:55:28.000Z,-1,0,0,0,0.0,-1,-1.0,,
instagram,post,3572900658670020432,"pleased to meet you, your future nurse!(di sure hahahaha)

#false#undecided",https://www.instagram.com/p/DGVfjgRySdQ/,,,neutral,2025-02-21T13:02:50.000Z,6,0,0,0,0.0,6,6.0,,
instagram,post,3572314485432772397,"Do I increase or stay on 2.5ml? Food noise is non existent,do get the hunger feeling but choosing the right foods. Anyone stayed on 2.5ml? 

#myweightlossjourney #weight #mounjaro™ #nextorder #undecided #obesity #diet #myjourney #glp",https://www.instagram.com/p/DGTaRj6M-ct/,,,neutral,2025-02-20T17:38:13.000Z,16,0,17,0,0.0,33,67.0,,
instagram,post,3571805361579694930,"Don’t you just hate when you can’t decide on your next DP? 

#diamondpainting #undecided #diamondart #animegirl #witchcoven #cozyhobby #diamondartclubwip #diamondartclub",https://www.instagram.com/p/DGRmg1XyxtS/,,,neutral,2025-02-20T00:46:41.000Z,44,0,0,0,0.0,44,44.0,,
instagram,post,3571563836761085673,"Not sure if I should go to get some eats or keep an eye on the outside. —Marlow. (Squirrels, you know?)

#undecided #outsideinterests #cat #CatsOfInstagram",https://www.instagram.com/p/DGQvmL2xpbp/,,,neutral,2025-02-19T16:46:49.000Z,31,0,7,0,0.0,38,52.0,,
instagram,post,3571449283666996512,#undecided,https://www.instagram.com/p/DGQVjN-S20g/,,,neutral,2025-02-19T12:59:13.000Z,1,0,0,0,0.0,1,1.0,,
instagram,post,3571322549508668619,"Having a child is a life commitment. And it really is like getting a tattoo on your face …. You have to be fully committed!!

Yesterday I shared some details about the UNDECIDED program which is specifically designed for women aged 20-40 who are unsure if they want kids and want to confidently  make that decision without feeling pressure or regret.

Today I want to answer some common questions I have been getting asked about UNDECIDED so here goes….

🩷 Will I get pressured to be childfree?
NO definitely not. The program is all about CHOICE and is designed to help you, not to add more pressure on your decision. It provides insights and resources from both mothers and non-mothers, based on their personal experiences
 
🩷 What does this program cost?
You have two options. There is a FREE version which you can download and access right now. Once you have completed this, if you want to dive much deeper and hear from other women sharing their experiences, you can APPLY For the full program (details later)
 
🩷 How much time will this take?
It take as long or little time to suit you as you can leisurely take your take working through the content on our UNDECIDED app
 
🩷 Does it matter where I live?
Not at all, this is an app based program so you just need an Apple device to access it
(android version is coming soon)
 
If you have any Q’s please send me a DM or email me at tanya@childfreehappilyeverafter.com.au
 
Stay fabulous!",https://www.instagram.com/p/DGP4u_lznzL/,,,neutral,2025-02-19T08:47:25.000Z,36,0,5,0,0.0,41,51.0,,
instagram,post,3570763675595142637,"Hearing about how massive wind turbines are built is one thing, but seeing it is another. Last year, I got to visit the Bekevar Wind Farm in Saskatchewan, Canada, months ahead of its completion in November 2024. So, what did I discover on my turbine travels? What can we learn from Bekevar? And just how do they handle the insane logistics of building such a massive project? 

Video link in the bio!

#bekevar #construction #energy #engineering #logistics #power #renewableenergy #undecided #undecidedmf #undecidedwithmattferrell #windenergy #windfarm #windpower #windturbine #windturbineproject",https://www.instagram.com/p/DGN5qTst3Xt/,,,neutral,2025-02-18T14:17:04.000Z,12,0,1,0,0.0,13,15.0,,
instagram,post,3568041743720327264,"Quick digital evening-sketch 🌒

I recently saw Shogun(2024) and have been in some sort of Japan and South Korea-inspired streak for quite a while but still haven't landed in anything particular. 🌸🎬🎼🍁🍥⛩🏯
Trying to do some visual brainstorming and see where it takes me 🎨

#shogun #japaneseesthetics #brainstorm #digitalart #torn #undecided",https://www.instagram.com/p/DGEOw_GNyhg/,,,neutral,2025-02-14T20:09:03.000Z,10,0,1,0,0.0,11,13.0,,
instagram,post,3567908987725051904,"BECAUSE, someone on Instagram did it! House plant clippings! #undecided if I like or not? It's different, and I think, I think it's fun. 😁 We'll see how long it lasts! #plantclippings",https://www.instagram.com/p/DGDwlIcRngA/,,,neutral,2025-02-14T15:45:17.000Z,10,0,3,0,0.0,13,19.0,,
instagram,post,3565925902522693151,#illkeepyouposted #undecided don't eggspect too much,https://www.instagram.com/p/DF8trcbOrYf/,,,neutral,2025-02-11T22:05:15.000Z,6,0,3,0,0.0,9,15.0,,
instagram,post,3565918858315723100,"I want this at markets but should I make him bigger? 
Leave comments for me to know what you would like. 

#thewhimsicalstitch #decisions #undecided #helpmeout",https://www.instagram.com/p/DF8sE7_xnFc/,,,neutral,2025-02-11T21:51:15.000Z,4,0,0,0,0.0,4,4.0,,
instagram,post,3565690236299564713,"As the new wave of generative AI scales up, so does its hunger for energy. Data centers are expanding at an unprecedented rate, putting immense strain on power grids and worsening years-long backlogs for electrical connections. With AI adoption accelerating across industries, big tech companies are tapping nuclear power as an alternative low-emissions energy source — going so far as to revive a dormant nuclear plant and bet big on new, compact reactors to secure their power supply. While nuclear energy is clean, its history is far from spotless. Have technological advances made it safer and more practical? And can these nuclear solutions arrive fast enough to power the future of AI? 

Video link in the bio!

#ai #cleanenergy #datacenter #energy #generativeai #nuclear #nuclearenergy #nuclearpower #powergrid #smallmodularreactor #smr #undecided #undecidedwithmattferrell #undecidedmf",https://www.instagram.com/p/DF74GDJttap/,,,neutral,2025-02-11T14:17:03.000Z,17,0,2,0,0.0,19,23.0,,
instagram,post,3565455212741339161,"Two for Tuesday 📖

Today I am bringing you a #twofortuesday from an author I haven’t read yet @vichislop 
These books have been on my #tbr for a while and I’m never sure if they are really for me but everyone seems to love the island so I’m scared of missing out. I will read it this year.

Have you read either of these books? 

#bookstagram #bookstagrammer #bookstack #theisland #thesunrise #victoriahislop #read #iamreading #reader #readersgonnaread #readersofinstagram #readingtime📖 #booklover #bookcommunity #bookchat #bookrecommendations #bookworm #bookwormsofinstagram #undecided #recommendedreads #recommendedbook #bookaddict #tickoffthetbr #readtheshelves #booksbooksbooks #readmorebooks #readmore #ilovebooks",https://www.instagram.com/p/DF7CqAaAygZ/,,,neutral,2025-02-11T06:30:00.000Z,67,0,27,0,0.0,94,148.0,,
instagram,post,3565105042145026528,"Delving into the psychology of feelings: From the curious pause of the undecided mind, the introspective weight of ashamed, to the potent pull of desire.  Each emotion, when viewed through a scientific lens, offers profound insights into the human experience. Which feelings fuel your psychological journey?

#huralya 🐿🪵🌾
#psychology #emotions #undecided #ashamed #desire #scienceofemotions #humanbehavior",https://www.instagram.com/p/DF5zCWoAiHg/,,,neutral,2025-02-10T18:54:21.000Z,42,0,1,0,0.0,43,45.0,,
instagram,post,3564686896959643569,"When you can't choose between your two favorite flavors, just get both! 

Strawberry Cheesecake + Cookies & Cream Cheesecake = 😍😋

#cheesecakelovers #cheesecakesofinstagram #cheesecake #strawberrycheesecake
#cookiesandcream #halfandhalf #undecided #yum #thecheesecakelady #thesweetstreak",https://www.instagram.com/p/DF4T9ikxN-x/,,,neutral,2025-02-10T05:03:34.000Z,6,0,0,0,0.0,6,6.0,,
instagram,post,3563965755156676093,"Every time I  Die 
Size : XL  อก 23  นิ้ว ยาว 30 นิ้ว
tag : tultex
สภาพ : 9/10 
ราคา : 550  บาท
ส่ง : flash 40 บาท

#everytimeidie  #punk #Southernrock #hardcor #everytimeidie  #punk #Southernrock #hardcore  #metalcore 
#Ferret #Epitaph #Undecided #เสื้อวงหายาห  #เสื้อ #เสื้อวงมือสอง #เสื้อวงเดือด #เสื้อผ้าแฟชั่น #bandtees #tshirtvintage  #raretshirt #vintage #tshirttour 
#tourshirt
#เสื้อวงสภาพดี #merch #เสื้อวงร็อค #เสื้อวง #เสื้อมือสอง  #เสื้อวงหายาก
#中古のシャツ #vtg #ヴィンテージシャツ
#中古のバンドシャツ",https://www.instagram.com/p/DF1v_i7xT39/,,,neutral,2025-02-09T05:10:47.000Z,1,0,0,0,0.0,1,1.0,,
instagram,post,3563372685419211857,Throw or blanket??!! 🤔🤔 #crochet #crochetaddict #crochetthrow #undecided #itzbee #itzbeeena,https://www.instagram.com/p/DFzpJPsvexR/,,,neutral,2025-02-08T09:32:27.000Z,12,0,0,0,0.0,12,12.0,,
instagram,post,3569901539567023740,#pik13aug #fuckcancer #undecided #noidea #difficult,https://www.instagram.com/p/DGK1ok9AzZ8/,,,neutral,2025-02-17T09:44:08.000Z,26,0,3,0,0.0,29,35.0,,
instagram,post,3567385018162888829,"Recently I’ve been experimenting with different aesthetics to my editing flow to try and redefine my black and white images. Today I tried a bit of a moodier setting and editing style today. What do we think? #undecided 

#babydetails #babyfingers #babyphotography #familyphotography #lifestylefamilyphotography #naturalnewborns #connectedinmotherhood #feelingmotherhoodbw #blackandwhitefamilyphotography #hellostoryteller #thehonestlens #inhomefamilysession #thebabyyears #canon #photographybyinsiya #moody #blackandwhitephotography",https://www.instagram.com/p/DGB5cXwpkB9/,,,neutral,2025-02-13T22:24:15.000Z,11,0,5,0,0.0,16,26.0,,
instagram,post,3563044674137069484,It took us almost 4 years to pick a paint color (Gray) for our condo. Took more gray paint patches to decide the right color for the Mesa house. NOW we have to pick new paint colors for the cabin interior AND Exterior?!?! Shocker…but we’re thinking some gray for inside but outside I have no idea for the outside. #paintcolors #exteriorpaintcolors #reposegraysherwinwilliams #undecided,https://www.instagram.com/p/DFyekDYyZes/,,,neutral,2025-02-07T22:40:45.000Z,6,0,2,0,0.0,8,12.0,,
instagram,post,3563015844226428042,#mysterious #undecided #dark #fotografia #photography,https://www.instagram.com/p/DFyYAhcNGyK/,,,neutral,2025-02-07T21:43:29.000Z,31,0,0,0,0.0,31,31.0,,
instagram,post,3562178645276716125,"Still not sure what's next for you in your career? Consider a degree in Interdisciplinary Studies, a creative and flexible program combining multiple academic disciplines into one major. Tap the link in our bio to learn more. 
 
#ASUOnline #ASU #SunDevilNation #OnlineLearning #OnlineStudent #CareerAdvice #Undecided #FutureYou",https://www.instagram.com/p/DFvZprKM2xd/,,,neutral,2025-02-06T18:00:07.000Z,1141,0,0,0,0.0,1141,1141.0,,
instagram,post,3562098705190267692,"Tor ghum ase ki ratri hole…!
.
.
.
.
.
.
.
.
.
.
#dayout #struggle #mytime #myself #lost #undecided #homeless #aimless",https://www.instagram.com/p/DFvHeZJvqss/,,,neutral,2025-02-06T15:21:17.000Z,29,0,0,0,0.0,29,29.0,,
instagram,post,3562020280989683826,"Which one 1st....PLEASE HELP..

#decisions #undecided #allatbonce",https://www.instagram.com/p/DFu1pK7IJBy/,,,neutral,2025-02-06T12:45:28.000Z,11,0,1,0,0.0,12,14.0,,
instagram,post,3561967856092275334,"Couldn’t agree which kind of morays we met underwater while snorkeling, and how their possible names are. But the one underneath, scribbled by me, is one of them. The dark spots being brownish and the lines being white (white lines, don’t do it🎵)…
I think it was the honeycomb moray, Mea thinks it was the zebra one (but the real zebra one hasn’t got the zebra design as I scribbled it above).
#problems #holidaysinthesun #morays #honeycombmoray #zebramoray #undecided #kohlantayai #khlongkongbeach",https://www.instagram.com/p/DFupuSbvWKG/,,,neutral,2025-02-06T11:01:19.000Z,6,0,0,0,0.0,6,6.0,,
instagram,post,3561915823352620110,"oye_abbasi✌️✌️

#instagram#________________◀️follow◀️____________________👇👇👇👇👇👇👇👇👇👇👇👇👇👇👇👇👇👇👇👇👇👇👇👇👇_______________________🖤🖤🖤🖤🖤🖤🖤🖤🖤🖤🖤🖤🖤🖤
#undecided
#oye_abbasi",https://www.instagram.com/p/DFud5HKxqRO/,,,neutral,2025-02-06T09:17:56.000Z,43,0,2,0,0.0,45,49.0,,
instagram,post,3561782910629898411,"Small but spicy waves

#undecided #siargao",https://www.instagram.com/p/DFt_q-jJuir/,,,neutral,2025-02-06T04:53:52.000Z,7,0,0,0,0.0,7,7.0,,
instagram,post,3560672870770291244,"Me every morning trying to guess my mood for the day

#mentalhealth #dailymood #dailymemes #dailyoverthinking #undecided",https://www.instagram.com/p/DFqDRxXojIs/,,,neutral,2025-02-04T16:08:25.000Z,0,0,0,0,0.0,0,0.0,,
instagram,post,3560616822548420611,"Solar panels aren’t exactly pros at handling the sun. Sounds backward, but excess heat can be a big problem for solar panels. It drags down their efficiency and can even shorten their lifespan. So, how do you keep something that’s basking in the sun all day from overheating? Combine solar panels with a heat pump. The heat pump swoops in, grabs the excess heat from the panels, and repurposes it to warm your home or water. This dynamic duo keeps the panels cooler, helps the heat pump work more efficiently, and saves you money. But if this combo is such a great idea, why haven’t we been doing it all along? And do the potential energy savings really make up for the hefty upfront costs? 

Video link in the bio!

#airsourceheatpump #geothermalheatpump #groundsourceheatpump #heatpump #netzero #netzeroenergyhomes #solarassistedheatpump #solarpanels #solartiles #teslasolarroof #undecided #undecidedwithmattferrell",https://www.instagram.com/p/DFp2iKZR1gD/,,,neutral,2025-02-04T14:17:06.000Z,28,0,2,0,0.0,30,34.0,,
instagram,post,3560183336347057849,"Still undecided pa, comment po short or long hair? Thank you 😊 

#bonusesearnings #undecided #longhair #shorthair",https://www.instagram.com/p/DFoT-G6Oz65/,,,neutral,2025-02-03T23:55:47.000Z,0,0,0,0,0.0,0,0.0,,
instagram,post,3559956656569966292,#undecided,https://www.instagram.com/p/DFngbe6o97U/,,,neutral,2025-02-03T16:25:25.000Z,5,0,0,0,0.0,5,5.0,,
instagram,post,3558726412171665755,Undecided. -Mixed Media on per 11 x 14” Penny Maday Ciochetti. #artist #mixedmediaart #mixedmedia #undecided #mxedmediaartist #today #fineart #vecchio #pennymadayciochetti,https://www.instagram.com/p/DFjItEiSuFb/,,,neutral,2025-02-01T23:41:09.000Z,14,0,3,0,0.0,17,23.0,,
instagram,post,3558624072461700479,#indecisive #aiart #eeniemeenie #party #club #bar #night #dancepartner #undecided #aiartwork #aimodel #beautiful #fun #aigeneratedart #comic #anime #manga #comicart #cartoon #storytime #clubbing #partying #indecisiveness #aigirl #aiartcommunity #aigenerated #art #artsy #artoftheday #digitalart,https://www.instagram.com/p/DFixb1QO81_/,,,neutral,2025-02-01T20:17:49.000Z,30,0,10,0,0.0,40,60.0,,
instagram,post,3558432883140106904,"Boah, Baghira 🐺 will immer mit auf Reisen!  Ich kann mich gar nicht entscheiden, wohin es als nächstes geht 🤔. Berge ⛰️ oder Meer 🏖️? Vielleicht ein Roadtrip durch Italien 🇮🇹 mit ganz vielen leckeren Pizzen 🍕? Oder doch lieber gemütlich im Schwarzwald 🌲 wandern?  Schwierige Entscheidung! #Reisefieber #Urlaubmitkatze #WoSollEsHingehen #katzenleben #katzendinge #Bengal #unentschlossen #süß 

Boah, Baghira 🐺 always wants to travel with you! I can't decide where to go next 🤔. Mountains ⛰️ or sea 🏖️? Maybe a road trip through Italy 🇮🇹 with lots of delicious pizzas 🍕? Or rather hike in the Black Forest 🌲? Difficult decision! #Travelfever #holidaycat #wouldgo #catlife #catthings #Bengal #undecided #sweet",https://www.instagram.com/p/DFiF9qUopqY/,,,neutral,2025-02-01T13:57:57.000Z,7,0,0,0,0.0,7,7.0,,
instagram,post,3557784509139240489,"I barely know you 🤨

#explore #relatable #relationships #dating #girlfriend #boyfriend #marriage #downononeknee #engagement #engaged #engagementring #fiance #explorepage #stubborn #undecided #indecisive #lifepartner #funny #igpost #post",https://www.instagram.com/p/DFfyik-ocYp/,,,neutral,2025-01-31T16:29:45.000Z,1,0,0,0,0.0,1,1.0,,
instagram,post,3557083768576010668,"Ya'll, I'm not feelin' the Newedge wheels on RedFox 
#undecided",https://www.instagram.com/p/DFdTNdeR-ms/,,,neutral,2025-01-30T17:17:30.000Z,175,0,15,0,0.0,190,220.0,,
instagram,post,3556561746766312853,"If you’re feeling uncertain or undecided, a sonogram can provide clarity. It helps confirm how far along you are and can help you inform your decision making process. Whether you’re looking for answers or just need more information to make an informed decision, having the full picture empowers you to move forward with confidence. 💕 

We offer sonograms in a caring, judgment-free space, where you’ll feel supported every step of the way. Call us at (216) 650-6133 or visit the link in our bio to schedule your appointment today. 🌟

#lilliwomenscenter #youhaveoptions #pregnancy #ultrasound #undecided #nocost #elyria #cleveland",https://www.instagram.com/p/DFbchCxv7WV/,,,neutral,2025-01-30T00:00:00.000Z,1,0,0,0,0.0,1,1.0,,
instagram,post,3556390029897489580,"🌪🍃🪶

#christiankuria #cautiousclay #undecided #indecisive #belindasays #wyrd #weird #durandbernarr #kaytranada #juice #strangeterritory #musicsuggestions #songtriplets #goodthingscomeinthrees #musiccompilation",https://www.instagram.com/p/DFa1eO-x9ys/,,,neutral,2025-01-29T18:19:10.000Z,-1,0,0,0,0.0,-1,-1.0,,
instagram,post,3556362665326237968,"Help! Which one do you like best? 

Worktop is being measured tomorrow, and we’re still undecided of which worktop to go with 😬 we’ve whittled it down to 2 

#newkitchen #undecided #needhelp #worktopchoices #1930ssemirenovation #1930ssemi",https://www.instagram.com/p/DFavQBvO1kQ/,,,neutral,2025-01-29T17:24:48.000Z,10,0,0,0,0.0,10,10.0,,
instagram,post,3556114031909516505,"《COLLAR CRUSH LIVE 2024》 D-1

「Undecided. I can’t hide it.
其實我 從沒有 原定計劃」

#20240322 #COLLAR
#CollarCrush #CollarCrushLive2024
#九龍灣國際展貿中心 #EMax #匯星 #StarHall
#Undecided
#沈貞巧 #GAO #餃 #餃子

·未經授權不可作任何途。
·轉載時請列明出處。",https://www.instagram.com/p/DFZ2t70v7TZ/,,,neutral,2025-01-29T09:10:49.000Z,9,0,1,0,0.0,10,12.0,,
instagram,post,3556064553131857969,Torn between do I read or do I write... this is life's biggest question #aspiringauthor #reader #undecided,https://www.instagram.com/p/DFZrd7HyFgx/,,,neutral,2025-01-29T07:32:30.000Z,2,0,1,0,0.0,3,5.0,,
instagram,post,3555543377547476205,"After my previous video on Yoshino’s solid state battery, I followed up on reports that claimed it may not be “solid state.” I’ve had multiple conversations with TechInsights, the company that broke down Yoshino’s solid state cell, as well as my friend @Ziroth, who organized a breakdown in a university lab. The burning question now becomes: “Is Yoshino’s battery actually solid state?” And if it’s not, why is the company calling it that in the first place? 

Video link in the bio!

#batteries #battery #energystorage #energystoragebattery #solidstatebattery #solidstatebatterynews #solidstatebatterytechnology #techinsights #undecided #undecidedwithmattferrell #yoshino #yoshinobattery #yoshinobatteryreview #yoshinopowerstation #yoshinosolidstatebattery #ziroth",https://www.instagram.com/p/DFX090iNbzt/,,,neutral,2025-01-28T14:17:04.000Z,12,0,1,0,0.0,13,15.0,,
instagram,post,3554326945006944094,"Novak Djokovic, Andy Murray not sure about player-coach dating - https://knowledge-topia.com/2025/01/26/novak-djokovic-andy-murray-not-sure-about-player-coach-dating/ - #Andy #Djokovic #Murray #Novak #playercoach #Relationship #undecided",https://www.instagram.com/p/DFTgYZcvP9e/,,,neutral,2025-01-26T22:00:14.000Z,0,0,0,0,0.0,0,0.0,,
instagram,post,3553408883718040265,#ChrisBrown dropped the visual for #Residuals •swipe• #HHUCIT,https://www.instagram.com/p/DFQPo2PuyrJ/,,,neutral,2025-01-25T15:36:10.000Z,-1,0,1,0,0.0,0,2.0,,
instagram,post,3552086693253644568,"🤩 Decisions, Decisions 🤩

#summerfridays #lipbalm #lipbalmaddict #hermesbag #hermesgardenparty #beigetones #beigeaddiction #loveluxury #luxeliving #bagcharm #lookgoodfeelgood #nighttimedrives #undecided #sotakethemall #makeup",https://www.instagram.com/p/DFLjAcaxoEY/,,,neutral,2025-01-23T19:49:12.000Z,85,0,15,0,0.0,100,130.0,,
instagram,post,3551494717500383944,"Undecided... In or out?

#undecided #inorout #insideoroutside #foxterrier #foxterriersofinstagram #dogsofnz #dogsofauckland #nzdogs #dogsofinstaworld #dogs #standingguard #guardian #terrier #dogslife #goodboy #ares",https://www.instagram.com/p/DFJcaECSWLI/,,,neutral,2025-01-23T00:13:03.000Z,10,0,0,0,0.0,10,10.0,,
instagram,post,3551304488825670692,Today tried skiing with mojo brace under ski trousers #undecided. Another beautiful day in heaven and actually got to read some of my book,https://www.instagram.com/p/DFIxJ3xtEwk/,,,neutral,2025-01-22T17:55:06.000Z,18,0,0,0,0.0,18,18.0,,
instagram,post,3554218188634433401,F*** wel well well boys got a male #malecannibis #allfornothing #maybemakeseeds #undecided,https://www.instagram.com/p/DFTHpyLyad5/,,,neutral,2025-01-26T18:24:06.000Z,8,0,1,0,0.0,9,11.0,,
instagram,post,3550785302416106435,"Undecided ""Complications""

So one of my hobbies is going through old DC compilations looking for any vinyl I can discover from lesser known bands. I struck gold with this Undecided 7"", which I found on the FR5 comp alongside Scream, Government Issue, Shudder to Think, and more.

If anyone knows anything more about this, please share.

#undecided #dchardcore #hardcore #dcpunk #punk #7inch #dcmusic #washingtondc #dischord",https://www.instagram.com/p/DFG7GtwMKPD/,,,neutral,2025-01-22T00:43:34.000Z,12,0,0,0,0.0,12,12.0,,
instagram,post,3550639203778482675,"Soo… go Pirates??🧐
Thank you to all the coaches and staff for a great visit with @ecutfxc !! 
#undecided #officialvisit #classof25",https://www.instagram.com/p/DFGZ4syytHz/,,,neutral,2025-01-21T19:53:18.000Z,357,0,9,0,0.0,366,384.0,,
instagram,post,3550469949484269257,"Batteries don’t last forever — whether they’re in your phone, EV, or laptop. Extending battery life is a major engineering challenge, but what if there was a battery that could last over 100,000 cycles? A battery that could go an entire lifetime with little to no degradation? Imagine guaranteeing performance not just for years — but decades. Well, a team in Germany might have just made it a reality, turning a notoriously short-lived battery into one of the longest-lasting ever. How did scientists pull this off? And more importantly, when can we start seeing these batteries in our phones and EVs? 

Video link in the bio!

#batteries #battery #energystorage #energystoragebattery #energystoragesolutions #lithium #lithiumbattery #lithiumionbattery #longlastingbattery #renewablebattery #renewableenergy #undecided #undecidedwithmattferrell #zincbattery #zincbatteryvslithiumion #undecidedmf",https://www.instagram.com/p/DFFzZuctX7J/,,,neutral,2025-01-21T14:17:03.000Z,22,0,1,0,0.0,23,25.0,,
instagram,post,3550405658771873851,"New work in progress for a group exhibition in April. 

Ideas are layered.

A move sideways to hand building. 

Challenging myself.

#porcelain #paperclay #paperclaysculpture #lichen #moss #working out ideas #irisbodemer #wolfgangtillmans #colourpalette #undecided#groupshow #groupexhibition",https://www.instagram.com/p/DFFkyLDomA7/,,,neutral,2025-01-21T12:09:17.000Z,81,0,6,0,0.0,87,99.0,,
instagram,post,3549974545602182861,only 117 days to go🍾,https://www.instagram.com/p/DFECwpoS_7N/,,,neutral,2025-01-20T21:52:45.000Z,-1,0,47,0,0.0,46,140.0,,
instagram,post,3549942972114885520,"The silent scream
Oil on canvas 
2024
93cmx 93cm 
Available 
.
.
#groupexhibition #undecided #nosleepforme #contemporaryart #artcollector #artgallery #fineart #originalartwork #modernart #artforsale #artlovers #artexhibition #buyart #galleryshow #artbuyer #artdealer #artcollectors #artworld  #emergingartist #paintingforsale #buyoriginalart #galleryopening #artinvestment #supportlocalartists #artshowcase #artstudio #creativeexpression #artcommunity",https://www.instagram.com/p/DFD7lMhzVuQ/,,,neutral,2025-01-20T20:50:01.000Z,30,0,1,0,0.0,31,33.0,,
instagram,post,3549459384818336806,"#undecided#followers #followerseveryonehighlightssfypシ゚viral
#starseverywhereシ",https://www.instagram.com/p/DFCNoEwxgQm/,,,neutral,2025-01-20T04:49:13.000Z,0,0,0,0,0.0,0,0.0,,
instagram,post,3547096199984647191,"I say yes to new! I decide Too.. ⏮️🎪📸

#yes #idecidetoo #undecided #softies #bureaucratic #noattitude #freakshow #selfish #assholes #britneyspears #circus #lossantos #gta5 #gta5online #gtacreator #gtacommunity #gtaphotography #gtaphotos #playstation4 #sony #rockstargames #rockstarsocialclub",https://www.instagram.com/p/DE50TNYOQwX/,,,neutral,2025-01-16T22:33:59.000Z,154,0,40,0,0.0,194,274.0,,
instagram,post,3546958494667947258,"[15] Be not afraid nor dismayed by reason of this great multitude; for the battle is not your's, but God's. 
2 Chronicles 20:15 KJV

#Thursday
#Battles #Decisions #Undecided 
#God #HisBattle
#Thinking #Overthinking #Fear #Defeat #Size #Goliath 
#Mind #MindHealth #MentalHealthAwareness #MultiTalk #Successful #NewTestament #Goals #Jesus
#Prophetic #WordOfGod #RealTalk #RealIssues",https://www.instagram.com/p/DE5U_VTvLz6/,,,neutral,2025-01-16T18:00:23.000Z,3,0,0,0,0.0,3,3.0,,
instagram,post,3546956743059632260,"David never gave Goliath's size any thought, everybody else around him did, which is why they couldn't defeat him!!
1 Samuel 17

#Thursday
#Battles #Decisions #Undecided 
#God #HisBattle
#Thinking #Overthinking #Fear #Defeat #Size #Goliath 
#Mind #MindHealth #MentalHealthAwareness #MultiTalk #Successful #NewTestament #Goals #Jesus
#Prophetic #WordOfGod #RealTalk #RealIssues",https://www.instagram.com/p/DE5Ul1_vvCE/,,,neutral,2025-01-16T17:56:55.000Z,3,0,0,0,0.0,3,3.0,,
instagram,post,3546954479712551382,"[7] For God hath not given us the spirit of fear; but of power, and of love, and of a sound mind.
2 Timothy 1:7 KJV 

[8] Be sober, be vigilant; because your adversary the devil, as a roaring lion, walketh about, seeking whom he may devour.
1 Peter 5:8 KJV

#Thursday
#Battles #Decisions #Undecided 
#God #HisBattle
#Thinking #Overthinking #Fear #Defeat #Size #Goliath 
#Mind #MindHealth #MentalHealthAwareness #MultiTalk #Successful #NewTestament #Goals #Jesus
#Prophetic #WordOfGod #RealTalk #RealIssues",https://www.instagram.com/p/DE5UE6Fv0HW/,,,neutral,2025-01-16T17:52:25.000Z,3,0,0,0,0.0,3,3.0,,
instagram,post,3546952007111621443,"Jesus asked the man in John 5 to do several things (basically He had him to multi-task)...
[8] Then Jesus said to him, “Get up! Pick up your mat and walk.”
John 5:8 NIV

#Thursday
#Battles #Decisions #Undecided 
#God #HisBattle
#Thinking #Overthinking #Fear #Defeat #Size #Goliath 
#Mind #MindHealth #MentalHealthAwareness #MultiTalk #Successful #NewTestament #Goals #Jesus
#Prophetic #WordOfGod #RealTalk #RealIssues",https://www.instagram.com/p/DE5Tg7TPztD/,,,neutral,2025-01-16T17:47:30.000Z,3,0,0,0,0.0,3,3.0,,
instagram,post,3546823746880484863,"The Weekend At The Rock starts TONIGHT! 

We can’t wait to worship with you as we continue on to week three of our current series UNDECIDED. 📚🎓 This week we take a course in Biology! We can’t wait to look at the study of Life and our life… earthly and eternal! 

See you tonight at our Conway Campus at 6:30pm! 🕰️
.
.
#findwhatmatters #jesusmatters #youmatter #peoplematter #rockc3 #therockchurch #kidzrock #thisgen #lovegodlovepeople #dosomething #onemore #undecided",https://www.instagram.com/p/DE42WfpuzX_/,,,neutral,2025-01-16T13:32:40.000Z,72,0,0,0,0.0,72,72.0,,
instagram,post,3545396520263513881,"CES can be a mixed bag, but it’s also a great place to see where the tech sector thinks it’s heading.  Beyond the crazy trend of putting AI into everything, and to the point where it no longer has any meaning, there were several other trends I spotted.  But what really caught my eye, and what you might have missed, ran the gamut from paper batteries to smart indoor gardens to some tech that has a direct impact on our lives and health.  There were even a bunch of nuclear fission and fusion companies at the show.  Not to mention a solar powered hat … yes … it’s a thing.  There really was a little bit of everything this year, but what should you keep an eye on? 

Video link in the bio!

#ai #ces #ces2025 #ces2025highlights #ces2025robot #ces2025tv #cesai #cesai2025 #ceshighlights #cesrobots #cessamsung #cestech #consumerelectronicsshow #gadgets #lg #oled #samsung #smarthome #technews #technology #undecided #undecidedwithmattferrell #weirdtech #undecidedmf",https://www.instagram.com/p/DEzx1nSNncZ/,,,neutral,2025-01-14T14:17:04.000Z,18,0,1,0,0.0,19,21.0,,
instagram,post,3545290197162427037,"#Tuesday Mornings

05:00 - ⏰️ 
05:30 - 🚶‍♀️ 
06:15 - 🏋️‍♀️ @ef_crossfit
11:00 - 💐 ☕️
11:15 - 💻 📒 🖊 

#ugccreator #contentcreation #undecided #aesthetic #gym #crossfit #health #wellnesscoach",https://www.instagram.com/p/DEzZqaLioKd/,,,neutral,2025-01-14T10:45:47.000Z,20,0,0,0,0.0,20,20.0,,
instagram,post,3544749456847335782,#locs #journey #help #kids #undecided #rightway #johnson #beautiful #youngest #herchoice,https://www.instagram.com/p/DExetmhJPFm/,,,neutral,2025-01-13T16:51:26.000Z,26,0,0,0,0.0,26,26.0,,
instagram,post,3544734207425427900,"What does the Bible mean by ""double minded""? Who in the Bible was double minded? How can you avoid being double minded? Pastor Tom answers these questions and more in this teaching given on January 11, 2024, the eleventh day of Teves, 5785. To watch this sermon, visit our YouTube channel at https://youtu.be/qI_h2WMI7-k

To learn more about Congregation Shema Yisrael, visit our Facebook page or website at www.shemayisrael.org.

To financially support the ministry of Congregation Shema Yisrael go to www.shemayisrael.givingfire.com

#doubleminded #undecided #unstable #howdoIknowhatisright #shemayisraelrochester",https://www.instagram.com/p/DExbPsYxLm8/,,,neutral,2025-01-13T16:21:08.000Z,3,0,0,0,0.0,3,3.0,,
instagram,post,3544732979735364736,"Ever feel like you can’t decide on a hair color? Dark? Light? 

Neither could my client and long time friend @valeriedurhamphotography 😁 so I suggest this option for her a while back. It’s been a favorite for a while now 🖤🤍 

It looks so beautiful on her long hair. I love to trim it in this v shape style to go with this color. She wears it so well. Thank you for always trusting me with your hair 😌 

Would any one else ever try this style? 
Let me know what you think on the comments below 😉

#hairideas #sandiegohairstylist #sdhair #cutandcolor #halfandhalfhair #undecided #vshapehaircut",https://www.instagram.com/p/DExa91AvQSA/,,,neutral,2025-01-13T16:18:41.000Z,42,0,7,0,0.0,49,63.0,,
instagram,post,3544563688365679975,"Choices.
#choices #undecided #whichonetouse #bnwphoto #bnwphotography #funphotography #ricohgr3 #ricohgriii",https://www.instagram.com/p/DEw0eUIyOVn/,,,neutral,2025-01-13T10:42:20.000Z,-1,0,0,0,0.0,-1,-1.0,,
instagram,post,3544203412908944142,"I’ve got ADHD -  Attention-Deficit/Hyperactivity Disorder (ADHD) and part of that means I have trouble in making decisions. I’m also a nightmare at restaurants, I can never decide on what to eat! 

Please help me decide which new sofa I should get for a small room 🙏 I’ve whittle it down to three options, finally. Thanking you

#adhd #sofa #undecided #neurodivergent #neurodiversity #sofabed #smallroom",https://www.instagram.com/p/DEvijneKisO/,,,neutral,2025-01-12T22:46:32.000Z,7,0,3,0,0.0,10,16.0,,
instagram,post,3543960656625595939,#swingfever #undecided #onegirlandtwoboys #contest,https://www.instagram.com/p/DEurXDEIPYj/,,,neutral,2025-01-12T14:44:13.000Z,29,0,2,0,0.0,31,35.0,,
instagram,post,3543958167005677870,"Undecided 🤔
-
-
-
#Good #Me #Woman #Day #Sguardo #occhi #photography #tagsta_fashion #nofilter #Eyes #Elegance #Eleganza #hairstyle #browneyes #donna #fashionblogger #trucco #lipstick #red #undecided #redlipstick #eyeliner #makeup #occhi #today #oldph #makeupartist #occhi #osservare #roma #rome #2k25",https://www.instagram.com/p/DEuqy0bN8ku/,,,neutral,2025-01-12T14:39:17.000Z,37,0,1,0,0.0,38,40.0,,
instagram,post,3543292902148184651,#sketch #portrait #unipinfineline #undecided,https://www.instagram.com/p/DEsTh8PtJpL/,,,neutral,2025-01-11T16:37:31.000Z,8,0,0,0,0.0,8,8.0,,
instagram,post,3542476278063661715,"Declan's first snow took some thorough convincing that he was not going to die. He went to bed, and it was normal and then woke up to six inches of snow. After getting him off the back deck, he liked it. He was ready to plow out the door until something didn't look right. 😅
#snow #snowing #firstsnow #firstsnowfall #firstsnowoftheyear #dogsfirstsnow #snowday #snowdays #snowdogs #snowdogsofinstagram #notsure #notsureaboutthis #notsurewhy #unsure #undecided",https://www.instagram.com/p/DEpZ2fzO4KT/,,,neutral,2025-01-10T13:35:02.000Z,3,0,3,0,0.0,6,12.0,,
instagram,post,3542009470261740599,"It’s Thursday🎉 Which means happy hour at The Rock is tonight! 

We can’t wait to worship with you as we continue on to week two of our current series UNDECIDED. 📚🎓 This week we take a course in philosophy as we look at the contrast between human wisdom and God’s wisdom. Paul highlights the message of the cross as the ultimate wisdom of God.

See you tonight at our Conway Campus at 6:30pm! 🕰️
.
.
#findwhatmatters #jesusmatters #youmatter #peoplematter #rockc3 #therockchurch #kidzrock #thisgen #lovegodlovepeople #dosomething #onemore #undecided",https://www.instagram.com/p/DEnvtjKBUQ3/,,,neutral,2025-01-09T22:07:34.000Z,59,0,0,0,0.0,59,59.0,,
instagram,post,3541942929428799496,"The latest batch of leaves ready to go. I'm inching closer and closer to the finish line.
🌿💚
#crochetfan #crochetfanatic #craftycrafter #maker #flowerpower #makersgottamake #reneesremakery #undecided #makingitupasigoaling #plansaplenty #flowersaremylovelanguage #floralabundance #leafygreens #leafygoodness #greentheme #green",https://www.instagram.com/p/DEnglQLT2AI/,,,neutral,2025-01-09T19:55:21.000Z,17,0,1,0,0.0,18,20.0,,
instagram,post,3541846929257830714,"“Together, we are his house, built on the foundation of the apostles and the prophets. And the cornerstone is Christ Jesus himself.” Ephesians 2:20

In Ephesians 2, Paul paints a beautiful picture of the church as God’s household, built on a foundation of apostles and prophets, with Christ as the cornerstone. This imagery speaks to the unity and strength that exists within the body of Christ. It reminds us that we are not isolated individuals but part of a vibrant community united by our shared faith in Jesus. 

Read more from our Daily Reading Plan by clicking link in bio or heading to our app and click Bible!
.
.
#findwhatmatters #jesusmatters #youmatter #peoplematter #rockc3 #therockchurch #kidzrock #thisgen #lovegodlovepeople #dosomething #onemore #undecided",https://www.instagram.com/p/DEnKwRDOJk6/,,,neutral,2025-01-09T16:44:37.000Z,33,0,2,0,0.0,35,39.0,,
instagram,post,3541578069477813194,"Undecided. (You can order this or any drawing from this page as a print from my store! My book ‘You’re Doing Really Well Given The Circumstances’ and my 2025 calendar are also out now and available wherever books and calendars are sold, or find the link in my bio!📒 🗓️ )
.
Please support me on patreon and join my mailing list! Links in bio. 
.
#happyside #sadside #undecided #ambivalence #darkside #brightside #emotions #emotionalliteracy #worrylines #illustration #worry #drawing #comic #psychology #dailydrawing #comicartist",https://www.instagram.com/p/DEmNn13ievK/,,,neutral,2025-01-09T07:50:27.000Z,11037,0,18,0,0.0,11055,11091.0,,
instagram,post,3540626414164804665,I love it when friends recommend artists I’ve never heard of before.  @stevejfinnerty - thanks for switching me onto this gorgeous track. Her voice is like whipped cream. #music #hypnotic #listennow #mtb #sandpaperkisses #abstract #blacknwhite another image I might paint. Or use charcoals. #undecided,https://www.instagram.com/p/DEi1PbyqIQ5/,,,neutral,2025-01-08T00:19:41.000Z,8,0,0,0,0.0,8,8.0,,
instagram,post,3540556308389164616,"Winter is all about staying cozy—and what’s cozier than art that makes your space feel warm and inviting? Take a peek at my online gallery for some seasonal inspiration! 🌟

Featured:

“Undecided”

Step into a moment of quiet contemplation with 'Undecided,' a captivating photograph that transforms a simple scene into a story of anticipation. In this evocative image, we see a pair of well-worn, red high-top Converse sneakers standing at the ordering counter of a cozy diner in Houston. Though we only glimpse the person’s feet, the details—from the scuffed soles to the relaxed but undecided stance—tell a story of someone pausing and considering a breakfast choice. The familiarity of this scene invites viewers to project their own narratives onto the image, making it a relatable and thought-provoking piece. 'Undecided' captures the beauty of everyday moments, drawing us into the subtle stories of the human experience. Perfect for adding an element of introspection and curiosity to your collection.

#undecided #teenager #feet #bluejeans #conversehightops #interiordesigners #oneofakindart #unique #girl #artofinsta",https://www.instagram.com/p/DEilTQszfZI/,,,neutral,2025-01-07T22:00:26.000Z,27,0,1,0,0.0,28,30.0,,
instagram,post,3539907383424222005,"🥽

#NoIdea #Clueless #LostInThought #FeelingLost #Uncertain #NotSure #Confused #WhatNow #IHaveNoClue #TryingToFigureItOut #NoAnswers #StillWondering #QuestionsUnanswered #InTheDark #SearchingForAnswers #HeadInTheClouds #FiguringItOut #LostAndConfused #Unclear #NotSureYet #PonderingLife #UncertainPath #NoPlan #OnTheFence #WhatShouldIDo #Indecision #Unresolved #NoClarity #LostInTheMoment #Undecided",https://www.instagram.com/p/DEgRwKOyIM1/,,,neutral,2025-01-07T00:31:05.000Z,0,0,0,0,0.0,0,0.0,,
instagram,post,3539888804016675368,"💂

#NoIdea #Clueless #LostInThought #FeelingLost #Uncertain #NotSure #Confused #WhatNow #IHaveNoClue #TryingToFigureItOut #NoAnswers #StillWondering #QuestionsUnanswered #InTheDark #SearchingForAnswers #HeadInTheClouds #FiguringItOut #LostAndConfused #Unclear #NotSureYet #PonderingLife #UncertainPath #NoPlan #OnTheFence #WhatShouldIDo #Indecision #Unresolved #NoClarity #LostInTheMoment #Undecided",https://www.instagram.com/p/DEgNhyzy9oo/,,,neutral,2025-01-06T23:54:11.000Z,0,0,0,0,0.0,0,0.0,,
instagram,post,3539887614327354636,"💡

#NoIdea #Clueless #LostInThought #FeelingLost #Uncertain #NotSure #Confused #WhatNow #IHaveNoClue #TryingToFigureItOut #NoAnswers #StillWondering #QuestionsUnanswered #InTheDark #SearchingForAnswers #HeadInTheClouds #FiguringItOut #LostAndConfused #Unclear #NotSureYet #PonderingLife #UncertainPath #NoPlan #OnTheFence #WhatShouldIDo #Indecision #Unresolved #NoClarity #LostInTheMoment #Undecided",https://www.instagram.com/p/DEgNQe0yXUM/,,,neutral,2025-01-06T23:51:49.000Z,0,0,0,0,0.0,0,0.0,,
instagram,post,3539886791337731655,"🔛

#NoIdea #Clueless #LostInThought #FeelingLost #Uncertain #NotSure #Confused #WhatNow #IHaveNoClue #TryingToFigureItOut #NoAnswers #StillWondering #QuestionsUnanswered #InTheDark #SearchingForAnswers #HeadInTheClouds #FiguringItOut #LostAndConfused #Unclear #NotSureYet #PonderingLife #UncertainPath #NoPlan #OnTheFence #WhatShouldIDo #Indecision #Unresolved #NoClarity #LostInTheMoment #Undecided",https://www.instagram.com/p/DEgNEgWyGZH/,,,neutral,2025-01-06T23:50:11.000Z,0,0,0,0,0.0,0,0.0,,
instagram,post,3539886474131037347,"🔛

#NoIdea #Clueless #LostInThought #FeelingLost #Uncertain #NotSure #Confused #WhatNow #IHaveNoClue #TryingToFigureItOut #NoAnswers #StillWondering #QuestionsUnanswered #InTheDark #SearchingForAnswers #HeadInTheClouds #FiguringItOut #LostAndConfused #Unclear #NotSureYet #PonderingLife #UncertainPath #NoPlan #OnTheFence #WhatShouldIDo #Indecision #Unresolved #NoClarity #LostInTheMoment #Undecided",https://www.instagram.com/p/DEgM_47ylyj/,,,neutral,2025-01-06T23:49:33.000Z,0,0,0,0,0.0,0,0.0,,
instagram,post,3539885954163067188,"🪞

#NoIdea #Clueless #LostInThought #FeelingLost #Uncertain #NotSure #Confused #WhatNow #IHaveNoClue #TryingToFigureItOut #NoAnswers #StillWondering #QuestionsUnanswered #InTheDark #SearchingForAnswers #HeadInTheClouds #FiguringItOut #LostAndConfused #Unclear #NotSureYet #PonderingLife #UncertainPath #NoPlan #OnTheFence #WhatShouldIDo #Indecision #Unresolved #NoClarity #LostInTheMoment #Undecided",https://www.instagram.com/p/DEgM4UrSMk0/,,,neutral,2025-01-06T23:48:31.000Z,0,0,0,0,0.0,0,0.0,,
instagram,post,3539127238149131397,To dye.. or not to dye?,https://www.instagram.com/p/DEdgXjUycyF/,,,neutral,2025-01-05T22:41:05.000Z,31,0,6,0,0.0,37,49.0,,
instagram,post,3538936891151753829,"#undecided 
#zeroartco
#rarible",https://www.instagram.com/p/DEc1Fo3oCJl/,,,neutral,2025-01-05T16:22:54.000Z,0,0,0,0,0.0,0,0.0,,
instagram,post,3538756770097944653,"'Temporarily finished'... 
Oil painting on panel, 60 x 80 cm.

This painting has been in my studio for a while, and I'm still not sure about it. Is it finished or not?
Looking at some of the detail photos makes me wonder if I should cut it up into smaller panels.

 I guess it will remain 'temporarily finished' in my studio for a while longer. And perhaps the fate of this painting is that it remains that way. It won't be alone... :-)
.
.
#finishedpainting #unfinishedpainting #undecided #inprocess #artinprocess #artprocess #oilpainting #abstractpainting",https://www.instagram.com/p/DEcMIiEMlhN/,,,neutral,2025-01-05T10:25:02.000Z,31,0,2,0,0.0,33,37.0,,
instagram,post,3538545975796177484,"Working on the book cover .

#poetrycommunity #bookcover #undecided #drawing #handdrawing #inspiration",https://www.instagram.com/p/DEbcNEkuBpM/,,,neutral,2025-01-05T03:26:13.000Z,0,0,0,0,0.0,0,0.0,,
instagram,post,3538416311866442339,Easy work #americaneagle#jordan#michealjordanshoes#michealjordans#fit#slightwork#easymoney#chrisbrown#undecided#breezy #shein @sheinofficial @shein_japan @shein_us,https://www.instagram.com/p/DEa-uNoP0Jj/,,,neutral,2025-01-04T23:08:36.000Z,25,0,8,0,0.0,33,49.0,,
instagram,post,3538408708532824365,"I wanna lose my head and see SIX again but up close and personal but my damn @thebushnell . Tix be $$$

Maybe I will show up at 4pm and try for a rush ticket (open to anyone) for half price and if the seat is too bad, purchase one of the above if still available....
#undecided",https://www.instagram.com/p/DEa8_keP2kt/,,,neutral,2025-01-04T22:53:30.000Z,1,0,0,0,0.0,1,1.0,,
instagram,post,3536884840841278018,"Having a break from the packing and whilst watching Harry Potter, I needed to keep my hands busy.
🌿💚
#crochetfan #crochetfanatic #craftycrafter #maker #flowerpower #makersgottamake #reneesremakery #undecided #makingitupasigoaling #plansaplenty #flowersaremylovelanguage #floralabundance #leafygreens #leafygoodness #greentheme #green",https://www.instagram.com/p/DEVigYFzvJC/,,,neutral,2025-01-02T20:25:50.000Z,24,0,2,0,0.0,26,30.0,,
instagram,post,3536761443493241125,"Ein letztes Mal Weihnachts-Feeling oder nur noch After-Feiertags-Detox? Was fühlt ihr mehr?
.
.
.
#speyer #speyercity #speyergermany #dreikönigstag #weihnachtsmarkt #glühwein #bratwurst #veganuary #dryjanuary #pfalz #pfalzkind #pfalzliebe #both #undecided #typischpfalzludwigshafen",https://www.instagram.com/p/DEVGctWtmEl/,,,neutral,2025-01-02T16:20:40.000Z,71,0,0,0,0.0,71,71.0,,
instagram,post,3536153908534374503,"Started on the front panels.
#crochetfan #crochetfanatic #craftycrafter #maker #flowerpower #makersgottamake #reneesremakery #undecided #makingitupasigoaling #plansaplenty #flowersaremylovelanguage #floralabundance",https://www.instagram.com/p/DES8T6VTPBn/,,,neutral,2025-01-01T20:13:36.000Z,12,0,1,0,0.0,13,15.0,,
instagram,post,3536038120844927838,"So here's a question - I have this spalted maple that looks great, bookmatched and everything, however it's been got at by woodworm. It was intended for use as caps on electric guitars. 

Can it still fulfill this purpose or is it now just fancy looking firewood? If it was for me I'd be happy with it. But, given I'd hopefully sell a guitar made from it, would anyone buy it?

#luthierintraining
#undecided
#woodporn 
#woodwormarearseholes",https://www.instagram.com/p/DESh--pM6Ne/,,,neutral,2025-01-01T16:23:33.000Z,1,0,2,0,0.0,3,7.0,,
instagram,post,3535746664916980805,"You and this #NewYear better be ready, because we’re about to drop the sickest new album from #Porkchop #Winston and #Cookies! #AKA #TheThreeAmigos #AKA #LockStockAndBarrel #AKA #TheFrenchieConnection 🧐🤨😒 #AlbumCover: In Progress. #Title? 🤔 #Undecided 🤷🏻‍♂️ #Songs?! 😳 #Unwritten 😅 #CK #AllTheWay #LovingDogs #EveryDay 🥰🥰🥰",https://www.instagram.com/p/DERftvKJhRF/,,,neutral,2025-01-01T06:44:29.000Z,18,0,3,0,0.0,21,27.0,,
instagram,post,3534674562949854678,"“I’m done for now”… infamous last words. Happy Holidays folks!

#ls #nextenginebuild #coreblock #undecided",https://www.instagram.com/p/DENr8mZPDXW/,,,neutral,2024-12-30T19:14:25.000Z,10,0,0,0,0.0,10,10.0,,
instagram,post,3532847189439348946,"Floral wings. 💐 🕊️ 
#crochetfan #crochetfanatic #craftycrafter #maker #flowerpower #makersgottamake #reneesremakery #undecided #makingitupasigoaling #plansaplenty #flowersaremylovelanguage #floralabundance",https://www.instagram.com/p/DEHMc0MRQDS/,,,neutral,2024-12-28T06:43:45.000Z,26,0,7,0,0.0,33,47.0,,
instagram,post,3532425376750715484,"la Vita è…
un Dramma per gli indecisi!
-
-
-
-Distretto di Rawai 🇹🇭
-
-
-
#lifeis 
#drama 
#undecided 
#photo 
#streetphotography 
#streetstyle 
#vacancy 
#december 
#rawaibeach 
#🇹🇭",https://www.instagram.com/p/DEFsiogzUJc/,,,neutral,2024-12-27T16:45:41.000Z,-1,0,0,0,0.0,-1,-1.0,,
instagram,post,3531966712763935255,"Having a break from the crochet and stitching on some leaves. 🌿🪡
#crochetfan #crochetfanatic #craftycrafter #maker #flowerpower #makersgottamake #reneesremakery #undecided #makingitupasigoaling #plansaplenty #flowersaremylovelanguage #floralabundance #leafygreens #leafygoodness #greentheme #green",https://www.instagram.com/p/DEEEQMYzGoX/,,,neutral,2024-12-27T01:34:24.000Z,19,0,0,0,0.0,19,19.0,,
instagram,post,3531945854867825679,"The back is done, minus the leaves. 💕🌹
#crochetfan #crochetfanatic #craftycrafter #maker #flowerpower #makersgottamake #reneesremakery #undecided #makingitupasigoaling #plansaplenty #flowersaremylovelanguage #floralabundance",https://www.instagram.com/p/DED_gq9T2QP/,,,neutral,2024-12-27T00:52:57.000Z,12,0,0,0,0.0,12,12.0,,
instagram,post,3531915538497124653,"I think this just may be my favourite colour combo... today.
💛🌻❣️🪴🏵️🌱🌸🍀🌺🌿💕🌹🌼
#crochetfan #crochetfanatic #craftycrafter #maker #flowerpower #makersgottamake #reneesremakery #undecided #makingitupasigoaling #plansaplenty",https://www.instagram.com/p/DED4ngozbkt/,,,neutral,2024-12-26T23:52:43.000Z,10,0,2,0,0.0,12,16.0,,
instagram,post,3531413302578680689,"Biglaang lakad lang hha🤣

#IgorotStoneKingdomBaguio 
#undecided #fypシ゚ #christmas2024 #bondingmoments 
Dec.24,2024
Connection is why we're here ,its whats give purpose and meaning to our lives.toinks😁",https://www.instagram.com/p/DECGbA_SpNx/,,,neutral,2024-12-26T07:14:52.000Z,1,0,0,0,0.0,1,1.0,,
instagram,post,3531204665750698531,"undecided 

choreography: @jakekodish
dancer: @baileysok
music: @chrisbrownofficial #undecided
videography: @timmilgram 
📍 @tmillytv 

#chrisbrown #undecidedchallenge #baileysok #14yearsold
#baileydrewsok #sokies #baileysokchoreography #baileysok1 #srank #baileysok  #followforfollowback #kpop #dancing #dance #dancer #choreographer #choreography #baileysokislife #foryou #viral #paravoce",https://www.instagram.com/p/DEBW-8zRboj/,,,neutral,2024-12-26T00:23:03.000Z,11,0,0,0,0.0,11,11.0,,
instagram,post,3531014847448247091,Which boots to go with …. Black or brown #undecided #awholemood,https://www.instagram.com/p/DEAr0uuyGsz/,,,neutral,2024-12-25T18:03:13.000Z,37,0,6,0,0.0,43,55.0,,
instagram,post,3528929487524480817,Might pop out on a walk thru 😎 or I might pop out wit yo Boo 🙃 #undecided,https://www.instagram.com/p/DD5Rqv9TEcx/,,,neutral,2024-12-22T20:59:58.000Z,8,0,0,0,0.0,8,8.0,,
instagram,post,3528423797437742160,"Working out the sleeves.
🌻🌾💐🌿🌼🍃🌹 🪴🏵️🌱🌸🍀🌺🌿🌼☘️
#crochetfan #crochetfanatic #craftycrafter #maker #flowerpower #makersgottamake #reneesremakery #undecided #makingitupasigoaling #plansaplenty",https://www.instagram.com/p/DD3er_XT7xQ/,,,neutral,2024-12-22T04:15:15.000Z,25,0,1,0,0.0,26,28.0,,
instagram,post,3528379293537409669,"I am thrilled to announce my commitment to study and swim at Occidental College! I want to thank my family, friends, and coaches for supporting me and for all of the memories. I am so grateful for this opportunity, and cannot wait to join such an amazing team!!! GO TIGERS🐯🐯🐯",https://www.instagram.com/p/DD3UkX4JBqF/,,,neutral,2024-12-22T02:46:50.000Z,460,0,164,0,0.0,624,952.0,,
instagram,post,3527881477352888023,"I felt like a little more yellow was required. So I'm making some more. 💛🌻
 🌼🪴🏵️🌱🌸🍀🌺🌿
#crochetfan #crochetfanatic #craftycrafter #maker #flowerpower #makersgottamake #reneesremakery #undecided #mellowyellow #makingitupasigoaling #plansaplenty",https://www.instagram.com/p/DD1jYMbTJbX/,,,neutral,2024-12-21T10:17:46.000Z,11,0,0,0,0.0,11,11.0,,
instagram,post,3527414833649598317,"I often get days when I simply don't know what I feel like eating... A bento box is a true saviour! A bit of wakame, some chicken fried rice, a bacon bun, a cup of miso and a salmon sushi roll makes for a perfect 'don't know what I fancy' kinda dinner. 
.
.
.
@matcha_bistro_bar #bentobox #undecided #foodiechoices #instafood #bento #foodieforlife #choices",https://www.instagram.com/p/DDz5RonIL9t/,,,neutral,2024-12-20T18:50:38.000Z,5,0,0,0,0.0,5,5.0,,
instagram,post,3526792677340046801,"Making progress, slowly. Here's the back, minus the leaves. It really is a festival of colour! @aluma_handmade
 🏵️🌱🌸🍀🌺🌿🌼☘️
#crochetfan #crochetfanatic #craftycrafter #maker #flowerpower #makersgottamake #reneesremakery #undecided #makingitupasigoaling #plansaplenty",https://www.instagram.com/p/DDxr0EZTWXR/,,,neutral,2024-12-19T22:14:31.000Z,34,0,8,0,0.0,42,58.0,,
instagram,post,3526770437569753277,This or that? #undecided #whattowear #bling #paillettes,https://www.instagram.com/p/DDxmwb_sbC9/,,,neutral,2024-12-19T21:30:20.000Z,5,0,0,0,0.0,5,5.0,,
instagram,post,3526171325845533214,"if you're undecided well decide already why don't ya, then you can live out your decision 🤔😱🫣😉😊🙌🙏🤙

#forhanskateboarding #forhanrunskateboarding #forhancaveman #forhanflip #forhandailyrant #decide  #undecided",https://www.instagram.com/p/DDveiNuMPIe/,,,neutral,2024-12-19T01:40:00.000Z,5,0,0,0,0.0,5,5.0,,
instagram,post,3525718316696747504,"Which do u like better? I'm not sure I love either....after on left or before on right
#abstractart #abstractartoftheday #abstractartofinstagram #artoftheday #undecided #texturedabstractart #textureartist",https://www.instagram.com/p/DDt3iEEzD3w/,,,neutral,2024-12-18T10:39:57.000Z,2,0,0,0,0.0,2,2.0,,
instagram,post,3525198125138086559,Tinkering… Maybe I’ll go ahead maybe I won’t.. #undecided #doodleart,https://www.instagram.com/p/DDsBQR7uoqf/,,,neutral,2024-12-17T17:26:25.000Z,5,0,1,0,0.0,6,8.0,,
instagram,post,3525102798565164303,"Believe it or not, the long-promised next generation of solar panels are here. A tandem perovskite solar panel with higher efficiency than silicon alone has just arrived on the market. The first batch has already been purchased by an undisclosed U.S. customer, which will soon install them in a 15-20 megawatt plant alongside traditional solar panels. This isn’t just hype: this is happening. Perovskites, whether used in hybrid setups or as fully functional solar cells, have finally materialized thanks to some big breakthroughs at Oxford PV. So how did they pull it off? What’s the catch? And has anyone else cracked the code on perovskite durability issues? 

Video link in the bio!

#energy #perovskite #perovskitesolar #perovskitesolarcell #perovskitesolarpanels #perovskites #renewableenergy #renewables #solar #solar3 #solarcell #solarcellmanufacturing #solarenergy #solarpanel #solarpanels #solarpower #undecided #undecidedwithmattferrell",https://www.instagram.com/p/DDrrlGJNkUP/,,,neutral,2024-12-17T14:17:04.000Z,18,0,2,0,0.0,20,24.0,,
instagram,post,3524533371079403002,Christmas came early this year. ready for the last 4 gigs 2024. thx to #loscabos #musikwein. #drummer #drumlife #hamburg #berlinsilvester #undecided,https://www.instagram.com/p/DDpqG1eMqX6/,,,neutral,2024-12-16T19:25:40.000Z,17,0,5,0,0.0,22,32.0,,
instagram,post,3523998962116439115,"Zafrul admits to engaging with PKR but remains undecided about joining

#latest #vanakkammalaysia #Zafrul #admits #engaging #PKR #remains #undecided #joining #trendingnewsmalaysia #malaysiatamilnews #fyp #vmnews #foryoupage",https://www.instagram.com/p/DDnwmKVy6xL/,,,neutral,2024-12-16T01:43:54.000Z,15,0,0,0,0.0,15,15.0,,
instagram,post,3523414969355412007,I'm thinking about deleting my X/Twitter account because I don't use it anymore but Trey has his account still so I don't know but I'll delete it eventually 🙃🙃🙃🙃🙃 But that's King Tremaine right there 🥰🥰🥰🥰🥰😍😍😍😍😍 #latepost #happysunday #undecided #lovemesometremaine #positivevibesonly,https://www.instagram.com/p/DDlrz8suSIn/,,,neutral,2024-12-15T06:23:37.000Z,1044,0,2,0,0.0,1046,1050.0,,
instagram,post,3521356521821909562,"so what?

❗️AVAILABLE ❗️

.
.
.
#teloscrivoio #teloscrivoiotattoo #tattoo #letteringtattoo #minimaltattoo #writing #artgallery #moderntattoo #modernart #artgallery #graphicart #graphicdesign #visualart #tatuaggio #scrittoamano #nomore #noless #more #less #what #undecided #mood",https://www.instagram.com/p/DDeXxmCszI6/,,,neutral,2024-12-12T10:13:50.000Z,325,0,0,0,0.0,325,325.0,,
instagram,post,3521068952674168550,"So I decided on the kimono and have made a start. Unfortunately I have gone from ""wow, so many leaves and flowers"", to ""there's not nearly enough leaves and flowers"". True to form, my current WIP is snowballing out of control! @aluma_handmade 
🏵️💕🌼🌱🌸🍀🌺🌿🌼☘️
#crochetfan #crochetfanatic #craftycrafter #maker #flowerpower #makersgottamake #reneesremakery #undecided #makingitupasigoaling #plansaplenty",https://www.instagram.com/p/DDdWY6ZzO7m/,,,neutral,2024-12-12T00:42:30.000Z,14,0,2,0,0.0,16,20.0,,
instagram,post,3520846434251286854,"NEW FUN WAY to get to know us better. STAFF PICKS! 
#chrisplum #beatles #dreamtheater #undecided #possiblytheandrewssisters",https://www.instagram.com/p/DDcjy1-P6lG/,,,neutral,2024-12-11T17:20:23.000Z,13,0,0,0,0.0,13,13.0,,
instagram,post,3520072985886340458,"Just trying to decide .... to re wrap with something more us!?? Or leave in the traditional ice cream wrap? Please comment with your thoughts below :)) Thanks everyone 
#traditionalicecream 
#undecided ..... as always!!!
🤣",https://www.instagram.com/p/DDZz7sDNDVq/,,,neutral,2024-12-10T15:43:41.000Z,17,0,0,0,0.0,17,17.0,,
instagram,post,3520029364453698713,"Small wind turbines, or SWTs, have low efficiencies that rarely justify their high costs. They also have to contend with the same kinds of considerations that your typical turbine does, like noise, vibration, environmental impacts, and aesthetics. In closer proximity to people, these factors are that much more important (and difficult) to nail. There’s a lot of high-speed winds in major cities, and someday soon wind turbines might be integrated seamlessly into your surroundings. How can SWTs turn windy city streets into an opportunity? When can apartment dwellers start to produce their own wind energy? And why was one SWT company inspired by a NASA rover shaped like a beach ball? 

Video link in the bio!

#energy #engineering #owind #owindturbine #owindturbinedesign #power #renewableenergy #smallwindturbine #turbine #undecided #undecidedwithmattferrell #urbanwindturbine #wind #windenergy #windfarm #windpower #windturbine",https://www.instagram.com/p/DDZqA6bNOyZ/,,,neutral,2024-12-10T14:17:03.000Z,34,0,1,0,0.0,35,37.0,,
instagram,post,3519327430591882864,"Still working on your holiday art shopping? 🎁

My work is individually packaged and shipped using white-glove processes that take a bit of extra time during the busy holiday season.

If you're looking at giving my art as a unique and meaningful gift this year, please place your order ASAP for the best chance of delivery in time for Christmas. 

✨ BONUS: Use promo code SHIPIT at checkout to enjoy 25% off your purchase. ✨

Featured:

“Undecided”



#undecided #blytheatheart",https://www.instagram.com/p/DDXKabkt6Zw/,,,neutral,2024-12-09T15:03:43.000Z,0,0,0,0,0.0,0,0.0,,
instagram,post,3517858206661117835,"@virginvoyages Holiday treats. Last year’s ornament was a nutcracker. Instead of a blue ribbon that gets gross and funky for Sailing Club, we now have pins. 

This morning marks Country 43 on my quest for 50 by 50: Tortola, British Virgin Islands. I am counting Puerto Rico as a US Territory and therefore does not add to my country list despite it technically being one as of now. I may change my mind on this later in which case BVI will get bumped to 44. @msnikkis21 says it should count for both just like Scotland and Wales and Ireland are technically part of UK but still their own. It’s a valid argument. What’s your take? 

#virginvoyages #resilientlady #holidaysailing #country43 or #country44 #undecided #debate #technicality #traveladdict #cruise #caribbean #britishvirginislands #exploretheworld #portday #sailingclub #deepbluesea",https://www.instagram.com/p/DDR8WaKOoeL/,,,neutral,2024-12-07T14:23:19.000Z,2,0,0,0,0.0,2,2.0,,
instagram,post,3516427671729329896,"Calling all Student Doctors!!! You were bloody brilliant! You were spec-tacular! Don’t sleep on OMM! We are all family here. Great job making hard choices. You earned a lollipop AND a sticker! I hope you find these puns humerus…… 

Did any of those puns make sense? I hope so. Day 3 everybody, we are half way through! And the snow held off for you all! 

#medicalfield #medicalspecialties #orthobro #gynie #whenyourehereyourefamily #sleepytime #undecided #vampire #notmycircusnotmymonkeys #spiritweek #blockweek",https://www.instagram.com/p/DDM3FYrx9bo/,,,neutral,2024-12-05T15:01:06.000Z,141,0,7,0,0.0,148,162.0,,
instagram,post,3516401849487683764,"#20241205
#undecided
#revisit
#revengeaccomplished",https://www.instagram.com/p/DDMxNn2PXC0/,,,neutral,2024-12-05T14:09:48.000Z,0,0,0,0,0.0,0,0.0,,
instagram,post,3514955935509744826,"At 30 MW, the Dinglun Flywheel Energy Storage Power Station is likely the biggest Flywheel Energy Storage System on the planet. Don’t let that spin you around though. While its sheer size is unrivaled, It’s not alone. More and more people are turning to mechanical energy storage systems, like flywheels, as the solution to large-scale energy woes. Why the sudden uptick of interest in this otherwise niche mechanical energy storage device? And can a spinning wheel really compete with lithium batteries and all the other energy storage systems available to us at the moment? 

Video link in the bio!

#energy #energystorage #energystoragesystems #flywheel #flywheelbattery #flywheelenergy #flywheelenergystorage #flywheelgenerator #lithiumionbattery #mechanicalbattery #mechanicalbatteryflywheel #mechanicalbatterystorage #renewableenergy #undecided #undecidedwithmattferrell",https://www.instagram.com/p/DDHoczhNYy6/,,,neutral,2024-12-03T14:17:03.000Z,18,0,0,0,0.0,18,18.0,,
instagram,post,3514721409945199251,"#20241202
#undecided

A total failure and hence I am not sharing these clips elsewhere...",https://www.instagram.com/p/DDGzIAkPmKT/,,,neutral,2024-12-03T06:31:03.000Z,0,0,0,0,0.0,0,0.0,,
instagram,post,3514360348594009092,"🍧Do you want to go out and get some ice cream? 🍨

Sometimes making a choice can be difficult, I really struggle to do it, could anyone relate with that situation?

.
.
.
.
.

#makeachoice 
#undecided 
#socialanxietyquotes 
#comicsoftheday 
#indecisione 
#relatablememe 

.
.
.
.
.

Essere indecisi. Be undecided. Essere insicuri. Indecisione. Insicurezza. Make a decision. Make a choice. Take a choice. Take a decision. Prendere una decisione. Too many choices. Social anxiety. Go out. Best friends. Friends. Anxiety. Ansia. Scelte. Troppe scelte. Anxiety problem. Anxiety meme. Together we are stronger. Meme. Fumetto. Comics. Comics of the day. Fumetto del giorno. Disegnini. Disegnetti. Illustration. Illustrazione. Relatable situation. Relatable.",https://www.instagram.com/p/DDFhB3-qfQE/,,,neutral,2024-12-02T18:33:42.000Z,62,0,8,0,0.0,70,86.0,,
instagram,post,3514158001143771428,"Jesus told us in Mark 11:22 “Have faith in God.” But what IS faith ?

Hebrews 11:1 tells us exactly what faith is. “Faith is the confidence that what we hope for will actually happen; it gives us assurance about things we cannot see.”
Hebrews 11:6 also tells us that it’s impossible to please God without faith. Faith is essential to pleasing God! 

Can we boldly stand in faith, without doubting, and believe that what we’re hoping for will come to pass? I believe we can!

We can believe and receive or doubt and do without. 
.
.
.
.
#faith #faithoverfear #doubleminded #doubt #undecided #hebrews11 #believe #trustgod",https://www.instagram.com/p/DDEzBVOxXEk/,,,neutral,2024-12-02T11:51:40.000Z,17,0,1,0,0.0,18,20.0,,
instagram,post,3513987019670671226,HELP ME CHOOSE 😃 I'm putting one piece in the Summer Show Exhibition at the Upstairs Gallery in Titirangi. Can't decide whether to put in the yellow or black piece 🤔 Which would you choose?  #nzartist #titirangiartist  #gallery #undecided #helpme #upstairsart,https://www.instagram.com/p/DDEMJOUzc96/,,,neutral,2024-12-02T06:11:57.000Z,118,0,16,0,0.0,134,166.0,,
instagram,post,3513698623855076884,"It’s getting to that time of year when I fall out with my hair and feel like I need a change. I’ve had so many different hairstyles and colours I’m just not sure what’s next 🤔 Short or long? Pink, Blonde or Brunette? 
#undecided",https://www.instagram.com/p/DDDKkgyqSYU/,,,neutral,2024-12-01T20:38:59.000Z,3,0,2,0,0.0,5,9.0,,
instagram,post,3511480533958393787,"Moving into the new apartment 2 days! I’m so excited 😆 

#yoga#moving#packing#undecided#theundecidededit#squamish#squampton#movingvlog#video #newthings#newbeginings #holidays#apartmentliving",https://www.instagram.com/p/DC7SPDmSf-7/,,,neutral,2024-11-28T19:12:01.000Z,2,0,0,0,0.0,2,2.0,,
instagram,post,3510706959970175443,"I'm almost finished. I'm not sure what my opinions are on it yet, very mixed emotions about this one .😍🫶📚📖 ...reserve judgement until the end 📖😍📚 #rachelharrison #blacksheep #undecided #bookworm #bookwormjournal #bookwormjournal24 #igniteimagination #artclub #lovetoread #artybookworm #getcreative #books #bookreview #bibliotherapy #bookstagram #booktok #arttherapylife🎨 #lovetoread📚 #booklovers #bookblogger",https://www.instagram.com/p/DC4iWErg4nT/,,,neutral,2024-11-27T17:35:04.000Z,7,0,0,0,0.0,7,7.0,,
instagram,post,3510296474590656345,"(un)decided 
F-to-B Wearable Indigo Satin 2406XX Jacket
ラスト1枚です
#undecided #seveskig #fashion 
#denimjacket",https://www.instagram.com/p/DC3FAuYSDdZ/,,,neutral,2024-11-27T03:59:30.000Z,22,0,0,0,0.0,22,22.0,,
instagram,post,3510256229630351370,"In episode 163 of The Johnny Rogers Show, I sit down with stand-up comedian @brad_doiron to talk about navigating life’s uncertainties and finding clarity along the way. We cover everything from starting a comedy career later in life to the art of crafting the perfect punchline. Brad shares how his journey has been shaped by evolving perspectives, the lessons he’s learned from idolizing the wrong people, and how jumping into new comedy scenes can spark growth. Whether you’re chasing a dream or just love a good laugh, this episode will leave you thinking about your own path in a whole new way.
-
💻 Episode releases Friday, Dec. 6th at 8PM on YouTube
-
🔓For EARLY ACCESS Subscribe On Patreon 👉 https://www.patreon.com/Thejohnnyrogers
-
#BradDoiron #Undecided #TheJohnnyRogersShow #podcast",https://www.instagram.com/p/DC273FVuBgK/,,,neutral,2024-11-27T02:39:33.000Z,15,0,0,0,0.0,15,15.0,,
instagram,post,3510065917671740199,"Staging

Only 12 more Days until our Crystal Cottage Completion Community Celebration fundraiser for the @branthistoricalsociety 

December 8  1-4pm we open the turquoise doors for the community to see the famous Crystal Cottage in person! 

It has been a long hard road for this little house that could! 

53 Charlotte St in Brantford (beside the museum) 

Donations at the door for @branthistoricalsociety 

During your tour, try and spot if we end up using these chairs to stage the house.  How festive are they! 

#undecided 

If you’re looking one of the most unique buildings for a home,  place to open a business or both come for the tour on the 8th and have a look before it goes on the market! 

#notlookingforanagent

#reignofthechatelaine 
#rebuildinghistory
#recyclinghistory
#thecrystalcottage
#theturquoisecottage
#behindtheturquoisedoor 
@carollyn.brown 
@meany.jeany 
@ryanwhitneyrealtor 
@city_of_brantford 
@branthistoricalsociety 
@tourismbrantford 
@discover_brantford 
@magnolianetwork 
@history 
@historyca 
@hgtvcanada 
@hgtvmagazine 
@hgtvdesign 
@hgtvhandmade",https://www.instagram.com/p/DC2QlrhB5Mn/,,,neutral,2024-11-26T20:21:26.000Z,7,0,0,0,0.0,7,7.0,,
instagram,post,3509577034916003980,"Surprise! - you're pregnant? Unsure what to do? Let us support YOU while you make your decision. Schedule a no cost pregnancy testing appointment today. Call now 907-337-9292 or visit cpcanchorage.com.

#anchorage
#visitcpc
#communitypregnancycenter
#notalone
#youhaveoptions
#undecided",https://www.instagram.com/p/DC0hbf-CYCM/,,,neutral,2024-11-26T04:10:07.000Z,0,0,0,0,0.0,0,0.0,,
instagram,post,3509341366599928829,#maybemaybenot #undecided,https://www.instagram.com/p/DCzr2Evxcv9/,,,neutral,2024-11-25T20:21:52.000Z,9,0,1,0,0.0,10,12.0,,
instagram,post,3509303116878858155,"Not sure if I like this one or not yet. Sometimes the ideas in my head work great. Other times not so much. 

#newart #undecided #frostedfloral #greatideasinmyhead #maybemaybenot #pinecones #Christmasfloral #handpainted #localartist  #tistheseason #holidayartisanmarket #Christmas #downtownmaryville #texturedart #maryvilletn #Christmasart #handpaintedChristmas #keepitlocal #easttnartists",https://www.instagram.com/p/DCzjJd6vEer/,,,neutral,2024-11-25T19:05:53.000Z,5,0,0,0,0.0,5,5.0,,
instagram,post,3508915006484286128,"Undecided
@karolinamisztalfotografia @stadninakoni_w_udorzu 
#undecided #niezdecydowanie #kon #horseinstagram #horselovers #horsesphotography #horsephotographer",https://www.instagram.com/p/DCyK5t8iIqw/,,,neutral,2024-11-25T06:14:46.000Z,28,0,0,0,0.0,28,28.0,,
instagram,post,3507937081778006650,"Kimono or poncho? I can't decide. What do you think? 🏵️🌱🌸🍀🌺🌿🌼☘️
#crochetfan #crochetfanatic #craftycrafter #maker #flowerpower #makersgottamake #reneesremakery #undecided #makingitupasigoaling #plansaplenty",https://www.instagram.com/p/DCusjClzGp6/,,,neutral,2024-11-23T21:51:49.000Z,44,0,25,0,0.0,69,119.0,,
instagram,post,3507796274435984316,"#undecided #tree 
#autumn vs #winter 
.
.
.

#london #thisislondon  #inspiremyinstagram #rpslondon #lotiloves #londonmoment #unlimitedlondon #itssolondon #explorelondon #loves_cityscapes #wonderfulworld #travel_greece_world #alltheworld1 #londonforyou #TraverseLondon #vscolondon  #thelondonlifeinc #incredibledestinations #roundphot0 #TopLondonPhoto #MySecretLondon #somethingdifferentlondon #itssolondon #chilloutlondon @chilloutlondon 
#MyCanon #liveforthestory @canonuk @canongreece #wpodaily",https://www.instagram.com/p/DCuMiBiMgu8/,,,neutral,2024-11-23T17:12:03.000Z,330,0,7,0,0.0,337,351.0,,
instagram,post,3507067728092797435,"🌚 always undecided 🌝
•
•
•
•
#blackorwhite #dayornight #goodorbad #undecided #night #nightout #autumnmood #november #dinnerout #dinneroutfit #ootd #lostinmythoughts #photography #instagood #girlpic #girl #girlsnight",https://www.instagram.com/p/DCrm4R4NRn7/,,,neutral,2024-11-22T17:04:34.000Z,297,0,21,0,0.0,318,360.0,,
instagram,post,3506818421877072926,undecided #undecided #roosterhumor #leftorright #middleroad #shouldistayorshouldigo,https://www.instagram.com/p/DCquMZXx2Qe/,,,neutral,2024-11-22T08:49:14.000Z,5,0,0,0,0.0,5,5.0,,
instagram,post,3506493765815003510,"Young, lean, & mean #32out #football #undecided #uncommitted #brotherhood #specialteams #buzzcut #nfldreams",https://www.instagram.com/p/DCpkYB2hml2/,,,neutral,2024-11-21T22:04:12.000Z,297,0,44,0,0.0,341,429.0,,
instagram,post,3505797959002600984,"The word of the day is undecided.

#languages #wordoftheday #spraksaganorsk #språksaga #norwegian #undecided",https://www.instagram.com/p/DCnGKtQo7YY/,,,neutral,2024-11-20T23:01:45.000Z,1,0,0,0,0.0,1,1.0,,
instagram,post,3505696034293144364,"Date night I guess 🕯️🌝 what shall I order 🙈
...
..
.
#photooftheday #photography #thoughts #thoughtful #undecided #whattodo #art #candlelight #cafe #goingout #date #friends #memyselfandi #cologne #random #suprise #sneak #reading #cozy #vibe #jazz #mood #fun #night",https://www.instagram.com/p/DCmu_geidss/,,,neutral,2024-11-20T19:39:15.000Z,81,0,4,0,0.0,85,93.0,,
instagram,post,3505591016893408442,"Congratulations to our guy Niko Churis on being named CLASS L ALL STATE! 
What a career Niko has had playing in every scheduled game since joining the program Freshman year. Starter since day one, Captain since Sophomore year and making all conference honors all 4 years. Niko is also Valedictorian of his class (1 of 202) The sky is the limit for Niko, we are excited to see what he achieves at the collegiate level. #undecided 😈",https://www.instagram.com/p/DCmXHTZu2S6/,,,neutral,2024-11-20T16:10:36.000Z,135,0,4,0,0.0,139,147.0,,
instagram,post,3504809079257666847,"It’s been a full year since I installed these solar panels and a large home battery on my new house … and I’ve got some news. They say solar power can save you thousands on energy bills, but what actually happened. This past year was a bit of a rollercoaster ride from the challenges of getting them installed to seeing how well they handled powering my all-electric house through heat waves, freezing temperatures, and a couple of small power outages. Spoiler alert: solar isn’t all sunshine and rainbows.  Was my net zero house ready for all of it?  Was I able to achieve net zero energy?  And most important … was it worth it? Let’s just say, I learned some pretty surprising lessons that may be of use to you. 

Video link in the bio!

#aresolarpanelsworthit #howtobuildasolarpowersystem #issolarpowerworthit #netzero #netzerohome #solar #solarenergy #solarpanels #solarpanelsforhome #solarpower #solarpowersystemforhome #solarsetup #solarsetupforhome #solarsystem #undecided #undecidedwithmattferrell #undecidedmf",https://www.instagram.com/p/DCjlUnOt5Uf/,,,neutral,2024-11-19T14:17:04.000Z,26,0,0,0,0.0,26,26.0,,
instagram,post,3503513025473337843,"Because I like chaos, I started a remodel about two weeks ago. I'm super regretting it, but it will look amazing when I'm done. I'm torn between going natural wood or white vanities for the bathroom.  The white kitchen Cabinets have been a nightmare to keep clean, but it's always a classic color. The last photo is the floor going in. What's everyone's thoughts? 

remodeling #vote #goingneutral #undecided",https://www.instagram.com/p/DCe-ojFStnz/,,,neutral,2024-11-17T19:22:00.000Z,11,0,14,0,0.0,25,53.0,,
instagram,post,3502485645704826295,"Jamm sesh today. Catch us on Nov 30th at the Cosmopolitan, we'll be the back-up band for ""Darkends & Jay & Roz""✌️ #Undecided",https://www.instagram.com/p/DCbVCNHJA23/,,,neutral,2024-11-16T09:20:47.000Z,10,0,0,0,0.0,10,10.0,,
instagram,post,3502034833142585276,"This is the dark pair of @barrel leg jeans !! It makes me laugh they actually do melt me look like a barrel lol . 

#jeans@primark#barrellegjeans#jeans#tryon#undecided #fashionmyway#mystyle#tryon#ukfashionblogger #nifashionblogger #maturefashion#plussizefashion#loveplussizefashion",https://www.instagram.com/p/DCZuiBMghe8/,,,neutral,2024-11-15T18:25:06.000Z,202,0,18,0,0.0,220,256.0,,
instagram,post,3501924854341728454,Let’s see how far this hair journey will take me without being tempted to cut it again 😩😩😩😩 #longhairdontcare #shorthairsuitsmetoo #undecided #butimissmylonghair #letsgo,https://www.instagram.com/p/DCZVhndJnjG/,,,neutral,2024-11-15T14:46:35.000Z,58,0,9,0,0.0,67,85.0,,
instagram,post,3501100181252961891,"Epoxy primed the modified vented wings, need to decide whether to paint them myself or let the bodyshop do them 🤔

Would like to do them but will be less hassle getting the bodyshop to paint them #undecided 

#miniworld #modified_mini #minilife #retromini #miniclub #minilifestyle #miniworldwide #miniowners #minicooper #minione #minijcw #minigp #builtnotbought #minisofinstagram #r56 #1598gt #bandedsteels #steelwheels #lowminis #lowered #coilovers #minimagazine #keepallchrome #corbeau #corbeauseats #retrostyle #dontbeasheep #restoration #renovation 

@thatminicult @miniworldwide @mini_world_ua @miniloversaroundtheworld @southeastminiowners @driven_escape @clubminifanoficial @minicooper.mafia @ukminis

Check out @umrplates for number plates & show plates, use code RETROMINI15 for 15% discount 👌",https://www.instagram.com/p/DCWaBCyo3Zj/,,,neutral,2024-11-14T11:28:06.000Z,19,0,1,0,0.0,20,22.0,,
instagram,post,3500875633668637715,#money #secondincome #digitalmarketing #rich #viral #scam #real #toogoodtobetrue #undecided #brat #,https://www.instagram.com/p/DCVm9cjo8QT/,,,neutral,2024-11-14T04:01:58.000Z,3,0,0,0,0.0,3,3.0,,
instagram,post,3500718938084616520,#IWasIntrigued #SaladToppers #Undecided #WeirdTexture,https://www.instagram.com/p/DCVDVObBClI/,,,neutral,2024-11-13T22:50:39.000Z,0,0,0,0,0.0,0,0.0,,
instagram,post,3500657110784832927,"Has anyone asked you what you want to major in when you attend college? It’s a common question with a common answer of, “I don’t know.” Some students have a clear vision of their future, or at least they think they do, but almost 50% of students apply to college undecided, and another 75% change their major at least once while enrolled in college. Don’t be afraid or concerned to be applying to college without declaring a major. It may be the right choice for you, but before you choose to do so, let’s review what it means to be undecided and some of the advantages and disadvantages of applying this way.

#college #collegeconsulting #collegelife #collegeprep #collegepreparation #collegemajor #undecided #collegestudent #collegestudents #collegemajor #collegeconsultant #undecidedmajor #collegedecision #collegedegree",https://www.instagram.com/p/DCU1RhQxnWf/,,,neutral,2024-11-13T20:47:48.000Z,3,0,0,0,0.0,3,3.0,,
instagram,post,3500625867421950237,"ALLOW ME TO ASK YOU THIS. 
IF YOU ALWAYS GIVE OTHERS PERMISSION TO MAKE DECISIONS FOR YOU, WHAT DOES THAT MAKE YOU? #undecided #confused #donttrustyourself",https://www.instagram.com/p/DCUuK3nOqEd/,,,neutral,2024-11-13T19:45:44.000Z,3,0,0,0,0.0,3,3.0,,
instagram,post,3500568294678158898,"Attention all #undeclared , #undecided , and #preprofessional students! 🎓 Need guidance for next semester? We have drop-ins! 💬 Our advisors are here to help you explore options, answer questions, and find your direction. No appointment needed—just bring your questions and curiosity! 🌟 #acenter #beardown🐻⬇️ #universityofarizona #uofa",https://www.instagram.com/p/DCUhFE0SV4y/,,,neutral,2024-11-13T17:51:21.000Z,10,0,0,0,0.0,10,10.0,,
instagram,post,3500374716650752616,"#community #communitynotcompetition 
#womensupportingwomen #resist #mentalhealth #progressive #resistance #fightracism #womenempowerment #election #independent #republican #democrat #medicaid #undecided #womenshealthcare #medicareforall #whitesupremacy #gunreform #universalhealthcare #womenshealthmatters #votebluetosaveamerica🇺🇸 #gaza #project2025 #mentalhealthmatters #heritagefoundation #israel #christiannationalism #womenshealth #abortionishealthcare",https://www.instagram.com/p/DCT1EJOugpo/,,,neutral,2024-11-13T11:26:44.000Z,4,0,0,0,0.0,4,4.0,,
instagram,post,3500234513223207026,"#community #communitynotcompetition 
#womensupportingwomen #resist #mentalhealth #progressive #resistance #fightracism #womenempowerment #guncontrol #medicaid #undecided #womenshealthcare #medicareforall #whitesupremacy #womenshealthmatters #votebluetosaveamerica🇺🇸 #gaza #project2025 #mentalhealthmatters #heritagefoundation #israel #christiannationalism #womenshealth #Abortionishealthcare #EndPoverty #Justice",https://www.instagram.com/p/DCTVL6nO0hy/,,,neutral,2024-11-13T06:48:11.000Z,0,0,0,0,0.0,0,0.0,,
instagram,post,3500222448030873365,"#community #communitynotcompetition 
#womensupportingwomen #resist #mentalhealth #progressive #resistance #fightracism #womenempowerment #guncontrol #medicaid #undecided #womenshealthcare #medicareforall #whitesupremacy #womenshealthmatters #votebluetosaveamerica🇺🇸 #gaza #project2025 #mentalhealthmatters #heritagefoundation #israel #christiannationalism #womenshealth #Abortionishealthcare #EndPoverty #Justice",https://www.instagram.com/p/DCTScWBuncV/,,,neutral,2024-11-13T06:24:13.000Z,0,0,0,0,0.0,0,0.0,,
instagram,post,3500192432928723919,"stepville

#community #communitynotcompetition 
#womensupportingwomen #resist #mentalhealth #progressive #resistance #fightracism #womenempowerment #guncontrol #medicaid #undecided #womenshealthcare #medicareforall #whitesupremacy #womenshealthmatters #votebluetosaveamerica🇺🇸 #gaza #project2025 #mentalhealthmatters #heritagefoundation #israel #christiannationalism #womenshealth #Abortionishealthcare #EndPoverty #Justice",https://www.instagram.com/p/DCTLnkSOhPP/,,,neutral,2024-11-13T05:24:34.000Z,0,0,0,0,0.0,0,0.0,,
instagram,post,3500186837936302841,"#community #communitynotcompetition 
#womensupportingwomen #resist #mentalhealth #progressive #resistance #fightracism #womenempowerment #guncontrol #medicaid #undecided #womenshealthcare #medicareforall #whitesupremacy #womenshealthmatters #votebluetosaveamerica🇺🇸 #gaza #project2025 #mentalhealthmatters #heritagefoundation #israel #christiannationalism #womenshealth #Abortionishealthcare #EndPoverty #Justice",https://www.instagram.com/p/DCTKWJisOr5/,,,neutral,2024-11-13T05:13:27.000Z,0,0,0,0,0.0,0,0.0,,
instagram,post,3500185166497863387,"#community #communitynotcompetition 
#womensupportingwomen #resist #mentalhealth #progressive #resistance #fightracism #womenempowerment #guncontrol #medicaid #undecided #womenshealthcare #medicareforall #whitesupremacy #womenshealthmatters #votebluetosaveamerica🇺🇸 #gaza #project2025 #mentalhealthmatters #heritagefoundation #israel #christiannationalism #womenshealth #Abortionishealthcare #EndPoverty #Justice",https://www.instagram.com/p/DCTJ905Mlbb/,,,neutral,2024-11-13T05:10:08.000Z,1,0,0,0,0.0,1,1.0,,
instagram,post,3500352214260189624,"@annemariesong #community #communitynotcompetition 
#womensupportingwomen #resist #mentalhealth #progressive #resistance #fightracism #womenempowerment #election #independent #republican #democrat #medicaid #undecided #womenshealthcare #medicareforall #whitesupremacy #gunreform #universalhealthcare #womenshealthmatters #votebluetosaveamerica🇺🇸 #gaza #project2025 #mentalhealthmatters #heritagefoundation #israel #christiannationalism #womenshealth #abortionishealthcare",https://www.instagram.com/p/DCTv8sPuwm4/,,,neutral,2024-11-13T10:42:02.000Z,2,0,0,0,0.0,2,2.0,,
instagram,post,3500348554335488254,"@jessicaleighphd

#community #communitynotcompetition 
#womensupportingwomen #resist #mentalhealth #progressive #resistance #fightracism #womenempowerment #election #independent #republican #democrat #medicaid #undecided #womenshealthcare #medicareforall #whitesupremacy #gunreform #universalhealthcare #womenshealthmatters #votebluetosaveamerica🇺🇸 #gaza #project2025 #mentalhealthmatters #heritagefoundation #israel #christiannationalism #womenshealth #abortionishealthcare",https://www.instagram.com/p/DCTvHbrOAj-/,,,neutral,2024-11-13T10:34:46.000Z,1,0,0,0,0.0,1,1.0,,
instagram,post,3500346932104578937,"@doctor_nora_

#community #communitynotcompetition 
#womensupportingwomen #resist #mentalhealth #progressive #resistance #fightracism #womenempowerment #election #independent #republican #democrat #medicaid #undecided #womenshealthcare #medicareforall #whitesupremacy #gunreform #universalhealthcare #womenshealthmatters #votebluetosaveamerica🇺🇸 #gaza #project2025 #mentalhealthmatters #heritagefoundation #israel #christiannationalism #womenshealth #abortionishealthcare",https://www.instagram.com/p/DCTuv02uMd5/,,,neutral,2024-11-13T10:31:32.000Z,1,0,0,0,0.0,1,1.0,,
instagram,post,3500346100869045960,"@aliceinwhyland 

#community #communitynotcompetition 
#womensupportingwomen #resist #mentalhealth #progressive #resistance #fightracism #womenempowerment #election #independent #republican #democrat #medicaid #undecided #womenshealthcare #medicareforall #whitesupremacy #gunreform #universalhealthcare #womenshealthmatters #votebluetosaveamerica🇺🇸 #gaza #project2025 #mentalhealthmatters #heritagefoundation #israel #christiannationalism #womenshealth #abortionishealthcare",https://www.instagram.com/p/DCTujutOR7I/,,,neutral,2024-11-13T10:29:53.000Z,2,0,0,0,0.0,2,2.0,,
instagram,post,3500330010042599372,"@kenklipp @chrismurphyct

#community #communitynotcompetition 
#womensupportingwomen #resist #mentalhealth #progressive #resistance #fightracism #womenempowerment #election #independent #republican #democrat #medicaid #undecided #womenshealthcare #medicareforall #whitesupremacy #gunreform #universalhealthcare #womenshealthmatters #votebluetosaveamerica🇺🇸 #gaza #project2025 #mentalhealthmatters #heritagefoundation #israel #christiannationalism #womenshealth #abortionishealthcare",https://www.instagram.com/p/DCTq5k9OofM/,,,neutral,2024-11-13T09:57:55.000Z,4,0,1,0,0.0,5,7.0,,
instagram,post,3500329476921333423,"#community #communitynotcompetition 
#womensupportingwomen #resist #mentalhealth #progressive #resistance #fightracism #womenempowerment #election #independent #republican #democrat #medicaid #undecided #womenshealthcare #medicareforall #whitesupremacy #gunreform #universalhealthcare #womenshealthmatters #votebluetosaveamerica🇺🇸 #gaza #project2025 #mentalhealthmatters #heritagefoundation #israel #christiannationalism #womenshealth #abortionishealthcare",https://www.instagram.com/p/DCTqx0cuZav/,,,neutral,2024-11-13T09:56:51.000Z,3,0,0,0,0.0,3,3.0,,
instagram,post,3500306083593552687,"Follow @resisting_fascism Repost @berniceaking Poverty is a profound injustice affecting millions, and as my father, #MartinLutherKingJr powerfully stated, “I choose to identify with the underprivileged. I choose to identify with the poor. I choose to give my life for the hungry. I choose to give my life for those who have been left out of the sunlight of opportunity.”

With so many facing financial hardship and struggling to meet basic needs, we are called to action. Let’s make it our Mission Possible to combat poverty and build systems that lift up all people, ensuring that everyone has access to opportunities, resources, and the chance to thrive. Together, we can create a future where no one is left behind.

#MissionPossible #EndPoverty #Justice #MLK #community #communitynotcompetition 
#womensupportingwomen #resist #mentalhealth #progressive #resistance #fightracism #womenempowerment #guncontrol #medicaid #undecided #womenshealthcare #medicareforall #whitesupremacy #womenshealthmatters #votebluetosaveamerica🇺🇸 #gaza #project2025 #mentalhealthmatters #heritagefoundation #israel #christiannationalism #womenshealth #abortionishealthcare",https://www.instagram.com/p/DCTldZtu4Mv/,,,neutral,2024-11-13T09:10:23.000Z,2,0,0,0,0.0,2,2.0,,
instagram,post,3500284289838959494,"#community #communitynotcompetition 
#womensupportingwomen #resist #mentalhealth #progressive #resistance #fightracism #womenempowerment #guncontrol #medicaid #undecided #womenshealthcare #medicareforall #whitesupremacy #womenshealthmatters #votebluetosaveamerica🇺🇸 #gaza #project2025 #mentalhealthmatters #heritagefoundation #israel #christiannationalism #womenshealth #Abortionishealthcare #EndPoverty #Justice",https://www.instagram.com/p/DCTggQsu0uG/,,,neutral,2024-11-13T08:27:05.000Z,0,0,0,0,0.0,0,0.0,,
instagram,post,3500271867325433656,"#community #communitynotcompetition 
#womensupportingwomen #resist #mentalhealth #progressive #resistance #fightracism #womenempowerment #guncontrol #medicaid #undecided #womenshealthcare #medicareforall #whitesupremacy #womenshealthmatters #votebluetosaveamerica🇺🇸 #gaza #project2025 #mentalhealthmatters #heritagefoundation #israel #christiannationalism #womenshealth #Abortionishealthcare #EndPoverty #Justice",https://www.instagram.com/p/DCTdrfVOcc4/,,,neutral,2024-11-13T08:02:24.000Z,1,0,0,0,0.0,1,1.0,,
instagram,post,3500268762810680289,"#community #communitynotcompetition 
#womensupportingwomen #resist #mentalhealth #progressive #resistance #fightracism #womenempowerment #guncontrol #medicaid #undecided #womenshealthcare #medicareforall #whitesupremacy #womenshealthmatters #votebluetosaveamerica🇺🇸 #gaza #project2025 #mentalhealthmatters #heritagefoundation #israel #christiannationalism #womenshealth #Abortionishealthcare #EndPoverty #Justice",https://www.instagram.com/p/DCTc-UBugPh/,,,neutral,2024-11-13T07:56:14.000Z,0,0,0,0,0.0,0,0.0,,
instagram,post,3500267488958534221,"#community #communitynotcompetition 
#womensupportingwomen #resist #mentalhealth #progressive #resistance #fightracism #womenempowerment #guncontrol #medicaid #undecided #womenshealthcare #medicareforall #whitesupremacy #womenshealthmatters #votebluetosaveamerica🇺🇸 #gaza #project2025 #mentalhealthmatters #heritagefoundation #israel #christiannationalism #womenshealth #Abortionishealthcare #EndPoverty #Justice",https://www.instagram.com/p/DCTcrxqONJN/,,,neutral,2024-11-13T07:53:42.000Z,1,0,0,0,0.0,1,1.0,,
instagram,post,3500265973539795542,"#community #communitynotcompetition 
#womensupportingwomen #resist #mentalhealth #progressive #resistance #fightracism #womenempowerment #guncontrol #medicaid #undecided #womenshealthcare #medicareforall #whitesupremacy #womenshealthmatters #votebluetosaveamerica🇺🇸 #gaza #project2025 #mentalhealthmatters #heritagefoundation #israel #christiannationalism #womenshealth #Abortionishealthcare #EndPoverty #Justice",https://www.instagram.com/p/DCTcVuUOfJW/,,,neutral,2024-11-13T07:50:41.000Z,0,0,0,0,0.0,0,0.0,,
instagram,post,3500264393939866889,"#community #communitynotcompetition 
#womensupportingwomen #resist #mentalhealth #progressive #resistance #fightracism #womenempowerment #guncontrol #medicaid #undecided #womenshealthcare #medicareforall #whitesupremacy #womenshealthmatters #votebluetosaveamerica🇺🇸 #gaza #project2025 #mentalhealthmatters #heritagefoundation #israel #christiannationalism #womenshealth #Abortionishealthcare #EndPoverty #Justice",https://www.instagram.com/p/DCTb-vMu9UJ/,,,neutral,2024-11-13T07:47:33.000Z,0,0,0,0,0.0,0,0.0,,
instagram,post,3500261682322229541,"#community #communitynotcompetition 
#womensupportingwomen #resist #mentalhealth #progressive #resistance #fightracism #womenempowerment #election #independent #republican #democrat #medicaid #undecided #womenshealthcare #medicareforall #whitesupremacy #gunreform #universalhealthcare #womenshealthmatters #votebluetosaveamerica🇺🇸 #gaza #project2025 #mentalhealthmatters #heritagefoundation #israel #christiannationalism #womenshealth #abortionishealthcare",https://www.instagram.com/p/DCTbXRzukkl/,,,neutral,2024-11-13T07:42:10.000Z,1,0,0,0,0.0,1,1.0,,
instagram,post,3500260280023789015,"It’s deja vu all over again

#community #communitynotcompetition 
#womensupportingwomen #resist #mentalhealth #progressive #resistance #fightracism #womenempowerment #election #independent #republican #democrat #medicaid #undecided #womenshealthcare #medicareforall #whitesupremacy #gunreform #universalhealthcare #womenshealthmatters #votebluetosaveamerica🇺🇸 #gaza #project2025 #mentalhealthmatters #heritagefoundation #israel #christiannationalism #womenshealth #abortionishealthcare",https://www.instagram.com/p/DCTbC30Oi3X/,,,neutral,2024-11-13T07:39:22.000Z,1,0,0,0,0.0,1,1.0,,
instagram,post,3500181584016844145,"#community #communitynotcompetition 
#womensupportingwomen #resist #mentalhealth #progressive #resistance #fightracism #womenempowerment #election #independent #republican #democrat #medicaid #undecided #womenshealthcare #medicareforall #whitesupremacy #gunreform #universalhealthcare #womenshealthmatters #votebluetosaveamerica🇺🇸 #gaza #project2025 #mentalhealthmatters #heritagefoundation #israel #christiannationalism #womenshealth #abortionishealthcare",https://www.instagram.com/p/DCTJJscsCVx/,,,neutral,2024-11-13T05:03:01.000Z,0,0,0,0,0.0,0,0.0,,
instagram,post,3500178599341961086,"#community #communitynotcompetition 
#womensupportingwomen #resist #mentalhealth #progressive #resistance #fightracism #womenempowerment #election #independent #republican #democrat #medicaid #undecided #womenshealthcare #medicareforall #whitesupremacy #gunreform #universalhealthcare #womenshealthmatters #votebluetosaveamerica🇺🇸 #gaza #project2025 #mentalhealthmatters #heritagefoundation #israel #christiannationalism #womenshealth #abortionishealthcare",https://www.instagram.com/p/DCTIeQwM69-/,,,neutral,2024-11-13T04:57:05.000Z,0,0,0,0,0.0,0,0.0,,
instagram,post,3500170375184119432,"#community #communitynotcompetition 
#womensupportingwomen #resist #mentalhealth #progressive #resistance #fightracism #womenempowerment #election #independent #republican #democrat #medicaid #undecided #womenshealthcare #medicareforall #whitesupremacy #gunreform #universalhealthcare #womenshealthmatters #votebluetosaveamerica🇺🇸 #gaza #project2025 #mentalhealthmatters #heritagefoundation #israel #christiannationalism #womenshealth #abortionishealthcare",https://www.instagram.com/p/DCTGmlaMfaI/,,,neutral,2024-11-13T04:40:45.000Z,0,0,0,0,0.0,0,0.0,,
instagram,post,3500169015558623285,"#community #communitynotcompetition 
#womensupportingwomen #resist #mentalhealth #progressive #resistance #fightracism #womenempowerment #election #independent #republican #democrat #medicaid #undecided #womenshealthcare #medicareforall #whitesupremacy #gunreform #universalhealthcare #womenshealthmatters #votebluetosaveamerica🇺🇸 #gaza #project2025 #mentalhealthmatters #heritagefoundation #israel #christiannationalism #womenshealth #abortionishealthcare",https://www.instagram.com/p/DCTGSzKM1A1/,,,neutral,2024-11-13T04:38:03.000Z,0,0,0,0,0.0,0,0.0,,
instagram,post,3500168288123639240,"#community #communitynotcompetition 
#whitesupremacy #gunreform #womensupportingwomen #resist #mentalhealth #progressive #resistance #fightracism #womenempowerment #election #independent #republican #democrat #medicaid #undecided #womenshealthcare #medicareforall #womenshealthmatters #votebluetosaveamerica🇺🇸 #gaza #project2025 #mentalhealthmatters #heritagefoundation #israel #christiannationalism #womenshealth #abortionishealthcare #universalhealthcare",https://www.instagram.com/p/DCTGINrslXI/,,,neutral,2024-11-13T04:36:36.000Z,0,0,0,0,0.0,0,0.0,,
instagram,post,3500166966280288406,"#community #communitynotcompetition 
#whitesupremacy #gunreform #womensupportingwomen #resist #mentalhealth #progressive #resistance #fightracism #womenempowerment #election #independent #republican #democrat #medicaid #undecided #womenshealthcare #medicareforall #womenshealthmatters #votebluetosaveamerica🇺🇸 #gaza #project2025 #mentalhealthmatters #heritagefoundation #israel #christiannationalism #womenshealth #abortionishealthcare #universalhealthcare",https://www.instagram.com/p/DCTF0-nsXiW/,,,neutral,2024-11-13T04:33:59.000Z,0,0,0,0,0.0,0,0.0,,
instagram,post,3500159695018129448,"Follow @pat.radical.therapist Community can be hard I get it - start small, allow yourself to be nervous, allow yourself to “mess” up practice compassion towards yourself, and community. Community is messy + not perfect, a reflection of the nature of humans. 

What is small act that you can do today to help bring yourself closer to community ?
…..

The Liberatory Wellness Network (LWN) is still raising funds to reach our goal of $50,000. To get there, we’re aiming to raise $350 each day until the end of the year. Every contribution, no matter the amount, brings us closer to supporting accessible, community-centered wellness. ❤️❤️

If you’re unable to support financially, there are still impactful ways you can help! Please consider liking, saving, commenting, or sharing this post to spread the word. Every interaction matters and helps us reach others who may be inspired to join the journey.

I deeply appreciate you being part of this vision, and thank you for showing up in whatever way feels right for you. Together, we are building something meaningful. 🌿

-Pat, xxo ❤️

#community #communitylove #collectiveaction #solidarity #womensupportingwomen #resist #mentalhealth #progressive #resistance #fightracism #womenempowerment #election #independent #republican #democrat #medicaid #undecided #womenshealthcare #medicareforall #womenshealthmatters #votebluetosaveamerica🇺🇸 #gaza #project2025 #mentalhealthmatters #heritagefoundation #israel #christiannationalism #womenshealth #universalhealthcare",https://www.instagram.com/p/DCTELKusfgo/,,,neutral,2024-11-13T04:19:32.000Z,2,0,1,0,0.0,3,5.0,,
instagram,post,3500141742256221437,#resistance #community #communitylove #collectiveaction #solidarity #weresist #womensupportingwomen #resist #mentalhealth #progressive #fightracism #womenempowerment #election #independent #republican #democrat #medicaid #undecided #womenshealthcare #medicareforall #womenshealthmatters #votebluetosaveamerica🇺🇸 #gaza #project2025 #mentalhealthmatters #heritagefoundation #israel #christiannationalism #womenshealth #universalhealthcare,https://www.instagram.com/p/DCTAF66suz9/,,,neutral,2024-11-13T03:43:52.000Z,0,0,0,0,0.0,0,0.0,,
instagram,post,3500129130571327079,"thisisyolandarenteria 

#community #communitylove #collectiveaction #solidarity #womensupportingwomen #resist #mentalhealth #progressive #resistance #fightracism #womenempowerment #election #independent #republican #democrat #medicaid #undecided #womenshealthcare #medicareforall #womenshealthmatters #votebluetosaveamerica🇺🇸 #gaza #project2025 #mentalhealthmatters #heritagefoundation #israel #christiannationalism #womenshealth #universalhealthcare",https://www.instagram.com/p/DCS9OZXs2Zn/,,,neutral,2024-11-13T03:18:48.000Z,0,0,0,0,0.0,0,0.0,,
instagram,post,3500125355076786575,#resistance #community #communitylove #collectiveaction #solidarity #weresist #womensupportingwomen #resist #mentalhealth #progressive #fightracism #womenempowerment #election #independent #republican #democrat #medicaid #undecided #womenshealthcare #medicareforall #womenshealthmatters #votebluetosaveamerica🇺🇸 #gaza #project2025 #mentalhealthmatters #heritagefoundation #israel #christiannationalism #womenshealth #universalhealthcare,https://www.instagram.com/p/DCS8XdKsJmP/,,,neutral,2024-11-13T03:11:18.000Z,1,0,1,0,0.0,2,4.0,,
instagram,post,3500082542809204955,"#community #communitynotcompetition 
#whitesupremacy #gunreform #womensupportingwomen #resist #mentalhealth #progressive #resistance #fightracism #womenempowerment #election #independent #republican #democrat #medicaid #undecided #womenshealthcare #medicareforall #womenshealthmatters #votebluetosaveamerica🇺🇸 #gaza #project2025 #mentalhealthmatters #heritagefoundation #israel #christiannationalism #womenshealth #abortionishealthcare #universalhealthcare",https://www.instagram.com/p/DCSyodIsEjb/,,,neutral,2024-11-13T01:46:15.000Z,1,0,0,0,0.0,1,1.0,,
instagram,post,3500074520926196424,"#community #communitynotcompetition 
#whitesupremacy #gunreform #womensupportingwomen #resist #mentalhealth #progressive #resistance #fightracism #womenempowerment #election #independent #republican #democrat #medicaid #undecided #womenshealthcare #medicareforall #womenshealthmatters #votebluetosaveamerica🇺🇸 #gaza #project2025 #mentalhealthmatters #heritagefoundation #israel #christiannationalism #womenshealth #abortionishealthcare #universalhealthcare",https://www.instagram.com/p/DCSwzuLM5LI/,,,neutral,2024-11-13T01:30:18.000Z,0,0,0,0,0.0,0,0.0,,
instagram,post,3500074178159297501,"#community #communitynotcompetition 
#whitesupremacy #gunreform #womensupportingwomen #resist #mentalhealth #progressive #resistance #fightracism #womenempowerment #election #independent #republican #democrat #medicaid #undecided #womenshealthcare #medicareforall #womenshealthmatters #votebluetosaveamerica🇺🇸 #gaza #project2025 #mentalhealthmatters #heritagefoundation #israel #christiannationalism #womenshealth #abortionishealthcare #universalhealthcare",https://www.instagram.com/p/DCSwuu8s8Pd/,,,neutral,2024-11-13T01:29:37.000Z,0,0,0,0,0.0,0,0.0,,
instagram,post,3500063360277488313,"#community #communitynotcompetition 
#whitesupremacy #gunreform #womensupportingwomen #resist #mentalhealth #progressive #resistance #fightracism #womenempowerment #election #independent #republican #democrat #medicaid #undecided #womenshealthcare #medicareforall #womenshealthmatters #votebluetosaveamerica🇺🇸 #gaza #project2025 #mentalhealthmatters #heritagefoundation #israel #christiannationalism #womenshealth #abortionishealthcare #universalhealthcare",https://www.instagram.com/p/DCSuRUAsyK5/,,,neutral,2024-11-13T01:08:08.000Z,0,0,0,0,0.0,0,0.0,,
instagram,post,3500060638627039094,"#community #communitynotcompetition 
#whitesupremacy #gunreform #womensupportingwomen #resist #mentalhealth #progressive #resistance #fightracism #womenempowerment #election #independent #republican #democrat #medicaid #undecided #womenshealthcare #medicareforall #womenshealthmatters #votebluetosaveamerica🇺🇸 #gaza #project2025 #mentalhealthmatters #heritagefoundation #israel #christiannationalism #womenshealth #abortionishealthcare #universalhealthcare",https://www.instagram.com/p/DCStptRsQd2/,,,neutral,2024-11-13T01:02:43.000Z,0,0,0,0,0.0,0,0.0,,
instagram,post,3500113653673301305,"@johnfugelsang 

#community #communitynotcompetition 
#whitesupremacy #gunreform #womensupportingwomen #resist #mentalhealth #progressive #resistance #fightracism #womenempowerment #election #independent #republican #democrat #medicaid #undecided #womenshealthcare #medicareforall #womenshealthmatters #votebluetosaveamerica🇺🇸 #gaza #project2025 #mentalhealthmatters #heritagefoundation #israel #christiannationalism #womenshealth #abortionishealthcare #universalhealthcare",https://www.instagram.com/p/DCS5tLYsRU5/,,,neutral,2024-11-13T02:48:03.000Z,0,0,0,0,0.0,0,0.0,,
instagram,post,3500106738666853802,"#community #communitynotcompetition 
#whitesupremacy #gunreform #womensupportingwomen #resist #mentalhealth #progressive #resistance #fightracism #womenempowerment #election #independent #republican #democrat #medicaid #undecided #womenshealthcare #medicareforall #womenshealthmatters #votebluetosaveamerica🇺🇸 #gaza #project2025 #mentalhealthmatters #heritagefoundation #israel #christiannationalism #womenshealth #abortionishealthcare #universalhealthcare",https://www.instagram.com/p/DCS4IjSMFWq/,,,neutral,2024-11-13T02:34:19.000Z,0,0,0,0,0.0,0,0.0,,
instagram,post,3500105098132150039,"@pramilajayapal

#community #communitynotcompetition 
#whitesupremacy #gunreform #womensupportingwomen #resist #mentalhealth #progressive #resistance #fightracism #womenempowerment #election #independent #republican #democrat #medicaid #undecided #womenshealthcare #medicareforall #womenshealthmatters #votebluetosaveamerica🇺🇸 #gaza #project2025 #mentalhealthmatters #heritagefoundation #israel #christiannationalism #womenshealth #abortionishealthcare #universalhealthcare",https://www.instagram.com/p/DCS3wras1cX/,,,neutral,2024-11-13T02:31:03.000Z,1,0,0,0,0.0,1,1.0,,
instagram,post,3500096733540706691,"#community #communitynotcompetition 
#whitesupremacy #gunreform #womensupportingwomen #resist #mentalhealth #progressive #resistance #fightracism #womenempowerment #election #independent #republican #democrat #medicaid #undecided #womenshealthcare #medicareforall #womenshealthmatters #votebluetosaveamerica🇺🇸 #gaza #project2025 #mentalhealthmatters #heritagefoundation #israel #christiannationalism #womenshealth #abortionishealthcare #universalhealthcare",https://www.instagram.com/p/DCS129SMumD/,,,neutral,2024-11-13T02:14:26.000Z,0,0,0,0,0.0,0,0.0,,
instagram,post,3500094844023416008,"#community #communitynotcompetition 
#whitesupremacy #gunreform #womensupportingwomen #resist #mentalhealth #progressive #resistance #fightracism #womenempowerment #election #independent #republican #democrat #medicaid #undecided #womenshealthcare #medicareforall #womenshealthmatters #votebluetosaveamerica🇺🇸 #gaza #project2025 #mentalhealthmatters #heritagefoundation #israel #christiannationalism #womenshealth #abortionishealthcare #universalhealthcare",https://www.instagram.com/p/DCS1bdiMSTI/,,,neutral,2024-11-13T02:10:41.000Z,0,0,0,0,0.0,0,0.0,,
instagram,post,3500093572662948305,"#community #communitynotcompetition 
#whitesupremacy #gunreform #womensupportingwomen #resist #mentalhealth #progressive #resistance #fightracism #womenempowerment #election #independent #republican #democrat #medicaid #undecided #womenshealthcare #medicareforall #womenshealthmatters #votebluetosaveamerica🇺🇸 #gaza #project2025 #mentalhealthmatters #heritagefoundation #israel #christiannationalism #womenshealth #abortionishealthcare #universalhealthcare",https://www.instagram.com/p/DCS1I9fM_HR/,,,neutral,2024-11-13T02:08:09.000Z,0,0,0,0,0.0,0,0.0,,
instagram,post,3500091864800959763,"#community #communitynotcompetition 
#whitesupremacy #gunreform #womensupportingwomen #resist #mentalhealth #progressive #resistance #fightracism #womenempowerment #election #independent #republican #democrat #medicaid #undecided #womenshealthcare #medicareforall #womenshealthmatters #votebluetosaveamerica🇺🇸 #gaza #project2025 #mentalhealthmatters #heritagefoundation #israel #christiannationalism #womenshealth #abortionishealthcare #universalhealthcare",https://www.instagram.com/p/DCS0wG6sh0T/,,,neutral,2024-11-13T02:04:46.000Z,0,0,0,0,0.0,0,0.0,,
instagram,post,3500091235647055599,"#community #communitynotcompetition 
#whitesupremacy #gunreform #womensupportingwomen #resist #mentalhealth #progressive #resistance #fightracism #womenempowerment #election #independent #republican #democrat #medicaid #undecided #womenshealthcare #medicareforall #womenshealthmatters #votebluetosaveamerica🇺🇸 #gaza #project2025 #mentalhealthmatters #heritagefoundation #israel #christiannationalism #womenshealth #abortionishealthcare #universalhealthcare",https://www.instagram.com/p/DCS0m8-M2bv/,,,neutral,2024-11-13T02:03:31.000Z,0,0,0,0,0.0,0,0.0,,
instagram,post,3500090846121990547,"#community #communitynotcompetition 
#whitesupremacy #gunreform #womensupportingwomen #resist #mentalhealth #progressive #resistance #fightracism #womenempowerment #election #independent #republican #democrat #medicaid #undecided #womenshealthcare #medicareforall #womenshealthmatters #votebluetosaveamerica🇺🇸 #gaza #project2025 #mentalhealthmatters #heritagefoundation #israel #christiannationalism #womenshealth #abortionishealthcare #universalhealthcare",https://www.instagram.com/p/DCS0hSMspmT/,,,neutral,2024-11-13T02:02:44.000Z,4,0,1,0,0.0,5,7.0,,
instagram,post,3500089215275763878,"#community #communitynotcompetition 
#whitesupremacy #gunreform #womensupportingwomen #resist #mentalhealth #progressive #resistance #fightracism #womenempowerment #election #independent #republican #democrat #medicaid #undecided #womenshealthcare #medicareforall #womenshealthmatters #votebluetosaveamerica🇺🇸 #gaza #project2025 #mentalhealthmatters #heritagefoundation #israel #christiannationalism #womenshealth #abortionishealthcare #universalhealthcare",https://www.instagram.com/p/DCS0JjWsAim/,,,neutral,2024-11-13T01:59:30.000Z,0,0,0,0,0.0,0,0.0,,
instagram,post,3500088414105170055,"#community #communitynotcompetition 
#whitesupremacy #gunreform #womensupportingwomen #resist #mentalhealth #progressive #resistance #fightracism #womenempowerment #election #independent #republican #democrat #medicaid #undecided #womenshealthcare #medicareforall #womenshealthmatters #votebluetosaveamerica🇺🇸 #gaza #project2025 #mentalhealthmatters #heritagefoundation #israel #christiannationalism #womenshealth #abortionishealthcare #universalhealthcare",https://www.instagram.com/p/DCSz95NMvCH/,,,neutral,2024-11-13T01:57:54.000Z,2,0,1,0,0.0,3,5.0,,
instagram,post,3500084684144210876,"#community #communitynotcompetition 
#whitesupremacy #gunreform #womensupportingwomen #resist #mentalhealth #progressive #resistance #fightracism #womenempowerment #election #independent #republican #democrat #medicaid #undecided #womenshealthcare #medicareforall #womenshealthmatters #votebluetosaveamerica🇺🇸 #gaza #project2025 #mentalhealthmatters #heritagefoundation #israel #christiannationalism #womenshealth #abortionishealthcare #universalhealthcare",https://www.instagram.com/p/DCSzHnaM3O8/,,,neutral,2024-11-13T01:50:30.000Z,0,0,0,0,0.0,0,0.0,,
instagram,post,3499826389181478086,📀📀📀 #indigo #undecided iykyk…,https://www.instagram.com/p/DCR4Y7eszTG/,,,neutral,2024-11-12T17:17:19.000Z,-1,0,49,0,0.0,48,146.0,,
instagram,post,3499735651227940334,"I talk about heat pumps a lot. They really are the most energy efficient way to heat and cool things, but the study of caloric cooling represents the potential for a new, solid-state-esque approach to managing heat. Yup, solid state. That comes with the possibility of achieving significantly higher efficiencies without refrigerants. Caloric cooling holds massive implications for the way we cool our homes, our vehicles, and maybe even ourselves. So, how does it all work? And why does it have the potential to completely change climate control? 

Video link in the bio!

#elastocaloriccooling #elastocaloriccoolingsystem #elastocaloricheatpump #heatpump #heatpumps #heatpumpsexplained #heatingandcooling #solidstate #solidstatecooling #solidstatecoolingsystem #solidstateheatpump #solidstaterefrigeration #undecided #undecidedwithmattferrell",https://www.instagram.com/p/DCRjwhLNjXu/,,,neutral,2024-11-12T14:17:04.000Z,28,0,1,0,0.0,29,31.0,,
instagram,post,3499369407312205955,"Superdavebeastula: Well Now, Always Remember, Superdavebeastula The Tall White Gothic Vampire Alien, Coming To You from Montreal Quebec Canada. So. It Seems to Me we have an NPC female. She is either a Feminist or an Activist of some sort. My Digital Host, David, and I have seen this sort of persons quite a lot. This person does not say anything about an issue until her group does. These days the Social Media that seems to control them is Reddit. It used to be Tumblr but we can see that it has Changed. It used to be Twitter until it was changed to X by Elon Musk. Perhaps Google and YouTube are of the Social Justice Mindset for now. At any rate you can see that her answer to what she is offended by is that nobody told her yet. Thankyouverymuch. 😀😃😄😁😆😅😂🤣😈🤡💩🐒🐵📱

David: MONKEY SEE MONKEY DO On The Reddit Matrix. 😀😃😄😁😆😅😂🤣😈🤡💩🐒🐵📱

#monkeyappleaks #monkeyappgirls #monkeycam #monkeymajik #monkeywrench #reddit #tumblr #thematrixawakens #mindsatwork #mindsetshift #mindset #mindwave #undecided #offenderman #memefiyoutubecode #npc #memestagram #memesdaily #laugh #feminazis #lol #mindcontrol #mindprogramming #easilyoffended #monkeyseemonkeydo #monkeyface #monkeystagram #redditstagram #mediastagram #matrixstagram",https://www.instagram.com/p/DCQQe98tpiD/,,,neutral,2024-11-12T02:09:22.000Z,1,0,0,0,0.0,1,1.0,,
instagram,post,3499309584474663220,"Untitled 

Ceramic clown head with tentacle and foam. Hand painted and spray painted details. Blacklight glow effects. One of a kind and available now in my webstore! SEWER DIORAMA NOT INCLUDED.

#ActionFigures #ActionFigure #ActionFigureCustoms #CustomActionFigures #CustomFigures #Customization #Toys #ToyPhotography #Kitbash #Bootlegs #Customs #TheLandOfPhantoms #Weirdo #ArtToy #toymaker #paintwash #paintsplatter #spraypaint #handpainted #clown #tentacle #undecided #untitled #blacklightglow",https://www.instagram.com/p/DCQC4blu2k0/,,,neutral,2024-11-12T00:10:31.000Z,49,0,0,0,0.0,49,49.0,,
instagram,post,3499304777677479060,"the.  mess.  is.  real.  #vintagechristmas #separatingcolors #santasfownstairs #snowmenupstairs I might go buy some tall clear glass containers, I'm not sure I wanna put my most fragile ornaments out this year on the trees .... #undecided ✳️🔘🌀⭕️ 🧿#restringinggarland  #veryvintagechristmas #grandmasitired #timeforaglassofwine🍷",https://www.instagram.com/p/DCQBye6SxyU/,,,neutral,2024-11-12T00:00:58.000Z,32,0,3,0,0.0,35,41.0,,
instagram,post,3498747598792403672,"Celebrating senior night with such amazing people has been a truly heartwarming experience. Reflecting on the past four years, I feel incredibly grateful for the deep connections I've made bonds that I know will last a lifetime and have transformed my life for the better. It's been a privilege to inspire other girls like me to step beyond their comfort zones and embrace the uncertainties of life. Remember, this journey is yours to shape, and taking those leaps of faith can lead to remarkable personal growth and newfound confidence. 
As a top of my class first-generation graduate, I carry a sense of purpose and aspiration not just for myself but to show my younger self and everyone else that anything is possible.

This journey isn’t over yet. It’s only the beginning. I’m excited for what’s to come and can’t wait to share my next steps soon! 

- Mel signing off ♥︎
 #undecided #2025commit",https://www.instagram.com/p/DCODGdoxarY/,,,neutral,2024-11-11T05:33:57.000Z,39,0,3,0,0.0,42,48.0,,
instagram,post,3497721025119219916,"This is one for  the Taken  COACH OF THE YEAR 👏🏼and  the CHAMPIONS,💥💥I started coaching this team on August 19th  2024 for preseason our first game was on the 9th of September 2024 .We trained 3 day a week so I had literally 9 day with these guys @salesiansoccer2024 . Last year (season ) they won 1 game and lost (1-16) This season they went  17 win & 0 losses (17-0) . PROUD OF YOU GUYS. I Just MIGHT run it back next year.#UNDECIDED!",https://www.instagram.com/p/DCKZr2ZpXDM/,,,neutral,2024-11-09T19:34:20.000Z,323,0,45,0,0.0,368,458.0,,
instagram,post,3497607482292165194,"Some of you asked if it was possible to have this style in a different crown shape. The answer is yes! We can do exactly the same style, same finish in another custom shape. Write to us to find out the terms! Cheers ✌️

Certains d’entre-vous avez demandé si il était possible d’avoir ce style dans une forme différente. La réponse est oui! Nous pouvons réaliser exactement le même style, même finition dans une autre shape ( de la couronne ) personnalisée. Écris-nous pour en connaître les modalités! Merci 🫠",https://www.instagram.com/p/DCJ_3lZxdpK/,,,neutral,2024-11-09T15:48:44.000Z,39,0,1,0,0.0,40,42.0,,
instagram,post,3496299514737663317,"With 57 races still undecided, control of the U.S. House remains uncertain as key battleground states like California, New York, and Pennsylvania report tight races. ⁠
⁠
Both parties are vying for a majority, with Republicans currently leading in several competitive districts and Speaker Mike Johnson ready to advance Trump’s “America First” agenda if they secure control. ⁠
⁠
Redistricting efforts have influenced close races, with newly created districts benefiting Black voters in the South, while GOP-led gerrymandering in North Carolina favored Republicans.",https://www.instagram.com/p/DCFWeJsTx1V/,,,neutral,2024-11-07T20:30:14.000Z,389,0,4,0,0.0,393,401.0,,
instagram,post,3496148146634161945,"Rate @liluzivert new album ‘Eternal Atake 2’ using the link in bio.
.
.
#liluzivert #eternalatake #albums #hiphop #newhiphop #newalbum #newpost #rap #newrap #music #poll #vote #votevotevote #results #undecided #musicproducer #hiphopnews #newmusic #fyp #foryou #liluzi #uzivert #uzi #opinion #opinions #artist #popular #now #instagram #hashtag",https://www.instagram.com/p/DCE0DdKRP8Z/,,,neutral,2024-11-07T15:29:18.000Z,2,0,0,0,0.0,2,2.0,,
instagram,post,3495726842328582947,"Are you big or the opposite?
#contradiction #undecided",https://www.instagram.com/p/DCDUQq8ywsj/,,,neutral,2024-11-07T01:32:15.000Z,4,0,0,0,0.0,4,4.0,,
instagram,post,3495197430825768088,#howtosurvivefascism #christiannationalism #universalhealthcare #harriswalz2024 #womensrights #timwalz #GenZ #swiftiesforkamala #womensupportingwomen #mentalhealth #safetyfirst #valueyourself #selfcare #jewishvoter #womenshealth #2024election #womenempowerment #independent #republican #democrat #medicaid #undecided #voteblue #womenshealthcare #medicareforall #project2025 #womenshealthmatters #votebluetosaveamerica🇺🇸 #mentalhealthmatters #jewsofinstagram,https://www.instagram.com/p/DCBb4uEOlSY/,,,neutral,2024-11-06T08:00:24.000Z,1,0,0,0,0.0,1,1.0,,
instagram,post,3495195394424109011,"Let’s stay organized, connected, and discuss #howtosurvivefascism and how/where to stay safe on social media

#christiannationalism #universalhealthcare #harriswalz2024 #womensrights #timwalz #GenZ #swiftiesforkamala #womensupportingwomen #mentalhealth #safetyfirst #valueyourself #selfcare #jewishvoter #womenshealth #2024election #womenempowerment #independent #republican #democrat #medicaid #undecided #voteblue #womenshealthcare #medicareforall #project2025 #womenshealthmatters #votebluetosaveamerica🇺🇸 #mentalhealthmatters #jewsofinstagram",https://www.instagram.com/p/DCBbbFhOvfT/,,,neutral,2024-11-06T07:56:21.000Z,1,0,0,0,0.0,1,1.0,,
instagram,post,3495193997217575888,Follow @kolchak  #howtosurvivefascism #christiannationalism #universalhealthcare #harriswalz2024 #womensrights #timwalz #GenZ #swiftiesforkamala #womensupportingwomen #mentalhealth #safetyfirst #valueyourself #selfcare #jewishvoter #womenshealth #2024election #womenempowerment #independent #republican #democrat #medicaid #undecided #voteblue #womenshealthcare #medicareforall #project2025 #womenshealthmatters #votebluetosaveamerica🇺🇸 #mentalhealthmatters #jewsofinstagram,https://www.instagram.com/p/DCBbGwROzPQ/,,,neutral,2024-11-06T07:53:34.000Z,0,0,0,0,0.0,0,0.0,,
instagram,post,3495184834525576965,@jackuno #howtosurvivefascism #christiannationalism #universalhealthcare #harriswalz2024 #womensrights #timwalz #GenZ #swiftiesforkamala #womensupportingwomen #mentalhealth #safetyfirst #valueyourself #selfcare #jewishvoter #womenshealth #2024election #womenempowerment #independent #republican #democrat #medicaid #undecided #voteblue #womenshealthcare #medicareforall #project2025 #womenshealthmatters #votebluetosaveamerica🇺🇸 #mentalhealthmatters #jewsofinstagram,https://www.instagram.com/p/DCBZBa2Or8F/,,,neutral,2024-11-06T07:35:22.000Z,0,0,0,0,0.0,0,0.0,,
instagram,post,3499234244323494773,"Voltando a casa, dia 14/11 tocaremos no @alquimia_musicbeer juntos dos nossos irmãos do @nirvana_live_tribute.

Trazendo o melhor de Silverchair e Nirvana pra vocês!

Contamos com a presença de vocês, vamos lotar!

#Silverchair #undecided #nirvana #GrungeNight #grunge #alquimia #sp",https://www.instagram.com/p/DCPxwFmyMt1/,,,neutral,2024-11-11T21:40:49.000Z,31,0,2,0,0.0,33,37.0,,
instagram,post,3497731179355778421,"To those who sat on the fence or just sat it out, a thousand pox upon you. 
#undecided #2024 #maga #kamalaharris #uncommitted",https://www.instagram.com/p/DCKb_nRTy11/,,,neutral,2024-11-09T19:54:30.000Z,9,0,3,0,0.0,12,18.0,,
instagram,post,3495307090348805665,#howtosurvivefascism #christiannationalism #universalhealthcare #harriswalz2024 #womensrights #timwalz #GenZ #swiftiesforkamala #womensupportingwomen #mentalhealth #safetyfirst #valueyourself #selfcare #jewishvoter #womenshealth #2024election #womenempowerment #independent #republican #democrat #medicaid #undecided #voteblue #womenshealthcare #medicareforall #project2025 #womenshealthmatters #votebluetosaveamerica🇺🇸 #mentalhealthmatters #jewsofinstagram,https://www.instagram.com/p/DCB00edJQ4h/,,,neutral,2024-11-06T11:38:16.000Z,1,0,0,0,0.0,1,1.0,,
instagram,post,3495306058197774091,#howtosurvivefascism #christiannationalism #universalhealthcare #harriswalz2024 #womensrights #timwalz #GenZ #swiftiesforkamala #womensupportingwomen #mentalhealth #safetyfirst #valueyourself #selfcare #jewishvoter #womenshealth #2024election #womenempowerment #independent #republican #democrat #medicaid #undecided #voteblue #womenshealthcare #medicareforall #project2025 #womenshealthmatters #votebluetosaveamerica🇺🇸 #mentalhealthmatters #jewsofinstagram,https://www.instagram.com/p/DCB0ldMJi8L/,,,neutral,2024-11-06T11:36:13.000Z,1,0,0,0,0.0,1,1.0,,
instagram,post,3495299534234591778,#howtosurvivefascism #christiannationalism #universalhealthcare #harriswalz2024 #womensrights #timwalz #GenZ #swiftiesforkamala #womensupportingwomen #mentalhealth #safetyfirst #valueyourself #selfcare #jewishvoter #womenshealth #2024election #womenempowerment #independent #republican #democrat #medicaid #undecided #voteblue #womenshealthcare #medicareforall #project2025 #womenshealthmatters #votebluetosaveamerica🇺🇸 #mentalhealthmatters #jewsofinstagram,https://www.instagram.com/p/DCBzGhRpCIi/,,,neutral,2024-11-06T11:23:15.000Z,0,0,0,0,0.0,0,0.0,,
instagram,post,3495295500161630562,#howtosurvivefascism #christiannationalism #universalhealthcare #harriswalz2024 #womensrights #timwalz #GenZ #swiftiesforkamala #womensupportingwomen #mentalhealth #safetyfirst #valueyourself #selfcare #jewishvoter #womenshealth #2024election #womenempowerment #independent #republican #democrat #medicaid #undecided #voteblue #womenshealthcare #medicareforall #project2025 #womenshealthmatters #votebluetosaveamerica🇺🇸 #mentalhealthmatters #jewsofinstagram,https://www.instagram.com/p/DCByL0QJ8Fi/,,,neutral,2024-11-06T11:15:15.000Z,0,0,0,0,0.0,0,0.0,,
instagram,post,3495293508722793349,#howtosurvivefascism #christiannationalism #universalhealthcare #harriswalz2024 #womensrights #timwalz #GenZ #swiftiesforkamala #womensupportingwomen #mentalhealth #safetyfirst #valueyourself #selfcare #jewishvoter #womenshealth #2024election #womenempowerment #independent #republican #democrat #medicaid #undecided #voteblue #womenshealthcare #medicareforall #project2025 #womenshealthmatters #votebluetosaveamerica🇺🇸 #mentalhealthmatters #jewsofinstagram,https://www.instagram.com/p/DCBxu1lJpuF/,,,neutral,2024-11-06T11:11:17.000Z,1,0,0,0,0.0,1,1.0,,
instagram,post,3495290761856322059,#howtosurvivefascism #christiannationalism #universalhealthcare #harriswalz2024 #womensrights #timwalz #GenZ #swiftiesforkamala #womensupportingwomen #mentalhealth #safetyfirst #valueyourself #selfcare #jewishvoter #womenshealth #2024election #womenempowerment #independent #republican #democrat #medicaid #undecided #voteblue #womenshealthcare #medicareforall #project2025 #womenshealthmatters #votebluetosaveamerica🇺🇸 #mentalhealthmatters #jewsofinstagram,https://www.instagram.com/p/DCBxG3XJooL/,,,neutral,2024-11-06T11:05:50.000Z,2,0,0,0,0.0,2,2.0,,
instagram,post,3495286213301256790,"Please advise, America. Or anyone? I’m disabled with Medicaid, public housing, SNAP, etc. What next? I’m in Virginia, but I’m not sure being in a blue state in a fascist country makes a difference. My comments were already cut off by meta on day 1 of fascism. Advice, please.

#howtosurvivefascism #christiannationalism #universalhealthcare #harriswalz2024 #womensrights #timwalz #GenZ #swiftiesforkamala #womensupportingwomen #mentalhealth #safetyfirst #valueyourself #selfcare #jewishvoter #womenshealth #2024election #womenempowerment #independent #republican #democrat #medicaid #undecided #voteblue #womenshealthcare #medicareforall #project2025 #womenshealthmatters #votebluetosaveamerica🇺🇸 #mentalhealthmatters #jewsofinstagram",https://www.instagram.com/p/DCBwErMJEJW/,,,neutral,2024-11-06T10:56:48.000Z,2,0,1,0,0.0,3,5.0,,
instagram,post,3495277100832055351,#howtosurvivefascism #christiannationalism #universalhealthcare #harriswalz2024 #womensrights #timwalz #GenZ #swiftiesforkamala #womensupportingwomen #mentalhealth #safetyfirst #valueyourself #selfcare #jewishvoter #womenshealth #2024election #womenempowerment #independent #republican #democrat #medicaid #undecided #voteblue #womenshealthcare #medicareforall #project2025 #womenshealthmatters #votebluetosaveamerica🇺🇸 #mentalhealthmatters #jewsofinstagram,https://www.instagram.com/p/DCBuAEipuA3/,,,neutral,2024-11-06T10:38:41.000Z,1,0,0,0,0.0,1,1.0,,
instagram,post,3495251510428390960,#christiannationalism #universalhealthcare #howtosurvivefascism #harriswalz2024 #womensrights #timwalz #GenZ #swiftiesforkamala #womensupportingwomen #mentalhealth #safetyfirst #valueyourself #selfcare #jewishvoter #womenshealth #2024election #womenempowerment #independent #republican #democrat #medicaid #undecided #voteblue #womenshealthcare #medicareforall #project2025 #womenshealthmatters #votebluetosaveamerica🇺🇸 #mentalhealthmatters #jewsofinstagram,https://www.instagram.com/p/DCBoLrnu1Yw/,,,neutral,2024-11-06T09:47:51.000Z,0,0,0,0,0.0,0,0.0,,
instagram,post,3495250434950012235,#howtosurvivefascism #christiannationalism #universalhealthcare #harriswalz2024 #womensrights #timwalz #GenZ #swiftiesforkamala #womensupportingwomen #mentalhealth #safetyfirst #valueyourself #selfcare #jewishvoter #womenshealth #2024election #womenempowerment #independent #republican #democrat #medicaid #undecided #voteblue #womenshealthcare #medicareforall #project2025 #womenshealthmatters #votebluetosaveamerica🇺🇸 #mentalhealthmatters #jewsofinstagram,https://www.instagram.com/p/DCBn8CAOZ1L/,,,neutral,2024-11-06T09:45:42.000Z,0,0,0,0,0.0,0,0.0,,
instagram,post,3495248401132058331,#howtosurvivefascism #christiannationalism #universalhealthcare #harriswalz2024 #womensrights #timwalz #GenZ #swiftiesforkamala #womensupportingwomen #mentalhealth #safetyfirst #valueyourself #selfcare #jewishvoter #womenshealth #2024election #womenempowerment #independent #republican #democrat #medicaid #undecided #voteblue #womenshealthcare #medicareforall #project2025 #womenshealthmatters #votebluetosaveamerica🇺🇸 #mentalhealthmatters #jewsofinstagram,https://www.instagram.com/p/DCBneb3Onbb/,,,neutral,2024-11-06T09:41:40.000Z,0,0,0,0,0.0,0,0.0,,
instagram,post,3495246003324013832,#howtosurvivefascism #christiannationalism #universalhealthcare #harriswalz2024 #womensrights #timwalz #GenZ #swiftiesforkamala #womensupportingwomen #mentalhealth #safetyfirst #valueyourself #selfcare #jewishvoter #womenshealth #2024election #womenempowerment #independent #republican #democrat #medicaid #undecided #voteblue #womenshealthcare #medicareforall #project2025 #womenshealthmatters #votebluetosaveamerica🇺🇸 #mentalhealthmatters #jewsofinstagram,https://www.instagram.com/p/DCBm7iuu00I/,,,neutral,2024-11-06T09:36:54.000Z,0,0,0,0,0.0,0,0.0,,
instagram,post,3495237489239041623,"Recipe for destroying democracy, the free press, science, & trust: Hijack the need for community and appeal to vanity. Promote disinformation, misogyny, sexism, racism, outrage, hate, & distrust of authority. Bake for about a generation.

#howtosurvivefascism #christiannationalism #universalhealthcare #harriswalz2024 #womensrights #timwalz #GenZ #swiftiesforkamala #womensupportingwomen #mentalhealth #safetyfirst #valueyourself #selfcare #jewishvoter #womenshealth #2024election #womenempowerment #independent #republican #democrat #medicaid #undecided #voteblue #womenshealthcare #medicareforall #project2025 #womenshealthmatters #votebluetosaveamerica🇺🇸 #mentalhealthmatters #jewsofinstagram",https://www.instagram.com/p/DCBk_pXuKZX/,,,neutral,2024-11-06T09:19:59.000Z,0,0,0,0,0.0,0,0.0,,
instagram,post,3495232627101334954,"@theselfspace 

#howtosurvivefascism #christiannationalism #universalhealthcare #harriswalz2024 #womensrights #timwalz #GenZ #swiftiesforkamala #womensupportingwomen #mentalhealth #safetyfirst #valueyourself #selfcare #jewishvoter #womenshealth #2024election #womenempowerment #independent #republican #democrat #medicaid #undecided #voteblue #womenshealthcare #medicareforall #project2025 #womenshealthmatters #votebluetosaveamerica🇺🇸 #mentalhealthmatters #jewsofinstagram",https://www.instagram.com/p/DCBj45Juv2q/,,,neutral,2024-11-06T09:10:20.000Z,3,0,0,0,0.0,3,3.0,,
instagram,post,3495230750938768007,#howtosurvivefascism #christiannationalism #universalhealthcare #harriswalz2024 #womensrights #timwalz #GenZ #swiftiesforkamala #womensupportingwomen #mentalhealth #safetyfirst #valueyourself #selfcare #jewishvoter #womenshealth #2024election #womenempowerment #independent #republican #democrat #medicaid #undecided #voteblue #womenshealthcare #medicareforall #project2025 #womenshealthmatters #votebluetosaveamerica🇺🇸 #mentalhealthmatters #jewsofinstagram,https://www.instagram.com/p/DCBjdl1uiKH/,,,neutral,2024-11-06T09:06:36.000Z,1,0,0,0,0.0,1,1.0,,
instagram,post,3495223156656418795,"This was the moment I knew but didn’t dare to share it 😭

#howtosurvivefascism #christiannationalism #universalhealthcare #harriswalz2024 #womensrights #timwalz #GenZ #swiftiesforkamala #womensupportingwomen #mentalhealth #safetyfirst #valueyourself #selfcare #jewishvoter #womenshealth #2024election #womenempowerment #independent #republican #democrat #medicaid #undecided #voteblue #womenshealthcare #medicareforall #project2025 #womenshealthmatters #votebluetosaveamerica🇺🇸 #mentalhealthmatters #jewsofinstagram",https://www.instagram.com/p/DCBhvFHOa_r/,,,neutral,2024-11-06T08:51:31.000Z,0,0,0,0,0.0,0,0.0,,
instagram,post,3495221001975333623,#howtosurvivefascism #christiannationalism #universalhealthcare #harriswalz2024 #womensrights #timwalz #GenZ #swiftiesforkamala #womensupportingwomen #mentalhealth #safetyfirst #valueyourself #selfcare #jewishvoter #womenshealth #2024election #womenempowerment #independent #republican #democrat #medicaid #undecided #voteblue #womenshealthcare #medicareforall #project2025 #womenshealthmatters #votebluetosaveamerica🇺🇸 #mentalhealthmatters #jewsofinstagram,https://www.instagram.com/p/DCBhPuaOYL3/,,,neutral,2024-11-06T08:47:14.000Z,0,0,0,0,0.0,0,0.0,,
instagram,post,3495217837700130821,#cod #doa #rip #usa #ripusa #howtosurvivefascism #whitewomen #punchingdown #howtosurvivefascism #christiannationalism #universalhealthcare #harriswalz2024 #womensrights #timwalz #GenZ #swiftiesforkamala #womensupportingwomen #mentalhealth #safetyfirst #valueyourself #selfcare #jewishvoter #womenshealth #2024election #womenempowerment #independent #republican #democrat #medicaid #undecided #voteblue,https://www.instagram.com/p/DCBghrcuagF/,,,neutral,2024-11-06T08:40:56.000Z,0,0,0,0,0.0,0,0.0,,
instagram,post,3495212271187595926,#howtosurvivefascism #christiannationalism #universalhealthcare #harriswalz2024 #womensrights #timwalz #GenZ #swiftiesforkamala #womensupportingwomen #mentalhealth #safetyfirst #valueyourself #selfcare #jewishvoter #womenshealth #2024election #womenempowerment #independent #republican #democrat #medicaid #undecided #voteblue #womenshealthcare #medicareforall #project2025 #womenshealthmatters #votebluetosaveamerica🇺🇸 #mentalhealthmatters #jewsofinstagram,https://www.instagram.com/p/DCBfQrOuRKW/,,,neutral,2024-11-06T08:29:53.000Z,0,0,0,0,0.0,0,0.0,,
instagram,post,3495204817624362780,#howtosurvivefascism #christiannationalism #universalhealthcare #harriswalz2024 #womensrights #timwalz #GenZ #swiftiesforkamala #womensupportingwomen #mentalhealth #safetyfirst #valueyourself #selfcare #jewishvoter #womenshealth #2024election #womenempowerment #independent #republican #democrat #medicaid #undecided #voteblue #womenshealthcare #medicareforall #project2025 #womenshealthmatters #votebluetosaveamerica🇺🇸 #mentalhealthmatters #jewsofinstagram,https://www.instagram.com/p/DCBdkNju-8c/,,,neutral,2024-11-06T08:15:04.000Z,1,0,0,0,0.0,1,1.0,,
instagram,post,3495199677982860103,#howtosurvivefascism #christiannationalism #universalhealthcare #harriswalz2024 #womensrights #timwalz #GenZ #swiftiesforkamala #womensupportingwomen #mentalhealth #safetyfirst #valueyourself #selfcare #jewishvoter #womenshealth #2024election #womenempowerment #independent #republican #democrat #medicaid #undecided #voteblue #womenshealthcare #medicareforall #project2025 #womenshealthmatters #votebluetosaveamerica🇺🇸 #mentalhealthmatters #jewsofinstagram,https://www.instagram.com/p/DCBcZa5OmNH/,,,neutral,2024-11-06T08:04:52.000Z,1,0,0,0,0.0,1,1.0,,
instagram,post,3495132761411604620,"MIDDLE AMERICA NOW ITS A TRAGEDY. NOW ITS SOO SAD TO SEE!!!!!🖕🇺🇸🖕

#vote
#NoVote
#Neutral
#Undecided
#ItsGonnaBeATie
(And US UNDECIDED WILL BE THE DEAL BREAKERS🙄😒😒)
#NoTrump #NoKamala
#VForVendetta
#peopleshouldnotbeafraidoftheirgovernmentsgovernmentsshouldbeafraidoftheirpeople
#Anarchy
#Fascists
#Communism 
#REVOLUTION
#IdeasAreBULLETPROOF
#TrueWokeness
#FreedomOfSpeech
#Murica
@potus 
@kamalaharris 
@realdonaldtrump 

🫡🇺🇸🖕
@thedailyshow

@_v.forvendetta_ 
#DailyShow
#JonStewart
#America
#Murica
#Government
#Republicans
#Democrats
#FreedomOfSpeech
#FreedomOfExpression
#DontCommunityGuidelinesMeInstagram 🙄😒
#MAYGODHAVEMERCYONYOURSOULS 
To those that that voted for the WORST CANDIDATES in our generation yet 🤦🏻🤦🏼‍♀️🤦‍♂️",https://www.instagram.com/p/DCBNLp-xNCM/,,,neutral,2024-11-06T05:51:55.000Z,4,0,0,0,0.0,4,4.0,,
instagram,post,3495002919691942369,"👏🏼👏🏼 @tbtoro 
#election #election2024 #undecided #newyorkercartoons #cartoonart #nevertrump",https://www.instagram.com/p/DCAvqNdMPnh/,,,neutral,2024-11-06T01:33:56.000Z,3,0,0,0,0.0,3,3.0,,
instagram,post,3494936425411556013,"Calling all Cosmonauts! Voting has begun and voters are coming out in record numbers! Race is so close so all you undecideds, Independents & of course the Mighty Blue do your part to protect our Democracy and Bring back some civility to our Great Nation by voting Big Blue! Then we can take to Dancing in the  Streets! Oh and it will be a big old Red, White & BLUE Party! 🇺🇸✌️👽💙💙💙💙💙💙

#voteblue2024 #kamalaharris #timwalz #saveourdemocracy #votedemocrat #maga #goodbyetrump ##undecided #voteblue #harriswalz2024 #swingstates #electionnight",https://www.instagram.com/p/DCAgil1OrKt/,,,neutral,2024-11-05T23:21:50.000Z,37,0,0,0,0.0,37,37.0,,
instagram,post,3494866659905468807,"Who is the GREATEST artist of all time?
.
.
#vote #music #prompt #instagram #votevotevote #albums #album #kanye #ye #undecided #ranking #tylerthecreator #goat #artist #undergroundhiphop #question #questions #lilwayne #votenow #voting #promptlist #songs #song #musictaste #bored #greatestofalltime #kingvon #king #comments #comment",https://www.instagram.com/p/DCAQrXpBXmH/,,,neutral,2024-11-05T21:03:13.000Z,1,0,1,0,0.0,2,4.0,,
instagram,post,3494863770197732078,"What is the GREATEST album of all time?
.
.
#music #prompt #song #opinion #vote #goat #best #albums #bestalbums #alltimegreatest #songs #tylerthecreator #kanye #rap #rapmusic #votevotevote #poll #undecided #chromakopia #rating #fyp #reels #fypシ #foryou #myopinion #instagram #comment #question #answers #album",https://www.instagram.com/p/DCAQBUZBKru/,,,neutral,2024-11-05T20:57:28.000Z,1,0,1,0,0.0,2,4.0,,
instagram,post,3494783282405380426,"It’s Election Day 2024! Such a superb day to share how to see the in-person staged reading of our newest Pass-along Play - Election Edition! This is the first time we’re ever doing it live - especially since we started this project during COVID. You can also watch it video video on demand, link in bio. 

The stage reading full length play will premiere live in D.C. on Friday, Nov. 15, 2024 and be available via video on demand from Nov. 19, 2024 until Jan. 4, 2025! 

All tix are donate what you can and 100% will go towards our writers and performers.

#passalongplays #passalongplayproject #dctheater #virtualtheater #electionedition #elections #election2024 #november2024 #electionday #electionday2024 #undecided #undecidedvoters #womensupportingwomen #202creates #womenintheater #campaigns #dctheatre #dctheater #indietheater #supportlocaltheater #stagedreadings #amwriting #playwrights #writersofig #writersofinstagram #theaterkids #bythings #writersofinsta #dcactors #actorslife #writerslife",https://www.instagram.com/p/DB_9uESvxFK/,,,neutral,2024-11-05T18:17:33.000Z,7,0,0,0,0.0,7,7.0,,
instagram,post,3494755307606132669,"The #undecided
#vote #democracy #election #politics

Who are the undecideds in this #hyperpolarized election? #marginalized , #women , #persuadable , #irregular #distrust #other",https://www.instagram.com/p/DB_3W-uxke9/,,,neutral,2024-11-05T17:21:59.000Z,6,0,0,0,0.0,6,6.0,,
instagram,post,3495288002046101235,#howtosurvivefascism #christiannationalism #universalhealthcare #harriswalz2024 #womensrights #timwalz #GenZ #swiftiesforkamala #womensupportingwomen #mentalhealth #safetyfirst #valueyourself #selfcare #jewishvoter #womenshealth #2024election #womenempowerment #independent #republican #democrat #medicaid #undecided #voteblue #womenshealthcare #medicareforall #project2025 #womenshealthmatters #votebluetosaveamerica🇺🇸 #mentalhealthmatters #jewsofinstagram,https://www.instagram.com/p/DCBwetFpIbz/,,,neutral,2024-11-06T11:00:21.000Z,0,0,0,0,0.0,0,0.0,,
instagram,post,3495241031404426871,"#howtosurvivefascism Funny thing is this has been talked about by scholars from the get go. I believed it, but I didn’t think it would happen this quickly. I still remember when the Arab Spring was going to be a template to change the world and stop corruption & oppression. They put a stop to that right away.

Well, Meta already took away my comments & likes on Day 1 of Fascism, so I better find safer places and ways to express myself.

#howtosurvivefascism #christiannationalism #universalhealthcare #harriswalz2024 #womensrights #timwalz #GenZ #swiftiesforkamala #womensupportingwomen #mentalhealth #safetyfirst #valueyourself #selfcare #jewishvoter #womenshealth #2024election #womenempowerment #independent #republican #democrat #medicaid #undecided #voteblue #womenshealthcare #medicareforall #project2025 #womenshealthmatters #votebluetosaveamerica🇺🇸 #mentalhealthmatters #jewsofinstagram",https://www.instagram.com/p/DCBlzMROxZ3/,,,neutral,2024-11-06T09:27:01.000Z,0,0,0,0,0.0,0,0.0,,
instagram,post,3495529589854292736,"✨Meet the panel: Dr. Wendi Manual Scott, Professor of Women & Gender and African American studies✨

“This Love Dynamics Conversation offers the opportunity for rich engagement as we explore the complexities of love through various lenses. I hope to contribute to a critical exploration of how concepts like gender, sexuality, family, and love are social constructions shaped by history, culture, politics, and the law. Understanding the complexity of these dynamic forces can help us clarify our perceptions of who we think we are and how we relate to others.

I look forward to an evening of reflection, where we will delve deep into the narratives that define us and, together, uncover ways to heal and grow. This is a conversation we all need!”

#soulfulsocials #lovedynamics #fortheculture #culturalconversations #couples #singles #undecided #socialconfirmity #history",https://www.instagram.com/p/DCCnaRRIcsA/,,,neutral,2024-11-05T19:00:00.000Z,11,0,0,0,0.0,11,11.0,,
instagram,post,3494738461317922549,"Hopeful as all get out ❤️🇺🇸💫
#getoutthere #VOTE with your #HEART & #HUMANITY 
If you’re a #man and #undecided or planning to bench this election, please get up and #GOVOTE #KAMALA in support of every #WOMAN you’ve ever #LOVE d or #CARE d about. #WENEEDYOURVOICE 

#iloveyou BE EXTRA GOOD TO EACH OTHER TODAY ❤️❤️❤️❤️❤️❤️❤️❤️",https://www.instagram.com/p/DB_zh1Zv_71/,,,neutral,2024-11-05T16:48:30.000Z,39,0,1,0,0.0,40,42.0,,
instagram,post,3494721939845359628,"LA - Go Vote Yall Kamala 4 president of course 

 via @kamilahvmoore
..

..

.

.

#focused #BlackCulture #history #family #gems 
#blackfamily #blackfathers #Melanin #students #hbcu #derrickgracetwo #Trump #undecided #Latino 
#losangeles #worldstarhiphop #worldstar #southland #Dodgers #braider #braids #locstyles #locs #college #barbershop #rizzaislam #southla #Georiga #NorthCarolina #nyc",https://www.instagram.com/p/DB_vxalPygM/,,,neutral,2024-11-05T16:15:41.000Z,-1,0,0,0,0.0,-1,-1.0,,
instagram,post,3494709947182062804,"Politrick-or-treating

USA Election: Harris and Trump, locked in tight race, seek edge among undecided voters. Presidential candidates still trying to shore up support among must-have voting blocs

Rodrigo © 24.10.2024

#USA #election #kamala #Harris #KamalaHarris #DonaldTrump #Trump #undecided #voters #presidential #candidates #campaign #support #voting #Republicans #Democrats #Halloween #international #politics #America #Americans #populism",https://www.instagram.com/p/DB_tC5iz5zU/,,,neutral,2024-11-05T15:51:51.000Z,10,0,0,0,0.0,10,10.0,,
instagram,post,3494708037898600336,Think about this today #election #democracy #rights #vote #whateverway #red #blue #green #undecided #decided,https://www.instagram.com/p/DB_snHYpf-Q/,,,neutral,2024-11-05T15:48:04.000Z,36,0,4,0,0.0,40,48.0,,
instagram,post,3494683067865738759,"Trump or Harris who knows !
#uselection24 #americadecides24 #trump #harris #undecided #election #voting #electoralcollege #usa #travelphotography",https://www.instagram.com/p/DB_m7wOta4H/,,,neutral,2024-11-05T14:58:27.000Z,4,0,0,0,0.0,4,4.0,,
instagram,post,3494662218055954039,"The US military just approved funding for a new silicon-based battery. NanoGraf’s silicon oxide-graphene (SOG) batteries aren’t just an upgrade to lithium - they’re versatile enough for everything from phones and backup storage to EVs. They’re for STUBs—small tactical universal batteries—like radios and other compact devices. So, why go for high-tech batteries in small gear, and why silicon oxide and graphene? Could this be a compelling next-gen battery for the rest of us? 

Video link in the bio!

#batteries #battery #energystorage #energystoragebattery #energystoragesolutions #graphenebattery #lithium #lithiumbattery #lithiumionbattery #renewablebattery #renewableenergy #siliconbattery #siliconbatterytechnology #silicongraphene #undecided #undecidedwithmattferrell",https://www.instagram.com/p/DB_iMWVNC53/,,,neutral,2024-11-05T14:17:04.000Z,15,0,1,0,0.0,16,18.0,,
instagram,post,3494574310578250806,"Jorie had an awesome visit with the cheer coaches from App State. This is her 2nd time in Boone, my first. It did not disappoint.  I love these mountains of North Carolina , and having a college directly in the mountains is so beautiful and cool. 

We started out with a tour with Coach Morgan and Kevin Delgado. Then we took a campus tour. Went to the cheer practice and ended our night at the home opener of the men's  basketball game.  We met a lot of wonderful people on @appstatecheerleading. They truly embodied a cheer spirit. 

I love touring colleges, but I must admit, I'm ready for my girl to pick a school so I can stop stressing. 😆 🤣 
I guess she's waiting on God to give her a sign.

#jorieelizabeth #classof2025 #cheermom #undecided #blessed",https://www.instagram.com/p/DB_ONIHOOQ2/,,,neutral,2024-11-05T11:22:22.000Z,118,0,5,0,0.0,123,133.0,,
instagram,post,3494542337826752328,"@meidastouch In a public statement led by forensic psychiatrist Dr. Bandy X. Lee, a coalition of 50 distinguished medical and mental health experts have raised serious concerns over former President Donald J. Trump’s cognitive fitness as he campaigns in the 2024 presidential race. The “Open Letter on Cognitive Concerns in the Presidential Election,” provided exclusively to MeidasTouch, highlights repeated signs of cognitive decline observed in Trump’s speeches and public behavior, warning that his mental state could compromise national security if he were to return to office.

#harriswalz2024 #womensrights #timwalz #GenZ #swiftiesforkamala #womensupportingwomen #mentalhealth #safetyfirst #valueyourself #selfcare #jewishvoter #womenshealth #2024election #womenempowerment #independent #republican #democrat #medicaid #undecided #voteblue #womenshealthcare #medicareforall #project2025 #womenshealthmatters #votebluetosaveamerica🇺🇸 #mentalhealthmatters #jewsofinstagram #christiannationalism #universalhealthcare #abortionishealthcare",https://www.instagram.com/p/DB_G73KugdI/,,,neutral,2024-11-05T10:18:51.000Z,1,0,0,0,0.0,1,1.0,,
instagram,post,3494458220455997121,#harriswalz2024 #womensrights #timwalz #GenZ #swiftiesforkamala #womensupportingwomen #mentalhealth #safetyfirst #valueyourself #selfcare #jewishvoter #womenshealth #2024election #womenempowerment #independent #republican #democrat #medicaid #undecided #voteblue #womenshealthcare #medicareforall #project2025 #womenshealthmatters #votebluetosaveamerica🇺🇸 #mentalhealthmatters #jewsofinstagram #christiannationalism #universalhealthcare #abortionishealthcare,https://www.instagram.com/p/DB-zzywuS7B/,,,neutral,2024-11-05T07:31:43.000Z,7,0,0,0,0.0,7,7.0,,
instagram,post,3494413980070049034,#harriswalz2024 #womensrights #timwalz #GenZ #swiftiesforkamala #womensupportingwomen #mentalhealth #safetyfirst #valueyourself #selfcare #jewishvoter #womenshealth #2024election #womenempowerment #independent #republican #democrat #medicaid #undecided #voteblue #womenshealthcare #medicareforall #project2025 #womenshealthmatters #votebluetosaveamerica🇺🇸 #mentalhealthmatters #jewsofinstagram #christiannationalism #universalhealthcare #abortionishealthcare,https://www.instagram.com/p/DB-pwAsO_UK/,,,neutral,2024-11-05T06:03:49.000Z,2,0,0,0,0.0,2,2.0,,
instagram,post,3494411421334707860,#harriswalz2024 #womensrights #timwalz #GenZ #swiftiesforkamala #womensupportingwomen #mentalhealth #safetyfirst #valueyourself #selfcare #jewishvoter #womenshealth #2024election #womenempowerment #independent #republican #democrat #medicaid #undecided #voteblue #womenshealthcare #medicareforall #project2025 #womenshealthmatters #votebluetosaveamerica🇺🇸 #mentalhealthmatters #jewsofinstagram #christiannationalism #universalhealthcare #abortionishealthcare,https://www.instagram.com/p/DB-pKxruR6U/,,,neutral,2024-11-05T05:58:44.000Z,3,0,0,0,0.0,3,3.0,,
instagram,post,3494410838720858169,#harriswalz2024 #womensrights #timwalz #GenZ #swiftiesforkamala #womensupportingwomen #mentalhealth #safetyfirst #valueyourself #selfcare #jewishvoter #womenshealth #2024election #womenempowerment #independent #republican #democrat #medicaid #undecided #voteblue #womenshealthcare #medicareforall #project2025 #womenshealthmatters #votebluetosaveamerica🇺🇸 #mentalhealthmatters #jewsofinstagram #christiannationalism #universalhealthcare #abortionishealthcare,https://www.instagram.com/p/DB-pCTFO0g5/,,,neutral,2024-11-05T05:57:35.000Z,1,0,0,0,0.0,1,1.0,,
instagram,post,3494408472596327210,#harriswalz2024 #womensrights #timwalz #GenZ #swiftiesforkamala #womensupportingwomen #mentalhealth #safetyfirst #valueyourself #selfcare #jewishvoter #womenshealth #2024election #womenempowerment #independent #republican #democrat #medicaid #undecided #voteblue #womenshealthcare #medicareforall #project2025 #womenshealthmatters #votebluetosaveamerica🇺🇸 #mentalhealthmatters #jewsofinstagram #christiannationalism #universalhealthcare #abortionishealthcare,https://www.instagram.com/p/DB-of3dOCsq/,,,neutral,2024-11-05T05:52:53.000Z,3,0,0,0,0.0,3,3.0,,
instagram,post,3494399394562283169,#harriswalz2024 #womensrights #timwalz #GenZ #swiftiesforkamala #womensupportingwomen #mentalhealth #safetyfirst #valueyourself #selfcare #jewishvoter #womenshealth #2024election #womenempowerment #independent #republican #democrat #medicaid #undecided #voteblue #womenshealthcare #medicareforall #project2025 #womenshealthmatters #votebluetosaveamerica🇺🇸 #mentalhealthmatters #jewsofinstagram #christiannationalism #universalhealthcare #abortionishealthcare,https://www.instagram.com/p/DB-mbw4OZah/,,,neutral,2024-11-05T05:34:50.000Z,3,0,0,0,0.0,3,3.0,,
instagram,post,3494398818004922870,"Prophetic 

#harriswalz2024 #womensrights #timwalz #GenZ #swiftiesforkamala #womensupportingwomen #mentalhealth #safetyfirst #valueyourself #selfcare #jewishvoter #womenshealth #2024election #womenempowerment #independent #republican #democrat #medicaid #undecided #voteblue #womenshealthcare #medicareforall #project2025 #womenshealthmatters #votebluetosaveamerica🇺🇸 #mentalhealthmatters #jewsofinstagram #christiannationalism #universalhealthcare #abortionishealthcare",https://www.instagram.com/p/DB-mTX6unH2/,,,neutral,2024-11-05T05:33:42.000Z,0,0,0,0,0.0,0,0.0,,
instagram,post,3494377633598387891,"Bummer Celebrities List 😭 Time to watch a distracting video & try to cheer up! 🌞

#harriswalz2024 #womensrights #timwalz #GenZ #swiftiesforkamala #womensupportingwomen #mentalhealth #safetyfirst #valueyourself #selfcare #jewishvoter #womenshealth #2024election #womenempowerment #independent #republican #democrat #medicaid #undecided #voteblue #womenshealthcare #medicareforall #project2025 #womenshealthmatters #votebluetosaveamerica🇺🇸 #mentalhealthmatters #jewsofinstagram #christiannationalism #universalhealthcare #abortionishealthcare",https://www.instagram.com/p/DB-hfGZs7az/,,,neutral,2024-11-05T04:51:36.000Z,2,0,0,0,0.0,2,2.0,,
instagram,post,3494331650461953414,#harriswalz2024 #womensrights #timwalz #GenZ #swiftiesforkamala #womensupportingwomen #mentalhealth #safetyfirst #valueyourself #selfcare #jewishvoter #womenshealth #2024election #womenempowerment #independent #republican #democrat #medicaid #undecided #voteblue #womenshealthcare #medicareforall #project2025 #womenshealthmatters #votebluetosaveamerica🇺🇸 #mentalhealthmatters #jewsofinstagram #christiannationalism #universalhealthcare #abortionishealthcare,https://www.instagram.com/p/DB-XB9RMG2G/,,,neutral,2024-11-05T03:20:15.000Z,5,0,0,0,0.0,5,5.0,,
instagram,post,3494318589172931632,"@teenvogue

#harriswalz2024 #womensrights #timwalz #GenZ #swiftiesforkamala #womensupportingwomen #mentalhealth #safetyfirst #valueyourself #selfcare #jewishvoter #womenshealth #2024election #womenempowerment #independent #republican #democrat #medicaid #undecided #voteblue #womenshealthcare #medicareforall #project2025 #womenshealthmatters #votebluetosaveamerica🇺🇸 #mentalhealthmatters #jewsofinstagram #christiannationalism #universalhealthcare #abortionishealthcare",https://www.instagram.com/p/DB-UD4_slww/,,,neutral,2024-11-05T02:54:18.000Z,4,0,0,0,0.0,4,4.0,,
instagram,post,3494295866657712359,"@shannonrwatts 
#harriswalz2024 #womensrights #timwalz #GenZ #swiftiesforkamala #womensupportingwomen #mentalhealth #safetyfirst #valueyourself #selfcare #jewishvoter #womenshealth #2024election #womenempowerment #independent #republican #democrat #medicaid #undecided #voteblue #womenshealthcare #medicareforall #project2025 #womenshealthmatters #votebluetosaveamerica🇺🇸 #mentalhealthmatters #jewsofinstagram #christiannationalism #universalhealthcare #abortionishealthcare",https://www.instagram.com/p/DB-O5PAP6jn/,,,neutral,2024-11-05T02:09:09.000Z,0,0,0,0,0.0,0,0.0,,
instagram,post,3494286476474181112,"@villainchrisk

harriswalz2024 #womensrights #timwalz #GenZ #swiftiesforkamala #womensupportingwomen #mentalhealth #safetyfirst #valueyourself #selfcare #jewishvoter #womenshealth #2024election #womenempowerment #independent #republican #democrat #medicaid #undecided #voteblue #womenshealthcare #medicareforall #project2025 #womenshealthmatters #votebluetosaveamerica🇺🇸 #mentalhealthmatters #jewsofinstagram #christiannationalism #universalhealthcare #abortionishealthcare",https://www.instagram.com/p/DB-MwltseX4/,,,neutral,2024-11-05T01:50:30.000Z,2,0,0,0,0.0,2,2.0,,
instagram,post,3494278851724439018,"@no.bs.therapist 

And what would John Adams think about QAnon? (I only want his opinion because he opposed slavery. I’m a little scared to ask Jefferson etc)

#harriswalz2024 #womensrights #timwalz #GenZ #swiftiesforkamala #womensupportingwomen #mentalhealth #safetyfirst #valueyourself #selfcare #jewishvoter #womenshealth #2024election #womenempowerment #independent #republican #democrat #medicaid #undecided #voteblue #womenshealthcare #medicareforall #project2025 #womenshealthmatters #votebluetosaveamerica🇺🇸 #mentalhealthmatters #jewsofinstagram #christiannationalism #universalhealthcare #abortionishealthcare",https://www.instagram.com/p/DB-LBonMe3q/,,,neutral,2024-11-05T01:35:21.000Z,16,0,4,0,0.0,20,28.0,,
instagram,post,3494236019634713356,"Erev Election Tov. 😂 This feels way more ominous than Yom Kippur. 🫣

#2024election #independent #republican #democrat #antisemitism #medicaid #undecided #nazirally #womenshealthcare #medicareforall #jewish #israel #palestine #gaza #votebluetosaveamerica🇺🇸 #voteblue #project2025 #jews #statesrights #mentalhealth #heritagefoundation #trump2024  #evangelicalsfortrump #womenshealth #jewish #christiannationalism #universalhealthcare #jewsfortrump #MAGA #healthcareisahumanright",https://www.instagram.com/p/DB-BSWHs7MM/,,,neutral,2024-11-05T00:10:15.000Z,1,0,1,0,0.0,2,4.0,,
instagram,post,3494205741281363768,"Just ahead of Election Day, @nativenewsonline’s latest poll reveals a close race among Native American voters, with Kamala Harris leading Donald Trump 45% to 42%. Key issues like inflation, Native sovereignty, and women’s rights are influencing this pivotal voting bloc. While Harris has strong backing from tribal leaders, undecided voters still make up 7% of responses.⁠
⁠
https://nativenewsonline.net/currents/going-into-election-day-harris-leads-trump-in-native-news-online-survey",https://www.instagram.com/p/DB96ZvNNMc4/,,,neutral,2024-11-04T23:10:14.000Z,6,0,1,0,0.0,7,9.0,,
instagram,post,3494204124588274650,#kamala #maga #undecided #democrats #republicans,https://www.instagram.com/p/DB96CNiyfPa/,,,neutral,2024-11-04T23:06:52.000Z,73,0,1,0,0.0,74,76.0,,
instagram,post,3494202174067489654,"I’m running a fever 🤒 & need to rest. Hoping for the best & see you all on the other side. 🙏 I wish I could be a better cheerleader, but this election & surviving Trump for a decade causes PTSD. 😳😵‍💫

In 2016, I was in a hospital in Pittsburgh when riots started nearby. My Bernie Bro ex-boyfriend flipped out; later he switched sides & became violent before the Nazi rally. (I put him in jail!) It was a surreal nightmare I’m praying not to relive. It’s hard to associate American election week with anything but stress & fear (& crying!). I’ll try to get out of my own head better!

I think we’ve done a better job at unity under the Democratic Party this time. At least there’s Steve Kornacki & social media. Sending love & support to everyone. Joy sounds good, too, once we recover.

#harriswalz2024 #womensrights #timwalz #GenZ #swiftiesforkamala #womensupportingwomen #mentalhealth #safetyfirst #valueyourself #selfcare #jewishvoter #womenshealth #2024election #womenempowerment #independent #republican #democrat #medicaid #undecided #voteblue #womenshealthcare #medicareforall #project2025 #womenshealthmatters #votebluetosaveamerica🇺🇸 #mentalhealthmatters #jewsofinstagram #christiannationalism #universalhealthcare #abortionishealthcare",https://www.instagram.com/p/DB95l0-sLt2/,,,neutral,2024-11-04T23:03:00.000Z,3,0,2,0,0.0,5,9.0,,
instagram,post,3494195681000467883,"@maaloufmd 
#harriswalz2024 #womensrights #timwalz #GenZ #swiftiesforkamala #womensupportingwomen #mentalhealth #safetyfirst #valueyourself #selfcare #jewishvoter #womenshealth #2024election #womenempowerment #independent #republican #democrat #medicaid #undecided #voteblue #womenshealthcare #medicareforall #project2025 #womenshealthmatters #votebluetosaveamerica🇺🇸 #mentalhealthmatters #jewsofinstagram #christiannationalism #universalhealthcare #abortionishealthcare",https://www.instagram.com/p/DB94HV1vK2r/,,,neutral,2024-11-04T22:50:06.000Z,1,0,0,0,0.0,1,1.0,,
instagram,post,3494172911474680575,#harriswalz2024 #womensrights #timwalz #GenZ #swiftiesforkamala #womensupportingwomen #mentalhealth #safetyfirst #valueyourself #selfcare #jewishvoter #womenshealth #2024election #womenempowerment #independent #republican #democrat #medicaid #undecided #voteblue #womenshealthcare #medicareforall #project2025 #womenshealthmatters #votebluetosaveamerica🇺🇸 #mentalhealthmatters #jewsofinstagram #christiannationalism #universalhealthcare #abortionishealthcare,https://www.instagram.com/p/DB9y8AEPaL_/,,,neutral,2024-11-04T22:04:52.000Z,3,0,0,0,0.0,3,3.0,,
instagram,post,3494680739105455997,"This is my negative ad. In case you were young and not paying attention or the many current outrages have eclipsed the prior outrages, this is just a reminder of a tiny bit of the chaos, cruelty and stupidity that we endured from the Trump years, that may not still be top of mind. LETS NOT GO BACK! 🙏🙏🙏

1) When he said there were good people on both sides at a KKK rally that chanted Jews will not replace us and that saw a kkk dude run over a crowd of people and kill a young woman. 
2) Separating young children and babies from their families and sticking them in our troubled foster care system. Many children never returned to their families again. 
3) Instituting a ban on people from predominantly Muslim countries that caused confusion and chaos at airports and again, family separations. Not to mention business complications as companies and workers grappled with govt red tape. 
4) Chose supreme court justices expressly to take away our rights to our bodies that has resulted in women DYING! 
5) Withdrew from Paris Accord. Opened the floodgates, to any polluting industry, to disregard human health and life. Set back the development and research of new clean industries. 
6) Stole classified documents and put them in his bathroom like a common hoarder. 
7) Liked to give stupid deadly advice, like “put bleach in your veins and don’t wear masks”. Had great ideas like why don’t we buy Greenland and exhibited excellent judgement by looking straight into the sun.

So many more things I could list! It is so stressful that it could even be so close. The two candidates are NOT the same! While the democrats may not go as far down the path of peace and justice that we want, they are at least facing in the right, or should I say, correct, direction!
VOTE @kamalaharris

#kamalaharris2024 #womensequality #wewillnotgoback #climatechange #migrants #muslimban #choice #vote #voteblue #undecided #undecidedvoter #",https://www.instagram.com/p/DB_mZ3Zx799/,,,neutral,2024-11-05T14:53:49.000Z,285,0,17,0,0.0,302,336.0,,
instagram,post,3494384185696702073,"So accurate @_stillwerise

harriswalz2024 #womensrights #timwalz #GenZ #swiftiesforkamala #womensupportingwomen #mentalhealth #safetyfirst #valueyourself #selfcare #jewishvoter #womenshealth #2024election #womenempowerment #independent #republican #democrat #medicaid #undecided #voteblue #womenshealthcare #medicareforall #project2025 #womenshealthmatters #votebluetosaveamerica🇺🇸 #mentalhealthmatters #jewsofinstagram #christiannationalism #universalhealthcare #abortionishealthcare",https://www.instagram.com/p/DB-i-chMc55/,,,neutral,2024-11-05T05:04:37.000Z,1,0,0,0,0.0,1,1.0,,
instagram,post,3494197636192166128,"#undecided 
#votebluetosavelives",https://www.instagram.com/p/DB94jywPmDw/,,,neutral,2024-11-04T22:53:59.000Z,0,0,0,0,0.0,0,0.0,,
instagram,post,3494150788022713636,"From @the.wellness.therapist 🗽

Also: Check the Uber Go Vote button in app, or get a free ride to cast your ballot from now until Election Day when you use the code WWAV2024 on Lyft

#harriswalz2024 #womensrights #timwalz #GenZ #swiftiesforkamala #womensupportingwomen #mentalhealth #safetyfirst #valueyourself #selfcare #jewishvoter #womenshealth #2024election #womenempowerment #independent #republican #democrat #medicaid #undecided #voteblue #womenshealthcare #medicareforall #project2025 #womenshealthmatters #votebluetosaveamerica🇺🇸 #mentalhealthmatters #jewsofinstagram #christiannationalism #universalhealthcare #abortionishealthcare",https://www.instagram.com/p/DB9t6D_vr0k/,,,neutral,2024-11-04T21:20:54.000Z,0,0,0,0,0.0,0,0.0,,
instagram,post,3494115437069594884,"Via shannonrwatts Join us TOMORROW — on Election Day — for the largest all day grassroots phone banking event starting at 10 AM ET. Help get the vote out to push Kamala Harris over the finish line! 🇺🇸🗳️ 

RSVP link in comments and stories.

#harriswalz2024 #womensrights #timwalz #GenZ #swiftiesforkamala #womensupportingwomen #mentalhealth #safetyfirst #valueyourself #selfcare #jewishvoter #womenshealth #2024election #womenempowerment #independent #republican #democrat #medicaid #undecided #voteblue #womenshealthcare #medicareforall #project2025 #womenshealthmatters #votebluetosaveamerica🇺🇸 #mentalhealthmatters #jewsofinstagram #christiannationalism #universalhealthcare #abortionishealthcare",https://www.instagram.com/p/DB9l3o2vfEE/,,,neutral,2024-11-04T20:10:40.000Z,1,0,0,0,0.0,1,1.0,,
instagram,post,3494087521082328127,#harriswalz2024 #womensrights #timwalz #GenZ #swiftiesforkamala #womensupportingwomen #mentalhealth #safetyfirst #valueyourself #selfcare #jewishvoter #womenshealth #2024election #womenempowerment #independent #republican #democrat #medicaid #undecided #voteblue #womenshealthcare #medicareforall #project2025 #womenshealthmatters #votebluetosaveamerica🇺🇸 #mentalhealthmatters #jewsofinstagram #christiannationalism #universalhealthcare #abortionishealthcare,https://www.instagram.com/p/DB9fhaEPMQ_/,,,neutral,2024-11-04T19:15:12.000Z,3,0,0,0,0.0,3,3.0,,
instagram,post,3494055255214405717,"My vote last Friday.
#votingmatters #freedom #vote #downballot #undecided",https://www.instagram.com/p/DB9YL4IpDhV/,,,neutral,2024-11-04T18:11:06.000Z,13,0,0,0,0.0,13,13.0,,
instagram,post,3493978377615101027,Election Day tomorrow November 5th! Get out there and vote! #vote #election #yourvotematters #trump #republican #democrat #undecided #2024,https://www.instagram.com/p/DB9GtKSpMxj/,,,neutral,2024-11-04T15:38:21.000Z,1,0,0,0,0.0,1,1.0,,
instagram,post,3493949976624953077,"""Should I vote?"" On this election day in the United States, only you can decide the future of your habitable zone in the North American Quarantowne Quadrant. Shop now! #dystopia #dystopian #votingrights #wereallinthistogether #saveus #undecided #endoftheworld",https://www.instagram.com/p/DB9AP3ztvb1/,,,neutral,2024-11-04T14:41:56.000Z,3,0,0,0,0.0,3,3.0,,
instagram,post,3493866592098832663,Sophie and Leo are asking you to #vote #catladiesunite #childlesscatladies #kamalaharris #elections #werenotgoingback #countryoverparty #republicansforharris #undecided #freedom #savedemocracy #womensupportingwomen #womensrights,https://www.instagram.com/p/DB8tSd6p9EX/,,,neutral,2024-11-04T11:56:15.000Z,6,0,0,0,0.0,6,6.0,,
instagram,post,3493842457999319860,"NYT Opinion @nytopinion 

#harriswalz2024 #womensrights #timwalz #GenZ #swiftiesforkamala #womensupportingwomen #mentalhealth #safetyfirst #valueyourself #selfcare #jewishvoter #womenshealth #2024election #womenempowerment #independent #republican #democrat #medicaid #undecided #voteblue #womenshealthcare #medicareforall #project2025 #womenshealthmatters #votebluetosaveamerica🇺🇸 #mentalhealthmatters #jewsofinstagram #christiannationalism #universalhealthcare #abortionishealthcare",https://www.instagram.com/p/DB8nzRSOiM0/,,,neutral,2024-11-04T11:08:18.000Z,8,0,0,0,0.0,8,8.0,,
instagram,post,3493835337404963214,#harriswalz2024 #womensrights #timwalz #GenZ #swiftiesforkamala #womensupportingwomen #mentalhealth #safetyfirst #valueyourself #selfcare #jewishvoter #womenshealth #2024election #womenempowerment #independent #republican #democrat #medicaid #undecided #voteblue #womenshealthcare #medicareforall #project2025 #womenshealthmatters #votebluetosaveamerica🇺🇸 #mentalhealthmatters #jewsofinstagram #christiannationalism #universalhealthcare #abortionishealthcare,https://www.instagram.com/p/DB8mLptutmO/,,,neutral,2024-11-04T10:54:10.000Z,0,0,0,0,0.0,0,0.0,,
instagram,post,3493830455276997968,#harriswalz2024 #womensrights #timwalz #GenZ #swiftiesforkamala #womensupportingwomen #mentalhealth #safetyfirst #valueyourself #selfcare #jewishvoter #womenshealth #2024election #womenempowerment #independent #republican #democrat #medicaid #undecided #voteblue #womenshealthcare #medicareforall #project2025 #womenshealthmatters #votebluetosaveamerica🇺🇸 #mentalhealthmatters #jewsofinstagram #christiannationalism #universalhealthcare #abortionishealthcare,https://www.instagram.com/p/DB8lEm4Og1Q/,,,neutral,2024-11-04T10:44:28.000Z,1,0,0,0,0.0,1,1.0,,
instagram,post,3493829193161500026,#undecided #election2024,https://www.instagram.com/p/DB8kyPcR-V6/,,,neutral,2024-11-04T10:41:57.000Z,0,0,0,0,0.0,0,0.0,,
instagram,post,3493823467616899483,#fuckthepatriarchy #womensrights #timwalz #GenZ #swiftiesforkamala #womensupportingwomen #mentalhealth #safetyfirst #toxicmasculinity #jewishvoter #womenshealth #2024election #womenempowerment #independent #republican #democrat #medicaid #undecided #voteblue #womenshealthcare #medicareforall #project2025 #womenshealthmatters #votebluetosaveamerica🇺🇸 #mentalhealthmatters #jewsofinstagram #christiannationalism #universalhealthcare #abortionishealthcare #harriswalz2024,https://www.instagram.com/p/DB8je7HOpGb/,,,neutral,2024-11-04T10:30:35.000Z,0,0,0,0,0.0,0,0.0,,
instagram,post,3493821758203225858,#harriswalz2024 #womensrights #timwalz #GenZ #swiftiesforkamala #womensupportingwomen #mentalhealth #safetyfirst #valueyourself #selfcare #jewishvoter #womenshealth #2024election #womenempowerment #independent #republican #democrat #medicaid #undecided #voteblue #womenshealthcare #medicareforall #project2025 #womenshealthmatters #votebluetosaveamerica🇺🇸 #mentalhealthmatters #jewsofinstagram #christiannationalism #universalhealthcare #abortionishealthcare,https://www.instagram.com/p/DB8jGDGO-cC/,,,neutral,2024-11-04T10:27:11.000Z,0,0,0,0,0.0,0,0.0,,
instagram,post,3493815985456629306,"Messy 😳

#harriswalz2024 #womensrights #timwalz #GenZ #swiftiesforkamala #womensupportingwomen #mentalhealth #safetyfirst #valueyourself #selfcare #jewishvoter #womenshealth #2024election #womenempowerment #independent #republican #democrat #medicaid #undecided #voteblue #womenshealthcare #medicareforall #project2025 #womenshealthmatters #votebluetosaveamerica🇺🇸 #mentalhealthmatters #jewsofinstagram #christiannationalism #universalhealthcare #abortionishealthcare",https://www.instagram.com/p/DB8hyCzuUY6/,,,neutral,2024-11-04T10:15:43.000Z,1,0,0,0,0.0,1,1.0,,
instagram,post,3493812501038576815,#harriswalz2024 #womensrights #timwalz #GenZ #swiftiesforkamala #womensupportingwomen #mentalhealth #safetyfirst #valueyourself #selfcare #jewishvoter #womenshealth #2024election #womenempowerment #independent #republican #democrat #medicaid #undecided #voteblue #womenshealthcare #medicareforall #project2025 #womenshealthmatters #votebluetosaveamerica🇺🇸 #mentalhealthmatters #jewsofinstagram #christiannationalism #universalhealthcare #abortionishealthcare,https://www.instagram.com/p/DB8g_VsOTSv/,,,neutral,2024-11-04T10:08:47.000Z,0,0,0,0,0.0,0,0.0,,
instagram,post,3493809760950191316,"Adam Grant 

#harriswalz2024 #womensrights #timwalz #GenZ #swiftiesforkamala #womensupportingwomen #mentalhealth #safetyfirst #valueyourself #selfcare #jewishvoter #womenshealth #2024election #womenempowerment #independent #republican #democrat #medicaid #undecided #voteblue #womenshealthcare #medicareforall #project2025 #womenshealthmatters #votebluetosaveamerica🇺🇸 #mentalhealthmatters #jewsofinstagram #christiannationalism #universalhealthcare #abortionishealthcare",https://www.instagram.com/p/DB8gXdyOoTU/,,,neutral,2024-11-04T10:03:21.000Z,0,0,0,0,0.0,0,0.0,,
instagram,post,3493793554016891988,"🗽My coping mechanisms are doomscrolling, Gatorlyte Zero, intermittent crying & dread, accidental napping, & trying to watch Call The Midwife for distraction 🫣

#harriswalz2024 #womensrights #timwalz #swiftiesforkamala #womensupportingwomen #mentalhealth #safetyfirst #valueyourself #selfcare #jewishvoter #womenshealth #GenZ #womenempowerment #2024election #independent #republican #democrat #medicaid #undecided #womenshealthcare #medicareforall #womenshealthmatters #votebluetosaveamerica🇺🇸 #voteblue #project2025 #mentalhealthmatters  #jewsofinstagram #christiannationalism #universalhealthcare #abortionishealthcare",https://www.instagram.com/p/DB8crn5ufRU/,,,neutral,2024-11-04T09:31:09.000Z,2,0,0,0,0.0,2,2.0,,
instagram,post,3493769262773065113,"Via @meidastouch on 🧵

#harriswalz2024 #womensrights #timwalz #swiftiesforkamala #womensupportingwomen #mentalhealth #safetyfirst #valueyourself #selfcare #jewishvoter #womenshealth #GenZ #womenempowerment #2024election #independent #republican #democrat #medicaid #undecided #womenshealthcare #medicareforall #womenshealthmatters #votebluetosaveamerica🇺🇸 #voteblue #project2025 #mentalhealthmatters  #jewsofinstagram #christiannationalism #universalhealthcare #abortionishealthcare",https://www.instagram.com/p/DB8XKI6xFWZ/,,,neutral,2024-11-04T08:42:53.000Z,1,0,0,0,0.0,1,1.0,,
instagram,post,3493765280029001602,"Pathologicals like 🍊 need someone else to hate them because they hate themselves so much, it must be externalized, never confronted or internally resolved. I grew up with a pathological narcissist; it’s all projected outwards and anyone can become their next enemy number 1.

#harriswalz2024 #womensrights #timwalz #swiftiesforkamala #womensupportingwomen #mentalhealth #safetyfirst #valueyourself #selfcare #jewishvoter #womenshealth #GenZ #womenempowerment #2024election #independent #republican #democrat #medicaid #undecided #womenshealthcare #medicareforall #womenshealthmatters #votebluetosaveamerica🇺🇸 #voteblue #project2025 #mentalhealthmatters  #jewsofinstagram #christiannationalism #universalhealthcare #abortionishealthcare",https://www.instagram.com/p/DB8WQLsuMeC/,,,neutral,2024-11-04T08:34:58.000Z,1,0,0,0,0.0,1,1.0,,
instagram,post,3493757919176461811,"podsaveamerica 

#harriswalz2024 #womensrights #timwalz #swiftiesforkamala #womensupportingwomen #mentalhealth #safetyfirst #valueyourself #selfcare #jewishvoter #womenshealth #GenZ #womenempowerment #2024election #independent #republican #democrat #undecided #virginiadems #womenshealthcare #medicareforall  #womenshealthmatters #votebluetosaveamerica🇺🇸 #voteblue #project2025 #mentalhealthmatters  #jewsofinstagram #christiannationalism #universalhealthcare #abortionishealthcare",https://www.instagram.com/p/DB8UlEXuI3z/,,,neutral,2024-11-04T08:20:21.000Z,0,0,0,0,0.0,0,0.0,,
instagram,post,3493756200661033418,"barackobama 

#harriswalz2024 #womensrights #timwalz #swiftiesforkamala #womensupportingwomen #mentalhealth #safetyfirst #valueyourself #selfcare #jewishvoter #womenshealth #GenZ #womenempowerment #2024election #independent #republican #democrat #medicaid #undecided #womenshealthcare #medicareforall #womenshealthmatters #votebluetosaveamerica🇺🇸 #voteblue #project2025 #mentalhealthmatters  #jewsofinstagram #christiannationalism #universalhealthcare #abortionishealthcare",https://www.instagram.com/p/DB8UMD4OCHK/,,,neutral,2024-11-04T08:16:56.000Z,2,0,0,0,0.0,2,2.0,,
