Platform,Type,ID,Text,URL,Sentiment,Date,likes,shares,comments_count,views,sentiment_score,total_engagement,engagement_score
instagram,post,3894307153414076907,"📢 政府已同意取消对马来西亚富人的燃油补贴‼️ 

目前仍在进行研究，以确定哪些特定收入群体将受到影响～
并确保该措施不会加重中上层收入群体的负担～

#KLNOW #KLNOW就在吉隆坡 #NOWBuzz #燃油津贴 #BUDI95",https://www.instagram.com/p/DYLW7kdgjnr/,neutral,2026-05-11T00:00:12.000Z,763,0,79,0,0.0,842,1000.0
instagram,post,3895288814453013109,"Kuota petrol bersubsidi di bawah program BUDI95 mungkin diturunkan sekali lagi kepada 150 liter sebulan berbanding 300 liter semasa awal diperkenalkan pada 30 September tahun lepas dan 200 liter sejak 1 April lalu.

Keputusan itu adalah sejajar dengan usaha kerajaan untuk memastikan keterjaminan bekalan bahan api domestik dalam berdepan krisis bekalan global susulan konflik Asia Barat.

#malaysiagazette
#BUDI95
#150Liter

Berita lanjut layari www.malaysiagazette.com",https://www.instagram.com/p/DYO2InjBjp1/,neutral,2026-05-12T08:30:41.000Z,408,0,77,0,0.0,485,639.0
instagram,post,3895868558434030525,"Ramai haritu mintak aku update bil letrik lepas sebulan pakai Proton e.MAS 7 PHEV. So ni actual calculation sepanjang sebulan aku guna kereta ni. 

Pengiraan yang aku share  sekadar pengiraan anggaran kasar berdasarkan penggunaan aku sendiri sepanjang sebulan yang lepas.

Untuk korang faham dulu, cycle bil letrik rumah aku adalah dari 12hb sampai 10hb setiap bulan.

Bil sebelum pakai PHEV:
⚡ 12 Mac - 10 April = RM268.45
(Ini memang range bil letrik rumah aku sebelum2 ni)

Aku dapat kereta ni pada 15 April. So memang ngam sangat untuk buat comparison.

Bil terbaru:
⚡ 11 April - 10 Mei = RM377.50

Maksudnya beza bil letrik selepas pakai e.MAS 7 PHEV:
👉 RM109.05 sahaja

Sepanjang bulan lepas, aku ada jugak try cas guna DC Charger luar sebab nak test experience fast charging.

⚡ DC Charger luar:
3 kali cas = RM70.16

Aku ada jugak isi minyak full sekali dekat Petronas sebab nak manfaatkan quota April haritu:
⛽ RM70.01

Jadi total keseluruhan kos penggunaan e.MAS 7 PHEV aku untuk sebulan adalah:

RM109.05 — cas rumah 
RM70.16 — DC Charger luar 
RM70.01 — isi minyak 

TOTAL = RM249.22

Sekarang compare dengan kereta lama aku pulak…

🚘 Nissan Serena C27 FL
Purata minyak sebulan:
RM85 x 5 kali isi = RM425

Maknanya lepas tukar ke e.MAS 7 PHEV:

✅ Dari RM425 turun ke RM249.22 
✅ Beza penjimatan = RM175.78 sebulan

Ini pun belum fully optimize lagi sebab bulan lepas aku masih try DC Charger luar.

Untuk bulan ni aku dah stop cas dekat luar sebab lagi prefer cas dekat rumah je. Jauh lebih murah.

So kemungkinan besar bulan ni lagi rendah daripada RM249. InsyAllah

Kesimpulan untuk penggunaan aku sendiri, memang nampak jimat. Tapi untuk orang lain aku tak boleh confirm sebab lain orang, lain penggunaan… lain corak perjalanan… dan lain cara spending masing-masing

#baihaqigetb #protonemas7phev #budi95 #PlugInHybrid #phev",https://www.instagram.com/p/DYQ59ANEtO9/,neutral,2026-05-13T03:42:24.000Z,476,0,18,0,0.0,494,530.0
instagram,post,3895326334432562410,"Tarik subsidi petrol BUDI95 mungkin nampak bijak, tapi kesannya boleh makan balik ekonomi negara.

Ramai fikir bila subsidi petrol BUDI95 ditarik dari golongan T20, negara terus jimat. Tapi realitinya, subsidi petrol BUDI95 yang ditarik boleh cipta rantaian ekonomi — pemilik bisnes kurangkan kos pekerja, pengguna kurangkan belanja, dan peniaga kecil mula terasa tempias. Kesan ini bukan terus nampak hari ini, tapi selalunya 2–3 bulan kemudian bila aliran tunai semakin ketat.

Kalau kerajaan nak buat subsidi bersasar Malaysia, bantuan yang ditarik patut diganti dengan solusi lain supaya adil kepada pembayar cukai dan zakat T20 yang banyak menyumbang. Lagi penting, fokus kepada mentaliti, pendidikan kewangan, dan peluang naik taraf hidup B40 untuk kesan jangka panjang.

Setuju atau tidak? Comment pandangan anda dan save post ini untuk rujukan nanti.

#SubsidiPetrolBUDI95 #BUDI95 #SubsidiMinyak #EkonomiMalaysia #T20 B40 HargaMinyak BantuanKerajaan KewanganMalaysia IsuSemasaMalaysia",https://www.instagram.com/p/DYO-qmwE8zq/,neutral,2026-05-12T09:55:00.000Z,231,0,62,0,0.0,293,417.0
instagram,post,3890406624744918391,"Seorang pekerja stesen minyak warga Bangladesh didenda RM10,000 oleh Mahkamah Majistret Kuala Lumpur hari ini selepas mengaku memiliki dan menggunakan MyKad milik dua rakyat Malaysia untuk tujuan pembelian petrol bersubsidi Budi MADANI RON95 (BUDI95), bulan lepas. 

Md Jakir Hossain, 50, membuat pengakuan itu selepas kedua-dua pertuduhan dibacakan di hadapan Majistret Aina Azahra Arifin.

Lelaki itu didakwa menggunakan kad pengenalan milik dua individu yang bukan kepunyaannya, tanpa kuasa dan alasan sah bagi tujuan pembelian petrol bersubsidi di sebuah stesen minyak di Jalan Pahang, pada 8 Feb hingga 22 April lepas.

Berita penuh klik pautan di IG story atau layari Bernama.com 

#BernamaNews 
#Subsidi #petrol 
#BUDI95",https://www.instagram.com/p/DX9gDaDv013/,neutral,2026-05-05T14:51:50.000Z,282,0,18,0,0.0,300,336.0
instagram,post,3898837398779319601,"Here’s how you can claim RM10 worth of vouchers for BUDI95 petrol in a few simple ways. 

#ulagamarticle #budi95",https://www.instagram.com/p/DYbc_UPP9Ux/,neutral,2026-05-17T06:01:04.000Z,333,0,0,0,0.0,333,333.0
instagram,post,3899485391757075641,"【简单来说，政府可依据车辆现值决定补贴等级，豪华车减少甚至取消补贴，普通国产车则继续享有较高补贴。#许文谦】
#南洋商报 #言论 #汽油补贴 #BUDI95 #RON95 #nanyangsiangpau

点击story（Swipe Up）看更多

Disclaimer: The caption may have been automatically translated by Instagram. In the event of any discrepancies, the original Chinese version shall prevail. We are not responsible for any inaccuracies resulting from the auto-translation.",https://www.instagram.com/p/DYdwU2ugWS5/,neutral,2026-05-18T03:28:25.000Z,259,0,24,0,0.0,283,331.0
instagram,post,3895249960182055168,"【人民如今担心的，已经不光是油钱，而是政府似乎不断在试水温。今天说T20，明天变成150公升，后天会不会再有新版本？#何燕羚】
#南洋商报 #RON95 #BUDI95 #petrol #nanyangsiangpau

点击story（Swipe Up）看更多

Disclaimer: The caption may have been automatically translated by Instagram. In the event of any discrepancies, the original Chinese version shall prevail. We are not responsible for any inaccuracies resulting from the auto-translation.",https://www.instagram.com/p/DYOtTNsAYEA/,neutral,2026-05-12T07:13:22.000Z,210,0,27,0,0.0,237,291.0
instagram,post,3895471504302055468,"到底这个政府现在是什么情况？

短短48小时内，RON95汽油补贴课题就出现多个版本。

先是首相拿督斯里安华说原则上同意取消富裕群体补贴，细节近期敲定；隔天，财政部副部长刘镇东又提到每月配额或可从200公升下调至150公升；结果引发民间和朝野炮轰后，又澄清说不是政策建议，只是在解释概念；再到交通部长陆兆福出来说明，内阁根本没有针对T20补贴作出任何决定，首相当时也不是政策宣布。

人民听到这里，肯定很想问：所以到底哪一个版本才是真的？

这样的国家治理，确实让人头疼。

政府不能一边说“还在研究”，一边又让不同部长、副部长不断把不同方向抛出来，让市场和人民自己去猜、去怕、去消化。

今天听到T20可能没补贴，月入1万多令吉的家庭开始焦虑；明天又听到配额可能砍到150公升，长距离通勤族又开始担心；后天部长再出来说，内阁还没有决定，政策没有改变。

请问，人民的情绪是开关吗？市场的信心是玩具吗？

政府必须明白，燃油补贴不是普通课题。RON95牵动的是日常交通、工作成本、物流价格、家庭预算，甚至商家的现金流。

任何一句话，只要从部长口中说出来，就不会只是“个人看法”或“概念说明”。

在人民眼中，那就是政策风向。

所以，官员说话不能随意，更不能今天放风，明天澄清，后天再修正。政策还没定，就不要急着讲；要讲，就必须有完整框架、执行时间。

否则，越讲越乱，越解释越像补洞。

补贴改革本来就不容易，政府需要建立人民信任，而不是制造更多疑虑。人民并没有完全反对改革，而是无法接受不透明、不清楚，以及那种“今天说一套、明天又一套”的治理方式。

一言既出，驷马难追。尤其是关系到民生的钱袋子，政府每一句话都必须有重量。

如果政策仍在研究，就请统一口径；如果尚未决定，就不要把半成品丢进市场；如果真的要改革，就一次过把逻辑讲清楚，把数据摊开，把影响评估说透。

政府治理不能像连续剧，每天等下一集才知道剧情反转。

点击story（Swipe Up）看更多

#燃油补贴 #汽油 #补贴 #RON95 #BUDI95 #T20 #subsidy #南洋商报 #nanyangsiangpau

免费下载App看更多：
https://onelink.to/tkfjhx

Disclaimer: The caption may have been automatically translated by Instagram. In the event of any discrepancies, the original Chinese version shall prevail. We are not responsible for any inaccuracies resulting from the auto-translation.",https://www.instagram.com/p/DYPfrGulKAs/,neutral,2026-05-12T14:33:32.000Z,203,0,25,0,0.0,228,278.0
instagram,post,3901129910912921032,"【#百格快讯】私人司机和民防部队志愿者通过TikTok帐号散布关于BUDI95汽油补贴计划假消息，今日（5月20日）在地庭面控后俯首认罪，分别判罚4000令吉。

29岁私人司机莫哈末艾曼和46岁民防部队志愿者隆法兹里，被控在4月4日蓄意作出及发送虚假帖文，意图伤害他人感受，其帖文于4月5日早上，在赛城的通讯及多媒体委员会大厦8楼被读取。

两人分别因而抵触1998年通讯及多媒体法令第233（1）（a）条文（不当使用网络设备或网络服务），可在同一法令第233（2）条文下治罪。

#Pocketimes #百格 #BUDI95 #假消息",https://www.instagram.com/p/DYjmPwina3I/,neutral,2026-05-20T09:55:47.000Z,266,0,1,0,0.0,267,269.0
instagram,post,3895241875418925016,"继政府早前把仁政昌明95汽油补贴（BUDI 95）配额从每月300公升减少至200公升，财政部副部长刘镇东认为若把配额进一步下调至每月150公升，预计有助缓解国家财政压力。

刘镇东说，去年9月落实BUDI 95时，每人每月可享有300公升补贴汽油配额，随后下调至200公升，然而数据显示，真正受影响者并不多。

他在艾芬市场展望会议炉边对谈上指出，约80%国人的每月汽油用量少于200公升，所以相信大多数人不受影响：“80%大马人每月汽油用量少于200公升，其余20%可通过调整出行时间、减少用量或自行承担费用来适应。”

他提到，约60%人口每月所使用汽油少于150公升，其中50%人口每月用量更是不超过100公升。

他认为，若政府在某阶段宣布把这每月配额制定在150公升或以下，预计有助缓解国家财政压力。

无论如何，他指政府调整补贴机制时，会确保摩托车骑士继续享有高补贴汽油价格，因为这群体每月汽油用量只有约50公升。

他也说，政府之后将把沙巴和砂拉越的柴油使用，纳入类似BUDI 95 的针对性补贴机制，进而完善汽油补贴管理架构。

#南洋商报 #刘镇东 #BUDI95 #汽油 #补贴 #nanyangsiangpau

Disclaimer: The caption may have been automatically translated by Instagram. In the event of any discrepancies, the original Chinese version shall prevail. We are not responsible for any inaccuracies resulting from the auto-translation.",https://www.instagram.com/p/DYOrdkKkkfY/,neutral,2026-05-12T06:57:18.000Z,91,0,56,0,0.0,147,259.0
instagram,post,3895288129381394543,"Kuota bulanan petrol RON95 di bawah program BUDI95 mungkin dikurangkan kepada 150 liter sebulan selaras usaha kerajaan menjamin bekalan bahan api domestik ketika berdepan krisis bekalan global akibat konflik Asia Barat.

Timbalan Menteri Kewangan, Liew Chin Tong, berkata data penggunaan semasa menunjukkan sebahagian besar rakyat Malaysia menggunakan jauh lebih sedikit daripada paras kuota semasa, lapor Berita Harian.

🔗 Klik pautan di bio @mediaselangor untuk berita penuh

#MediaSelangor #RON95 #BUDI95",https://www.instagram.com/p/DYO1-phkuhv/,neutral,2026-05-12T08:29:13.000Z,112,0,19,0,0.0,131,169.0
instagram,post,3894447892178517163,"RON95: RM1.99 or RM4.02?
which one will you be paying?

#ron95 #budi95 #malaysiafinance #malaysia #oilprice",https://www.instagram.com/p/DYL27lpkbyr/,neutral,2026-05-11T04:39:48.000Z,140,0,7,0,0.0,147,161.0
instagram,post,3895619876220468669,"Chin Tong Says Remarks On BUDI95 Were Taken Out Of Context: PETALING JAYA: Deputy Finance Minister Liew Chin Tong has clarified that he never officially announced plans to reduce the fuel quota under the Budi Madani (BUDI95) programme to 150 litres as previously reported. He said his remarks regarding the matter had been taken out of context, resulting in public misunderstanding. According to Chin Tong, he … #ChinTong #BUDI95 #FuelQuota #MalaysiaPolitics #DeputyFinanceMinister",https://www.instagram.com/p/DYQBaM2En29/,neutral,2026-05-12T19:29:18.000Z,110,0,0,0,0.0,110,110.0
instagram,post,3896780984808779880,"Sistem subsidi petrol BUDI95 kekal diteruskan dan tiada isu penarikan subsidi RON95 melibatkan golongan T20 buat masa ini, kata Menteri Pengangkutan, Anthony Loke.

Beliau berkata, perkara utama yang sedang diberi perhatian ketika ini ialah memastikan mekanisme subsidi dapat dilaksanakan secara mudah dan lebih tersusun.

#malaysiagazette
#BUDI95
#MOT

Berita lanjut layari www.malaysiagazette.com",https://www.instagram.com/p/DYUJajfBjBo/,neutral,2026-05-14T09:55:20.000Z,86,0,5,0,0.0,91,101.0
instagram,post,3894549138759313270,"Kerajaan sedang meneliti cadangan untuk menyemak semula subsidi petrol RON95 yang kini turut dinikmati golongan berpendapatan tinggi, termasuk T15 dan T20.

Perdana Menteri, Datuk Seri Anwar Ibrahim berkata, perkara itu masih dalam proses dimuktamadkan bagi memastikan ia tidak membebankan golongan menengah atas.

Ketika ini, rakyat Malaysia berusia 16 tahun ke atas yang memiliki MyKad dan lesen memandu aktif masih layak menikmati subsidi RON95 pada harga RM1.99 seliter menerusi BUDI MADANI RON95.

Sumber: Kosmo

#NaraViral #NaraTrending #BUDI95",https://www.instagram.com/p/DYMN864DWd2/,neutral,2026-05-11T08:00:58.000Z,42,0,18,0,0.0,60,96.0
instagram,post,3896813632030470054,"SUBSIDI | Tiada sebarang perbincangan dimuktamadkan setakat ini berhubung pengurangan kuota penggunaan di bawah program BUDI95, sebaliknya kerajaan ketika ini memberi tumpuan kepada pelaksanaan subsidi diesel menggunakan sistem sama seperti BUDI95.⠀
⠀
#BuletinTV3 #BeritaTerkini #Subsidi #BUDI95 #Kuota⠀",https://www.instagram.com/p/DYUQ1olE2-m/,neutral,2026-05-14T11:00:16.000Z,71,0,8,0,0.0,79,95.0
instagram,post,3895257565093939503,"由于数据显示，八成国民每月耗油量不足200公升，六成国民更在150公升以下，政府为节约燃油供应，或将Budi95的配额调低至150公升。

《The Edge》报道，财政部副部长刘镇东透露，现有数据足以证实，多数马来西亚人的耗油量其实低于拟议中的门槛。

“数据显示，80%马来西亚人每月使用少于200公升。下一步是150公升，因为60%人口每月使用少于150公升。”

🔍全文这里看👉https://www.malaysiakini.com/news/774941
#当今大马 #malaysiakini
#Budi95 #财政部 #刘镇东
 
➖➖➖➖➖➖➖➖➖➖➖➖

📌关注《当今大马》WhatsApp频道 【即时新闻通知】👉https://mk.my/whatsapp

📌订阅《当今》简报：5分钟看要闻！【完全免费】👉 https://mk.my/newsletter

【提醒】言论空间需要大家共同维护，请读者理性讨论，勿诽谤、人身攻击、发布不实信息、发表煽动或挑衅种族或宗教情绪等言论。一旦司法纠纷或执法单位介入的风险过高，关闭留言区将成为所有人的损失。",https://www.instagram.com/p/DYOvB4UE8kv/,neutral,2026-05-12T07:28:29.000Z,49,0,13,0,0.0,62,88.0
instagram,post,3897343498346876833,"TIADA PENGURANGAN KUOTA RON95 SETAKAT INI

Kerajaan belum membincangkan sebarang cadangan untuk mengurangkan kuota subsidi petrol RON95 menerusi program Budi MADANI (BUDI95). Menteri Ekonomi, Akmal Nasrullah Mohd. Nasir berkata, fokus utama kerajaan ketika ini adalah memastikan subsidi sedia ada terus membantu rakyat menghadapi kos sara hidup dan ketidaktentuan harga global.

Menurut beliau, kerajaan sedang menambah baik sistem pengurusan subsidi supaya lebih bersasar serta dapat mengurangkan ketirisan, termasuk menerusi mekanisme subsidi diesel seperti BUDI. Setakat ini, tiada keputusan dibuat berkaitan pengurangan kuota subsidi RON95.

Beliau turut menegaskan bahawa sebarang perubahan dasar subsidi akan diumumkan secara rasmi selepas dimuktamadkan kerajaan. Dalam masa sama, keseimbangan antara kebajikan rakyat dan kedudukan kewangan negara terus menjadi keutamaan demi memastikan bantuan dapat dinikmati secara mampan.

#MyCommunityNews 
#MCN
#MalaysiaMADANI
#BUDI95
#KuotaSubsidi",https://www.instagram.com/p/DYWJUNCpM-h/,neutral,2026-05-15T04:32:53.000Z,37,0,12,0,0.0,49,73.0
instagram,post,3895814529733617779,"政府要取消富人的燃油补贴，不是第一天讲了。

问题是，当首相拿督斯里安华宣布政府要这么做了，现在就只是在研究哪个收入群体受影响时，大家追问和质疑的还是老问题。就是，怎么界定富人？

这个答案，其实在拉菲兹还在担任经济部长，政府极力推动主要数据库系统PADU时，早就该有谱了。

2023年时政府开始建立PADU，当时目的就是要锁定真正符合燃油补贴资格的群体。

去年开始落实BUDI95政策时，是拥有有效驾照的国人，不论收入不论贫富都雨露均沾，同享燃油补贴。

当今天各方都在说，不应只凭收入来界定补贴门槛时，要综合各种因素和条件时，其实这些资料都在PADU系统里有的。

因为，这是一个耗资不菲，且是整合来自204个机构的数据，更新了3040万名公民及永久居民个人资料的庞大数据库。

只是3年了，拉菲兹不再是经济部长，而我们如今仍然不知道PADU是否为界定谁该享有燃油补贴，有无答案？

毕竟，不论是现有标准的T20（家庭月收入超过1万1820令吉）或者安华在2025年财案中提到的T15（家庭月收入超过1万3000令吉），都未必合符现在社会现实。因为，双薪家庭且正职与副职多种收入，是现在应付生活成本上涨的大趋势。

两个M40凑成假T20

在大城市地区，家庭月收入就算是1万3000令吉，扣除各种开销，也只是算中等生活。

这是两个M40凑合成的假T20，就算日子过得还体面，都不是安华每每挂在嘴里的MAHAKAYA超级富豪。

其实，相信政府心里也有数，当高官说就算砍了这群MAHAKAYA超级富豪的燃油补贴，对他们的影响也不大。

换成另一句话来说，政府能从MAHAKAYA这里省下的钱，其实也不会很多。但是，如果是一刀切，不论是T20或是T15，省下的钱就会多，只是冲击就很大了。

毕竟，砍了MAHAKAYA的燃油补贴，对他们来说是侮辱性极强，但伤害不大；但砍了一大票M40组成的“假T20”家庭燃油补贴，那是又侮辱又严重伤害。

说到底，问题关键都在，大家都知道旧标准不合时宜了，但新的划分标准呢，说了这么多年几时才出炉呢？

#燃油补贴 #富豪 #BUDI95 #南洋商报 #nanyangsiangpau

Disclaimer: The caption may have been automatically translated by Instagram. In the event of any discrepancies, the original Chinese version shall prevail. We are not responsible for any inaccuracies resulting from the auto-translation.",https://www.instagram.com/p/DYQtqyDk-hz/,neutral,2026-05-13T01:55:04.000Z,51,0,1,0,0.0,52,54.0
instagram,post,3887186973660380196,"首相拿督斯里安华再次强调，尽管多数产油国已调高燃油价格，马来西亚仍坚持通过仁政昌明RON95汽油补贴机制（BUDI95），把RON95汽油补贴价维持在每公升1.99令吉，以减轻人民尤其是基层劳动者的生活压力。

安华在2026年劳动节庆典上发表献词时指出指出表示，他希望劳动阶层理解，政府为何坚持不让RON95价格上调。

他说，经济专家及企业界都曾施压，建议政府必须“现实一点”，但他强调，所谓现实，不只是照顾国家经济，也必须照顾人民，尤其是基层劳动者的处境。

“我现实，是照顾国家经济、照顾人民；但我也必须思考基层劳动者。”

安华指出，政府也通过财政部宣布，在企业融资担保计划（SJPP）下追加50亿令吉担保，以协助因美国与伊朗爆发战争、全球供应危机加剧而受影响的中小微型企业。

此外，政府也通过国家银行宣布，提供50亿令吉中小企业稳定援助融资便利，使整体支援规模达到100亿令吉，以帮助受冲击企业减轻负担。

安华说，政府重视中小微企业，是因为这类企业雇用大量员工，也是推动国家经济增长的重要力量。

“中小微企业员工人数庞大，他们是带动国家经济增长的力量。”

#南洋商报 #BUDI95 #RON95 #安华 #补贴

免费下载App看更多：
https://onelink.to/tkfjhx

Disclaimer: The caption may have been automatically translated by Instagram. In the event of any discrepancies, the original Chinese version shall prevail. We are not responsible for any inaccuracies resulting from the auto-translation.

点击story（Swipe Up）看更多",https://www.instagram.com/p/DXyD_UUjXwk/,neutral,2026-05-01T04:13:39.000Z,51,0,1,0,0.0,52,54.0
instagram,post,3895900040503580344,"BUDI95 BANTU KERAJAAN FAHAMI CORAK PENGGUNAAN PETROL 

Program BUDI95 membantu kerajaan memahami corak penggunaan petrol rakyat dengan lebih jelas melalui data penggunaan yang terperinci. Timbalan Menteri Kewangan, YB Liew Chin Tong berkata, pengurangan kuota subsidi daripada 300 liter kepada 200 liter sebulan memberi kesan minimum kepada majoriti rakyat kerana sekitar 80 peratus rakyat Malaysia menggunakan kurang daripada 200 liter petrol sebulan.

Kerajaan ketika ini memberi tumpuan kepada usaha memastikan bekalan bahan api negara kekal mencukupi sekiranya berlaku ketegangan global berpanjangan, di samping terus melindungi golongan berpendapatan rendah dan pengguna motosikal daripada tekanan kos sara hidup.

Dalam masa sama, beliau menegaskan tiada pengumuman baharu dibuat berhubung had penggunaan petrol, sebaliknya BUDI95 dilihat sebagai mekanisme penting untuk membantu kerajaan merancang penggunaan bahan api secara lebih mampan. Penggunaan petrol secara berhemah dan sokongan semua pihak amat penting bagi memastikan bekalan negara terus terjamin untuk jangka panjang.

#MyCommunityNews 
#MCN
#MalaysiaMADANI
#SubsidiBersasar
#BUDI95",https://www.instagram.com/p/DYRBHIKpVa4/,neutral,2026-05-13T04:45:00.000Z,38,0,5,0,0.0,43,53.0
instagram,post,3888033568261780107,"Semua sedia maklum, di saat keadaan dunia berdepan tekanan ekonomi dan kenaikan harga minyak global, kerajaan tetap membuat keputusan yang tidak mudah — demi rakyat.

YAB Dato' Seri Anwar Ibrahim, Perdana Menteri memaklumkan Kerajaan Malaysia memberi jaminan bahawa harga petrol bersubsidi RON95 di bawah inisiatif BUDI95 kekal pada kadar RM1.99 seliter, walaupun terdapat desakan untuk menaikkan harga. 

Ini bukan sekadar angka — ini soal keutamaan.

Keutamaan untuk melindungi golongan pekerja, memastikan kos sara hidup terus terkawal dan menjaga kestabilan ekonomi rakyat di peringkat akar umbi.

Tok Abah percaya, dalam setiap keputusan besar, yang paling penting bukan hanya kiraan ekonomi — tetapi kesan kepada kehidupan rakyat.

Kerajaan akan terus berusaha, menimbang setiap langkah dengan teliti agar keseimbangan antara ekonomi negara dan kebajikan rakyat sentiasa terpelihara.
Insya-Allah, selagi ada ruang, rakyat akan terus dipertahankan.

#TaatSetia
#MADANIBekerja
#JKOMBersamaRakyat #MalaysiaMADANI
#BUDI95",https://www.instagram.com/p/DX1Ee4_CbKL/,neutral,2026-05-02T08:15:41.000Z,32,0,7,0,0.0,39,53.0
instagram,post,3886424376186886784,"HARGA RUNCIT DIESEL KEKAL, RAKYAT TERUS NIKMATI SUBSIDI BUDI95 RM1.99

Harga runcit diesel di Semenanjung Malaysia kekal RM5.12 seliter bagi tempoh 30 April hingga 6 Mei 2026 tanpa sebarang perubahan, manakala kerajaan terus mengekalkan harga bahan api bersubsidi secara bersasar untuk rakyat termasuk RON95 (BUDI95) pada RM1.99 seliter, diesel di Sabah, Sarawak dan Labuan pada RM2.15 seliter, serta SKPS RM2.05 seliter dan SKDS RM2.15 seliter. Ini memastikan majoriti rakyat terus menikmati harga bahan api pada kadar lebih rendah walaupun berdepan ketidaktentuan global.

Dalam tempoh sama, harga RON97 meningkat 5 sen kepada RM4.90 seliter manakala RON95 tanpa subsidi naik 10 sen kepada RM3.97 seliter, selaras formula Automatic Pricing Mechanism (APM) yang dipengaruhi pergerakan harga pasaran antarabangsa. 

Kenaikan ini didorong oleh krisis di Asia Barat yang menjejaskan bekalan dan meningkatkan kos petroleum global, namun Kerajaan MADANI menegaskan komitmen untuk melindungi rakyat serta memastikan bekalan bahan api kekal stabil, di samping menggalakkan penggunaan secara berhemah.

#MyCommunityNews
#MCN
#KrisisBekalanGlobal
#BUDI95",https://www.instagram.com/p/DXvWmEFCdqA/,neutral,2026-04-30T02:58:30.000Z,35,0,6,0,0.0,41,53.0
instagram,post,3894443151088630556,"Governement considers withdrawing fuel subbsidies for certain groups!

While this proposal is being discussed by several ministries and relevant committees, they have yet to finalise whether the revision will involve the T20 community, the T15 community or those in other categories.

Read the full artic@hypemy 
#hypemy #HypeNews #FuelSubsidy #Budi95",https://www.instagram.com/p/DYL12mKlzsc/,neutral,2026-05-11T04:30:22.000Z,44,0,2,0,0.0,46,50.0
instagram,post,3899031685472776999,"Kerajaan akan membincangkan cadangan meningkatkan had kuota Budi MADANI RON95 (BUDI95) bagi penghantar makanan p-hailing kepada 250 liter, dalam mesyuarat Majlis Tindakan Ekonomi Negara (MTEN), Selasa ini.

Perdana Menteri Datuk Seri Anwar Ibrahim berkata kerajaan mengambil maklum bahawa had semasa sebanyak 200 liter sebulan bagi golongan berkenaan menyamai kadar penggunaan biasa, sekali gus memerlukan penelitian semula demi kebajikan mereka.

“Mesyuarat hari Selasa ini, saya akan bawa (perkara ini) dan bincang. Sebab dia (p-hailing) dapat 200 liter sama macam kitalah, RON95 hanya 200 liter sahaja.

“Jadi, saya kata, nanti saya ingatkan saudara Fahmi (Datuk Fahmi Fadzil), kita cari jalan kalau sekurang-kurangnya naik 50 liter, (menjadi) 250 liter,” kata beliau.

#BernamaNews
#BUDI95 
@anwaribrahim_my
#KrisisBekalanGlobal 
#KonflikAsiaBarat 

Klik pautan di IG story atau layari Bernama.com untuk berita penuh.",https://www.instagram.com/p/DYcJKj0mPMn/,neutral,2026-05-17T12:26:58.000Z,46,0,0,0,0.0,46,46.0
instagram,post,3893248322652041913,Malaysia's petrol price increased the most? Here's why: #petrol #budi95 #war #et #oil,https://www.instagram.com/p/DYHmLjeD3K5/,neutral,2026-05-09T12:56:28.000Z,38,0,2,0,0.0,40,44.0
instagram,post,3895825954689639262,"Kerajaan disaran menggunakan kaedah pengelasan pendapatan isi rumah berasaskan skor pelbagai dimensi bagi memastikan semakan semula subsidi petrol untuk golongan berpendapatan tinggi dilaksanakan secara lebih telus dan tepat.

Pakar ekonomi Prof Emeritus Dr Barjoyai Bardai berkata pendekatan itu mampu memberikan gambaran lebih menyeluruh terhadap kemampuan sebenar isi rumah kerana langkah itu bukan sahaja menilai pendapatan, malah turut mengambil kira aset, lokasi tempat tinggal, jumlah tanggungan dan corak perbelanjaan.

#malaysiagazette
#subsidi
#budi95

berita lanjut layari www.malaysiagazette.com",https://www.instagram.com/p/DYQwRCYBeNe/,neutral,2026-05-13T02:17:57.000Z,38,0,1,0,0.0,39,41.0
instagram,post,3896058684564635621,"政府未來可能進一步調整 RON95 補貼機制！財政部副部長劉鎮東表示，目前 BUDI95 計畫下的 RON95 每月補貼配額，未來可能從現有的 200 公升，進一步下調至 150 公升。他說，這麼做的目的，主要是為了確保一旦全球能源危機持續，國內燃油供應仍能穩定。

⚡️閱讀全文請點擊 BIO 鏈接或動態

#BUDI95 #補貼 #汽油 #調整 #qp",https://www.instagram.com/p/DYRlLs9jP_l/,neutral,2026-05-13T10:00:09.000Z,40,0,0,0,0.0,40,40.0
instagram,post,3897315998399950409,"Most people don't realise this about T20. 👇
A teacher + a nurse = RM12,000/month = ""rich.""
Same pump. Double the price. RM200–400 more every month — just because you crossed a line.
T20 isn't rich. T20 is just not poor enough to get help.
Swipe to see the full picture. 🔁
#T20 #PetrolSubsidi #BUDI95",https://www.instagram.com/p/DYWDEBuE25J/,neutral,2026-05-15T03:38:13.000Z,39,0,0,0,0.0,39,39.0
instagram,post,3896013260177297482,"▌今天热什么 ▌针对政府有意研究取消T20高收入群体享有的BUDI95燃油补贴计划，目前已在国内掀起争论。林冠英公开向首相安华喊话，希望能继续保留全民共享的补贴机制，并且优先将目标转向利润暴涨的银行业。

行动党峇眼国会议员林冠英在今天发文告直言，若将T20群体排除在燃油补贴计划之外，这一做法不仅显得非常短视，更可能被视为一种“惩罚性措施”，进而削弱人民对财政改革的信任。

林冠英认为，政府对T20群体的定义过于简化，进而忽视了许多城市家庭面对的困境.不少T20收入的家庭，实际上只是在勉强维持生计，不是真正过得舒适。

“许多月收入超过1万1820令吉的家庭，都要面对高昂的生活成本、房屋贷款、育儿开销以及不断增加的财务负担，特别是在城市地区。”

林冠英表示，在当前全球经济危机之下，政府不应该把国民划分为“你我之别”的对立阵营，即所谓的T20高收入群体与其余80%人口，以免让必要的改革变质。

林冠英提议，政府与其牺牲人民的燃油补贴，不如将目标转向持续赚取丰厚利润的银行业，以避免被指奉行“双重标准”。

“为何只针对T20群体，却不针对银行业？尤其是银行业所赚取的回酬，远远高于目前银行提供仅介于2%至2.3%之间的12个月定期存款平均利率。”

📖  点击BIO处链接浏览网站

#BUDI95 #燃油补贴 #T20群体 #林冠英 #银行业 #高利润
#热点 #84hotspot #今天热什么",https://www.instagram.com/p/DYRa2sNFFBK/,neutral,2026-05-13T08:29:54.000Z,37,0,0,0,0.0,37,37.0
instagram,post,3895360221790406752,"▌今天热什么 ▌针对媒体早前指出，财政部副部长刘镇东今天建议，政府可以考虑把BUDI 95的配额调低至150公升一事，刘镇东随即澄清，自己从未代表政府宣布任何政策，也没有提出过“150公升固打限制”将成为潜在的政府政策。

刘镇东今午在面子书上发文澄清指，自己在艾芬银行的论坛上发表的言论遭到断章取义。

“当被问及我国如何应对全球能源危机时，我解释Budi95是汽油需求管理的机制。遗憾的是，我的言论被断章取义。”

刘镇东表明自己当时只是指出，BUDI95是一个好机制，因为它为政府提供大量数据，让我们了解大多数马来西亚人的出行模式。

“各国面对汽油供应危机的同时，我国还有足够的供应支撑至6、7月。政府以及整体社会的首要任务，是确保我国拥有能够维持最长时间的汽油供应。”

他表明，自己当时要表达的是，作为社会的一分子，我们必须要确保汽油能够维持最久。同时，我们也应建立共识，以支持节约汽油资源。

📖 点击BIO处链接浏览网站

#刘镇东 #BUDI95 #汽油补贴 #澄清
#热点 #84hotspot #今天热什么",https://www.instagram.com/p/DYPGXu0AQhg/,neutral,2026-05-12T10:52:26.000Z,27,0,2,0,0.0,29,33.0
instagram,post,3895448488847355609,"政府持续推进汽油补贴合理化之际，“该向谁开刀”再次成为社会焦点。

政府这边厢面对日益沉重的财政压力，那边厢又需顾及民生成本与区域发展失衡，在“取消高收入群体补贴”与“调整东马柴油价格”之间，任何一个决定都牵动着庞大的社会与政治后果。

相比直接提高沙巴与砂拉越柴油价格，多名经济学者认为，率先取消T组别汽油补贴更符合公平原则，也较容易取得社会认同。

原因在于，高收入群体拥有更强消费能力，汽油开销占家庭支出的比例相对有限；反观东马地区，无论物流、交通还是日常商业活动，都高度依赖柴油，一旦价格上涨，冲击将迅速扩散至食品与基本生活成本，最终由普罗大众买单。

不过，看似“向富人开刀”的方案同样隐藏风险。经济学者提醒，若政策处理失衡，容易被贴上“仇富”标签，甚至影响高收入群体与资本留在大马的意愿；而东马柴油合理化若操之过急，则可能激化地方不满，进一步牵动联邦与州政府关系。

马大商业经济系副系主任吴林泰博士认为，若追求短期财政节省效果，调整东马柴油价格更直接，但若强调政策方向与公平性，T20补贴改革会更合理。

“调整东马柴油价格的挑战在于，区域依赖与政策敏感度较高。若一次性调整价格，可能对当地生活成本及中小业者带来较大冲击，但若完全维持无限制补贴，也可能造成财政压力、资源错配，甚至补贴外流或滥用问题。”

相比之下，取消T组别燃油补贴更符合针对性原则，也较容易被接受，但关键问题在于如何界定T20。对此状况，他认为政府可考虑一个折中且更可执行的路径：

（一）东马柴油不全面涨价，但设定每月补贴限额，在合理用量内维持补贴，超出部分再逐步调整价格，以减少滥用，保护依赖柴油群体。

（二）分阶段推进T20改革，如从T20收入中的顶层5%群体开始，而非一刀切覆盖整个群体。

（三）中长期逐步推动补贴制度标准化，减少区域差异与价格扭曲，结合更精准收入识别机制，提高政策针对性。
https://www.enanyang.my/?p=1249069

点击story（Swipe Up）看更多

#东马 #柴油 #补贴 #富人 #燃油补贴 #RON95 #T20 #subsidy #BUDI95 #diesel #南洋商报 #nanyangsiangpau

免费下载App看更多：
https://onelink.to/tkfjhx

Disclaimer: The caption may have been automatically translated by Instagram. In the event of any discrepancies, the original Chinese version shall prevail. We are not responsible for any inaccuracies resulting from the auto-translation.",https://www.instagram.com/p/DYPacL6lC7Z/,neutral,2026-05-12T13:47:49.000Z,25,0,1,0,0.0,26,28.0
instagram,post,3886365969145356543,"In the era of 200L #Budi95 allocation and over RM6 / litre diesel prices, the @mitsubishimotorsmalaysia #XForce clocks in a darn good 6.5L/100km fuel consumption figure during the morning school run in PJ . Highway cruising late last night yielded sub-6L/100km consumption. With 6.5L / 100km consumption you can travel approx 3076km with 200L of Ron95 fuel.  Thats 3000km of range on RM1.99 / litre fuel price while staring at those aircraft style aux gauges. #mitsubishi #xforce",https://www.instagram.com/p/DXvJUISE2D_/,neutral,2026-04-30T01:02:27.000Z,27,0,0,0,0.0,27,27.0
instagram,post,3886051029033376073,"Semenjak subsidi minyak dikurangkan dari 300 liter ke 200 liter, aku mula amalkan gaya hidup sihat. Pergi kerja jalan kaki, balik kerja tumpang orang (carpool) 😂😂😂

Giler kau balik kerja cuaca panas, kadang hujan… memang tak sanggup aku 😂😂😂
Kadang lagi 2km nak sampai tempat kerja, aku tolak motor 😂😂😂
Kadang kereta pun aku tolak… nak jimat punya pasal 😂😂😂
Ni semua nak jimatkan subsidi minyak.

Selama aku hidup, ini kali pertama aku rasa guna minyak bersubsidi betul-betul 😂😂😂
Bila nak turun, aku pun tak pasti. Bila dah naik… susah nak turun.
Yang selalu turun cuma hujan dengan air mata je 😂😂😂

#budi95 #subsidi #petrol95 #petroleum",https://www.instagram.com/p/DXuBtJck1lJ/,neutral,2026-04-29T14:36:44.000Z,23,0,1,0,0.0,24,26.0
instagram,post,3895787655444605603,"Malaysia should abandon rigid income-based subsidy models and move towards a flexible purpose-voucher system that channels aid directly to households based on actual needs, an economist said, warning that the current approach risks creating distortions, inefficiencies and unfair outcomes.⁠
⁠
Centre for Market Education (CME) chief executive officer Dr Carmelo Ferlito said blanket classifications based largely on income bands fail to capture the real financial pressures faced by many households, particularly as the government prepares to roll out more targeted RON95 fuel subsidies.⁠
⁠
⁠
#theSun #theSunMY #Fuel #Petrol #BUDI95 #Subsidy #T20 #B40⁠
⁠
Click on Linkin.bio @theSundaily to read the full story⁠
⁠
📸: THE SUN",https://www.instagram.com/p/DYQnjtbIKqj/,neutral,2026-05-13T01:01:49.000Z,16,0,3,0,0.0,19,25.0
instagram,post,3887131211152753906,"📌Malaysia masih kekalkan harga BUDI95 pada RM1.99 seliter meskipun kebanyakan negara pengeluar minyak naikkan harga

📌Kerajaan akan terus ambil langkah-langkah perlu dalam berdepan ketidaktentuan ekonomi global

 - Perdana Menteri Datuk Seri @anwaribrahim_my 

#BernamaNews 
#BUDI95 
#krisisbekalanglobal",https://www.instagram.com/p/DXx3T3cGATy/,neutral,2026-05-01T02:22:51.000Z,25,0,0,0,0.0,25,25.0
instagram,post,3895946844991195171,"Kerajaan diminta tidak terlalu bergantung kepada label pendapatan seperti T20 atau T10 untuk menarik subsidi dan pelbagai kemudahan kerana ramai dalam kategori itu sebenarnya turut berdepan tekanan ekonomi yang semakin mencabar.

Pemain industri logistik dan pengangkutan, Daniel Khoo berkata, persepsi bahawa semua golongan berpendapatan tinggi hidup mewah dan selesa sudah tidak lagi mencerminkan realiti sebenar masa kini.

#malaysiagazette
#budi95
#subsidi

berita lanjut layari www.malaysiagazette.com",https://www.instagram.com/p/DYRLwOPgQgj/,neutral,2026-05-13T06:17:57.000Z,12,0,4,0,0.0,16,24.0
instagram,post,3895382069370166256,"Kuota bulanan RON95 bawah program BUDI95 berpotensi dikurangkan kepada 150 liter bagi memastikan bekalan bahan api domestik kekal terjamin susulan krisis global. Timbalan Menteri Kewangan, Liew Chin Tong berkata, data menunjukkan majoriti rakyat menggunakan petrol di bawah paras kuota semasa 200 liter sebulan.

Kerajaan juga menekankan keperluan melindungi golongan berpendapatan rendah dan pengguna motosikal supaya tidak terbeban jika harga minyak meningkat.

Sumber: Berita Harian

#NaraViral #NaraTrending #BUDI95",https://www.instagram.com/p/DYPLVp9PBvw/,neutral,2026-05-12T11:35:53.000Z,21,0,1,0,0.0,22,24.0
instagram,post,3894566406375045348,"Subsidi Tambahan BUDI95 utk pemandu e-hailing 🚗
<1500km: Tidak layak 1500–5000km: +400L
5000km: +600L
Tiada permohonan. Data dikemuka APAD (EHO) & disemak MOF. Kemas kini bulanan (pertengahan bulan).
Semakan: budi95.gov.my/eligibility-check Pertanyaan: tanya@budi95.gov.my (CC: taxi@apad.gov.my)
info tepat | mobiliti mampan #APAD #BUDI95 #eHailing #MOF #mobilitimalaysia",https://www.instagram.com/p/DYMR4MmJ3jk/,neutral,2026-05-11T08:36:18.000Z,21,0,1,0,0.0,22,24.0
instagram,post,3886632287600723316,"公务员居家办公倡议开始取得显著效果，自4月15日落实以来，在10天内节省190万令吉RON95汽油补贴，相等于97万9632公升汽油。

公共服务总监丹斯里旺阿末达兰说，当中每日节省12万816公升汽油，或相等于23万9215令吉68仙。

“虽然数额可能不大，但我认为，这是公务员为协助政府应对中东（西亚）危机所带来的财政压力，而作出的重要贡献。”

#南洋商报 #公务员 #WFH #petrol #BUDI95 #nanyangsiangpau

点击story（Swipe Up）看更多

Disclaimer: The caption may have been automatically translated by Instagram. In the event of any discrepancies, the original Chinese version shall prevail. We are not responsible for any inaccuracies resulting from the auto-translation.",https://www.instagram.com/p/DXwF3krAUV0/,neutral,2026-04-30T09:51:36.000Z,21,0,1,0,0.0,22,24.0
instagram,post,3895476308641174319,"财政部副部长刘镇东否认，他曾提到政府或降低Budi95的配额至150公升，并为其言论被断章取义而引起轩然大波，深感抱歉和遗憾。
他今午在面子书撰文澄清，自己今天在艾芬银行的论坛被问及马来西亚如何应对全球能源危机时，解释了Budi95是汽油需求管理的机制。
“遗憾的是，我的言论被断章取义。”
🔍全文这里看 👉 https://www.malaysiakini.com/news/774968

#当今大马 #malaysiakini
#BUDI95 #汽油补贴 #刘镇东
➖➖➖➖➖➖➖➖➖➖➖➖
📌关注《当今大马》WhatsApp频道 【即时新闻通知】👉https://mk.my/whatsapp
📌订阅《当今》简报：5分钟看要闻！【完全免费】👉 https://mk.my/newsletter
【提醒】言论空间需要大家共同维护，请读者理性讨论，勿诽谤、人身攻击、发布不实信息、发表煽动或挑衅种族或宗教情绪等言论。一旦司法纠纷或执法单位介入的风险过高，关闭留言区将成为所有人的损失。",https://www.instagram.com/p/DYPgxBHgdMv/,neutral,2026-05-12T14:43:05.000Z,17,0,2,0,0.0,19,23.0
instagram,post,3899051606436029673,"政府将于周二（19日）召开的国家经济行动理事会会议，商议将送餐员的BUDI 95汽油补贴配额，从原有200公升提高至250公升的提案。

首相拿督斯里安华指出，政府已注意到，目前每月200公升的配额与相关群体的正常使用量相当，因此有必要重新审视这一标准，以保障送餐员的福祉。

“在周二的会议上，我会提出（此事）并进行讨论。因为他（送餐员）和我们一样，每人只能买到200公升汽油，RON95汽油也只能买到200公升。

“所以我会提醒（通讯部长拿督）法米研究这件事，设法至少增加50公升至250公升。”

安华今日在柔州迪沙慕迪亚拉花园人民组屋（PPR Taman Desa Mutiara ）礼堂举行的“与民交流活动”发言时，这么说。

他说，这建议是他下乡接触基层后主动提出，因为不少送餐员向他反映现有补贴配额不足的问题。

另一方面，安华在听取迪沙慕迪亚拉花园人民组屋居民委员会的反馈后，宣布立即拨款100万令吉，用于该住宅区的紧急维修工作。

#AnwarIbrahim #BUDI95 #汽油补贴 #送餐员 #南洋商报 #nanyangsiangpau
完整内容请点击story (swipe up）

Disclaimer: The caption may have been automatically translated by Instagram. In the event of any discrepancies, the original Chinese version shall prevail. We are not responsible for any inaccuracies resulting from the auto-translation.",https://www.instagram.com/p/DYcNscqiSTp/,neutral,2026-05-17T13:06:34.000Z,22,0,0,0,0.0,22,22.0
instagram,post,3898994877707148387,"Kerajaan bincang tingkat kuota BUDI95 bagi penghantar makanan p-hailing kepada 250 liter Selasa ini - PM Anwar

#digitalbernamatv 
#anwaribrahim 
#budi95 
#phailing",https://www.instagram.com/p/DYcAy76zVxj/,neutral,2026-05-17T11:13:57.000Z,21,0,0,0,0.0,21,21.0
instagram,post,3895330841790320663,"Been seeing a lot of heated discussions around the T20 subsidy topic lately.

The more I read through the comments, the more I realised this conversation probably isn’t just about petrol anymore.

I think it accidentally opened up a bigger discussion about what “comfortable living” actually means in Malaysia today.

Just putting some thoughts together from what I’ve been observing the past few days.

#madani #budi95 #ron95 #t20 #fyp",https://www.instagram.com/p/DYO_sMjiRAX/,neutral,2026-05-12T09:54:03.000Z,14,0,0,0,0.0,14,14.0
instagram,post,3895319858444319294,"刘镇东现身澄清：没代表政府宣布任何政策🔥
.
我国财政部副部长刘镇东在脸书发文表示，他在论坛被问及我国如何应对全球能源危机时，他解释BUDI95是汽油需求管理的机制，遗憾的是他的言论被 #断章取义‼💥
.
他通过贴文澄清当时的原话，表示我国的汽油还有足够的供应支撑至6、7月，而政府及整体社会的首要任务，就是确保我国拥有能够维持最长时间的汽油供应。
.
最后，他强调自己 #没有代表政府宣布任何政策，同时也从未提出“150公升固打限制”会成为潜在的政府政策，希望各方能完整理解他在会上所表达的意思。
#刘镇东 #澄清 #BUDI95",https://www.instagram.com/p/DYO9MXhGTo-/,neutral,2026-05-12T09:32:15.000Z,10,0,1,0,0.0,11,13.0
instagram,post,3901608405491640786,"大马借 IC 打油属于违法

近期 BUDI95 查得很严，别为了那一点点津贴跑去挑战底线！🔥 
很多人觉得借用一下家人的 IC 没什么大不了，但其实这在法律上算冒用身份，后果真的不是开玩笑的。🚓

😭 咱们大马人讲究方便，但这种便利真的不能乱拿，到时被 Block 掉补贴资格就更麻烦了。💸

大家记得提醒家里的长辈或者另一半，打油还是得自己刷自己的 IC。乖乖听话，省钱也要省得安心✨

#redit #大马生活 #打油补贴 #budi95 #马来西亚法律 大马资讯 省钱攻略 国民登记局 大马卡 安全提醒",https://www.instagram.com/p/DYlTCxWAenS/,neutral,2026-05-21T01:46:27.000Z,11,0,0,0,0.0,11,11.0
instagram,post,3887180483738278258,"📋 【05月最新资讯】政策 · 法规 · 优惠一次掌握

🔍 每月更新，精选本月最值得关注的政策变动与重要资讯，助您在最短时间内掌握关键要点，无论是企业合规还是个人规划，一篇全搞定。
👇 立即查看，欢迎转发分享！
.
🎯 柴油现金补贴调高至RM400
 🏹政府宣布因应柴油价格上涨，将现金补贴从RM300提高至RM400，预计惠及超过35万人，包括农民、小园主及西马柴油车主。符合条件者可通过BUDI Diesel线上申请，并于4月申请、5月起领取补贴。
.
🎯受薪族报税截止日期提醒 
🏹大马内陆税收局规定，使用e-BE电子报税的受薪族须在5月15日前完成申报，手写表格则需在4月30日前提交，逾期可能被罚款。建议每年持续报税，即使未达纳税门槛也应保留记录。 
.
🎯MyJPJ 5月1日起强制MyDigital ID登录 
🏹自5月1日起，MyDigital ID将成为MyJPJ APP唯一登录方式。用户需提前下载并完成注册，包括身份验证与资料填写，才能正常使用MyJPJ服务。 
.
🎯政府拟推大马卡购柴油机制 
🏹政府正研究以大马卡购买补贴柴油的机制，未来或以“按用量补贴”取代现金补贴。若落实，西马用户需在油站出示大马卡才能购买补贴柴油，而东马仍维持现有补贴制度。
.
🎯5月份公共假期
👉5月1日（星期五）— 劳动节（所有州属）
👉 5月3日（星期日）— 劳动节补假（吉打）
👉 5月17日（星期日）— 玻璃市拉惹诞辰（玻璃市）
👉5月18日（星期一）— 玻璃市拉惹诞辰补假（玻璃市）
👉 5月22日（星期五）— 彭亨祭祀日（彭亨）
👉 5月26日（星期二）— 阿拉法特日（吉兰丹 & 登嘉楼）
👉5月27日（星期三）— 哈芝节（所有州属）
👉5月28日（星期四）— 哈芝节第2天（吉打,吉兰丹,玻璃市,登嘉楼）
👉5月30日（星期六）— 丰收节（纳闽 & 沙巴）
👉 5月31日（星期日）— 卫塞节（所有州属）
👉5月31日（星期日）— 丰收节第2天（纳闽 & 沙巴）
.
🎯5月份报表呈报截止日期
👉15.05.2026：PCB（4月份薪水）
👉15.05.2026：SOCSO & EIS （4月份薪水）
👉15.05.2026：HRDC（4月份薪水）
👉15.05.2026：EPF（4月份薪水）
👉15.05.2026：CP204付款
👉15.05.2026：Form BE（电子呈报）
👉30.05.2026：审计报告（2025年10月关账公司）
👉30.05.2026：CP500（第二次还款）
👉31.05.2026：Form C（2025年9月关账公司）
👉31.05.2026：SST（2026年3月 – 4月付款）
👉31.05.2026：CP204呈报
👉31.05.2026：Form E（电子呈报）
.
.
您可能对以下课题感兴趣：
【2026最完整的税务报表截止日期】
https://landco.my/social-zh/ya-2025-tax-filing-deadlines-zh/ 
.
【电子发票 e-Invoice 全指南！】
https://landco.my/information-sharing-zh/e-invoice_zh/ 
.
【2026年个人税务减免列表】
https://landco.my/tax-relief/personal-tax-relief-2026-zh/ 
.
.
如果您希望获得有关商业，财务，会计，税务，审计等更多的信息，您可以通过以下链接订阅我们：
https://landco.my/form-cn/ 
.
感谢您的阅读！
www.landco.my 
https://m.facebook.com/LANDCOMALAYSIA/ 
我们专为世界各地的商家提供所需的马来西亚税务和商业会计专业知识与服务。
#五月  #最新消息  #补贴 #报表呈报截止日期 #马来西亚 #budi95  #报税  #landco #lncoaccountants",https://www.instagram.com/p/DXyCg4HDRly/,neutral,2026-05-01T04:00:45.000Z,11,0,0,0,0.0,11,11.0
instagram,post,3896934470490115827,"政府要砍 T20 的 RON95 补贴。但你真的是 T20 吗？

RM12,680 的家庭月入，在 KL 勉强撑得起一家人。
但在统计学上，你已经被归类成""够富""的那群。

看完这 8 张，再决定你要不要继续被这个标签定义。

#t20malaysia #budi95 #ron95 #malaysia #personalfinance",https://www.instagram.com/p/DYUsUEKic7z/,neutral,2026-05-14T15:00:11.000Z,10,0,0,0,0.0,10,10.0
instagram,post,3896807518060370941,"月入 RM11k 就算 T20？算完这笔油钱我沉默了... ⛽️💸

在马来西亚，月入 RM11,820 就被归类为 T20。 
听起来很风光，但住在 KL 的人都懂：
扣除房贷、车贷、孩子教育和家用，
剩下的只是“生存金”。

更扎心的是，BUDI95 补贴重组要来了： 
🔹 现在油价： RM1.99 
🔹 市场油价： RM3.87 
🔹 每缸油 (50L) 差价： RM94！
如果是双车家庭，一年多出的油钱，
足够全家去一趟欧洲旅游了。✈️

作为理财师，建议你现在就做 3 件事： 
1️⃣ 重算月度预算： 把上涨的油费预留出来。 
2️⃣ 压力测试： 确保现金流在涨价后依然健康。 
3️⃣ 加固储备金： 至少存够 6 个月的“新生活费”。

政策改不了，但我们可以提前建好自家的“财务护城河”。

💬 讨论：你觉得月入 RM11k 在 KL 算有钱吗？ 
💬 如果油价翻倍，你会考虑换 EV 吗？

#budi95 #t20 #理财规划",https://www.instagram.com/p/DYUPcqgD1v9/,neutral,2026-05-14T10:47:57.000Z,10,0,0,0,0.0,10,10.0
instagram,post,3901552390318797395,"Tertuduh yang berusia 53 tahun itu bagaimanapun mengaku tidak bersalah selepas semua pertuduhan tersebut dibacakan di hadapan Hakim Rohaida Ishak.

Mengikut pertuduhan, dia didakwa berpura-pura menjadi tiga individu lain berusia 23, 25 dan 57 tahun dengan menggunakan nombor kad pengenalan milik mereka untuk membeli kuota petrol bersubsidi di bawah BUDI MADANI RON95 (BUDI95).

Perbuatan tertuduh itu didakwa melibatkan kuota petrol berjumlah 594.459 liter bagi kesemua 13 pertuduhan tersebut sehingga menyebabkan tiga individu terbabit mengalami kerugian kuota subsidi bulanan.

#MCNSarawak
#SubsidiPetrol
#BUDI95",https://www.instagram.com/p/DYlGTpJhzJT/,neutral,2026-05-20T23:55:25.000Z,6,0,1,0,0.0,7,9.0
instagram,post,3896806977816644057,"Kerajaan belum mengadakan perbincangan mengenai cadangan untuk mengurangkan kuota subsidi petrol RON95 menerusi program Budi MADANI (BUDI95) dalam Mesyuarat Majlis Tindakan Ekonomi Negara (MTEN).

Menteri Ekonomi, Akmal Nasrullah Mohd. Nasir berkata, tumpuan kerajaan ketika ini adalah memastikan mekanisme subsidi sedia ada kekal berfungsi secara berkesan dalam melindungi rakyat daripada tekanan kos sara hidup terutama susulan ketidaktentuan harga pasaran global.

#malaysiagazette
#BUDI95
#menteriekonomi
#MTEN

Berita lanjut layari www.malaysiagazette.com",https://www.instagram.com/p/DYUPUzXBknZ/,neutral,2026-05-14T10:46:56.000Z,9,0,0,0,0.0,9,9.0
instagram,post,3896617373928284432,"🚨 月入 RM13k 家庭 = “有钱人”？🧐
 以后可能连 RON95 津贴都没有了？ 😳

最近很多人在讨论：
 “T15 / T20 可能被取消津贴”

但很多人其实误会了重点👇
 政府看的不是你个人薪水，
 而是「家庭总收入」！

也就是说：
 👨 老公 RM8k + 👩 老婆 RM6k
 ➡️ 家庭收入 RM14k
 ➡️ 可能已经属于 T15！

目前讨论中的方向包括：
 ⛽ RON95 津贴
 💰 现金援助
 📉 部分补贴机制调整

不过⚠️ 目前还没正式公布：
 • 收入怎么算
 • 谁有资格
 • M40 会不会受影响
 • 怎样验证身份
现在大家最争议的不是补贴，

 而是👇
💭 “现在一家月入 RM13k-RM14k，真的算高收入吗？”
你觉得呢？欢迎留言讨论 👇
.
.
.
您可能对以下课题感兴趣：
【E-Invoice 最新懒人包】
https://landco.my/social-zh/e-invoice-latest-update-zh/
.
【电子发票 e-Invoice 全指南！】
https://landco.my/information-sharing-zh/e-invoice_zh/
.
【2025年个人税务减免列表】
https://landco.my/tax-relief/personal-tax-relief-2025_zh/
.
.
如果您希望获得有关商业，财务，会计，税务，审计等更多的信息，您可以通过以下链接订阅我们：
https://landco.my/form-cn/
.
感谢您的阅读！
www.landco.my
https://m.facebook.com/LANDCOMALAYSIA/
我们专为世界各地的商家提供所需的马来西亚税务和商业会计专业知识与服务。
.
#landco  #lncoaccountants  #会计楼  #马来西亚 #吉隆坡会计  #T15  #BUDI95  #B40",https://www.instagram.com/p/DYTkNs-nGEQ/,neutral,2026-05-14T04:30:11.000Z,9,0,0,0,0.0,9,9.0
instagram,post,3899086523564900294,"“I will bring (the matter) up for discussion at this Tuesday’s meeting. Because they get 200 litres the same as us, RON95 only 200 litres.⁠
⁠
#theSunMY #Local #BUDI95 #fuel #delivery #rider ⁠
⁠
Click the link in bio @theSundaily to read the full story",https://www.instagram.com/p/DYcVojxmT_G/,neutral,2026-05-17T14:16:07.000Z,8,0,0,0,0.0,8,8.0
instagram,post,3896657433272798331,"Kerajaan menegaskan tiada sebarang perbincangan yang memuktamadkan pengurangan kuota penggunaan di bawah program BUDI95 buat masa ini.

Berita penuh di IG Story

#budi95 #kuotabudi95 #mediatelus",https://www.instagram.com/p/DYTtUpJnEx7/,neutral,2026-05-14T05:49:46.000Z,5,0,1,0,0.0,6,8.0
instagram,post,3896074004848113828,"🇲🇾 大马人，你赞同budi95每月配额调去150L吗？
.
🎁 点击免费领取美食👇
https://redhottreats.com/en?category=food-beverages
.
.
指出，政府或考虑将仁政昌明95汽油补贴（BUDI95）配额进一步下调至每月150公升
他说，目前约80%大马人每月汽油用量少于200公升，相信大多数民众不会受到影响。
.
有人觉得： “150公升已经够用了。”
但也有人担心： “万一长途工作、跑业务、回乡怎么办？”
你觉得呢？ 把配额降去150公升，合理吗？⛽
.
.
.

🎁 点击免费领取美食👇
https://redhottreats.com/en?category=food-beverages

.
📍 KL / Selangor / Johor / Penang 各大人气档口餐厅
每天都有不同 FREE 美食 & 饮料等你来拿！

👉 鸡扒｜面类｜咖啡｜饮料｜Cash voucher｜Discount
👉 隐藏档口福利通通可以 redeem

.
💡 怎么拿？超简单：

1️⃣ 注册 Red Hot Treats 账号
👉 https://redhottreats.com/en/auth/signup

2️⃣ 选择你要的 FREE 食物 / 饮料

3️⃣ 到店出示 QR code
👉 直接吃，不用给钱！😍

.

🎯 想要更多【免费美食】&【隐藏档口福利】
关注 Red Hot Treats
每天都有 FREE 可以拿！

📩 商业合作｜合作洽谈
➡️ 017-900 8284 ｜https://wa.link/27fdvz

.

#BUDI95 #油价 #汽油补贴 #马来西亚 #免费美食 #redhottreats",https://www.instagram.com/p/DYRoqpFmvik/,neutral,2026-05-13T10:30:40.000Z,8,0,0,0,0.0,8,8.0
instagram,post,3895506430442932660,"Still confused whether you’re B40, M40 or T20? 

Here’s a breakdown of Malaysia’s household income categories,  and who could potentially lose their BUDI95 subsidy quota.

12 May 2026
Source credits: Weirdkaya

#penangig 
#budi95 #t20",https://www.instagram.com/p/DYPnnWOzQm0/,neutral,2026-05-12T15:42:58.000Z,8,0,0,0,0.0,8,8.0
instagram,post,3895354989892543179,"Timbalan Menteri Kewangan, Liew Chin Tong, memohon maaf susulan kekeliruan orang ramai berhubung laporan media yang mendakwa kerajaan berkemungkinan mengehadkan subsidi petrol BUDI95 kepada 150 liter sebulan.

Berita penuh di IG Story

#liewchintong #budi95 #mediatelus",https://www.instagram.com/p/DYPFLmOlyLL/,neutral,2026-05-12T10:42:03.000Z,5,0,1,0,0.0,6,8.0
instagram,post,3897902576621117679,"Half month of May 2026 gone...Budi95 left half too. This is my usage in Penang Island only. Now no more cuti-cuti Malaysia or visit Ipoh, KL, Melaka dan sebagainya. Sorry kawan-kawan from other states. Meet virtually can already. We basically burn fuel in traffic jam daily in Penang, take kids to school...school hour jam, for me send 2 kids on different time. After that to work, luckily can manage time to avoid jam as much as possible due to nature of work and also for time efficiency. If not budi95 would be less than quarter left. Our line of work, if more work more petrol burn.

Parents who take kids around knows well, school, tuition & extracurricular activities. For me once car stop, open windows, switch off engine or get out of car as soon as possible if need to wait for kids.

How's your budi95 so far? If I don't have enough siapa buddy enough boleh pinjam your budi95?

#budi95 #ron95 #parenting",https://www.instagram.com/p/DYYIb3QlODv/,neutral,2026-05-15T23:03:39.000Z,0,0,2,0,0.0,2,6.0
instagram,post,3896787815317953314,"Transport Minister Anthony Loke confirmed today that the Budi95 system will remain status quo for everyone, high-income earners included.

The reason? They want to avoid the ""chaos"" of tiered pricing at the pump. Loke says the priority is keeping things ""simple and direct"" using just your MyKad. Basically, they'd rather everyone get the subsidy than deal with a complicated system that might lead to more leakages.

Tag that one friend who was already mentally preparing to pay market price! 😂

Check out the full article on our website. Link in bio. 

#BUDI95 #RON95 #BUDIMadani",https://www.instagram.com/p/DYUK985GNsi/,neutral,2026-05-14T10:08:49.000Z,3,0,1,0,0.0,4,6.0
instagram,post,3895365237047282342,"MCA menyuarakan kebimbangan mendalam terhadap cadangan kerajaan untuk mengurangkan kuota subsidi petrol RON95 Madani (BUDI95) kepada 150 liter sebulan, menyifatkan langkah tersebut sebagai tidak realistik bagi keluarga berpendapatan dua sumber di kawasan bandar.

Berita penuh di IG Story

#mca #ron95 #budi95 #mediatelus",https://www.instagram.com/p/DYPHgtom8qm/,neutral,2026-05-12T11:02:25.000Z,6,0,0,0,0.0,6,6.0
instagram,post,3895319095131335520,"Is 150 litres enough under BUDI95?

Malaysia may reduce the subsidised RON95 fuel quota to 150 litres per month under the next phase of targeted subsidy rationalisation.

Officials say most Malaysians already use below that amount — but for interstate travellers, large SUV owners and businesses, the impact could feel very different.

Would 150 litres be enough for your monthly driving needs? Would you consider alternative transport?

Read the story in cartok.my

#BUDI95 #FuelSubsidy #PetrolSubsidy #Malaysia #CarTokMY",https://www.instagram.com/p/DYO9BQoGWtg/,neutral,2026-05-12T09:30:43.000Z,6,0,0,0,0.0,6,6.0
instagram,post,3887114424884498391,"劳动节快乐

一早起来先刷一下budi 95，好彩还在😵‍💫😵‍💫

#200公升的眼泪
#budi95",https://www.instagram.com/p/DXxzfmAiY_X/,neutral,2026-05-01T01:49:31.000Z,3,0,1,0,0.0,4,6.0
instagram,post,3886787214152269889,"30 April

深深体会到，Budi95 影响最大的一群，其实是为国家贡献最多税收的人——生意人/高收入群 （他们认为）

很多人说：“有油打已经很好了，别再吵了。”
可是问题是，在战争前这么多年，有真的轻松过吗？每年最少缴付6-7位数的税。

需要 outstation，需要见客户，需要应酬，需要带团队去 site 学习，还需要奔走于各个政府部门，包括（但不限于）处理 income tax、SST、银行等事务。

税务迟一天就有 penalty，但要讨回却至少等180天。

为国家贡献最多税收、努力经营的人，最终却只能得到200L的津贴。那我们还得到了什么？

开车不用给 saman？
机场有特别通道？
有特别医疗待遇？
政府部门有快捷服务？

好像都没有。
那我们享有的，究竟是什么？
真心请点醒小弟，是不是我要求太多了。。。

I’ve come to realize that Budi95 affects most those who contribute the most in taxes to the country — business owners / high-income earners. (As define)

Many people say, “At least you get fuel subsidies, that’s already good enough. Stop complaining.”
But the real question is — have things ever been easy for us all these years, even before any crisis? We pay at least 6–7 figures in taxes every year.

We need to travel outstation, meet clients, entertain, bring our teams to site for learning, and run between multiple government departments — including (but not limited to) handling income tax, SST, banks, and more.

If we are late on taxes by even one day, there’s a penalty. But when it comes to refunds, we wait at least 180 days.

Those who contribute the most and work hard to build businesses — in the end, we receive a 200L fuel subsidy. What else do we actually get?

Do we get to drive without summons?
Do we have special airport lanes?
Do we get priority medical treatment?
Do we get fast-track services at government departments?

Seems like none of these.
So what exactly are we benefiting from?

Genuinely asking — am I expecting too much? 

#budi95 #malaysianews #viralmalaysia #malaysianlife #supportmalaysia",https://www.instagram.com/p/DXwpGDRE4BB/,neutral,2026-04-30T14:59:24.000Z,6,0,0,0,0.0,6,6.0
instagram,post,3897538599088642514,"🚨 你真的不是 T20 吗？😳

政府通常不会直接通知你：
“恭喜，你是 T20 😂”
因为 T20 不是一种正式身份。

很多时候，
政府是通过系统自动判断：
📌 LHDN 报税
📌 家庭收入
📌 银行资料
📌 EPF / SSM
📌 申请补贴的数据
然后默默把你分类。

最明显的信号就是：
❌ STR 拿不到
❌ subsidy 不符合资格
❌ 系统显示收入超标

尤其现在 subsidy rationalisation 开始后：
⚡ 用电高
⚡ 收入高
⚡ 双薪家庭
⚡ 有生意 / rental income
都更容易被归类成“高收入群体”。

所以很多时候：
不是你觉得自己是不是 T20，
而是当你开始拿不到补贴时……
你就会知道答案了 😂
.
.
.
您可能对以下课题感兴趣：
【E-Invoice 最新懒人包】
https://landco.my/social-zh/e-invoice-latest-update-zh/
.
【电子发票 e-Invoice 全指南！】
https://landco.my/information-sharing-zh/e-invoice_zh/
.
【2025年个人税务减免列表】
https://landco.my/tax-relief/personal-tax-relief-2025_zh/
.
.
如果您希望获得有关商业，财务，会计，税务，审计等更多的信息，您可以通过以下链接订阅我们：
https://landco.my/form-cn/
.
感谢您的阅读！
www.landco.my
https://m.facebook.com/LANDCOMALAYSIA/
我们专为世界各地的商家提供所需的马来西亚税务和商业会计专业知识与服务。
.
#landco  #lncoaccountants  #会计楼  #马来西亚 #吉隆坡会计  #T20  #BUDI95",https://www.instagram.com/p/DYW1rSxDVnS/,neutral,2026-05-15T11:00:29.000Z,5,0,0,0,0.0,5,5.0
instagram,post,3896105603948754419,"KENYATAAN MEDIA 

-13hb Mei 2026

Saya berpandangan bahawa cadangan penghapusan subsidi BUDI95 bagi golongan T20/T15 perlu diteliti secara menyeluruh dan dilaksanakan dengan penuh berhati-hati demi memastikan keseimbangan antara reformasi fiskal negara dan kesejahteraan rakyat dapat dipelihara.

Dalam keadaan ekonomi global yang masih tidak menentu serta ketegangan konflik di Timur Tengah yang terus memberi tekanan kepada harga minyak dunia, sebarang perubahan terhadap mekanisme subsidi bahan api pasti akan memberi implikasi langsung kepada kos kehidupan rakyat dan ekosistem ekonomi negara.

Walaupun saya memahami keperluan kerajaan untuk memperkukuh kedudukan fiskal negara dan memastikan subsidi disasarkan dengan lebih berkesan, kerajaan juga perlu mengambil kira kesan limpahan terhadap inflasi, kuasa beli rakyat, penggunaan domestik serta peningkatan kos sara hidup, khususnya kepada golongan kelas pertengahan bandar yang kini berdepan tekanan komitmen bulanan yang semakin tinggi.

Golongan yang dikategorikan sebagai T20 atau T15 tidak semestinya hidup dalam keadaan selesa sepenuhnya. Ramai dalam kalangan mereka turut menanggung kos perumahan, pendidikan anak-anak, penjagaan ibu bapa serta komitmen kewangan lain yang besar, terutama di kawasan bandar.

Oleh itu, sebarang mekanisme yang diperkenalkan mestilah adil, praktikal dan berpandukan data yang tepat supaya usaha memperkukuh kewangan negara tidak akhirnya membebankan rakyat biasa atau menjejaskan ketahanan ekonomi domestik.

Kita mahu dasar yang bukan sahaja kukuh dari sudut pengurusan kewangan kerajaan, tetapi juga mampu melindungi kesejahteraan rakyat secara menyeluruh serta memastikan pertumbuhan ekonomi negara terus mampan dan inklusif.

- Kumaran Krishnan 
ADUN Bagan Dalam
 
#trendingnewsmalaysia #beritaditiktok #fyp
#BUDI95 #kuota",https://www.instagram.com/p/DYRv2eCxjXz/,neutral,2026-05-13T11:34:03.000Z,-1,0,2,0,0.0,1,5.0
instagram,post,3895948699923678420,"Before you start selling your car, that ""150L petrol cut"" isn't a policy... yet. Deputy Finance Minister Liew Chin Tong clarified his comments were taken out of context. 

But here’s the real talk: Our fuel subsidy bill hit a staggering RM7 BILLION in April alone. The government is officially watching our travel data.

Be honest, can you actually survive on 150L a month, or would you be paying market price by week three? Let’s talk about your monthly 'litres' below!

Check out the full article on our website. Link in bio. 

#BUDI95 #RON95 #BUDIMadani",https://www.instagram.com/p/DYRMLNyGITU/,neutral,2026-05-13T06:21:39.000Z,5,0,0,0,0.0,5,5.0
instagram,post,3895386175711310627,"BUDI95 ஒதுக்கீடு 150 லிட்டராகக் குறைக்கப்படலாம்- மடானி அரசாங்கத்தின் அடுத்த அதிரடித் திட்டம்?

#madani #kerajaanmadani #budi95 #budi95subsidy #budi95petrol",https://www.instagram.com/p/DYPMRaSPXMj/,neutral,2026-05-12T11:44:03.000Z,5,0,0,0,0.0,5,5.0
instagram,post,3894423066395549942,"The ""Triple-Threat"" of global tensions has sent Malaysia's fuel subsidy bill to a massive RM7 Billion in April alone. PM Anwar says the new targeted plan is in its ""final stages.""

Check out the full article on our website. Link in bio. 

#BUDI95 #RON95 #Malaysia #PMX",https://www.instagram.com/p/DYLxSU1mCD2/,neutral,2026-05-11T03:50:29.000Z,2,0,1,0,0.0,3,5.0
instagram,post,3894401381071522726,"Technically T20, but does RM12k feel ""rich"" in KL? Should the gov factor in location (KL vs. Rural) before cutting RON95 aid?

#malaysia #budi95 #ron95",https://www.instagram.com/p/DYLsWwzjwum/,neutral,2026-05-11T03:08:03.000Z,5,0,0,0,0.0,5,5.0
instagram,post,3890150498502852215,"RM1.5 Billion saved... PER MONTH?

An economist has suggested that excluding the top 20% from the BUDI95 scheme could save Putrajaya a staggering RM1.5 billion every month. Currently, anyone with a valid license gets the subsidy, but experts argue it’s time to limit it to the B40 and M40 to manage the rising cost of living.

Do you think this is fair? Or should the T20 be given a lower monthly quota instead of being cut off entirely? Let’s hear your take below!👇

[Check out the full article on our website. Link in bio.]

#T20 #BUDI95 #RON95 #Malaysia",https://www.instagram.com/p/DX8l0R6Ej53/,neutral,2026-05-05T06:21:39.000Z,2,0,1,0,0.0,3,5.0
instagram,post,3894563793985483596,"Putrajaya is reviewing who should continue receiving subsidised RON95 petrol as targeted fuel subsidy plans move closer to implementation.

👉🏻Link in bio for article

#myc #mycnews #youthsocialasia #social #BUDI95 #subsidy

#Malaysia #news #incomegroup #petrol #policy #politics #RON95",https://www.instagram.com/p/DYMRSLnmjNM/,neutral,2026-05-11T08:30:05.000Z,4,0,0,0,0.0,4,4.0
instagram,post,3900221170550230795,"The proposed increase could see delivery riders receive up to 250 litres of subsidised RON95 petrol monthly.

👉🏻Link in bio for article

#myc #mycnews #youthsocialasia #social #AnwarIbrahim #gigeconomy

#Malaysia #news #BUDI95 #impact #quota #RON95 #subsidy",https://www.instagram.com/p/DYgXn2IGs8L/,neutral,2026-05-19T03:50:17.000Z,3,0,0,0,0.0,3,3.0
instagram,post,3899666005837720818,"18hb sudah hbs 😅.
lpasni kena isi mnyk mahal dh la 🤣.
Terima kasih Pmx dari 300L ke 200L.
#BUDI95",https://www.instagram.com/p/DYeZZIsn6zy/,neutral,2026-05-18T09:27:16.000Z,3,0,0,0,0.0,3,3.0
instagram,post,3895311046869037675,"今天我可以肯定的说，如果下届你还是投火箭🚀，
说这个政府好，我可以肯定100%告诉你，你还没睡醒吗？
以前油价起rm 0.05呱呱叫示威等等。。。。现在起几块钱，
我们还要静静。。。。。喂。。。。受苦是我们叻。。。一步一步来谋杀人民

#给他做回反对党
#budi95 
#dap 
#搞死马来西亚经济",https://www.instagram.com/p/DYO7MJGSLJr/,neutral,2026-05-12T09:14:46.000Z,3,0,0,0,0.0,3,3.0
instagram,post,3895092367834269004,"Economy Ministry says the upcoming RON95 subsidy rationalisation isn't just about your salary. They’re looking at your ""actual needs"" and household size through PADU.

Finally, a system that looks at the whole picture? Or are you still worried? 

Read the full breakdown of the new ""Dividing Line"" here. 

Check out the full article on our website. Link in bio.

#PADU #RON95 #MalaysiaEconomy #BUDI95",https://www.instagram.com/p/DYOJd8YGMVM/,neutral,2026-05-12T02:00:16.000Z,3,0,0,0,0.0,3,3.0
instagram,post,3889466145401567047,"RM5 billion a month.
RM6 billion if prices surge.
RM50 billion in 10 months.
Malaysia’s fuel subsidy burden continues to rise as global crude oil prices put pressure on public spending.
#RM5Billion #FuelSubsidy #Malaysia #OilMarket #PublicFunds #RON95 #BUDI95 #EnergySecurity",https://www.instagram.com/p/DX6KNoakXdH/,neutral,2026-05-04T07:41:57.000Z,3,0,0,0,0.0,3,3.0
instagram,post,3886754154588760081,"今天是4月尾的最后一天，
载孩子放学回家时看到车的油已少过半缸油，所以跑去油站⛽️ 把剩余的 18L Quota 也打完了。 

我算了一算这个月我有大概10天没开车… 
所以 BUDI 95 的 Quota 勉强刚刚足够。 😜

#BUDI95 #用完了 #明天Refresh",https://www.instagram.com/p/DXwhk-JiWgR/,neutral,2026-04-30T13:53:43.000Z,3,0,0,0,0.0,3,3.0
instagram,post,3886069079623244525,"The Finance Ministry is studying a more targeted diesel subsidy mechanism for Sabah and Sarawak, similar to BUDI95, as part of ongoing efforts to refine the country’s fuel subsidy framework amid global oil price and supply concerns, says Communications Minister Datuk Fahmi Fadzil.

For report, click link in the bio.

#DieselSubsidy #Sabah #Sarawak #FahmiFadzil #BUDI95",https://www.instagram.com/p/DXuFz0Xkprt/,neutral,2026-04-29T15:12:36.000Z,3,0,0,0,0.0,3,3.0
instagram,post,3901627226602736826,"📢 INFO TERKINI HARGA MINYAK

Bermula 21 Mei hingga 27 Mei 2026👇🏻 

⛽ RON97 : RM4.85 seliter
⛽ RON95 tanpa subsidi : RM4.07 seliter
⛽ RON95 bersubsidi (BUDI95) : RM1.99 seliter
⛽ Petrol bersubsidi (SKPS) : RM2.05 seliter
⛽ Diesel Semenanjung Malaysia : RM4.97 seliter
⛽ Diesel bersubsidi (SKDS) : RM2.15 seliter
⛽ Diesel Sabah & Sarawak : RM2.15 seliter

Sumber: Kementerian Kewangan

Kerajaan akan terus memantau rapi perkembangan pasaran dan menyelaras harga petroleum bagi memastikan kestabilan harga serta kesejahteraan rakyat.

#MalaysiaMADANI
#BUDI95 #BUDIDiesel
#Pahang1st #mcnPahang",https://www.instagram.com/p/DYlXUp3pgy6/,neutral,2026-05-21T02:23:56.000Z,2,0,0,0,0.0,2,2.0
instagram,post,3901208959000195002,"KEMAS KINI HARGA MINYAK: RAKYAT TERUS JADI KEUTAMAAN

Dalam keadaan ekonomi dunia yang masih tidak menentu dan harga minyak global terus berubah, rakyat Malaysia pastinya merasai kesan kenaikan kos kehidupan dari hari ke hari. Bermula 21 hingga 27 Mei 2026, harga RON97, RON95 tanpa subsidi dan diesel di Semenanjung Malaysia mengalami pelarasan, namun kerajaan masih mengekalkan harga petrol dan diesel bersubsidi demi membantu golongan yang benar-benar memerlukan.

RON95 Bersubsidi (BUDI95) kekal pada RM1.99 seliter, manakala diesel bersubsidi SKDS serta harga diesel di Sabah, Sarawak dan Labuan juga terus dikekalkan pada kadar RM2.15 seliter. Ini menunjukkan usaha berterusan untuk memastikan rakyat biasa, peniaga kecil, petani, nelayan dan golongan bekerja tidak terlalu terbeban dengan tekanan ekonomi semasa.

Apa pun cabaran yang mendatang, rakyat Malaysia sememangnya terkenal dengan semangat kuat dan saling membantu. Semoga segala usaha dan bantuan yang diberikan mampu meringankan beban rakyat serta memastikan kesejahteraan negara terus terpelihara.

#HargaMinyak
#MalaysiaMADANI
#BUDI95
#Diesel
#mcnterengganu",https://www.instagram.com/p/DYj4ODzxy-6/,neutral,2026-05-20T12:32:52.000Z,2,0,0,0,0.0,2,2.0
instagram,post,3899461580141237153,"Kerajaan akan meneliti cadangan menambah kuota subsidi petrol p hailing daripada 200 liter kepada 250 liter sebulan bagi membantu mengurangkan kos operasi penghantar makanan.

👉 Baca artikel penuh di www.onetiger.com 
atau klik pautan di bio kami

#AnwarIbrahim #PMX #Budi95 #Petrol #Ron95",https://www.instagram.com/p/DYdq6WbmhOh/,neutral,2026-05-18T02:41:06.000Z,2,0,0,0,0.0,2,2.0
instagram,post,3896735816618035365,"【政府维持BUDI95政策 T20继续享有燃油补贴】

政府将继续维持昌明惠泽RON95汽油补贴计划 (BUDI95) ，近期内无意取消高收入群体 (T20) 享有的燃油津贴。

交通部部长陆兆福表示，BUDI95是一项简单且受控的补贴机制，我国公民仅凭身份证即可受惠，并可防止出现漏洞的问题。

不过，他坦言，任何补贴机制均无法全面覆盖所有群体，包括部分未能获得柴油补贴的拖车业者。然而，目前大多数关键行业比如运送必需品及集装箱货物的商用车，仍被纳入现有补贴体系内。

#RON95 #汽油补贴 #T20 #交通部 #陆兆福 #BUDI95",https://www.instagram.com/p/DYT_JRVD0il/,neutral,2026-05-14T08:25:30.000Z,2,0,0,0,0.0,2,2.0
instagram,post,3896724748747789211,"BUDI95 cut? The real leak in your budget isn't at the pump. ⛽

Putrajaya may trim your RON95 quota, but your 18% credit card debt is draining more every single month. iMoney's panel has personal loans from 5.07% that can help fix that leak.

🔗 https://www.imoney.my/articles/budi95-ron95-quota-cut-150-litres-malaysia-2026

#BUDI95 #RON95 #OPR #PersonalLoanMalaysia #DebtConsolidation #iMoney #CreditCardDebt #MalaysiaFinance #PersonalFinance #M40 #T20 #BudgetTips #SavingsMalaysia",https://www.instagram.com/p/DYT8oNkldOb/,neutral,2026-05-14T08:03:31.000Z,2,0,0,0,0.0,2,2.0
instagram,post,3896711473884386238,"𝐅𝐔𝐄𝐋 𝐖𝐀𝐓𝐂𝐇: 𝐖𝐄𝐄𝐊𝐋𝐘 𝐔𝐏𝐃𝐀𝐓𝐄 ⛽📈
【𝟏𝟒 𝐌𝐚𝐲 𝟐𝟎𝟐𝟔 - 𝟐𝟎 𝐌𝐚𝐲 𝟐𝟎𝟐𝟔】

Every week checking petrol prices again? 
Maybe it’s time to switch to electric with the ORA GOOD CAT ⚡
✔ Up to 480KM driving range
✔ Fast charging in just 38 minutes
✔ Safe & reliable LFP battery technology

Say goodbye to fuel anxiety and hello to smarter driving.

📍Visit our GWM showroom today! 

#GWM #GWMButterworth #GWMGeorgetown #GWMSungaiPetani #BUDI95",https://www.instagram.com/p/DYT5nCZEVO-/,neutral,2026-05-14T07:37:08.000Z,2,0,0,0,0.0,2,2.0
instagram,post,3895855266106361986,"The Deputy Finance Minister stressed that no new 150-litre BUDI95 fuel quota policy has been announced by the government.

👉🏻Link in bio for article

#myc #mycnews #youthsocialasia #social #BUDI95 #LiewChinTong

#Malaysia #news #financeministry #fuel #middleeast #petrol #quota #ron95 #subsidy",https://www.instagram.com/p/DYQ27kwmsiC/,neutral,2026-05-13T03:16:00.000Z,2,0,0,0,0.0,2,2.0
instagram,post,3895337551604321111,"最近看到一个数据，其实蛮值得思考。 👀

刘镇东提到：

🇲🇾 马来西亚约 60% 人口，每个月汽油使用量少于 150 公升。

其中 50% 人口，甚至不到 100 公升。这也代表：

很多普通人每天的生活，其实都在很努力地“精打细算”。

上班、接送孩子、买菜、跑生活。
很多人不是开豪车、天天长途。而是👇

👉 很普通地过日子。

所以为什么最近关于：

⛽ RON95 补贴
⛽ BUDI95
⛽ T20 / M40

会引起这么多人讨论。

因为大家真正担心的，不是几块钱油费而已。而是：

📈 生活成本越来越高
📈 中产压力越来越大
📈 很多人已经“刚刚好”生活

现在很多家庭看起来：

✔️ 有工作
✔️ 有车
✔️ 有房

但背后其实是：

房贷、车贷、教育费、医疗费一起压着。所以很多人最怕的，不是“不够努力”。而是👇

👉 明明已经很努力了，生活还是越来越贵。

我觉得，现在很多人开始重视：

✔️ 储蓄
✔️ 保险
✔️ 紧急基金
✔️ 长期规划

不是因为“想变有钱”. 而是👇

👉 希望未来不要被生活突然压垮。 🤍

你好，我是 Remie 😊

我一直相信：

真正成熟的规划，不是等压力来了才想办法。而是👇

👉 在还能准备的时候，先让未来多一点稳定感。

#RON95 #BUDI95 #生活成本 #马来西亚 #M40 T20 风险管理 人生规划 Malaysia",https://www.instagram.com/p/DYPBN1jnYtX/,neutral,2026-05-12T10:07:23.000Z,2,0,0,0,0.0,2,2.0
instagram,post,3895331559160058985,"150L monthly? The proposed cut is raising questions about how it may affect daily commuters.

👉🏻Link in bio for article

#myc #mycnews #youthsocialasia #social #BUDI95 #reduction

#Malaysia #news #gigworkers #petrol #quota #struggles #subsidy",https://www.instagram.com/p/DYO_2oqGpRp/,neutral,2026-05-12T09:55:30.000Z,2,0,0,0,0.0,2,2.0
instagram,post,3894370145100101684,"🇲🇾 马来西亚每日焦点新闻（2026年5月11日）

1️⃣【政治】公正党大专臂膀宣布对安华失信心，不到一小时后总秘书急驳斥指遭骑劫

• 作为公正党大专生臂膀的亲青组织“大马公正大专”（MKM）昨日传出严重内部歧见。该组织官方社交媒体及发给媒体的文告原本宣称，因判定公正党已逐渐偏离最初的斗争与改革精神，从而对首相安华的领导失去信心。然而不到一小时内，该组织总秘书阿奇夫随即发文强烈否认，澄清有关文告从未经过官方渠道讨论或集体授权，纯属中央领导层极少数怀有个人议程者的未经授权行动，旨在利用平台制造混乱。阿奇夫严厉谴责发文者躲在组织名义背后的不专业行径，重申组织将始终尊重并全力支持安华的领导，且秘书处将严正检视并考虑对滥用名义者采取行动。同时，该组织发言人透露将于今日召开记者会正式交代官方立场与下一步方向。

2️⃣【财经】政府正式审议将T20排除于BUDI95补贴之外，每月可省RM15亿，安华确认检讨进行中

• 首相安华昨日（10日）确认，政府正在审议调整高收入群体（T20）的RON95燃油补贴安排，但尚未决定具体以T5、T10、T15还是T20为界线。经济学家指出，BUDI95目前适用于所有持有驾照的马来西亚人，若将T20排除在外，政府每月最多可节省RM15亿，因为逾30%的RON95由T20消耗，而他们多驾驶大排量车辆，从补贴中获益更多。 可能的执行机制是透过MyKad在加油站实时核实购油者收入类别，并与中央数据库（PADU）对接，这与现有SARA援助方案的做法相似。安华强调，调整须精准并顾及中等收入群体，以避免冲击M40。

3️⃣【政治】森州双溪乌绒酋长之争现“闹双胞”变“三足鼎立”：70岁退休公务员宣誓就任第11任酋长

• 现年70岁的退休公务员阿都拉曼（Abd Rahman Limat）于昨日在传统礼仪建筑内通过习俗仪式宣告就职，同样自称为第11任合法酋长。阿都拉曼声称其任命获得了克拉纳比度安达支系（Biduanda Waris Klana）下核心母系领袖（Ibu Soko）、宗族族长（Buapak）及祭祀官（Tiang Balai）的全面认可。然而，原任酋长慕巴拉多哈（Mubarak Thahak）及其支持阵营（包括另外三名森州酋长）坚决拒绝承认这两起新任命，重申慕巴拉仍是唯一合法的双溪乌绒酋长。随着第三位宣称者的出现，加上慕巴拉阵营目前正与森州最高统治者（严端）慕赫力兹展开激烈的宪政与权力诉讼，森州统治权位的合法性争端已陷入极其复杂的“三足鼎立”僵局。

4️⃣【民生】大马医药协会批合约医生制度“彻底失败”：职涯无保障加剧医疗人才外流

• 大马医药协会（MMA）主席拿督蒂鲁纳瓦卡拉苏直言，我国自2016年推行的合约医生制度是一项失败的政策，因当初缺乏长期规划与职业保障，导致大量年轻医生在公共卫生体系中看不到未来而选择出走海外。他指出，合约医生不仅面临职涯发展路径不明的困境，甚至在日常生活中连申请银行贷款也遭遇重重阻碍，强烈的剥夺感与失望感让大马成为临近国家（如新加坡）吸纳医疗人才的温床。根据卫生部数据，2020至2024年间已有440名医疗专业人员移居海外，且今年1月份全国5000个实习医生名额中仅有约10%实际报到，暴露出极其危险的体系警讯。尽管政府目前正致力分阶段废除该制度并以永久职位取代，但该协会强烈呼吁当局抛弃防卫心态，正视当前极其严重的人才外流危机，并在实际执行层面上为医生提供清晰的升迁与职涯发展方向，以实质行动取代重视口号。

5️⃣【财经】 7月起收紧整装电动车进口门槛引反弹，业者与车主忧平价车款退出市场

• 针对政府宣布自7月1日起，整装进口（CBU）电动车（EV）的到岸价格（CIF）须至少达到20万令吉且电机输出功率不低于180千瓦的新规，国内电动车组织与倡导者纷纷表达担忧与质疑。马来西亚电动车车主俱乐部（MyEVOC）主席拿督沙哈鲁阿兹拉警告，这项政策改动将导致平价外国电动车从本地市场消失，进而扼杀日益增长的电动车普及势头并冲击充电基础设施的部署；他呼吁政府在当前全球能源危机下推迟该计划，转而优先落实低碳移动大蓝图，将官方车队替换为适合的国产电动车以带动市场。马来西亚电动车协会（EVAM）主席拿督丹尼斯蔡则表示，政府防范过度依赖外国技术并扶持本土组装（CKD）与深化本土技术能力的长期目标虽合乎逻辑，但执行上必须取得平衡，以免因缺乏平价选项而拖累短期转型步伐，并建议着重培养本土工程人才与创造高价值岗位。此外，资深电动车倡导者祖里尔批评新政过于急进且通知期极短，骤然淘汰售价介于10万至30万令吉的平价车款将严重冲击M40中产阶级消费者，并担忧市场竞争削弱后，现有车商将缺乏提供更佳价格、规格与技术的动力。

#安华 #公正党 #BUDI95 #电动车 #医生 #森美兰 #新闻 #关键词",https://www.instagram.com/p/DYLlQOCk_g0/,neutral,2026-05-11T02:05:20.000Z,2,0,0,0,0.0,2,2.0
instagram,post,3893856458169821504,"The government is still reviewing the mechanism for a proposed revision of petrol subsidies for high-income earners, including whether it will involve the T20 or T15 groups, says Prime Minister Datuk Seri Anwar Ibrahim. He said discussions are ongoing and no final decision has been made yet.

For report, click link in the bio.

#Subsidy #Petrol #RON95 #BUDI95 #AnwarIbrahim",https://www.instagram.com/p/DYJwdFzkqlA/,neutral,2026-05-10T09:04:44.000Z,2,0,0,0,0.0,2,2.0
instagram,post,3887844185412913082,"油价又涨了。RON97 破 RM4.90，无补贴 RON95 也来到 RM3.97。

4月30日起，新一周油价正式生效：
⛽ RON97：RM4.90（涨5仙）
⛽ 无补贴 RON95：RM3.97（涨10仙）
🛢️ 半岛柴油：维持在 RM5.12

背后原因还是西亚冲突，炼油设施还没恢复，全球供应链持续紧张。

好消息是，BUDI95 补贴汽油依然 RM1.99，东马柴油 RM2.15，关键领域柴油价也稳住。政府一边吸收涨幅，一边喊话“谨慎用油”。

你家附近的油站排长龙了吗？👇
https://www.carz.com.my/zh/2026/04/you-might-be-paying-more-at-the-pump-today-30-april-6-may

#油价最新 #RON97破4块9 #燃油补贴 #BUDI95 #西亚冲突影响",https://www.instagram.com/p/DX0ZbAdmse6/,neutral,2026-05-02T01:59:25.000Z,2,0,0,0,0.0,2,2.0
instagram,post,3886049437655716210,"BUDI95 finished already… I think a lot of us are seeing that “0” balance today 😅
Still grateful for the monthly support better than nothing.
Busy month, but still managed to enjoy some travel here and there.
You still got balance, or officially in the 0 club with me?

#Ren03289
#budi95
#thankyou",https://www.instagram.com/p/DXuBV_XE1Fy/,neutral,2026-04-29T14:35:03.000Z,2,0,0,0,0.0,2,2.0
instagram,post,3901131366529150498,"一名私人司机和民防部队志愿者通过TikTok帐号，散布关于昌明惠泽RON95汽油补贴计划（BUDI95）假消息，而于今天在地庭面控后俯首认罪，分别判罚4000令吉。
法官阿末弗亚谕令两名被告，若无法缴付罚款，则需以6个月监禁替代；两人随后缴清罚款。
29岁的私人司机莫哈末艾曼和46岁的民防部队志愿者隆法兹里，被控在4月4日蓄意作出及发送虚假帖文，意图伤害他人感受。
🔍全文这里看 👉 https://www.malaysiakini.com/news/775641

#当今大马 #malaysiakini
#汽油补贴 #假新闻 #BUDI95
➖➖➖➖➖➖➖➖➖➖➖➖
📌关注《当今大马》WhatsApp频道 【即时新闻通知】👉https://mk.my/whatsapp
📌订阅《当今》简报：5分钟看要闻！【完全免费】👉 https://mk.my/newsletter
【提醒】言论空间需要大家共同维护，请读者理性讨论，勿诽谤、人身攻击、发布不实信息、发表煽动或挑衅种族或宗教情绪等言论。一旦司法纠纷或执法单位介入的风险过高，关闭留言区将成为所有人的损失。",https://www.instagram.com/p/DYjmk8MGq4i/,neutral,2026-05-20T09:58:41.000Z,1,0,0,0,0.0,1,1.0
instagram,post,3900524414602169811,"Malaysia is considering increasing the BUDI95 fuel quota for p-hailing riders from 200 litres to 250 litres after concerns were raised about rising operating costs.
For riders using small kapchai motorcycles with roughly 5-litre fuel tanks, another 50 litres could mean significantly more delivery trips every month.
The proposal will be discussed at the next National Economic Action Council (MTEN) meeting.
Read it in cartok.my
#BUDI95 #pHailing #PetrolSubsidy #Malaysia #CarTokMY",https://www.instagram.com/p/DYhckoKGc3T/,neutral,2026-05-19T13:52:46.000Z,1,0,0,0,0.0,1,1.0
instagram,post,3898867220142905089,"TIADA PENGURANGAN KUOTA RON95 SETAKAT INI

Kerajaan menegaskan tiada sebarang keputusan dibuat untuk mengurangkan kuota subsidi petrol RON95 menerusi program BUDI95 setakat ini. Fokus utama ketika ini adalah memastikan subsidi terus sampai kepada rakyat yang memerlukan dalam menghadapi tekanan kos sara hidup serta ketidaktentuan ekonomi global.

Menurut Menteri Ekonomi, Akmal Nasrullah Mohd. Nasir, kerajaan sedang memperkemas sistem subsidi bersasar bagi mengurangkan ketirisan dan memastikan pengagihan bantuan lebih efektif. Mekanisme seperti subsidi diesel BUDI turut dijadikan antara pendekatan penambahbaikan pengurusan subsidi negara.

Beliau turut memberi jaminan bahawa sebarang perubahan berkaitan dasar subsidi hanya akan diumumkan secara rasmi selepas dimuktamadkan kerajaan. Dalam masa sama, keseimbangan antara kebajikan rakyat dan kestabilan kewangan negara kekal menjadi keutamaan demi memastikan bantuan dapat diteruskan secara mampan untuk jangka panjang.

#MalaysiaMADANI #RancakkanMADANI #MADANIBekerja #YakinMADANI #RON95 #BUDI95 #BudiMADANI #SubsidiBersasar #KosSaraHidup #EkonomiMalaysia #SubsidiRakyat",https://www.instagram.com/p/DYbjxRjCFcB/,neutral,2026-05-17T07:00:15.000Z,1,0,0,0,0.0,1,1.0
instagram,post,3897361900318111946,"Kereta proton dan perodua ni sebenarnya overprice ke? Tak boleh jual murah sbb kalah dgn economic of scale? Memang mana2 kereta luar masuk Malaysia Auto jadi mahal eh? 

Orang yang beli ferrari kat Malaysia ni mmg betul2 kaya eh. Try compare. 

Patutnya local car brand buat je segmen kereta RM50K kebawah. Atau focus buat motosikal. Sebab kereta nak export mana je, kalau motosikal ada chance. Focus electric bike/scooter

Biarlah kereta dari luar masuk tanpa cukai yang tinggi. Dengan keadaan jalan raya jem dengan kereta, LRT sesak harga petrol tinggi, tunggang motosikal merupakan pilihan terbaik. Aku rasa dah ada dah yang terfikir tapi, MUNGKIN  ada yg tak masyukk. Tak nak la diaorg buat. Sbb gaji n pencen penggubal dasar tak cukup. 

#lrt #petrol #budi95 #proton #perodua",https://www.instagram.com/p/DYWNf_NmjjK/,neutral,2026-05-15T05:09:25.000Z,1,0,0,0,0.0,1,1.0
instagram,post,3896732535506427924,"The Budi95 petrol subsidy will remain accessible for T20 households, ensuring fairness for all Malaysians.

Full read on site, link in bio
#MalaysiaNews
#SubsidySupport
#Budi95",https://www.instagram.com/p/DYT-ZhjkWAU/,neutral,2026-05-14T08:18:58.000Z,1,0,0,0,0.0,1,1.0
instagram,post,3896053614104392964,"BUDI95配额又要从200L降到150L？😱

别急，刘镇东已经澄清了：政府没有宣布任何新政策，150公升只是数据分享。

但问题是——60%的人确实每月用不到150L，而国际油价已经破百，补贴成本一天2.33亿。

所以配额从300L→200L，再来150L，真的不可能吗？

如果你是：
🔴 长途通勤
🔴 SUV车主
🔴 天天跑业务

那真的要开始注意用油量了。一旦超配额，RM1.99变RM4.02，钱包会很痛。

你觉得150L够用一个月吗？
https://www.carz.com.my/zh/2026/05/first-300l-now-200l-is-150l-inevitable-a-look-at-the-future-of-budi-madani
👇评论区告诉我们

#BUDI95 #RON95 #燃油补贴 #刘镇东 #汽油配额 #补贴合理化",https://www.instagram.com/p/DYRkB6ukbUE/,neutral,2026-05-13T09:50:05.000Z,1,0,0,0,0.0,1,1.0
instagram,post,3896050174934614650,"联邦政府代言人法米说明，内阁并未商讨削减BUDI95燃油津贴配额一事。

“政府目前正研议配合BUDI95推行柴油津贴。”

此外，法米也在内阁会议后例常记者会表示，会上并未商议重新划分收入群体事宜。

🔍全文这里看👉https://www.malaysiakini.com/news/775058
#当今大马 #malaysiakini
#法米 #BUDI95 #燃油补贴 

➖➖➖➖➖➖➖➖➖➖➖➖

📌关注《当今大马》WhatsApp频道 【即时新闻通知】👉https://mk.my/whatsapp

📌订阅《当今》简报：5分钟看要闻！【完全免费】👉 https://mk.my/newsletter

【提醒】言论空间需要大家共同维护，请读者理性讨论，勿诽谤、人身攻击、发布不实信息、发表煽动或挑衅种族或宗教情绪等言论。一旦司法纠纷或执法单位介入的风险过高，关闭留言区将成为所有人的损失。",https://www.instagram.com/p/DYRjP3wE4J6/,neutral,2026-05-13T09:43:15.000Z,1,0,0,0,0.0,1,1.0
instagram,post,3895323317246936325,"That’s why nowadays I really don’t like handing my IC to people when isi minyak 😭​

Suddenly all these cases come out, people using other people’s IC like it’s nothing. The scary part is the ones that still haven’t kena catch yet 😅​

Now I just use apps like tng ewallet when pumping petrol. Pay at pump straight away, much safer.
#budi95",https://www.instagram.com/p/DYO9-sxzMUF/,neutral,2026-05-12T09:39:09.000Z,1,0,0,0,0.0,1,1.0
instagram,post,3895251907841848902,"Baru mungkin... Sabar ²... Mungkin ni Belum tentu berlaku..
#BUDI95
#petrol",https://www.instagram.com/p/DYOtvjlk3ZG/,neutral,2026-05-12T07:17:15.000Z,1,0,0,0,0.0,1,1.0
instagram,post,3894595101544875840,"RM1.99的RON95汽油，真的要成为历史了。

首相安华证实，政府正处于针对性燃油补贴机制的最后阶段。问题是：T20、T15、T10还是T5？谁将失去补贴资格？

目前无补贴RON95已是RM4.02/升。一旦落实，高收入群体的每月油钱可能直接翻倍。经济学家估算，仅排除T20群体，政府每月可省下RM1.5B——将近15亿令吉。与此同时，Budi95每月补贴配额已从300升降至200升。

这场补贴改革，你准备好了吗？
https://www.carz.com.my/zh/2026/05/cheap-petrol-for-t20-its-days-are-numbered-pm-anwar-drops-new-update
👇评论区说说你的看法

#RON95 #燃油补贴 #Budi95 #T20 #安华 #汽油起价 #针对性补贴",https://www.instagram.com/p/DYMYZxDjwdA/,neutral,2026-05-11T09:32:17.000Z,1,0,0,0,0.0,1,1.0
instagram,post,3894594299535826282,"The countdown has begun. With the government finalizing plans for targeted fuel rationalization, higher-income groups may soon face market-linked pricing for RON95. Based on the current unsubsidized rate of RM4.02/L, the math for daily commuting is about to undergo a radical shift.

If the subsidy switch flips, the math gets brutal:
✅ ICE Reality: RM1 buys you just 2.98km. It’s like paying for a premium subscription just to sit in traffic.
✅ EV Reality: RM1 buys you 5.45km. You’re traveling nearly double the distance for the exact same Ringgit.

For high-mileage T20 commuters, staying with petrol isn't just a lifestyle choice anymore, it’s a monthly ""leak"" in your bank account that could add up to thousands of Ringgit every year. 

Are you staying for the RM4.02 price tag, or is it time to plug in and save? Check out the cost comparison! Link in bio. 

#BUDI95 #RON95 #EVMalaysia #EVvsICE",https://www.instagram.com/p/DYMYOGIGB1q/,neutral,2026-05-11T09:30:41.000Z,1,0,0,0,0.0,1,1.0
instagram,post,3894251840880182612,"Kereta ada depan rumah.

Tapi hari ini, dia tak mampu dibawa.

Bukan sebab rosak.
Bukan sebab malas drive.
Bukan sebab tiba-tiba mahu romantik naik tren pagi-pagi.

Tapi sebab kuota minyak sudah habis, sedangkan kerja tetap kena pergi.

Itu realiti yang ramai orang diamkan.

Ada yang pagi ini keluar lebih awal dari biasa.
Berjalan kaki ke stesen dengan beg berat.
Tunggu bas yang belum tentu datang tepat masa.
Berdiri dalam tren dengan mata mengantuk.
Sampai tempat kerja, pura-pura biasa sahaja.

Padahal dalam kepala sudah kira macam-macam.

Cukup tak duit makan hari ini?
Cukup tak tambang balik nanti?
Kalau anak demam malam ini, macam mana nak keluar?
Kalau ada urusan kecemasan, nak pakai apa?

Orang nampak dia naik pengangkutan awam.
Orang tak nampak kereta yang terpaksa ditinggalkan di rumah.

Orang nampak dia datang kerja macam biasa.
Orang tak nampak dia sudah penat sebelum punch card pun bermula.

Sebab itu jangan cepat gelakkan orang yang tiba-tiba naik bas hari ini.
Jangan sinis pada orang yang mula tumpang kawan.
Jangan perli orang yang berjalan jauh ke stesen.

Kadang-kadang itu bukan pilihan gaya hidup.

Itu tanda seseorang sedang cuba bertahan tanpa mahu menyusahkan orang lain.

Untuk semua pejuang rezeki yang hari ini tinggalkan kereta kerana kuota sudah habis, semoga perjalanan anda dipermudahkan.

Kereta mungkin berehat di rumah hari ini.

Tapi semangat anda tetap bergerak mencari rezeki.

#PublicHealthMalaysia #PejuangRezeki #BUDI95 #PengangkutanAwam",https://www.instagram.com/p/DYLKWqpkwVU/,neutral,2026-05-10T22:10:17.000Z,1,0,0,0,0.0,1,1.0
instagram,post,3893838490249044889,"就快被折扣的感恩？

该来的始终会来。如今，提早来！

政府将落实更针对式的燃油补贴机制，取消对T20高收入群体的补贴。

问题是，如何定义T20高收入群体？不过，政府仍在研究取消补贴究竟应涵盖T5、T10、T15，还是T20群体。

#安华 #取消燃油补贴 #燃油补贴 #Budi95  #取消补贴",https://www.instagram.com/p/DYJsXn4CaOZ/,neutral,2026-05-10T08:29:02.000Z,1,0,0,0,0.0,1,1.0
instagram,post,3892260123767302279,"【本周油价更新】⛽️📈

油价又涨了？不怕，我有 1200KM 续航！ ⛽️
看这周油价，RON 95 无补贴已达 RM 4.02，西马柴油 RM 5.17！ 与其心疼油钱，不如换台 Chery Tiggo 8 PHEV。

✅ 1200公里 超长综合续航，
✅ 彻底告别燃油与里程焦虑！

省下的油钱，带家人吃大餐不香吗？ 🚗💨 
📍 欢迎亲临 Chery 3S Butterworth 展厅试驾！

#CheryButterworth #cherytiggo8phev #Budi95",https://www.instagram.com/p/DYEFfXikWiH/,neutral,2026-05-08T04:13:05.000Z,1,0,0,0,0.0,1,1.0
instagram,post,3901791541271568914,"能源危机下，
很多人开始意识到 ：-
真正让人焦虑的，
不是工作累，
而是收入 “ 太单一 ”。

多一份收入来源
不是为了炫耀，
而是为了生活更有底气。

时间自主，工作弹性，
适合想提升自己的你。

这里或许是一个可以尝试的机会
不急，先了解看看就好 😊

有兴趣者请私讯我们 +6017-3884501

#能源危机#Budi95#经济衰退风险#通货膨胀#",https://www.instagram.com/p/DYl8rv1HaIS/,neutral,2026-05-21T07:50:20.000Z,0,0,0,0,0.0,0,0.0
instagram,post,3901582097081998646,"Bermula 21 hingga 27 Mei 2026, harga runcit RON97 naik ke RM4.85 (naik 15 sen), RON95 tanpa subsidi naik ke RM4.07 (naik 20 sen), dan diesel Semenanjung naik ke RM4.97 (naik 10 sen) berikutan lonjakan minyak Brent global ke USD110 setong akibat konflik Asia Barat. 

Bagaimanapun, MOF mengesahkan harga bersubsidi bersasar dikekalkan: RON95 (BUDI95) pada RM1.99 seliter dan diesel Sabah/Sarawak/Labuan pada RM2.15 seliter, di mana kerajaan menanggung lebih separuh kos sebenar bagi penerima kelayakan penuh.

Berita penuh link di bawah:
https://www.catsfm.my/trendings/bilik-berita-cats/4184 

#BilikBeritaCATS #CATSFM #Umobile #MOF #RON95 #RON97 #DieselSemenanjung #BUDI95 #SubsidiBersasar #MekanismeAPM",https://www.instagram.com/p/DYlND7umJ02/,neutral,2026-05-21T00:54:12.000Z,0,0,0,0,0.0,0,0.0
instagram,post,3901057065590839143,"Sebarang langkah ‘mengejut’ menaikkan harga subsidi kepada RM2.05 atau RM2.15 seliter juga tidak memberi impak positif sebaliknya berisiko menaikkan kadar inflasi yang kini kekal terkawal pada 1.9 peratus.

#MalaysiaMADANI 
#RancakkanMADANI 
#YakinMADANI 
#BUDI95
@mof_malaysia 

https://harapanmadani.com/ron95-harga-budi95-wajar-kekal-ekoran-harga-minyak-dunia-turun/",https://www.instagram.com/p/DYjVruDEddn/,neutral,2026-05-20T07:31:03.000Z,0,0,0,0,0.0,0,0.0
instagram,post,3900824001925779787,"6月1号起，大马人只要持有有效的新加坡驾照，就能直接申请大马驾照，而且重点是——不用注销新加坡驾照、不用放弃PR或工作准证，等于合法同时拥有“双驾照”！

更现实的是，只要成功持有活跃的大马驾照，加上使用本地注册车辆，就有资格申请 BUDI95 汽油补贴。对长期新柔两边跑的越堤族来说，确实方便很多，至少不用每次回马开车都卡在驾照问题。

不过，这项政策一出，网民也直接吵翻了。

有人认为：“在新加坡工作的人都能拿BUDI95，那为什么一些在马来西亚缴税的T20反而拿不到？”网友不爽的点也很简单：有些人在国外赚新币都能拿补贴，本地一些纳税人却被排除在外。

新政策将在 6月1日 正式实施，到时只需带齐文件到 JPJ 办事处即可办理。
你怎么看？越堤族拿BUDI95合理吗？还是应该重新检讨补贴机制？
-cheng
 #BUDI95 #jpj #lesen #政府 #汽油补贴 #Anwar #安华",https://www.instagram.com/p/DYigsMmGpFL/,neutral,2026-05-19T23:48:00.000Z,0,0,0,0,0.0,0,0.0
instagram,post,3899489284348943054,"Kerajaan akan membincangkan cadangan meningkatkan had kuota Budi MADANI RON95 (BUDI95) bagi penghantar makanan p-hailing kepada 250 liter, dalam mesyuarat Majlis Tindakan Ekonomi Negara (MTEN), Selasa ini.
Perdana Menteri Datuk Seri Anwar Ibrahim berkata kerajaan mengambil maklum bahawa had semasa sebanyak 200 liter sebulan bagi golongan berkenaan menyamai kadar penggunaan biasa, sekali gus memerlukan penelitian semula demi kebajikan mereka.
“Mesyuarat hari Selasa ini, saya akan bawa (perkara ini) dan bincang. Sebab dia (p-hailing) dapat 200 liter sama macam kitalah, RON95 hanya 200 liter sahaja.
“Jadi, saya kata, nanti saya ingatkan saudara Fahmi (Datuk Fahmi Fadzil), kita cari jalan kalau sekurang-kurangnya naik 50 liter, (menjadi) 250 liter,” kata beliau.
#BernamaNews
#BUDI95
Anwar Ibrahim
#KrisisBekalanGlobal
#KonflikAsiaBarat 
Berita penuh: https://www.bernama.com/bm/am/news.php?id=2558294",https://www.instagram.com/p/DYdxNf_D5rO/,neutral,2026-05-18T03:36:08.000Z,0,0,0,0,0.0,0,0.0
instagram,post,3899436047634310819,"Anwar Proposes Increasing BUDI95 Fuel Subsidy Quota to 250 Litres for P-Hailing Riders: Anwar Ibrahim said the government is considering a proposal to increase the BUDI95 subsidised petrol quota for p-hailing riders from 200 litres to 250 litres per month. According to the prime minister, the proposal will be tabled at the National Economic Action Council (NEAC) meeting scheduled for Tuesday for further discussion before any final decision …

The post Anwar Proposes Increasing BUDI95 Fuel Subsidy Quota to 250 Litres for P-Hailing Riders first appeared on Wilayah.com.my. #FuelSubsidy #PHailing #AnwarIbrahim #BUDI95 #EconomicAction",https://www.instagram.com/p/DYdlGzbmKaj/,neutral,2026-05-18T01:51:15.000Z,0,0,0,0,0.0,0,0.0
instagram,post,3899400627667922234,"“BUDI95 dah habis sebelum hujung bulan… 😅
Isi minyak tengok balance kosong terus rasa macam kena reality check.”

RM1.99 tu memang membantu…
tapi bila 200 liter dah habis, mula lah:
🚗 “Isi sikit dulu…”
💸 “Tunggu gaji…”
⛽ “Pump full tinggal kenangan…”

Yang pakai kereta hari-hari memang terasa.
Kerja, meeting, jumpa client, hantar anak — minyak memang jalan nonstop.

Siapa sini BUDI95 dah habis awal bulan? Sila komen jangan romanc…. 😅😅😅😅😂👇

#BUDI95 #RON95 #MinyakKereta #Malaysia #KehidupanDewasa #IsiMinyak #GajiBelumMasuk #ContentMalaysia #FYPMalaysia",https://www.instagram.com/p/DYddDYBFO06/,neutral,2026-05-18T00:40:00.000Z,0,0,0,0,0.0,0,0.0
instagram,post,3899384147291537686,"马来西亚送餐员终于可能迎来一个“比较喘得过气”的消息了。

首相拿督斯里安华透露，政府正在考虑把送餐员的BUDI95汽油补贴配额，从目前每月200公升提高到250公升，并会在本周二的国家经济行动理事会会议上正式讨论。

说真的，现在很多送餐员看到“200公升”和普通民众一样时，都会觉得有点不合理。因为对一般上班族来说，油只是通勤；但对外送员来说，油就是他们的“工作成本”和“收入来源”。

尤其现在不少送餐员一天跑十多个小时，来回几十趟，200公升很多时候根本撑不到月底。油价、车保养、轮胎、维修，全都是真金白银在烧。

所以这次政府愿意重新检讨配额，至少算是开始真正听见基层声音。安华也坦言，这个想法其实是自己下基层时，亲自听送餐员反映后产生的。

不过网友也开始讨论：
“增加50公升当然是好事，但够吗？”
“现在外送行业已经不是兼职那么简单，而是很多年轻人的全职收入来源。”

只能说，这次如果真的落实，对长期依赖摩托车跑单的骑士来说，至少能减轻一点压力。毕竟现在生活成本越来越高，外送员撑起大家便利生活的同时，他们自己的负担其实也越来越重。
-cheng
 #BUDI95  #送餐员  #Grab  #foodpanda  #ShopeeFood  #安华",https://www.instagram.com/p/DYdZTjeGgEW/,neutral,2026-05-18T00:07:16.000Z,0,0,0,0,0.0,0,0.0
instagram,post,3899365203582930361,"我的ic limit完了，现在换我老公的
只剩下那么多，还有半个月够用吗？
😁月尾假期咧…我要一路北下，顺便做指纹报告。
我觉得这次要打贵油了咯！
如果有补贴每次打油可以省80-100块吃饭钱咧。如果没补贴，我相信更多人辛苦。

#停止打战了吗
#BUDI95
#limit",https://www.instagram.com/p/DYdU_4xFE25/,neutral,2026-05-17T23:29:37.000Z,0,0,0,0,0.0,0,0.0
instagram,post,3898223356463244190,"Alhamdulillah.. terima kasih T20..

#BUDI95",https://www.instagram.com/p/DYZRX0xH2Oe/,neutral,2026-05-16T09:40:59.000Z,0,0,0,0,0.0,0,0.0
instagram,post,3898202888082940075,"MyKad Baharu Lebih Selamat, Bantuan Kerajaan Kekal Berjalan

Orang ramai tidak perlu panik dengan pelaksanaan MyKad struktur baharu yang akan bermula bulan depan kerana kerajaan memberi jaminan bantuan seperti Sumbangan Asas Rahmah (SARA) dan BUDI MADANI RON95 (BUDI95) tetap diteruskan tanpa gangguan.

Jabatan Pendaftaran Negara (JPN) memaklumkan semua data penerima bantuan sedia ada kekal tersimpan dalam sistem dan proses migrasi maklumat akan dilakukan secara automatik menerusi pangkalan data pusat. Langkah ini dilaksanakan bersama kementerian serta agensi berkaitan bagi memastikan penyaluran bantuan kepada rakyat terus lancar dan tersusun.

Selain memperkukuh keselamatan identiti, MyKad baharu juga membantu meningkatkan ketelusan proses pengesahan penerima bantuan sekali gus mengurangkan risiko penyalahgunaan maklumat.

JPN turut menasihatkan rakyat agar tidak mudah percaya kepada khabar angin atau maklumat palsu yang mendakwa bantuan kerajaan akan dihentikan sekiranya MyKad tidak ditukar segera. Proses pertukaran akan dibuat secara berfasa dan maklumat rasmi akan diumumkan dari semasa ke semasa.

Rakyat diminta kekal tenang, berwaspada dan sentiasa merujuk saluran rasmi kerajaan bagi mendapatkan informasi tepat.

#MalaysiaMADANI #RancakkanMADANI #MADANIBekerja #YakinMADANI #MyKadBaharu #JPN #BantuanKerajaan #SARARahmah #BUDIMADANI #BUDI95 #KeselamatanIdentiti",https://www.instagram.com/p/DYZMt-GleCr/,neutral,2026-05-16T09:00:19.000Z,0,0,0,0,0.0,0,0.0
instagram,post,3897544166071057784,"【政府聚焦改革巩固经济增长 负责任财管减油价上涨压力】

政府持续推动以昌明经济为核心的改革措施，并通过友好增长政策、以民为本计划及负责任财政管理，进一步巩固大马经济成长势头。

首相兼财政部部长安华表示，大马经济在2024及2025年维持5.2%的增长，并在2026年首季进一步提升至5.4%。

他指出，政府也通过负责任的财政管理，减轻全球燃油价格上涨对人民及商家的冲击，包括落实昌明惠泽RON95汽油补贴计划（BUDI95）及加强BUDI柴油援助，同时继续支撑家庭开销与经济增长。

#首相安华 #昌明经济 #大马经济 #昌明惠泽 #BUDI95 #燃油价格",https://www.instagram.com/p/DYW28TbD714/,neutral,2026-05-15T11:11:33.000Z,0,0,0,0,0.0,0,0.0
instagram,post,3897475851001058600,"T20 losing RON95 subsidy? The pump may not be your biggest problem. 💡

RM376 more a month on petrol hurts, but if it lands on your credit card at 18% APR, that's the real damage. iMoney shows you how to fix your debt structure before the cut hits.

🔗 https://www.imoney.my/articles/ron95-subsidy-cut-t20-malaysia-cash-flow-2026

#RON95 #BUDI95 #PetrolSubsidy #T20Malaysia #PersonalLoan #DebtConsolidation #iMoney #MalaysiaFinance #PersonalFinanceMY #CreditCard #HomeLoan #Refinancing #BudgetMalaysia #M40 #T20",https://www.instagram.com/p/DYWnaMDlNUo/,neutral,2026-05-15T08:55:49.000Z,0,0,0,0,0.0,0,0.0
instagram,post,3896727164766245493,"汽油补贴可能再跌......

👉 点击 BIO 链接，查看完整内容！

#budi95 #汽油补贴 #大马政府",https://www.instagram.com/p/DYT9LXqgdJ1/,neutral,2026-05-14T08:08:18.000Z,0,0,0,0,0.0,0,0.0
instagram,post,3896631701732770007,"Dah Semak Kategori Isi Rumah Anda? Jangan Terlepas Info Subsidi BUDI95 Terbaru!

Rakyat Malaysia, adakah anda tahu dalam kategori mana pendapatan isi rumah anda jatuh sekarang?

Berdasarkan pengumuman terkini daripada pihak kerajaan mengenai pelaksanaan subsidi BUDI95, pengelasan pendapatan telah dikemas kini kepada kategori B1 hingga T2 seperti dalam jadual di atas.

Sila ambil perhatian, mereka yang berada dalam julat pendapatan yang lebih tinggi mungkin berisiko kehilangan kuota subsidi petrol ini susulan pengumuman terkini daripada PMX.

Mari kita semak julat pendapatan bulanan anda:
🔹 B40 (B1 - B4): Pendapatan di bawah RM4,849 sebulan.
🔹 M40 (M1 - M4): Pendapatan antara RM4,850 hingga RM10,959 sebulan.
🔹 T20 (T1 - T2): Pendapatan RM10,961 dan ke atas sebulan.

Sama ada anda berada dalam kategori B40 atau M40, adalah sangat penting untuk kita semua sentiasa merancang perbelanjaan bulanan dan aliran tunai keluarga dengan lebih bijak demi menghadapi perubahan kos sara hidup akan datang.

Jom SHARE post ini kepada ahli keluarga dan rakan-rakan yang lain supaya semua orang peka dengan maklumat terkini ini!

Di manakah kategori isi rumah anda sekarang? Cuba komen di bawah. 👇

#KamHoongCredit #BUDI95 #SubsidiPetrol #InfoSemasa #pengurusankewangan",https://www.instagram.com/p/DYTneMyTsDX/,neutral,2026-05-14T05:00:29.000Z,0,0,0,0,0.0,0,0.0
instagram,post,3896632493478169240,"BUDI95 Bantu Kerajaan Fahami Corak Penggunaan Petrol Rakyat

Program BUDI95 kini menjadi antara instrumen penting kerajaan dalam memahami corak sebenar penggunaan petrol rakyat, sekali gus membantu memastikan subsidi bahan api disalurkan secara lebih tepat dan mampan.

Menurut Timbalan Menteri Kewangan, Liew Chin Tong, data semasa menunjukkan sekitar 80 peratus rakyat Malaysia menggunakan kurang daripada 200 liter petrol sebulan. Ini menjelaskan mengapa pengurangan kuota subsidi daripada 300 liter kepada 200 liter memberi kesan yang minimum kepada majoriti pengguna.

Dalam situasi ketegangan global dan ketidaktentuan bekalan tenaga dunia, kerajaan kini memberi fokus kepada usaha memastikan bekalan bahan api negara kekal stabil dan mencukupi untuk jangka panjang. Pada masa sama, golongan berpendapatan rendah serta pengguna motosikal terus diberi perlindungan agar tidak terbeban dengan peningkatan kos sara hidup.

Beliau turut menegaskan bahawa tiada pengumuman baharu dibuat berkaitan had penggunaan petrol ketika ini. Sebaliknya, BUDI95 dilihat sebagai platform penting untuk membantu kerajaan merancang pengurusan subsidi dan penggunaan bahan api negara secara lebih berhemah.

Penggunaan petrol secara bijak bukan sahaja membantu menjimatkan perbelanjaan rakyat, malah memainkan peranan besar dalam memastikan kestabilan bekalan negara terus terjamin pada masa hadapan.

#MalaysiaMADANI #RancakkanMADANI #MADANIBekerja #YakinMADANI #BUDI95 #SubsidiPetrol #EkonomiMADANI #KosSaraHidup #SubsidiBersasar #FuelSecurity",https://www.instagram.com/p/DYTnpuKAsqY/,neutral,2026-05-14T05:00:15.000Z,0,0,0,0,0.0,0,0.0
instagram,post,3896621976429765387,"以后，追女仔不用秀什么。
所谓“有钱人”的象征🤭。
#Budi95",https://www.instagram.com/p/DYTlQrZE6ML/,neutral,2026-05-14T04:39:20.000Z,0,0,0,0,0.0,0,0.0
instagram,post,3896040127865189741,Mampu ke enda ku ngisi minyak enti nadai Program Budi95 tu neh? Seminggu sekali ngisi nyampau nya.. 🫪 #subsidi #budi95,https://www.instagram.com/p/DYRg9qsEnVt/,neutral,2026-05-13T09:23:18.000Z,0,0,0,0,0.0,0,0.0
instagram,post,3896022660266740069,"The Cabinet has not discussed any proposal to reduce the BUDI95 fuel subsidy quota, says Communications Minister Fahmi Fadzil, clarifying that reports quoting Deputy Finance Minister Liew Chin Tong were inaccurate.

For report, click link in the bio.

#FuelSubsidy #BUDI95 #FahmiFadzil",https://www.instagram.com/p/DYRc_euEkll/,neutral,2026-05-13T08:48:36.000Z,0,0,0,0,0.0,0,0.0
instagram,post,3895933353274725194,"Pengurangan subsidi BUDI95 langkah kurangkan beban fiskal, didik rakyat berjimat

விரிவான செய்திக்கு இந்த இணைப்பை கிளிக் செய்யவும்:
https://mediaselangor.com/ta/2026/05/356874

#mediaselangortamil #MediaSelangor #Pengurangan #subsidi #BUDI95 #langkah #kurangkan #beban #fiskal #didik #rakyat #berjimat",https://www.instagram.com/p/DYRIr5GiVNK/,neutral,2026-05-13T05:51:08.000Z,0,0,0,0,0.0,0,0.0
instagram,post,3895896116017732944,"财政部副部长刘镇东今天亲自澄清：政府没有宣布Budi95补贴配额将减至150公升。

他在脸书发帖解释，这完全是他个人发言被断章取义。

他原意是：
1️⃣ Budi95机制很好，能给出数据了解人民出行模式
2️⃣ 政府和社会共识是确保汽油供应能撑最久
3️⃣ 大家需要支持节省用油
4️⃣ 为自己发言引发误解感到遗憾

简单说：150公升的传言，目前不是政府政策。

但副部长也坦言——省油，是全民需要认真面对的事。

https://www.carz.com.my/zh/2026/05/budi95-150-seliter-sebulan-ini-kata-menteri

#Budi95 #RON95 #燃油补贴 #刘镇东 #财政部",https://www.instagram.com/p/DYRAOBND51Q/,neutral,2026-05-13T04:37:10.000Z,0,0,0,0,0.0,0,0.0
instagram,post,3895450544928783104,"Malaysia May Cut BUDI95 Fuel Quota to 150 Litres Amid Global Oil Supply Concerns

KUALA LUMPUR: The government may further reduce the fuel consumption quota under the Budi Madani (BUDI95) programme to 150 litres per month as part of efforts to safeguard the country’s fuel supply amid ongoing tensions in West Asia.

Deputy Finance Minister Liew Chin Tong said no timeline has been set for the proposed reduction, but the move remains under consideration as the BUDI95 system enables the government to monitor fuel usage data more accurately.

For More Info:
https://minutesmy.com/malaysia-may-cut-budi95-fuel-quota-to-150-litres-amid-global-oil-supply-concerns/#minutesmynews
#minutesmy
#malaysiainminutes
#malaysianews
#mynnews 
#DeputyFinanceMinisterLiewChinTong 
#BUDI95 
#AFFINGroup",https://www.instagram.com/p/DYPa6GylPsA/,neutral,2026-05-12T13:51:54.000Z,0,0,0,0,0.0,0,0.0
instagram,post,3895414212738836111,"MYHARIAN MEMETIK SUMBER BERITA SINAR HARIAN. 

PUTRAJAYA – Timbalan Menteri Kewangan, Liew Chin Tong menegaskan beliau tidak pernah membuat sebarang pengumuman dasar berkaitan had penggunaan petrol 150 liter sebulan seperti yang dilaporkan.

Beliau berkata, kenyataan dalam satu sesi Fireside Chat anjuran AFFIN Bank telah dipetik di luar konteks sehingga menimbulkan kekeliruan dalam kalangan masyarakat dan media.

ARTIKEL PENUH DI PORTAL BERITA SINAR HARIAN.   

#LiewChinTong #KementerianKewangan #budi95 #SubsidiPetrol #kuota150liter AFFINBank Putrajaya SinarHarian Malaysia BeritaSemasa MYHARIAN",https://www.instagram.com/p/DYPSpZzTmaP/,neutral,2026-05-12T12:39:45.000Z,0,0,0,0,0.0,0,0.0
instagram,post,3895370622767135344,"Sebarang pengumuman pengurangan kuota bulanan bahan api RON95 di bawah program BUDI95 adalah TIDAK BENAR - @chintong.liew.

#MalaysiaMADANI 
#RancakkanMADANI 
#MOF
#BUDI95
@anwaribrahim_my 

https://harapanmadani.com/tak-benar-kerajaan-mahu-kurangkan-kouta-budi95-chin-tong/",https://www.instagram.com/p/DYPIvFehvpw/,neutral,2026-05-12T11:13:50.000Z,0,0,0,0,0.0,0,0.0
instagram,post,3895364729309460462,"Lain kali lukis baru la orang tak salah faham. Tapi biasanya kalau ada ura-ura macam ni mesti akan jadi. Cuma mungkin berubah sikit.

#BUDI95",https://www.instagram.com/p/DYPHZUxE3fu/,neutral,2026-05-12T11:01:24.000Z,0,0,0,0,0.0,0,0.0
instagram,post,3895350479462763272,"⛽️ BUDI95汽油补贴下调事件｜针对今天早前各大媒体、网络热传关于‘BUDI95汽油补贴下调至150公升’的事件，刘镇东在脸书贴文回应指：他今天在艾芬银行的论坛被问及，大马如何应对全球能源危机时，他解释Budi95是汽油需求管理的机制，并非会成为潜在的政府政策，因此遗憾其言论被断章取义。
·
原文/
今天在艾芬银行的论坛被问及我国如何应对全球能源危机时，我解释Budi95是汽油需求管理的机制。

遗憾的是，我的言论被断章取义。

我当时说的是：

1. Budi95是一个好机制，因为它为政府提供大量数据，让我们了解大多数马来西亚人的出行模式。

2. 其他各国面对汽油供应危机的同时，我国还有足够的供应支撑至6、7月。政府以及整体社会的首要任务，是确保我国拥有能够维持最长时间的汽油供应。

3. 作为社会的一份子，我们必须确保汽油供应能够维持最久；在某个阶段，我们也应建立共识，以支持节约汽油资源。

4. 我没有代表政府宣布任何政策，也从未提出“150公升固打限制”会成为潜在的政府政策。

5. 对于我的评论引起如此大风波，深感抱歉和遗憾。我希望各方能够完整理解我当时所表达的意思。

图文/截自刘镇东社媒

#BUDI95 #风采 #Femininemsia",https://www.instagram.com/p/DYPEJ9kBosI/,neutral,2026-05-12T10:41:31.000Z,0,0,0,0,0.0,0,0.0
instagram,post,3895802699170758517,"Government May Cut Budi95 RON95 Quota to 150 Litres!

The Malaysian government is considering lowering the monthly subsidised RON95 quota from 200L to just 150 litres per vehicle under the Budi Madani programme.
Good news for most Malaysians:
✅ 60% already use less than 150 litres per month
✅ 80% use less than 200 litres
This move aims to control soaring fuel subsidy costs while still protecting everyday motorists.

Will this affect you? Or do you think it’s a smart way to manage subsidies? Drop your thoughts below 👇

Read More : https://elskynews.com/2026/05/13/malaysia-government-considers-cutting-budi95-ron95-quota-to-150-litres-amid-rising-fuel-subsidy-costs/
#Budi95 #RON95 #FuelSubsidy #Malaysia #PetrolPrice #Budget2026",https://www.instagram.com/p/DYQq-n_FL91/,neutral,2026-05-13T01:31:33.000Z,0,0,0,0,0.0,0,0.0
instagram,post,3895336032460252743,"Which group will be affected next?

For full news, please click story (link)☝️

#MyCarSearch #AllAboutCar #carnews #RON95 #BUDI95 #MalaysiaNews #FuelSubsidy",https://www.instagram.com/p/DYPA3uvkqZH/,neutral,2026-05-12T10:04:22.000Z,0,0,0,0,0.0,0,0.0
instagram,post,3895302639256930017,"【大马稳健应对供应链危机 BUDI95助掌控燃油需求】

昌明惠泽RON95汽油补贴计划（BUDI95）是一项有效的需求管理工具，财政部副部长刘镇东指出，这项措施有助政府掌握全国燃油的消费模式，并在全球供应链危机持续及西亚冲突影响下维持长期供应稳定。

他表示，当前首要任务是确保燃油供应能在较长时间内保持稳定，通过清晰沟通与最大限减少燃料消耗之际争取公众支持，以缓解财政压力，维持整体供应韧性。

刘镇东指出，我国目前在相对稳健的状态下进入这场全球危机，经济增长预测仍维持4.5%至5.0%，显示国家经济具韧性，但必须采取更好重建之策，应对可能比预期更长的危机周期。

#刘镇东 #BUDI95 #汽油补贴 #财政部 #经济增长 #全球供应链危机",https://www.instagram.com/p/DYO5Ry5jQbh/,neutral,2026-05-12T08:58:02.000Z,0,0,0,0,0.0,0,0.0
instagram,post,3895247863190344401,"Kerajaan Malaysia terus memperkukuh strategi pengurusan bahan api melalui inisiatif BUDI95 yang disifatkan oleh pihak berkuasa sebagai mekanisme penting dalam mengurus permintaan bahan api secara lebih efisien.

Menurut pembuat dasar, inisiatif ini bertujuan memastikan subsidi lebih bersasar, pengagihan sumber yang lebih baik serta amalan penggunaan tenaga yang lebih mampan demi manfaat rakyat dan ekonomi.

Pendekatan ini mencerminkan usaha berterusan untuk menyeimbangkan kemampuan kos, kecekapan dan kelestarian tenaga jangka panjang. ⚡📊

#Malaysia #DasarTenaga #SubsidiBahanApi #BUDI95 #Ekonomi #Kelestarian #DasarAwam #HalEhwalSemasa #PengurusanTenaga #PembangunanNegara",https://www.instagram.com/p/DYOs0stj1LR/,neutral,2026-05-12T07:09:12.000Z,0,0,0,0,0.0,0,0.0
instagram,post,3895114403574967952,"Subsidi RON95 T20/T15 Mungkin Ditarik Balik

Kerajaan sedang mempertimbangkan untuk menarik balik subsidi petrol RON95 melalui sistem Budi95 bagi golongan berpendapatan tinggi. Cadangan ini masih dalam peringkat penelitian dan belum ada keputusan muktamad.

Apa Yang Sedang Dipertimbangkan:

Perdana Menteri Datuk Seri Anwar Ibrahim mengesahkan cadangan ini telah dikaji hampir sebulan di bawah Majlis Tindakan Ekonomi Negara (MTEN). Kerajaan ingin memastikan pelaksanaannya tidak membebankan golongan pertengahan atasan.

Perkara Penting Yang Perlu Diketahui:

• Kerajaan belum putuskan sama ada melibatkan kumpulan T20 atau T15
• Cadangan ini selaras dengan dasar subsidi bersasar — bantuan hanya untuk yang benar-benar memerlukan 🎯
• Golongan berpendapatan tinggi mungkin perlu bayar harga RON95 tanpa subsidi jika cadangan ini dilaksanakan
• Isu ini hangat selepas Ketua Pemuda UMNO, Datuk Dr. Muhamad Akmal Saleh menggesa pengecualian golongan kaya daripada subsidi petrol
• Rakyat biasa dan golongan bawahan dijangka terus menikmati subsidi sedia ada ⛽

Apa Yang Akan Berlaku Seterusnya:

Kerajaan masih memperhalusi mekanisme terbaik sebelum sebarang pengumuman rasmi dibuat. Perbincangan di peringkat MTEN dijangka berterusan bagi memastikan kaedah pelaksanaan yang paling sesuai dan adil kepada semua pihak.

#CheckSini #Budi95 #SubsidiBersasar",https://www.instagram.com/p/DYOOemwl-6Q/,neutral,2026-05-12T02:44:06.000Z,0,0,0,0,0.0,0,0.0
instagram,post,3895083925700879008,"Economy Ministry clarifies how PADU will use household needs, not just income, for targeted fuel subsidies in Malaysia.

#Malaysia #BUDI95 #RON95",https://www.instagram.com/p/DYOHjGBvCKg/,neutral,2026-05-12T01:44:07.000Z,0,0,0,0,0.0,0,0.0
instagram,post,3895276977305433214,"感恩哦！我感... 政府——知道小市民和家庭的用油情况吗？

99%的小市民都是自己到油站添油，清楚知道自己的用油量。

唯有高官显要，有司机和助理，协助开车添油。添油为了生活，不是炫富。

财政部是想怎样？内阁的立场是什么？

5月10日：首相兼财政部长 Anwar Ibrahim 说，研究取消T20高收入群体燃油补贴，近期内公布最终结果。

5月12日：财政部副部长刘镇东 说，或将BUDI95月度补贴配额减至150公升，因为60%人口的每月燃油消耗量低于150升。

#燃油补贴 #补贴 #燃油 #Budi95 #财政部 #PADU #财政部 #内阁",https://www.instagram.com/p/DYOzcXWDDR-/,neutral,2026-05-12T08:07:03.000Z,0,0,0,0,0.0,0,0.0
instagram,post,3894257896658620376,"Kereta ada depan rumah.

Tapi hari ini, dia tak mampu dibawa.

Bukan sebab rosak.
Bukan sebab malas drive.
Bukan sebab tiba-tiba mahu romantik naik tren pagi-pagi.

Tapi sebab kuota minyak sudah habis, sedangkan kerja tetap kena pergi.

Itu realiti yang ramai orang diamkan.

Ada yang pagi ini keluar lebih awal dari biasa.
Berjalan kaki ke stesen dengan beg berat.
Tunggu bas yang belum tentu datang tepat masa.
Berdiri dalam tren dengan mata mengantuk.
Sampai tempat kerja, pura-pura biasa sahaja.

Padahal dalam kepala sudah kira macam-macam.

Cukup tak duit makan hari ini?
Cukup tak tambang balik nanti?
Kalau anak demam malam ini, macam mana nak keluar?
Kalau ada urusan kecemasan, nak pakai apa?

Orang nampak dia naik pengangkutan awam.
Orang tak nampak kereta yang terpaksa ditinggalkan di rumah.

Orang nampak dia datang kerja macam biasa.
Orang tak nampak dia sudah penat sebelum punch card pun bermula.

Sebab itu jangan cepat gelakkan orang yang tiba-tiba naik bas hari ini.
Jangan sinis pada orang yang mula tumpang kawan.
Jangan perli orang yang berjalan jauh ke stesen.

Kadang-kadang itu bukan pilihan gaya hidup.

Itu tanda seseorang sedang cuba bertahan tanpa mahu menyusahkan orang lain.

Untuk semua pejuang rezeki yang hari ini tinggalkan kereta kerana kuota sudah habis, semoga perjalanan anda dipermudahkan.

Kereta mungkin berehat di rumah hari ini.

Tapi semangat anda tetap bergerak mencari rezeki.

#PublicHealthMalaysia #PejuangRezeki #BUDI95 #PengangkutanAwam",https://www.instagram.com/p/DYLLuyiGM_Y/,neutral,2026-05-10T22:22:19.000Z,0,0,0,0,0.0,0,0.0
instagram,post,3892933180417213932,"Minyak exora

Tangki exora berkapasiti 55 liter. 

Jika dikira untuk penuh 1 tangki dengan harga minyak sekarang rm1.99 x 55 liter = rm109.45.

Pagi ni isi 52.32 liter = rm104.12 untuk guna satu minggu.

Kalau tak guna budi95, kena bayar rm210.33!

Sekali isi dah rm104+. Sebulan, empat kali isi rm416+.

Kalau tak guna budi95, sebulan dah rm840+! 

Kuota 200 liter sebulan ni cukup-cukup untuk kegunaan harian sahaja. 

Kalau hari cuti, perayaan, memang tak cukup. 

Kuota saya sendiri pun cukup-cukup je, ulang alik Kuantan - Raub - Kuantan setiap minggu. 

Nampaknya kena cari alternatif lain. 

#Budi95
#kuotaminyak
#exora

Tak sabar tunggu anak sulung Umar Rayyan  buat lesen dua tahun lagi, nak ""pau"" kuota minyak dia 😌",https://www.instagram.com/p/DYGehoZGYXs/,neutral,2026-05-09T02:30:21.000Z,0,0,0,0,0.0,0,0.0
instagram,post,3892261991104983588,"𝐅𝐔𝐄𝐋 𝐖𝐀𝐓𝐂𝐇: 𝐖𝐄𝐄𝐊𝐋𝐘 𝐔𝐏𝐃𝐀𝐓𝐄 ⛽📈
【𝟕 𝐌𝐚𝐲 𝟐𝟎𝟐𝟔 - 𝟏𝟑 𝐌𝐚𝐲 𝟐𝟎𝟐𝟔】

Meet the fuel-price killer: Chery Tiggo 8 PHEV.
With a massive 𝟏,𝟐𝟎𝟎𝐊𝐌 comprehensive range, this car is designed to keep your wallet heavy and your tank full for longer.

✅ No more Fuel Anxiety.
✅ No more Range Anxiety.

Experience the future of driving at Chery 3S Butterworth today! ⚡️

#CheryButterworth #cherytiggo8phev #Budi95",https://www.instagram.com/p/DYEF6iokTIk/,neutral,2026-05-08T04:16:48.000Z,0,0,0,0,0.0,0,0.0
instagram,post,3890937237340274259,"OPS TIRIS 2026 (BERSEPADU) : PEMERIKSAAN STESEN MINYAK

KUALA LUMPUR, 5 Mei 2026 : Penguatkuasaan telah dijalankan oleh sepasukan anggota KPDN WPKL di beberapa stesen minyak sekitar Parlimen Batu di bawah pelaksanaan Ops Tiris 2026.

Pemeriksaan ini memberi fokus kepada pematuhan larangan penjualan dan pembelian petrol RON95 kepada kenderaan berpendaftaran asing, pelaksanaan penjualan **RON95 (BUDI95)** kepada pengguna yang layak, serta pemantauan penggunaan fleetcard selaras dengan peruntukan undang-undang yang berkuat kuasa.

Hasil pemeriksaan mendapati kesemua premis yang diperiksa berada dalam keadaan patuh dengan lesen yang sah, bekalan mencukupi serta tiada sebarang penyalahgunaan atau pelanggaran dikesan sepanjang operasi dijalankan.

Tindakan tegas akan diambil terhadap mana-mana pihak yang didapati melanggar peraturan.

Sebarang pertanyaan dan aduan boleh disalurkan melalui saluran rasmi KPDN.
🔗 [https://e-aduan.kpdn.gov.my](https://e-aduan.kpdn.gov.my)
📞 Tel: 03-88826088 (KPDN KL)
📲 WhatsApp Aduan: 019-848 8000

#kpdnkualalumpur #KPDNKITA #MalaysiaMadani
#OpsTiris2026 #BUDI95

©️ Unit Media 2026 | KPDN WPKL",https://www.instagram.com/p/DX_Ys1jAb5T/,neutral,2026-05-06T08:24:45.000Z,0,0,0,0,0.0,0,0.0
instagram,post,3890907180162138126,"Seorang pekerja stesen minyak warga Bangladesh didenda RM10,000 oleh Mahkamah Majistret Kuala Lumpur hari ini selepas mengaku memiliki dan menggunakan MyKad milik dua rakyat Malaysia untuk tujuan pembelian petrol bersubsidi Budi MADANI RON95 (BUDI95), bulan lepas. 
Md Jakir Hossain, 50, membuat pengakuan itu selepas kedua-dua pertuduhan dibacakan di hadapan Majistret Aina Azahra Arifin.
Lelaki itu didakwa menggunakan kad pengenalan milik dua individu yang bukan kepunyaannya, tanpa kuasa dan alasan sah bagi tujuan pembelian petrol bersubsidi di sebuah stesen minyak di Jalan Pahang, pada 8 Feb hingga 22 April lepas.
Berita penuh: https://www.bernama.com/bm/jenayah_mahkamah/news.php...
#BernamaNews 
#Subsidi #petrol 
#BUDI95",https://www.instagram.com/p/DX_R3cnlMAO/,neutral,2026-05-06T07:25:02.000Z,0,0,0,0,0.0,0,0.0
instagram,post,3889286106035029336,"🇲🇾 Government Stays Strong Amid Global Economic Uncertainty
Prime Minister Datuk Seri Anwar Ibrahim has assured that the government will continue taking necessary steps to protect the economy and the people as global challenges intensify.
Speaking at the National Labour Day Celebration 2026, PM Anwar highlighted the sharp rise in oil prices and supply disruptions, while reaffirming Malaysia’s commitment to keeping RON95 petrol at RM1.99 per litre under the BUDI95 initiative.
Key announcements:
✅ Additional RM5 billion guarantee for MSMEs via SJPP
✅ RM5 billion SME Stability Facility by Bank Negara Malaysia
✅ Total support: RM10 billion to safeguard businesses and jobs

“We protect the economy, but we also protect our workers — especially those at the bottom,” said PM Anwar. @anwaribrahim_my 

Read More : https://elsky.net/2026/05/04/manchester-united-secure-3-2-victory-over-liverpool-carricks-position-strengthened-slot-under-increasing-pressure/

#HariPekerja2026 #AnwarIbrahim #EkonomiMADANI #MalaysiaBangkit #BUDI95",https://www.instagram.com/p/DX5hRtsFIVY/,neutral,2026-05-04T01:44:15.000Z,0,0,0,0,0.0,0,0.0
instagram,post,3888573819573720725,"Minyak Luar Naik, Sini Tetap RM1.99? Amboi... Syiok Betul Jadi Rakyat Malaysia! ⛽️🤫

Buka berita hari ni, nampak PM Anwar bagi jaminan lagi. Walaupun harga minyak dunia tengah 'menggila' kat luar sana, harga RON95 untuk kita tetap 'beku' kat RM1.99 (bawah BUDI95).
​Tengok gambar ni—siapa yang ada 'payung' BUDI95, dia rileks je. Yang kat luar tu, kena hadap la harga pasaran yang makin tinggi. Inilah namanya Transformasi Kebajikan.
​Dunia tengah pusing, tapi kalau kita pandai cari 'payung' yang betul, kita takkan basah. Sama macam cari Rezeki Baru, kena pandai pilih jalan yang selamat dan menjimatkan.

#BeritaTerkini #RON95 #Budi95 #HargaMinyak #Transformasi MalaysiaMadani PeluangBaru",https://www.instagram.com/p/DX2_UlOk1aV/,neutral,2026-05-03T02:09:06.000Z,0,0,0,0,0.0,0,0.0
instagram,post,3887995667322421839,"拿到补贴别乱来......

👉 点击 BIO 链接，查看完整内容！

#budi95 #大马政府 #补贴",https://www.instagram.com/p/DX073W_AsJP/,neutral,2026-05-02T07:00:06.000Z,0,0,0,0,0.0,0,0.0
instagram,post,3887861818483886070,Hati2 ada kes warga asing berani MINTAK #BUDI95 dah lerni. Sekali ajar beri banyak kali dia akan mintak.,https://www.instagram.com/p/DX0dbmiiUf2/,neutral,2026-05-02T02:34:27.000Z,0,0,0,0,0.0,0,0.0
instagram,post,3886509750556422712,"Mixue tutup 428 cawangan pun, masih untung RM23Billion!!

Boleh baca perkongsian dari FB Muhammad Azmi Jamaludin 

https://www.facebook.com/share/19nswZ9xki/?mibextid=wwXIfr

Adat berniaga, ada untung rugi, ada cabaran!!

Sy mengalami kerugian duit hari ini. Tapi syukurlah dah selesai urus niaganya!!!

Begitulah...hanya mampu merawat duka lara di hati sendiri dengan beli minuman kat Mixue. Dengan RM4.50 dah dapat minuman manis-manis.

#BUDI95 #peguamhartanah #Subsales #fbpro #fyp",https://www.instagram.com/p/DXvqAbKAfI4/,neutral,2026-04-30T05:48:08.000Z,0,0,0,0,0.0,0,0.0
instagram,post,3886426365402120502,"Assalamualaikum Dunia!

Hampir 1 bulan kita telah menjalani hidup, buat kerja seharian kita dengan BUDI95 200Liter. 

Nampaknya kewangan semakin terurus,lebih bersemangat untuk rancang perbelanjaan, lebih cermat. 

Mana tak perlu beli, dah tak beli. Makan-makan pun dah berkurang. Ada berlaku penurunan berat badan!Hahaha. 

Okey, kita kena tahu harga minyak semasa supaya senang nak rancang perjalanan. 

#BUDI95 #wfh #Subsales #peguamhartanah",https://www.instagram.com/p/DXvXDArgYE2/,neutral,2026-04-30T03:02:28.000Z,0,0,0,0,0.0,0,0.0
